Date,SPY,TLT,GLD,EEM,VNQ
2005-01-03,81.38373565673828,44.56044006347656,43.02000045776367,14.562674522399902,22.547876358032227
2005-01-04,80.3892822265625,44.09342956542969,42.7400016784668,14.114307403564453,22.2089900970459
2005-01-05,79.83455657958984,44.329429626464844,42.66999816894531,13.94153118133545,21.470712661743164
2005-01-06,80.24041748046875,44.35954666137695,42.150001525878906,13.932053565979004,21.63612937927246
2005-01-07,80.12544250488281,44.460018157958984,41.84000015258789,13.959029197692871,21.58771324157715
2005-01-10,80.50428009033203,44.53030014038086,41.95000076293945,13.976523399353027,21.519126892089844
2005-01-11,79.94954681396484,44.79143524169922,42.209999084472656,13.950276374816895,21.301279067993164
2005-01-12,80.2133560180664,44.851688385009766,42.599998474121094,14.121601104736328,21.200407028198242
2005-01-13,79.5707015991211,45.28352355957031,42.599998474121094,14.063277244567871,21.200407028198242
2005-01-14,79.9901123046875,45.278507232666016,42.31999969482422,14.314802169799805,21.462650299072266
2005-01-18,80.82222747802734,45.42915725708008,42.31999969482422,14.28928279876709,21.672435760498047
2005-01-19,79.97657012939453,45.55967712402344,42.2599983215332,14.092443466186523,21.692611694335938
2005-01-20,79.489501953125,45.650108337402344,42.25,13.917468070983887,21.62401580810547
2005-01-21,79.00239562988281,45.700321197509766,42.7400016784668,14.107024192810059,21.644189834594727
2005-01-24,78.84685516357422,45.896141052246094,42.77000045776367,14.085152626037598,21.470712661743164
2005-01-25,79.0700912475586,45.46427917480469,42.2400016784668,14.212732315063477,21.06728744506836
2005-01-26,79.30685424804688,45.5496826171875,42.689998626708984,14.420510292053223,21.00273895263672
2005-01-27,79.44214630126953,45.46427917480469,42.619998931884766,14.434362411499023,20.853464126586914
2005-01-28,79.44214630126953,45.92123031616211,42.689998626708984,14.447488784790039,20.8857421875
2005-01-31,79.9360122680664,46.05178451538086,42.220001220703125,14.637763977050781,20.86153793334961
2005-02-01,80.44335174560547,45.97872543334961,42.099998474121094,14.763165473937988,21.014841079711914
2005-02-02,80.68695068359375,46.084571838378906,42.15999984741211,14.809818267822266,21.248821258544922
2005-02-03,80.4771957397461,46.05938720703125,41.68000030517578,14.794511795043945,21.313383102416992
2005-02-04,81.33635711669922,46.69947814941406,41.470001220703125,15.025615692138672,21.603851318359375
2005-02-07,81.22811126708984,47.04725646972656,41.27000045776367,15.073009490966797,21.53122901916504
2005-02-08,81.32284545898438,47.31444549560547,41.2599983215332,15.102161407470703,21.583683013916016
2005-02-09,80.7139892578125,47.4404411315918,41.310001373291016,15.053319931030273,21.72084617614746
2005-02-10,81.00487518310547,46.80032730102539,41.75,15.12623119354248,21.886255264282227
2005-02-11,81.70169830322266,46.770084381103516,42.08000183105469,15.273494720458984,21.95079231262207
2005-02-14,81.64080810546875,46.916229248046875,42.54999923706055,15.382855415344238,21.954832077026367
2005-02-15,81.9452133178711,46.6793327331543,42.58000183105469,15.419304847717285,22.051658630371094
2005-02-16,81.99935913085938,46.502906799316406,42.52000045776367,15.371916770935059,22.180763244628906
2005-02-17,81.33635711669922,46.21052932739258,42.72999954223633,15.346400260925293,22.16462516784668
2005-02-18,81.44464111328125,45.797237396240234,42.75,15.535219192504883,21.97098159790039
2005-02-22,80.2336654663086,45.59563446044922,43.56999969482422,15.478354454040527,21.341615676879883
2005-02-23,80.80870056152344,45.74681854248047,43.41999816894531,15.549803733825684,21.260936737060547
2005-02-24,81.34314727783203,45.64602279663086,43.33000183105469,15.791116714477539,21.277070999145508
2005-02-25,82.1481704711914,45.86780548095703,43.5,16.082006454467773,21.583683013916016
2005-02-28,81.60694122314453,45.37387466430664,43.529998779296875,16.05503273010254,21.523160934448242
2005-03-01,82.01287841796875,45.35969543457031,43.220001220703125,16.100234985351562,21.74908447265625
2005-03-02,81.97230529785156,45.299034118652344,43.25,15.834858894348145,21.603851318359375
2005-03-03,82.00613403320312,45.27375793457031,42.970001220703125,15.878599166870117,21.72084617614746
2005-03-04,83.02764129638672,45.76417922973633,43.380001068115234,16.068151473999023,22.128313064575195
2005-03-07,83.06819915771484,45.94622802734375,43.470001220703125,16.17386245727539,22.233211517333984
2005-03-08,82.7570571899414,45.51139450073242,44.029998779296875,16.050655364990234,22.10814094543457
2005-03-09,81.83699035644531,44.76813507080078,44.02000045776367,15.958795547485352,21.482818603515625
2005-03-10,82.01966094970703,45.0411491394043,44.20000076293945,15.805695533752441,21.62805938720703
2005-03-11,81.44464111328125,44.71249008178711,44.43000030517578,15.716753005981445,21.385997772216797
2005-03-14,81.95201873779297,44.98052978515625,44.029998779296875,15.596467971801758,21.684534072875977
2005-03-15,81.27549743652344,44.697349548339844,44.060001373291016,15.2078857421875,21.656286239624023
2005-03-16,80.58545684814453,44.97040557861328,44.310001373291016,15.078837394714355,21.398094177246094
2005-03-17,80.74779510498047,45.11699295043945,43.81999969482422,15.353690147399902,21.62401580810547
2005-03-18,80.50804901123047,44.8338508605957,43.88999938964844,15.28443431854248,21.547367095947266
2005-03-21,80.20922088623047,44.70745849609375,43.09000015258789,15.063525199890137,21.402135848999023
2005-03-22,79.39425659179688,44.32820510864258,42.650001525878906,14.785036087036133,21.01886749267578
2005-03-23,79.46215057373047,44.54059982299805,42.41999816894531,14.597673416137695,20.982563018798828
2005-03-24,79.55720520019531,44.63161087036133,42.38999938964844,14.58163070678711,21.0250244140625
2005-03-28,79.67269134521484,44.358577728271484,42.540000915527344,14.682242393493652,20.918872833251953
2005-03-29,79.14295959472656,44.621517181396484,42.560001373291016,14.30240535736084,20.927038192749023
2005-03-30,80.26358795166016,44.84398651123047,42.61000061035156,14.62829303741455,21.204648971557617
2005-03-31,80.11416625976562,45.16758346557617,42.81999969482422,14.785036087036133,21.155656814575195
2005-04-01,79.75420379638672,45.319766998291016,42.619998931884766,14.872518539428711,21.167905807495117
2005-04-04,79.89004516601562,45.309661865234375,42.400001525878906,14.905325889587402,21.07401466369629
2005-04-05,80.27032470703125,45.19294738769531,42.45000076293945,14.90168571472168,21.0250244140625
2005-04-06,80.54882049560547,45.35026168823242,42.630001068115234,15.105813980102539,21.135251998901367
2005-04-07,80.98348999023438,44.98488235473633,42.56999969482422,15.258185386657715,21.32713508605957
2005-04-08,80.14127349853516,45.1422119140625,42.689998626708984,15.186009407043457,21.229141235351562
2005-04-11,80.20243072509766,45.385799407958984,42.779998779296875,15.04019546508789,21.24955177307129
2005-04-12,80.61671447753906,45.80701446533203,42.84000015258789,15.229752540588379,21.535341262817383
2005-04-13,79.66592407226562,45.69534683227539,42.900001525878906,14.926466941833496,21.559831619262695
2005-04-14,78.62677764892578,45.624305725097656,42.310001373291016,14.544449806213379,21.35572052001953
2005-04-15,77.52656555175781,46.228233337402344,42.400001525878906,14.238250732421875,21.514923095703125
2005-04-18,77.76423645019531,46.192745208740234,42.689998626708984,14.406656265258789,21.48225975036621
2005-04-19,78.38231658935547,46.639305114746094,43.279998779296875,14.647974014282227,21.588411331176758
2005-04-20,77.28883361816406,46.52256774902344,43.400001525878906,14.30240535736084,21.535341262817383
2005-04-21,78.78980255126953,46.035404205322266,43.189998626708984,14.71431827545166,21.531261444091797
2005-04-22,78.49095153808594,46.42107009887695,43.38999938964844,14.551739692687988,21.698633193969727
2005-04-25,79.00714111328125,46.55813980102539,43.439998626708984,14.82731819152832,21.935428619384766
2005-04-26,78.23963928222656,46.48708724975586,43.63999938964844,14.675680160522461,21.964008331298828
2005-04-27,78.54531860351562,46.64945983886719,43.20000076293945,14.542994499206543,22.135465621948242
2005-04-28,77.56048583984375,46.99457550048828,43.0,14.31115436553955,22.082393646240234
2005-04-29,78.61320495605469,46.91338348388672,43.349998474121094,14.600584030151367,22.3763370513916
2005-05-02,79.05465698242188,46.90318298339844,42.880001068115234,14.697546005249023,22.360002517700195
2005-05-03,79.19048309326172,47.030540466308594,42.7599983215332,14.683696746826172,22.392663955688477
2005-05-04,79.80172729492188,46.61796188354492,42.900001525878906,15.083944320678711,22.413076400756836
2005-05-05,79.77458953857422,46.72494125366211,42.90999984741211,15.163413047790527,22.698854446411133
2005-05-06,79.52326202392578,46.37862014770508,42.52000045776367,15.204239845275879,22.413076400756836
2005-05-09,80.01904296875,46.42443084716797,42.54999923706055,15.218082427978516,22.800926208496094
2005-05-10,79.19048309326172,46.755496978759766,42.63999938964844,14.876160621643066,22.800926208496094
2005-05-11,79.62516784667969,46.898094177246094,42.689998626708984,14.945425987243652,22.813161849975586
2005-05-12,78.74903869628906,47.081459045410156,42.15999984741211,14.690258026123047,22.584545135498047
2005-05-13,78.59278106689453,47.264774322509766,41.95000076293945,14.539346694946289,22.576374053955078
2005-05-16,79.32630920410156,47.20876693725586,41.880001068115234,14.712129592895508,22.682525634765625
2005-05-17,79.8560791015625,47.34120178222656,41.86000061035156,14.715777397155762,22.882570266723633
2005-05-18,80.67787170410156,47.6569709777832,42.04999923706055,15.008849143981934,23.10710906982422
2005-05-19,81.01741790771484,47.534751892089844,41.97999954223633,15.063525199890137,23.41329002380371
2005-05-20,80.9020004272461,47.59075927734375,41.650001525878906,15.025615692138672,23.46229362487793
2005-05-23,81.35022735595703,47.96254348754883,41.619998931884766,15.075193405151367,23.515361785888672
2005-05-24,81.1600570678711,48.09498596191406,41.72999954223633,15.031452178955078,23.188766479492188
2005-05-25,81.09891510009766,47.75883865356445,41.869998931884766,14.923551559448242,22.902982711791992
2005-05-26,81.53359985351562,47.743560791015625,41.689998626708984,15.09123420715332,22.805009841918945
2005-05-27,81.66944885253906,47.79450225830078,41.880001068115234,15.1933012008667,22.92338752746582
2005-05-31,81.14647674560547,48.38530731201172,41.650001525878906,15.062074661254883,23.16427230834961
2005-06-01,81.83921813964844,48.97780990600586,41.529998779296875,15.239954948425293,23.42962646484375
2005-06-02,82.01580810546875,49.095359802246094,42.099998474121094,15.355874061584473,23.34798240661621
2005-06-03,81.60154724121094,48.6915168762207,42.16999816894531,15.276413917541504,23.3520565032959
2005-06-06,81.52678680419922,48.94709777832031,42.47999954223633,15.430240631103516,23.527610778808594
2005-06-07,81.58792877197266,49.33562088012695,42.380001068115234,15.353690147399902,23.72765350341797
2005-06-08,81.43853759765625,49.100467681884766,42.34000015258789,15.295363426208496,23.82563591003418
2005-06-09,81.82562255859375,49.05959701538086,42.27000045776367,15.375556945800781,23.85012435913086
2005-06-10,81.63545227050781,48.507469177246094,42.619998931884766,15.419304847717285,23.801143646240234
2005-06-13,81.89354705810547,48.21609115600586,42.779998779296875,15.480544090270996,23.91136932373047
2005-06-14,82.08374786376953,47.89917755126953,42.599998474121094,15.543967247009277,24.107330322265625
2005-06-15,82.23993682861328,47.98606491088867,42.7400016784668,15.65988540649414,24.1604061126709
2005-06-16,82.45050048828125,48.22632598876953,43.459999084472656,15.799864768981934,24.184894561767578
2005-06-17,82.7559585571289,48.2212028503418,43.630001068115234,15.990148544311523,24.458438873291016
2005-06-20,82.78327178955078,48.13938903808594,43.65999984741211,15.845796585083008,24.438024520874023
2005-06-21,82.83097839355469,48.49214553833008,43.810001373291016,15.769245147705078,24.22980499267578
2005-06-22,82.89918518066406,49.080020904541016,43.720001220703125,15.917972564697266,24.19306182861328
2005-06-23,81.73311614990234,49.02888107299805,44.02000045776367,15.638012886047363,24.107330322265625
2005-06-24,81.13304901123047,49.274295806884766,43.900001525878906,15.583338737487793,24.05834197998047
2005-06-27,81.24893951416016,49.40719985961914,43.90999984741211,15.68175983428955,24.026975631713867
2005-06-28,81.93084716796875,49.069793701171875,43.45000076293945,15.799864768981934,24.146677017211914
2005-06-29,81.71263885498047,48.99313735961914,43.630001068115234,15.70800495147705,24.225086212158203
2005-06-30,81.26943969726562,49.43276596069336,43.439998626708984,15.65988540649414,24.229211807250977
2005-07-01,81.50809478759766,48.83359146118164,42.70000076293945,15.716753005981445,24.43560791015625
2005-07-05,82.16272735595703,48.37194061279297,42.279998779296875,15.786745071411133,24.745174407958984
2005-07-06,81.47400665283203,48.63872146606445,42.25,15.710190773010254,24.683263778686523
2005-07-07,81.79447937011719,48.741275787353516,42.36000061035156,15.756117820739746,24.708038330078125
2005-07-08,82.72870635986328,48.54121398925781,42.2599983215332,15.920158386230469,25.12904167175293
2005-07-11,83.1514892578125,48.54121398925781,42.540000915527344,16.162931442260742,25.434497833251953
2005-07-12,83.36971282958984,48.269386291503906,42.63999938964844,16.355398178100586,25.43036651611328
2005-07-13,83.48561096191406,48.19753646850586,42.349998474121094,16.344463348388672,25.281757354736328
2005-07-14,83.81288146972656,48.074466705322266,41.900001525878906,16.438507080078125,24.860746383666992
2005-07-15,83.76519775390625,48.20267868041992,42.04999923706055,16.34883689880371,24.963953018188477
2005-07-18,83.43106079101562,47.84360122680664,42.0099983215332,16.29853057861328,25.029977798461914
2005-07-19,83.8879165649414,48.01285934448242,41.88999938964844,16.484437942504883,25.219850540161133
2005-07-20,84.17433166503906,48.27448272705078,42.20000076293945,16.48662567138672,25.4427490234375
2005-07-21,83.68338012695312,47.617916107177734,42.459999084472656,16.665973663330078,25.083648681640625
2005-07-22,84.24253845214844,47.98725128173828,42.45000076293945,16.62659454345703,25.281757354736328
2005-07-25,84.00386810302734,47.81281280517578,42.5099983215332,16.482254028320312,25.281757354736328
2005-07-26,84.10613250732422,47.88978958129883,42.25,16.57630157470703,25.562437057495117
2005-07-27,84.41299438476562,47.81281280517578,42.439998626708984,16.665973663330078,25.632619857788086
2005-07-28,84.94488525390625,48.23857498168945,42.75,16.873754501342773,25.991718292236328
2005-07-29,84.37889099121094,47.761531829833984,42.81999969482422,16.86281394958496,25.958702087402344
2005-08-01,84.31753540039062,47.58387756347656,43.130001068115234,17.13838768005371,25.94219398498535
2005-08-02,84.82215118408203,47.42943572998047,43.13999938964844,17.442394256591797,26.127927780151367
2005-08-03,85.04717254638672,47.66117477416992,43.529998779296875,17.398664474487305,26.066024780273438
2005-08-04,84.36527252197266,47.56332778930664,43.68000030517578,17.245561599731445,25.624364852905273
2005-08-05,83.7925033569336,47.19261169433594,43.599998474121094,16.92842674255371,24.73692512512207
2005-08-08,83.6355972290039,47.10509490966797,43.349998474121094,17.044343948364258,23.845355987548828
2005-08-09,84.14020538330078,47.2801399230957,43.34000015258789,17.387725830078125,23.956796646118164
2005-08-10,84.09935760498047,47.22869873046875,43.650001525878906,17.573625564575195,24.187942504882812
2005-08-11,84.43342590332031,47.558143615722656,44.45000076293945,17.475215911865234,24.509891510009766
2005-08-12,83.91519165039062,48.04213333129883,44.4900016784668,17.289304733276367,24.489261627197266
2005-08-15,84.43342590332031,47.91859436035156,44.130001068115234,17.40959358215332,24.720413208007812
2005-08-16,83.33560180664062,48.25322341918945,44.54999923706055,17.107772827148438,24.864879608154297
2005-08-17,83.3287582397461,47.93400573730469,43.90999984741211,17.11870574951172,24.6667537689209
2005-08-18,83.32192993164062,48.289276123046875,43.83000183105469,16.80376434326172,24.50164794921875
2005-08-19,83.51287841796875,48.28413009643555,43.599998474121094,16.73814582824707,24.414958953857422
2005-08-22,83.51287841796875,48.23263931274414,43.70000076293945,16.9459285736084,24.489261627197266
2005-08-23,83.35604858398438,48.45399856567383,43.7599983215332,16.78626251220703,24.592466354370117
2005-08-24,82.61274719238281,48.50038146972656,43.59000015258789,16.567548751831055,24.67913055419922
2005-08-25,82.91281127929688,48.65483474731445,43.72999954223633,16.753456115722656,24.708038330078125
2005-08-26,82.34683227539062,48.639347076416016,43.61000061035156,16.73158836364746,24.4025821685791
2005-08-29,82.98101043701172,48.70113754272461,43.56999969482422,16.91530418395996,24.406702041625977
2005-08-30,82.54459381103516,49.01005935668945,43.0099983215332,16.73814582824707,24.48101043701172
2005-08-31,83.58790588378906,49.42197799682617,43.400001525878906,17.085906982421875,24.906164169311523
2005-09-01,83.52651977539062,49.12439727783203,44.220001220703125,17.322114944458008,25.12904167175293
2005-09-02,83.3764877319336,49.16572189331055,44.25,17.475215911865234,25.062999725341797
2005-09-06,84.35161590576172,48.819549560546875,44.27000045776367,17.693927764892578,25.599597930908203
2005-09-07,84.49486541748047,48.35972595214844,44.33000183105469,17.71579360961914,25.545944213867188
2005-09-08,84.21524047851562,48.41134262084961,44.599998474121094,17.687368392944336,25.380826950073242
2005-09-09,84.96532440185547,48.56637191772461,44.84000015258789,17.947629928588867,25.50878143310547
2005-09-12,84.79483032226562,48.23054885864258,44.88999938964844,17.921388626098633,25.43036651611328
2005-09-13,84.3243179321289,48.48371124267578,44.560001373291016,17.720169067382812,25.236370086669922
2005-09-14,84.0174789428711,48.297706604003906,44.959999084472656,17.65673828125,25.215721130371094
2005-09-15,83.97655487060547,47.89986801147461,45.41999816894531,17.75954246520996,25.22810935974121
2005-09-16,84.57373046875,47.584712982177734,45.81999969482422,18.032934188842773,25.281757354736328
2005-09-19,84.29295349121094,47.688087463378906,46.25,18.00667953491211,25.083648681640625
2005-09-20,83.58077239990234,47.81205749511719,46.22999954223633,18.05479621887207,24.889646530151367
2005-09-21,82.80008697509766,48.25636291503906,47.060001373291016,18.22539520263672,24.340660095214844
2005-09-22,83.09452819824219,48.2098503112793,46.36000061035156,18.043865203857422,24.47275161743164
2005-09-23,83.1630630493164,47.84819793701172,46.279998779296875,18.028553009033203,24.493396759033203
2005-09-26,83.25889587402344,47.63121032714844,46.56999969482422,18.188215255737305,24.68794822692871
2005-09-27,83.23834228515625,47.69838333129883,46.25,18.06792640686035,24.625337600708008
2005-09-28,83.32051086425781,48.018699645996094,46.79999923706055,18.27351188659668,24.387338638305664
2005-09-29,83.99848937988281,47.80170822143555,47.099998474121094,18.595020294189453,24.842437744140625
2005-09-30,84.25872039794922,47.6363525390625,46.70000076293945,18.564407348632812,25.239076614379883
2005-10-03,83.95738220214844,47.26394271850586,46.41999816894531,18.682506561279297,25.163928985595703
2005-10-04,83.0123519897461,47.41958999633789,46.45000076293945,18.507537841796875,24.738059997558594
2005-10-05,81.92353057861328,47.62700271606445,46.36000061035156,17.9454402923584,24.353940963745117
2005-10-06,81.62907409667969,47.44550323486328,47.209999084472656,17.317739486694336,24.320537567138672
2005-10-07,81.90984344482422,47.63744354248047,47.36000061035156,17.746416091918945,24.07002830505371
2005-10-10,81.21815490722656,47.606292724609375,47.369998931884766,17.687368392944336,23.761062622070312
2005-10-11,81.10172271728516,47.50773239135742,47.38999938964844,17.763912200927734,23.65667724609375
2005-10-12,80.46487426757812,47.046085357666016,46.849998474121094,17.219314575195312,23.23080825805664
2005-10-13,80.41694641113281,46.87494659423828,47.02000045776367,17.112150192260742,23.2349853515625
2005-10-14,81.26612091064453,46.802337646484375,46.79999923706055,17.046531677246094,23.773582458496094
2005-10-17,81.56745910644531,46.79192352294922,47.2599983215332,17.234621047973633,23.911365509033203
2005-10-18,80.68400573730469,46.84381103515625,47.0,16.797199249267578,23.681732177734375
2005-10-19,82.02625274658203,46.864559173583984,46.34000015258789,17.12527084350586,23.948938369750977
2005-10-20,80.58128356933594,46.98905563354492,45.97999954223633,16.436323165893555,23.569007873535156
2005-10-21,80.89630889892578,47.42475891113281,46.52000045776367,16.873754501342773,23.794462203979492
2005-10-24,82.14952087402344,47.056495666503906,46.38999938964844,17.32867431640625,24.27878761291504
2005-10-25,81.98513793945312,46.65190887451172,47.060001373291016,16.987478256225586,24.178579330444336
2005-10-26,81.74547576904297,46.309574127197266,46.93000030517578,17.048715591430664,23.932241439819336
2005-10-27,80.87576293945312,46.47553253173828,47.18000030517578,16.644102096557617,23.673383712768555
2005-10-28,82.0399398803711,46.48072814941406,47.220001220703125,17.081525802612305,24.387338638305664
2005-10-31,82.26592254638672,46.56889724731445,46.400001525878906,17.387725830078125,24.512598037719727
2005-11-01,82.512451171875,46.515254974365234,45.72999954223633,17.693927764892578,23.96983528137207
2005-11-02,83.37531280517578,46.29638671875,46.130001068115234,17.967315673828125,24.191120147705078
2005-11-03,83.73141479492188,45.983821868896484,45.959999084472656,17.987003326416016,24.12013053894043
2005-11-04,83.62186431884766,45.910892486572266,45.5099983215332,17.949817657470703,23.98235511779785
2005-11-07,83.70401763916016,46.067176818847656,45.77000045776367,17.962942123413086,24.095073699951172
2005-11-08,83.70401763916016,46.515254974365234,45.90999984741211,17.794530868530273,24.028276443481445
2005-11-09,83.8135986328125,46.03593444824219,46.560001373291016,18.06136703491211,24.29965591430664
2005-11-10,84.46414184570312,46.59858703613281,46.47999954223633,18.08978843688965,24.875852584838867
2005-11-11,84.75177764892578,46.624671936035156,46.79999923706055,18.12916374206543,24.976037979125977
2005-11-14,84.70382690429688,46.275569915771484,46.619998931884766,18.0810489654541,24.95516586303711
2005-11-15,84.39566040039062,46.57778549194336,46.65999984741211,17.978252410888672,24.942628860473633
2005-11-16,84.5668716430664,47.06748580932617,47.779998779296875,18.131351470947266,24.800683975219727
2005-11-17,85.35440826416016,47.182098388671875,48.47999954223633,18.39818572998047,25.209861755371094
2005-11-18,85.68994140625,46.96326446533203,48.459999084472656,18.448484420776367,25.30171012878418
2005-11-21,86.12137603759766,47.103965759277344,48.9900016784668,18.459423065185547,25.42697525024414
2005-11-22,86.49120330810547,47.166465759277344,49.31999969482422,18.450674057006836,25.752628326416016
2005-11-23,86.99109649658203,46.9841423034668,49.150001525878906,18.645328521728516,25.865371704101562
2005-11-25,87.05955505371094,47.15609359741211,49.41999816894531,18.63220977783203,25.953044891357422
2005-11-28,86.4432373046875,47.3905143737793,49.7400016784668,18.51409912109375,25.669124603271484
2005-11-29,86.34737396240234,46.942447662353516,49.79999923706055,18.350065231323242,25.685827255249023
2005-11-30,85.88172149658203,46.890377044677734,49.099998474121094,18.39380645751953,25.531347274780273
2005-12-01,86.7582778930664,46.81709289550781,50.16999816894531,18.874977111816406,25.9029483795166
2005-12-02,86.86782836914062,46.83279800415039,50.31999969482422,18.853103637695312,25.773515701293945
2005-12-05,86.6829605102539,46.62348937988281,50.779998779296875,19.006210327148438,25.6774845123291
2005-12-06,86.84730529785156,47.099674224853516,50.88999938964844,19.181177139282227,25.593975067138672
2005-12-07,86.3405532836914,46.92171859741211,51.31999969482422,18.99964141845703,25.460371017456055
2005-12-08,86.28575134277344,47.22524642944336,51.900001525878906,18.85748291015625,25.65242576599121
2005-12-09,86.51175689697266,46.85375213623047,52.400001525878906,19.049945831298828,25.71922492980957
2005-12-12,86.59391021728516,46.7647819519043,52.560001373291016,19.159299850463867,25.735929489135742
2005-12-13,87.1828384399414,46.937442779541016,51.650001525878906,19.410825729370117,25.861194610595703
2005-12-14,87.52523803710938,47.41888427734375,50.349998474121094,19.281782150268555,25.911293029785156
2005-12-15,87.2718505859375,47.30372619628906,50.2400016784668,19.203044891357422,25.71506118774414
2005-12-16,86.99102783203125,47.46074295043945,50.09000015258789,19.13743782043457,25.80691146850586
2005-12-19,86.54348754882812,47.50782775878906,50.220001220703125,19.093692779541016,25.46871566772461
2005-12-20,86.62612915039062,47.45022201538086,49.040000915527344,19.257734298706055,25.502119064331055
2005-12-21,86.76383972167969,47.366546630859375,49.369998931884766,19.57048988342285,25.656620025634766
2005-12-22,87.21817779541016,47.7432975769043,50.13999938964844,19.574859619140625,25.8027286529541
2005-12-23,87.266357421875,48.03631591796875,50.119998931884766,19.691627502441406,25.89041519165039
2005-12-27,86.37826538085938,48.42881774902344,50.63999938964844,19.472692489624023,25.773366928100586
2005-12-28,86.5710220336914,48.29376220703125,51.470001220703125,19.525768280029297,25.74334144592285
2005-12-29,86.18551635742188,48.39884948730469,51.470001220703125,19.527978897094727,25.610429763793945
2005-12-30,85.7173843383789,48.28850173950195,51.58000183105469,19.516921997070312,25.53752899169922
2006-01-03,87.22506713867188,48.22542953491211,53.119998931884766,20.246732711791992,26.052061080932617
2006-01-04,87.63811492919922,48.34107208251953,53.29999923706055,20.4302921295166,26.245006561279297
2006-01-05,87.69317626953125,48.28322982788086,52.34000015258789,20.534231185913086,26.4465274810791
2006-01-06,88.42293548583984,48.19391632080078,53.720001220703125,20.96327018737793,26.695207595825195
2006-01-09,88.65011596679688,48.22542953491211,54.599998474121094,21.1689453125,26.922466278076172
2006-01-10,88.73959350585938,47.83662414550781,54.060001373291016,20.914613723754883,27.085399627685547
2006-01-11,89.02186584472656,47.75777816772461,54.529998779296875,21.16010284423828,27.128280639648438
2006-01-12,88.67076873779297,48.07830047607422,54.43000030517578,20.86595916748047,27.051082611083984
2006-01-13,88.58814239501953,48.35677719116211,55.439998626708984,20.888072967529297,26.716651916503906
2006-01-17,88.34720611572266,48.57225036621094,55.2599983215332,20.523170471191406,26.609460830688477
2006-01-18,87.99609375,48.55644989013672,54.06999969482422,20.512117385864258,26.605167388916016
2006-01-19,88.33345794677734,48.41460037231445,55.59000015258789,21.17557716369629,26.93960952758789
2006-01-20,86.72250366210938,48.54071044921875,55.20000076293945,20.545289993286133,26.678077697753906
2006-01-23,87.03231048583984,48.52490997314453,55.77000045776367,21.14240837097168,26.798118591308594
2006-01-24,87.12181091308594,48.28850173950195,55.72999954223633,21.474140167236328,26.999629974365234
2006-01-25,87.19750213623047,47.7630500793457,56.13999938964844,21.485200881958008,27.01679801940918
2006-01-26,87.67945861816406,47.55812454223633,55.880001068115234,21.993850708007812,27.10683250427246
2006-01-27,88.49180603027344,47.55812454223633,55.630001068115234,22.245969772338867,27.41126823425293
2006-01-30,88.42293548583984,47.51081466674805,56.68000030517578,22.142026901245117,27.389820098876953
2006-01-31,87.77580261230469,47.64217758178711,56.70000076293945,22.287982940673828,27.462709426879883
2006-02-01,88.3885269165039,47.47926330566406,56.70000076293945,22.276931762695312,27.591341018676758
2006-02-02,87.36274719238281,47.56889724731445,56.97999954223633,21.704143524169922,27.398405075073242
2006-02-03,86.92901611328125,47.90635681152344,56.5,21.407793045043945,27.158288955688477
2006-02-06,87.15621185302734,48.00130081176758,56.720001220703125,21.91644859313965,27.261199951171875
2006-02-07,86.38516235351562,47.77454376220703,54.599998474121094,21.341449737548828,27.04680061340332
2006-02-08,87.16998291015625,47.66383361816406,54.83000183105469,21.407793045043945,26.92674446105957
2006-02-09,87.025390625,47.880008697509766,56.18000030517578,21.463083267211914,27.05538558959961
2006-02-10,87.18379211425781,47.61634063720703,54.790000915527344,21.429908752441406,27.08111000061035
2006-02-13,87.025390625,47.62161636352539,53.720001220703125,20.901342391967773,27.119699478149414
2006-02-14,87.94791412353516,47.452880859375,54.4900016784668,21.429908752441406,27.269771575927734
2006-02-15,88.2577133178711,47.56889724731445,53.7599983215332,21.319324493408203,27.509878158569336
2006-02-16,88.91861724853516,47.579444885253906,54.52000045776367,21.87221336364746,27.694250106811523
2006-02-17,88.67766571044922,47.959110260009766,54.959999084472656,21.843467712402344,27.990089416503906
2006-02-21,88.45735931396484,47.880008697509766,55.119998931884766,21.65105628967285,27.955791473388672
2006-02-22,88.99435424804688,48.206939697265625,55.34000015258789,21.76827621459961,28.26880645751953
2006-02-23,88.86356353759766,48.08567810058594,54.63999938964844,21.761642456054688,28.221637725830078
2006-02-24,89.09073638916016,48.01182556152344,55.63999938964844,21.803665161132812,28.07156753540039
2006-02-27,89.12515258789062,47.93275451660156,55.220001220703125,22.002702713012695,28.075862884521484
2006-02-28,88.27838134765625,48.1700553894043,56.06999969482422,21.429908752441406,27.972949981689453
2006-03-01,89.06315612792969,47.878997802734375,56.099998474121094,22.022607803344727,28.13588523864746
2006-03-02,89.0562973022461,47.545597076416016,56.7400016784668,22.040294647216797,28.101577758789062
2006-03-03,88.64323425292969,47.270469665527344,56.279998779296875,21.673185348510742,27.94721794128418
2006-03-06,88.23705291748047,46.85768508911133,55.22999954223633,21.341449737548828,28.453166961669922
2006-03-07,88.099365234375,46.88947296142578,54.95000076293945,20.58951759338379,28.110149383544922
2006-03-08,88.28528594970703,46.87356948852539,53.970001220703125,20.711151123046875,28.255939483642578
2006-03-09,87.69317626953125,46.88947296142578,54.2400016784668,20.50105857849121,28.487468719482422
2006-03-10,88.52616882324219,46.71484375,53.83000183105469,20.932313919067383,28.744726181030273
2006-03-13,88.69139862060547,46.67779541015625,54.310001373291016,20.910194396972656,28.556079864501953
2006-03-14,89.62080383300781,46.98997116088867,54.869998931884766,21.562597274780273,28.761899948120117
2006-03-15,90.0201187133789,46.73596954345703,55.119998931884766,21.812503814697266,29.30641746520996
2006-03-16,90.20597839355469,47.15932083129883,55.34000015258789,21.61788558959961,29.610858917236328
2006-03-17,90.28131103515625,47.016456604003906,55.119998931884766,21.77048110961914,29.87670135498047
2006-03-20,90.13618469238281,47.09054183959961,55.16999816894531,21.89433479309082,29.373821258544922
2006-03-21,89.56941223144531,46.847129821777344,54.83000183105469,21.4520206451416,29.033124923706055
2006-03-22,90.11544799804688,46.94766616821289,54.75,21.68865203857422,29.09781265258789
2006-03-23,89.9288330078125,46.79948043823242,54.70000076293945,21.487411499023438,29.175437927246094
2006-03-24,89.99797058105469,47.1434440612793,55.709999084472656,21.673185348510742,29.13231658935547
2006-03-27,89.86661529541016,46.96882629394531,56.38999938964844,21.80587387084961,28.795917510986328
2006-03-28,89.31368255615234,46.52962112426758,56.060001373291016,21.407793045043945,29.11506462097168
2006-03-29,89.8735580444336,46.307350158691406,57.06999969482422,21.816930770874023,29.658456802368164
2006-03-30,89.71454620361328,45.98455047607422,58.599998474121094,21.927507400512695,29.231508255004883
2006-03-31,89.73530578613281,45.96870803833008,58.099998474121094,21.89433479309082,29.291881561279297
2006-04-03,89.6661605834961,45.98354721069336,58.470001220703125,22.51356315612793,28.78730010986328
2006-04-04,90.23983764648438,45.93574142456055,58.33000183105469,22.64626121520996,28.58890724182129
2006-04-05,90.5508804321289,45.99951171875,58.65999984741211,22.87847328186035,28.74418067932129
2006-04-06,90.45410919189453,45.6489372253418,59.279998779296875,22.761262893676758,28.627716064453125
2006-04-07,89.53485870361328,45.20273208618164,58.59000015258789,22.414043426513672,28.196468353271484
2006-04-10,89.67310333251953,45.28770446777344,59.599998474121094,22.33664321899414,27.92908477783203
2006-04-11,88.91278839111328,45.44708251953125,59.0099983215332,22.146451950073242,27.860069274902344
2006-04-12,89.0787124633789,45.170860290527344,59.43000030517578,22.274715423583984,27.860069274902344
2006-04-13,88.9612045288086,44.85219192504883,59.5,22.38087272644043,27.493486404418945
2006-04-17,88.92664337158203,45.0168571472168,61.09000015258789,22.64626121520996,27.415864944458008
2006-04-18,90.33662414550781,45.09653091430664,61.849998474121094,23.398181915283203,28.08432388305664
2006-04-19,90.50940704345703,44.820281982421875,63.75,23.541934967041016,28.429349899291992
2006-04-20,90.63385772705078,44.783145904541016,60.959999084472656,23.457897186279297,28.459529876708984
2006-04-21,90.6476058959961,45.043392181396484,63.20000076293945,23.64145851135254,28.463836669921875
2006-04-24,90.48176574707031,45.2239990234375,61.650001525878906,23.33184051513672,28.31722068786621
2006-04-25,90.10853576660156,44.687530517578125,62.779998779296875,23.011165618896484,28.101581573486328
2006-04-26,90.12926483154297,44.61315155029297,63.650001525878906,23.464529037475586,28.01531219482422
2006-04-27,90.564697265625,44.67155075073242,62.959999084472656,23.095205307006836,28.19214630126953
2006-04-28,90.86883544921875,44.70344161987305,65.08999633789062,23.32077980041504,28.295650482177734
2006-05-01,90.12926483154297,44.367488861083984,65.16000366210938,23.314146041870117,27.95494270324707
2006-05-02,90.8066177368164,44.48482131958008,66.55000305175781,23.725494384765625,27.670310974121094
2006-05-03,90.46792602539062,44.3888053894043,66.45999908447266,23.75203514099121,27.722076416015625
2006-05-04,90.7928237915039,44.31414794921875,67.4800033569336,23.984249114990234,28.114519119262695
2006-05-05,91.59456634521484,44.58080291748047,67.98999786376953,24.37127113342285,28.476770401000977
2006-05-08,91.48400115966797,44.60747146606445,67.55999755859375,24.54819679260254,28.601850509643555
2006-05-09,91.66370391845703,44.58080291748047,69.68000030517578,24.57030487060547,28.58890724182129
2006-05-10,91.61524963378906,44.660762786865234,70.37999725341797,24.304914474487305,28.48540687561035
2006-05-11,90.50940704345703,44.442134857177734,71.02999877929688,23.685686111450195,27.959264755249023
2006-05-12,89.32752227783203,44.07417297363281,71.12000274658203,23.066452026367188,27.60561180114746
2006-05-15,89.5072021484375,44.25019073486328,67.41000366210938,22.51356315612793,27.98512840270996
2006-05-16,89.37590789794922,44.58080291748047,68.61000061035156,22.626352310180664,27.877315521240234
2006-05-17,87.67556762695312,44.30348587036133,68.1500015258789,21.8501033782959,27.35548973083496
2006-05-18,87.23322296142578,44.906105041503906,67.45999908447266,21.429908752441406,27.144155502319336
2006-05-19,87.84838104248047,45.02339553833008,65.58000183105469,21.892122268676758,27.208839416503906
2006-05-22,87.17794036865234,45.119422912597656,65.30000305175781,20.86153793334961,27.135530471801758
2006-05-23,86.51443481445312,45.09271240234375,66.37999725341797,20.633750915527344,26.837955474853516
2006-05-24,87.2055892944336,45.114051818847656,64.05999755859375,20.490001678466797,26.881084442138672
2006-05-25,88.28382873535156,44.93808364868164,64.69999694824219,21.361352920532227,27.385663986206055
2006-05-26,88.73310089111328,44.906105041503906,65.0999984741211,21.297212600708008,27.713430404663086
2006-05-30,87.15718841552734,44.8847541809082,65.11000061035156,20.379417419433594,27.484848022460938
2006-05-31,88.13175964355469,44.61811447143555,64.2300033569336,20.722209930419922,27.53231430053711
2006-06-01,88.97500610351562,44.817264556884766,62.560001373291016,21.14682388305664,28.03689193725586
2006-06-02,89.16160583496094,45.39552307128906,63.5,21.36355972290039,28.360334396362305
2006-06-05,87.86222076416016,45.33665466308594,63.290000915527344,20.456825256347656,28.498350143432617
2006-06-06,87.64794158935547,45.55077362060547,62.54999923706055,20.306440353393555,28.15764808654785
2006-06-07,86.9913330078125,45.56144714355469,62.279998779296875,19.859708786010742,28.35602378845215
2006-06-08,86.91532897949219,45.65248107910156,60.90999984741211,19.505859375,28.295650482177734
2006-06-09,86.63885498046875,45.893409729003906,60.45000076293945,19.251529693603516,28.481090545654297
2006-06-12,85.69886016845703,45.93084716796875,60.029998779296875,18.534988403320312,28.140392303466797
2006-06-13,84.70352172851562,45.963035583496094,55.91999816894531,18.123645782470703,27.851451873779297
2006-06-14,85.36015319824219,45.502567291259766,55.619998931884766,18.64335823059082,27.61425018310547
2006-06-15,87.17101287841797,45.24021530151367,57.31999969482422,19.729228973388672,28.19214630126953
2006-06-16,86.5357894897461,45.13854217529297,57.68000030517578,19.616437911987305,28.136079788208008
2006-06-19,85.85548400878906,45.07429504394531,56.36000061035156,18.886625289916992,27.941999435424805
2006-06-20,86.14704132080078,44.99931716918945,57.29999923706055,19.118839263916016,27.795372009277344
2006-06-21,86.78572845458984,45.01002883911133,58.33000183105469,19.738067626953125,28.11882209777832
2006-06-22,86.40388488769531,44.75304412841797,57.72999954223633,19.384225845336914,27.920442581176758
2006-06-23,86.39004516601562,44.662025451660156,57.9900016784668,19.351057052612305,27.709129333496094
2006-06-26,86.7718505859375,44.57633590698242,58.279998779296875,19.351057052612305,28.004642486572266
2006-06-27,86.02210235595703,44.795841217041016,57.68000030517578,18.98615074157715,27.974136352539062
2006-06-28,86.60523223876953,44.5602912902832,57.540000915527344,19.581052780151367,28.056949615478516
2006-06-29,88.35469818115234,44.7102165222168,59.52000045776367,20.74432373046875,28.68024444580078
2006-06-30,88.36164855957031,45.143863677978516,61.22999954223633,20.766441345214844,28.89818000793457
2006-07-03,88.72265625,45.099266052246094,62.18000030517578,21.22644805908203,29.43427848815918
2006-07-05,88.2158432006836,44.739139556884766,62.5,20.56740379333496,29.386350631713867
2006-07-06,88.47272491455078,45.01325607299805,63.02000045776367,20.987598419189453,29.456092834472656
2006-07-07,87.89651489257812,45.303531646728516,62.630001068115234,20.58951759338379,29.33405113220215
2006-07-10,88.06311798095703,45.34648895263672,62.02000045776367,20.755382537841797,29.565059661865234
2006-07-11,88.4518814086914,45.49161911010742,63.810001373291016,20.85490608215332,29.613000869750977
2006-07-12,87.50775146484375,45.502384185791016,64.91999816894531,20.390480041503906,29.691452026367188
2006-07-13,86.08454895019531,45.679725646972656,65.55000305175781,19.583263397216797,29.29046630859375
2006-07-14,85.75130462646484,45.706573486328125,65.8499984741211,19.682783126831055,28.889455795288086
2006-07-17,85.62637329101562,45.77647399902344,63.95000076293945,19.3731632232666,28.889455795288086
2006-07-18,86.06373596191406,45.38412857055664,62.900001525878906,19.64297866821289,29.3253173828125
2006-07-19,87.25782012939453,45.8140754699707,64.02999877929688,20.85490608215332,29.778640747070312
2006-07-20,86.66078186035156,45.948448181152344,62.540000915527344,20.255573272705078,29.534557342529297
2006-07-21,86.04987335205078,45.8624267578125,61.709999084472656,19.861915588378906,29.05073356628418
2006-07-24,87.6187973022461,45.83558654785156,61.13999938964844,20.755382537841797,29.530183792114258
2006-07-25,87.93122863769531,45.70121765136719,61.54999923706055,20.8106689453125,29.682737350463867
2006-07-26,88.04927062988281,45.86785888671875,62.0,20.722209930419922,29.787357330322266
2006-07-27,87.96591186523438,45.79795837402344,62.900001525878906,21.007503509521484,29.691452026367188
2006-07-28,88.84758758544922,46.06134033203125,63.11000061035156,21.458662033081055,30.12297248840332
2006-07-31,88.7573471069336,46.12045669555664,63.15999984741211,21.252981185913086,30.022727966308594
2006-08-01,88.31999206542969,46.11614990234375,64.31999969482422,20.910194396972656,29.865808486938477
2006-08-02,88.91702270507812,46.28879165649414,64.75,21.186635971069336,29.809144973754883
2006-08-03,89.15306091308594,46.29959487915039,64.12000274658203,21.16452407836914,30.09245491027832
2006-08-04,89.00032806396484,46.58017349243164,64.27999877929688,21.208757400512695,30.567548751831055
2006-08-07,88.79206848144531,46.607177734375,64.5,21.07605743408203,30.266817092895508
2006-08-08,88.4518814086914,46.504669189453125,63.970001220703125,21.07605743408203,29.817873001098633
2006-08-09,88.15338897705078,46.35358428955078,64.62999725341797,21.15567398071289,29.634796142578125
2006-08-10,88.42412567138672,46.283416748046875,63.25,21.372407913208008,29.656591415405273
2006-08-11,88.17418670654297,46.08375549316406,62.709999084472656,21.113658905029297,29.473535537719727
2006-08-14,88.24360656738281,46.00282287597656,62.25,21.197690963745117,29.756826400756836
2006-08-15,89.298828125,46.39134216308594,62.0099983215332,21.717411041259766,30.096818923950195
2006-08-16,90.0416488647461,46.70431900024414,62.4900016784668,21.929716110229492,30.153467178344727
2006-08-17,90.27078247070312,46.68813705444336,61.029998779296875,21.96067237854004,30.10990333557129
2006-08-18,90.72897338867188,46.823055267333984,61.040000915527344,21.752798080444336,30.24501609802246
2006-08-21,90.34019470214844,46.990318298339844,62.439998626708984,21.640005111694336,30.419361114501953
2006-08-22,90.333251953125,47.006534576416016,62.04999923706055,21.633371353149414,30.63294219970703
2006-08-23,90.08332061767578,47.02809524536133,61.83000183105469,21.241924285888672,30.39757537841797
2006-08-24,90.00695037841797,47.11445617675781,61.75,21.184423446655273,30.515241622924805
2006-08-25,90.11805725097656,47.184566497802734,61.77000045776367,21.2441349029541,30.49346160888672
2006-08-28,90.5484619140625,47.22776412963867,61.0,21.485200881958008,30.85523223876953
2006-08-29,90.6526107788086,47.292518615722656,60.939998626708984,21.558176040649414,30.859601974487305
2006-08-30,90.70816802978516,47.416629791259766,61.41999816894531,21.65105628967285,31.042659759521484
2006-08-31,90.69425201416016,47.52995300292969,62.290000915527344,21.58913803100586,31.068803787231445
2006-09-01,91.2357406616211,47.54620361328125,62.13999938964844,21.8301944732666,30.89009666442871
2006-09-05,91.4093017578125,47.24821090698242,63.36000061035156,21.949623107910156,31.203927993774414
2006-09-06,90.6039810180664,47.18321990966797,62.86000061035156,21.319324493408203,31.05573081970215
2006-09-07,90.1875,47.275333404541016,61.25,21.07605743408203,30.80292510986328
2006-09-08,90.4443359375,47.313262939453125,60.63999938964844,21.248559951782227,31.094961166381836
2006-09-11,90.53458404541016,47.26991653442383,58.5,20.790769577026367,31.195222854614258
2006-09-12,91.42318725585938,47.50825881958008,58.31999969482422,21.14682388305664,31.596210479736328
2006-09-13,91.79115295410156,47.529903411865234,58.619998931884766,21.463083267211914,31.77492904663086
2006-09-14,91.79808044433594,47.421607971191406,57.189998626708984,21.28615379333496,31.604928970336914
2006-09-15,92.01353454589844,47.38370895385742,57.400001525878906,21.41221809387207,31.85772132873535
2006-09-18,92.13905334472656,47.30781555175781,58.22999954223633,21.653276443481445,31.63107681274414
2006-09-19,91.908935546875,47.8387336730957,56.91999816894531,21.319324493408203,31.866443634033203
2006-09-20,92.39705657958984,47.9091682434082,57.2599983215332,21.757211685180664,31.796693801879883
2006-09-21,91.95076751708984,48.348018646240234,57.95000076293945,21.22644805908203,31.443655014038086
2006-09-22,91.67188262939453,48.58639907836914,58.5,20.956640243530273,31.526473999023438
2006-09-25,92.37613677978516,48.92770004272461,58.5,21.199907302856445,31.57399559020996
2006-09-26,93.14314270019531,48.7218132019043,58.7400016784668,21.449810028076172,31.499189376831055
2006-09-27,93.25470733642578,48.58097839355469,59.810001373291016,21.401161193847656,31.776386260986328
2006-09-28,93.2198486328125,48.49972152709961,59.790000915527344,21.57366371154785,31.710397720336914
2006-09-29,93.14314270019531,48.440147399902344,59.470001220703125,21.401161193847656,31.679588317871094
2006-10-02,92.79450225830078,48.5728645324707,59.150001525878906,21.36577033996582,31.617998123168945
2006-10-03,92.98970031738281,48.507591247558594,57.11000061035156,21.07605743408203,31.925983428955078
2006-10-04,94.07747650146484,48.861141204833984,56.369998931884766,21.640005111694336,32.295597076416016
2006-10-05,94.2587661743164,48.51842498779297,56.91999816894531,21.927507400512695,32.50678253173828
2006-10-06,94.14027404785156,48.012630462646484,56.9900016784668,21.87221336364746,32.30438995361328
2006-10-09,94.196044921875,48.14316177368164,57.20000076293945,21.790390014648438,32.489200592041016
2006-10-10,94.32154083251953,47.76240158081055,57.0,21.98721694946289,32.49357604980469
2006-10-11,94.20995330810547,47.62095260620117,56.880001068115234,21.87000274658203,32.3703727722168
2006-10-12,95.02584075927734,47.64817810058594,57.4900016784668,22.402984619140625,32.66516876220703
2006-10-13,95.26986694335938,47.40882873535156,58.56999969482422,22.53568458557129,33.039180755615234
2006-10-16,95.4162826538086,47.62095260620117,59.16999816894531,22.597610473632812,33.10955810546875
2006-10-17,95.11646270751953,47.65904235839844,58.650001525878906,22.301252365112305,32.999568939208984
2006-10-18,95.24198913574219,47.75697326660156,58.59000015258789,22.520193099975586,33.166778564453125
2006-10-19,95.39537811279297,47.66996383666992,59.40999984741211,22.61971664428711,33.08757019042969
2006-10-20,95.4162826538086,47.62095260620117,58.779998779296875,22.51356315612793,33.043575286865234
2006-10-23,95.8555679321289,47.430641174316406,57.7599983215332,22.4936580657959,33.241573333740234
2006-10-24,96.14147186279297,47.430641174316406,58.16999816894531,22.621932983398438,33.069976806640625
2006-10-25,96.46918487548828,47.80591583251953,58.7599983215332,22.885099411010742,33.23716735839844
2006-10-26,96.76903533935547,48.115970611572266,59.290000915527344,22.940401077270508,33.56715774536133
2006-10-27,96.16242980957031,48.33897399902344,59.400001525878906,22.55780792236328,33.34275436401367
2006-10-30,96.09265899658203,48.474918365478516,59.900001525878906,22.480390548706055,33.531959533691406
2006-10-31,96.07870483398438,48.850250244140625,60.2400016784668,22.91164779663086,33.58916473388672
2006-11-01,95.43022155761719,49.12053680419922,61.36000061035156,22.681642532348633,33.32957077026367
2006-11-02,95.37445068359375,48.91851806640625,61.91999816894531,22.75241470336914,32.69599151611328
2006-11-03,95.20708465576172,48.33967590332031,62.29999923706055,22.823179244995117,32.335182189941406
2006-11-06,96.2808837890625,48.481685638427734,61.88999938964844,23.36501121520996,32.63437271118164
2006-11-07,96.65045166015625,48.705528259277344,62.040000915527344,23.265493392944336,32.277984619140625
2006-11-08,96.85963439941406,48.880271911621094,61.11000061035156,23.325199127197266,32.387996673583984
2006-11-09,96.35066223144531,48.853004455566406,62.95000076293945,23.404821395874023,32.436378479003906
2006-11-10,96.3924560546875,49.065940856933594,62.4900016784668,23.437992095947266,32.568382263183594
2006-11-13,96.62957763671875,49.055023193359375,62.189998626708984,23.51761245727539,32.64756774902344
2006-11-14,97.354736328125,49.2461051940918,61.630001068115234,23.884727478027344,33.061187744140625
2006-11-15,97.63365173339844,49.06045913696289,61.84000015258789,23.928958892822266,33.10078430175781
2006-11-16,97.88462829589844,48.836605072021484,61.310001373291016,23.687902450561523,33.32516860961914
2006-11-17,97.91254425048828,49.11506652832031,61.779998779296875,23.661361694335938,33.19757080078125
2006-11-20,97.96836853027344,49.19151306152344,61.77000045776367,23.568477630615234,34.3459587097168
2006-11-21,98.06593322753906,49.3116340637207,62.27000045776367,23.944438934326172,34.900352478027344
2006-11-22,98.26123046875,49.3935432434082,62.5,24.112516403198242,35.054351806640625
2006-11-24,97.8637466430664,49.48092269897461,63.5,24.108091354370117,35.203941345214844
2006-11-27,96.5179672241211,49.66111373901367,63.70000076293945,23.652515411376953,34.2535514831543
2006-11-28,96.93638610839844,49.76488494873047,63.56999969482422,23.789627075195312,34.3459587097168
2006-11-29,97.94742584228516,49.6501579284668,63.15999984741211,24.174442291259766,34.82996368408203
2006-11-30,97.98932647705078,49.97777557373047,64.38999938964844,24.282806396484375,35.19515609741211
2006-12-01,97.77314758300781,50.1049919128418,64.12000274658203,24.18328857421875,35.1291389465332
2006-12-04,98.5191421508789,50.19265365600586,64.12000274658203,24.68752098083496,35.5383415222168
2006-12-05,98.94453430175781,49.956993103027344,63.810001373291016,25.118770599365234,35.26555252075195
2006-12-06,98.8608627319336,49.85832214355469,62.689998626708984,24.946273803710938,35.06754684448242
2006-12-07,98.42858123779297,49.819942474365234,62.72999954223633,24.857805252075195,34.851966857910156
2006-12-08,98.60983276367188,49.45823287963867,62.04999923706055,24.747220993041992,34.966346740722656
2006-12-11,98.89571380615234,49.671974182128906,62.56999969482422,24.758291244506836,35.0455436706543
2006-12-12,98.8190689086914,49.77608108520508,62.52000045776367,24.459735870361328,34.887149810791016
2006-12-13,98.92359161376953,49.33218002319336,62.47999954223633,24.592418670654297,34.70674514770508
2006-12-14,99.7951889038086,49.151309967041016,62.119998931884766,25.012619018554688,34.733154296875
2006-12-15,99.80432891845703,49.178714752197266,61.0,25.123199462890625,34.47355270385742
2006-12-18,99.53089141845703,49.19512176513672,61.040000915527344,24.94847869873047,34.257965087890625
2006-12-19,99.72018432617188,49.12940979003906,61.79999923706055,24.79146957397461,33.967559814453125
2006-12-20,99.66412353515625,49.12390899658203,61.619998931884766,25.0657901763916,34.32396697998047
2006-12-21,99.29946899414062,49.370540618896484,61.380001068115234,25.020923614501953,34.042354583740234
2006-12-22,98.68946838378906,48.99234390258789,61.650001525878906,25.110647201538086,33.74355697631836
2006-12-26,99.27147674560547,49.14032745361328,61.97999954223633,25.34391975402832,33.98582458496094
2006-12-27,99.92353820800781,48.7790412902832,62.220001220703125,25.705053329467773,34.29090881347656
2006-12-28,99.71321868896484,48.66905212402344,62.900001525878906,25.65569305419922,34.38514709472656
2006-12-29,99.29946899414062,48.63056564331055,63.209999084472656,25.608596801757812,34.546661376953125
2007-01-03,99.12420654296875,48.976993560791016,62.279998779296875,25.826171875,34.60051345825195
2007-01-04,99.33454895019531,49.274009704589844,61.650001525878906,25.469526290893555,34.645362854003906
2007-01-05,98.54224395751953,49.05945587158203,60.16999816894531,24.724843978881836,34.00377655029297
2007-01-08,98.99800872802734,49.147499084472656,60.47999954223633,24.90428352355957,34.05312728881836
2007-01-09,98.91385650634766,49.147499084472656,60.849998474121094,24.34801483154297,34.48382568359375
2007-01-10,99.24340057373047,48.927494049072266,60.59000015258789,24.291940689086914,34.928009033203125
2007-01-11,99.67811584472656,48.641536712646484,60.630001068115234,24.5992374420166,35.38114929199219
2007-01-12,100.43538665771484,48.416080474853516,62.16999816894531,25.09942054748535,35.49333190917969
2007-01-16,100.23909759521484,48.520538330078125,61.970001220703125,25.189151763916016,35.995819091796875
2007-01-17,100.28116607666016,48.372093200683594,62.63999938964844,25.083724975585938,35.982357025146484
2007-01-18,99.94452667236328,48.520538330078125,62.2599983215332,24.819049835205078,35.9374885559082
2007-01-19,100.14089965820312,48.388587951660156,63.0,25.26540756225586,36.29642105102539
2007-01-22,99.83242797851562,48.50407409667969,62.720001220703125,25.23625373840332,35.991329193115234
2007-01-23,100.1268539428711,48.185089111328125,64.2300033569336,25.810466766357422,36.16182327270508
2007-01-24,100.9332275390625,48.17961883544922,64.33000183105469,26.034767150878906,36.63291931152344
2007-01-25,99.74820709228516,47.83313751220703,64.05999755859375,25.234004974365234,36.85723114013672
2007-01-26,99.6571273803711,47.794639587402344,64.16999816894531,25.388774871826172,36.97836685180664
2007-01-29,99.60101318359375,47.69013977050781,63.77000045776367,25.05232048034668,37.09952926635742
2007-01-30,100.1198501586914,47.74518585205078,64.22000122070312,25.44036865234375,37.283470153808594
2007-01-31,100.79299926757812,48.146610260009766,64.83000183105469,25.637758255004883,37.57957458496094
2007-02-01,101.39596557617188,48.08864212036133,65.22000122070312,25.95177459716797,37.72763442993164
2007-02-02,101.53620147705078,48.14940643310547,64.27999877929688,25.87327766418457,37.79492950439453
2007-02-05,101.56430053710938,48.21564865112305,64.30999755859375,25.897939682006836,37.79492950439453
2007-02-06,101.5923080444336,48.480682373046875,64.79000091552734,26.153648376464844,38.35125732421875
2007-02-07,101.81668853759766,48.62421417236328,64.62999725341797,26.052711486816406,39.154354095458984
2007-02-08,101.6834945678711,48.66283416748047,65.5199966430664,25.913644790649414,38.853763580322266
2007-02-09,100.92622375488281,48.386783599853516,66.12000274658203,25.604116439819336,38.40512466430664
2007-02-12,100.5826416015625,48.27638244628906,65.66999816894531,25.42914581298828,37.70969772338867
2007-02-13,101.43106842041016,48.171451568603516,65.83999633789062,25.83289909362793,38.44099807739258
2007-02-14,102.09716796875,48.629756927490234,66.37000274658203,26.389177322387695,38.16730880737305
2007-02-15,102.2303695678711,48.77333450317383,66.41000366210938,26.404874801635742,38.449981689453125
2007-02-16,102.18131256103516,48.94448471069336,66.36000061035156,26.465429306030273,38.35125732421875
2007-02-20,102.3986587524414,49.054908752441406,65.30999755859375,26.534961700439453,38.64739227294922
2007-02-21,102.35658264160156,48.97209167480469,67.3499984741211,26.61346435546875,38.521759033203125
2007-02-22,102.2794418334961,48.70707702636719,67.1500015258789,26.546184539794922,38.31537628173828
2007-02-23,101.87979888916016,49.054908752441406,67.72000122070312,26.35551643371582,37.64687728881836
2007-02-26,101.78861236572266,49.3807373046875,68.0999984741211,26.344303131103516,37.45845031738281
2007-02-27,97.8130111694336,50.00468444824219,65.41000366210938,24.202220916748047,36.29642105102539
2007-02-28,98.81571197509766,49.778297424316406,66.4800033569336,24.807842254638672,36.56562423706055
2007-03-01,98.52120208740234,49.74668502807617,65.81999969482422,24.451190948486328,36.19771194458008
2007-03-02,97.23102569580078,49.99615478515625,63.709999084472656,24.224653244018555,35.62342834472656
2007-03-05,96.30550384521484,50.07925796508789,62.93000030517578,23.603342056274414,34.23708724975586
2007-03-06,97.95326232910156,49.92955780029297,64.1500015258789,24.63961410522461,35.49333190917969
2007-03-07,97.85507202148438,50.1236457824707,64.30000305175781,24.48932647705078,34.995304107666016
2007-03-08,98.68246459960938,50.07925796508789,64.4800033569336,25.121864318847656,35.556114196777344
2007-03-09,98.71052551269531,49.55268096923828,64.25,25.166719436645508,36.0272216796875
2007-03-12,98.8577651977539,49.74668502807617,64.37000274658203,25.290090560913086,36.20667266845703
2007-03-13,96.93653106689453,50.0460090637207,63.720001220703125,24.554384231567383,35.3542366027832
2007-03-14,97.65876770019531,49.81874465942383,63.939998626708984,24.756244659423828,35.52473068237305
2007-03-15,97.7919921875,49.81318283081055,63.97999954223633,24.95811653137207,35.843284606933594
2007-03-16,97.51814270019531,49.802127838134766,64.62000274658203,24.745025634765625,35.443965911865234
2007-03-19,98.69375610351562,49.6967887878418,64.73999786376953,25.287843704223633,35.798397064208984
2007-03-20,99.23578643798828,49.7244987487793,65.2699966430664,25.453826904296875,35.94198989868164
2007-03-21,100.86894226074219,49.74668502807617,65.81999969482422,26.216445922851562,36.37717819213867
2007-03-22,100.79151153564453,49.353145599365234,65.76000213623047,26.10430335998535,36.41306686401367
2007-03-23,100.93936157226562,49.214576721191406,65.1500015258789,26.225421905517578,36.43548583984375
2007-03-26,100.80560302734375,49.27552795410156,65.83999633789062,26.2097225189209,35.85202407836914
2007-03-27,100.56623840332031,49.192405700683594,65.69999694824219,26.093090057373047,35.47749328613281
2007-03-28,99.83415222167969,49.09263610839844,66.05000305175781,25.626541137695312,35.24283218383789
2007-03-29,99.93975067138672,49.026119232177734,65.6500015258789,26.135704040527344,35.30150604248047
2007-03-30,99.96086883544922,48.931880950927734,65.73999786376953,26.131216049194336,35.806907653808594
2007-04-02,100.0734634399414,49.01311111450195,65.8499984741211,26.3106632232666,36.032527923583984
2007-04-03,101.15052032470703,48.95185089111328,65.83000183105469,26.741317749023438,36.34839630126953
2007-04-04,101.26322174072266,49.002017974853516,66.80999755859375,26.909542083740234,36.16791534423828
2007-04-05,101.53768157958984,48.818416595458984,66.86000061035156,26.934228897094727,36.13182067871094
2007-04-09,101.67847442626953,48.4957160949707,66.52999877929688,27.0889949798584,36.199501037597656
2007-04-10,101.79813385009766,48.64036560058594,67.16000366210938,27.21685218811035,36.34839630126953
2007-04-11,101.38282775878906,48.607025146484375,67.08000183105469,26.96562385559082,35.806907653808594
2007-04-12,101.83338165283203,48.618141174316406,66.98999786376953,27.416461944580078,35.563228607177734
2007-04-13,102.29796600341797,48.4678840637207,67.83999633789062,27.55105209350586,35.964847564697266
2007-04-16,103.2694091796875,48.73494338989258,68.4000015258789,27.878530502319336,36.009979248046875
2007-04-17,103.5439453125,49.00756072998047,68.0,27.728254318237305,36.47926712036133
2007-04-18,103.67070007324219,49.252323150634766,68.37999725341797,27.521894454956055,36.253639221191406
2007-04-19,103.64251708984375,49.16889572143555,67.52999877929688,27.299837112426758,36.009979248046875
2007-04-20,104.62100219726562,49.04090118408203,68.69999694824219,27.625062942504883,36.280731201171875
2007-04-23,104.22676849365234,49.21894073486328,68.26000213623047,27.515165328979492,36.68686294555664
2007-04-24,104.26902770996094,49.40254592895508,67.7300033569336,27.510677337646484,36.43865966796875
2007-04-25,105.22637939453125,49.2301025390625,67.88999938964844,27.851619720458984,36.416099548339844
2007-04-26,105.34605407714844,48.87401580810547,66.87000274658203,27.777597427368164,36.43865966796875
2007-04-27,105.26158142089844,48.86289596557617,67.55999755859375,27.638525009155273,36.34839630126953
2007-04-30,104.38868713378906,49.37472152709961,67.08999633789062,27.104692459106445,35.76176834106445
2007-05-01,104.65618896484375,49.41048812866211,66.69000244140625,27.212352752685547,35.450408935546875
2007-05-02,105.26860809326172,49.38256072998047,66.66000366210938,27.7529296875,35.73019027709961
2007-05-03,105.83880615234375,49.27090072631836,67.48999786376953,27.98619842529297,35.82495880126953
2007-05-04,106.24009704589844,49.47193145751953,68.19000244140625,27.97722816467285,35.51360321044922
2007-05-07,106.26119995117188,49.60590362548828,68.25,28.15891456604004,35.61286926269531
2007-05-08,106.12041473388672,49.49424362182617,67.87999725341797,27.793292999267578,35.378211975097656
2007-05-09,106.40900421142578,49.29880905151367,67.44999694824219,28.24190330505371,35.76176834106445
2007-05-10,105.29679870605469,49.416015625,66.0,27.55105209350586,35.28345489501953
2007-05-11,106.19786071777344,49.24297332763672,66.44999694824219,28.250886917114258,35.76176834106445
2007-05-14,105.9655532836914,49.11454772949219,66.27999877929688,27.970497131347656,35.558719635009766
2007-05-15,105.99370574951172,49.097747802734375,66.54000091552734,28.0041446685791,35.017215728759766
2007-05-16,106.71874237060547,49.06428146362305,65.5999984741211,28.410139083862305,34.584007263183594
2007-05-17,106.5075912475586,48.8632698059082,65.05999755859375,28.306943893432617,33.983848571777344
2007-05-18,107.43678283691406,48.5394401550293,65.5199966430664,28.45274543762207,33.640899658203125
2007-05-21,107.38044738769531,48.684593200683594,65.66999816894531,28.504337310791016,33.776268005371094
2007-05-22,107.29606628417969,48.43327713012695,65.19999694824219,28.508831024169922,34.27717208862305
2007-05-23,107.31010437011719,48.293704986572266,65.54000091552734,28.463970184326172,34.015419006347656
2007-05-24,106.33863067626953,48.3383903503418,64.75,27.779844284057617,33.44684982299805
2007-05-25,106.78215789794922,48.22673797607422,64.94000244140625,28.206012725830078,33.636375427246094
2007-05-29,107.16927337646484,48.221134185791016,65.06999969482422,28.109560012817383,34.83671569824219
2007-05-30,108.04220581054688,48.32166290283203,64.72000122070312,28.39667320251465,35.77080535888672
2007-05-31,107.92958068847656,48.232303619384766,65.54000091552734,28.4774227142334,35.62641906738281
2007-06-01,108.46456146240234,47.97890090942383,66.44000244140625,29.18845558166504,35.67605209350586
2007-06-04,108.47867584228516,48.19753646850586,66.54000091552734,29.058366775512695,35.8204345703125
2007-06-05,108.04927062988281,47.89481735229492,66.37000274658203,28.957443237304688,35.251869201660156
2007-06-06,106.88768005371094,47.87238311767578,66.41000366210938,28.22844696044922,35.01271057128906
2007-06-07,104.9588851928711,47.0147705078125,65.26000213623047,27.793292999267578,33.91165542602539
2007-06-08,106.3245620727539,46.97549057006836,64.22000122070312,28.28452491760254,34.31777572631836
2007-06-11,106.5075912475586,46.84097671508789,64.69999694824219,28.52676773071289,33.80335235595703
2007-06-12,105.34605407714844,46.16268539428711,64.0999984741211,28.03105354309082,33.21670913696289
2007-06-13,106.9229507446289,46.71206283569336,64.52999877929688,28.59181785583496,33.95225143432617
2007-06-14,107.60576629638672,46.59434509277344,64.5999984741211,29.04041862487793,33.58673858642578
2007-06-15,108.21794891357422,46.913822174072266,64.8499984741211,29.70210838317871,33.95677185058594
2007-06-18,108.09072875976562,46.81855773925781,64.94999694824219,29.729036331176758,33.433319091796875
2007-06-19,108.3593978881836,47.25581359863281,65.4800033569336,29.762676239013672,33.496498107910156
2007-06-20,106.853515625,46.874595642089844,64.70999908447266,29.50921630859375,32.49019241333008
2007-06-21,107.44740295410156,46.65039825439453,64.55999755859375,29.877073287963867,32.67070388793945
2007-06-22,106.43643188476562,46.95307922363281,64.77999877929688,29.482295989990234,32.54886245727539
2007-06-25,105.92736053466797,47.210975646972656,64.43000030517578,29.257984161376953,32.015193939208984
2007-06-26,104.83860778808594,47.22216033935547,63.619998931884766,29.00227928161621,31.891834259033203
2007-06-27,106.33036041259766,47.26701354980469,63.66999816894531,29.414997100830078,32.70968246459961
2007-06-28,106.31620025634766,47.25581359863281,64.26000213623047,29.421733856201172,32.54063415527344
2007-06-29,106.35155487060547,47.74348068237305,64.2699966430664,29.524919509887695,32.41727066040039
2007-07-02,107.31307220458984,47.99443817138672,65.0199966430664,30.123802185058594,33.16659164428711
2007-07-03,107.701904296875,47.70186233520508,64.73999786376953,30.363801956176758,33.07521438598633
2007-07-05,107.58881378173828,47.167293548583984,64.41999816894531,30.498382568359375,33.573246002197266
2007-07-06,108.15436553955078,46.975948333740234,64.95999908447266,31.021015167236328,33.53212356567383
2007-07-09,108.23921966552734,47.144779205322266,65.37999725341797,31.321569442749023,33.509273529052734
2007-07-10,106.697998046875,47.94380187988281,65.61000061035156,30.704750061035156,32.659427642822266
2007-07-11,107.4544448852539,47.4486198425293,65.44000244140625,30.958213806152344,32.595458984375
2007-07-12,109.15119934082031,47.285438537597656,66.0199966430664,31.637836456298828,33.01581954956055
2007-07-13,109.47643280029297,47.41489028930664,66.02999877929688,32.030357360839844,33.33106231689453
2007-07-16,109.4622802734375,47.87066650390625,65.81999969482422,31.716350555419922,33.052364349365234
2007-07-17,109.40567016601562,47.76939392089844,65.75,31.691669464111328,32.93357849121094
2007-07-18,109.20777130126953,47.949485778808594,66.62000274658203,31.303625106811523,32.86046600341797
2007-07-19,109.63195037841797,47.93824005126953,67.01000213623047,31.61541175842285,32.98385238647461
2007-07-20,108.52202606201172,48.37149429321289,67.58000183105469,31.397842407226562,32.40814208984375
2007-07-23,108.85429382324219,48.2927360534668,67.47000122070312,32.30625534057617,31.846147537231445
2007-07-24,106.96662902832031,48.47277069091797,67.47000122070312,31.200454711914062,31.201906204223633
2007-07-25,107.185791015625,48.56843566894531,66.9000015258789,31.37989044189453,30.863805770874023
2007-07-26,104.64773559570312,48.97360610961914,65.6500015258789,29.780620574951172,30.297250747680664
2007-07-27,102.59040832519531,49.11426544189453,65.41000366210938,29.394821166992188,29.292049407958984
2007-07-30,104.19529724121094,48.97360610961914,65.7699966430664,30.357086181640625,29.85860252380371
2007-07-31,103.0217056274414,49.328121185302734,65.79000091552734,29.735759735107422,29.73981285095215
2007-08-01,103.52359771728516,49.22133255004883,65.93000030517578,29.619121551513672,30.132747650146484
2007-08-02,104.35078430175781,49.345584869384766,65.88999938964844,29.946598052978516,30.630786895751953
2007-08-03,101.66423797607422,49.67327880859375,66.69000244140625,28.654617309570312,29.44739532470703
2007-08-06,103.36808013916016,49.31169891357422,66.5199966430664,29.166027069091797,30.475431442260742
2007-08-07,104.47099304199219,49.27216339111328,66.4800033569336,29.383602142333984,30.644472122192383
2007-08-08,105.92736053466797,48.673377990722656,66.7699966430664,30.37053871154785,31.85527229309082
2007-08-09,102.78834533691406,48.741180419921875,65.45999908447266,29.114439010620117,31.503463745117188
2007-08-10,102.3076171875,48.62819290161133,66.56999969482422,28.60976219177246,30.553117752075195
2007-08-13,102.67523193359375,48.76938247680664,66.26000213623047,28.89238166809082,30.406898498535156
2007-08-14,101.1057357788086,48.899356842041016,66.29000091552734,28.14545440673828,29.534202575683594
2007-08-15,99.71295166015625,48.72420883178711,66.12999725341797,27.039642333984375,29.036197662353516
2007-08-16,100.46244049072266,49.22695541381836,64.68000030517578,26.5798282623291,30.201295852661133
2007-08-17,102.3076171875,49.029300689697266,65.01000213623047,27.42096519470215,30.886638641357422
2007-08-20,102.25809478759766,49.0575065612793,65.12000274658203,27.477031707763672,31.45320701599121
2007-08-21,102.46315002441406,49.29475402832031,65.06999969482422,27.376102447509766,31.599424362182617
2007-08-22,103.67916107177734,49.215694427490234,65.4000015258789,28.553682327270508,31.98321533203125
2007-08-23,103.58721923828125,49.38514709472656,65.30999755859375,28.699485778808594,31.434911727905273
2007-08-24,104.86688232421875,49.6280632019043,66.11000061035156,29.383602142333984,31.603979110717773
2007-08-27,103.89126586914062,49.88795471191406,65.9800033569336,29.5181884765625,30.91861915588379
2007-08-28,101.60770416259766,49.972686767578125,65.58999633789062,28.31816291809082,29.972841262817383
2007-08-29,103.60142517089844,49.83712387084961,66.06999969482422,29.439682006835938,31.069398880004883
2007-08-30,103.32561492919922,50.17041015625,65.80000305175781,29.289400100708008,31.22932243347168
2007-08-31,104.34370422363281,50.209957122802734,66.5199966430664,30.045289993286133,31.74561882019043
2007-09-04,105.39716339111328,50.23375701904297,67.44000244140625,30.552213668823242,32.16596603393555
2007-09-05,104.4851303100586,50.636539459228516,67.55999755859375,30.09015464782715,31.39381217956543
2007-09-06,104.72550964355469,50.506038665771484,68.86000061035156,30.3256778717041,31.672517776489258
2007-09-07,103.26907348632812,51.220794677734375,69.38999938964844,29.641555786132812,30.909496307373047
2007-09-10,103.07113647460938,51.617774963378906,69.62000274658203,29.663978576660156,30.589664459228516
2007-09-11,104.27304077148438,51.57815170288086,70.5199966430664,30.26288604736328,31.224763870239258
2007-09-12,104.54168701171875,51.38527297973633,70.45999908447266,30.37053871154785,31.042001724243164
2007-09-13,105.27693176269531,50.925804138183594,70.08000183105469,30.706979751586914,31.741060256958008
2007-09-14,105.2698745727539,50.9995231628418,69.98999786376953,30.76755142211914,31.9466609954834
2007-09-17,104.70426940917969,51.2433967590332,70.97000122070312,30.57239532470703,31.713642120361328
2007-09-18,107.7867431640625,50.85770797729492,71.69999694824219,32.05280303955078,32.84218978881836
2007-09-19,108.42301177978516,50.386924743652344,71.43000030517578,32.19860076904297,33.459022521972656
2007-09-20,107.65950012207031,49.43399429321289,72.72000122070312,32.09765625,32.590904235839844
2007-09-21,107.94999694824219,49.85371780395508,72.33999633789062,32.52383804321289,32.82391357421875
2007-09-24,107.7510986328125,49.995521545410156,72.27999877929688,32.927589416503906,33.44620895385742
2007-09-25,107.53804779052734,49.819671630859375,72.33000183105469,32.804203033447266,32.61524963378906
2007-09-26,108.10630798339844,49.86509704589844,72.0,33.241607666015625,33.090755462646484
2007-09-27,108.74560546875,50.211097717285156,72.69999694824219,33.73506164550781,33.34464645385742
2007-09-28,108.38333129882812,50.32449722290039,73.51000213623047,33.52198028564453,32.98918914794922
2007-10-01,109.60507202148438,50.61207962036133,73.9000015258789,34.57619857788086,33.79243850708008
2007-10-02,109.45592498779297,50.77153778076172,72.3499984741211,34.81172180175781,34.40643310546875
2007-10-03,109.2357406616211,50.62348175048828,71.9000015258789,33.75749588012695,34.2402458190918
2007-10-04,109.40620422363281,50.81705856323242,72.87000274658203,34.09394454956055,34.591094970703125
2007-10-05,110.7060775756836,50.270450592041016,73.4000015258789,35.23115158081055,35.403587341308594
2007-10-08,110.11658477783203,50.230587005615234,72.52999877929688,34.85657501220703,34.734195709228516
2007-10-09,111.15364074707031,50.16791534423828,73.08999633789062,35.39938735961914,35.121986389160156
2007-10-10,110.96898651123047,50.196407318115234,73.36000061035156,35.44649124145508,34.877323150634766
2007-10-11,110.43621063232422,50.14516067504883,73.91000366210938,35.13471603393555,34.73881530761719
2007-10-12,111.047119140625,49.900238037109375,74.58999633789062,35.776206970214844,34.411041259765625
2007-10-15,110.10946655273438,49.91170883178711,75.13999938964844,35.338829040527344,33.76474380493164
2007-10-16,109.2357406616211,49.92877960205078,75.12000274658203,34.683876037597656,33.3538932800293
2007-10-17,109.569580078125,50.475433349609375,74.5,35.484619140625,33.3031120300293
2007-10-18,109.17179870605469,50.754459381103516,76.0,35.66407012939453,33.312339782714844
2007-10-19,106.31624603271484,51.51182174682617,75.69999694824219,34.138816833496094,31.895076751708984
2007-10-22,106.93421173095703,51.51752853393555,74.5999984741211,34.38554000854492,32.73065948486328
2007-10-23,107.80079650878906,51.44917678833008,75.2300033569336,35.338829040527344,33.0768928527832
2007-10-24,107.60194396972656,51.8306770324707,75.5199966430664,35.1077995300293,32.52292251586914
2007-10-25,107.85765075683594,51.654170989990234,76.02999877929688,35.55416488647461,32.59217834472656
2007-10-26,109.12207794189453,51.534568786621094,77.69000244140625,36.561275482177734,33.086143493652344
2007-10-29,109.48433685302734,51.7338981628418,78.12000274658203,37.402408599853516,32.5460205078125
2007-10-30,108.72427368164062,51.70540237426758,77.3499984741211,36.695858001708984,32.99380111694336
2007-10-31,109.85370635986328,51.23849868774414,78.62000274658203,37.50109100341797,33.681640625
2007-11-01,107.28227233886719,51.904239654541016,77.93000030517578,35.987064361572266,32.10744094848633
2007-11-02,107.4030532836914,52.070106506347656,79.83000183105469,36.19118118286133,31.650405883789062
2007-11-05,106.5861587524414,52.04717254638672,79.75,34.93284606933594,31.193378448486328
2007-11-06,108.02103424072266,51.795536041259766,81.43000030517578,36.25846481323242,31.58578872680664
2007-11-07,105.06605529785156,51.887062072753906,82.23999786376953,35.10330581665039,30.602468490600586
2007-11-08,104.5333023071289,51.795536041259766,82.2300033569336,35.28276443481445,30.694799423217773
2007-11-09,103.09842681884766,52.23596954345703,82.18000030517578,34.45283889770508,30.445512771606445
2007-11-12,102.07550811767578,52.424747467041016,78.30000305175781,32.54627227783203,30.796356201171875
2007-11-13,105.18679809570312,52.23025131225586,79.12000274658203,34.84536361694336,31.81661033630371
2007-11-14,104.8955307006836,52.287410736083984,80.27999877929688,34.87900924682617,31.1702938079834
2007-11-15,103.38252258300781,52.779300689697266,77.94999694824219,34.076011657714844,31.114900588989258
2007-11-16,103.56009674072266,52.85363006591797,77.75,34.49769973754883,30.53322982788086
2007-11-19,102.11812591552734,53.19682312011719,77.23999786376953,32.907386779785156,29.868459701538086
2007-11-20,102.74317932128906,53.139678955078125,79.47000122070312,33.81133270263672,29.291410446166992
2007-11-21,100.640625,53.4484748840332,79.36000061035156,32.1088752746582,29.088279724121094
2007-11-23,102.3809814453125,53.608646392822266,81.25,33.057682037353516,29.660715103149414
2007-11-26,100.12207794189453,54.666744232177734,81.30000305175781,31.745492935180664,28.238842010498047
2007-11-27,101.2728500366211,54.14628219604492,80.0999984741211,32.96123123168945,28.89899253845215
2007-11-28,104.5119857788086,53.78022003173828,79.56999969482422,34.76685333251953,30.16853141784668
2007-11-29,104.5475082397461,54.24345779418945,78.27999877929688,34.34067916870117,29.683795928955078
2007-11-30,105.59882354736328,53.98038864135742,77.31999969482422,34.63227462768555,30.491680145263672
2007-12-03,104.90267181396484,54.408775329589844,78.27999877929688,34.33171463012695,30.163911819458008
2007-12-04,103.96501159667969,54.403099060058594,79.4000015258789,34.24197769165039,29.35141372680664
2007-12-05,105.70532989501953,53.754146575927734,78.62999725341797,35.76277542114258,30.3393497467041
2007-12-06,107.21836853027344,53.28327560424805,79.37000274658203,36.32575988769531,31.304176330566406
2007-12-07,107.19705200195312,52.68607711791992,78.5999984741211,35.895103454589844,31.193378448486328
2007-12-10,108.02813720703125,52.37025451660156,80.0,35.906314849853516,31.862768173217773
2007-12-11,105.06605529785156,53.39812088012695,78.83999633789062,34.38554000854492,30.182374954223633
2007-12-12,106.10311889648438,52.84688186645508,80.48999786376953,35.417335510253906,30.0808162689209
2007-12-13,105.88289642333984,52.27266311645508,78.5,34.44386672973633,29.739194869995117
2007-12-14,104.54036712646484,52.031455993652344,78.5199966430664,33.6229133605957,28.991334915161133
2007-12-17,103.04869079589844,52.49660110473633,78.12999725341797,32.18962097167969,28.09573745727539
2007-12-18,103.62406158447266,52.83539962768555,79.25,33.0733757019043,28.529691696166992
2007-12-19,103.62406158447266,53.535911560058594,79.23999786376953,33.28871154785156,28.820518493652344
2007-12-20,104.277587890625,53.42110824584961,78.66999816894531,33.47039794921875,28.70038604736328
2007-12-21,105.78079223632812,52.64014434814453,80.0999984741211,34.479759216308594,29.263521194458008
2007-12-24,106.5662841796875,52.39323425292969,80.13999938964844,35.06291580200195,30.2114315032959
2007-12-26,106.79479217529297,51.933860778808594,81.5199966430664,35.244667053222656,29.709318161010742
2007-12-27,105.45223999023438,52.499996185302734,81.55999755859375,34.431358337402344,29.1180477142334
2007-12-28,105.18806457519531,53.31871032714844,83.0,34.560848236083984,28.606548309326172
2007-12-31,104.40966796875,53.641544342041016,82.45999908447266,34.14512252807617,28.84117889404297
2008-01-02,103.49562072753906,54.41411209106445,84.86000061035156,33.58170700073242,28.752012252807617
2008-01-03,103.44561767578125,54.33915710449219,85.56999969482422,33.88386154174805,27.855709075927734
2008-01-04,100.91053009033203,54.3507080078125,85.12999725341797,32.866092681884766,26.72478675842285
2008-01-07,100.8248519897461,54.587093353271484,84.7699966430664,33.10691452026367,26.973482131958008
2008-01-08,99.1966552734375,54.52366638183594,86.77999877929688,32.85018539428711,26.039644241333008
2008-01-09,100.23929595947266,54.627437591552734,86.55000305175781,33.92702102661133,26.499528884887695
2008-01-10,100.89624786376953,53.88945007324219,88.25,34.32686233520508,26.907785415649414
2008-01-11,100.08216857910156,54.31029510498047,88.58000183105469,33.3613395690918,26.912490844726562
2008-01-14,100.88911437988281,54.512142181396484,89.54000091552734,33.85205841064453,26.79986000061035
2008-01-15,98.66826629638672,55.123268127441406,87.98999786376953,32.320865631103516,26.25551414489746
2008-01-16,97.81846618652344,54.725467681884766,86.69999694824219,30.975961685180664,26.555845260620117
2008-01-17,95.28335571289062,55.43460464477539,86.5,30.074054718017578,26.194494247436523
2008-01-18,94.3050537109375,55.05409622192383,87.41999816894531,30.760149002075195,25.847244262695312
2008-01-22,93.34815216064453,55.64215087890625,88.16999816894531,29.98771858215332,26.46668815612793
2008-01-23,95.59042358398438,55.51533126831055,87.88999938964844,30.178544998168945,28.977258682250977
2008-01-24,96.3973617553711,54.402591705322266,90.08000183105469,30.76467514038086,28.29682159423828
2008-01-25,95.0048828125,55.319244384765625,90.30000305175781,30.296695709228516,28.132583618164062
2008-01-28,96.575927734375,55.111751556396484,91.75,31.04636573791504,29.085186004638672
2008-01-29,97.05435943603516,54.73701477050781,91.1500015258789,30.894176483154297,28.82240104675293
2008-01-30,96.34027862548828,54.37948989868164,92.05999755859375,30.48752212524414,28.05280876159668
2008-01-31,98.09695434570312,54.76580047607422,91.4000015258789,31.098634719848633,28.61591911315918
2008-02-01,99.67513275146484,55.09497833251953,89.3499984741211,31.718839645385742,29.812559127807617
2008-02-04,98.41835021972656,54.52803039550781,89.0999984741211,31.816516876220703,29.50284767150879
2008-02-05,95.78326416015625,54.944580078125,87.68000030517578,30.10359001159668,28.461061477661133
2008-02-06,95.01203918457031,54.77680969238281,88.94999694824219,29.610610961914062,27.996496200561523
2008-02-07,95.64044189453125,53.59658432006836,89.8499984741211,30.112672805786133,28.658157348632812
2008-02-08,95.02632904052734,54.20982360839844,91.0,30.055879592895508,27.74309730529785
2008-02-11,95.5118637084961,54.435447692871094,91.33000183105469,30.42845344543457,27.179975509643555
2008-02-12,96.3973617553711,54.11141586303711,89.33000183105469,30.91916275024414,27.954252243041992
2008-02-13,97.38280487060547,53.5386848449707,89.44000244140625,31.614341735839844,28.174814224243164
2008-02-14,96.52595520019531,52.751895904541016,89.70999908447266,31.20768165588379,27.64922332763672
2008-02-15,96.50450134277344,53.156917572021484,89.1500015258789,31.430322647094727,27.874483108520508
2008-02-19,96.7758560180664,52.61884307861328,91.58000183105469,31.841514587402344,27.804086685180664
2008-02-20,97.06149291992188,52.98330307006836,93.23999786376953,32.1073112487793,27.977718353271484
2008-02-21,96.25455474853516,53.54450607299805,93.25,31.657506942749023,27.21750259399414
2008-02-22,96.84727478027344,53.23785400390625,93.38999938964844,32.08232498168945,27.98710060119629
2008-02-25,98.06842803955078,52.69404602050781,92.73999786376953,32.679805755615234,28.84117889404297
2008-02-26,98.80391693115234,52.71134948730469,93.70999908447266,33.11144256591797,28.836488723754883
2008-02-27,98.70397186279297,52.75764846801758,94.77999877929688,33.39088439941406,28.70038604736328
2008-02-28,97.7398910522461,53.694915771484375,95.98999786376953,33.03193283081055,28.109119415283203
2008-02-29,95.5618667602539,54.51644515991211,96.18000030517578,31.718839645385742,27.705547332763672
2008-03-03,95.33334350585938,54.37589645385742,97.23999786376953,31.891489028930664,27.897945404052734
2008-03-04,94.96915435791016,53.84748840332031,95.18000030517578,31.1508846282959,27.635156631469727
2008-03-05,95.56902313232422,53.202911376953125,97.72000122070312,31.805171966552734,28.0152587890625
2008-03-06,93.59093475341797,53.48748016357422,96.5,30.714698791503906,26.738855361938477
2008-03-07,92.62690734863281,53.55717086791992,96.08999633789062,30.289873123168945,27.175268173217773
2008-03-10,91.4057846069336,54.346885681152344,95.87000274658203,29.75826644897461,26.790483474731445
2008-03-11,94.69068145751953,53.882347106933594,95.98999786376953,31.75972557067871,28.53145408630371
2008-03-12,93.8051528930664,54.92178726196289,97.01000213623047,31.171329498291016,27.930788040161133
2008-03-13,94.01224517822266,54.49211120605469,98.33999633789062,30.887357711791992,28.25926971435547
2008-03-14,92.55553436279297,55.1656494140625,98.70999908447266,29.7923526763916,27.686767578125
2008-03-17,91.6200180053711,55.5895881652832,99.16999816894531,29.05628776550293,27.855709075927734
2008-03-18,95.42620086669922,55.374732971191406,96.5,30.567028045654297,29.08049964904785
2008-03-19,93.06253051757812,56.29216384887695,93.04000091552734,28.731422424316406,28.859943389892578
2008-03-20,94.78632354736328,56.43155288696289,89.91000366210938,29.215307235717773,29.82194709777832
2008-03-24,96.68087768554688,55.33987808227539,90.0999984741211,30.335308074951172,30.492992401123047
2008-03-25,96.77415466308594,55.5721549987793,92.7300033569336,30.8010311126709,30.57101821899414
2008-03-26,95.59002685546875,55.33987808227539,93.80000305175781,30.551122665405273,29.984663009643555
2008-03-27,95.28862762451172,54.950801849365234,93.45999908447266,30.403453826904297,29.738765716552734
2008-03-28,94.37722778320312,55.48505783081055,91.87999725341797,30.348936080932617,29.388837814331055
2008-03-31,94.70732116699219,55.6824951171875,90.41000366210938,30.528413772583008,29.502338409423828
2008-04-01,98.03720092773438,54.776241302490234,86.86000061035156,31.700660705566406,31.18102264404297
2008-04-02,98.10181427001953,54.89287567138672,89.2699966430664,31.723379135131836,31.02970314025879
2008-04-03,98.34583282470703,55.01532745361328,89.41999816894531,32.109588623046875,31.73900604248047
2008-04-04,98.23812866210938,55.516883850097656,90.25,31.980100631713867,31.237751007080078
2008-04-07,98.28837585449219,55.22530746459961,91.16999816894531,32.40492248535156,30.949308395385742
2008-04-08,98.18791198730469,55.03286361694336,90.3499984741211,32.22772216796875,30.906757354736328
2008-04-09,97.47742462158203,55.604339599609375,92.29000091552734,31.725650787353516,30.131244659423828
2008-04-10,97.61380767822266,55.41776657104492,91.7699966430664,32.18000030517578,30.4244327545166
2008-04-11,95.71924591064453,55.79094314575195,91.30000305175781,31.65522575378418,30.05086898803711
2008-04-14,95.39625549316406,55.46439743041992,91.11000061035156,31.580259323120117,29.87589454650879
2008-04-15,95.61872863769531,54.776241302490234,91.66000366210938,31.9505558013916,30.178525924682617
2008-04-16,98.20948791503906,54.239749908447266,93.2699966430664,32.89562225341797,31.40326499938965
2008-04-17,98.35295867919922,54.146427154541016,92.55999755859375,32.657081604003906,31.516761779785156
2008-04-18,99.37923431396484,54.099769592285156,90.62000274658203,33.15006637573242,31.337053298950195
2008-04-21,99.42938232421875,54.31553649902344,90.25,33.31817626953125,31.105377197265625
2008-04-22,98.99169921875,54.50216293334961,90.2699966430664,33.00920486450195,31.02970314025879
2008-04-23,98.83378601074219,54.32137680053711,89.22000122070312,33.4840202331543,31.41745948791504
2008-04-24,99.26437377929688,53.860660552978516,87.22000122070312,33.054656982421875,32.041656494140625
2008-04-25,100.18296813964844,53.545753479003906,87.2699966430664,33.2977294921875,32.221336364746094
2008-04-28,100.2044906616211,53.70904541015625,87.69000244140625,33.23412322998047,32.17878723144531
2008-04-29,99.80976104736328,53.913169860839844,85.80999755859375,32.64573287963867,31.828847885131836
2008-04-30,99.2212905883789,54.29805374145508,86.6500015258789,33.31817626953125,31.384340286254883
2008-05-01,101.27377319335938,54.301570892333984,83.98999786376953,33.67258071899414,32.06056213378906
2008-05-02,101.55364990234375,53.61681365966797,84.58000183105469,33.995174407958984,32.03218460083008
2008-05-05,101.06568908691406,53.61681365966797,86.2699966430664,33.970191955566406,31.94234275817871
2008-05-06,101.94116973876953,53.23049545288086,86.62999725341797,34.34956741333008,32.16457748413086
2008-05-07,100.12555694580078,53.458763122558594,85.81999969482422,33.327274322509766,31.2897891998291
2008-05-08,99.86721801757812,53.93870162963867,87.23999786376953,33.67031478881836,31.10062599182129
2008-05-09,99.68063354492188,54.13771057128906,87.41999816894531,33.395416259765625,30.93039321899414
2008-05-12,100.80009460449219,54.05577850341797,86.98999786376953,33.82479476928711,31.67281150817871
2008-05-13,100.81446838378906,53.46464538574219,85.38999938964844,33.9860954284668,31.80048942565918
2008-05-14,101.0225830078125,53.488037109375,85.19999694824219,34.06787109375,31.99907875061035
2008-05-15,102.28565979003906,53.9738655090332,87.0,34.792579650878906,32.3868408203125
2008-05-16,102.3789291381836,53.75143051147461,89.0999984741211,35.2355842590332,32.21660232543945
2008-05-19,102.65884399414062,53.8216667175293,89.38999938964844,35.242393493652344,32.26861572265625
2008-05-20,101.82638549804688,54.10256576538086,90.9000015258789,34.63127517700195,31.833572387695312
2008-05-21,100.10401916503906,54.11430358886719,91.95999908447266,34.279151916503906,31.067527770996094
2008-05-22,100.11836242675781,53.476341247558594,90.9800033569336,34.37911605834961,30.80271339416504
2008-05-23,98.77635955810547,53.710418701171875,91.2300033569336,33.779361724853516,30.656137466430664
2008-05-27,99.50839233398438,53.34755325317383,89.36000061035156,33.72483825683594,31.076993942260742
2008-05-28,99.9676513671875,52.87349319458008,89.13999938964844,34.17918395996094,31.12901496887207
2008-05-29,100.4700698852539,52.49303436279297,86.51000213623047,34.25415802001953,31.464740753173828
2008-05-30,100.72118377685547,52.838382720947266,87.44999694824219,34.37229537963867,31.318151473999023
2008-06-02,99.68063354492188,53.042236328125,87.95999908447266,33.96336364746094,30.793262481689453
2008-06-03,99.0993423461914,53.424034118652344,86.87999725341797,33.349979400634766,30.996599197387695
2008-06-04,99.04905700683594,52.94823455810547,86.6500015258789,33.0591926574707,31.157371520996094
2008-06-05,101.02977752685547,52.63105392456055,86.44999694824219,34.11103439331055,31.871400833129883
2008-06-06,97.8075942993164,53.31241226196289,89.05999755859375,32.87518310546875,30.537918090820312
2008-06-09,98.04440307617188,53.31241226196289,87.98999786376953,32.7911262512207,29.932653427124023
2008-06-10,97.55640411376953,52.96587371826172,85.55000305175781,32.03461837768555,29.94683265686035
2008-06-11,96.12110900878906,52.842464447021484,87.0199966430664,31.555253982543945,29.49287223815918
2008-06-12,96.4870834350586,52.313865661621094,85.5999984741211,31.739280700683594,29.795509338378906
2008-06-13,97.70709228515625,52.20222473144531,85.83000183105469,32.08232498168945,30.29203224182129
2008-06-16,97.76448822021484,52.21394729614258,87.01000213623047,32.19137191772461,30.693967819213867
2008-06-17,97.29085540771484,52.319698333740234,87.25,32.32769012451172,29.823890686035156
2008-06-18,96.34357452392578,52.76022720336914,88.27999877929688,32.17092514038086,29.384117126464844
2008-06-19,96.46554565429688,52.448951721191406,88.41999816894531,32.22090530395508,30.065052032470703
2008-06-20,94.89977264404297,52.75438690185547,88.94999694824219,31.169048309326172,29.388837814331055
2008-06-23,94.8060073852539,52.865970611572266,87.08999633789062,31.259931564331055,28.660627365112305
2008-06-24,94.61849212646484,53.21843338012695,87.47000122070312,31.121356964111328,28.678831100463867
2008-06-25,95.06562805175781,53.241943359375,87.41999816894531,31.744525909423828,29.148435592651367
2008-06-26,92.48362731933594,53.60025405883789,90.61000061035156,30.655349731445312,28.175703048706055
2008-06-27,91.97877502441406,54.228755950927734,91.47000122070312,30.951770782470703,27.95526695251465
2008-06-30,92.30333709716797,54.2404670715332,91.4000015258789,31.18614959716797,27.993610382080078
2008-07-01,92.59182739257812,54.112003326416016,92.66000366210938,30.630077362060547,27.96964454650879
2008-07-02,91.00511932373047,54.39496612548828,93.16999816894531,29.756908416748047,27.624645233154297
2008-07-03,91.09886169433594,54.277069091796875,92.05999755859375,29.671875,27.34192657470703
2008-07-07,90.16849517822266,54.524662017822266,91.2300033569336,29.56617546081543,26.72856903076172
2008-07-08,91.76960754394531,54.87836837768555,90.86000061035156,29.929237365722656,28.72196388244629
2008-07-09,90.00262451171875,55.120094299316406,91.5,29.32490348815918,26.762113571166992
2008-07-10,90.3704605102539,55.11417007446289,93.52999877929688,29.855710983276367,27.279624938964844
2008-07-11,89.3174057006836,54.33013916015625,95.16000366210938,29.655797958374023,27.14545440673828
2008-07-14,88.50965881347656,54.8076286315918,95.91000366210938,29.619033813476562,26.201488494873047
2008-07-15,87.26190948486328,54.7899284362793,96.16999816894531,29.124998092651367,25.947509765625
2008-07-16,89.40398406982422,53.79956817626953,94.44000244140625,29.96601104736328,27.840274810791016
2008-07-17,90.29832458496094,53.522499084472656,94.22000122070312,30.10616111755371,28.175703048706055
2008-07-18,90.86087036132812,53.322052001953125,94.16999816894531,29.84651756286621,28.22361183166504
2008-07-21,90.91134643554688,53.52839279174805,95.12000274658203,30.21647071838379,28.43445587158203
2008-07-22,91.9427261352539,53.26313400268555,93.05999755859375,30.234848022460938,29.196346282958984
2008-07-23,92.44034576416016,53.15700912475586,90.56999969482422,30.27850341796875,30.020540237426758
2008-07-24,90.52189636230469,53.675758361816406,91.33000183105469,29.159465789794922,28.031946182250977
2008-07-25,90.50025177001953,53.13931655883789,91.69000244140625,29.3593807220459,28.49195671081543
2008-07-28,89.17317199707031,53.675758361816406,91.7300033569336,28.863039016723633,28.02715301513672
2008-07-29,91.07726287841797,53.45762634277344,90.58999633789062,30.46234130859375,29.330509185791016
2008-07-30,92.69999694824219,53.51067352294922,89.5199966430664,30.145240783691406,29.229887008666992
2008-07-31,91.4738998413086,54.04126739501953,90.08000183105469,29.46966552734375,28.865718841552734
2008-08-01,90.99068450927734,54.16080093383789,89.56999969482422,29.26975440979004,28.88967514038086
2008-08-04,90.1468505859375,54.03655242919922,88.13999938964844,28.373605728149414,28.468000411987305
2008-08-05,92.5774154663086,53.63419723510742,86.08000183105469,28.73896026611328,29.747407913208008
2008-08-06,92.98848724365234,53.41529846191406,86.63999938964844,29.31111717224121,29.6036434173584
2008-08-07,91.60372924804688,54.2850227355957,86.08999633789062,28.304677963256836,28.822587966918945
2008-08-08,93.30584716796875,54.432987213134766,84.43000030517578,28.373605728149414,29.661142349243164
2008-08-11,94.2723159790039,53.9122314453125,81.12999725341797,28.077184677124023,30.6195011138916
2008-08-12,93.29141235351562,54.41520690917969,80.5199966430664,27.842803955078125,29.934280395507812
2008-08-13,92.72887420654297,54.22584533691406,81.55999755859375,27.835926055908203,29.498233795166016
2008-08-14,93.42842102050781,54.57490539550781,79.3499984741211,28.201271057128906,29.972623825073242
2008-08-15,93.88284301757812,55.04827117919922,77.62999725341797,27.760074615478516,29.929489135742188
2008-08-18,92.59906005859375,55.26719284057617,78.80000305175781,27.29132080078125,29.517396926879883
2008-08-19,91.58930206298828,55.05419921875,80.43000030517578,27.063838958740234,28.789047241210938
2008-08-20,92.01482391357422,55.208065032958984,80.05999755859375,27.753189086914062,28.832170486450195
2008-08-21,92.17353057861328,55.107460021972656,82.30000305175781,27.711830139160156,28.319454193115234
2008-08-22,93.5077896118164,55.07196044921875,81.08000183105469,27.69115447998047,29.2825984954834
2008-08-25,91.61094665527344,55.622169494628906,80.93000030517578,27.118993759155273,28.3961181640625
2008-08-26,91.8778076171875,55.66948699951172,81.2300033569336,27.167247772216797,28.73153305053711
2008-08-27,92.77213287353516,55.76415252685547,81.36000061035156,27.746294021606445,29.01905059814453
2008-08-28,93.89727783203125,55.77010726928711,82.18000030517578,27.939321517944336,29.756982803344727
2008-08-29,92.88752746582031,55.52161407470703,81.70999908447266,27.60842514038086,29.550947189331055
2008-09-02,92.31055450439453,56.03820037841797,79.19999694824219,26.774322509765625,29.74261474609375
2008-09-03,92.2312240600586,56.27573776245117,78.88999938964844,26.333145141601562,30.212196350097656
2008-09-04,89.45445251464844,56.72701644897461,78.38999938964844,25.119884490966797,29.364059448242188
2008-09-05,89.73571014404297,56.69731521606445,78.9800033569336,25.47834014892578,29.368844985961914
2008-09-08,91.58930206298828,56.93486404418945,78.86000061035156,25.79543685913086,30.638673782348633
2008-09-09,88.8702621459961,57.49900817871094,76.48999786376953,24.347801208496094,29.493444442749023
2008-09-10,89.23090362548828,57.14268493652344,74.22000122070312,24.740745544433594,29.546144485473633
2008-09-11,90.52189636230469,57.113040924072266,73.08000183105469,24.375381469726562,29.99657440185547
2008-09-12,90.9402084350586,56.37668991088867,75.55000305175781,25.188823699951172,29.900739669799805
2008-09-15,86.61279296875,58.205589294433594,77.55999755859375,23.210372924804688,28.175703048706055
2008-09-16,88.06249237060547,58.19375991821289,76.79000091552734,23.410297393798828,29.565305709838867
2008-09-17,84.10289764404297,58.48476791381836,85.45999908447266,21.748964309692383,27.864227294921875
2008-09-18,86.59839630126953,57.62966537475586,82.80000305175781,23.582630157470703,30.23137664794922
2008-09-19,90.03753662109375,55.80072021484375,85.9800033569336,26.51927375793457,31.132234573364258
2008-09-22,87.99913024902344,55.794742584228516,89.18000030517578,24.78899383544922,28.51590347290039
2008-09-23,85.99699401855469,55.580997467041016,88.31999969482422,24.016916275024414,28.70758628845215
2008-09-24,86.27265930175781,55.82442855834961,86.70999908447266,24.292661666870117,28.509532928466797
2008-09-25,87.62193298339844,55.71159362792969,86.44999694824219,25.54038429260254,28.863901138305664
2008-09-26,87.66547393798828,56.115421295166016,86.63999938964844,24.671796798706055,29.75710105895996
2008-09-29,80.79582977294922,57.748382568359375,89.56999969482422,21.790325164794922,27.533828735351562
2008-09-30,84.13996124267578,56.34103775024414,85.06999969482422,23.5550594329834,29.514371871948242
2008-10-01,84.19075012207031,57.049800872802734,85.97000122070312,23.837692260742188,28.800790786743164
2008-10-02,81.13677215576172,57.508514404296875,82.33000183105469,21.748964309692383,26.94157600402832
2008-10-03,80.04142761230469,58.0147705078125,82.58999633789062,21.176801681518555,25.77652359008789
2008-10-06,75.9646224975586,59.069068908691406,84.27999877929688,19.584409713745117,25.004697799682617
2008-10-07,72.56248474121094,58.89036178588867,87.2699966430664,18.06095314025879,22.85907745361328
2008-10-08,70.7344741821289,58.04458236694336,89.41999816894531,18.06095314025879,22.543542861938477
2008-10-09,65.79446411132812,57.55614471435547,89.9000015258789,16.730504989624023,20.75714874267578
2008-10-10,64.19851684570312,57.15113067626953,83.22000122070312,16.923524856567383,22.742570877075195
2008-10-13,73.52005004882812,56.41848373413086,81.98999786376953,20.776981353759766,24.189178466796875
2008-10-14,72.43189239501953,56.05517578125,82.19999694824219,19.742952346801758,22.543542861938477
2008-10-15,65.30117797851562,56.59125518798828,83.30999755859375,16.551273345947266,19.65036392211914
2008-10-16,68.02142333984375,56.29933166503906,79.29000091552734,17.364696502685547,20.79113006591797
2008-10-17,67.61519622802734,55.91217803955078,77.20999908447266,16.82011604309082,20.567834854125977
2008-10-20,71.677490234375,56.358943939208984,78.5,17.9989070892334,20.718313217163086
2008-10-21,69.53752136230469,56.656742095947266,76.02999877929688,16.565059661865234,20.009578704833984
2008-10-22,65.75091552734375,57.80635070800781,71.70999908447266,14.821006774902344,18.596967697143555
2008-10-23,66.5125732421875,58.23517608642578,70.6500015258789,15.234609603881836,18.111543655395508
2008-10-24,63.139442443847656,57.615726470947266,72.20999908447266,13.6628999710083,17.082420349121094
2008-10-27,60.89793014526367,57.65739440917969,72.18000030517578,13.304435729980469,16.111547470092773
2008-10-28,68.01417541503906,56.81757354736328,73.79000091552734,16.08941078186035,18.630945205688477
2008-10-29,67.52088165283203,56.53168869018555,74.0,15.5792875289917,17.970760345458984
2008-10-30,69.85668182373047,56.01944351196289,72.70999908447266,17.681806564331055,18.931915283203125
2008-10-31,70.24117279052734,55.29273986816406,71.33999633789062,17.5301513671875,20.150354385375977
2008-11-03,70.44427490234375,55.44224166870117,71.0999984741211,17.37159538269043,19.490169525146484
2008-11-04,72.83812713623047,56.482791900634766,75.4800033569336,18.95709800720215,20.5823917388916
2008-11-05,69.77692413330078,57.15260696411133,72.80000305175781,16.54438018798828,18.558128356933594
2008-11-06,65.91047668457031,56.739925384521484,72.22000122070312,15.7102632522583,17.689207077026367
2008-11-07,68.08670806884766,56.36917495727539,72.5,16.98555564880371,18.810558319091797
2008-11-10,67.19446563720703,56.64426040649414,73.58000183105469,17.144113540649414,17.126100540161133
2008-11-11,65.11981201171875,56.811649322509766,72.05000305175781,16.075618743896484,16.888246536254883
2008-11-12,62.25444412231445,57.17654800415039,70.0,14.88304328918457,15.679515838623047
2008-11-13,66.13533782958984,55.80705261230469,72.1500015258789,16.94420051574707,17.402795791625977
2008-11-14,62.834754943847656,56.91336441040039,73.30000305175781,15.317333221435547,15.441648483276367
2008-11-17,62.00054168701172,57.164581298828125,72.6500015258789,15.062277793884277,14.883401870727539
2008-11-18,63.16847610473633,57.900089263916016,72.51000213623047,14.841687202453613,14.742626190185547
2008-11-19,59.12070083618164,59.38321304321289,72.26000213623047,13.559496879577637,12.762055397033691
2008-11-20,54.731971740722656,62.45103073120117,73.44999694824219,12.58751106262207,11.752350807189941
2008-11-21,57.684383392333984,61.54800033569336,78.8499984741211,14.400501251220703,12.61642837524414
2008-11-24,61.68135070800781,60.585205078125,80.91000366210938,15.275969505310059,14.762041091918945
2008-11-25,62.13840103149414,62.36729431152344,80.87000274658203,14.986448287963867,14.995052337646484
2008-11-26,64.53948211669922,62.45103073120117,80.37999725341797,16.130767822265625,15.8057222366333
2008-11-28,65.35194396972656,63.222476959228516,80.30999755859375,15.820560455322266,15.572718620300293
2008-12-01,59.56319046020508,65.64356994628906,75.6500015258789,14.297101974487305,12.533902168273926
2008-12-02,61.855472564697266,65.89564514160156,76.94999694824219,15.200150489807129,14.198938369750977
2008-12-03,63.342559814453125,66.08159637451172,76.18000030517578,15.32422924041748,14.995052337646484
2008-12-04,61.87724685668945,67.38371276855469,75.5,14.669346809387207,14.582427024841309
2008-12-05,63.7850456237793,66.29159545898438,74.5199966430664,15.53792667388916,16.126113891601562
2008-12-08,66.0120849609375,66.14762115478516,76.19999694824219,16.530593872070312,17.630952835083008
2008-12-09,64.92396545410156,67.45572662353516,76.33000183105469,16.303104400634766,16.101835250854492
2008-12-10,65.366455078125,67.2936782836914,79.75,17.275087356567383,17.48532485961914
2008-12-11,63.79227828979492,67.42569732666016,80.6500015258789,16.833900451660156,14.990193367004395
2008-12-12,64.55400848388672,67.42569732666016,80.80999755859375,17.068283081054688,16.558147430419922
2008-12-15,63.654483795166016,68.19371032714844,82.5999984741211,16.840795516967773,15.980484962463379
2008-12-16,66.65044403076172,69.87982940673828,84.45999908447266,18.185033798217773,17.93678092956543
2008-12-17,66.00482177734375,71.77592468261719,85.43000030517578,17.8679256439209,18.266878128051758
2008-12-18,64.7715835571289,73.28199005126953,83.87000274658203,17.475000381469727,16.747467041015625
2008-12-19,64.49297332763672,73.36002349853516,82.62999725341797,17.537044525146484,17.922222137451172
2008-12-22,63.66658401489258,72.79595184326172,83.45999908447266,16.882160186767578,17.247459411621094
2008-12-23,63.00844955444336,72.6999740600586,82.62999725341797,16.742347717285156,17.150375366210938
2008-12-24,63.37410354614258,72.54395294189453,83.45999908447266,16.861186981201172,17.35232162475586
2008-12-26,63.7397575378418,72.78396606445312,85.5999984741211,16.80526351928711,17.60163116455078
2008-12-29,63.55691146850586,72.69672393798828,86.3499984741211,16.777301788330078,16.58942222595215
2008-12-30,65.06340026855469,73.3890380859375,85.9000015258789,17.224695205688477,17.252593994140625
2008-12-31,65.99213409423828,71.85384368896484,86.5199966430664,17.45537757873535,18.17506217956543
2009-01-02,67.98125457763672,70.04771423339844,86.2300033569336,18.287256240844727,17.596649169921875
2009-01-05,67.90079498291016,68.24152374267578,84.4800033569336,18.524934768676758,17.272539138793945
2009-01-06,68.35423278808594,67.55522918701172,85.12999725341797,18.94436264038086,18.13516616821289
2009-01-07,66.30657196044922,67.82015991210938,82.75,17.853845596313477,17.526845932006836
2009-01-08,66.57716369628906,67.76596069335938,84.45999908447266,17.776952743530273,17.397201538085938
2009-01-09,65.15113067626953,67.86830139160156,83.91999816894531,17.392459869384766,16.504650115966797
2009-01-12,63.58617401123047,68.57267761230469,80.76000213623047,16.658462524414062,15.537310600280762
2009-01-13,63.70317459106445,68.64491271972656,80.87999725341797,16.7073974609375,16.006023406982422
2009-01-14,61.69943618774414,69.77677917480469,79.79000091552734,15.896495819091797,15.168334007263184
2009-01-15,61.721378326416016,69.89114379882812,80.38999938964844,16.0782470703125,15.666958808898926
2009-01-16,62.20404815673828,68.81352996826172,82.70999908447266,16.253009796142578,16.26032829284668
2009-01-20,58.92052459716797,68.80146026611328,84.5199966430664,15.0436429977417,14.440327644348145
2009-01-21,61.46541976928711,66.62809753417969,84.1500015258789,15.861536979675293,15.951172828674316
2009-01-22,60.514747619628906,65.34574127197266,84.58000183105469,15.337246894836426,15.078574180603027
2009-01-23,60.777984619140625,64.833984375,88.52999877929688,15.532984733581543,15.537310600280762
2009-01-26,61.1948356628418,64.26805877685547,88.94999694824219,15.714739799499512,15.447551727294922
2009-01-27,61.81644058227539,65.77922058105469,88.37999725341797,15.99435806274414,15.666958808898926
2009-01-28,63.90794372558594,64.1356430053711,87.41999816894531,16.80526351928711,17.023225784301758
2009-01-29,61.83103561401367,62.660614013671875,89.5,15.952418327331543,15.632049560546875
2009-01-30,60.57323455810547,62.461944580078125,91.30999755859375,15.833579063415527,14.988813400268555
2009-02-02,60.39041519165039,63.624088287353516,88.83999633789062,15.6727933883667,15.352822303771973
2009-02-03,61.23870849609375,62.10881042480469,88.47000122070312,16.141162872314453,15.198234558105469
2009-02-04,60.93887710571289,61.89146423339844,89.18000030517578,16.260000228881836,14.829257011413574
2009-02-05,61.845664978027344,61.94580841064453,90.12000274658203,16.602540969848633,14.515116691589355
2009-02-06,63.60810089111328,61.752559661865234,89.58999633789062,17.43440818786621,15.522350311279297
2009-02-09,63.69587707519531,61.95185089111328,88.31999969482422,17.343534469604492,15.751724243164062
2009-02-10,60.777984619140625,63.29808044433594,90.20999908447266,16.294946670532227,14.350577354431152
2009-02-11,61.136322021484375,64.11910247802734,92.29000091552734,16.78429412841797,14.624820709228516
2009-02-12,61.18021011352539,63.51542663574219,93.16999816894531,16.67943572998047,14.37550163269043
2009-02-13,60.52203369140625,61.82501983642578,92.55000305175781,16.763320922851562,13.492927551269531
2009-02-17,57.93326950073242,63.7508659362793,95.44999694824219,15.693766593933105,12.535552024841309
2009-02-18,57.794315338134766,63.207557678222656,96.91000366210938,15.581916809082031,12.715063095092773
2009-02-19,57.17271041870117,62.13294982910156,95.7699966430664,15.4351167678833,12.166570663452148
2009-02-20,56.61692810058594,62.73663330078125,97.80000305175781,15.0436429977417,12.934453964233398
2009-02-23,54.59124755859375,63.31623458862305,97.7300033569336,14.67314338684082,11.962133407592773
2009-02-24,56.660823822021484,63.24976348876953,94.7300033569336,15.477062225341797,12.974350929260254
2009-02-25,56.2147102355957,62.51930618286133,93.1500015258789,15.211416244506836,12.725040435791016
2009-02-26,55.300594329833984,61.861297607421875,93.05999755859375,15.07859992980957,12.071825981140137
2009-02-27,54.06468200683594,61.50511932373047,92.62999725341797,14.84091854095459,11.912269592285156
2009-03-02,51.62950897216797,62.52332305908203,90.93000030517578,13.939143180847168,11.169307708740234
2009-03-03,51.241912841796875,62.10563278198242,90.04000091552734,14.134878158569336,11.214191436767578
2009-03-04,52.45584487915039,61.82112121582031,88.98999786376953,15.127533912658691,11.393693923950195
2009-03-05,50.31315994262695,63.54039001464844,91.98999786376953,14.505375862121582,10.690624237060547
2009-03-06,50.400909423828125,63.11661911010742,92.29000091552734,14.750041007995605,10.546026229858398
2009-03-09,49.80854797363281,62.747344970703125,90.56999969482422,14.46343994140625,10.780380249023438
2009-03-10,52.77763366699219,61.5426025390625,88.13999938964844,15.63784122467041,12.281250953674316
2009-03-11,53.121334075927734,62.20851135253906,89.22000122070312,15.63784122467041,12.081803321838379
2009-03-12,55.21284103393555,62.505184173583984,91.0999984741211,16.23902702331543,13.069092750549316
2009-03-13,55.644290924072266,62.19041061401367,91.30000305175781,16.329906463623047,12.789859771728516
2009-03-16,55.47612762451172,61.20965576171875,90.80000305175781,16.34389305114746,11.782622337341309
2009-03-17,57.17271041870117,60.876705169677734,90.04000091552734,16.700407028198242,12.675171852111816
2009-03-18,58.45248031616211,63.1832275390625,93.08999633789062,17.0499324798584,13.36827278137207
2009-03-19,57.72849655151367,63.26189422607422,94.3499984741211,16.93808364868164,12.550518035888672
2009-03-20,56.499202728271484,62.91081237792969,93.58999633789062,16.7073974609375,11.468485832214355
2009-03-23,60.5575065612793,62.365909576416016,92.08000183105469,18.252304077148438,13.323392868041992
2009-03-24,59.36432647705078,62.959205627441406,90.94999694824219,17.686071395874023,12.296216011047363
2009-03-25,59.99034118652344,62.11168670654297,91.9800033569336,17.951711654663086,12.498591423034668
2009-03-26,61.213008880615234,62.83208465576172,91.93000030517578,18.44104766845703,12.778253555297852
2009-03-27,60.10822677612305,63.29817581176758,90.69000244140625,17.89579200744629,12.208755493164062
2009-03-30,58.03121566772461,63.54039001464844,89.9800033569336,16.973037719726562,11.542635917663574
2009-03-31,58.56888198852539,63.99441146850586,90.27999877929688,17.343534469604492,12.346046447753906
2009-04-01,59.7031364440918,64.57843780517578,91.02999877929688,17.916751861572266,12.27994441986084
2009-04-02,61.44870376586914,63.78921127319336,88.80000305175781,18.888444900512695,13.16978931427002
2009-04-03,62.06004333496094,62.483909606933594,87.58999633789062,19.1191349029541,14.303718566894531
2009-04-06,61.57390594482422,62.216793060302734,85.2699966430664,18.88144874572754,14.140995979309082
2009-04-07,60.13768768310547,62.3746337890625,86.73999786376953,18.448043823242188,13.08335018157959
2009-04-08,60.78582763671875,62.92707443237305,86.61000061035156,18.720670700073242,13.27657699584961
2009-04-09,63.201629638671875,62.13785171508789,86.30999755859375,19.538562774658203,15.056280136108398
2009-04-13,63.21640396118164,62.708457946777344,87.87999725341797,19.657407760620117,15.102041244506836
2009-04-14,62.12630844116211,63.03639602661133,87.37000274658203,19.342832565307617,13.820653915405273
2009-04-15,62.78920364379883,62.92707443237305,87.5,19.622451782226562,15.020683288574219
2009-04-16,63.70985412597656,62.42927169799805,85.80999755859375,19.790224075317383,15.524085998535156
2009-04-17,64.13705444335938,61.74323272705078,85.22000122070312,19.65041732788086,15.80374813079834
2009-04-20,61.44870376586914,62.67816925048828,86.94999694824219,18.69271469116211,14.176593780517578
2009-04-21,62.649269104003906,62.05891418457031,86.88999938964844,19.09117317199707,15.432557106018066
2009-04-22,62.26624298095703,61.682559967041016,87.37999725341797,18.930389404296875,14.893564224243164
2009-04-23,62.877567291259766,61.676475524902344,88.80000305175781,19.22399139404297,15.564762115478516
2009-04-24,63.827701568603516,61.05724334716797,89.72000122070312,19.587499618530273,16.30207061767578
2009-04-27,63.223724365234375,61.31825256347656,89.01000213623047,18.930389404296875,15.32577133178711
2009-04-28,63.02488327026367,60.31652069091797,87.75,18.867467880249023,15.52917194366455
2009-04-29,64.3653793334961,59.7822151184082,88.33000183105469,19.860130310058594,16.20545768737793
2009-04-30,64.38748168945312,59.54548645019531,87.2699966430664,20.041885375976562,16.134265899658203
2009-05-01,64.733642578125,59.13568115234375,86.94999694824219,20.335487365722656,15.605440139770508
2009-05-04,66.93588256835938,59.33055877685547,88.63999938964844,21.740585327148438,16.891910552978516
2009-05-05,66.7075424194336,59.25741958618164,88.25,21.54484748840332,16.261390686035156
2009-05-06,67.8638916015625,59.11740493774414,89.54000091552734,21.91535186767578,16.881742477416992
2009-05-07,66.9211196899414,57.6741828918457,89.44000244140625,21.370088577270508,15.91561508178711
2009-05-08,68.48258209228516,57.8142204284668,89.9800033569336,22.08312225341797,16.978351593017578
2009-05-11,67.2010269165039,58.63633346557617,89.69000244140625,21.56582260131836,16.33257484436035
2009-05-12,67.00214385986328,58.84947204589844,90.69999694824219,21.719615936279297,16.286813735961914
2009-05-13,65.31549072265625,59.48887252807617,91.08999633789062,20.92268943786621,15.218995094299316
2009-05-14,65.87527465820312,59.720252990722656,91.02999877929688,21.223285675048828,15.580018043518066
2009-05-15,65.33760833740234,59.702003479003906,91.55000305175781,21.027549743652344,15.056280136108398
2009-05-18,67.19364929199219,58.7763786315918,90.36000061035156,22.194969177246094,16.266475677490234
2009-05-19,67.1126480102539,58.465824127197266,90.95999908447266,22.44663429260254,15.956294059753418
2009-05-20,66.663330078125,59.08083724975586,92.25,22.51653289794922,15.829174995422363
2009-05-21,65.70587158203125,57.59500503540039,93.8499984741211,22.097103118896484,15.874944686889648
2009-05-22,65.56591033935547,56.9555778503418,94.1500015258789,22.194969177246094,15.483409881591797
2009-05-26,67.24520874023438,56.096961975097656,93.76000213623047,22.460609436035156,16.40376091003418
2009-05-27,66.04463195800781,55.10437774658203,93.44999694824219,22.20196533203125,15.808839797973633
2009-05-28,66.96532440185547,55.90211486816406,94.23999786376953,22.887035369873047,16.027484893798828
2009-05-29,68.15113830566406,57.34529495239258,96.19999694824219,23.23655891418457,16.556306838989258
2009-06-01,69.80094146728516,55.65003204345703,95.7300033569336,24.215229034423828,17.40548324584961
2009-06-02,69.85987854003906,55.94929885864258,96.36000061035156,23.86570930480957,17.04445457458496
2009-06-03,68.97602844238281,56.4747200012207,94.41000366210938,23.019851684570312,17.01395034790039
2009-06-04,69.62419891357422,55.30785369873047,96.2300033569336,23.446277618408203,17.55803108215332
2009-06-05,69.63895416259766,54.886314392089844,93.70999908447266,23.495210647583008,17.51226806640625
2009-06-08,69.35171508789062,54.74578094482422,93.55999755859375,23.131702423095703,17.191919326782227
2009-06-09,69.70516967773438,54.739681243896484,93.83000183105469,23.173646926879883,17.191919326782227
2009-06-10,69.52842712402344,53.87827682495117,93.86000061035156,23.467248916625977,16.891910552978516
2009-06-11,69.83778381347656,54.477012634277344,93.69999694824219,23.9705753326416,16.546140670776367
2009-06-12,70.02928161621094,54.96572494506836,92.16999816894531,23.586090087890625,17.146154403686523
2009-06-15,68.42367553710938,55.4605827331543,91.0999984741211,22.740232467651367,16.33257484436035
2009-06-16,67.49562072753906,56.425899505615234,91.93000030517578,22.397693634033203,16.032569885253906
2009-06-17,67.4293441772461,56.108158111572266,92.3499984741211,22.146038055419922,15.7274808883667
2009-06-18,67.92281341552734,55.258995056152344,91.61000061035156,22.08312225341797,15.834259986877441
2009-06-19,68.1731948852539,56.01652908325195,91.9000015258789,22.194969177246094,15.991894721984863
2009-06-22,66.12887573242188,56.56026840209961,90.54000091552734,21.391061782836914,15.157975196838379
2009-06-23,66.18071746826172,57.226200103759766,90.91999816894531,21.52989387512207,15.2698335647583
2009-06-24,66.75106811523438,56.65190505981445,91.44999694824219,22.002073287963867,15.603198051452637
2009-06-25,68.20279693603516,57.69053649902344,92.30999755859375,22.657485961914062,15.809930801391602
2009-06-26,68.02503204345703,57.78824234008789,92.29000091552734,22.777286529541016,15.944308280944824
2009-06-29,68.66199493408203,57.8737678527832,92.04000091552734,22.94642448425293,15.933966636657715
2009-06-30,68.1064682006836,57.775997161865234,91.18000030517578,22.713865280151367,16.026996612548828
2009-07-01,68.38795471191406,57.66143035888672,92.38999938964844,23.129661560058594,16.30609130859375
2009-07-02,66.52143859863281,57.796295166015625,91.25,22.495393753051758,15.44297981262207
2009-07-06,66.5140151977539,57.68596649169922,90.76000213623047,22.446063995361328,15.830598831176758
2009-07-07,65.22523498535156,58.072086334228516,90.70999908447266,21.91750144958496,15.215572357177734
2009-07-08,65.18075561523438,59.1446418762207,89.2699966430664,21.66379737854004,15.07086181640625
2009-07-09,65.30670928955078,58.4398307800293,89.51000213623047,22.051401138305664,14.786601066589355
2009-07-10,65.15113830566406,58.979183197021484,89.58000183105469,21.790651321411133,14.765926361083984
2009-07-13,66.73622131347656,58.648197174072266,90.19000244140625,21.945690155029297,15.32411003112793
2009-07-14,67.1139907836914,57.67369079589844,90.80999755859375,22.185306549072266,15.510162353515625
2009-07-15,69.0768051147461,56.19048309326172,92.23999786376953,23.37631607055664,16.08385467529297
2009-07-16,68.9656753540039,56.79728698730469,91.9800033569336,23.418601989746094,16.26991844177246
2009-07-17,69.7212142944336,55.92080307006836,91.93000030517578,23.658220291137695,15.835775375366211
2009-07-20,70.46186828613281,56.214969635009766,93.27999877929688,24.503904342651367,16.393957138061523
2009-07-21,70.78778839111328,57.33662033081055,93.12999725341797,24.433427810668945,16.347444534301758
2009-07-22,70.77295684814453,56.82172775268555,93.44000244140625,24.377052307128906,16.36811065673828
2009-07-23,72.3358383178711,55.7797966003418,93.26000213623047,25.067703247070312,17.019323348999023
2009-07-24,72.63214111328125,56.04951858520508,93.41000366210938,24.947893142700195,17.138185501098633
2009-07-27,72.84693908691406,55.405967712402344,93.70999908447266,25.166364669799805,17.386274337768555
2009-07-28,72.50621032714844,55.89627456665039,92.11000061035156,25.05360984802246,17.37077522277832
2009-07-29,72.32845306396484,56.202762603759766,91.19999694824219,24.489809036254883,17.1536922454834
2009-07-30,73.08395385742188,56.99946594238281,91.62000274658203,25.09589385986328,17.768728256225586
2009-07-31,73.18766021728516,58.108848571777344,93.3499984741211,25.215702056884766,17.753223419189453
2009-08-03,74.39501190185547,57.22821807861328,93.87000274658203,26.16004753112793,18.07366180419922
2009-08-04,74.58753967285156,56.77314758300781,94.68000030517578,25.920440673828125,19.060819625854492
2009-08-05,74.37271881103516,55.924530029296875,94.77999877929688,25.70197105407715,19.789546966552734
2009-08-06,73.98757934570312,56.11516571044922,94.5999984741211,25.490550994873047,19.639671325683594
2009-08-07,74.9578857421875,55.64777755737305,93.75,25.7442569732666,20.735355377197266
2009-08-10,74.80235290527344,56.342674255371094,92.93000030517578,25.455307006835938,20.290878295898438
2009-08-11,73.86911010742188,56.99457931518555,92.79000091552734,24.976085662841797,19.701690673828125
2009-08-12,74.66157531738281,56.38570785522461,92.94999694824219,25.201601028442383,19.846399307250977
2009-08-13,75.23192596435547,57.185184478759766,93.72000122070312,25.638547897338867,19.94976806640625
2009-08-14,74.6541976928711,57.40655517578125,93.0,25.173418045043945,19.784379959106445
2009-08-17,72.81729125976562,58.25517272949219,91.61000061035156,24.186771392822266,18.730045318603516
2009-08-18,73.39503479003906,57.9169807434082,92.05999755859375,24.715330123901367,18.916099548339844
2009-08-19,74.0394287109375,58.3966178894043,92.52999877929688,24.77875518798828,18.766225814819336
2009-08-20,74.80235290527344,58.876338958740234,92.2699966430664,25.208646774291992,19.515623092651367
2009-08-21,76.2689208984375,57.6648063659668,93.6500015258789,25.589216232299805,20.027284622192383
2009-08-24,76.26152038574219,58.71028137207031,92.33999633789062,25.70197105407715,19.960102081298828
2009-08-25,76.4096450805664,59.04237365722656,92.76000213623047,25.645587921142578,20.182336807250977
2009-08-26,76.41705322265625,59.31292724609375,92.79000091552734,25.56806755065918,20.244354248046875
2009-08-27,76.58740997314453,59.079246520996094,93.19000244140625,25.518735885620117,20.440757751464844
2009-08-28,76.57257843017578,59.349822998046875,93.87000274658203,25.38484001159668,20.621641159057617
2009-08-31,75.89115905761719,59.40517044067383,93.4000015258789,24.884469985961914,20.296051025390625
2009-09-01,74.2171859741211,59.261409759521484,93.9000015258789,24.412288665771484,19.210693359375
2009-09-02,73.93573760986328,60.1251106262207,96.19000244140625,24.673044204711914,18.823068618774414
2009-09-03,74.55049133300781,59.7549934387207,97.45999908447266,25.166364669799805,19.20035171508789
2009-09-04,75.59489440917969,58.73704528808594,97.52999877929688,25.652647018432617,19.422597885131836
2009-09-08,76.24669647216797,58.32371139526367,97.43000030517578,26.181198120117188,20.099645614624023
2009-09-09,76.83182525634766,58.25585174560547,97.08000183105469,26.3221435546875,20.492435455322266
2009-09-10,77.61697387695312,59.32929229736328,97.69999694824219,26.667469024658203,20.797367095947266
2009-09-11,77.60218811035156,59.65625762939453,98.77999877929688,26.68156623840332,20.761188507080078
2009-09-14,77.9798812866211,59.063995361328125,97.95999908447266,26.58289909362793,21.3762264251709
2009-09-15,78.30582427978516,58.76173400878906,98.9000015258789,26.900035858154297,21.717342376708984
2009-09-16,79.4909439086914,58.86660385131836,99.91000366210938,27.576589584350586,22.601116180419922
2009-09-17,79.37244415283203,59.606876373291016,99.33999633789062,27.428590774536133,22.502933502197266
2009-09-18,79.42301940917969,59.076377868652344,98.66999816894531,27.50611686706543,22.533939361572266
2009-09-21,79.22208404541016,59.21208953857422,98.36000061035156,27.266490936279297,22.18248176574707
2009-09-22,79.68347930908203,59.33546829223633,99.66999816894531,27.682296752929688,22.885385513305664
2009-09-23,79.02115631103516,59.51441192626953,98.83000183105469,27.266490936279297,22.05845069885254
2009-09-24,78.15038299560547,59.68714141845703,97.55000305175781,26.73089599609375,21.25311279296875
2009-09-25,77.73362731933594,60.4459114074707,97.0,26.84364891052246,21.320951461791992
2009-09-28,79.12532806396484,60.97650909423828,97.05000305175781,27.188983917236328,22.203012466430664
2009-09-29,78.88717651367188,60.920928955078125,97.43000030517578,27.25240707397461,21.842893600463867
2009-09-30,78.58204650878906,60.86542510986328,98.8499984741211,27.421545028686523,21.634124755859375
2009-10-01,76.6321792602539,61.699005126953125,97.88999938964844,26.674514770507812,20.663326263427734
2009-10-02,76.27497100830078,61.27202606201172,98.37000274658203,26.68156623840332,20.517192840576172
2009-10-05,77.41361236572266,61.2781982421875,99.81999969482422,27.30174446105957,21.080867767333984
2009-10-06,78.52251434326172,60.67173385620117,102.27999877929688,27.752765655517578,21.023448944091797
2009-10-07,78.73835754394531,61.383426666259766,102.36000061035156,27.724590301513672,21.007797241210938
2009-10-08,79.3411636352539,60.73978042602539,103.63999938964844,28.0628604888916,21.409685134887695
2009-10-09,79.82489013671875,59.34739685058594,102.83999633789062,28.083999633789062,21.592365264892578
2009-10-12,80.1374740600586,59.44024658203125,103.55999755859375,28.316560745239258,21.561044692993164
2009-10-13,79.97370910644531,59.74967575073242,104.26000213623047,28.365896224975586,21.258319854736328
2009-10-14,81.35053253173828,58.86472702026367,104.18000030517578,29.28205680847168,22.036014556884766
2009-10-15,81.64820861816406,58.59241485595703,102.86000061035156,29.119964599609375,21.84811019897461
2009-10-16,81.0379638671875,59.06891632080078,103.18000030517578,28.71827507019043,21.273988723754883
2009-10-19,81.707763671875,59.53306198120117,104.2300033569336,29.267963409423828,21.733287811279297
2009-10-20,81.2761001586914,59.85485076904297,103.41999816894531,28.88035774230957,21.33139419555664
2009-10-21,80.54676818847656,59.49592971801758,103.75,28.72531509399414,21.059986114501953
2009-10-22,81.36542510986328,59.20505142211914,103.91999816894531,28.96492576599121,21.613231658935547
2009-10-23,80.4351577758789,58.759490966796875,103.48999786376953,28.72531509399414,21.357494354248047
2009-10-26,79.56442260742188,57.998321533203125,101.86000061035156,28.365896224975586,21.30530548095703
2009-10-27,79.19976043701172,58.79043197631836,101.8499984741211,27.87257194519043,20.997356414794922
2009-10-28,77.70384216308594,59.06891632080078,100.7300033569336,26.597002029418945,20.11529541015625
2009-10-29,79.3709487915039,58.425350189208984,102.69000244140625,27.77391815185547,21.033891677856445
2009-10-30,77.07127380371094,59.27312469482422,102.52999877929688,26.477190017700195,20.66853904724121
2009-11-02,77.63687896728516,59.011131286621094,103.94999694824219,26.871841430664062,20.663326263427734
2009-11-03,77.88249206542969,58.42133331298828,106.45999908447266,26.914119720458984,20.966045379638672
2009-11-04,78.08338928222656,57.887413024902344,107.0999984741211,27.41448974609375,20.517192840576172
2009-11-05,79.51976013183594,57.887413024902344,106.9800033569336,27.978294372558594,20.981704711914062
2009-11-06,79.72816467285156,57.94327926635742,107.43000030517578,27.94305992126465,20.637231826782227
2009-11-09,81.54402923583984,58.01162338256836,108.19000244140625,28.97197723388672,21.654993057250977
2009-11-10,81.55889129638672,57.906005859375,108.38999938964844,28.838071823120117,21.493196487426758
2009-11-11,81.97565460205078,58.148170471191406,109.5999984741211,29.084728240966797,21.895082473754883
2009-11-12,81.14216613769531,58.04261779785156,108.20999908447266,28.436370849609375,21.670644760131836
2009-11-13,81.58123016357422,58.309608459472656,109.73999786376953,28.92264747619629,21.962936401367188
2009-11-16,82.76457977294922,58.992462158203125,111.62999725341797,29.648529052734375,22.495296478271484
2009-11-17,82.8613052368164,59.30913162231445,111.97000122070312,29.542818069458008,22.10385513305664
2009-11-18,82.80921173095703,58.96146774291992,112.25,29.310256958007812,22.505746841430664
2009-11-19,81.7301025390625,59.0670166015625,112.30000305175781,28.767606735229492,21.989028930664062
2009-11-20,81.4398422241211,59.05459213256836,112.94000244140625,28.647794723510742,21.83245086669922
2009-11-23,82.47429656982422,58.980106353759766,114.29000091552734,29.246826171875,22.10906982421875
2009-11-24,82.600830078125,59.352603912353516,114.7300033569336,29.084728240966797,21.78026008605957
2009-11-25,82.89105987548828,59.62576675415039,116.62000274658203,29.423015594482422,21.868989944458008
2009-11-27,81.54402923583984,59.84928894042969,115.05999755859375,28.281330108642578,21.232229232788086
2009-11-30,81.81941223144531,59.99210739135742,115.63999938964844,28.556177139282227,22.025569915771484
2009-12-01,82.83153533935547,59.32377624511719,117.37999725341797,29.373689651489258,22.34916114807129
2009-12-02,82.7943344116211,59.37363815307617,119.18000030517578,29.493484497070312,22.714515686035156
2009-12-03,82.1468505859375,58.757041931152344,118.69999694824219,29.21864128112793,22.458768844604492
2009-12-04,82.61571502685547,58.13418960571289,113.75,29.486440658569336,23.121625900268555
2009-12-07,82.48918151855469,58.20893096923828,113.11000061035156,29.23273468017578,22.636226654052734
2009-12-08,81.57381439208984,58.2961311340332,110.94999694824219,28.69008445739746,22.505746841430664
2009-12-09,81.8789291381836,58.02829360961914,110.83999633789062,28.866270065307617,22.458768844604492
2009-12-10,82.34033203125,57.36184310913086,110.81999969482422,29.035402297973633,22.370040893554688
2009-12-11,82.69013977050781,57.35569381713867,109.31999969482422,29.141101837158203,22.730175018310547
2009-12-14,83.25574493408203,57.42418670654297,110.23999786376953,29.338438034057617,23.14250373840332
2009-12-15,82.86874389648438,57.16885757446289,110.20999908447266,29.035402297973633,22.912857055664062
2009-12-16,82.99526977539062,57.10035705566406,111.58999633789062,29.20454216003418,23.079877853393555
2009-12-17,81.99800872802734,58.040771484375,107.33999633789062,28.365896224975586,22.938940048217773
2009-12-18,82.46190643310547,57.791622161865234,108.94999694824219,28.443424224853516,23.09030532836914
2009-12-21,83.2999267578125,56.76399230957031,106.94999694824219,28.408191680908203,23.403465270996094
2009-12-22,83.59922790527344,56.4464111328125,106.16999816894531,28.694475173950195,23.64877700805664
2009-12-23,83.76384735107422,56.45878601074219,106.55000305175781,28.978662490844727,23.930625915527344
2009-12-24,84.16039276123047,55.87336730957031,108.36000061035156,29.269939422607422,24.2763614654541
2009-12-28,84.33995056152344,55.71768569946289,108.55000305175781,29.369401931762695,24.39268684387207
2009-12-29,84.22020721435547,56.08515548706055,107.47000122070312,29.264232635498047,24.02789878845215
2009-12-30,84.1903305053711,56.453941345214844,106.93000030517578,29.392139434814453,24.06490707397461
2009-12-31,83.38220977783203,56.1851692199707,107.30999755859375,29.491634368896484,23.65254020690918
2010-01-04,84.7964096069336,56.1351432800293,109.80000305175781,30.351505279541016,23.55208969116211
2010-01-05,85.02084350585938,56.49772644042969,109.69999694824219,30.57180404663086,23.525663375854492
2010-01-06,85.08070373535156,55.74140548706055,111.51000213623047,30.635761260986328,23.483366012573242
2010-01-07,85.43986511230469,55.835166931152344,110.81999969482422,30.45810317993164,23.737131118774414
2010-01-08,85.72417449951172,55.8101806640625,111.37000274658203,30.699716567993164,23.562667846679688
2010-01-11,85.84390258789062,55.50389862060547,112.8499984741211,30.635761260986328,23.700124740600586
2010-01-12,85.04329681396484,56.453941345214844,110.48999786376953,30.145416259765625,23.303621292114258
2010-01-13,85.76155853271484,55.79765701293945,111.54000091552734,30.237804412841797,23.774137496948242
2010-01-14,85.9935302734375,56.57894515991211,112.02999877929688,30.15963363647461,23.752988815307617
2010-01-15,85.0282974243164,56.92900085449219,110.86000061035156,29.81142234802246,23.573244094848633
2010-01-19,86.09078216552734,56.7664794921875,111.5199966430664,30.415462493896484,24.0543270111084
2010-01-20,85.21540069580078,57.341487884521484,108.94000244140625,29.683496475219727,23.784711837768555
2010-01-21,83.57676696777344,57.60404586791992,107.37000274658203,28.788095474243164,23.102725982666016
2010-01-22,81.71366882324219,57.50402069091797,107.16999816894531,28.148521423339844,22.52119255065918
2010-01-25,82.13265991210938,57.24150848388672,107.4800033569336,28.3546085357666,22.67978858947754
2010-01-26,81.78850555419922,57.26023864746094,107.55999755859375,27.764774322509766,22.46833038330078
2010-01-27,82.17756652832031,57.22905349731445,106.52999877929688,27.693708419799805,22.66922378540039
2010-01-28,81.23483276367188,57.197689056396484,106.4800033569336,27.5018367767334,22.47361183166504
2010-01-29,80.35189819335938,57.69779968261719,105.95999908447266,27.2033634185791,22.34673500061035
2010-02-01,81.60144805908203,57.17402267456055,108.3499984741211,27.93532371520996,22.753801345825195
2010-02-02,82.58911895751953,57.337120056152344,109.12999725341797,28.16272735595703,23.065723419189453
2010-02-03,82.17756652832031,56.67222213745117,108.69999694824219,27.99928855895996,22.690364837646484
2010-02-04,79.64110565185547,57.56919479370117,104.37000274658203,26.734329223632812,21.84979820251465
2010-02-05,79.80572509765625,57.69462966918945,104.68000030517578,26.435871124267578,22.251577377319336
2010-02-08,79.22958374023438,57.769935607910156,104.04000091552734,26.17293357849121,21.765195846557617
2010-02-09,80.22474670410156,57.1928596496582,105.41000366210938,27.025705337524414,21.69647979736328
2010-02-10,80.0676040649414,56.64712142944336,105.12000274658203,26.954641342163086,21.738771438598633
2010-02-11,80.90557861328125,56.33979797363281,107.12999725341797,27.665283203125,21.944950103759766
2010-02-12,80.83826446533203,56.57188034057617,107.04000091552734,27.31707191467285,22.20399284362793
2010-02-16,82.11023712158203,56.678504943847656,109.62000274658203,28.020606994628906,22.833114624023438
2010-02-17,82.49934387207031,56.03244400024414,109.25,28.120094299316406,23.039287567138672
2010-02-18,82.98566436767578,55.80663299560547,109.9800033569336,28.226686477661133,23.38292694091797
2010-02-19,83.15775299072266,56.10774230957031,109.47000122070312,27.985063552856445,23.398786544799805
2010-02-22,83.1727294921875,55.87564468383789,109.06999969482422,28.020606994628906,23.456932067871094
2010-02-23,82.16259002685547,56.74750518798828,107.88999938964844,27.37392234802246,23.277185440063477
2010-02-24,82.91831970214844,56.88551330566406,107.36000061035156,27.636856079101562,23.51508331298828
2010-02-25,82.80609130859375,57.20539093017578,108.30999755859375,27.40944480895996,23.604963302612305
2010-02-26,82.85845184326172,57.50019454956055,109.43000030517578,27.686599731445312,23.594396591186523
2010-03-01,83.71891784667969,57.47503662109375,109.43000030517578,28.15563201904297,23.79528045654297
2010-03-02,83.95085906982422,57.39954376220703,111.0199966430664,28.47540855407715,23.805850982666016
2010-03-03,84.02571868896484,57.25483322143555,111.62999725341797,28.51094627380371,23.742414474487305
2010-03-04,84.28008270263672,57.556800842285156,110.83000183105469,28.361705780029297,23.890438079833984
2010-03-05,85.48473358154297,56.80176544189453,110.80999755859375,29.10077667236328,24.54070281982422
2010-03-08,85.49971771240234,56.50602722167969,109.87999725341797,29.122098922729492,24.789167404174805
2010-03-09,85.64186096191406,56.518550872802734,109.72000122070312,29.285545349121094,24.84732437133789
2010-03-10,86.02349090576172,56.37385177612305,108.47000122070312,29.491634368896484,25.069374084472656
2010-03-11,86.38259887695312,56.58152389526367,108.5999984741211,29.49872589111328,25.21739387512207
2010-03-12,86.39007568359375,56.933868408203125,107.94999694824219,29.399240493774414,25.418291091918945
2010-03-15,86.41252899169922,56.858375549316406,108.36000061035156,29.186052322387695,25.360136032104492
2010-03-16,87.10090637207031,57.31144332885742,110.4000015258789,29.562698364257812,25.973398208618164
2010-03-17,87.6171646118164,57.556800842285156,109.58999633789062,29.882474899291992,26.359312057495117
2010-03-18,87.57227325439453,57.36809539794922,110.33999633789062,29.655078887939453,26.216571807861328
2010-03-19,87.12902069091797,57.424720764160156,108.27999877929688,29.27133560180664,25.93110466003418
2010-03-22,87.59481048583984,57.48757553100586,107.75,29.377933502197266,26.258867263793945
2010-03-23,88.2109146118164,57.217018127441406,108.31999969482422,29.584009170532227,26.184860229492188
2010-03-24,87.78266143798828,56.17250061035156,106.30000305175781,29.14341163635254,26.32758331298828
2010-03-25,87.63990020751953,55.81381607055664,106.77999877929688,29.06525230407715,26.392044067382812
2010-03-26,87.58731842041016,55.97113800048828,108.58999633789062,29.207365036010742,26.253562927246094
2010-03-29,88.14328002929688,55.75718688964844,108.75,29.733259201049805,26.333452224731445
2010-03-30,88.20341491699219,55.933349609375,107.97000122070312,29.846942901611328,26.29616355895996
2010-03-31,87.9028549194336,56.31721496582031,108.94999694824219,29.93222427368164,25.99789047241211
2010-04-01,88.5038833618164,56.17957305908203,110.26000213623047,30.71394157409668,26.13105010986328
2010-04-05,89.22515106201172,55.244815826416016,110.88999938964844,30.9910888671875,26.706317901611328
2010-04-06,89.435546875,55.33320999145508,111.02999877929688,31.083467483520508,27.318838119506836
2010-04-07,88.92465209960938,56.04056930541992,112.48999786376953,30.81342315673828,26.716955184936523
2010-04-08,89.23269653320312,56.06585693359375,112.6500015258789,30.920026779174805,26.74892234802246
2010-04-09,89.8187026977539,56.198463439941406,113.63999938964844,31.11189842224121,27.12708854675293
2010-04-12,89.96144104003906,56.49530792236328,113.01000213623047,30.863168716430664,26.956640243530273
2010-04-13,90.02906036376953,56.678504943847656,112.69000244140625,30.79920768737793,27.617094039916992
2010-04-14,91.05081176757812,56.280616760253906,113.02999877929688,31.254018783569336,27.659711837768555
2010-04-15,91.1259536743164,56.34380340576172,113.6500015258789,31.083467483520508,26.90337371826172
2010-04-16,89.67597198486328,56.754302978515625,111.23999786376953,30.17384147644043,26.285518646240234
2010-04-19,90.01405334472656,56.61537170410156,111.1500015258789,30.05303955078125,26.402698516845703
2010-04-20,90.81793212890625,56.817447662353516,111.45999908447266,30.408363342285156,26.850112915039062
2010-04-21,90.65264892578125,57.284793853759766,112.30999755859375,30.308860778808594,27.318838119506836
2010-04-22,90.92312622070312,57.11430358886719,111.83999633789062,30.436786651611328,27.7396183013916
2010-04-23,91.51663970947266,56.912166595458984,113.19000244140625,30.6002254486084,28.107120513916016
2010-04-26,91.17105102539062,56.975364685058594,112.75,30.6002254486084,28.330835342407227
2010-04-27,89.01482391357422,57.777435302734375,114.62999725341797,29.505842208862305,27.42535972595215
2010-04-28,89.69098663330078,57.284793853759766,114.30999755859375,29.75457000732422,27.510578155517578
2010-04-29,90.80292510986328,57.52479934692383,114.27999877929688,30.24491310119629,28.751623153686523
2010-04-30,89.26271057128906,58.18796157836914,115.36000061035156,29.882474899291992,27.856794357299805
2010-05-03,90.41970825195312,58.1119270324707,115.7300033569336,30.045928955078125,28.783580780029297
2010-05-04,88.29354858398438,59.15768814086914,114.87000274658203,28.66729164123535,28.128442764282227
2010-05-05,87.76761627197266,59.50627136230469,115.08999633789062,28.148521423339844,27.750268936157227
2010-05-06,84.85257720947266,61.34428405761719,118.48999786376953,26.997278213500977,26.610410690307617
2010-05-07,83.59039306640625,60.577362060546875,118.2699966430664,27.1393985748291,26.163021087646484
2010-05-10,87.27175903320312,59.32242965698242,117.56999969482422,29.093671798706055,27.88874626159668
2010-05-11,87.02381896972656,59.17035675048828,120.66000366210938,28.56780433654785,28.05385971069336
2010-05-12,88.24093627929688,58.720333099365234,121.4000015258789,28.92311668395996,28.506608963012695
2010-05-13,87.14405822753906,59.10698699951172,120.55999755859375,28.653074264526367,28.043216705322266
2010-05-14,85.5663070678711,60.133689880371094,120.37000274658203,28.063241958618164,27.153718948364258
2010-05-17,85.61138153076172,59.91191482543945,119.36000061035156,27.89268684387207,27.190994262695312
2010-05-18,84.44685363769531,60.83089065551758,119.48999786376953,27.309965133666992,26.50389289855957
2010-05-19,83.96604919433594,61.03371047973633,116.62999725341797,27.047027587890625,26.258893966674805
2010-05-20,80.79552459716797,62.32026672363281,115.83999633789062,25.70391273498535,24.91132164001465
2010-05-21,81.97504425048828,62.383628845214844,115.22000122070312,26.535358428955078,25.7475643157959
2010-05-24,80.92321014404297,62.16819381713867,116.83999633789062,26.25821304321289,25.172317504882812
2010-05-25,81.00587463378906,62.4724235534668,117.36000061035156,25.97395896911621,25.374713897705078
2010-05-26,80.51753997802734,62.294918060302734,118.47000122070312,25.959741592407227,25.32145118713379
2010-05-27,83.2147445678711,60.881568908691406,118.69000244140625,27.530269622802734,26.71161460876465
2010-05-28,82.17037963867188,61.16044235229492,118.87999725341797,27.0754451751709,26.370742797851562
2010-06-01,80.78800964355469,61.59031677246094,119.91000366210938,26.5779972076416,25.82212257385254
2010-06-02,82.89165496826172,61.005245208740234,119.77999877929688,27.508941650390625,26.328126907348633
2010-06-03,83.1771469116211,60.560123443603516,117.95999908447266,27.40944480895996,26.253562927246094
2010-06-04,80.25456237792969,62.1881103515625,119.19000244140625,26.435871124267578,24.767505645751953
2010-06-07,79.25533294677734,62.66506576538086,121.48999786376953,26.02370834350586,24.634342193603516
2010-06-08,80.10431671142578,62.353450775146484,121.0,26.620641708374023,25.076440811157227
2010-06-09,79.67603302001953,62.28349685668945,120.55999755859375,26.478506088256836,25.225570678710938
2010-06-10,82.00508117675781,61.17060089111328,118.97000122070312,27.40235137939453,26.317476272583008
2010-06-11,82.4032974243164,61.9464225769043,120.01000213623047,27.54446792602539,26.631736755371094
2010-06-14,82.27556610107422,61.628501892089844,119.5999984741211,27.55158233642578,26.961959838867188
2010-06-15,84.14633178710938,61.37413787841797,120.98999786376953,28.383031845092773,27.563840866088867
2010-06-16,84.11627960205078,61.72386169433594,120.33000183105469,28.383031845092773,27.313499450683594
2010-06-17,84.25150299072266,62.226253509521484,121.9000015258789,28.24091148376465,27.372100830078125
2010-06-18,84.3428726196289,62.124549865722656,122.83000183105469,28.368816375732422,27.286880493164062
2010-06-21,84.10128784179688,61.9464225769043,120.38999938964844,28.85915756225586,27.073814392089844
2010-06-22,82.71231842041016,62.68415832519531,121.44999694824219,28.30485725402832,26.269548416137695
2010-06-23,82.45565795898438,63.11021041870117,120.94999694824219,28.3778133392334,26.338787078857422
2010-06-24,81.08930969238281,62.735023498535156,121.30000305175781,27.87708282470703,25.781219482421875
2010-06-25,81.42903900146484,62.98936080932617,122.76000213623047,28.206138610839844,26.431804656982422
2010-06-28,81.17237091064453,63.58086013793945,121.08999633789062,28.012989044189453,26.119949340820312
2010-06-29,78.66614532470703,64.27396392822266,121.2699966430664,26.875595092773438,25.265056610107422
2010-06-30,77.9188232421875,64.7064437866211,121.68000030517578,26.696760177612305,24.9962215423584
2010-07-01,77.57157135009766,64.80847930908203,117.04000091552734,26.88990592956543,24.91019058227539
2010-07-02,77.14884185791016,64.29180908203125,118.48999786376953,27.004365921020508,24.431665420532227
2010-07-06,77.6546401977539,64.82124328613281,116.51000213623047,27.50510025024414,23.888614654541016
2010-07-07,80.10041809082031,64.06214904785156,117.7300033569336,28.113142013549805,25.04998207092285
2010-07-08,80.89307403564453,63.653934478759766,117.20999908447266,28.249061584472656,25.361833572387695
2010-07-09,81.49695587158203,63.290313720703125,118.36000061035156,28.592432022094727,25.68443489074707
2010-07-12,81.54981994628906,63.26482009887695,117.33999633789062,28.363529205322266,25.765077590942383
2010-07-13,82.7802505493164,62.72263717651367,118.36000061035156,28.692581176757812,26.3995304107666
2010-07-14,82.7726821899414,63.35409164428711,118.30000305175781,28.635353088378906,26.243610382080078
2010-07-15,82.79535675048828,63.98564529418945,118.2300033569336,28.499425888061523,26.15758514404297
2010-07-16,80.51560974121094,64.29818725585938,116.66999816894531,27.648170471191406,25.308069229125977
2010-07-19,80.9912109375,63.902679443359375,115.7300033569336,28.012989044189453,25.619922637939453
2010-07-20,81.88948822021484,63.99839401245117,116.6500015258789,28.671123504638672,26.09844398498535
2010-07-21,80.82508087158203,65.08277130126953,115.8499984741211,28.3778133392334,25.55539894104004
2010-07-22,82.62926483154297,64.3300552368164,116.86000061035156,29.236244201660156,26.512451171875
2010-07-23,83.346435546875,63.64755630493164,116.08999633789062,29.436532974243164,26.851181030273438
2010-07-26,84.21453094482422,63.53913879394531,115.5199966430664,29.6368350982666,27.523258209228516
2010-07-27,84.20699310302734,62.92675018310547,113.51000213623047,29.58676528930664,27.51788330078125
2010-07-28,83.66348266601562,63.13087844848633,113.77999877929688,29.42223358154297,27.46411895751953
2010-07-29,83.2558364868164,63.111724853515625,114.29000091552734,29.472307205200195,27.23291015625
2010-07-30,83.24073028564453,64.09405517578125,115.48999786376953,29.615379333496094,27.394224166870117
2010-08-02,85.12040710449219,63.194297790527344,115.54000091552734,30.38080406188965,28.31363868713379
2010-08-03,84.7127456665039,63.559051513671875,115.98999786376953,30.23773193359375,28.039438247680664
2010-08-04,85.27890014648438,63.07270050048828,116.72000122070312,30.280649185180664,28.23836898803711
2010-08-05,85.18832397460938,63.367069244384766,116.9800033569336,30.144729614257812,27.883501052856445
2010-08-06,84.84109497070312,64.05821228027344,117.83999633789062,30.1018123626709,27.754467010498047
2010-08-09,85.29399108886719,63.821434020996094,117.4000015258789,30.259185791015625,28.071691513061523
2010-08-10,84.83354187011719,63.95580291748047,117.7300033569336,29.844287872314453,27.797473907470703
2010-08-11,82.50846862792969,64.81334686279297,117.33999633789062,28.892864227294922,27.103883743286133
2010-08-12,82.00274658203125,64.65338897705078,118.7699966430664,28.94295310974121,26.76515769958496
2010-08-13,81.76116943359375,65.4596939086914,118.73999786376953,29.100326538085938,26.76515769958496
2010-08-16,81.72341918945312,67.09796142578125,119.7300033569336,29.372156143188477,26.743642807006836
2010-08-17,82.7274169921875,66.7140121459961,119.75,29.67975616455078,27.356597900390625
2010-08-18,82.87837982177734,66.8932113647461,120.22000122070312,29.658296585083008,27.383474349975586
2010-08-19,81.43657684326172,67.93628692626953,120.38999938964844,29.42938995361328,26.68450927734375
2010-08-20,81.17237091064453,67.85948944091797,119.97000122070312,29.34354591369629,26.598480224609375
2010-08-23,80.86288452148438,67.872314453125,119.77999877929688,29.0788631439209,26.458677291870117
2010-08-24,79.6625747680664,68.9601821899414,120.36000061035156,28.706886291503906,26.351146697998047
2010-08-25,79.97212219238281,68.73615264892578,121.36000061035156,28.520893096923828,26.770526885986328
2010-08-26,79.43617248535156,69.3825454711914,120.95999908447266,28.34206199645996,26.609230041503906
2010-08-27,80.66656494140625,67.41792297363281,121.01000213623047,28.964414596557617,27.05011749267578
2010-08-30,79.49649810791016,68.7105712890625,120.91000366210938,28.48513412475586,26.84042739868164
2010-08-31,79.49649810791016,69.47211456298828,122.08000183105469,28.65681266784668,27.044734954833984
2010-09-01,81.87439727783203,68.03567504882812,121.69000244140625,29.66546058654785,27.926511764526367
2010-09-02,82.63684844970703,67.31680297851562,122.29000091552734,29.715526580810547,28.281375885009766
2010-09-03,83.70875549316406,66.48242950439453,121.86000061035156,30.066043853759766,28.695384979248047
2010-09-07,82.76516723632812,67.8431396484375,122.69999694824219,29.629676818847656,28.25448989868164
2010-09-08,83.346435546875,67.3039779663086,122.70999908447266,29.951587677001953,28.31363868713379
2010-09-09,83.73141479492188,65.9753189086914,121.55999755859375,30.123266220092773,27.985652923583984
2010-09-10,84.15414428710938,65.67369079589844,121.7300033569336,30.230566024780273,28.13621711730957
2010-09-13,85.09019470214844,65.99459838867188,121.62000274658203,30.953075408935547,28.598594665527344
2010-09-14,85.03736114501953,66.6300048828125,124.0199966430664,30.938772201538086,28.49106788635254
2010-09-15,85.36194610595703,65.64163970947266,123.94000244140625,30.9816951751709,28.738401412963867
2010-09-16,85.33930206298828,64.9933090209961,124.62999725341797,30.824310302734375,28.587846755981445
2010-09-17,85.37118530273438,65.25645446777344,124.54000091552734,30.77423667907715,28.673858642578125
2010-09-20,86.67657470703125,65.63516235351562,124.87000274658203,31.26067543029785,29.372848510742188
2010-09-21,86.50196838378906,66.54655456542969,126.01000213623047,31.167678833007812,28.942699432373047
2010-09-22,86.07695770263672,67.14352416992188,126.19999694824219,31.189130783081055,28.55019760131836
2010-09-23,85.37875366210938,67.33606719970703,126.30000305175781,30.988845825195312,27.845869064331055
2010-09-24,87.13947296142578,66.43109893798828,126.69000244140625,31.561115264892578,28.63359260559082
2010-09-27,86.7220230102539,67.58641052246094,126.72000122070312,31.50389862060547,28.280961990356445
2010-09-28,87.02562713623047,68.04847717285156,127.8499984741211,31.732791900634766,28.394878387451172
2010-09-29,86.87384796142578,67.76612091064453,127.94999694824219,31.840105056762695,28.172466278076172
2010-09-30,86.61580657958984,67.7211685180664,127.91000366210938,32.02610397338867,28.25383186340332
2010-10-01,86.98011016845703,67.39392852783203,128.91000366210938,32.49822998046875,28.394878387451172
2010-10-04,86.32740020751953,67.56783294677734,128.4600067138672,32.39807891845703,28.655302047729492
2010-10-05,88.06535339355469,67.16200256347656,130.99000549316406,32.98466491699219,29.11100196838379
2010-10-06,88.05774688720703,68.00592803955078,131.80999755859375,32.97035217285156,28.953670501708984
2010-10-07,87.95149993896484,67.43901824951172,130.3699951171875,32.67706298828125,29.035043716430664
2010-10-08,88.4448013305664,67.14265441894531,131.66000366210938,33.07049560546875,29.11641502380371
2010-10-11,88.52828216552734,67.15550231933594,132.2899932861328,33.04905319213867,29.11100196838379
2010-10-12,88.801513671875,66.49195098876953,131.9600067138672,32.91313171386719,29.317155838012695
2010-10-13,89.49212646484375,66.38885498046875,134.07000732421875,33.52117156982422,29.620960235595703
2010-10-14,89.14303588867188,65.39675903320312,134.75,33.463932037353516,29.54500961303711
2010-10-15,89.32515716552734,64.59788513183594,133.67999267578125,33.421024322509766,29.50702667236328
2010-10-18,89.76531219482422,65.1197509765625,134.27999877929688,33.43532943725586,29.886795043945312
2010-10-19,88.58902740478516,65.51273345947266,130.11000061035156,32.376625061035156,29.51786994934082
2010-10-20,89.45419311523438,65.6544418334961,131.32000732421875,32.89167785644531,30.163471221923828
2010-10-21,89.6514663696289,64.87491607666016,129.47000122070312,32.89167785644531,30.130922317504883
2010-10-22,89.8184585571289,65.31300354003906,129.72999572753906,32.92742919921875,30.147178649902344
2010-10-25,90.08406066894531,65.49980926513672,130.85000610351562,33.28510665893555,30.20143699645996
2010-10-26,90.09927368164062,64.48841857910156,130.8800048828125,33.256500244140625,29.98443603515625
2010-10-27,89.8412094116211,63.921451568603516,129.52000427246094,32.691375732421875,29.77286720275879
2010-10-28,89.8564224243164,64.09537506103516,131.24000549316406,32.89881896972656,29.588403701782227
2010-10-29,89.92472839355469,64.69447326660156,132.6199951171875,32.99181365966797,29.593826293945312
2010-11-01,89.95508575439453,64.41600036621094,131.9199981689453,33.35663604736328,29.848798751831055
2010-11-02,90.66847229003906,65.26261901855469,132.49000549316406,33.77153396606445,30.05495262145996
2010-11-03,91.03270721435547,63.931243896484375,131.57000732421875,33.97898864746094,30.05495262145996
2010-11-04,92.78582763671875,64.428955078125,136.02999877929688,34.75156784057617,30.749364852905273
2010-11-05,93.13496398925781,63.32371520996094,136.3800048828125,34.687191009521484,31.08030891418457
2010-11-08,92.96040344238281,63.60810470581055,137.77999877929688,34.54411697387695,30.912132263183594
2010-11-09,92.29254913330078,62.205684661865234,135.58999633789062,34.107757568359375,29.658931732177734
2010-11-10,92.66443634033203,62.28965759277344,137.24000549316406,34.35811996459961,30.027835845947266
2010-11-11,92.31529998779297,62.25733184814453,137.66000366210938,34.02191925048828,29.789138793945312
2010-11-12,91.22247314453125,61.92127227783203,133.69000244140625,33.19926071166992,29.5124568939209
2010-11-15,91.09346008300781,60.628684997558594,132.4199981689453,33.18496322631836,29.230344772338867
2010-11-16,89.67424774169922,62.13457489013672,130.97000122070312,32.3122444152832,28.226707458496094
2010-11-17,89.71979522705078,61.79201126098633,130.3800048828125,32.47676086425781,28.443714141845703
2010-11-18,91.0403060913086,62.0440788269043,132.08999633789062,33.24934387207031,28.698692321777344
2010-11-19,91.29077911376953,62.4254264831543,132.1999969482422,33.27079391479492,28.8505859375
2010-11-22,91.21488189697266,62.69039535522461,133.47999572753906,33.170650482177734,28.92655372619629
2010-11-23,89.89434051513672,63.0006103515625,134.41000366210938,32.119102478027344,28.698692321777344
2010-11-24,91.22247314453125,61.87604522705078,134.17999267578125,32.86305236816406,29.25204086303711
2010-11-26,90.15996551513672,62.73565673828125,133.11000061035156,32.04756546020508,29.1923828125
2010-11-29,90.43317413330078,63.272029876708984,133.50999450683594,32.29792785644531,29.176095962524414
2010-11-30,89.92472839355469,63.60164260864258,135.4199981689453,32.03324890136719,29.045894622802734
2010-12-01,91.83721160888672,62.187835693359375,135.3800048828125,32.94889450073242,29.214061737060547
2010-12-02,93.0135269165039,62.025699615478516,135.1999969482422,33.59986114501953,29.664344787597656
2010-12-03,93.26395416259766,61.539302825927734,138.07000732421875,33.72146224975586,29.658931732177734
2010-12-06,93.165283203125,62.408363342285156,139.11000061035156,33.66424560546875,29.71860694885254
2010-12-07,93.21846008300781,61.07232666015625,136.5,33.50687026977539,29.78371238708496
2010-12-08,93.55995178222656,60.48221969604492,134.7899932861328,33.292266845703125,29.344276428222656
2010-12-09,93.9242172241211,60.78060531616211,135.3699951171875,33.17780303955078,29.08387565612793
2010-12-10,94.47064971923828,60.4109001159668,135.41000366210938,33.32802963256836,29.27374839782715
2010-12-13,94.5313491821289,60.63787841796875,136.0500030517578,33.542625427246094,29.322566986083984
2010-12-14,94.61483764648438,59.75586700439453,136.17999267578125,33.59270477294922,29.035043716430664
2010-12-15,94.18223571777344,58.977603912353516,134.6999969482422,33.04905319213867,28.758359909057617
2010-12-16,94.72869873046875,59.38617706298828,133.80999755859375,33.14204406738281,28.807188034057617
2010-12-17,94.83016967773438,60.46920394897461,134.1999969482422,33.192115783691406,29.045894622802734
2010-12-20,95.05901336669922,60.40437698364258,135.11000061035156,33.04188537597656,29.393102645874023
2010-12-21,95.66173553466797,60.82595443725586,135.32000732421875,33.524200439453125,29.702341079711914
2010-12-22,95.95926666259766,60.39141082763672,135.0500030517578,33.639564514160156,29.93017578125
2010-12-23,95.82192993164062,60.268211364746094,134.66000366210938,33.60350036621094,29.794553756713867
2010-12-27,95.86009979248047,60.80644989013672,135.02000427246094,33.495365142822266,30.164764404296875
2010-12-28,95.9974136352539,59.61561584472656,137.22000122070312,33.524200439453125,30.285419464111328
2010-12-29,96.06604766845703,60.624244689941406,137.7100067138672,33.953407287597656,30.34575080871582
2010-12-30,95.91349792480469,60.57870864868164,137.02999877929688,34.12652587890625,30.428014755249023
2010-12-31,95.9363784790039,61.248958587646484,138.72000122070312,34.364566802978516,30.36767578125
2011-01-03,96.92819213867188,60.78693389892578,138.0,34.69638442993164,30.932586669921875
2011-01-04,96.87476348876953,60.8585319519043,134.75,34.85507583618164,30.340272903442383
2011-01-05,97.3782730102539,59.51793670654297,134.3699951171875,34.768524169921875,30.449949264526367
2011-01-06,97.18759155273438,59.778297424316406,133.8300018310547,34.400630950927734,30.164764404296875
2011-01-07,96.99684143066406,60.09713363647461,133.5800018310547,34.08323669433594,30.175722122192383
2011-01-10,96.87476348876953,60.422523498535156,134.1199951171875,33.729793548583984,30.17025375366211
2011-01-11,97.21807098388672,60.08418655395508,134.91000366210938,34.090450286865234,30.104429244995117
2011-01-12,98.09545135498047,59.61561584472656,135.4600067138672,34.775726318359375,30.230573654174805
2011-01-13,97.93522644042969,60.14918899536133,134.0500030517578,34.47277069091797,30.329294204711914
2011-01-14,98.64472198486328,59.765235900878906,132.69000244140625,34.573753356933594,30.532222747802734
2011-01-18,98.81260681152344,59.48548126220703,133.42999267578125,34.523258209228516,30.795490264892578
2011-01-19,97.84366607666016,59.91497039794922,133.72000122070312,34.2563591003418,30.38962745666504
2011-01-20,97.71395874023438,59.08846664428711,131.1999969482422,33.88125991821289,30.395112991333008
2011-01-21,97.93522644042969,59.55706024169922,131.02999877929688,33.527809143066406,30.417043685913086
2011-01-24,98.49214172363281,59.58308029174805,130.36000061035156,33.787498474121094,30.570608139038086
2011-01-25,98.5455093383789,60.14918899536133,130.10000610351562,33.58552551269531,30.927099227905273
2011-01-26,98.927001953125,59.2381477355957,131.16000366210938,33.88125991821289,30.976459503173828
2011-01-27,99.171142578125,59.50497055053711,127.93000030517578,33.76585006713867,31.464576721191406
2011-01-28,97.43932342529297,59.81731414794922,130.27999877929688,32.698272705078125,30.943565368652344
2011-01-31,98.17172241210938,59.36180114746094,129.8699951171875,33.04451370239258,31.354888916015625
2011-02-01,99.74334716796875,59.06793212890625,130.8000030517578,33.84519958496094,31.43168830871582
2011-02-02,99.5525894165039,59.08101272583008,130.4499969482422,33.592742919921875,31.43168830871582
2011-02-03,99.77383422851562,58.59123611450195,132.1999969482422,33.54944610595703,31.51943588256836
2011-02-04,100.05611419677734,57.99691390991211,131.66000366210938,33.54224395751953,31.2890682220459
2011-02-07,100.68170166015625,58.29732131958008,131.67999267578125,33.58552551269531,31.596214294433594
2011-02-08,101.13945007324219,57.761871337890625,133.13999938964844,33.59994888305664,31.73332405090332
2011-02-09,100.91059875488281,58.26469802856445,133.07000732421875,32.82811737060547,31.755271911621094
2011-02-10,100.94872283935547,57.59206771850586,132.85000610351562,32.5179328918457,31.88690185546875
2011-02-11,101.5513916015625,58.42144012451172,132.32000732421875,32.9146842956543,32.09530258178711
2011-02-14,101.79552459716797,58.46062088012695,132.9499969482422,32.748775482177734,32.10077667236328
2011-02-15,101.47515869140625,58.72182083129883,133.97000122070312,32.813697814941406,31.98013687133789
2011-02-16,102.11600494384766,58.53244400024414,134.10000610351562,33.087791442871094,32.05142593383789
2011-02-17,102.42115783691406,58.623863220214844,135.0399932861328,33.203208923339844,32.0843391418457
2011-02-18,102.63475799560547,58.44101333618164,135.41000366210938,33.405174255371094,32.210487365722656
2011-02-22,100.57491302490234,59.31608963012695,136.2899932861328,32.33760070800781,31.93077850341797
2011-02-23,99.9569320678711,59.53156280517578,137.50999450683594,32.366458892822266,31.66202735900879
2011-02-24,99.88824462890625,59.91032028198242,136.47999572753906,32.445804595947266,31.420719146728516
2011-02-25,100.95635986328125,60.262977600097656,137.3800048828125,32.83531951904297,32.034969329833984
2011-02-28,101.58191680908203,60.34141540527344,137.66000366210938,33.03009796142578,32.83023452758789
2011-03-01,99.88824462890625,60.51628112792969,140.02999877929688,32.69105529785156,31.853992462158203
2011-03-02,100.1019058227539,59.58599853515625,139.9199981689453,33.13829040527344,31.563310623168945
2011-03-03,101.82605743408203,59.002906799316406,138.08999633789062,33.79471206665039,32.018524169921875
2011-03-04,101.06316375732422,59.494258880615234,139.35000610351562,33.83076477050781,31.711383819580078
2011-03-07,100.26972961425781,59.11430740356445,139.72000122070312,33.35469055175781,31.48104476928711
2011-03-08,101.14708709716797,58.75394821166992,139.36000061035156,33.801918029785156,31.9252872467041
2011-03-09,101.00215148925781,59.32390213012695,139.41000366210938,33.86683654785156,31.89238166809082
2011-03-10,99.13297271728516,60.31975555419922,137.77000427246094,32.86418151855469,31.404260635375977
2011-03-11,99.8196029663086,59.97907257080078,138.22000122070312,33.203208923339844,31.722362518310547
2011-03-14,99.2168960571289,59.95283889770508,138.86000061035156,33.397972106933594,31.404260635375977
2011-03-15,98.08013916015625,60.85038375854492,136.27000427246094,32.842529296875,31.239727020263672
2011-03-16,96.26444244384766,61.538291931152344,136.24000549316406,32.17169952392578,30.779016494750977
2011-03-17,97.53852844238281,61.06664276123047,136.97000122070312,32.56843185424805,31.014860153198242
2011-03-18,97.89324951171875,61.230377197265625,138.3699951171875,32.62614822387695,31.327470779418945
2011-03-21,99.410400390625,60.870059967041016,139.13999938964844,33.253700256347656,31.667505264282227
2011-03-22,99.06555938720703,61.073158264160156,139.0500030517578,33.35469055175781,31.464576721191406
2011-03-23,99.34907531738281,60.99456787109375,140.33999633789062,33.79471206665039,31.119056701660156
2011-03-24,100.29920959472656,60.53597640991211,139.22000122070312,34.18423080444336,31.250699996948242
2011-03-25,100.6056900024414,60.385223388671875,139.25999450683594,34.14817810058594,31.494871139526367
2011-03-28,100.36052703857422,60.47044372558594,138.5399932861328,33.97504425048828,31.456195831298828
2011-03-29,101.03482055664062,60.00526809692383,138.2100067138672,34.364566802978516,31.583253860473633
2011-03-30,101.73209381103516,60.48356246948242,138.6699981689453,34.80459213256836,32.04178237915039
2011-03-31,101.59414672851562,60.35905456542969,139.86000061035156,35.107540130615234,32.30144119262695
2011-04-01,102.02320861816406,60.6524658203125,139.1999969482422,35.67018508911133,32.351165771484375
2011-04-04,102.10749053955078,60.71828079223633,139.83999633789062,35.9731559753418,32.32905578613281
2011-04-05,102.09217834472656,60.47486877441406,142.0500030517578,35.901023864746094,32.362220764160156
2011-04-06,102.41400146484375,59.56691360473633,142.3800048828125,36.09577941894531,32.378780364990234
2011-04-07,102.15349578857422,59.448543548583984,142.50999450683594,36.05970764160156,32.019683837890625
2011-04-08,101.80103302001953,59.1327018737793,143.66000366210938,36.09577941894531,31.787670135498047
2011-04-11,101.49456024169922,59.18539810180664,142.63999938964844,35.67018508911133,31.809782028198242
2011-04-12,100.73596954345703,59.8234977722168,141.61000061035156,34.999359130859375,31.754526138305664
2011-04-13,100.72831726074219,60.19853973388672,141.89999389648438,35.28787612915039,31.704788208007812
2011-04-14,100.80488586425781,60.152442932128906,143.80999755859375,35.39607238769531,32.163330078125
2011-04-15,101.17271423339844,60.96826934814453,145.0500030517578,35.43935012817383,32.57766342163086
2011-04-18,100.0386962890625,61.10639572143555,145.92999267578125,34.55211639404297,32.28485870361328
2011-04-19,100.61338806152344,61.36960983276367,145.92999267578125,35.04983901977539,32.53899002075195
2011-04-20,101.98493194580078,60.97487258911133,146.5,35.879371643066406,32.920169830322266
2011-04-21,102.50597381591797,60.922245025634766,146.74000549316406,36.19677734375,33.14116287231445
2011-04-25,102.3987045288086,61.15250015258789,146.8699951171875,35.901023864746094,33.36212921142578
2011-04-26,103.27983093261719,61.74462890625,146.3800048828125,36.2111930847168,33.65493392944336
2011-04-27,103.95411682128906,61.11302185058594,149.1999969482422,36.14627456665039,33.90353775024414
2011-04-28,104.29131317138672,61.58012390136719,149.82000732421875,35.85052490234375,34.356529235839844
2011-04-29,104.53643798828125,61.77094268798828,152.3699951171875,36.066925048828125,34.15763473510742
2011-05-02,104.3755111694336,61.87004852294922,150.41000366210938,36.07413101196289,34.207374572753906
2011-05-03,104.00012969970703,62.22021484375,149.8800048828125,35.27345275878906,33.914588928222656
2011-05-04,103.31048583984375,62.497745513916016,147.72999572753906,34.68916702270508,33.721221923828125
2011-05-05,102.37572479248047,63.09239196777344,143.47000122070312,34.357357025146484,33.699127197265625
2011-05-06,102.82778930664062,62.814857482910156,145.3000030517578,34.80459213256836,33.40080642700195
2011-05-09,103.2262191772461,62.74876403808594,147.3800048828125,34.8695068359375,33.572059631347656
2011-05-10,104.10733032226562,62.299461364746094,147.89999389648438,35.280662536621094,34.102413177490234
2011-05-11,103.01166534423828,62.65633010864258,146.5399932861328,34.501625061035156,33.743316650390625
2011-05-12,103.5020751953125,62.25984573364258,146.58999633789062,34.60261154174805,33.7985725402832
2011-05-13,102.70516967773438,62.82145309448242,145.6300048828125,33.84519958496094,33.43947982788086
2011-05-16,102.05387878417969,63.17164611816406,145.3699951171875,33.79471206665039,33.489200592041016
2011-05-17,102.03852081298828,63.819183349609375,144.74000549316406,33.902915954589844,33.4781494140625
2011-05-18,102.9503402709961,62.97344970703125,145.60000610351562,34.451114654541016,33.80408477783203
2011-05-19,103.19556427001953,62.94700241088867,145.64999389648438,34.22751235961914,33.94771957397461
2011-05-20,102.37572479248047,62.98008346557617,147.49000549316406,33.953407287597656,33.533390045166016
2011-05-23,101.18804931640625,63.28398513793945,147.8300018310547,33.24648666381836,33.19088363647461
2011-05-24,101.10374450683594,63.5218391418457,148.58999633789062,33.57830047607422,33.29031753540039
2011-05-25,101.44091796875,63.224517822265625,148.5800018310547,33.65044403076172,33.44499969482422
2011-05-26,101.90831756591797,63.76631164550781,148.22000122070312,34.08323669433594,33.892478942871094
2011-05-27,102.2990951538086,63.7398796081543,149.6999969482422,34.443912506103516,34.08583450317383
2011-05-31,103.36414337158203,63.885223388671875,149.63999938964844,35.00656509399414,34.62722396850586
2011-06-01,101.04241943359375,64.74861145019531,149.91000366210938,34.378997802734375,33.63283920288086
2011-06-02,100.93516540527344,63.51520919799805,149.5,34.70359420776367,33.389747619628906
2011-06-03,99.93142700195312,63.879940032958984,150.22000122070312,34.53047561645508,33.5223503112793
2011-06-06,98.87405395507812,63.395851135253906,150.47999572753906,33.97504425048828,33.030670166015625
2011-06-07,98.81272888183594,63.687625885009766,150.4199981689453,34.24193572998047,33.37870407104492
2011-06-08,98.39897918701172,64.18498229980469,149.80999755859375,33.99668502807617,33.284793853759766
2011-06-09,99.14989471435547,63.92634201049805,150.55999755859375,34.263580322265625,32.925689697265625
2011-06-10,97.77068328857422,64.41706848144531,149.24000549316406,33.520606994628906,32.0970458984375
2011-06-13,97.84729766845703,64.09213256835938,147.77000427246094,33.462886810302734,32.229610443115234
2011-06-14,99.08860778808594,63.123939514160156,148.6699981689453,33.96782302856445,32.71025466918945
2011-06-15,97.32626342773438,64.27118682861328,149.1199951171875,33.23927688598633,32.185420989990234
2011-06-16,97.54081726074219,64.5629653930664,148.97000122070312,32.9868049621582,32.43955612182617
2011-06-17,97.83187103271484,64.25790405273438,149.94000244140625,33.03009796142578,32.74892044067383
2011-06-20,98.33241271972656,64.33750915527344,150.02999877929688,32.979591369628906,33.146663665771484
2011-06-21,99.67993927001953,64.05236053466797,150.75999450683594,33.58552551269531,33.40632629394531
2011-06-22,99.0793228149414,64.09213256835938,150.99000549316406,33.25111389160156,33.306884765625
2011-06-23,98.79441833496094,64.5828628540039,148.33999633789062,33.2073974609375,32.63290786743164
2011-06-24,97.64705657958984,64.31095123291016,146.25999450683594,33.149112701416016,32.63793182373047
2011-06-27,98.51721954345703,63.42902374267578,145.72999572753906,33.53524398803711,32.77721405029297
2011-06-28,99.80315399169922,62.918392181396484,146.24000549316406,33.994239807128906,33.05021667480469
2011-06-29,100.65786743164062,62.50060272216797,147.17999267578125,34.30751419067383,33.39564514160156
2011-06-30,101.62042999267578,62.401161193847656,146.0,34.679080963134766,33.48478317260742
2011-07-01,103.12197875976562,62.30134582519531,144.92999267578125,35.08707046508789,34.05866241455078
2011-07-05,103.03722381591797,62.4410400390625,147.6300048828125,35.0724983215332,34.32052230834961
2011-07-06,103.16045379638672,62.76046371459961,148.91000366210938,34.83935546875,34.576820373535156
2011-07-07,104.23078155517578,62.57415771484375,149.14999389648438,35.3202018737793,35.01139831542969
2011-07-08,103.49156188964844,63.459110260009766,150.25,34.919498443603516,34.96682357788086
2011-07-11,101.62042999267578,64.41065979003906,151.58999633789062,33.9432487487793,34.35951614379883
2011-07-12,101.1814956665039,64.63021087646484,152.77000427246094,33.60081481933594,34.47651290893555
2011-07-13,101.52027130126953,64.80987548828125,154.13999938964844,34.14723205566406,34.13665771484375
2011-07-14,100.81957244873047,63.88494110107422,154.5399932861328,33.78295135498047,33.819087982177734
2011-07-15,101.40480041503906,63.99148178100586,155.1999969482422,33.994239807128906,34.1923828125
2011-07-18,100.5731430053711,63.37260437011719,156.57000732421875,33.60081481933594,33.95279312133789
2011-07-19,102.20561981201172,64.69007873535156,154.66000366210938,34.08895492553711,34.498802185058594
2011-07-20,102.1440200805664,63.92491912841797,156.02000427246094,34.190948486328125,34.74951934814453
2011-07-21,103.5608901977539,63.4324836730957,154.8300018310547,34.737361907958984,35.02810287475586
2011-07-22,103.63019561767578,63.911590576171875,156.1199951171875,34.71550750732422,35.2008171081543
2011-07-25,103.05267333984375,63.21293258666992,157.33999633789062,34.64264678955078,34.87211227416992
2011-07-26,102.6676254272461,63.645484924316406,157.77000427246094,34.759220123291016,34.95009994506836
2011-07-27,100.56546783447266,63.652061462402344,157.19000244140625,34.14723205566406,33.969520568847656
2011-07-28,100.27284240722656,63.89159393310547,157.32000732421875,34.1763801574707,34.00294876098633
2011-07-29,99.58756256103516,65.15584564208984,158.2899932861328,34.322078704833984,34.008514404296875
2011-08-01,99.16400909423828,65.81352996826172,157.72000122070312,34.29294204711914,33.49592590332031
2011-08-02,96.63063049316406,67.7896728515625,161.52000427246094,33.23654556274414,32.42620849609375
2011-08-03,97.1542739868164,67.92313385009766,161.49000549316406,33.11997604370117,32.158756256103516
2011-08-04,92.60340118408203,70.33991241455078,160.63999938964844,31.225736618041992,30.58760643005371
2011-08-05,92.46477508544922,68.31037139892578,161.75,31.021745681762695,29.824304580688477
2011-08-08,86.44316864013672,70.46680450439453,167.1199951171875,28.435388565063477,27.233562469482422
2011-08-09,90.46271514892578,70.68046569824219,168.61000061035156,30.103771209716797,29.712865829467773
2011-08-10,86.46627044677734,72.7834243774414,174.5800018310547,28.50824737548828,29.027589797973633
2011-08-11,90.3471908569336,69.11149597167969,170.75,30.0819034576416,30.531898498535156
2011-08-12,90.95555114746094,70.4801025390625,169.97000122070312,30.067337036132812,30.52631950378418
2011-08-15,92.8805923461914,69.76578521728516,171.8000030517578,30.766756057739258,31.64063262939453
2011-08-16,92.08745574951172,70.92072296142578,173.9199981689453,30.50448226928711,31.545902252197266
2011-08-17,92.14904022216797,72.1624984741211,174.4199981689453,30.72303581237793,31.635046005249023
2011-08-18,88.17573547363281,73.64456939697266,177.72000122070312,29.273216247558594,30.2254581451416
2011-08-19,86.73577880859375,74.23880004882812,179.9499969482422,28.90894317626953,29.64601707458496
2011-08-22,86.80508422851562,74.0518798828125,184.58999633789062,28.879802703857422,29.67945098876953
2011-08-23,89.6618881225586,73.03038024902344,177.6699981689453,29.892484664916992,30.409326553344727
2011-08-24,90.92474365234375,70.95413208007812,171.64999389648438,29.601062774658203,30.810462951660156
2011-08-25,89.53866577148438,71.72190856933594,172.36000061035156,29.025508880615234,30.23660659790039
2011-08-26,90.84003448486328,72.42953491210938,177.47000122070312,29.520925521850586,30.60431480407715
2011-08-29,93.45040893554688,71.42813110351562,173.88999938964844,30.47533416748047,31.65174674987793
2011-08-30,93.69682312011719,72.57646942138672,179.10000610351562,30.519044876098633,31.74090576171875
2011-08-31,94.11262512207031,71.4548568725586,177.72000122070312,31.145601272583008,32.09748840332031
2011-09-01,93.12703704833984,72.96955108642578,177.8699951171875,30.97803497314453,31.635046005249023
2011-09-02,90.74760437011719,75.34004974365234,183.24000549316406,30.278621673583984,30.88844871520996
2011-09-06,90.08541107177734,76.12348175048828,182.89999389648438,29.96533966064453,30.75475311279297
2011-09-07,92.62646484375,74.67041778564453,177.0800018310547,30.85418128967285,31.91362762451172
2011-09-08,91.66398620605469,75.34004974365234,181.80999755859375,30.169340133666992,31.668474197387695
2011-09-09,89.26146697998047,76.14361572265625,180.6999969482422,29.14936637878418,30.676761627197266
2011-09-12,89.8390121459961,76.22395324707031,176.6699981689453,29.091093063354492,30.77703094482422
2011-09-13,90.6629409790039,75.13912963867188,178.5399932861328,29.134801864624023,30.849464416503906
2011-09-14,91.91806030273438,75.77527618408203,177.2100067138672,29.05466079711914,31.050046920776367
2011-09-15,93.50431060791016,74.61682891845703,174.39999389648438,29.477216720581055,31.5626220703125
2011-09-16,94.0577392578125,75.15921020507812,176.02999877929688,29.528207778930664,31.86905860900879
2011-09-19,93.12117767333984,76.59224700927734,173.30999755859375,28.653953552246094,31.172611236572266
2011-09-20,93.01280975341797,76.91364288330078,175.77999877929688,28.442678451538086,31.155900955200195
2011-09-21,90.27281188964844,79.45829010009766,173.58999633789062,27.38627052307129,29.51230812072754
2011-09-22,87.35482025146484,82.4448013305664,169.0500030517578,25.462894439697266,28.7935791015625
2011-09-23,87.88114166259766,80.91131591796875,159.8000030517578,26.140453338623047,29.005666732788086
2011-09-26,89.97095489501953,79.61225128173828,157.5800018310547,26.53386116027832,29.41070556640625
2011-09-27,90.97718811035156,78.3935317993164,160.6300048828125,27.378984451293945,29.703227996826172
2011-09-28,89.11956787109375,78.36674499511719,156.22000122070312,26.555727005004883,28.94941520690918
2011-09-29,89.82392883300781,78.90912628173828,157.6999969482422,26.919998168945312,29.399452209472656
2011-09-30,87.57929229736328,80.89127349853516,158.05999755859375,25.572175979614258,28.617490768432617
2011-10-03,85.08697509765625,83.1174087524414,160.9600067138672,25.033050537109375,27.267349243164062
2011-10-04,86.95232391357422,82.06338500976562,157.63999938964844,25.419179916381836,28.341842651367188
2011-10-05,88.562255859375,81.47259521484375,159.4600067138672,26.009309768676758,28.09993553161621
2011-10-06,90.16448974609375,79.96883392333984,160.49000549316406,26.86900520324707,28.87065315246582
2011-10-07,89.56073760986328,79.37808227539062,159.17999267578125,26.548433303833008,28.066192626953125
2011-10-10,92.55616760253906,78.25698852539062,163.27000427246094,27.735986709594727,29.466949462890625
2011-10-11,92.64903259277344,77.99516296386719,162.10000610351562,27.750553131103516,28.88188934326172
2011-10-12,93.46174621582031,76.86058807373047,163.25999450683594,28.530107498168945,29.354448318481445
2011-10-13,93.27598571777344,77.62590026855469,162.3000030517578,28.27511215209961,29.163177490234375
2011-10-14,94.87045288085938,76.49808502197266,163.39999389648438,28.8433780670166,29.838241577148438
2011-10-17,93.05928039550781,77.82064056396484,162.6199951171875,27.867115020751953,29.191314697265625
2011-10-18,94.87822723388672,77.3373031616211,161.83999633789062,28.610239028930664,30.220806121826172
2011-10-19,93.755859375,77.31043243408203,159.8699951171875,28.063825607299805,29.871997833251953
2011-10-20,94.16610717773438,76.75985717773438,157.77000427246094,27.524700164794922,30.040786743164062
2011-10-21,95.95405578613281,75.94759368896484,159.52000427246094,28.311532974243164,31.030879974365234
2011-10-24,97.13056182861328,76.07513427734375,161.02000427246094,29.41893768310547,31.801591873168945
2011-10-25,95.24200439453125,78.00855255126953,165.58999633789062,28.836084365844727,31.284042358398438
2011-10-26,96.20947265625,76.64571380615234,167.39999389648438,29.367937088012695,31.514690399169922
2011-10-27,99.56095123291016,74.04771423339844,169.5500030517578,31.152883529663086,33.01109313964844
2011-10-28,99.5377426147461,74.82643127441406,169.6199951171875,30.89061164855957,33.078609466552734
2011-10-31,97.13832092285156,77.793701171875,167.33999633789062,29.73221206665039,32.70731735229492
2011-11-01,94.42925262451172,80.39785766601562,167.3800048828125,29.010942459106445,31.655330657958984
2011-11-02,95.96954345703125,79.39495849609375,169.05999755859375,29.899778366088867,32.262901306152344
2011-11-03,97.71882629394531,78.3045883178711,171.72000122070312,30.20577621459961,32.70731735229492
2011-11-04,97.12278747558594,78.39884948730469,170.85000610351562,30.009063720703125,32.442909240722656
2011-11-07,97.72653198242188,78.8968276977539,174.97999572753906,30.264055252075195,32.44853973388672
2011-11-08,98.98043823242188,77.88729095458984,173.52999877929688,30.62103843688965,32.87045669555664
2011-11-09,95.32715606689453,79.5026626586914,172.07000732421875,28.828805923461914,31.3684139251709
2011-11-10,96.2249526977539,78.31805419921875,171.13999938964844,29.018220901489258,31.362796783447266
2011-11-11,98.0361557006836,77.84017944335938,173.9600067138672,29.717636108398438,32.20664596557617
2011-11-14,97.10733795166016,79.09211730957031,173.1999969482422,29.309650421142578,31.610326766967773
2011-11-15,97.58726501464844,78.9843978881836,173.36000061035156,29.49179458618164,31.84659767150879
2011-11-16,96.03922271728516,79.70458984375,171.50999450683594,28.697660446166992,31.542810440063477
2011-11-17,94.51446533203125,80.34400939941406,167.10000610351562,27.969114303588867,30.963375091552734
2011-11-18,94.41375732421875,80.32381439208984,167.6199951171875,28.07839584350586,31.1602725982666
2011-11-21,92.61807250976562,80.80166625976562,163.5,27.17498779296875,30.37270164489746
2011-11-22,92.25430297851562,81.70353698730469,165.30999755859375,27.26970100402832,30.2320499420166
2011-11-23,90.2186279296875,82.50454711914062,164.8300018310547,26.38815689086914,29.32069969177246
2011-11-25,90.04837799072266,81.30647277832031,163.39999389648438,26.30072784423828,29.450082778930664
2011-11-28,92.65677642822266,81.2660903930664,166.6300048828125,27.56112289428711,30.1082820892334
2011-11-29,92.919921875,80.59977722167969,166.8800048828125,27.43727684020996,30.06328010559082
2011-11-30,96.74356842041016,79.34111785888672,170.1300048828125,29.14936637878418,31.464046478271484
2011-12-01,96.72804260253906,78.94302368164062,169.6300048828125,29.061939239501953,31.20526885986328
2011-12-02,96.64293670654297,80.0495834350586,169.82000732421875,28.974519729614258,31.177148818969727
2011-12-05,97.69557189941406,79.8876724243164,167.32000732421875,29.448070526123047,31.441551208496094
2011-12-06,97.72653198242188,79.12525939941406,168.17999267578125,29.0473690032959,31.390913009643555
2011-12-07,98.09033966064453,79.40855407714844,169.39999389648438,29.163942337036133,31.73407745361328
2011-12-08,95.93856811523438,80.4004135131836,165.97999572753906,28.114818572998047,31.014009475708008
2011-12-09,97.56401062011719,78.74737548828125,166.39999389648438,28.68309211730957,31.694698333740234
2011-12-12,96.13982391357422,79.62454223632812,161.99000549316406,27.604839324951172,31.13213348388672
2011-12-13,95.24200439453125,80.36676025390625,158.4499969482422,27.349836349487305,30.766481399536133
2011-12-14,94.22801208496094,81.88484954833984,152.88999938964844,26.95642852783203,30.94649887084961
2011-12-15,94.56856536865234,81.58118438720703,152.3300018310547,27.131282806396484,31.464046478271484
2011-12-16,94.70880889892578,82.53260040283203,155.22999572753906,27.335268020629883,31.812841415405273
2011-12-19,93.6961898803711,83.57838439941406,154.8699951171875,26.628582000732422,31.537185668945312
2011-12-20,96.5314712524414,81.49343872070312,156.97999572753906,27.744388580322266,32.4935417175293
2011-12-21,96.7184066772461,80.35997772216797,157.16000366210938,27.832643508911133,32.48229217529297
2011-12-22,97.57521057128906,80.69735717773438,156.0399932861328,28.20041275024414,32.949222564697266
2011-12-23,98.4476089477539,79.79994201660156,156.30999755859375,28.310747146606445,33.092559814453125
2011-12-27,98.5255126953125,80.1789779663086,154.91000366210938,28.038599014282227,33.240447998046875
2011-12-28,97.23247528076172,81.66140747070312,151.02999877929688,27.567852020263672,32.84227752685547
2011-12-29,98.2373046875,81.8103256225586,150.33999633789062,27.884136199951172,33.13236618041992
2011-12-30,97.7543716430664,82.07430267333984,151.99000549316406,27.906200408935547,32.990169525146484
2012-01-03,99.31220245361328,80.84241485595703,155.9199981689453,28.759418487548828,33.26888656616211
2012-01-04,99.46798706054688,79.88116455078125,156.7100067138672,28.597612380981445,32.70008850097656
2012-01-05,99.73282623291016,79.73900604248047,157.77999877929688,28.472558975219727,33.00723648071289
2012-01-06,99.47579956054688,80.36854553222656,157.1999969482422,28.112146377563477,32.899169921875
2012-01-09,99.7172622680664,80.22644805908203,156.5,28.406362533569336,32.78540802001953
2012-01-10,100.58186340332031,80.09099578857422,158.63999938964844,29.02420997619629,33.14942932128906
2012-01-11,100.6363525390625,81.13346862792969,159.6699981689453,29.04627799987793,33.38263702392578
2012-01-12,100.87782287597656,81.0183334350586,160.3800048828125,29.16396713256836,33.13805389404297
2012-01-13,100.35594940185547,81.82386779785156,159.25999450683594,28.899171829223633,33.21201705932617
2012-01-17,100.74543762207031,82.20297241210938,160.5,29.45082664489746,33.48502731323242
2012-01-18,101.85926055908203,81.2079086303711,161.60000610351562,30.193714141845703,33.718223571777344
2012-01-19,102.396728515625,80.09099578857422,161.22000122070312,30.458507537841797,33.84905242919922
2012-01-20,102.77837371826172,79.18396759033203,162.07000732421875,30.43644142150879,34.05949783325195
2012-01-23,102.51355743408203,78.68305206298828,163.16000366210938,30.730653762817383,34.22447204589844
2012-01-24,102.396728515625,78.82518005371094,162.00999450683594,30.774778366088867,34.486106872558594
2012-01-25,103.2535400390625,78.6356201171875,166.4199981689453,31.1204891204834,34.92977523803711
2012-01-26,102.72388458251953,79.67813110351562,167.27000427246094,30.99544334411621,35.17435836791992
2012-01-27,102.6771469116211,79.92855072021484,168.97000122070312,31.157272338867188,35.18573760986328
2012-01-30,102.32659912109375,80.86949157714844,168.02999877929688,30.708599090576172,34.92407989501953
2012-01-31,102.28770446777344,81.80357360839844,169.30999755859375,30.9733943939209,35.09471130371094
2012-02-01,103.18344116210938,80.86656188964844,169.55999755859375,31.657424926757812,35.44168472290039
2012-02-02,103.34698486328125,80.83259582519531,171.0500030517578,31.74569320678711,35.52131271362305
2012-02-03,104.7957763671875,79.09564208984375,167.63999938964844,32.27527618408203,36.01615905761719
2012-02-06,104.7256851196289,79.88268280029297,167.17999267578125,32.00312805175781,35.902408599853516
2012-02-07,104.99053192138672,78.89201354980469,169.6999969482422,32.0693244934082,35.8114013671875
2012-02-08,105.30207061767578,78.95310974121094,168.5,32.29734802246094,35.873966217041016
2012-02-09,105.43448638916016,78.36277770996094,168.02000427246094,32.28263473510742,35.61231994628906
2012-02-10,104.65558624267578,79.38058471679688,167.13999938964844,31.569168090820312,35.28242111206055
2012-02-13,105.43448638916016,79.48229217529297,167.50999450683594,32.08403778076172,35.6407470703125
2012-02-14,105.30207061767578,79.90302276611328,167.1199951171875,31.819250106811523,35.27672576904297
2012-02-15,104.8113784790039,79.76053619384766,168.11000061035156,31.907506942749023,35.066280364990234
2012-02-16,105.97196197509766,79.12269592285156,168.0,32.253211975097656,35.43598556518555
2012-02-17,106.25237274169922,79.10236358642578,167.35000610351562,32.31206130981445,35.46444320678711
2012-02-21,106.29911041259766,78.2270278930664,171.02000427246094,32.179656982421875,34.91270446777344
2012-02-22,105.95639038085938,79.21092987060547,172.94000244140625,32.2385139465332,34.616939544677734
2012-02-23,106.42372131347656,79.21092987060547,173.02000427246094,32.179656982421875,35.049217224121094
2012-02-24,106.65736389160156,79.72662353515625,172.22999572753906,32.5032844543457,35.09471130371094
2012-02-27,106.83658599853516,80.4322738647461,171.6999969482422,32.179656982421875,35.0378303527832
2012-02-28,107.14815521240234,80.16763305664062,173.49000549316406,32.628334045410156,34.833072662353516
2012-02-29,106.72747802734375,79.6791000366211,164.2899932861328,32.60627365112305,34.69086837768555
2012-03-01,107.28053283691406,78.92898559570312,166.61000061035156,32.915199279785156,34.90133285522461
2012-03-02,106.9533920288086,79.67028045654297,166.33999633789062,32.83428192138672,34.85014343261719
2012-03-05,106.51721954345703,79.03779602050781,165.64999389648438,32.267921447753906,35.202789306640625
2012-03-06,104.95935821533203,79.99666595458984,162.6999969482422,31.18669319152832,34.73637008666992
2012-03-07,105.6915512084961,79.50704193115234,163.6300048828125,31.561809539794922,34.92407989501953
2012-03-08,106.74309539794922,78.71135711669922,165.27999877929688,32.223785400390625,34.742061614990234
2012-03-09,107.15589904785156,78.8677749633789,166.3800048828125,32.20909118652344,34.91270446777344
2012-03-12,107.16370391845703,78.85418701171875,165.07000732421875,31.856029510498047,35.16865921020508
2012-03-13,109.09541320800781,77.46686553955078,162.3000030517578,32.72395324707031,35.87964630126953
2012-03-14,108.97860717773438,75.5150146484375,159.57000732421875,32.20909118652344,35.782962799072266
2012-03-15,109.60950469970703,75.63064575195312,161.0800018310547,32.46651840209961,35.73176956176758
2012-03-16,109.76131439208984,75.78026580810547,161.3000030517578,32.42973709106445,35.9365348815918
2012-03-19,110.19158935546875,74.87580108642578,161.58999633789062,32.30471420288086,36.18680191040039
2012-03-20,109.87078857421875,75.17501068115234,160.1300048828125,31.74569320678711,36.1356086730957
2012-03-21,109.69087219238281,76.02507781982422,160.2100067138672,31.804542541503906,36.08442306518555
2012-03-22,108.90066528320312,76.2698974609375,159.57000732421875,31.31908416748047,35.589569091796875
2012-03-23,109.2527847290039,76.99079895019531,161.52999877929688,31.554454803466797,35.8114013671875
2012-03-26,110.78617095947266,76.59635925292969,164.39999389648438,32.106109619140625,36.23110580444336
2012-03-27,110.44192504882812,77.14724731445312,163.24000549316406,31.936931610107422,36.23683547973633
2012-03-28,109.894287109375,77.03837585449219,161.50999450683594,31.399993896484375,36.17949295043945
2012-03-29,109.70653533935547,77.61648559570312,161.27999877929688,31.363216400146484,36.19670104980469
2012-03-30,110.16024780273438,76.30390930175781,162.1199951171875,31.591228485107422,36.49485778808594
2012-04-02,110.96611022949219,76.72666931152344,162.94000244140625,32.025203704833984,36.75286102294922
2012-04-03,110.51232147216797,75.39712524414062,159.88999938964844,31.841306686401367,36.60952377319336
2012-04-04,109.41705322265625,76.43347930908203,157.2100067138672,31.267597198486328,36.20817565917969
2012-04-05,109.36229705810547,76.98575592041016,158.30999755859375,31.43677520751953,36.07056427001953
2012-04-09,108.13404083251953,78.78578186035156,159.3699951171875,30.9733943939209,35.68640899658203
2012-04-10,106.31904602050781,79.67902374267578,161.10000610351562,30.3702335357666,34.9180908203125
2012-04-11,107.17959594726562,78.72444152832031,161.07000732421875,30.701242446899414,35.36531066894531
2012-04-12,108.57994079589844,78.39717864990234,162.6999969482422,31.48826026916504,35.85268783569336
2012-04-13,107.28915405273438,79.66535949707031,160.85000610351562,31.010150909423828,35.703609466552734
2012-04-16,107.2187271118164,79.54942321777344,160.4600067138672,30.85569953918457,36.190975189208984
2012-04-17,108.8068618774414,79.5016860961914,160.25,31.20876121520996,36.500579833984375
2012-04-18,108.43917083740234,79.73351287841797,159.30999755859375,31.0616512298584,36.254032135009766
2012-04-19,107.74287414550781,79.80854034423828,159.42999267578125,30.921899795532227,36.254032135009766
2012-04-20,107.92277526855469,79.8221435546875,159.5399932861328,31.13520622253418,36.695533752441406
2012-04-23,107.01530456542969,80.40176391601562,159.07000732421875,30.539413452148438,36.31711196899414
2012-04-24,107.42211151123047,79.8358383178711,159.3000030517578,30.605623245239258,36.8618049621582
2012-04-25,108.89289855957031,79.42671203613281,159.6199951171875,30.88512420654297,37.286102294921875
2012-04-26,109.65176391601562,79.90399169921875,161.02999877929688,31.076356887817383,37.37783432006836
2012-04-27,109.83171844482422,79.97217559814453,161.3800048828125,31.1204891204834,37.6358642578125
2012-04-30,109.42487335205078,79.99263000488281,161.8800048828125,31.054292678833008,37.53837966918945
2012-05-01,110.10550689697266,79.5777587890625,161.32000732421875,31.260244369506836,37.945472717285156
2012-05-02,109.77693939208984,80.13824462890625,160.58999633789062,31.201387405395508,37.88813781738281
2012-05-03,108.93984985351562,80.11768341064453,158.97000122070312,30.966028213500977,37.756263732910156
2012-05-04,107.17959594726562,80.74652099609375,159.47000122070312,30.421743392944336,37.423709869384766
2012-05-07,107.25784301757812,80.76020812988281,159.0800018310547,30.532058715820312,37.68745803833008
2012-05-08,106.82752227783203,81.19078826904297,156.0,30.046611785888672,37.618656158447266
2012-05-09,106.19384765625,81.24547576904297,154.47000122070312,29.656776428222656,37.49824905395508
2012-05-10,106.41289520263672,81.00625610351562,154.77000427246094,29.78182601928711,37.526920318603516
2012-05-11,106.09217071533203,81.67606353759766,153.55999755859375,29.399341583251953,37.60719299316406
2012-05-14,104.91864776611328,82.81744384765625,151.3300018310547,28.73000717163086,37.13128662109375
2012-05-15,104.31625366210938,83.15240478515625,149.74000549316406,28.47991943359375,36.93634796142578
2012-05-16,103.91725158691406,83.39160919189453,149.4600067138672,28.075376510620117,36.529239654541016
2012-05-17,102.37605285644531,84.86790466308594,152.8000030517578,27.692893981933594,35.46278381347656
2012-05-18,101.49983215332031,84.888427734375,154.5500030517578,27.4281005859375,35.032772064208984
2012-05-21,103.24443054199219,84.71072387695312,154.64999389648438,28.082727432250977,35.79534149169922
2012-05-22,103.42444610595703,83.76751708984375,152.0800018310547,27.78851890563965,35.8641471862793
2012-05-23,103.47917938232422,84.34847259521484,151.6199951171875,27.597272872924805,35.91575622558594
2012-05-24,103.68257904052734,84.02723693847656,151.41000366210938,27.45752716064453,36.076297760009766
2012-05-25,103.34617614746094,84.34165954589844,152.67999267578125,27.32512664794922,35.93296813964844
2012-05-29,104.59786987304688,84.08187866210938,151.02000427246094,28.097444534301758,36.44324493408203
2012-05-30,103.08013916015625,86.21438598632812,151.91000366210938,27.61197853088379,35.57746887207031
2012-05-31,102.85330963134766,87.21223449707031,151.6199951171875,27.72968292236328,35.846954345703125
2012-06-01,100.26377868652344,89.2826919555664,157.5,26.986787796020508,34.96969985961914
2012-06-04,100.21684265136719,88.57722473144531,157.32000732421875,27.104463577270508,34.72887420654297
2012-06-05,100.9757080078125,87.39236450195312,157.13999938964844,27.178022384643555,35.445587158203125
2012-06-06,103.24443054199219,85.64595794677734,157.2100067138672,27.972400665283203,36.23110580444336
2012-06-07,103.30704498291016,85.77603149414062,154.5,28.141572952270508,35.97309875488281
2012-06-08,104.12846374511719,85.75546264648438,154.72999572753906,27.898847579956055,36.4833869934082
2012-06-11,102.80636596679688,86.14591217041016,155.36000061035156,27.494308471679688,35.66346740722656
2012-06-12,103.98768615722656,85.3582534790039,156.4600067138672,28.068017959594727,36.001766204833984
2012-06-13,103.32271575927734,86.20068359375,157.1199951171875,27.965044021606445,35.81827926635742
2012-06-14,104.4179458618164,86.0910873413086,157.75,28.163637161254883,36.34003829956055
2012-06-15,105.48587799072266,86.57052612304688,157.83999633789062,28.678512573242188,36.563655853271484
2012-06-18,105.69033813476562,87.03622436523438,157.92999267578125,28.737356185913086,36.8675422668457
2012-06-19,106.71266174316406,85.89929962158203,157.16000366210938,29.200735092163086,37.01662063598633
2012-06-20,106.53961944580078,86.32394409179688,155.97000122070312,29.105125427246094,36.99942398071289
2012-06-21,104.14900970458984,86.78276062011719,152.02000427246094,28.03923225402832,36.39737319946289
2012-06-22,104.95116424560547,85.62538146972656,152.63999938964844,28.128559112548828,36.40312194824219
2012-06-25,103.2682876586914,86.87184143066406,153.75999450683594,27.607521057128906,36.21754837036133
2012-06-26,103.78727722167969,86.52942657470703,152.6199951171875,27.8456974029541,36.33893585205078
2012-06-27,104.72307586669922,86.6664047241211,152.8300018310547,28.024343490600586,36.48346710205078
2012-06-28,104.42422485351562,86.87872314453125,151.0500030517578,27.890361785888672,36.88235855102539
2012-06-29,107.0272216796875,85.74862670898438,155.19000244140625,29.1259708404541,37.82464599609375
2012-07-02,107.34961700439453,86.63338470458984,155.08999633789062,29.1259708404541,38.24087905883789
2012-07-03,108.0573959350586,85.96753692626953,157.4600067138672,29.70655059814453,38.466331481933594
2012-07-05,107.56977844238281,86.40686798095703,155.67999267578125,29.393936157226562,38.22931671142578
2012-07-06,106.54750061035156,87.2099609375,153.7100067138672,28.858001708984375,38.32180404663086
2012-07-09,106.41380310058594,87.97864532470703,154.0399932861328,28.753799438476562,38.36227798461914
2012-07-10,105.48587799072266,88.15711212158203,152.14999389648438,28.433732986450195,37.95183181762695
2012-07-11,105.50157928466797,88.2669677734375,152.99000549316406,28.58260154724121,37.99228286743164
2012-07-12,104.9904556274414,88.89147186279297,152.58999633789062,28.10622215270996,38.107913970947266
2012-07-13,106.751953125,88.65816497802734,154.13999938964844,28.649595260620117,38.57616424560547
2012-07-16,106.50028991699219,89.0699691772461,154.2100067138672,28.58260154724121,38.65132141113281
2012-07-17,107.23163604736328,88.36990356445312,153.47000122070312,28.962207794189453,39.02129364013672
2012-07-18,108.02587890625,88.41793060302734,153.0500030517578,28.887775421142578,38.790061950683594
2012-07-19,108.3089828491211,88.19145965576172,153.3800048828125,29.155733108520508,38.385398864746094
2012-07-20,107.31815338134766,89.26903533935547,153.6699981689453,28.724021911621094,38.183048248291016
2012-07-23,106.23291778564453,89.77005767822266,153.02999877929688,27.972240447998047,37.90559005737305
2012-07-24,105.32072448730469,90.47700500488281,153.52000427246094,27.853147506713867,37.77839279174805
2012-07-25,105.34430694580078,90.71038055419922,155.6699981689453,27.98712921142578,37.76105880737305
2012-07-26,107.08222198486328,89.87987518310547,156.77000427246094,28.619821548461914,38.096351623535156
2012-07-27,109.05607604980469,88.1845932006836,157.5399932861328,29.423704147338867,38.46055221557617
2012-07-30,109.05607604980469,88.84346771240234,157.42999267578125,29.25251007080078,38.63975524902344
2012-07-31,108.29327392578125,89.02191162109375,156.49000549316406,29.118526458740234,38.581947326660156
2012-08-01,108.19889068603516,88.57688903808594,155.13999938964844,29.17062759399414,38.39694595336914
2012-08-02,107.4518051147461,89.07902526855469,154.1300048828125,28.828231811523438,38.506797790527344
2012-08-03,109.58294677734375,87.64149475097656,155.5500030517578,29.721431732177734,38.80741500854492
2012-08-06,109.79528045654297,87.67584991455078,156.3000030517578,29.907522201538086,38.766944885253906
2012-08-07,110.34575653076172,86.54790496826172,156.27999877929688,29.989408493041992,38.310237884521484
2012-08-08,110.47940826416016,86.0870132446289,156.47999572753906,30.04894256591797,38.05011749267578
2012-08-09,110.57379150390625,86.02510070800781,156.99000549316406,30.175493240356445,37.928707122802734
2012-08-10,110.75464630126953,86.45848083496094,157.17999267578125,30.3169002532959,37.9807243347168
2012-08-13,110.69961547851562,86.31401824951172,155.99000549316406,30.04894256591797,37.95183181762695
2012-08-14,110.71534729003906,85.14469909667969,155.1300048828125,30.041500091552734,37.870880126953125
2012-08-15,110.84120178222656,83.94786834716797,155.6300048828125,29.996837615966797,38.044315338134766
2012-08-16,111.65904235839844,83.23258209228516,156.55999755859375,30.27224349975586,38.333370208740234
2012-08-17,111.80841064453125,83.63838958740234,156.72000122070312,30.12337875366211,38.344932556152344
2012-08-20,111.8162841796875,83.81036376953125,157.25999450683594,30.108501434326172,38.2350959777832
2012-08-21,111.47811889648438,84.18179321289062,158.8300018310547,30.06383514404297,38.31602096557617
2012-08-22,111.52532196044922,85.57112884521484,160.5399932861328,30.078720092773438,38.29290008544922
2012-08-23,110.61311340332031,85.92884063720703,161.88999938964844,29.803325653076172,38.17727279663086
2012-08-24,111.28155517578125,85.84626770019531,161.97000122070312,29.810762405395508,38.3044548034668
2012-08-27,111.30513763427734,86.34838104248047,161.36000061035156,29.505577087402344,38.420082092285156
2012-08-28,111.19499969482422,86.55472564697266,161.63999938964844,29.44603729248047,38.553035736083984
2012-08-29,111.28155517578125,86.1763687133789,160.58999633789062,29.30460548400879,38.54148864746094
2012-08-30,110.47940826416016,86.62353515625,160.52000427246094,28.962207794189453,38.45475387573242
2012-08-31,111.00631713867188,87.84783172607422,164.22000122070312,29.237619400024414,38.57616424560547
2012-09-04,110.90406036376953,87.75959014892578,164.47999572753906,29.07386016845703,38.847877502441406
2012-09-05,110.8096923828125,87.34606170654297,164.30999755859375,28.924999237060547,38.77849578857422
2012-09-06,113.05877685546875,85.8916244506836,164.88999938964844,29.56513023376465,39.1253547668457
2012-09-07,113.49913787841797,85.4918212890625,168.44000244140625,30.249921798706055,39.160037994384766
2012-09-10,112.85426330566406,85.6986312866211,167.2899932861328,29.86285400390625,38.85365676879883
2012-09-11,113.16885375976562,85.16100311279297,167.89999389648438,30.220144271850586,38.96927261352539
2012-09-12,113.54634857177734,84.0995101928711,167.9199981689453,30.3541259765625,39.05019760131836
2012-09-13,115.27642059326172,83.76859283447266,171.30999755859375,31.172897338867188,39.53002166748047
2012-09-14,115.78754425048828,81.54225158691406,171.8000030517578,31.537616729736328,39.74969482421875
2012-09-17,115.39433288574219,82.52102661132812,170.39999389648438,31.195226669311523,39.63407516479492
2012-09-18,115.3000259399414,82.93463897705078,171.72000122070312,31.210115432739258,39.25831604003906
2012-09-19,115.36285400390625,83.4791488647461,171.74000549316406,31.210115432739258,39.03864288330078
2012-09-20,115.37078857421875,83.68592834472656,171.47000122070312,31.024028778076172,38.46055221557617
2012-09-21,115.32249450683594,83.78242492675781,171.9600067138672,31.098451614379883,38.466331481933594
2012-09-24,115.14859771728516,84.43724822998047,171.0500030517578,31.06868553161621,38.32357406616211
2012-09-25,113.92318725585938,85.2712631225586,170.77000427246094,30.607200622558594,37.75836944580078
2012-09-26,113.28280639648438,86.18803405761719,169.80999755859375,30.465768814086914,37.752540588378906
2012-09-27,114.3501205444336,85.57461547851562,172.33999633789062,30.949596405029297,37.91569137573242
2012-09-28,113.82041931152344,85.62281036376953,171.88999938964844,30.763507843017578,37.857418060302734
2012-10-01,114.120849609375,85.94055938720703,172.2899932861328,31.06868553161621,37.577728271484375
2012-10-02,114.23938751220703,85.82311248779297,172.10000610351562,31.113346099853516,37.863243103027344
2012-10-03,114.70585632324219,85.85074615478516,172.41000366210938,30.904926300048828,37.939002990722656
2012-10-04,115.5280532836914,84.78016662597656,173.61000061035156,31.22500991821289,37.92733383178711
2012-10-05,115.53597259521484,83.68186950683594,172.6199951171875,31.22500991821289,37.973960876464844
2012-10-08,115.1407241821289,84.38645935058594,172.0500030517578,30.949596405029297,37.89236068725586
2012-10-09,114.00225067138672,84.23442840576172,170.99000549316406,30.718849182128906,37.752540588378906
2012-10-10,113.27495574951172,84.8284683227539,170.83999633789062,30.532764434814453,37.90403747558594
2012-10-11,113.33814239501953,85.41560363769531,171.32000732421875,30.815610885620117,37.874908447265625
2012-10-12,112.96656799316406,85.62975311279297,170.05999755859375,30.718849182128906,37.740875244140625
2012-10-15,113.9074478149414,85.43634796142578,168.35000610351562,30.897489547729492,37.99142837524414
2012-10-16,115.06165313720703,84.25517272949219,169.4199981689453,31.217565536499023,38.22452163696289
2012-10-17,115.5833740234375,83.47464752197266,169.5399932861328,31.463186264038086,38.119625091552734
2012-10-18,115.2829818725586,82.96349334716797,168.7899932861328,31.37387466430664,38.510032653808594
2012-10-19,113.36187744140625,84.08938598632812,166.97000122070312,30.890047073364258,38.18954849243164
2012-10-22,113.37764739990234,83.55066680908203,167.5800018310547,31.18778419494629,37.99726867675781
2012-10-23,111.804443359375,84.74563598632812,165.42999267578125,30.54764747619629,37.61269760131836
2012-10-24,111.48821258544922,83.9098129272461,164.86000061035156,30.577421188354492,37.583560943603516
2012-10-25,111.81231689453125,83.48157501220703,166.02000427246094,30.912376403808594,37.478675842285156
2012-10-26,111.74908447265625,84.7110824584961,165.92999267578125,30.67418670654297,37.152366638183594
2012-10-31,111.74908447265625,85.20836639404297,166.8300018310547,30.62952995300293,37.51362991333008
2012-11-01,112.91912078857422,84.51072692871094,166.07000732421875,31.128232955932617,37.69426345825195
2012-11-02,111.91511535644531,84.44857025146484,162.60000610351562,30.964475631713867,37.944828033447266
2012-11-05,112.14434814453125,84.92517852783203,163.22999572753906,31.113346099853516,37.69426345825195
2012-11-06,113.02197265625,84.12395477294922,166.3000030517578,31.358980178833008,37.857418060302734
2012-11-07,110.4604263305664,85.6504135131836,166.49000549316406,30.84538459777832,37.688438415527344
2012-11-08,109.13224029541016,86.92133331298828,167.99000549316406,30.458332061767578,37.23977279663086
2012-11-09,109.22711944580078,87.0180892944336,167.82000732421875,30.517879486083984,37.14070129394531
2012-11-12,109.3141098022461,87.16313934326172,167.4499969482422,30.62952995300293,37.053306579589844
2012-11-13,108.93462371826172,87.4532241821289,167.10000610351562,30.3541259765625,37.024173736572266
2012-11-14,107.46409606933594,87.53611755371094,167.13999938964844,29.88519287109375,36.33076858520508
2012-11-15,107.28231048583984,87.36349487304688,166.08999633789062,29.989408493041992,36.16177749633789
2012-11-16,107.81194305419922,87.28746032714844,165.8800048828125,30.078720092773438,36.38320541381836
2012-11-19,109.99397277832031,86.79705810546875,167.8699951171875,30.607200622558594,36.83189392089844
2012-11-20,110.04143524169922,85.92674255371094,167.38999938964844,30.54764747619629,37.105751037597656
2012-11-21,110.24700164794922,85.87837982177734,167.55999755859375,30.48810386657715,37.0416374206543
2012-11-23,111.74908447265625,85.7955322265625,169.61000061035156,30.986812591552734,37.315521240234375
2012-11-26,111.51191711425781,86.20303344726562,169.42999267578125,30.986812591552734,37.39126968383789
2012-11-27,110.94271087646484,86.54143524169922,168.7100067138672,30.726287841796875,37.18149948120117
2012-11-28,111.83606719970703,86.4171371459961,166.5500030517578,30.897489547729492,37.1348762512207
2012-11-29,112.35779571533203,86.43102264404297,167.17999267578125,31.120792388916016,37.33882522583008
2012-11-30,112.38155364990234,86.19612121582031,166.0500030517578,31.10590171813965,37.41456985473633
2012-12-03,111.828125,86.27574157714844,166.1300048828125,31.09100914001465,37.566070556640625
2012-12-04,111.67003631591797,86.77401733398438,164.4199981689453,31.180330276489258,37.62434005737305
2012-12-05,111.86766052246094,86.73251342773438,164.1199951171875,31.515295028686523,37.5078125
2012-12-06,112.24718475341797,86.91935729980469,164.5,31.75348663330078,37.857418060302734
2012-12-07,112.58710479736328,86.11653137207031,165.16000366210938,31.850244522094727,37.99726867675781
2012-12-10,112.63449096679688,86.49716186523438,165.8000030517578,32.02888107299805,37.97977828979492
2012-12-11,113.40139770507812,85.83968353271484,165.64999389648438,32.19264602661133,38.073001861572266
2012-12-12,113.4566879272461,84.84309387207031,165.77000427246094,32.28940200805664,37.96812438964844
2012-12-13,112.76103210449219,84.90540313720703,164.3699951171875,32.147987365722656,37.67679214477539
2012-12-14,112.3420181274414,85.54208374023438,164.1300048828125,32.28940200805664,37.67096710205078
2012-12-17,113.66229248046875,84.26171112060547,164.44000244140625,32.37127685546875,37.86906814575195
2012-12-18,114.92724609375,83.40357971191406,162.0800018310547,32.59743881225586,38.25947952270508
2012-12-19,114.07334899902344,83.68036651611328,161.69000244140625,32.58244323730469,38.207027435302734
2012-12-20,114.72960662841797,83.69422912597656,159.72999572753906,32.77714920043945,38.70814514160156
2012-12-21,113.68817138671875,84.6077880859375,160.3300018310547,32.402732849121094,38.64406204223633
2012-12-24,113.33784484863281,84.45553588867188,160.6199951171875,32.3353271484375,38.695350646972656
2012-12-26,112.8600845336914,84.75933074951172,160.77999877929688,32.432682037353516,38.51253128051758
2012-12-27,112.7088623046875,85.04371643066406,161.16000366210938,32.61545944213867,38.65407943725586
2012-12-28,111.49067687988281,85.52922821044922,160.5399932861328,32.735321044921875,38.40047073364258
2012-12-31,113.3856201171875,84.05179595947266,162.02000427246094,33.22222900390625,38.80741882324219
2013-01-02,116.29174041748047,82.9281997680664,163.1699981689453,33.873939514160156,39.29103088378906
2013-01-03,116.02899932861328,81.80451965332031,161.1999969482422,33.63422775268555,39.28513717651367
2013-01-04,116.53854370117188,82.12360382080078,160.44000244140625,33.7016487121582,39.46797180175781
2013-01-07,116.2200698852539,82.15828704833984,159.42999267578125,33.446956634521484,39.55643844604492
2013-01-08,115.88568878173828,82.69927978515625,160.55999755859375,33.14732360839844,39.479766845703125
2013-01-09,116.18028259277344,82.62303924560547,160.49000549316406,33.28964614868164,39.59183120727539
2013-01-10,117.10381317138672,82.39409637451172,161.97999572753906,33.5817985534668,39.63311004638672
2013-01-11,117.09584045410156,83.12934875488281,161.05999755859375,33.3121223449707,39.609527587890625
2013-01-14,117.01625061035156,82.90049743652344,161.5399932861328,33.45444869995117,39.721580505371094
2013-01-15,117.09584045410156,83.28195190429688,162.55999755859375,33.3121223449707,39.910316467285156
2013-01-16,117.07994842529297,83.45533752441406,162.64999389648438,33.282161712646484,39.863128662109375
2013-01-17,117.83626556396484,82.62303924560547,163.35000610351562,33.46942901611328,39.98697280883789
2013-01-18,118.09906005859375,83.26111602783203,163.08999633789062,33.54433822631836,40.15800476074219
2013-01-22,118.73604583740234,83.42071533203125,163.6699981689453,33.491905212402344,40.36442565917969
2013-01-23,118.92713165283203,83.29581451416016,163.2100067138672,33.3121223449707,40.35264205932617
2013-01-24,118.95899200439453,83.0044937133789,161.4199981689453,33.192264556884766,40.43523406982422
2013-01-25,119.62777709960938,81.86703491210938,160.64999389648438,33.07990646362305,40.66521453857422
2013-01-28,119.48444366455078,81.56867218017578,160.2899932861328,32.847686767578125,40.77137756347656
2013-01-29,119.95418548583984,81.11784362792969,160.99000549316406,33.21473693847656,40.88933181762695
2013-01-30,119.48444366455078,80.9791259765625,162.19000244140625,33.05742263793945,40.500091552734375
2013-01-31,119.1898193359375,81.37450408935547,161.1999969482422,33.124855041503906,40.25827407836914
2013-02-01,120.41597747802734,80.31790161132812,161.4499969482422,33.34208679199219,40.49419021606445
2013-02-04,119.06246185302734,81.34668731689453,162.0,32.90011215209961,40.399818420410156
2013-02-05,120.26468658447266,80.623779296875,161.9600067138672,32.93757247924805,40.30545425415039
2013-02-06,120.35233306884766,81.2841567993164,162.38999938964844,32.90011215209961,40.4470100402832
2013-02-07,120.19306945800781,81.1033706665039,161.83999633789062,32.60797882080078,40.27597427368164
2013-02-08,120.86186218261719,81.41619110107422,161.57000732421875,32.847686767578125,40.64752197265625
2013-02-11,120.8380126953125,81.35363006591797,159.6999969482422,32.83271026611328,40.706504821777344
2013-02-12,121.03700256347656,81.1520767211914,159.88999938964844,32.92259216308594,41.0131950378418
2013-02-13,121.14048767089844,80.49168395996094,159.0500030517578,33.08738708496094,40.989593505859375
2013-02-14,121.25200653076172,81.22154998779297,158.35000610351562,33.07241439819336,40.81856155395508
2013-02-15,121.10871887207031,80.9852294921875,155.75999450683594,32.95255661010742,40.83626174926758
2013-02-19,122.01630401611328,80.58204650878906,155.3300018310547,33.01997756958008,41.1606330871582
2013-02-20,120.49557495117188,80.82533264160156,151.44000244140625,32.72783279418945,40.895233154296875
2013-02-21,119.76310729980469,81.29804229736328,152.6199951171875,32.27836990356445,40.58855056762695
2013-02-22,120.93348693847656,81.35363006591797,152.97000122070312,32.42070007324219,40.99549865722656
2013-02-25,118.63249206542969,82.95248413085938,154.33999633789062,31.986223220825195,40.21699142456055
2013-02-26,119.44463348388672,82.47283935546875,156.22000122070312,32.16600799560547,40.49419021606445
2013-02-27,120.94940948486328,82.22950744628906,154.57000732421875,32.5180778503418,40.78908920288086
2013-02-28,120.71055603027344,82.3824462890625,153.0,32.368255615234375,40.74778366088867
2013-03-01,121.10871887207031,82.83112335205078,152.44000244140625,32.443172454833984,40.883445739746094
2013-03-04,121.75360107421875,82.39224243164062,152.3000030517578,32.136043548583984,41.19011688232422
2013-03-05,122.84439086914062,82.15536499023438,152.3800048828125,32.525569915771484,41.514503479003906
2013-03-06,123.01155853271484,81.40995788574219,153.22999572753906,32.682884216308594,41.39064407348633
2013-03-07,123.23450469970703,80.7829818725586,152.69000244140625,32.77278137207031,41.196014404296875
2013-03-08,123.75997161865234,79.94000244140625,152.7100067138672,33.05742263793945,41.26679992675781
2013-03-11,124.22970581054688,80.01668548583984,152.99000549316406,32.877647399902344,41.302188873291016
2013-03-12,123.95111083984375,80.59484100341797,154.19000244140625,32.50309753417969,41.14884948730469
2013-03-13,124.12623596191406,80.5112533569336,153.66000366210938,32.19596862792969,41.19011688232422
2013-03-14,124.78714752197266,80.26742553710938,153.67999267578125,32.330810546875,41.44961929321289
2013-03-15,124.62229919433594,80.64363861083984,154.0,32.038665771484375,41.543983459472656
2013-03-18,123.93453216552734,81.25672912597656,155.3800048828125,31.679100036621094,41.31398391723633
2013-03-19,123.64665985107422,81.80704498291016,156.0800018310547,31.454378128051758,41.11344909667969
2013-03-20,124.51041412353516,80.89447021484375,155.3699951171875,31.6341552734375,41.24320602416992
2013-03-21,123.44671630859375,81.67469787597656,156.25,31.312047958374023,41.11935043334961
2013-03-22,124.43839263916016,81.73739624023438,155.5500030517578,31.43189811706543,41.33568572998047
2013-03-25,123.91854858398438,81.66072845458984,155.24000549316406,31.401933670043945,41.34163284301758
2013-03-26,124.91021728515625,81.75824737548828,154.72000122070312,31.851398468017578,41.69822311401367
2013-03-27,124.91021728515625,82.4549331665039,155.36000061035156,31.971233367919922,41.77549362182617
2013-03-28,125.29412841796875,82.03694915771484,154.4499969482422,32.038665771484375,41.91813659667969
2013-04-01,124.79825592041016,82.65482330322266,154.6699981689453,31.6940860748291,42.04293441772461
2013-04-02,125.4140853881836,82.31968688964844,152.42999267578125,31.709064483642578,42.17369842529297
2013-04-03,124.14251708984375,83.05973815917969,150.72999572753906,31.334522247314453,42.02510070800781
2013-04-04,124.64635467529297,84.05107879638672,150.2899932861328,31.2446231842041,42.708587646484375
2013-04-05,124.08654022216797,85.74762725830078,152.80999755859375,31.169719696044922,42.940372467041016
2013-04-08,124.92627716064453,85.09133911132812,152.16000366210938,31.22215461730957,43.28510284423828
2013-04-09,125.35810089111328,84.88197326660156,153.33999633789062,31.529285430908203,43.291038513183594
2013-04-10,126.89354705810547,83.71601104736328,150.75,31.828914642333984,43.55848693847656
2013-04-11,127.3094253540039,83.87660217285156,151.0500030517578,31.858882904052734,43.81405258178711
2013-04-12,126.99752807617188,85.12633514404297,143.9499969482422,31.37196922302246,43.92102813720703
2013-04-15,124.0545425415039,85.8663558959961,131.30999755859375,30.607900619506836,43.011714935302734
2013-04-16,125.88595581054688,85.16122436523438,132.8000030517578,31.237140655517578,43.72490310668945
2013-04-17,124.0465316772461,85.72669982910156,132.8699951171875,30.742734909057617,43.26131820678711
2013-04-18,123.2707748413086,85.93614196777344,134.3000030517578,30.742734909057617,43.19593811035156
2013-04-19,124.34247589111328,85.75459289550781,135.47000122070312,31.192184448242188,43.861595153808594
2013-04-22,124.8942642211914,85.81745147705078,137.89999389648438,31.342002868652344,43.80215835571289
2013-04-23,126.18184661865234,85.51728820800781,136.8800048828125,31.491830825805664,44.045833587646484
2013-04-24,126.26179504394531,85.73369598388672,138.3699951171875,31.679100036621094,44.14091873168945
2013-04-25,126.77362060546875,85.3636474609375,141.6300048828125,31.96375274658203,43.992340087890625
2013-04-26,126.54969787597656,86.14559936523438,140.91000366210938,31.64165496826172,43.849708557128906
2013-04-29,127.39743041992188,85.83140563964844,142.3000030517578,31.971233367919922,44.22412872314453
2013-04-30,127.7013168334961,85.88031768798828,142.77000427246094,32.42818832397461,44.741207122802734
2013-05-01,126.58170318603516,86.76248931884766,141.11000061035156,32.07612228393555,44.384613037109375
2013-05-02,127.75725555419922,86.65058898925781,141.9199981689453,32.330810546875,44.675819396972656
2013-05-03,129.05282592773438,84.607666015625,142.08999633789062,32.60047912597656,44.85411071777344
2013-05-06,129.38072204589844,84.3977279663086,142.14999389648438,32.64542770385742,45.085914611816406
2013-05-07,130.03652954101562,84.06889343261719,140.3800048828125,32.877647399902344,45.33553695678711
2013-05-08,130.6282958984375,84.20182800292969,142.4600067138672,33.1323356628418,45.35931396484375
2013-05-09,130.26046752929688,83.98495483398438,140.80999755859375,32.89262771606445,45.06214141845703
2013-05-10,130.68434143066406,83.08245849609375,139.60000610351562,32.63793182373047,45.22856140136719
2013-05-13,130.78822326660156,82.44573974609375,138.42999267578125,32.33830261230469,45.44251251220703
2013-05-14,132.1398162841797,81.55020904541016,137.80999755859375,32.48811340332031,45.608917236328125
2013-05-15,132.85154724121094,82.09596252441406,134.6300048828125,32.4956169128418,46.06062316894531
2013-05-16,132.22776794433594,82.94947052001953,134.08999633789062,32.38323974609375,45.8228759765625
2013-05-17,133.50733947753906,81.90000915527344,131.07000732421875,32.525569915771484,46.07843780517578
2013-05-20,133.49937438964844,81.80204772949219,135.1199951171875,32.60797882080078,46.1854248046875
2013-05-21,133.69129943847656,82.44573974609375,132.8800048828125,32.540550231933594,46.446937561035156
2013-05-22,132.69967651367188,81.22137451171875,131.94000244140625,32.18099594116211,45.31770324707031
2013-05-23,132.31573486328125,81.60617065429688,134.61000061035156,31.941280364990234,44.467803955078125
2013-05-24,132.20384216308594,81.71810913085938,133.75999450683594,31.664112091064453,44.35486602783203
2013-05-28,132.99549865722656,79.64717102050781,133.49000549316406,31.83641242980957,43.974517822265625
2013-05-29,132.13180541992188,80.54273986816406,134.8300018310547,31.43189811706543,43.04143142700195
2013-05-30,132.61965942382812,80.34684753417969,136.6999969482422,31.43189811706543,42.637264251708984
2013-05-31,130.7162628173828,80.07396697998047,133.9199981689453,30.862598419189453,42.066707611083984
2013-06-03,131.4361114501953,80.4982681274414,136.50999450683594,31.319538116455078,42.30445098876953
2013-06-04,130.8042449951172,79.75485229492188,135.22999572753906,30.937496185302734,41.71605682373047
2013-06-05,128.972900390625,80.85597229003906,135.52000427246094,30.38317108154297,41.371337890625
2013-06-06,130.1405029296875,80.80683135986328,136.52999877929688,30.637861251831055,42.03699493408203
2013-06-07,131.79588317871094,79.3621597290039,133.27999877929688,30.480546951293945,42.04293441772461
2013-06-10,131.79588317871094,78.9833984375,133.94000244140625,30.068552017211914,41.68039321899414
2013-06-11,130.43634033203125,79.92316436767578,133.25,29.499258041381836,41.062294006347656
2013-06-12,129.35678100585938,78.78003692626953,134.25,29.296977996826172,40.50361251831055
2013-06-13,131.32411193847656,80.01431274414062,133.74000549316406,29.918725967407227,41.55559158325195
2013-06-14,130.50035095214844,79.82500457763672,134.42999267578125,29.446802139282227,41.71010971069336
2013-06-17,131.5080108642578,79.40422058105469,133.77000427246094,29.716476440429688,41.82897186279297
2013-06-18,132.54762268066406,79.44630432128906,132.1300048828125,29.843826293945312,42.04293441772461
2013-06-19,130.7162628173828,78.6257095336914,130.58999633789062,28.922443389892578,40.75324630737305
2013-06-20,127.47743225097656,77.33528900146484,123.5999984741211,27.626516342163086,39.05940246582031
2013-06-21,127.8865966796875,76.02381134033203,125.05000305175781,28.023529052734375,39.58835983276367
2013-06-24,126.27061462402344,76.33939361572266,123.93000030517578,27.4542179107666,39.40895080566406
2013-06-25,127.48456573486328,75.65911865234375,123.47000122070312,28.03851318359375,40.068965911865234
2013-06-26,128.746826171875,76.15005493164062,118.27999877929688,28.48048210144043,40.67498016357422
2013-06-27,129.5025634765625,76.9285888671875,115.94000244140625,29.051950454711914,41.49100875854492
2013-06-28,128.97190856933594,77.45451354980469,119.11000061035156,29.21891975402832,41.23299026489258
2013-07-01,129.72764587402344,77.61058044433594,121.12999725341797,29.30999183654785,41.14299774169922
2013-07-02,129.6070556640625,77.56133270263672,120.05000305175781,28.786327362060547,41.773014068603516
2013-07-03,129.66339111328125,77.32937622070312,120.73999786376953,28.520700454711914,41.497013092041016
2013-07-05,131.062255859375,74.69336700439453,118.08999633789062,28.338563919067383,41.299015045166016
2013-07-08,131.8098907470703,75.41741180419922,119.51000213623047,28.376508712768555,41.34098815917969
2013-07-09,132.7586669921875,75.49476623535156,120.62000274658203,28.748388290405273,41.92900466918945
2013-07-10,132.80685424804688,74.904296875,120.94999694824219,28.475168228149414,41.94701385498047
2013-07-11,134.61575317382812,75.78297424316406,124.23999786376953,29.871597290039062,42.96103286743164
2013-07-12,134.67202758789062,75.7197036743164,124.12999725341797,29.552846908569336,42.69702911376953
2013-07-15,135.18653869628906,76.12035369873047,124.18000030517578,29.85642433166504,42.87703323364258
2013-07-16,134.68014526367188,76.38044738769531,124.88999938964844,29.977853775024414,42.90702438354492
2013-07-17,135.02574157714844,76.52101135253906,123.31999969482422,30.251066207885742,43.06303024291992
2013-07-18,135.76541137695312,75.5650405883789,124.01000213623047,29.894372940063477,43.42905044555664
2013-07-19,136.0066680908203,76.75999450683594,125.11000061035156,29.81088638305664,43.39905548095703
2013-07-22,136.27195739746094,76.87245178222656,128.83999633789062,30.106868743896484,43.53104782104492
2013-07-23,135.98252868652344,76.54916381835938,129.7100067138672,30.433216094970703,43.48304748535156
2013-07-24,135.48406982421875,75.5791015625,127.4800033569336,30.122051239013672,42.63702392578125
2013-07-25,135.81365966796875,75.55097961425781,128.6699981689453,30.296606063842773,42.70302963256836
2013-07-26,135.95838928222656,76.01494598388672,128.77999877929688,30.228307723999023,42.73904037475586
2013-07-29,135.54037475585938,75.45963287353516,128.47000122070312,29.848834991455078,42.4210205078125
2013-07-30,135.54037475585938,75.4314956665039,128.1199951171875,29.780529022216797,42.295021057128906
2013-07-31,135.6367950439453,75.70565795898438,127.95999908447266,29.605972290039062,41.60499572753906
2013-08-01,137.20452880859375,74.246826171875,126.61000061035156,30.144817352294922,41.44298553466797
2013-08-02,137.4376983642578,75.06429290771484,126.36000061035156,30.137229919433594,41.23900604248047
2013-08-05,137.23667907714844,74.48653411865234,125.69999694824219,29.94748878479004,41.20899200439453
2013-08-06,136.45687866210938,74.70496368408203,123.97000122070312,29.56803321838379,41.064998626708984
2013-08-07,136.01466369628906,75.26165771484375,124.1500015258789,29.249282836914062,40.95698165893555
2013-08-08,136.5131072998047,75.46601104736328,126.86000061035156,29.81088638305664,40.974998474121094
2013-08-09,136.11920166015625,75.58580780029297,126.86000061035156,29.871597290039062,41.33499526977539
2013-08-12,135.95838928222656,75.0714111328125,129.1300048828125,30.152408599853516,41.04098892211914
2013-08-13,136.36038208007812,73.98614501953125,127.73999786376953,30.33454704284668,40.47696304321289
2013-08-14,135.66099548339844,74.09893035888672,129.0,30.433216094970703,40.320960998535156
2013-08-15,133.7635498046875,73.09822845458984,131.69000244140625,30.08409881591797,39.58295440673828
2013-08-16,133.3214111328125,72.84455871582031,132.5800018310547,29.82606315612793,38.610923767089844
2013-08-19,132.4691925048828,72.2103271484375,132.00999450683594,29.264463424682617,38.100921630859375
2013-08-20,133.12042236328125,72.76702880859375,132.4499969482422,29.211332321166992,38.96493911743164
2013-08-21,132.30032348632812,71.97068786621094,132.07000732421875,28.528284072875977,38.874942779541016
2013-08-22,133.5063018798828,72.7035903930664,132.80999755859375,28.991249084472656,39.10893630981445
2013-08-23,133.95652770996094,73.49286651611328,134.89999389648438,29.332765579223633,39.51696014404297
2013-08-26,133.45803833007812,73.85934448242188,135.4499969482422,29.014009475708008,39.402950286865234
2013-08-27,131.3114776611328,74.78953552246094,136.75,28.346153259277344,39.210933685302734
2013-08-28,131.7777862548828,74.1834716796875,136.7100067138672,28.4068603515625,38.97093963623047
2013-08-29,131.98687744140625,74.77540588378906,135.8699951171875,28.634540557861328,39.03094482421875
2013-08-30,131.56871032714844,74.69082641601562,134.6199951171875,28.854637145996094,38.700931549072266
2013-09-03,132.16375732421875,73.63739013671875,136.4199981689453,29.036773681640625,38.364925384521484
2013-09-04,133.25706481933594,73.47488403320312,134.66000366210938,29.552846908569336,38.694923400878906
2013-09-05,133.42593383789062,72.45036315917969,132.1999969482422,29.90196418762207,38.28694152832031
2013-09-06,133.49020385742188,72.81074523925781,134.14999389648438,30.342138290405273,38.880943298339844
2013-09-09,134.7685546875,72.84601593017578,133.91000366210938,31.13901710510254,39.690948486328125
2013-09-10,135.76541137695312,72.3373031616211,131.74000549316406,31.374286651611328,39.66096496582031
2013-09-11,136.19151306152344,72.98028564453125,131.6999969482422,31.397056579589844,39.978946685791016
2013-09-12,135.8297576904297,72.88138580322266,127.66999816894531,31.032758712768555,39.720951080322266
2013-09-13,136.13525390625,73.1639633178711,127.81999969482422,31.2376766204834,39.83496856689453
2013-09-16,136.9231414794922,72.67646789550781,126.44999694824219,31.586790084838867,40.230960845947266
2013-09-17,137.53416442871094,73.27700805664062,126.5,31.518478393554688,40.20696258544922
2013-09-18,139.1260223388672,74.18138885498047,132.00999450683594,32.83902359008789,41.56898498535156
2013-09-19,138.89283752441406,73.74334716796875,131.75,32.66447830200195,41.53300476074219
2013-09-20,137.9217987060547,74.1319580078125,127.95999908447266,31.935894012451172,40.85498809814453
2013-09-23,137.2835693359375,74.67603302001953,127.55000305175781,32.049739837646484,40.57522964477539
2013-09-24,136.96038818359375,75.48148345947266,127.66000366210938,31.776521682739258,40.266441345214844
2013-09-25,136.5645751953125,75.6369400024414,128.7899932861328,31.533662796020508,40.399654388427734
2013-09-26,137.08970642089844,75.10702514648438,127.79000091552734,31.66268539428711,40.64790344238281
2013-09-27,136.45956420898438,75.29069519042969,128.97000122070312,31.290802001953125,40.47834396362305
2013-09-30,135.73245239257812,75.17767333984375,128.17999267578125,30.93411636352539,40.048439025878906
2013-10-01,136.80694580078125,74.94956970214844,124.58999633789062,31.548845291137695,40.62974166870117
2013-10-02,136.67767333984375,75.06291961669922,127.05999755859375,31.670269012451172,40.690277099609375
2013-10-03,135.41734313964844,74.94245910644531,127.18000030517578,31.548845291137695,39.98183059692383
2013-10-04,136.44338989257812,74.88581085205078,126.52999877929688,31.95867156982422,39.903133392333984
2013-10-07,135.2637939453125,75.1904525756836,127.63999938964844,31.685457229614258,40.08476638793945
2013-10-08,133.68850708007812,75.21167755126953,127.4000015258789,31.381881713867188,39.64881896972656
2013-10-09,133.7854766845703,74.60956573486328,126.11000061035156,31.61715316772461,39.65486526489258
2013-10-10,136.6696014404297,74.72996520996094,124.2699966430664,32.36090087890625,40.666072845458984
2013-10-11,137.5501251220703,74.70869445800781,122.5999984741211,32.505104064941406,41.07176971435547
2013-10-14,138.09950256347656,74.10655975341797,122.83000183105469,32.694828033447266,41.095985412597656
2013-10-15,137.09774780273438,74.05699157714844,123.7300033569336,32.37609100341797,40.944602966308594
2013-10-16,139.012451171875,74.98497772216797,123.54000091552734,32.634117126464844,41.71359634399414
2013-10-17,139.94154357910156,75.66506958007812,127.41999816894531,32.83902359008789,42.34332275390625
2013-10-18,140.8867645263672,75.82798767089844,126.8499984741211,32.869384765625,42.300933837890625
2013-10-21,140.894775390625,75.5871353149414,126.9800033569336,32.8162727355957,42.04662322998047
2013-10-22,141.71075439453125,76.43013763427734,129.33999633789062,33.13502502441406,42.43415832519531
2013-10-23,141.03216552734375,76.72772216796875,128.69000244140625,32.36090087890625,42.512874603271484
2013-10-24,141.5006866455078,76.43013763427734,129.89999389648438,32.292598724365234,42.50076675415039
2013-10-25,142.1470184326172,76.71349334716797,130.4600067138672,32.444393157958984,43.021507263183594
2013-10-28,142.37318420410156,76.45138549804688,130.55999755859375,32.634117126464844,42.712677001953125
2013-10-29,143.13265991210938,76.55057525634766,129.77000427246094,32.74036407470703,42.46442413330078
2013-10-30,142.4216766357422,76.0900650024414,129.60000610351562,32.55821990966797,42.10718536376953
2013-10-31,142.0177764892578,76.2530288696289,127.73999786376953,32.22429656982422,41.85892105102539
2013-11-01,142.35707092285156,75.42765045166016,126.94999694824219,32.239463806152344,42.0768928527832
2013-11-04,142.85797119140625,75.49871063232422,126.80999755859375,32.436798095703125,42.15562438964844
2013-11-05,142.405517578125,74.59658813476562,126.55999755859375,31.784109115600586,41.4653434753418
2013-11-06,143.13265991210938,74.63211059570312,127.19999694824219,31.882780075073242,41.404788970947266
2013-11-07,141.32298278808594,75.26431274414062,126.16000366210938,31.305980682373047,40.890098571777344
2013-11-08,143.22959899902344,73.4530029296875,124.27999877929688,31.2376766204834,40.33909606933594
2013-11-11,143.25384521484375,73.17598724365234,123.87000274658203,31.078306198120117,40.38148498535156
2013-11-12,142.96299743652344,73.51695251464844,122.44999694824219,30.911331176757812,40.1998291015625
2013-11-13,144.11016845703125,73.78679656982422,122.8499984741211,30.96446418762207,40.4601936340332
2013-11-14,144.8291473388672,74.24149322509766,124.2699966430664,31.46535873413086,40.744781494140625
2013-11-15,145.45933532714844,74.390625,124.31999969482422,32.06492233276367,40.89616775512695
2013-11-18,144.9503631591797,74.83805084228516,122.9000015258789,32.353309631347656,40.641845703125
2013-11-19,144.63531494140625,74.26984405517578,122.94999694824219,32.15598678588867,40.357261657714844
2013-11-20,144.18287658691406,73.00547790527344,120.12000274658203,31.71581268310547,39.866783142089844
2013-11-21,145.3462371826172,73.12626647949219,119.94000244140625,31.685457229614258,40.17560958862305
2013-11-22,146.0733184814453,73.80816650390625,119.91999816894531,31.913137435913086,40.01816940307617
2013-11-25,145.9279327392578,74.02125549316406,120.45999908447266,31.5032958984375,39.8304557800293
2013-11-26,145.96832275390625,74.29825592041016,119.81999969482422,31.609561920166016,39.69120407104492
2013-11-27,146.32374572753906,74.17044830322266,119.45999908447266,31.814468383789062,40.030277252197266
2013-11-29,146.22686767578125,74.19168090820312,120.69999694824219,32.14080810546875,39.66091537475586
2013-12-02,145.84716796875,73.61470031738281,117.58000183105469,31.46535873413086,39.43082046508789
2013-12-03,145.2169647216797,73.88538360595703,117.95999908447266,31.359106063842773,39.35210418701172
2013-12-04,145.20086669921875,73.18009948730469,119.95999908447266,31.3211669921875,39.49742889404297
2013-12-05,144.56263732910156,72.97349548339844,118.30000305175781,31.13901710510254,39.63671112060547
2013-12-06,146.17837524414062,73.32251739501953,118.55000305175781,31.829639434814453,39.921295166015625
2013-12-09,146.5499725341797,73.49356842041016,119.72000122070312,31.87518882751465,40.11505126953125
2013-12-10,146.02481079101562,74.02080535888672,121.81999969482422,31.890352249145508,40.012123107910156
2013-12-11,144.3848419189453,73.45079040527344,120.86000061035156,31.184558868408203,39.09172439575195
2013-12-12,143.90821838378906,73.17296600341797,118.29000091552734,31.002412796020508,38.873756408691406
2013-12-13,143.89202880859375,73.52914428710938,119.37999725341797,31.078306198120117,38.97064971923828
2013-12-16,144.7887420654297,73.2584228515625,119.69000244140625,31.28321647644043,39.103851318359375
2013-12-17,144.3283233642578,73.5861587524414,118.6500015258789,31.0100040435791,39.28549575805664
2013-12-18,146.7923583984375,73.21571350097656,117.61000061035156,31.627229690551758,39.98183059692383
2013-12-19,146.62274169921875,73.14448547363281,114.81999969482422,31.045228958129883,39.43082046508789
2013-12-20,147.47560119628906,74.27008819580078,115.94000244140625,30.999282836914062,39.673030853271484
2013-12-23,148.2634735107422,73.84973907470703,115.56999969482422,31.229019165039062,39.75175476074219
2013-12-24,148.58839416503906,73.2584228515625,116.0999984741211,31.412805557250977,39.78741455078125
2013-12-26,149.34376525878906,72.97615051269531,116.73999786376953,31.144779205322266,39.81815719604492
2013-12-27,149.33566284179688,72.76883697509766,117.12000274658203,31.627229690551758,39.90424728393555
2013-12-30,149.311279296875,73.2691879272461,115.38999938964844,31.765079498291016,39.91656494140625
2013-12-31,150.01795959472656,72.8045883178711,116.12000274658203,32.01012420654297,39.70130920410156
2014-01-02,148.5802001953125,73.02613067626953,118.0,30.77720069885254,39.707462310791016
2014-01-03,148.55592346191406,73.02613067626953,119.29000091552734,30.723596572875977,39.9288444519043
2014-01-06,148.12535095214844,73.3334732055664,119.5,30.43259048461914,40.13178634643555
2014-01-07,149.03514099121094,73.51933288574219,118.81999969482422,30.562774658203125,40.31013488769531
2014-01-08,149.067626953125,73.31922912597656,118.12000274658203,30.463224411010742,40.113338470458984
2014-01-09,149.1651153564453,73.74800109863281,118.45999908447266,30.302406311035156,40.113338470458984
2014-01-10,149.57122802734375,74.627197265625,120.26000213623047,30.83845329284668,40.66065216064453
2014-01-13,147.58123779296875,74.99886322021484,121.0199966430664,30.47088623046875,40.390071868896484
2014-01-14,149.18946838378906,74.65575408935547,119.88999938964844,30.8001766204834,40.685237884521484
2014-01-15,149.9936065673828,74.5771255493164,119.66000366210938,30.792516708374023,40.99272918701172
2014-01-16,149.7986602783203,75.0774917602539,119.79000091552734,30.624038696289062,41.06652069091797
2014-01-17,149.1651153564453,75.39201354980469,120.93000030517578,30.47088623046875,40.82668685913086
2014-01-21,149.6037139892578,75.44912719726562,119.69999694824219,30.4249324798584,41.19565200805664
2014-01-22,149.70120239257812,75.26332092285156,119.19000244140625,30.830808639526367,41.374000549316406
2014-01-23,148.4746856689453,76.32830047607422,121.79000091552734,30.07266616821289,41.27558898925781
2014-01-24,145.3068389892578,76.82147979736328,122.29000091552734,29.283906936645508,40.759033203125
2014-01-27,144.59205627441406,76.28544616699219,120.95999908447266,29.169042587280273,40.44541931152344
2014-01-28,145.4530487060547,76.47126007080078,120.94999694824219,29.35283088684082,40.78363800048828
2014-01-29,144.05592346191406,77.1002426147461,122.47000122070312,28.931642532348633,40.5622673034668
2014-01-30,145.5829620361328,76.87866973876953,119.7699966430664,29.199670791625977,41.17721939086914
2014-01-31,144.7301025390625,77.39328002929688,120.08999633789062,29.245615005493164,41.398582458496094
2014-02-03,141.47288513183594,78.33631134033203,121.31999969482422,28.41855812072754,40.74058532714844
2014-02-04,142.4638671875,77.50508880615234,120.98999786376953,28.99289894104004,41.232547760009766
2014-02-05,142.28521728515625,76.78854370117188,121.29000091552734,28.885696411132812,41.14645767211914
2014-02-06,144.1615447998047,76.45885467529297,121.23999786376953,29.49066162109375,41.447792053222656
2014-02-07,145.9485321044922,76.52335357666016,122.16999816894531,29.65913963317871,41.76141357421875
2014-02-10,146.21652221679688,76.73833465576172,122.91999816894531,29.32984733581543,42.15498733520508
2014-02-11,147.81678771972656,76.29402160644531,124.36000061035156,29.9654598236084,42.321014404296875
2014-02-12,147.88986206054688,75.89993286132812,124.43000030517578,29.973119735717773,42.34561538696289
2014-02-13,148.6533660888672,76.32987213134766,125.48999786376953,30.00374412536621,42.5055046081543
2014-02-14,149.4737548828125,76.37294006347656,127.1500015258789,30.371326446533203,42.67152404785156
2014-02-18,149.65249633789062,76.54486846923828,127.4000015258789,30.087989807128906,42.8806266784668
2014-02-19,148.66151428222656,76.2223892211914,126.2699966430664,29.881227493286133,42.85601806640625
2014-02-20,149.53872680664062,76.03609466552734,127.5999984741211,29.988435745239258,42.7637939453125
2014-02-21,149.3681640625,76.43741607666016,127.58000183105469,30.195201873779297,42.86832046508789
2014-02-24,150.19671630859375,76.24388122558594,128.99000549316406,30.195201873779297,42.972862243652344
2014-02-25,150.13980102539062,76.92465209960938,129.2100067138672,29.850589752197266,43.11430740356445
2014-02-26,150.14797973632812,77.33308410644531,128.11000061035156,29.873558044433594,43.212684631347656
2014-02-27,150.9358367919922,77.75589752197266,128.1999969482422,30.440250396728516,43.09585952758789
2014-02-28,151.31764221191406,77.7988510131836,127.62000274658203,30.233488082885742,43.49557876586914
2014-03-03,150.2535400390625,78.31820678710938,130.2899932861328,29.697433471679688,43.52016830444336
2014-03-04,152.3654022216797,77.14019012451172,128.67999267578125,30.202856063842773,44.14743423461914
2014-03-05,152.50355529785156,77.30536651611328,128.88999938964844,30.225826263427734,44.09207534790039
2014-03-06,152.85281372070312,76.5439682006836,130.1699981689453,30.654674530029297,43.72311019897461
2014-03-07,152.91778564453125,76.06267547607422,129.08999633789062,30.26412582397461,43.249603271484375
2014-03-10,152.8365936279297,76.17047119140625,129.1300048828125,30.057355880737305,43.022064208984375
2014-03-11,152.08106994628906,76.3715591430664,129.86000061035156,29.720407485961914,43.29264450073242
2014-03-12,152.1217498779297,76.90310668945312,131.75999450683594,29.78166961669922,43.42177963256836
2014-03-13,150.416015625,77.93753814697266,132.2100067138672,29.245615005493164,43.21885299682617
2014-03-14,149.9936065673828,77.95185089111328,133.10000610351562,29.406431198120117,43.32954025268555
2014-03-17,151.35008239746094,77.36998748779297,131.63999938964844,29.766355514526367,43.42177963256836
2014-03-18,152.43045043945312,77.65015411376953,130.6199951171875,30.179882049560547,43.5509033203125
2014-03-19,151.61814880371094,77.04674530029297,128.08999633789062,29.53662109375,42.72688674926758
2014-03-20,152.50355529785156,76.9102783203125,127.86000061035156,29.66680335998535,42.800682067871094
2014-03-21,151.91200256347656,77.74354553222656,128.47000122070312,29.850589752197266,43.194244384765625
2014-03-24,151.28382873535156,78.29666137695312,126.18000030517578,30.141582489013672,42.91136169433594
2014-03-25,152.0017852783203,78.00216674804688,126.41000366210938,30.4862003326416,43.30317687988281
2014-03-26,150.90853881835938,78.61277770996094,125.41000366210938,30.55512237548828,42.8141975402832
2014-03-27,150.59034729003906,79.00780487060547,124.58999633789062,30.95333480834961,43.0865364074707
2014-03-28,151.33282470703125,78.5625,124.55999755859375,31.19839096069336,43.346500396728516
2014-03-31,152.57290649414062,78.36849212646484,123.61000061035156,31.405139923095703,43.711708068847656
2014-04-01,153.5845489501953,77.69872283935547,123.38999938964844,31.772727966308594,43.90977478027344
2014-04-02,154.09854125976562,77.25224304199219,124.31999969482422,31.83399200439453,43.946903228759766
2014-04-03,153.8945770263672,77.59066009521484,123.91999816894531,31.711463928222656,43.854068756103516
2014-04-04,152.07521057128906,78.10924530029297,125.56999969482422,31.627229690551758,44.00261306762695
2014-04-07,150.3945770263672,78.57734680175781,124.91000366210938,31.765079498291016,44.14499282836914
2014-04-08,151.0146026611328,78.76461791992188,126.08999633789062,32.13264846801758,44.41731643676758
2014-04-09,152.63818359375,78.37571716308594,126.31999969482422,32.37770080566406,44.305912017822266
2014-04-10,149.43186950683594,79.10304260253906,127.01000213623047,32.03309631347656,43.885005950927734
2014-04-11,148.08572387695312,79.74400329589844,126.93000030517578,32.03309631347656,43.618865966796875
2014-04-14,149.2523193359375,79.5351791381836,127.8499984741211,31.96417808532715,43.87883377075195
2014-04-15,150.28028869628906,80.03205108642578,125.48999786376953,31.48172378540039,44.39876174926758
2014-04-16,151.8549346923828,80.13292694091797,125.54000091552734,31.879945755004883,44.683475494384766
2014-04-17,152.0670623779297,79.25430297851562,124.75,32.17094039916992,44.42350387573242
2014-04-21,152.59732055664062,79.18946838378906,124.23999786376953,31.971839904785156,44.67730712890625
2014-04-22,153.29083251953125,79.45597076416016,123.77999877929688,31.88759422302246,44.776329040527344
2014-04-23,152.93182373046875,79.90962219238281,123.76000213623047,31.657852172851562,44.59682083129883
2014-04-24,153.24183654785156,80.0608901977539,124.55999755859375,31.68849754333496,44.78253173828125
2014-04-25,151.98550415039062,80.17613220214844,125.43000030517578,31.2596492767334,44.60920333862305
2014-04-28,152.46681213378906,79.78717803955078,124.87999725341797,31.412805557250977,44.955841064453125
2014-04-29,153.1765899658203,79.67925262451172,124.86000061035156,31.711463928222656,44.98678207397461
2014-04-30,153.6334686279297,80.01046752929688,124.22000122070312,31.65021324157715,45.1477165222168
2014-05-01,153.64976501464844,80.86885070800781,123.80000305175781,31.68849754333496,45.3395881652832
2014-05-02,153.42953491210938,81.36698913574219,125.05999755859375,31.8646240234375,45.327213287353516
2014-05-05,153.7232208251953,80.87602233886719,126.22000122070312,31.68849754333496,45.420066833496094
2014-05-06,152.38523864746094,81.2009506225586,125.9800033569336,31.83399200439453,45.25913619995117
2014-05-07,153.2826690673828,80.91212463378906,124.16999816894531,32.002471923828125,45.80381393432617
2014-05-08,153.1195068359375,80.56559753417969,124.16999816894531,31.92588996887207,45.90903854370117
2014-05-09,153.3479461669922,80.30571746826172,124.0999984741211,31.872283935546875,45.93999481201172
2014-05-12,154.84100341796875,79.98089599609375,124.94000244140625,32.4083366394043,46.08234786987305
2014-05-13,154.9796142578125,80.6739273071289,124.5999984741211,32.530860900878906,45.78525161743164
2014-05-14,154.24539184570312,81.54742431640625,125.80999755859375,32.76060104370117,45.80381393432617
2014-05-15,152.89105224609375,82.1971435546875,124.7699966430664,32.45427322387695,45.779052734375
2014-05-16,153.42137145996094,81.96614074707031,124.5,32.88313674926758,46.199947357177734
2014-05-19,153.98434448242188,81.35974884033203,124.58000183105469,32.88313674926758,46.01427459716797
2014-05-20,153.01344299316406,81.54021453857422,124.69000244140625,32.6151008605957,45.87189483642578
2014-05-21,154.30252075195312,81.04207611083984,124.38999938964844,32.86781311035156,45.5686149597168
2014-05-22,154.67779541015625,80.92658233642578,124.66999816894531,33.09754943847656,45.4881477355957
2014-05-23,155.29786682128906,81.35974884033203,124.51000213623047,33.036277770996094,45.89047622680664
2014-05-27,156.25234985351562,81.836181640625,121.8499984741211,32.75294494628906,46.21852493286133
2014-05-28,156.13818359375,82.8468246459961,121.19999694824219,32.944393157958984,45.927616119384766
2014-05-29,156.94583129882812,82.4065170288086,120.94000244140625,33.036277770996094,46.02046585083008
2014-05-30,157.19876098632812,82.37039947509766,120.43000030517578,32.584468841552734,46.23091125488281
2014-06-02,157.37818908691406,81.75808715820312,119.69999694824219,32.68402099609375,46.37326431274414
2014-06-03,157.2966766357422,80.75204467773438,120.01000213623047,32.86781311035156,46.34851837158203
2014-06-04,157.61483764648438,80.73036193847656,119.76000213623047,32.68402099609375,46.44136428833008
2014-06-05,158.64280700683594,80.76653289794922,120.66000366210938,33.028621673583984,47.295536041259766
2014-06-06,159.40155029296875,80.76653289794922,120.61000061035156,33.35791778564453,47.097450256347656
2014-06-09,159.56472778320312,80.6507339477539,120.6500015258789,33.48045349121094,46.52802658081055
2014-06-10,159.5810546875,80.35395812988281,121.38999938964844,33.65658187866211,46.181392669677734
2014-06-11,159.02627563476562,80.49870300292969,121.41000366210938,33.541717529296875,46.05760192871094
2014-06-12,157.900390625,81.21529388427734,122.63999938964844,33.38089370727539,45.93999481201172
2014-06-13,158.38174438476562,81.17182922363281,122.95999908447266,33.396209716796875,46.05760192871094
2014-06-16,158.51226806640625,81.37450408935547,122.41999816894531,33.2430534362793,45.8223876953125
2014-06-17,158.9528350830078,80.73036193847656,122.27999877929688,33.25070571899414,45.93999481201172
2014-06-18,160.11952209472656,81.3528060913086,122.66999816894531,33.618289947509766,46.26186752319336
2014-06-19,160.29896545410156,80.310546875,126.94000244140625,33.42685317993164,46.64561080932617
2014-06-20,160.62440490722656,80.91852569580078,126.5,33.35791778564453,46.80656051635742
2014-06-23,160.57525634765625,80.66522216796875,126.8499984741211,33.28900146484375,46.61467742919922
2014-06-24,159.60792541503906,81.48303985595703,126.9800033569336,33.27368927001953,46.649024963378906
2014-06-25,160.32937622070312,81.6929931640625,126.98999786376953,33.34392547607422,46.5552978515625
2014-06-26,160.21453857421875,82.08378601074219,126.7300033569336,33.38251495361328,46.51158905029297
2014-06-27,160.52606201171875,81.96078491210938,126.66000366210938,33.45969772338867,46.86769485473633
2014-06-30,160.4441375732422,82.16340637207031,128.0399932861328,33.3670768737793,46.75522994995117
2014-07-01,161.5179901123047,81.4754638671875,127.69999694824219,33.683536529541016,47.005126953125
2014-07-02,161.6819305419922,80.60469818115234,127.69999694824219,33.884212493896484,46.8926887512207
2014-07-03,162.47708129882812,80.314453125,127.16000366210938,34.084896087646484,46.62403106689453
2014-07-07,161.9114532470703,80.90225982666016,127.0199966430664,34.06174087524414,46.761497497558594
2014-07-08,160.8704376220703,81.80928039550781,127.06999969482422,33.90736770629883,46.89892578125
2014-07-09,161.59173583984375,81.87460327148438,127.83999633789062,34.100337982177734,46.973907470703125
2014-07-10,160.95233154296875,81.89634704589844,128.5399932861328,33.91508102416992,47.186302185058594
2014-07-11,161.1736602783203,82.41883087158203,128.77999877929688,33.87649917602539,47.19255447387695
2014-07-14,161.98521423339844,82.0632553100586,125.72000122070312,34.1389274597168,47.42369842529297
2014-07-15,161.6819305419922,81.89634704589844,124.52999877929688,34.11577606201172,47.45494842529297
2014-07-16,162.28041076660156,82.33172607421875,124.97000122070312,34.20067596435547,47.60488510131836
2014-07-17,160.43589782714844,83.36943817138672,127.08999633789062,33.56003952026367,47.36122131347656
2014-07-18,162.07542419433594,83.10091400146484,126.12999725341797,34.084896087646484,47.82978439331055
2014-07-21,161.77210998535156,83.51458740234375,126.33999633789062,34.20067596435547,47.65485382080078
2014-07-22,162.47708129882812,83.6886978149414,125.73999786376953,34.51713180541992,47.8047981262207
2014-07-23,162.8378143310547,83.57984924316406,125.62000274658203,34.547996520996094,47.89225769042969
2014-07-24,162.84596252441406,82.95581817626953,124.3499984741211,34.70237350463867,47.82978439331055
2014-07-25,162.08363342285156,83.93548583984375,125.79000091552734,34.56343460083008,47.49867630004883
2014-07-28,162.1492156982422,83.81934356689453,125.58000183105469,34.80271530151367,47.82978439331055
2014-07-29,161.45240783691406,84.12408447265625,125.19999694824219,34.594322204589844,47.5986328125
2014-07-30,161.4770050048828,82.95581817626953,124.83000183105469,34.42451477050781,47.49867630004883
2014-07-31,158.2881317138672,82.70911407470703,123.38999938964844,33.82246398925781,46.792720794677734
2014-08-01,157.8045196533203,83.34935760498047,124.37999725341797,34.00771713256836,46.680274963378906
2014-08-04,158.9438934326172,83.13105010986328,123.98999786376953,34.324180603027344,47.005126953125
2014-08-05,157.40277099609375,83.4002685546875,123.87000274658203,33.799320220947266,46.52409362792969
2014-08-06,157.4520263671875,83.45118713378906,125.66999816894531,33.5677604675293,46.505340576171875
2014-08-07,156.59938049316406,84.22968292236328,126.18000030517578,33.4365348815918,46.530330657958984
2014-08-08,158.41111755371094,84.04783630371094,126.19000244140625,33.73756790161133,46.805213928222656
2014-08-11,158.87014770507812,84.04051971435547,125.95999908447266,34.169803619384766,47.098838806152344
2014-08-12,158.64886474609375,83.49486541748047,125.98999786376953,34.2083854675293,47.02387237548828
2014-08-13,159.72271728515625,84.04051971435547,126.19999694824219,34.39364242553711,47.704837799072266
2014-08-14,160.4768524169922,84.71717834472656,126.30999755859375,34.447662353515625,47.673606872558594
2014-08-15,160.4441375732422,85.64114379882812,125.4800033569336,34.35504150390625,47.62361145019531
2014-08-18,161.78854370117188,84.78990173339844,124.95999908447266,34.68693923950195,48.092159271240234
2014-08-19,162.63282775878906,84.52799224853516,124.68000030517578,34.84903335571289,48.19213104248047
2014-08-20,163.0673065185547,84.38978576660156,124.22000122070312,34.77956008911133,48.41079330444336
2014-08-21,163.54286193847656,84.8626480102539,122.87999725341797,34.632904052734375,48.33584213256836
2014-08-22,163.28868103027344,85.33560943603516,123.19000244140625,34.54027557373047,47.9484748840332
2014-08-25,164.11669921875,85.6557388305664,122.73999786376953,34.79499816894531,47.842288970947266
2014-08-26,164.22320556640625,85.37924194335938,123.3499984741211,35.00339126586914,47.93598556518555
2014-08-27,164.15762329101562,86.1067886352539,123.31999969482422,35.1809196472168,47.96723175048828
2014-08-28,164.06747436523438,86.55785369873047,124.0,34.833587646484375,47.960975646972656
2014-08-29,164.53469848632812,86.6160888671875,123.86000061035156,34.77956008911133,48.21712112426758
2014-09-02,164.45274353027344,85.12187194824219,121.6500015258789,34.72553253173828,48.22336959838867
2014-09-03,164.36256408691406,85.59589385986328,122.1500015258789,35.1809196472168,48.34832000732422
2014-09-04,164.1248321533203,84.5531234741211,121.4800033569336,35.08830261230469,48.167144775390625
2014-09-05,164.86260986328125,84.39274597167969,122.05999755859375,35.38932418823242,48.6794319152832
2014-09-08,164.43637084960938,84.42920684814453,120.7300033569336,34.972530364990234,48.62943649291992
2014-09-09,163.3952178955078,84.36357116699219,120.87000274658203,34.54027557373047,48.3295783996582
2014-09-10,164.0101318359375,83.83125305175781,120.26000213623047,34.39364242553711,47.56739044189453
2014-09-11,164.1986083984375,83.55411529541016,119.47000122070312,34.16208267211914,47.60488510131836
2014-09-12,163.23948669433594,82.67901611328125,118.37999725341797,33.799320220947266,46.14299774169922
2014-09-15,163.11651611328125,82.80303955078125,118.63999938964844,33.6295051574707,45.9180908203125
2014-09-16,164.34617614746094,82.46761322021484,118.83000183105469,34.069454193115234,46.36789321899414
2014-09-17,164.5675048828125,82.256103515625,117.54000091552734,33.75299835205078,46.35540008544922
2014-09-18,165.4447021484375,82.51862335205078,117.77999877929688,33.799320220947266,45.9493408203125
2014-09-19,165.2955780029297,83.56871795654297,117.08999633789062,33.54460525512695,46.00555419921875
2014-09-22,164.01902770996094,83.67082977294922,116.8499984741211,33.035179138183594,45.64321517944336
2014-09-23,163.0801239013672,84.18854522705078,117.5999984741211,32.84994125366211,45.31208801269531
2014-09-24,164.35670471191406,83.72184753417969,117.05000305175781,33.32076644897461,45.19103240966797
2014-09-25,161.70469665527344,84.71354675292969,117.38999938964844,32.59523391723633,44.98926544189453
2014-09-26,162.98951721191406,84.58961486816406,117.05999755859375,32.74187469482422,45.59457778930664
2014-09-29,162.6929931640625,85.2677230834961,117.02999877929688,32.078086853027344,45.53152847290039
2014-09-30,162.26473999023438,84.78648376464844,116.20999908447266,32.078086853027344,45.304534912109375
2014-10-01,160.06578063964844,86.43058013916016,116.7699966430664,31.422014236450195,45.34237289428711
2014-10-02,160.0904541015625,85.6775894165039,116.73999786376953,31.591819763183594,45.26670837402344
2014-10-03,161.85296630859375,86.04313659667969,114.61000061035156,31.86196517944336,45.550437927246094
2014-10-06,161.6634521484375,86.09434509277344,116.02999877929688,32.27876281738281,45.670249938964844
2014-10-07,159.1680145263672,87.25666809082031,116.36000061035156,31.993194580078125,45.310821533203125
2014-10-08,161.95175170898438,87.27857971191406,117.47000122070312,32.47172927856445,46.294490814208984
2014-10-09,158.73977661132812,86.89842987060547,117.63999938964844,31.96230697631836,46.294490814208984
2014-10-10,156.92788696289062,87.76105499267578,117.58999633789062,31.26763343811035,46.338623046875
2014-10-13,154.34999084472656,88.29473114013672,118.5199966430664,31.58409881591797,46.382755279541016
2014-10-14,154.58889770507812,88.87225341796875,118.58999633789062,31.769350051879883,47.133113861083984
2014-10-15,153.5428924560547,89.57406616210938,118.98999786376953,31.36798858642578,46.95024871826172
2014-10-16,153.41111755371094,89.00384521484375,119.22000122070312,31.0823917388916,47.02592468261719
2014-10-17,155.22305297851562,88.50672149658203,118.98999786376953,31.429729461669922,47.08266067504883
2014-10-20,156.7301788330078,88.82841491699219,119.80000305175781,31.522356033325195,47.80147933959961
2014-10-21,159.83518981933594,88.11927795410156,120.0199966430664,31.653562545776367,48.236568450927734
2014-10-22,158.69862365722656,88.21434020996094,119.33999633789062,31.445175170898438,48.249168395996094
2014-10-23,160.54344177246094,87.4321060180664,118.5199966430664,31.437448501586914,48.621177673339844
2014-10-24,161.77880859375,87.51982879638672,118.3499984741211,31.661283493041992,48.58334732055664
2014-10-27,161.55642700195312,87.68067169189453,118.05999755859375,31.41429328918457,48.942771911621094
2014-10-28,163.40957641601562,87.13238525390625,118.0999984741211,32.04721450805664,49.157161712646484
2014-10-29,163.16249084472656,87.32976531982422,116.41000366210938,32.09352493286133,48.87971496582031
2014-10-30,164.2084197998047,87.4028549194336,115.19000244140625,32.39454650878906,49.188663482666016
2014-10-31,166.08627319335938,87.17623901367188,112.66000366210938,32.53348159790039,49.80659866333008
2014-11-03,166.1768341064453,87.17625427246094,112.1500015258789,32.26333236694336,50.24167251586914
2014-11-04,165.600341796875,87.44740295410156,112.22000122070312,32.294212341308594,50.32366180419922
2014-11-05,166.6463165283203,87.32279968261719,109.79000091552734,32.00862121582031,50.21645736694336
2014-11-06,167.31333923339844,86.75852966308594,109.87999725341797,31.614967346191406,49.83182907104492
2014-11-07,167.4698944091797,87.75514221191406,112.97000122070312,31.815658569335938,49.76877975463867
2014-11-10,167.99693298339844,86.9490737915039,110.45999908447266,31.90056800842285,50.17862319946289
2014-11-11,168.16168212890625,87.0077133178711,112.04000091552734,31.869688034057617,49.98316955566406
2014-11-12,167.9805145263672,86.93441772460938,111.5,31.807937622070312,49.60482406616211
2014-11-13,168.1699676513672,87.13965606689453,111.66999816894531,31.72303581237793,49.8759765625
2014-11-14,168.21112060546875,87.56466674804688,114.47000122070312,31.985458374023438,49.46611404418945
2014-11-17,168.31817626953125,87.34477996826172,114.05000305175781,31.64585304260254,49.68682098388672
2014-11-18,169.29006958007812,87.58658599853516,115.05000305175781,31.815658569335938,49.90119934082031
2014-11-19,169.01821899414062,87.02967071533203,113.68000030517578,31.800228118896484,49.45350646972656
2014-11-20,169.314697265625,87.48400115966797,114.86000061035156,31.74618911743164,49.61745071411133
2014-11-21,170.2206268310547,88.01167297363281,115.38999938964844,32.75731658935547,49.92641830444336
2014-11-24,170.69842529296875,88.08493041992188,115.11000061035156,32.48716735839844,50.10296630859375
2014-11-25,170.57481384277344,88.8177490234375,115.37999725341797,32.27876281738281,50.19124984741211
2014-11-26,171.0113525390625,89.05956268310547,115.16000366210938,32.687843322753906,50.6767578125
2014-11-28,170.64894104003906,89.76306915283203,112.11000061035156,32.03178024291992,50.8028564453125
2014-12-01,169.46299743652344,89.23943328857422,116.58000183105469,31.4837646484375,50.6767578125
2014-12-02,170.55833435058594,88.37274169921875,115.13999938964844,31.476041793823242,50.99203109741211
2014-12-03,171.21722412109375,88.71795654296875,116.33000183105469,31.560943603515625,50.94157409667969
2014-12-04,171.02784729003906,89.4597396850586,115.87999725341797,31.614967346191406,51.07400131225586
2014-12-05,171.30783081054688,88.93827056884766,114.43000030517578,31.55323028564453,50.815467834472656
2014-12-08,170.16307067871094,90.02532958984375,115.77999877929688,31.090120315551758,51.13705062866211
2014-12-09,170.0477294921875,90.48804473876953,118.19000244140625,30.796817779541016,51.370361328125
2014-12-10,167.32159423828125,91.14907836914062,117.95999908447266,30.341419219970703,51.31991195678711
2014-12-11,168.1699676513672,91.523681640625,117.69000244140625,30.086715698242188,51.41450500488281
2014-12-12,165.4521026611328,92.76494598388672,117.41000366210938,29.592729568481445,50.96681594848633
2014-12-15,164.3155517578125,92.57398986816406,114.38999938964844,29.168212890625,50.30473709106445
2014-12-16,162.9977569580078,93.71975708007812,114.94999694824219,29.121902465820312,50.23537063598633
2014-12-17,166.19332885742188,92.87510681152344,114.2699966430664,29.79132652282715,51.389259338378906
2014-12-18,170.3030548095703,91.22250366210938,115.1500015258789,30.198461532592773,51.74867248535156
2014-12-19,171.02767944335938,92.44908142089844,114.7699966430664,30.409849166870117,51.72348403930664
2014-12-22,171.81439208984375,92.57398986816406,112.55000305175781,30.832653045654297,52.58821487426758
2014-12-23,172.04629516601562,90.73776245117188,112.73999786376953,30.550785064697266,52.44120788574219
2014-12-24,172.06285095214844,91.23164367675781,112.7699966430664,30.62125015258789,52.22391128540039
2014-12-26,172.61773681640625,91.57023620605469,114.83000183105469,30.863971710205078,52.40925216674805
2014-12-29,172.84959411621094,92.25470733642578,113.66999816894531,30.67605972290039,52.69685363769531
2014-12-30,171.9220428466797,92.50493621826172,115.19999694824219,30.738691329956055,52.65853500366211
2014-12-31,170.21612548828125,92.681640625,113.58000183105469,30.762189865112305,51.770118713378906
2015-01-02,170.12503051757812,93.71208190917969,114.08000183105469,30.35504722595215,52.549869537353516
2015-01-05,167.05259704589844,95.18415832519531,115.80000305175781,29.814815521240234,52.83749008178711
2015-01-06,165.4791717529297,96.89912414550781,117.12000274658203,29.689537048339844,53.361568450927734
2015-01-07,167.54127502441406,96.70771026611328,116.43000030517578,30.331560134887695,54.17965316772461
2015-01-08,170.5142059326172,95.42704772949219,115.94000244140625,30.848318099975586,54.384185791015625
2015-01-09,169.14776611328125,96.47222137451172,117.26000213623047,30.746532440185547,54.40975570678711
2015-01-12,167.82276916503906,97.02423095703125,118.55999755859375,30.49598503112793,54.825199127197266
2015-01-13,167.3507537841797,97.02423095703125,118.16000366210938,30.762189865112305,54.74209976196289
2015-01-14,166.34039306640625,97.7602767944336,117.97000122070312,30.589941024780273,55.21505355834961
2015-01-15,164.8166046142578,99.298583984375,120.94000244140625,30.660400390625,55.34290313720703
2015-01-16,166.97805786132812,98.03263092041016,122.5199966430664,30.918779373168945,55.82223892211914
2015-01-20,167.33419799804688,99.33535766601562,124.19999694824219,30.87179946899414,55.38125228881836
2015-01-21,168.17886352539062,98.18714904785156,124.2300033569336,31.552967071533203,55.34290313720703
2015-01-22,170.67984008789062,97.8338851928711,125.2300033569336,32.155845642089844,56.3271598815918
2015-01-23,169.7440948486328,99.195556640625,124.2300033569336,31.91312599182129,56.167396545410156
2015-01-26,170.14154052734375,98.89379119873047,122.98999786376953,31.928783416748047,56.64036178588867
2015-01-27,167.89724731445312,99.04840850830078,124.4000015258789,31.756528854370117,56.659523010253906
2015-01-28,165.7441864013672,100.66761779785156,123.41999816894531,31.41203498840332,56.28240203857422
2015-01-29,167.2761993408203,100.00517272949219,120.76000213623047,31.41203498840332,56.480567932128906
2015-01-30,165.17271423339844,101.77899932861328,123.44999694824219,30.550785064697266,55.31733322143555
2015-02-02,167.21820068359375,101.39478302001953,122.41999816894531,31.09885597229004,55.17033004760742
2015-02-03,169.63641357421875,99.24864196777344,121.05000305175781,31.68607521057129,55.64967727661133
2015-02-04,168.9904327392578,99.41825866699219,121.58000183105469,31.529476165771484,55.41960525512695
2015-02-05,170.6964111328125,98.3266830444336,121.79000091552734,31.71738052368164,56.08430862426758
2015-02-06,170.224365234375,96.58612823486328,118.63999938964844,31.177160263061523,54.45448684692383
2015-02-09,169.4624786376953,96.43120574951172,119.16999816894531,31.13017463684082,54.071022033691406
2015-02-10,171.267822265625,95.66424560546875,118.47000122070312,31.0518741607666,54.243595123291016
2015-02-11,171.36724853515625,95.84120178222656,117.06999969482422,30.824817657470703,54.083805084228516
2015-02-12,173.0152130126953,95.52411651611328,117.33999633789062,31.482501983642578,54.72931671142578
2015-02-13,173.72743225097656,94.54315948486328,117.9800033569336,31.842660903930664,54.365013122558594
2015-02-17,174.0006866455078,93.11973571777344,116.01000213623047,31.772193908691406,54.23080825805664
2015-02-18,174.0172882080078,93.67295837402344,116.33999633789062,31.764368057250977,54.7357177734375
2015-02-19,173.89303588867188,93.05341339111328,115.94000244140625,31.63126564025879,53.559696197509766
2015-02-20,174.93649291992188,93.32625579833984,115.27999877929688,31.842660903930664,54.07741928100586
2015-02-23,174.9116668701172,94.39568328857422,115.43000030517578,31.521652221679688,54.51204299926758
2015-02-24,175.4085235595703,95.63472747802734,115.26000213623047,31.97576904296875,53.43826675415039
2015-02-25,175.2594757080078,96.04776000976562,115.69999694824219,31.91312599182129,53.451045989990234
2015-02-26,175.05245971679688,94.73491668701172,116.06999969482422,31.92095375061035,52.86941909790039
2015-02-27,174.4561767578125,95.53153991699219,116.16000366210938,31.89746856689453,53.284873962402344
2015-03-02,175.55760192871094,93.75205993652344,115.68000030517578,31.85049057006836,53.591651916503906
2015-03-03,174.83709716796875,93.412109375,115.47000122070312,31.607778549194336,53.48942184448242
2015-03-04,174.10006713867188,93.44168090820312,115.11000061035156,31.263277053833008,52.97807693481445
2015-03-05,174.29055786132812,93.32347106933594,115.0,31.21630096435547,53.131465911865234
2015-03-06,171.8392333984375,91.26178741455078,111.86000061035156,30.738691329956055,51.36744689941406
2015-03-09,172.5514678955078,92.1041259765625,111.97000122070312,30.62125015258789,51.77650451660156
2015-03-10,169.7523651123047,93.31604766845703,111.41999816894531,29.94009017944336,51.738162994384766
2015-03-11,169.35484313964844,93.9958724975586,110.75,30.167144775390625,51.782894134521484
2015-03-12,171.50799560546875,93.9294204711914,110.72000122070312,30.35504722595215,52.684078216552734
2015-03-13,170.45623779296875,93.64119720458984,110.87999725341797,29.9870662689209,52.65212631225586
2015-03-16,172.73362731933594,94.54275512695312,110.80999755859375,30.34722137451172,53.195396423339844
2015-03-17,172.22021484375,95.32606506347656,110.20999908447266,30.699548721313477,53.17620849609375
2015-03-18,174.29055786132812,97.16603088378906,112.37000274658203,31.4511775970459,54.288330078125
2015-03-19,173.49557495117188,96.67093658447266,112.29000091552734,30.918779373168945,54.262752532958984
2015-03-20,175.0269775390625,97.18084716796875,113.56999969482422,31.380708694458008,55.62411880493164
2015-03-23,174.68592834472656,97.0625991821289,114.29000091552734,31.47467803955078,55.55381393432617
2015-03-24,173.704345703125,98.00105285644531,114.56999969482422,31.59994888305664,55.08084487915039
2015-03-25,171.15890502929688,97.17344665527344,114.7300033569336,31.09885597229004,54.13054656982422
2015-03-26,170.7513427734375,95.65853118896484,115.4800033569336,30.809165954589844,53.84767150878906
2015-03-27,171.1422576904297,96.84830474853516,115.05999755859375,30.89528465270996,53.91838836669922
2015-03-30,173.23020935058594,96.36799621582031,113.75,31.49033546447754,54.68992233276367
2015-03-31,171.71624755859375,96.5748519897461,113.66000366210938,31.41986656188965,54.20771408081055
2015-04-01,171.10899353027344,97.84339904785156,115.5999984741211,31.811342239379883,54.13054656982422
2015-04-02,171.72457885742188,96.80667114257812,115.27999877929688,32.288944244384766,54.54203796386719
2015-04-06,172.88079833984375,96.2660903930664,116.69000244140625,32.703914642333984,55.10786437988281
2015-04-07,172.42327880859375,97.0732192993164,116.11000061035156,32.539493560791016,54.13698196411133
2015-04-08,173.00559997558594,97.1028823852539,115.47000122070312,33.22065734863281,54.220577239990234
2015-04-09,173.77088928222656,95.84398651123047,114.66999816894531,33.54949188232422,53.09540557861328
2015-04-10,174.71920776367188,95.98469543457031,115.97000122070312,33.57298278808594,53.05683898925781
2015-04-13,173.92893981933594,96.1180191040039,115.13999938964844,33.37724304199219,52.915367126464844
2015-04-14,174.26170349121094,96.79924011230469,114.44000244140625,33.52600860595703,53.10182571411133
2015-04-15,175.0436248779297,96.71773529052734,115.43000030517578,33.760902404785156,52.70320510864258
2015-04-16,174.99371337890625,96.23648834228516,115.02999877929688,34.027095794677734,52.83821487426758
2015-04-17,172.98062133789062,97.33981323242188,115.5999984741211,33.43205642700195,52.59388732910156
2015-04-20,174.56112670898438,96.48080444335938,114.72000122070312,33.400733947753906,52.671051025390625
2015-04-21,174.3531951904297,96.04389953613281,115.37999725341797,33.59647750854492,52.76106643676758
2015-04-22,175.2099609375,94.57772064208984,113.83000183105469,33.95663070678711,52.87037658691406
2015-04-23,175.6508331298828,94.98497772216797,114.66000366210938,34.20717239379883,53.01181411743164
2015-04-24,176.05844116210938,95.57744598388672,113.05000305175781,34.33245086669922,53.12110900878906
2015-04-27,175.32644653320312,95.57744598388672,115.33000183105469,34.46554183959961,53.05038833618164
2015-04-28,175.8837432861328,94.25929260253906,116.33000183105469,34.520355224609375,52.9474983215332
2015-04-29,175.1600341796875,93.10415649414062,115.51000213623047,34.0897331237793,51.88021469116211
2015-04-30,173.4049072265625,93.26701354980469,113.47000122070312,33.57298278808594,51.037925720214844
2015-05-01,175.2848663330078,92.0114974975586,113.08000183105469,33.776554107666016,51.423702239990234
2015-05-04,175.78390502929688,91.14332580566406,114.0999984741211,33.9722900390625,51.47515869140625
2015-05-05,173.77088928222656,91.01720428466797,114.41999816894531,33.60429763793945,50.356414794921875
2015-05-06,173.0554656982422,89.45894622802734,114.36000061035156,33.189334869384766,50.259971618652344
2015-05-07,173.7459259033203,90.66101837158203,113.41999816894531,33.142364501953125,51.03150939941406
2015-05-08,176.0334930419922,90.9058837890625,113.97000122070312,33.56515121459961,51.74518585205078
2015-05-11,175.1933135986328,88.69463348388672,113.52999877929688,33.24414825439453,50.96720504760742
2015-05-12,174.66925048828125,88.92466735839844,114.5,33.13453674316406,51.12152862548828
2015-05-13,174.7025146484375,88.21233367919922,116.55000305175781,33.19717025756836,50.63288116455078
2015-05-14,176.5242919921875,88.44976043701172,117.18000030517578,33.52600860595703,51.610164642333984
2015-05-15,176.71559143066406,90.22325134277344,117.52999877929688,33.78438186645508,52.137393951416016
2015-05-18,177.26458740234375,88.70947265625,117.5199966430664,33.43988037109375,52.002376556396484
2015-05-19,177.2063446044922,87.92291259765625,115.88999938964844,33.494686126708984,51.82234191894531
2015-05-20,177.08157348632812,88.07138061523438,116.08000183105469,33.4712028503418,51.7773323059082
2015-05-21,177.5973358154297,89.3031234741211,115.69000244140625,33.35375213623047,51.53302764892578
2015-05-22,177.17303466796875,89.34017944335938,115.5999984741211,33.46337127685547,51.46873092651367
2015-05-26,175.2681884765625,90.8687973022461,113.91000366210938,32.93097686767578,51.076515197753906
2015-05-27,176.93190002441406,91.0765380859375,113.88999938964844,32.93879318237305,51.578006744384766
2015-05-28,176.73228454589844,90.85397338867188,114.0199966430664,32.5081787109375,51.47515869140625
2015-05-29,175.63421630859375,91.05432891845703,114.0999984741211,32.19498825073242,50.883628845214844
2015-06-01,175.9918670654297,90.07569122314453,114.0,32.0697135925293,51.50729751586914
2015-06-02,175.81715393066406,88.8189697265625,114.45999908447266,32.19498825073242,51.03150939941406
2015-06-03,176.28306579589844,87.39115905761719,113.63999938964844,32.030574798583984,50.29854965209961
2015-06-04,174.7940673828125,88.52896881103516,112.83999633789062,31.545143127441406,50.20208740234375
2015-06-05,174.49456787109375,87.45065307617188,112.23999786376953,31.404205322265625,49.64270782470703
2015-06-08,173.42149353027344,87.35404205322266,112.56999969482422,31.396379470825195,49.55271911621094
2015-06-09,173.39654541015625,86.66243743896484,112.81999969482422,31.208478927612305,49.19264602661133
2015-06-10,175.47608947753906,85.9039306640625,113.77999877929688,31.662580490112305,49.53983688354492
2015-06-11,176.04177856445312,87.7109375,113.26000213623047,31.506000518798828,49.8420295715332
2015-06-12,174.69418334960938,87.7109375,113.2300033569336,31.506000518798828,49.797027587890625
2015-06-15,173.9456024169922,87.85224914550781,113.7300033569336,31.15365982055664,49.5269889831543
2015-06-16,174.8938446044922,88.54377746582031,113.31999969482422,31.1614933013916,49.925636291503906
2015-06-17,175.1766357421875,87.8596420288086,113.8499984741211,31.349395751953125,50.349971771240234
2015-06-18,176.9984130859375,87.42839050292969,115.31999969482422,31.639089584350586,51.04437255859375
2015-06-19,176.21267700195312,88.5512466430664,115.12000274658203,31.365055084228516,50.65216064453125
2015-06-22,177.11541748046875,86.74422454833984,113.63999938964844,31.81917381286621,50.13137435913086
2015-06-23,177.24082946777344,86.22369384765625,112.88999938964844,32.132354736328125,49.71346664428711
2015-06-24,175.95361328125,86.96733856201172,112.58999633789062,31.905298233032227,49.44339370727539
2015-06-25,175.4185791015625,86.66243743896484,112.44000244140625,31.795658111572266,48.941898345947266
2015-06-26,175.38511657714844,85.68831634521484,112.55999755859375,31.495920181274414,49.29390335083008
2015-06-29,171.70721435546875,87.95635223388672,113.06999969482422,30.79391098022461,48.52753448486328
2015-06-30,172.06666564941406,87.34657287597656,112.37000274658203,31.251399993896484,48.508052825927734
2015-07-01,173.44590759277344,86.16754150390625,111.9800033569336,31.227733612060547,49.3068962097168
2015-07-02,173.287109375,86.4507827758789,111.76000213623047,31.37760353088379,49.43028259277344
2015-07-06,172.79393005371094,88.05306243896484,112.05999755859375,30.502056121826172,49.74201965332031
2015-07-07,173.88058471679688,88.88032531738281,110.76000213623047,30.044565200805664,50.52138137817383
2015-07-08,170.96334838867188,89.64794921875,111.08999633789062,29.01127052307129,50.3265495300293
2015-07-09,171.27264404296875,87.88163757324219,111.36000061035156,29.571298599243164,50.086238861083984
2015-07-10,173.42916870117188,86.48805236816406,111.48999786376953,30.320634841918945,50.50191116333008
2015-07-13,175.34335327148438,86.21974182128906,110.98999786376953,30.525724411010742,50.573333740234375
2015-07-14,176.10398864746094,86.5029296875,110.73999786376953,30.580934524536133,50.67725372314453
2015-07-15,176.0454864501953,87.41960906982422,110.16000366210938,30.23387336730957,50.76167297363281
2015-07-16,177.4580841064453,88.02327728271484,109.76000213623047,30.612485885620117,51.17084503173828
2015-07-17,177.6085968017578,88.47789764404297,108.6500015258789,30.573049545288086,50.98898696899414
2015-07-20,177.70059204101562,88.10521697998047,105.69999694824219,30.3758544921875,51.047447204589844
2015-07-21,176.9983673095703,88.58220672607422,105.37000274658203,30.38374137878418,50.9045524597168
2015-07-22,176.68075561523438,89.13372802734375,104.80000305175781,29.94991683959961,51.12537384033203
2015-07-23,175.68603515625,90.24418640136719,104.33000183105469,29.658065795898438,50.4889030456543
2015-07-24,173.8638458251953,90.46772766113281,105.3499984741211,29.23213005065918,50.703216552734375
2015-07-27,172.8524169921875,90.95218658447266,104.86000061035156,28.679981231689453,50.79414749145508
2015-07-28,174.97564697265625,90.28887939453125,105.0199966430664,28.971834182739258,50.82662582397461
2015-07-29,176.17921447753906,89.95345306396484,105.16999816894531,29.255788803100586,51.15785598754883
2015-07-30,176.22109985351562,90.6465835571289,104.2699966430664,28.96394157409668,50.9045524597168
2015-07-31,175.95361328125,91.31736755371094,104.93000030517578,29.279451370239258,51.30722427368164
2015-08-03,175.36004638671875,92.27864837646484,104.0999984741211,28.7904109954834,51.62545394897461
2015-08-04,175.01734924316406,91.54661560058594,104.30999755859375,28.892953872680664,51.2487678527832
2015-08-05,175.59414672851562,90.85948181152344,103.93000030517578,28.90083885192871,50.911041259765625
2015-08-06,174.1564178466797,91.66614532470703,104.38999938964844,28.648433685302734,50.98249053955078
2015-08-07,173.82205200195312,92.86864471435547,104.6500015258789,28.632652282714844,51.17084503173828
2015-08-10,176.0120849609375,91.71842193603516,105.72000122070312,29.113811492919922,51.008487701416016
2015-08-11,174.4239044189453,93.17484283447266,106.26000213623047,28.474903106689453,51.346195220947266
2015-08-12,174.63282775878906,92.6670150756836,107.75,28.033178329467773,51.50856018066406
2015-08-13,174.41554260253906,92.36825561523438,106.86000061035156,27.985858917236328,51.56700897216797
2015-08-14,175.05081176757812,92.58478546142578,106.8499984741211,28.025297164916992,51.84626007080078
2015-08-17,176.0287628173828,93.00306701660156,107.12999725341797,27.71767234802246,52.287906646728516
2015-08-18,175.51890563964844,92.27117156982422,107.11000061035156,27.417936325073242,52.43079376220703
2015-08-19,174.13136291503906,93.18231964111328,108.55000305175781,27.07876205444336,52.11904525756836
2015-08-20,170.49525451660156,94.12342834472656,110.44000244140625,26.652820587158203,51.735877990722656
2015-08-21,165.3629150390625,94.40721893310547,111.12999725341797,25.832494735717773,50.77466583251953
2015-08-24,158.39999389648438,94.37737274169922,110.52999877929688,24.70454216003418,48.397647857666016
2015-08-25,156.5359649658203,92.86119842529297,109.16000366210938,25.020050048828125,47.06626892089844
2015-08-26,162.5459442138672,91.06863403320312,107.66999816894531,25.848262786865234,48.33918380737305
2015-08-27,166.56661987304688,91.12091827392578,107.7300033569336,26.99199676513672,49.2744140625
2015-08-28,166.57496643066406,91.38980102539062,108.69999694824219,26.644933700561523,49.20297622680664
2015-08-31,165.22915649414062,90.68769836425781,108.81999969482422,26.6922607421875,48.07941436767578
2015-09-01,160.29745483398438,91.34114074707031,109.19999694824219,25.658958435058594,47.1636848449707
2015-09-02,163.34005737304688,90.55522918701172,108.62000274658203,26.02968406677246,47.65077590942383
2015-09-03,163.4571075439453,90.99685668945312,107.83999633789062,26.13222885131836,47.780670166015625
2015-09-04,160.98284912109375,91.82766723632812,107.48999786376953,25.35133934020996,46.89091491699219
2015-09-08,165.028564453125,90.472900390625,107.5199966430664,26.155893325805664,47.59881591796875
2015-09-09,162.82179260253906,90.90704345703125,106.12999725341797,26.021799087524414,47.05325698852539
2015-09-10,163.70787048339844,90.29325866699219,106.37999725341797,26.28998565673828,47.15721130371094
2015-09-11,164.4517822265625,90.86211395263672,106.16000366210938,26.392520904541016,48.0599250793457
2015-09-14,163.8415985107422,91.00434112548828,106.22000122070312,26.353086471557617,48.085906982421875
2015-09-15,165.88949584960938,89.26029968261719,105.9000015258789,26.60548973083496,48.56001281738281
2015-09-16,167.3271942138672,88.9234619140625,107.30999755859375,27.252290725708008,49.07958221435547
2015-09-17,166.9510955810547,90.00884246826172,108.41000366210938,27.189193725585938,49.638126373291016
2015-09-18,164.2228546142578,91.39356231689453,109.20999908447266,26.684371948242188,49.553680419921875
2015-09-21,165.07154846191406,89.90399932861328,108.52999877929688,26.637041091918945,49.975830078125
2015-09-22,162.92889404296875,91.15401458740234,107.79000091552734,26.140119552612305,49.34587097167969
2015-09-23,162.6684112548828,91.14651489257812,108.22000122070312,25.722061157226562,49.65544891357422
2015-09-24,162.0802764892578,91.76778411865234,110.48999786376953,25.61162757873535,49.189735412597656
2015-09-25,162.03829956054688,90.97435760498047,109.80999755859375,25.556421279907227,49.38651657104492
2015-09-28,157.9715576171875,92.53128814697266,108.41999816894531,25.01215934753418,48.61906051635742
2015-09-29,158.06399536132812,92.79330444335938,107.9800033569336,25.13047981262207,49.13729476928711
2015-09-30,161.0132293701172,92.47142791748047,106.86000061035156,25.856157302856445,49.55051040649414
2015-10-01,161.433349609375,92.865966796875,106.7300033569336,25.998132705688477,49.79322814941406
2015-10-02,163.84474182128906,93.42849731445312,108.98999786376953,26.6922607421875,50.15399169921875
2015-10-05,166.76036071777344,92.16088104248047,108.7699966430664,27.268064498901367,51.00016403198242
2015-10-06,166.18899536132812,92.5584716796875,109.86000061035156,27.220741271972656,50.88209915161133
2015-10-07,167.55020141601562,92.2508544921875,109.69999694824219,27.94641876220703,51.465877532958984
2015-10-08,169.0626220703125,91.47834777832031,109.13999938964844,28.24615478515625,51.89883041381836
2015-10-09,169.1634521484375,91.71835327148438,110.87000274658203,28.348690032958984,51.813533782958984
2015-10-12,169.32305908203125,92.41590118408203,111.30999755859375,28.135723114013672,52.180877685546875
2015-10-13,168.25592041015625,92.57341003417969,111.86000061035156,27.678241729736328,51.774192810058594
2015-10-14,167.44932556152344,93.38349914550781,113.80999755859375,27.89120864868164,51.38717269897461
2015-10-15,170.0203857421875,92.92594909667969,113.29000091552734,28.569549560546875,52.08904266357422
2015-10-16,170.79345703125,92.95596313476562,112.48999786376953,28.593219757080078,52.482608795166016
2015-10-19,170.8774871826172,92.70093536376953,112.0199966430664,28.301368713378906,53.217281341552734
2015-10-20,170.65902709960938,92.13089752197266,112.7300033569336,28.293472290039062,53.197601318359375
2015-10-21,169.60032653808594,93.04600524902344,111.7300033569336,27.88330841064453,53.00080871582031
2015-10-22,172.465576171875,93.20347595214844,111.69000244140625,28.459123611450195,53.46654510498047
2015-10-23,174.35604858398438,92.40840148925781,111.5,28.6247615814209,52.94833755493164
2015-10-26,173.9274444580078,93.02342987060547,111.43000030517578,28.36446762084961,52.93520736694336
2015-10-27,173.59140014648438,93.25605010986328,111.68000030517578,28.041072845458984,52.9155387878418
2015-10-28,175.56597900390625,92.88094329833984,110.77999877929688,27.71767234802246,52.96146011352539
2015-10-29,175.4651336669922,91.40332794189453,109.72000122070312,27.45737648010254,52.88929748535156
2015-10-30,174.70892333984375,92.09336853027344,109.30000305175781,27.504695892333984,52.40391540527344
2015-11-02,176.7759246826172,91.670166015625,108.58999633789062,28.048954010009766,53.519020080566406
2015-11-03,177.28834533691406,90.91848754882812,106.9800033569336,28.419687271118164,52.981136322021484
2015-11-04,176.7506866455078,91.0237045288086,105.97000122070312,28.190937042236328,52.7449951171875
2015-11-05,176.57421875,90.78313446044922,105.63999938964844,28.23826789855957,52.95490264892578
2015-11-06,176.48182678222656,89.45265197753906,104.0999984741211,27.8438777923584,51.30844497680664
2015-11-09,174.8349609375,88.94905853271484,104.4000015258789,27.149755477905273,50.42947769165039
2015-11-10,175.23826599121094,89.21210479736328,104.18000030517578,27.031435012817383,51.006736755371094
2015-11-11,174.54925537109375,89.0241928100586,103.83000183105469,27.086647033691406,51.06574630737305
2015-11-12,172.1126251220703,89.45265197753906,103.8499984741211,26.826356887817383,50.718116760253906
2015-11-13,170.18006896972656,89.96382141113281,103.55999755859375,26.45562744140625,50.1408805847168
2015-11-16,172.7680206298828,89.88114166259766,103.70999908447266,26.96833038330078,50.718116760253906
2015-11-17,172.64193725585938,90.03146362304688,102.33999633789062,26.88945770263672,50.718116760253906
2015-11-18,175.38111877441406,90.21939086914062,102.43000030517578,27.181306838989258,51.164146423339844
2015-11-19,175.22991943359375,90.82075500488281,103.55999755859375,27.425825119018555,51.32157897949219
2015-11-20,175.8684539794922,90.54261779785156,103.08999633789062,27.701894760131836,51.96440887451172
2015-11-23,175.666748046875,90.82075500488281,102.26000213623047,27.441598892211914,52.075931549072266
2015-11-24,175.90206909179688,90.8132095336914,102.94000244140625,27.58357810974121,51.8004264831543
2015-11-25,175.87686157226562,91.0237045288086,102.45999908447266,27.370603561401367,52.01034164428711
2015-11-27,176.07846069335938,90.9334945678711,101.25,26.771133422851562,52.46294403076172
2015-11-30,175.3474884033203,91.29434204101562,101.91999816894531,26.81058120727539,52.075931549072266
2015-12-01,177.01954650878906,92.5274887084961,102.27999877929688,27.015661239624023,52.79747009277344
2015-12-02,175.2130584716797,92.55760192871094,100.69000244140625,26.6922607421875,51.72172164916992
2015-12-03,172.75958251953125,90.04155731201172,101.76000213623047,26.542396545410156,50.90834426879883
2015-12-04,176.12890625,90.83258056640625,104.0199966430664,26.723812103271484,51.87913513183594
2015-12-07,175.06182861328125,91.71393585205078,102.66999816894531,26.282089233398438,51.73482894897461
2015-12-08,173.88551330566406,91.75906372070312,102.83999633789062,25.990245819091797,51.68892288208008
2015-12-09,172.53269958496094,91.66116333007812,102.63999938964844,25.777278900146484,51.400306701660156
2015-12-10,172.97805786132812,91.78170776367188,102.55000305175781,25.603744506835938,51.032958984375
2015-12-11,169.62557983398438,93.22808074951172,103.11000061035156,24.885957717895508,50.94114303588867
2015-12-14,170.4825439453125,92.02278900146484,101.79000091552734,25.288230895996094,51.177268981933594
2015-12-15,172.2722625732422,91.48040771484375,101.5199966430664,25.674739837646484,51.73482894897461
2015-12-16,174.7929229736328,91.28450012207031,102.75,26.179553985595703,52.7449951171875
2015-12-17,172.12939453125,92.3165283203125,100.5,25.840373992919922,52.482608795166016
2015-12-18,169.0629425048828,92.82878112792969,102.04000091552734,25.753618240356445,51.8725700378418
2015-12-21,170.45755004882812,92.80619049072266,103.1500015258789,25.954683303833008,52.075931549072266
2015-12-22,172.00437927246094,92.13573455810547,102.61000061035156,26.162960052490234,52.285831451416016
2015-12-23,174.13430786132812,91.4427490234375,102.30999755859375,26.53145408630371,52.82323455810547
2015-12-24,173.84693908691406,91.96660614013672,103.05000305175781,26.43532371520996,52.82323455810547
2015-12-28,173.4496612548828,92.23837280273438,102.2699966430664,26.251079559326172,53.115901947021484
2015-12-29,175.3007049560547,90.70594024658203,102.19999694824219,26.275110244750977,53.68124008178711
2015-12-30,174.0581817626953,90.61539459228516,101.41999816894531,25.866565704345703,53.494998931884766
2015-12-31,172.3170623779297,91.02302551269531,101.45999908447266,25.786457061767578,53.02944564819336
2016-01-04,169.90814208984375,91.67977142333984,102.88999938964844,25.081518173217773,52.39093017578125
2016-01-05,170.19554138183594,91.30986785888672,103.18000030517578,25.13758659362793,53.40188217163086
2016-01-06,168.04864501953125,92.54032897949219,104.66999816894531,24.656951904296875,53.25555419921875
2016-01-07,164.01695251464844,92.70635223388672,106.1500015258789,23.895933151245117,52.21798324584961
2016-01-08,162.21661376953125,93.12161254882812,105.68000030517578,23.63958740234375,51.51960372924805
2016-01-11,162.37713623046875,92.10244750976562,104.73999786376953,23.631576538085938,51.81227111816406
2016-01-12,163.68724060058594,93.4310073852539,104.20999908447266,23.679637908935547,51.46641159057617
2016-01-13,159.6048126220703,94.35200500488281,104.72000122070312,23.431310653686523,50.7281379699707
2016-01-14,162.22500610351562,93.46881103515625,103.0199966430664,23.735715866088867,50.60841369628906
2016-01-15,158.74266052246094,94.92572021484375,104.08000183105469,22.798463821411133,50.26255798339844
2016-01-19,158.95399475097656,94.63133239746094,103.9800033569336,23.13491439819336,50.52860641479492
2016-01-20,156.9169464111328,95.62779998779297,105.37000274658203,22.630237579345703,49.1717643737793
2016-01-21,157.79600524902344,94.97856903076172,105.48999786376953,22.718360900878906,49.4444580078125
2016-01-22,161.0332489013672,94.61624908447266,105.0,23.495393753051758,50.821266174316406
2016-01-25,158.59898376464844,95.12954711914062,106.08000183105469,23.094860076904297,50.50197982788086
2016-01-26,160.7626953125,95.17484283447266,107.29000091552734,23.431310653686523,51.55952453613281
2016-01-27,159.01316833496094,95.15219116210938,107.69000244140625,23.35120391845703,50.56185531616211
2016-01-28,159.8414764404297,95.28807830810547,106.54000091552734,23.719694137573242,50.17609405517578
2016-01-29,163.73794555664062,96.09583282470703,106.94999694824219,24.48871612548828,51.207008361816406
2016-02-01,163.67880249023438,95.80155944824219,108.05000305175781,24.25640869140625,51.2934684753418
2016-02-02,160.72891235351562,97.57892608642578,108.08999633789062,23.471364974975586,50.827911376953125
2016-02-03,161.69253540039062,96.76961517333984,109.25,24.136249542236328,51.16710662841797
2016-02-04,161.9460906982422,97.23857116699219,110.56999969482422,24.320499420166016,51.193721771240234
2016-02-05,158.8610076904297,97.35198974609375,112.31999969482422,24.040124893188477,50.222652435302734
2016-02-08,156.72264099121094,99.44698333740234,113.83000183105469,23.711688995361328,48.7859992980957
2016-02-09,156.7310028076172,99.5528564453125,113.58000183105469,23.38324737548828,47.88810729980469
2016-02-10,156.59571838378906,100.4301986694336,114.45999908447266,23.479368209838867,48.220664978027344
2016-02-11,154.55877685546875,101.13358306884766,119.05999755859375,23.086851119995117,47.53558349609375
2016-02-12,157.74530029296875,99.45455932617188,118.36000061035156,23.487384796142578,48.08098602294922
2016-02-16,160.40774536132812,98.40328216552734,114.7699966430664,24.008079528808594,48.965576171875
2016-02-17,163.02801513671875,97.79827880859375,115.4800033569336,24.480709075927734,49.384613037109375
2016-02-18,162.3602294921875,99.00072479248047,118.29000091552734,24.336519241333008,49.88344192504883
2016-02-19,162.28416442871094,99.08393859863281,117.58000183105469,24.2243709564209,50.169437408447266
2016-02-22,164.63388061523438,99.03102111816406,115.48999786376953,24.82517433166504,50.64833450317383
2016-02-23,162.55467224121094,99.43185424804688,117.22000122070312,24.296464920043945,50.515289306640625
2016-02-24,163.2984619140625,99.2352066040039,117.61000061035156,24.24039077758789,50.4554443359375
2016-02-25,165.27626037597656,99.59066772460938,117.91999816894531,24.320499420166016,51.48637008666992
2016-02-26,164.8958740234375,98.63015747070312,117.11000061035156,24.080175399780273,51.220314025878906
2016-02-29,163.6027374267578,99.06126403808594,118.63999938964844,24.288455963134766,51.020782470703125
2016-03-01,167.44851684570312,97.31694030761719,117.7699966430664,25.153610229492188,52.45743179321289
2016-03-02,168.20077514648438,97.71853637695312,118.68000030517578,25.490060806274414,52.836544036865234
2016-03-03,168.86000061035156,98.07466125488281,120.7300033569336,25.7784481048584,53.115901947021484
2016-03-04,169.4094696044922,97.44576263427734,120.54000091552734,26.2911319732666,53.12253952026367
2016-03-07,169.5447235107422,97.41543579101562,121.13999938964844,26.251079559326172,53.26221466064453
2016-03-08,167.69366455078125,98.4914321899414,120.58000183105469,25.802474975585938,52.716827392578125
2016-03-09,168.52197265625,97.89282989501953,119.58000183105469,25.962697982788086,53.00947570800781
2016-03-10,168.65725708007812,97.49119567871094,121.5,26.002744674682617,52.816593170166016
2016-03-11,171.37887573242188,96.50615692138672,119.41000366210938,26.547475814819336,54.000492095947266
2016-03-14,171.15911865234375,96.80921936035156,117.87000274658203,26.38726234436035,54.00712966918945
2016-03-15,170.8801727294922,96.90015411376953,117.95999908447266,26.010757446289062,54.03373718261719
2016-03-16,171.8690948486328,97.18814086914062,120.58999633789062,26.53145408630371,54.68556213378906
2016-03-17,172.95947265625,97.5897216796875,120.12999725341797,27.116241455078125,55.45708465576172
2016-03-18,173.63906860351562,97.79426574707031,119.80000305175781,27.260421752929688,55.21763229370117
2016-03-21,173.88546752929688,97.04414367675781,118.95999908447266,27.316505432128906,54.71928405761719
2016-03-22,173.79200744628906,97.02141571044922,119.30999755859375,27.25241470336914,54.71928405761719
2016-03-23,172.6450958251953,98.12015533447266,116.61000061035156,26.787792205810547,54.423343658447266
2016-03-24,172.56861877441406,98.15804290771484,116.33000183105469,26.72370719909668,54.44353103637695
2016-03-28,172.67059326171875,98.28682708740234,116.5999984741211,26.81182861328125,54.934513092041016
2016-03-29,174.26779174804688,99.31736755371094,118.76000213623047,27.180320739746094,56.12492370605469
2016-03-30,175.0324249267578,98.2717056274414,117.0999984741211,27.460695266723633,56.01731872558594
2016-03-31,174.6076202392578,98.96881103515625,117.63999938964844,27.436660766601562,56.360321044921875
2016-04-01,175.79708862304688,99.22701263427734,116.93000030517578,27.356555938720703,56.286354064941406
2016-04-04,175.2278289794922,99.2877426147461,116.1500015258789,27.028118133544922,56.20561599731445
2016-04-05,173.4776611328125,100.3735580444336,117.66000366210938,26.499412536621094,55.835716247558594
2016-04-06,175.37228393554688,99.64463806152344,116.94000244140625,26.819841384887695,55.970245361328125
2016-04-07,173.27374267578125,100.87467956542969,118.61000061035156,26.283126831054688,55.62051010131836
2016-04-08,173.74105834960938,100.23686981201172,118.43000030517578,26.739736557006836,55.92988967895508
2016-04-11,173.33326721191406,100.1078109741211,120.02999877929688,27.08419418334961,55.815555572509766
2016-04-12,174.9474639892578,99.41679382324219,120.05000305175781,27.500751495361328,56.21908950805664
2016-04-13,176.7145538330078,99.76609802246094,118.7699966430664,27.989398956298828,55.970245361328125
2016-04-14,176.7230987548828,99.2877426147461,117.11000061035156,27.85321617126465,55.660858154296875
2016-04-15,176.5277099609375,100.13816833496094,117.91999816894531,27.69300079345703,56.07784652709961
2016-04-18,177.76812744140625,99.70531463623047,117.73999786376953,27.82118034362793,56.34687042236328
2016-04-19,178.32884216308594,99.39398193359375,119.58000183105469,28.245742797851562,56.373779296875
2016-04-20,178.498779296875,98.30061340332031,118.97000122070312,28.117572784423828,55.41874694824219
2016-04-21,177.53871154785156,97.71588897705078,119.41999816894531,27.837196350097656,54.43007278442383
2016-04-22,177.53871154785156,97.46540832519531,117.88999938964844,27.66897201538086,55.02193069458008
2016-04-25,177.23287963867188,97.06294250488281,118.2300033569336,27.492738723754883,55.47926712036133
2016-04-26,177.4962158203125,96.62257385253906,118.69999694824219,27.789133071899414,55.69447708129883
2016-04-27,177.86154174804688,97.58684539794922,119.04000091552734,27.95736312866211,55.660858154296875
2016-04-28,176.247314453125,97.9892807006836,121.29000091552734,27.66897201538086,55.546512603759766
2016-04-29,175.2958526611328,98.23985290527344,123.6500015258789,27.548810958862305,55.0353889465332
2016-05-02,176.68911743164062,97.25077819824219,123.23999786376953,27.476715087890625,55.8895378112793
2016-05-03,175.1513671875,98.47571563720703,122.95999908447266,26.699678421020508,55.97696304321289
2016-05-04,174.17433166503906,99.01591491699219,122.20999908447266,26.26710319519043,56.777313232421875
2016-05-05,174.1403350830078,99.6778564453125,122.06999969482422,26.259090423583984,56.93873977661133
2016-05-06,174.7775421142578,99.25177001953125,123.18000030517578,26.29914093017578,57.5641975402832
2016-05-09,174.92198181152344,99.56371307373047,120.6500015258789,25.962697982788086,58.19640350341797
2016-05-10,177.096923828125,99.57136535644531,120.9800033569336,26.4593505859375,58.18967056274414
2016-05-11,175.4402313232422,100.13436889648438,122.12000274658203,26.395267486572266,56.9454345703125
2016-05-12,175.49122619628906,99.6778564453125,121.16000366210938,26.323171615600586,57.275001525878906
2016-05-13,173.96197509765625,100.64412689208984,121.70999908447266,25.850540161132812,56.76387023925781
2016-05-16,175.67808532714844,99.77679443359375,121.80000305175781,26.162960052490234,57.30191421508789
2016-05-17,174.03839111328125,99.94417572021484,122.22000122070312,26.042795181274414,56.23925018310547
2016-05-18,174.08934020996094,98.52139282226562,120.0999984741211,25.786457061767578,55.358192443847656
2016-05-19,173.4861602783203,98.94742584228516,119.87000274658203,25.54613494873047,54.73945236206055
2016-05-20,174.5821533203125,99.02356719970703,119.70999908447266,25.802474975585938,55.17661666870117
2016-05-23,174.34425354003906,99.24420166015625,119.37000274658203,25.75442123413086,55.1833610534668
2016-05-24,176.6041259765625,98.80284881591797,117.30000305175781,26.01877212524414,55.86935806274414
2016-05-25,177.80206298828125,98.43006134033203,116.9800033569336,26.331178665161133,55.86935806274414
2016-05-26,177.85301208496094,98.93980407714844,116.58000183105469,26.50742530822754,55.97696304321289
2016-05-27,178.6177215576172,98.79531860351562,115.62000274658203,26.499412536621094,56.27961349487305
2016-05-31,178.27780151367188,99.03115844726562,116.05999755859375,26.53145408630371,56.27288055419922
2016-06-01,178.64312744140625,99.43292999267578,115.94000244140625,26.51543426513672,56.319969177246094
2016-06-02,179.18690490722656,100.14958190917969,115.66999816894531,26.731719970703125,56.609153747558594
2016-06-03,178.65171813964844,101.5752944946289,118.87999725341797,27.1402645111084,56.83784484863281
2016-06-06,179.5607452392578,100.82056427001953,118.91999816894531,27.42864990234375,56.400657653808594
2016-06-07,179.84112548828125,101.06448364257812,118.81999969482422,27.676982879638672,56.74365997314453
2016-06-08,180.42727661132812,101.60576629638672,120.58000183105469,27.877254486083984,57.10684585571289
2016-06-09,180.18092346191406,102.26144409179688,121.25,27.55682373046875,57.234619140625
2016-06-10,178.4732666015625,102.75701904296875,121.73999786376953,26.859893798828125,56.96561813354492
2016-06-13,177.096923828125,103.21446228027344,122.63999938964844,26.483386993408203,56.97906494140625
2016-06-14,176.74864196777344,103.13818359375,122.7699966430664,26.395267486572266,56.83110427856445
2016-06-15,176.50218200683594,103.53462982177734,123.68000030517578,26.675642013549805,57.36916732788086
2016-06-16,177.02896118164062,104.03789520263672,122.37999725341797,26.57952308654785,57.69198226928711
2016-06-17,176.3697052001953,103.38986206054688,123.94999694824219,26.651609420776367,57.597835540771484
2016-06-20,177.5055389404297,102.28434753417969,123.20999908447266,27.12424659729004,57.67852783203125
2016-06-21,178.0093536376953,101.8116455078125,120.83999633789062,27.332523345947266,57.89841079711914
2016-06-22,177.71896362304688,101.9793701171875,120.9000015258789,27.40195083618164,57.810176849365234
2016-06-23,180.0333251953125,100.81288146972656,120.11000061035156,28.063995361328125,58.10197067260742
2016-06-24,173.56854248046875,103.51947021484375,126.0,26.360458374023438,57.58623504638672
2016-06-27,170.45997619628906,106.10399627685547,126.68000030517578,26.0213623046875,57.62693405151367
2016-06-28,173.53440856933594,106.32511138916016,125.31999969482422,26.78836441040039,58.84165954589844
2016-06-29,176.48928833007812,105.50928497314453,125.83999633789062,27.466541290283203,59.55419921875
2016-06-30,178.89756774902344,105.89811706542969,126.47000122070312,27.74104881286621,60.171688079833984
2016-07-01,179.27330017089844,107.36848449707031,128.41000366210938,28.007478713989258,60.192100524902344
2016-07-05,177.9837188720703,108.71276092529297,129.47000122070312,27.410037994384766,60.85712432861328
2016-07-06,179.05128479003906,108.88843536376953,130.22999572753906,27.33736801147461,60.59245300292969
2016-07-07,178.9402618408203,108.88082885742188,129.74000549316406,27.26470184326172,59.96812438964844
2016-07-08,181.60472106933594,109.68280029296875,130.52000427246094,27.854080200195312,60.93853759765625
2016-07-11,182.24525451660156,108.72041320800781,129.2899932861328,28.120512008666992,61.345706939697266
2016-07-12,183.56898498535156,106.93306732177734,127.1500015258789,28.51612091064453,61.338932037353516
2016-07-13,183.54335021972656,108.1933822631836,128.32000732421875,28.467674255371094,61.6782112121582
2016-07-14,184.56817626953125,106.61991882324219,127.33000183105469,28.879430770874023,61.1285514831543
2016-07-15,184.32044982910156,105.70331573486328,126.83999633789062,28.814844131469727,61.148902893066406
2016-07-18,184.81578063964844,105.60407257080078,127.04000091552734,29.073200225830078,61.311729431152344
2016-07-19,184.62794494628906,106.19982147216797,127.20999908447266,28.774473190307617,61.610347747802734
2016-07-20,185.39654541015625,105.61933135986328,125.38999938964844,28.919801712036133,61.61714172363281
2016-07-21,184.6962890625,105.83320617675781,127.30000305175781,28.83099365234375,61.73929977416992
2016-07-22,185.52462768554688,106.01658630371094,126.3499984741211,29.040904998779297,62.28216552734375
2016-07-25,185.020751953125,105.94017028808594,125.47000122070312,28.75025749206543,62.16680145263672
2016-07-26,185.106201171875,106.10822296142578,126.0,28.976314544677734,61.86142349243164
2016-07-27,184.90977478027344,107.4295654296875,128.02999877929688,29.073200225830078,61.37963104248047
2016-07-28,185.12326049804688,107.23099517822266,127.66000366210938,29.081275939941406,61.94965362548828
2016-07-29,185.42214965820312,108.1246337890625,128.97999572753906,29.23467254638672,62.7368278503418
2016-08-01,185.26841735839844,106.95233917236328,129.22000122070312,29.17815399169922,62.87255859375
2016-08-02,184.0813446044922,105.8504638671875,130.27000427246094,28.968250274658203,61.868221282958984
2016-08-03,184.619384765625,105.91166687011719,129.64999389648438,29.06513214111328,61.508567810058594
2016-08-04,184.81578063964844,106.70745849609375,129.8699951171875,29.22659683227539,61.25748825073242
2016-08-05,186.32740783691406,105.59793853759766,127.55000305175781,29.56569480895996,61.2982063293457
2016-08-08,186.2163543701172,105.79688262939453,127.44000244140625,29.775611877441406,61.40676498413086
2016-08-09,186.32740783691406,106.83755493164062,127.95999908447266,29.977445602416992,61.73929977416992
2016-08-10,185.8662567138672,107.25077819824219,128.55999755859375,29.985523223876953,61.67144012451172
2016-08-11,186.72877502441406,106.29429626464844,127.66999816894531,30.37305450439453,60.972469329833984
2016-08-12,186.56651306152344,107.18956756591797,127.4000015258789,30.260028839111328,61.230350494384766
2016-08-15,187.1045379638672,106.17945861816406,127.83999633789062,30.57489776611328,61.16926574707031
2016-08-16,186.13951110839844,105.89631652832031,128.47000122070312,30.437641143798828,60.436363220214844
2016-08-17,186.48963928222656,106.53150939941406,128.5,30.243879318237305,60.680686950683594
2016-08-18,186.9081268310547,106.69982147216797,129.11000061035156,30.526458740234375,60.456729888916016
2016-08-19,186.63482666015625,106.1412582397461,127.97000122070312,30.35691261291504,60.06992721557617
2016-08-22,186.62628173828125,107.03652954101562,127.77999877929688,29.95322608947754,60.39566421508789
2016-08-23,187.0020751953125,107.15131378173828,127.76000213623047,29.832122802734375,60.42959213256836
2016-08-24,186.04554748535156,106.89876556396484,126.33999633789062,29.912864685058594,60.1649284362793
2016-08-25,185.91746520996094,106.49322509765625,126.2300033569336,29.93708610534668,60.436363220214844
2016-08-26,185.5673370361328,105.87340545654297,126.05000305175781,29.67872428894043,59.8392333984375
2016-08-29,186.4811553955078,107.28904724121094,126.30000305175781,29.904788970947266,60.42959213256836
2016-08-30,186.1736602783203,106.87586212158203,125.02999877929688,29.824045181274414,60.3142204284668
2016-08-31,185.64418029785156,107.02881622314453,124.77999877929688,29.493026733398438,60.375301361083984
2016-09-01,185.6527099609375,107.14693450927734,125.29000091552734,29.71909523010254,60.22600173950195
2016-09-02,186.48963928222656,106.2729721069336,126.56999969482422,30.20351219177246,60.7485237121582
2016-09-06,187.05331420898438,107.04734802246094,128.7100067138672,30.849401473999023,61.21675491333008
2016-09-07,187.03622436523438,106.9705810546875,128.27000427246094,30.752519607543945,61.58320999145508
2016-09-08,186.6092071533203,105.62905883789062,127.58999633789062,30.671785354614258,60.829959869384766
2016-09-09,182.14279174804688,103.88894653320312,126.75,29.638351440429688,58.42091369628906
2016-09-12,184.75604248046875,103.94259643554688,126.58999633789062,29.840198516845703,59.11309814453125
2016-09-13,182.1000518798828,102.7619857788086,125.75,29.089353561401367,57.62898254394531
2016-09-14,182.03175354003906,102.91533660888672,126.18000030517578,29.17815399169922,57.81348419189453
2016-09-15,183.8507537841797,102.4707260131836,125.37000274658203,29.67872428894043,58.03213882446289
2016-09-16,183.1400909423828,103.29859161376953,125.05999755859375,29.476877212524414,58.0594596862793
2016-09-19,183.1743927001953,102.9613037109375,125.31999969482422,29.711015701293945,58.58559799194336
2016-09-20,183.18301391601562,103.32162475585938,125.44000244140625,29.727163314819336,58.496768951416016
2016-09-21,185.24295043945312,104.1572494506836,127.2699966430664,30.55875015258789,59.248390197753906
2016-09-22,186.41026306152344,104.98512268066406,127.56999969482422,30.776744842529297,60.30751419067383
2016-09-23,185.38890075683594,104.88550567626953,127.6500015258789,30.381135940551758,60.49197769165039
2016-09-26,183.8868408203125,105.55241394042969,127.55000305175781,29.93708610534668,60.635475158691406
2016-09-27,185.02838134765625,106.32673645019531,126.62000274658203,30.3649845123291,59.99318313598633
2016-09-28,185.94679260253906,106.09664154052734,126.22000122070312,30.639497756958008,60.48515701293945
2016-09-29,184.26449584960938,106.3649673461914,126.06999969482422,30.106630325317383,59.678863525390625
2016-09-30,185.6549530029297,105.41443634033203,125.63999938964844,30.23581314086914,59.26887893676758
2016-10-03,185.2086181640625,105.06648254394531,125.31999969482422,30.44571876525879,58.16196823120117
2016-10-04,184.26449584960938,103.83771514892578,120.97000122070312,30.106630325317383,57.36933135986328
2016-10-05,185.0799102783203,103.35391998291016,120.77999877929688,30.542606353759766,56.207733154296875
2016-10-06,185.2086181640625,102.77793884277344,119.66000366210938,30.56682777404785,56.228240966796875
2016-10-07,184.57350158691406,102.84703063964844,119.73999786376953,30.4295711517334,56.132564544677734
2016-10-10,185.53482055664062,102.2403793334961,120.16000366210938,30.76058578491211,56.48104476928711
2016-10-11,183.19155883789062,102.00997924804688,119.55000305175781,30.05010986328125,55.934410095214844
2016-10-12,183.43190002441406,102.10980224609375,119.73999786376953,29.99360466003418,56.57672119140625
2016-10-13,182.83111572265625,102.49381256103516,120.02999877929688,29.727163314819336,57.020851135253906
2016-10-14,182.92550659179688,101.0577392578125,119.36000061035156,29.775611877441406,56.76805114746094
2016-10-17,182.29037475585938,101.70281219482422,119.68000030517578,29.743310928344727,56.89101028442383
2016-10-18,183.43190002441406,102.03302001953125,120.41999816894531,30.26809310913086,57.25318145751953
2016-10-19,183.921142578125,102.11751556396484,121.11000061035156,30.45379638671875,57.376163482666016
2016-10-20,183.57781982421875,102.22505187988281,120.73999786376953,30.3649845123291,57.246334075927734
2016-10-21,183.6636505126953,102.37857818603516,120.83000183105469,30.35691261291504,57.03451156616211
2016-10-24,184.44473266601562,101.93316650390625,120.55999755859375,30.48609161376953,57.16434097290039
2016-10-25,183.82675170898438,102.20198822021484,121.47000122070312,30.518381118774414,57.06186294555664
2016-10-26,183.4576873779297,101.51082611083984,120.79000091552734,30.1954345703125,56.317073822021484
2016-10-27,182.96841430664062,100.40492248535156,121.01000213623047,29.93708610534668,54.84114456176758
2016-10-28,182.42767333984375,100.18221282958984,121.58000183105469,29.81597328186035,54.97096633911133
2016-10-31,182.43626403808594,100.79658508300781,121.94000244140625,29.985523223876953,55.8661003112793
2016-11-01,181.1144561767578,100.8043212890625,122.7300033569336,29.743310928344727,54.64982223510742
2016-11-02,180.02439880371094,101.24292755126953,123.63999938964844,29.38807487487793,53.850372314453125
2016-11-03,179.20040893554688,100.4656753540039,124.30000305175781,29.307336807250977,53.433555603027344
2016-11-04,179.00299072265625,101.36592864990234,124.38999938964844,29.008607864379883,53.857208251953125
2016-11-07,182.95127868652344,100.50420379638672,122.1500015258789,30.05818748474121,54.80015563964844
2016-11-08,183.77523803710938,100.0964126586914,121.63999938964844,30.251949310302734,55.08712387084961
2016-11-09,185.7236328125,95.84912872314453,121.55999755859375,29.266971588134766,54.253517150878906
2016-11-10,186.18711853027344,94.433349609375,119.75,28.435380935668945,53.344730377197266
2016-11-11,185.75794982910156,93.90242004394531,117.0999984741211,27.89444923400879,53.665889739990234
2016-11-14,185.90386962890625,93.34072875976562,116.11000061035156,27.69260597229004,54.93681335449219
2016-11-15,187.35446166992188,93.80238342285156,117.12000274658203,28.249691009521484,54.479007720947266
2016-11-16,187.00250244140625,94.64872741699219,116.7699966430664,28.015552520751953,54.32182693481445
2016-11-17,187.96388244628906,93.25609588623047,116.16999816894531,28.05592155456543,53.76837158203125
2016-11-18,187.54327392578125,92.9867935180664,115.1500015258789,27.926742553710938,53.9255256652832
2016-11-21,188.95950317382812,93.2176742553711,115.58000183105469,28.20124626159668,53.761539459228516
2016-11-22,189.32861328125,93.1868667602539,115.54000091552734,28.629152297973633,54.704505920410156
2016-11-23,189.43157958984375,92.8251953125,113.25,28.322351455688477,54.472164154052734
2016-11-25,190.13539123535156,92.96369934082031,112.61000061035156,28.459611892700195,54.78647232055664
2016-11-28,189.24276733398438,93.64849090576172,113.80000305175781,28.572629928588867,55.039306640625
2016-11-29,189.61184692382812,94.04092407226562,113.2699966430664,28.61300277709961,55.5654411315918
2016-11-30,189.15695190429688,92.51741790771484,111.75,28.66144371032715,54.92998123168945
2016-12-01,188.46168518066406,91.54054260253906,111.54000091552734,28.322351455688477,54.12368392944336
2016-12-02,188.55606079101562,92.21137237548828,112.13999938964844,28.354646682739258,54.66349411010742
2016-12-05,189.68902587890625,92.11109161376953,111.54000091552734,28.588777542114258,55.066650390625
2016-12-06,190.28990173339844,92.04173278808594,111.43000030517578,28.742177963256836,55.42195510864258
2016-12-07,192.77903747558594,92.82816314697266,111.83000183105469,29.22659683227539,56.528892517089844
2016-12-08,193.25108337402344,91.73331451416016,111.56999969482422,29.355772018432617,56.91837692260742
2016-12-09,194.41842651367188,90.59222412109375,110.4000015258789,29.202377319335938,56.85685348510742
2016-12-12,194.1952362060547,90.76188659667969,110.81999969482422,29.008607864379883,57.232669830322266
2016-12-13,195.49130249023438,91.08570098876953,110.44999694824219,29.331562042236328,57.20536804199219
2016-12-14,193.87765502929688,90.0679702758789,108.83000183105469,28.459611892700195,55.95492172241211
2016-12-15,194.67593383789062,90.52286529541016,107.33999633789062,28.50804901123047,55.62692642211914
2016-12-16,194.29518127441406,90.31465911865234,108.05000305175781,28.37887191772461,56.4605598449707
2016-12-19,194.71827697753906,91.28617095947266,108.58999633789062,28.185102462768555,57.068668365478516
2016-12-20,195.46939086914062,90.83124542236328,107.79000091552734,28.281982421875,57.19850540161133
2016-12-21,194.92544555664062,91.2321548461914,107.8499984741211,28.164398193359375,56.33071517944336
2016-12-22,194.58871459960938,91.06908416748047,107.58999633789062,27.829591751098633,56.236541748046875
2016-12-23,194.8736572265625,91.25458526611328,107.93000030517578,27.992910385131836,56.3830680847168
2016-12-27,195.3571014404297,90.96084594726562,108.55999755859375,28.115400314331055,56.50164031982422
2016-12-28,193.74264526367188,91.62566375732422,108.86000061035156,28.327714920043945,56.15981674194336
2016-12-29,193.69943237304688,91.9503173828125,110.29000091552734,28.79317283630371,56.85744094848633
2016-12-30,192.99148559570312,92.0894775390625,109.61000061035156,28.589019775390625,57.57600402832031
2017-01-03,194.4678497314453,92.48371124267578,110.47000122070312,28.931997299194336,57.76436233520508
2017-01-04,195.62478637695312,92.83924102783203,110.86000061035156,29.152475357055664,58.6085205078125
2017-01-05,195.46939086914062,94.29258728027344,112.58000183105469,29.4709529876709,58.7968635559082
2017-01-06,196.16873168945312,93.42676544189453,111.75,29.348453521728516,58.80384826660156
2017-01-09,195.52113342285156,94.17657470703125,112.66999816894531,29.323957443237305,58.273624420166016
2017-01-10,195.52113342285156,94.11473846435547,113.1500015258789,29.495445251464844,57.77833557128906
2017-01-11,196.07379150390625,94.4316635131836,113.5,29.84658432006836,57.42251968383789
2017-01-12,195.58160400390625,94.22298431396484,113.91000366210938,29.97723960876465,57.71553039550781
2017-01-13,196.0305633544922,93.77464294433594,114.20999908447266,29.95273780822754,57.63180923461914
2017-01-17,195.33984375,94.75631713867188,115.8499984741211,29.936410903930664,58.078311920166016
2017-01-18,195.7715606689453,93.542724609375,114.87000274658203,29.773088455200195,58.17596435546875
2017-01-19,195.04632568359375,92.90115356445312,114.7699966430664,29.683265686035156,57.583003997802734
2017-01-20,195.76292419433594,92.71559143066406,115.05000305175781,29.74042510986328,58.0015869140625
2017-01-23,195.25355529785156,93.64321899414062,115.79000091552734,30.18138885498047,58.48991012573242
2017-01-24,196.50537109375,93.00160217285156,115.2699966430664,30.369203567504883,58.50385665893555
2017-01-25,198.20628356933594,91.8343734741211,114.31999969482422,30.70400047302246,58.12016296386719
2017-01-26,197.99905395507812,92.1435317993164,113.26000213623047,30.57335662841797,58.00856399536133
2017-01-27,197.68829345703125,92.47594451904297,113.48999786376953,30.59784507751465,57.443443298339844
2017-01-30,196.46224975585938,92.19768524169922,113.97000122070312,30.434532165527344,57.05278015136719
2017-01-31,196.44503784179688,92.83924102783203,115.55000305175781,30.4916934967041,57.46439743041992
2017-02-01,196.522705078125,92.26521301269531,115.19999694824219,30.50802993774414,56.773719787597656
2017-02-02,196.65225219726562,92.22650146484375,115.83999633789062,30.638681411743164,57.450435638427734
2017-02-03,198.00770568847656,92.1877670288086,116.12999725341797,30.826496124267578,57.76436233520508
2017-02-06,197.6537322998047,92.74552917480469,117.69999694824219,30.753002166748047,57.666690826416016
2017-02-07,197.662353515625,93.42724609375,117.45999908447266,30.59784507751465,57.46439743041992
2017-02-08,197.92137145996094,94.69772338867188,118.19000244140625,30.785661697387695,57.91786193847656
2017-02-09,199.09559631347656,93.6054458618164,117.29000091552734,30.92448616027832,58.05739974975586
2017-02-10,199.88124084472656,93.55123138427734,117.5999984741211,31.210302352905273,58.46898651123047
2017-02-13,200.96908569335938,93.25679779052734,116.80000305175781,31.30828094482422,58.48991012573242
2017-02-14,201.77203369140625,92.58285522460938,116.93000030517578,31.34095573425293,58.18294906616211
2017-02-15,202.82537841796875,92.1567611694336,117.44999694824219,31.59409523010254,57.98762130737305
2017-02-16,202.65269470214844,92.66029357910156,118.08000183105469,31.479774475097656,58.3294677734375
2017-02-17,202.9721221923828,93.21035766601562,117.68000030517578,31.34912109375,58.441070556640625
2017-02-21,204.18089294433594,93.04765319824219,117.75,31.692087173461914,59.187557220458984
2017-02-22,203.9995880126953,93.20260620117188,117.91000366210938,31.790081024169922,58.99221420288086
2017-02-23,204.13775634765625,93.48149871826172,118.94000244140625,31.79824447631836,59.299171447753906
2017-02-24,204.3967742919922,94.51958465576172,119.69999694824219,31.422611236572266,59.57823181152344
2017-02-27,204.71617126464844,93.96178436279297,119.12000274658203,31.324615478515625,59.892181396484375
2017-02-28,204.16360473632812,94.31038665771484,119.2300033569336,31.022489547729492,59.48054504394531
2017-03-01,207.02145385742188,92.7301025390625,119.05999755859375,31.504283905029297,59.299171447753906
2017-03-02,205.71768188476562,92.39635467529297,117.58000183105469,30.948986053466797,58.978267669677734
2017-03-03,205.8472137451172,92.63695526123047,117.51000213623047,31.18579864501953,58.748050689697266
2017-03-06,205.23419189453125,92.19452667236328,116.72000122070312,31.202133178710938,58.48293685913086
2017-03-07,204.62118530273438,91.91510009765625,115.77999877929688,31.234792709350586,58.203853607177734
2017-03-08,204.2412872314453,91.41836547851562,115.05999755859375,30.940820693969727,57.12952423095703
2017-03-09,204.50035095214844,90.688720703125,114.47000122070312,30.695842742919922,56.27143096923828
2017-03-10,205.2169647216797,91.00700378417969,114.72000122070312,31.038808822631836,56.097015380859375
2017-03-13,205.32058715820312,90.4326171875,114.73999786376953,31.471607208251953,56.236541748046875
2017-03-14,204.5348663330078,90.86726379394531,114.12000274658203,31.291948318481445,56.222591400146484
2017-03-15,206.30477905273438,91.97721099853516,116.25,32.108551025390625,57.35973358154297
2017-03-16,205.8989715576172,91.51148223876953,116.7300033569336,32.30453872680664,57.24812316894531
2017-03-17,205.53746032714844,92.08587646484375,116.98999786376953,32.247371673583984,57.51320266723633
2017-03-20,205.31199645996094,92.48174285888672,117.51000213623047,32.623016357421875,57.46439743041992
2017-03-21,202.67587280273438,93.25016784667969,118.54000091552734,32.26370620727539,57.2132453918457
2017-03-22,203.1527557373047,93.62272644042969,118.83000183105469,32.418853759765625,57.181602478027344
2017-03-23,202.93600463867188,93.49078369140625,118.66999816894531,32.42702102661133,57.6032600402832
2017-03-24,202.78858947753906,93.82449340820312,118.86000061035156,32.50868606567383,57.540008544921875
2017-03-27,202.58050537109375,94.2514419555664,119.52999877929688,32.418853759765625,57.01997756958008
2017-03-28,204.0546417236328,93.62272644042969,119.04000091552734,32.50868606567383,57.26593017578125
2017-03-29,204.245361328125,94.18155670166016,119.33000183105469,32.56584548950195,57.58919906616211
2017-03-30,204.89572143554688,93.4208755493164,118.47000122070312,32.39435958862305,57.69462203979492
2017-03-31,204.4187774658203,93.69255828857422,118.72000122070312,32.16571807861328,58.038936614990234
2017-04-03,204.06329345703125,94.63761138916016,119.3499984741211,32.34536361694336,58.20761489868164
2017-04-04,204.19334411621094,94.12423706054688,119.62000274658203,32.3616943359375,58.20761489868164
2017-04-05,203.58636474609375,94.4120864868164,119.62000274658203,32.26370620727539,58.29193878173828
2017-04-06,204.1586456298828,94.27205657958984,119.18000030517578,32.206546783447266,58.601131439208984
2017-04-07,203.95054626464844,93.89088439941406,119.45999908447266,32.14938735961914,58.68548583984375
2017-04-10,204.0719451904297,94.3265151977539,119.45999908447266,32.01871871948242,59.05087661743164
2017-04-11,203.82913208007812,95.22100830078125,121.19000244140625,31.945240020751953,59.45847702026367
2017-04-12,202.93600463867188,95.74212646484375,122.0199966430664,32.10038757324219,59.35305404663086
2017-04-13,201.61798095703125,96.03770446777344,122.5999984741211,31.961572647094727,59.219539642333984
2017-04-17,203.4042205810547,95.74212646484375,122.23999786376953,32.296363830566406,59.936344146728516
2017-04-18,202.79725646972656,96.99446868896484,122.81999969482422,31.888071060180664,60.09794998168945
2017-04-19,202.4243621826172,96.46549224853516,121.7300033569336,31.692087173461914,60.0136604309082
2017-04-20,204.0719451904297,96.09213256835938,121.95999908447266,32.08405685424805,60.02067565917969
2017-04-21,203.42153930664062,96.09213256835938,122.30999755859375,32.08405685424805,59.80281448364258
2017-04-24,205.6588134765625,95.61766815185547,121.4800033569336,32.541351318359375,59.142242431640625
2017-04-25,206.85545349121094,94.46651458740234,120.25,32.82715606689453,59.388206481933594
2017-04-26,206.72537231445312,94.9876708984375,120.83999633789062,32.704673767089844,58.945472717285156
2017-04-27,206.8988037109375,94.95651245117188,120.38999938964844,32.66383743286133,58.7908821105957
2017-04-28,206.44790649414062,95.16651153564453,120.7699966430664,32.712833404541016,58.179500579833984
2017-05-01,206.96820068359375,94.3753890991211,119.66999816894531,32.90065002441406,58.52383804321289
2017-05-02,207.04624938964844,94.8586654663086,119.6500015258789,33.13746643066406,58.42546463012695
2017-05-03,206.79473876953125,94.92103576660156,117.9800033569336,32.9169807434082,57.64542770385742
2017-05-04,207.03756713867188,94.45335388183594,116.79000091552734,32.54951858520508,57.36432647705078
2017-05-05,207.85267639160156,94.53910064697266,117.01000213623047,32.81898498535156,57.905418395996094
2017-05-08,207.81800842285156,94.02464294433594,116.75,32.81081771850586,57.497825622558594
2017-05-09,207.62722778320312,94.01683807373047,116.05000305175781,33.227294921875,57.18862533569336
2017-05-10,208.0000457763672,93.90771484375,116.04000091552734,33.4477653503418,57.638404846191406
2017-05-11,207.57516479492188,93.90771484375,116.5,33.521263122558594,57.350276947021484
2017-05-12,207.2283477783203,94.6170425415039,116.83000183105469,33.660091400146484,57.11837387084961
2017-05-15,208.3729705810547,94.35980987548828,117.13999938964844,34.00305938720703,57.28702163696289
2017-05-16,208.18214416503906,94.71060943603516,117.6500015258789,34.03571319580078,56.900508880615234
2017-05-17,204.48818969726562,96.09017944335938,119.79000091552734,33.455936431884766,57.13242721557617
2017-05-18,205.31199645996094,96.19931030273438,118.80999755859375,32.90065002441406,57.44864273071289
2017-05-19,206.64736938476562,96.42538452148438,119.4000015258789,33.60292434692383,57.75784683227539
2017-05-22,207.69659423828125,96.16032409667969,119.9000015258789,33.63558578491211,57.98273468017578
2017-05-23,208.15615844726562,95.51341247558594,119.13999938964844,33.66825866699219,58.031925201416016
2017-05-24,208.64175415039062,96.05123901367188,119.61000061035156,33.79890823364258,58.50276565551758
2017-05-25,209.63900756835938,96.08238220214844,119.4800033569336,33.96223068237305,58.509769439697266
2017-05-26,209.5956573486328,96.24609375,120.54000091552734,34.084712982177734,58.08814239501953
2017-05-30,209.4135284423828,96.72152709960938,120.13999938964844,33.90507507324219,57.72271728515625
2017-05-31,209.3614959716797,96.96317291259766,120.62000274658203,33.64375305175781,57.75784683227539
2017-06-01,211.02642822265625,96.97332763671875,120.72000122070312,33.9295654296875,58.06002426147461
2017-06-02,211.728759765625,98.1214828491211,121.61000061035156,34.10104751586914,58.65735626220703
2017-06-05,211.57264709472656,97.51229095458984,121.7300033569336,34.06022262573242,58.40437698364258
2017-06-06,210.89633178710938,98.04340362548828,123.0999984741211,34.0765495300293,58.12327575683594
2017-06-07,211.28651428222656,97.57479095458984,122.44999694824219,34.03571319580078,58.53086471557617
2017-06-08,211.3905792236328,97.31698608398438,121.6500015258789,34.2398681640625,58.39031982421875
2017-06-09,211.06976318359375,97.16862487792969,120.54000091552734,33.97856140136719,58.79789352416992
2017-06-12,211.02642822265625,97.13736724853516,120.36000061035156,33.79890823364258,59.324974060058594
2017-06-13,212.05825805664062,97.1529769897461,120.4800033569336,33.96223068237305,59.45847702026367
2017-06-14,211.78945922851562,98.6526870727539,119.81999969482422,33.954071044921875,59.542808532714844
2017-06-15,211.3819122314453,98.49650573730469,119.31999969482422,33.60292434692383,59.84498977661133
2017-06-16,211.42808532714844,98.6917495727539,119.33999633789062,33.660091400146484,59.69038391113281
2017-06-19,213.18824768066406,98.55111694335938,118.43000030517578,33.994895935058594,59.69741439819336
2017-06-20,211.75048828125,99.43379211425781,118.18000030517578,33.61915588378906,59.55683898925781
2017-06-21,211.69822692871094,99.6368637084961,118.5199966430664,33.6929931640625,59.437400817871094
2017-06-22,211.60238647460938,99.8555908203125,118.91999816894531,33.865272521972656,59.493629455566406
2017-06-23,211.85508728027344,99.8086929321289,119.43000030517578,34.04576110839844,59.70005416870117
2017-06-26,211.99449157714844,100.18363189697266,118.36000061035156,34.37390899658203,60.125709533691406
2017-06-27,210.28663635253906,99.1135482788086,118.80999755859375,33.97191619873047,59.5865592956543
2017-06-28,212.1687469482422,98.78548431396484,118.9000015258789,34.234432220458984,59.72846221923828
2017-06-29,210.3040313720703,97.95751953125,118.31999969482422,33.79963684082031,59.0473747253418
2017-06-30,210.6961669921875,97.73098754882812,118.0199966430664,33.95551681518555,59.0473747253418
2017-07-03,211.05345153808594,97.41631317138672,116.08999633789062,34.15240478515625,59.799381256103516
2017-07-05,211.54135131835938,97.43984985351562,116.5199966430664,34.08677291870117,58.955142974853516
2017-07-06,209.60694885253906,96.6336669921875,116.47000122070312,33.67658615112305,57.84841537475586
2017-07-07,210.96629333496094,96.05438232421875,115.27999877929688,33.742210388183594,58.17475509643555
2017-07-10,211.19287109375,96.19526672363281,115.47000122070312,34.06216049194336,57.64265441894531
2017-07-11,211.03602600097656,96.35969543457031,115.62000274658203,34.341087341308594,57.57881546020508
2017-07-12,212.6218719482422,97.02501678466797,116.02999877929688,35.00559997558594,58.28826904296875
2017-07-13,212.9791259765625,96.41447448730469,115.81999969482422,35.177879333496094,58.38048553466797
2017-07-14,213.9724884033203,96.53189086914062,116.7699966430664,35.620887756347656,58.940956115722656
2017-07-17,213.9463653564453,96.79800415039062,117.29000091552734,35.456809997558594,59.41628646850586
2017-07-18,214.05960083007812,97.64332580566406,118.11000061035156,35.56346130371094,59.288612365722656
2017-07-19,215.21856689453125,97.68245697021484,118.08000183105469,35.85879135131836,59.735538482666016
2017-07-20,215.31439208984375,97.9642562866211,118.23999786376953,35.81777572631836,59.45884704589844
2017-07-21,215.12266540527344,98.3790512084961,119.26000213623047,35.79316329956055,59.41628646850586
2017-07-24,215.07040405273438,97.99553680419922,119.30999755859375,35.89980697631836,59.302772521972656
2017-07-25,215.59324645996094,96.71973419189453,118.91999816894531,35.809566497802734,59.38080978393555
2017-07-26,215.60195922851562,96.8762435913086,119.87999725341797,36.10490036010742,59.79229736328125
2017-07-27,215.40155029296875,96.39883422851562,119.79000091552734,35.90802001953125,59.86323165893555
2017-07-28,215.14883422851562,96.9702377319336,120.69000244140625,35.8916130065918,59.70005416870117
2017-07-31,215.02684020996094,97.0876235961914,120.75,35.9326171875,59.778106689453125
2017-08-01,215.50611877441406,97.76924896240234,120.6500015258789,36.03927993774414,60.047691345214844
2017-08-02,215.6106719970703,97.82416534423828,120.4000015258789,36.07209014892578,59.50141525268555
2017-08-03,215.19241333007812,98.83604431152344,120.58999633789062,35.92443084716797,59.38080978393555
2017-08-04,215.5845184326172,97.99675750732422,119.6500015258789,36.055694580078125,59.579471588134766
2017-08-07,215.98533630371094,98.1065673828125,119.51000213623047,36.30180358886719,59.51559829711914
2017-08-08,215.4537811279297,97.75359344482422,119.86000061035156,36.30999755859375,59.23183822631836
2017-08-09,215.44509887695312,98.2869644165039,121.30999755859375,35.981849670410156,59.03317642211914
2017-08-10,212.40402221679688,99.1263198852539,122.20999908447266,35.128658294677734,58.607513427734375
2017-08-11,212.71771240234375,99.17335510253906,122.79000091552734,35.210693359375,58.245704650878906
2017-08-14,214.8264617919922,98.66350555419922,121.91999816894531,35.571659088134766,59.2176399230957
2017-08-15,214.80027770996094,98.24774932861328,120.9800033569336,35.612674713134766,59.040283203125
2017-08-16,215.17498779296875,98.60860443115234,121.87000274658203,35.981849670410156,59.27440643310547
2017-08-17,211.82017517089844,99.3459243774414,122.48999786376953,35.52243423461914,58.905487060546875
2017-08-18,211.4890899658203,99.32241821289062,122.30000305175781,35.82597732543945,58.30954360961914
2017-08-21,211.6546173095703,99.56556701660156,122.76000213623047,35.957237243652344,58.93386459350586
2017-08-22,213.86793518066406,99.18122100830078,122.20999908447266,36.35922622680664,58.76360321044922
2017-08-23,213.10113525390625,99.85580444335938,122.66999816894531,36.5315055847168,59.36662292480469
2017-08-24,212.60440063476562,99.48712158203125,122.29000091552734,36.6463623046875,59.182159423828125
2017-08-25,213.10113525390625,99.87149047851562,122.73999786376953,36.859657287597656,59.46595001220703
2017-08-28,213.10986328125,99.8087158203125,124.69000244140625,36.728397369384766,59.011905670166016
2017-08-29,213.3538360595703,100.13033294677734,124.41999816894531,36.662757873535156,58.94805145263672
2017-08-30,214.36459350585938,100.09898376464844,124.36000061035156,36.72019577026367,59.281490325927734
2017-08-31,215.6542205810547,100.39702606201172,125.81999969482422,36.777618408203125,59.62202835083008
2017-09-01,215.95924377441406,99.62908935546875,126.05999755859375,37.04834747314453,59.827762603759766
2017-09-05,214.4081573486328,101.20899200439453,127.45999908447266,36.5643196105957,59.66458511352539
2017-09-06,215.14010620117188,100.5880355834961,126.80999755859375,36.80223083496094,59.8206672668457
2017-09-07,215.11395263671875,101.61770629882812,128.1300048828125,37.07294464111328,60.20376968383789
2017-09-08,214.8612823486328,101.39763641357422,127.97000122070312,36.826839447021484,60.253421783447266
2017-09-11,217.15298461914062,100.18714904785156,126.19000244140625,37.31907272338867,60.80680847167969
2017-09-12,217.8848876953125,99.66053009033203,126.55999755859375,37.27804946899414,60.09026336669922
2017-09-13,217.98948669433594,99.26753997802734,125.61000061035156,37.08116149902344,59.93419647216797
2017-09-14,217.9197540283203,99.67627716064453,126.16000366210938,37.17961120605469,60.430809020996094
2017-09-15,218.213134765625,99.71554565429688,125.52999877929688,37.40110778808594,60.5443115234375
2017-09-18,218.67727661132812,99.14171600341797,124.36000061035156,37.53236389160156,60.21795654296875
2017-09-19,218.89620971679688,98.8980941772461,124.62000274658203,37.614410400390625,59.8206672668457
2017-09-20,218.97491455078125,98.96881866455078,123.62000274658203,37.44213104248047,59.65748977661133
2017-09-21,218.38824462890625,98.913818359375,122.68000030517578,37.44213104248047,59.54399490356445
2017-09-22,218.4320526123047,99.19677734375,123.23999786376953,37.228824615478516,59.123992919921875
2017-09-25,217.98545837402344,99.81775665283203,124.52999877929688,36.59712600708008,59.468021392822266
2017-09-26,218.1168212890625,99.63695526123047,123.13999938964844,36.498687744140625,59.568359375
2017-09-27,218.9662322998047,98.13562774658203,121.9800033569336,36.367427825927734,59.03078842163086
2017-09-28,219.22894287109375,97.84481048583984,122.20999908447266,36.34281539916992,59.43217849731445
2017-09-29,219.9995574951172,98.06489562988281,121.58000183105469,36.76121139526367,59.55402374267578
2017-10-02,220.95407104492188,97.88534545898438,120.7699966430664,36.7694091796875,59.468021392822266
2017-10-03,221.42691040039062,97.97986602783203,120.83000183105469,37.35188674926758,59.38199234008789
2017-10-04,221.68963623046875,97.98768615722656,121.16999816894531,37.343685150146484,59.68302917480469
2017-10-05,223.00318908691406,97.61753845214844,120.5199966430664,37.62261199951172,59.89808654785156
2017-10-06,222.74925231933594,97.34186553955078,121.08999633789062,37.43391799926758,59.704524993896484
2017-10-09,222.3814697265625,97.64901733398438,122.08000183105469,37.409305572509766,59.84789276123047
2017-10-10,222.96812438964844,97.80652618408203,122.4000015258789,37.77848434448242,60.02706527709961
2017-10-11,223.3184051513672,97.99555969238281,122.79000091552734,37.95075988769531,60.227745056152344
2017-10-12,222.9856414794922,98.41302490234375,122.88999938964844,37.934356689453125,60.61478805541992
2017-10-13,223.25711059570312,99.12185668945312,123.81999969482422,38.27891540527344,60.77247619628906
2017-10-16,223.55487060546875,99.0510025024414,122.97000122070312,38.254310607910156,60.47145080566406
2017-10-17,223.71246337890625,99.177001953125,122.12999725341797,38.057411193847656,60.54312515258789
2017-10-18,223.93138122558594,98.52330017089844,121.66999816894531,38.147647857666016,60.478607177734375
2017-10-19,223.99267578125,98.69660186767578,122.38999938964844,37.81129455566406,60.299407958984375
2017-10-20,225.14862060546875,97.64901733398438,121.61000061035156,37.95075988769531,59.955387115478516
2017-10-23,224.27285766601562,97.82233428955078,121.80000305175781,37.647220611572266,59.726043701171875
2017-10-24,224.66696166992188,97.21585845947266,121.33000183105469,37.647220611572266,59.36767578125
2017-10-25,223.55487060546875,96.75111389160156,121.3499984741211,37.56517791748047,59.19563674926758
2017-10-26,223.84381103515625,96.42823028564453,120.33000183105469,37.31086730957031,58.70825958251953
2017-10-27,225.67398071289062,97.06619262695312,120.9000015258789,37.85231399536133,58.97346878051758
2017-10-30,224.83335876464844,97.99555969238281,121.12999725341797,37.614410400390625,58.92329406738281
2017-10-31,225.18360900878906,98.02708435058594,120.66999816894531,37.96717071533203,58.91611862182617
2017-11-01,225.48130798339844,98.46357727050781,121.11000061035156,38.164058685302734,59.202823638916016
2017-11-02,225.5689239501953,98.8976821899414,121.19000244140625,38.213287353515625,59.704524993896484
2017-11-03,226.32200622558594,99.16602325439453,120.62000274658203,38.016387939453125,59.55402374267578
2017-11-06,226.6723175048828,99.53699493408203,121.6500015258789,38.442996978759766,59.955387115478516
2017-11-07,226.5146942138672,99.95532989501953,121.20999908447266,38.196876525878906,60.442779541015625
2017-11-08,226.8999481201172,99.73432922363281,121.62999725341797,38.37735366821289,60.74379348754883
2017-11-09,226.07681274414062,99.45018005371094,122.12999725341797,38.13945388793945,60.80830764770508
2017-11-10,226.0068359375,97.95051574707031,121.12999725341797,37.97536849975586,60.8728141784668
2017-11-13,226.21697998046875,98.15570068359375,121.30999755859375,37.89332962036133,61.18101501464844
2017-11-14,225.69154357910156,98.81874084472656,121.55999755859375,37.639007568359375,61.05201721191406
2017-11-15,224.56192016601562,99.89214324951172,121.41000366210938,37.44213104248047,60.435611724853516
2017-11-16,226.47085571289062,99.02391815185547,121.4000015258789,38.221492767333984,60.93731689453125
2017-11-17,225.80535888671875,99.75798034667969,122.86000061035156,38.410179138183594,60.67216491699219
2017-11-20,226.190673828125,99.71853637695312,121.30999755859375,38.60706329345703,60.49296188354492
2017-11-21,227.67054748535156,100.03421783447266,121.51000213623047,39.123905181884766,60.94447708129883
2017-11-22,227.4691925048828,100.35787200927734,122.62999725341797,39.222347259521484,60.80830764770508
2017-11-24,227.99456787109375,100.08161163330078,122.31999969482422,39.14031219482422,60.887168884277344
2017-11-27,227.88072204589844,99.93950653076172,122.83000183105469,38.566043853759766,60.60047149658203
2017-11-28,230.1925811767578,100.07371520996094,122.80999755859375,38.85318374633789,60.37112045288086
2017-11-29,230.05242919921875,99.08708190917969,122.04000091552734,38.237892150878906,60.39261245727539
2017-11-30,232.0665283203125,98.755615234375,121.0999984741211,37.819496154785156,60.48578643798828
2017-12-01,231.5849151611328,100.0882568359375,121.58999633789062,37.606201171875,60.62913513183594
2017-12-04,231.30470275878906,100.1357192993164,121.18000030517578,37.680030822753906,60.32810974121094
2017-12-05,230.4727783203125,100.63400268554688,120.31999969482422,37.655426025390625,59.826385498046875
2017-12-06,230.51658630371094,100.98199462890625,120.06999969482422,37.14678955078125,59.76903533935547
2017-12-07,231.243408203125,100.1910629272461,118.48999786376953,37.25343704223633,59.919559478759766
2017-12-08,232.5044403076172,100.198974609375,118.4800033569336,37.688228607177734,60.227745056152344
2017-12-11,233.20498657226562,99.99334716796875,118.01000213623047,37.87692642211914,60.2205924987793
2017-12-12,233.6165008544922,99.95381164550781,118.1500015258789,37.62261199951172,60.51447296142578
2017-12-13,233.5902099609375,100.7051773071289,119.16999816894531,38.073814392089844,60.61478805541992
2017-12-14,232.6357421875,101.13227081298828,118.93000030517578,37.79488754272461,60.60047149658203
2017-12-15,234.5729522705078,101.51187896728516,119.18000030517578,37.87692642211914,60.98031234741211
2017-12-18,236.0605010986328,100.5865478515625,119.7300033569336,38.30352783203125,61.381710052490234
2017-12-19,235.15390014648438,99.28154754638672,119.81999969482422,38.10114669799805,60.077247619628906
2017-12-20,235.03070068359375,98.18224334716797,120.13999938964844,38.151123046875,59.38199234008789
2017-12-21,235.51475524902344,98.75444030761719,120.30999755859375,38.40096664428711,59.15198516845703
2017-12-22,235.45315551757812,98.88920593261719,120.94000244140625,38.72575378417969,59.55958557128906
2017-12-26,235.17153930664062,99.18244934082031,121.7699966430664,38.69244384765625,59.85800552368164
2017-12-27,235.2859344482422,100.47428894042969,122.2300033569336,38.792388916015625,60.05453872680664
2017-12-28,235.77005004882812,100.3871078491211,122.8499984741211,39.05889129638672,60.374786376953125
2017-12-29,234.88104248046875,100.54562377929688,123.6500015258789,39.24210739135742,60.39662170410156
2018-01-02,236.56216430664062,99.4598388671875,125.1500015258789,39.983299255371094,60.17099380493164
2018-01-03,238.0584716796875,99.93537139892578,124.81999969482422,40.36639404296875,59.99632263183594
2018-01-04,239.06178283691406,99.91950225830078,125.45999908447266,40.56627655029297,58.9627685546875
2018-01-05,240.6549072265625,99.63419342041016,125.33000183105469,40.91606140136719,58.991886138916016
2018-01-08,241.09506225585938,99.57080078125,125.30999755859375,40.91606140136719,59.29757308959961
2018-01-09,241.64077758789062,98.23928833007812,124.7300033569336,40.849422454833984,58.53334426879883
2018-01-10,241.27105712890625,98.12039947509766,125.02999877929688,40.59125518798828,57.87826919555664
2018-01-11,243.03140258789062,98.52458190917969,125.44000244140625,40.84109878540039,57.681766510009766
2018-01-12,244.61570739746094,98.6910629272461,126.95999908447266,41.23252487182617,57.21593475341797
2018-01-16,243.77951049804688,99.1031723022461,127.16999816894531,41.07427978515625,57.32512283325195
2018-01-17,246.1031494140625,98.9684829711914,126.13999938964844,41.61561965942383,57.725425720214844
2018-01-18,245.6895294189453,98.04908752441406,125.86000061035156,41.665584564208984,56.983028411865234
2018-01-19,246.80731201171875,97.5338363647461,126.41999816894531,42.00703811645508,57.28872299194336
2018-01-22,248.81405639648438,97.62895965576172,126.6500015258789,42.24855041503906,57.81277084350586
2018-01-23,249.34217834472656,98.04908752441406,127.27999877929688,42.448429107666016,58.6133918762207
2018-01-24,249.2452850341797,97.51805114746094,128.8300018310547,42.806541442871094,58.307716369628906
2018-01-25,249.35092163085938,98.31856536865234,127.97000122070312,42.78155517578125,58.2057991027832
2018-01-26,252.23788452148438,97.95394897460938,128.07000732421875,43.37284851074219,58.00200653076172
2018-01-29,250.5655975341797,97.27232360839844,127.3499984741211,42.71493148803711,57.22321319580078
2018-01-30,247.99554443359375,96.70169067382812,126.80000305175781,42.1319580078125,56.808345794677734
2018-01-31,248.1187286376953,97.27232360839844,127.6500015258789,42.4984016418457,57.827308654785156
2018-02-01,247.8370361328125,95.86257934570312,128.07000732421875,41.92375564575195,56.58271026611328
2018-02-02,242.44168090820312,94.97306060791016,126.38999938964844,40.849422454833984,56.10232925415039
2018-02-05,232.30213928222656,95.87054443359375,126.70999908447266,39.416988372802734,54.43558120727539
2018-02-06,236.8790740966797,95.27482604980469,125.37999725341797,40.699520111083984,54.442840576171875
2018-02-07,235.59400939941406,94.36947631835938,124.79000091552734,39.416988372802734,54.20993423461914
2018-02-08,226.75711059570312,94.26620483398438,124.9800033569336,38.05118179321289,52.65234375
2018-02-09,230.163330078125,93.67053985595703,124.7699966430664,38.65913772583008,53.96974182128906
2018-02-12,233.54322814941406,94.08349609375,125.37000274658203,39.26708984375,53.9915771484375
2018-02-13,234.12405395507812,94.50447845458984,126.08000183105469,39.566890716552734,54.37006378173828
2018-02-14,237.28395080566406,93.45608520507812,128.22999572753906,40.557945251464844,53.977020263671875
2018-02-15,240.31166076660156,93.7738037109375,128.3800048828125,41.3907585144043,54.50107955932617
2018-02-16,240.382080078125,94.2821044921875,127.95999908447266,41.25751495361328,54.79948806762695
2018-02-20,238.8769989013672,93.86907958984375,126.23999786376953,40.69119644165039,54.15172576904297
2018-02-21,237.6887969970703,92.71745300292969,125.66000366210938,40.65788269042969,53.08177947998047
2018-02-22,237.99684143066406,92.99544525146484,126.30000305175781,40.68286895751953,53.68589401245117
2018-02-23,241.79031372070312,93.82142639160156,126.13999938964844,41.407413482666016,54.54475021362305
2018-02-26,244.59812927246094,93.85322570800781,126.44999694824219,41.79051208496094,54.697593688964844
2018-02-27,241.54396057128906,93.71822357177734,125.12999725341797,40.574607849121094,53.423858642578125
2018-02-28,239.09706115722656,94.31385040283203,125.0,39.991634368896484,53.38745880126953
2018-03-01,235.62034606933594,94.9576644897461,124.72000122070312,39.91667938232422,53.438419342041016
2018-03-02,236.83506774902344,94.18572235107422,125.38999938964844,40.08324432373047,53.41657257080078
2018-03-05,239.57232666015625,93.93103790283203,125.18000030517578,40.14153289794922,54.02068328857422
2018-03-06,240.1796112060547,94.01860046386719,126.52999877929688,40.51630401611328,54.275447845458984
2018-03-07,240.09165954589844,93.91519927978516,125.72000122070312,40.557945251464844,54.610252380371094
2018-03-08,241.25343322753906,94.4563217163086,125.41999816894531,40.56627655029297,54.712135314941406
2018-03-09,245.4518280029297,93.83557891845703,125.54000091552734,41.43239212036133,55.01057052612305
2018-03-12,245.143798828125,94.37670135498047,125.54000091552734,41.53233337402344,55.25075149536133
2018-03-13,243.5594940185547,94.85421752929688,125.77999877929688,41.15755844116211,55.301692962646484
2018-03-14,242.30958557128906,95.68983459472656,125.69999694824219,41.22420120239258,55.35265350341797
2018-03-15,242.04563903808594,95.68983459472656,124.9000015258789,41.07427978515625,55.338077545166016
2018-03-16,242.30807495117188,95.34760284423828,124.5999984741211,40.9826774597168,55.723838806152344
2018-03-19,239.02955627441406,95.04520416259766,124.87000274658203,40.541290283203125,55.243465423583984
2018-03-20,239.43606567382812,94.6632080078125,124.30999755859375,40.99100112915039,55.05421829223633
2018-03-21,238.9765167236328,94.76665496826172,126.4800033569336,41.23252487182617,54.646644592285156
2018-03-22,233.00277709960938,95.70574188232422,125.9800033569336,39.85839080810547,54.32639694213867
2018-03-23,228.03643798828125,95.63409423828125,127.61000061035156,39.05055236816406,53.358360290527344
2018-03-26,234.27528381347656,95.26801300048828,128.27999877929688,40.316429138183594,53.96540069580078
2018-03-27,230.28985595703125,96.2867660522461,127.48999786376953,39.58355712890625,54.171180725097656
2018-03-28,229.60943603515625,96.5414047241211,125.7300033569336,39.38368225097656,55.53078079223633
2018-03-29,232.5432586669922,97.01092529296875,125.79000091552734,40.20816421508789,55.46463394165039
2018-04-02,227.52391052246094,97.20230865478516,127.26000213623047,39.48361587524414,54.71501541137695
2018-04-03,230.44009399414062,96.45264434814453,126.30000305175781,39.875038146972656,55.17802810668945
2018-04-04,232.90560913085938,96.25324249267578,126.44999694824219,39.891700744628906,55.758609771728516
2018-04-05,234.74368286132812,95.53549194335938,125.80000305175781,39.991634368896484,55.73655700683594
2018-04-06,229.51219177246094,96.58021545410156,126.38999938964844,39.20878982543945,55.317665100097656
2018-04-09,230.64329528808594,96.73973083496094,126.81999969482422,39.250431060791016,55.14128112792969
2018-04-10,234.31063842773438,96.56424713134766,127.12000274658203,40.01660919189453,55.08247756958008
2018-04-11,233.08238220214844,96.9072036743164,128.11000061035156,40.03327941894531,55.200069427490234
2018-04-12,234.99998474121094,96.19744110107422,126.62000274658203,40.01660919189453,54.582733154296875
2018-04-13,234.31063842773438,96.42074584960938,127.44999694824219,39.61687088012695,54.869361877441406
2018-04-16,236.23709106445312,96.45264434814453,127.62999725341797,39.666839599609375,55.207435607910156
2018-04-17,238.76441955566406,96.71582794189453,127.75,39.750118255615234,55.854148864746094
2018-04-18,238.94117736816406,95.94220733642578,127.8499984741211,40.09157180786133,55.73655700683594
2018-04-19,237.6156768798828,95.1606216430664,127.5999984741211,39.85839080810547,54.928138732910156
2018-04-20,235.6007843017578,94.4747543334961,126.62999725341797,39.35870361328125,54.42103958129883
2018-04-23,235.5654754638672,94.49869537353516,125.62000274658203,39.0422248840332,54.376956939697266
2018-04-24,232.39308166503906,94.06803131103516,126.2300033569336,38.8590087890625,54.582733154296875
2018-04-25,232.96746826171875,93.43798828125,125.41000366210938,38.559200286865234,54.47983932495117
2018-04-26,235.33572387695312,94.09194946289062,124.97000122070312,39.11717987060547,55.19271469116211
2018-04-27,235.55667114257812,94.81768798828125,125.5,39.35870361328125,56.140777587890625
2018-04-30,233.7451629638672,94.98514556884766,124.58999633789062,39.075538635253906,55.9202880859375
2018-05-01,234.16046142578125,94.64310455322266,123.70999908447266,38.88399124145508,56.42738723754883
2018-05-02,232.5874481201172,94.5391845703125,123.6500015258789,38.57585144042969,56.22160339355469
2018-05-03,232.07493591308594,94.9627914428711,124.27999877929688,38.49258041381836,56.184871673583984
2018-05-04,235.07948303222656,95.106689453125,124.54000091552734,38.66746139526367,56.80221176147461
2018-05-07,235.87478637695312,94.95478820800781,124.56999969482422,38.442604064941406,57.18436050415039
2018-05-08,235.87478637695312,94.86689758300781,124.58999633789062,38.65913772583008,56.89774703979492
2018-05-09,238.15472412109375,94.29940032958984,124.33000183105469,38.73408126831055,57.279884338378906
2018-05-10,240.381591796875,95.05873107910156,125.18000030517578,39.54191970825195,57.728206634521484
2018-05-11,241.11505126953125,95.29850006103516,125.0,39.47529602050781,57.529781341552734
2018-05-14,241.23004150390625,94.7949447631836,124.48999786376953,39.5252571105957,57.03736877441406
2018-05-15,239.56863403320312,93.71591186523438,122.4800033569336,38.709102630615234,56.11137008666992
2018-05-16,240.57603454589844,93.35624694824219,122.29000091552734,39.29206848144531,55.94233322143555
2018-05-17,240.37274169921875,92.88469696044922,122.36000061035156,38.69244384765625,55.663063049316406
2018-05-18,239.77188110351562,93.68395233154297,122.41000366210938,38.367652893066406,55.73655700683594
2018-05-21,241.5745849609375,93.7319107055664,122.4800033569336,38.600830078125,56.39799118041992
2018-05-22,240.90301513671875,93.58805847167969,122.41000366210938,38.73408126831055,56.47883605957031
2018-05-23,241.56573486328125,94.26746368408203,122.54000091552734,38.71743392944336,57.04473114013672
2018-05-24,241.0709228515625,95.01874542236328,123.58999633789062,38.50922775268555,56.927146911621094
2018-05-25,240.49652099609375,95.6102294921875,123.20999908447266,38.66746139526367,57.125572204589844
2018-05-29,237.73049926757812,97.70435333251953,123.19000244140625,37.76802062988281,57.397491455078125
2018-05-30,240.90301513671875,97.04891204833984,123.37000274658203,38.06783676147461,58.1765022277832
2018-05-31,239.42726135253906,96.88909149169922,123.0999984741211,38.05118179321289,57.97810363769531
2018-06-01,241.77783203125,96.37716674804688,122.48999786376953,38.58417892456055,58.23530960083008
2018-06-04,242.92672729492188,95.68013763427734,122.37000274658203,38.9755973815918,58.74238967895508
2018-06-05,243.10342407226562,95.90448760986328,122.8499984741211,38.67578887939453,58.58806610107422
2018-06-06,245.13584899902344,95.12737274169922,122.91999816894531,39.258750915527344,58.727699279785156
2018-06-07,245.1094207763672,96.04867553710938,122.86000061035156,38.65913772583008,58.727699279785156
2018-06-08,245.83395385742188,95.76028442382812,123.01000213623047,38.58417892456055,58.94082260131836
2018-06-11,246.16091918945312,95.58403015136719,123.2300033569336,38.58417892456055,58.852638244628906
2018-06-12,246.4790496826172,95.60807037353516,122.81999969482422,38.48424530029297,59.205406188964844
2018-06-13,245.6925811767578,95.56001281738281,123.19000244140625,38.226078033447266,58.05156707763672
2018-06-14,246.3112030029297,96.35311126708984,123.37999725341797,37.9678955078125,58.60274124145508
2018-06-15,245.99703979492188,96.44124603271484,121.33999633789062,37.668087005615234,58.56601333618164
2018-06-18,245.490966796875,96.35311126708984,121.11000061035156,37.21004104614258,58.58235549926758
2018-06-19,244.55001831054688,96.9139175415039,120.80000305175781,36.79929733276367,58.52299118041992
2018-06-20,244.9671630859375,96.064697265625,120.26000213623047,36.95856475830078,59.17571258544922
2018-06-21,243.43157958984375,96.56941986083984,120.05000305175781,36.43885040283203,59.457603454589844
2018-06-22,243.87542724609375,96.56143951416016,120.33999633789062,36.81605911254883,59.924869537353516
2018-06-25,240.55557250976562,96.77770233154297,119.88999938964844,36.321502685546875,59.76912307739258
2018-06-26,241.08819580078125,96.9139175415039,119.26000213623047,36.17898941040039,59.96196746826172
2018-06-27,239.0909881591797,97.82721710205078,118.58000183105469,35.48324203491211,59.73204040527344
2018-06-28,240.4579315185547,97.85124206542969,118.22000122070312,35.785011291503906,60.26607894897461
2018-06-29,240.80413818359375,97.5147705078125,118.6500015258789,36.321502685546875,60.414424896240234
2018-07-02,241.31898498535156,97.43848419189453,117.45999908447266,35.9610481262207,60.08064270019531
2018-07-03,240.466796875,97.96041870117188,118.6500015258789,35.9861946105957,60.533103942871094
2018-07-05,242.42855834960938,98.2414321899414,119.05000305175781,35.893985748291016,61.25259780883789
2018-07-06,244.47909545898438,98.56262969970703,118.86000061035156,36.3885498046875,61.578948974609375
2018-07-09,246.68045043945312,97.92828369140625,119.1500015258789,37.04238510131836,61.08940505981445
2018-07-10,247.56809997558594,97.92024993896484,118.93000030517578,36.95856475830078,61.21550750732422
2018-07-11,245.75729370117188,98.29763793945312,117.63999938964844,36.2376708984375,61.01524353027344
2018-07-12,247.9852752685547,98.28961181640625,118.12999725341797,36.732234954833984,61.20067596435547
2018-07-13,248.18057250976562,98.53852081298828,117.61000061035156,36.757381439208984,61.01524353027344
2018-07-16,247.95867919921875,98.12902069091797,117.55000305175781,36.55619430541992,60.6888542175293
2018-07-17,248.96176147460938,97.9443359375,116.27999877929688,36.82444381713867,60.288333892822266
2018-07-18,249.48545837402344,97.55089569091797,116.30999755859375,36.78252410888672,60.02128982543945
2018-07-19,248.5446014404297,98.169189453125,115.80999755859375,36.329872131347656,60.725955963134766
2018-07-20,248.26048278808594,96.96475982666016,116.55999755859375,36.84959030151367,60.139976501464844
2018-07-23,248.7220458984375,95.76836395263672,116.0,36.60649871826172,60.013893127441406
2018-07-24,249.9736328125,96.09754943847656,116.04000091552734,37.14298629760742,59.70976638793945
2018-07-25,252.10401916503906,95.94497680664062,116.68000030517578,37.746517181396484,60.184478759765625
2018-07-26,251.50924682617188,95.76029968261719,115.7699966430664,37.32740020751953,60.38475799560547
2018-07-27,249.80502319335938,95.92090606689453,115.83000183105469,37.461517333984375,59.739444732666016
2018-07-30,248.5001678466797,95.59168243408203,115.6500015258789,37.40283966064453,59.77652359008789
2018-07-31,249.72509765625,96.1136245727539,115.98999786376953,37.60402297973633,60.77787399291992
2018-08-01,249.3079071044922,95.33058166503906,115.13999938964844,37.26871871948242,61.208072662353516
2018-08-02,250.666015625,95.46736907958984,114.5199966430664,36.77415084838867,60.96330642700195
2018-08-03,251.74008178710938,95.94224548339844,114.91999816894531,37.05916213989258,61.623451232910156
2018-08-06,252.66326904296875,95.9985580444336,114.33000183105469,36.77415084838867,61.5418586730957
2018-08-07,253.49766540527344,95.49958038330078,114.58999633789062,37.151363372802734,61.43061828613281
2018-08-08,253.39114379882812,95.59614562988281,114.91000366210938,37.10105895996094,61.07456588745117
2018-08-09,253.0450439453125,96.40091705322266,114.73999786376953,36.99209213256836,61.10423278808594
2018-08-10,251.3495330810547,97.10104370117188,114.69000244140625,36.20414352416992,60.63694763183594
2018-08-13,250.40866088867188,96.89985656738281,112.95999908447266,35.608978271484375,60.51826858520508
2018-08-14,252.0064239501953,96.68255615234375,113.06999969482422,35.826927185058594,60.814945220947266
2018-08-15,250.12457275390625,97.24588775634766,111.19000244140625,34.795867919921875,61.28225326538086
2018-08-16,252.14840698242188,97.23783874511719,111.0999984741211,35.013824462890625,61.779232025146484
2018-08-17,253.03610229492188,97.35855865478516,112.12999725341797,35.382652282714844,62.350337982177734
2018-08-20,253.57754516601562,98.01042175292969,112.69000244140625,35.54192352294922,62.39484405517578
2018-08-21,254.17233276367188,97.68045043945312,113.0199966430664,35.99457550048828,62.01658248901367
2018-08-22,254.0213623046875,98.06673431396484,113.2699966430664,36.279571533203125,61.667972564697266
2018-08-23,253.68411254882812,98.21965789794922,112.19999694824219,35.69280242919922,61.5121955871582
2018-08-24,255.2108154296875,98.41277313232422,114.16000366210938,36.355018615722656,61.87562561035156
2018-08-27,257.2258605957031,97.8494644165039,114.58999633789062,36.87474060058594,61.65312957763672
2018-08-28,257.3501281738281,97.26197814941406,113.68000030517578,36.74061965942383,62.4838752746582
2018-08-29,258.73486328125,97.39076232910156,114.19999694824219,36.966949462890625,62.49870300292969
2018-08-30,257.68743896484375,97.5999755859375,113.63999938964844,36.00295639038086,62.09817886352539
2018-08-31,257.6963195800781,97.3746566772461,113.51000213623047,36.18737030029297,62.34293746948242
2018-09-04,257.2525329589844,96.81167602539062,112.93000030517578,35.48324203491211,61.6011962890625
2018-09-05,256.56005859375,96.55357360839844,113.31999969482422,34.97190856933594,61.95722579956055
2018-09-06,255.78781127929688,96.90848541259766,113.54000091552734,35.00543212890625,62.13525390625
2018-09-07,255.2906494140625,96.08575439453125,113.2300033569336,34.82939910888672,61.46027374267578
2018-09-10,255.73448181152344,96.44065856933594,113.1500015258789,34.485713958740234,61.73472213745117
2018-09-11,256.5779113769531,95.70669555664062,113.22000122070312,34.56116485595703,61.7273063659668
2018-09-12,256.63995361328125,95.9325180053711,114.16999816894531,34.73720169067383,61.7569694519043
2018-09-13,258.1578674316406,96.07769775390625,113.76000213623047,35.20661926269531,62.061065673828125
2018-09-14,258.2023010253906,95.61796569824219,113.0199966430664,35.1730842590332,61.667972564697266
2018-09-17,256.83526611328125,95.61796569824219,113.61000061035156,34.85455322265625,61.868228912353516
2018-09-18,258.2288513183594,94.61780548095703,113.44000244140625,35.189857482910156,61.571529388427734
2018-09-19,258.50408935546875,94.05322265625,113.87999725341797,35.67604064941406,60.852054595947266
2018-09-20,260.5989990234375,94.48876953125,114.2699966430664,36.07001495361328,61.423194885253906
2018-09-21,260.36083984375,94.44847106933594,113.48999786376953,36.2376708984375,61.40092468261719
2018-09-24,259.495849609375,94.20645141601562,113.47000122070312,35.826927185058594,60.29829788208008
2018-09-25,259.25518798828125,94.10966491699219,113.6500015258789,35.96942138671875,60.30583190917969
2018-09-26,258.4794006347656,94.77108764648438,113.05000305175781,36.04486846923828,59.58378601074219
2018-09-27,259.2016296386719,94.83560943603516,112.05000305175781,36.22090530395508,59.869590759277344
2018-09-28,259.22845458984375,94.58555603027344,112.76000213623047,35.97780990600586,60.681884765625
2018-10-01,260.1290283203125,93.89119720458984,112.56999969482422,35.9861946105957,60.1177864074707
2018-10-02,259.9774169921875,94.4651107788086,113.87000274658203,35.533538818359375,59.98240280151367
2018-10-03,260.1201171875,92.82415008544922,113.41999816894531,35.24015426635742,59.343101501464844
2018-10-04,258.08709716796875,92.16935729980469,113.4800033569336,34.3599853515625,58.84669494628906
2018-10-05,256.6425476074219,91.37718200683594,113.80000305175781,34.23423767089844,58.81663131713867
2018-10-08,256.6425476074219,91.06999206542969,112.54000091552734,34.2845344543457,59.66651153564453
2018-10-09,256.26800537109375,91.9915542602539,112.5999984741211,34.1588020324707,59.749237060546875
2018-10-10,248.15386962890625,91.74097442626953,112.87999725341797,33.14451599121094,58.86174774169922
2018-10-11,242.68783569335938,92.85650634765625,115.77999877929688,32.8092155456543,57.17695617675781
2018-10-12,246.05836486816406,92.53314208984375,115.2300033569336,33.7732048034668,57.02655029296875
2018-10-15,244.67623901367188,92.49271392822266,116.0,33.41276550292969,57.41012954711914
2018-10-16,250.0262451171875,92.70283508300781,115.80000305175781,34.25101089477539,58.59096145629883
2018-10-17,250.07090759277344,92.15321350097656,115.79000091552734,33.831878662109375,58.36533737182617
2018-10-18,246.45962524414062,92.12089538574219,115.91999816894531,32.943336486816406,58.25251388549805
2018-10-19,246.32579040527344,91.91881561279297,116.01000213623047,33.25349044799805,58.75644302368164
2018-10-22,245.22018432617188,91.79753875732422,115.70999908447266,33.61393356323242,57.93661117553711
2018-10-23,243.97177124023438,92.08850860595703,116.38999938964844,33.2451057434082,58.19232940673828
2018-10-24,236.579833984375,92.7837142944336,116.66000366210938,32.17214584350586,58.741397857666016
2018-10-25,240.8241729736328,92.39571380615234,116.4000015258789,32.792449951171875,59.4935302734375
2018-10-26,236.58872985839844,92.9534912109375,116.7699966430664,32.41522979736328,58.06447982788086
2018-10-29,235.27798461914062,92.74335479736328,116.30999755859375,31.853605270385742,58.801578521728516
2018-10-30,238.764404296875,92.28253173828125,115.80000305175781,32.473915100097656,59.60636520385742
2018-10-31,241.31466674804688,91.81372833251953,115.1500015258789,32.82597732543945,58.90686798095703
2018-11-01,243.88270568847656,91.89879608154297,116.62999725341797,33.99952697753906,59.18517303466797
2018-11-02,242.4381103515625,90.75619506835938,116.6500015258789,34.21748352050781,58.6962776184082
2018-11-05,243.7756805419922,91.11272430419922,116.37000274658203,34.30968475341797,59.5687370300293
2018-11-06,245.31825256347656,91.05602264404297,116.04000091552734,34.25101089477539,59.869590759277344
2018-11-07,250.57028198242188,91.17760467529297,116.02999877929688,34.896461486816406,60.58412170410156
2018-11-08,250.1155242919922,91.16946411132812,115.77999877929688,33.99114990234375,60.629249572753906
2018-11-09,247.6723175048828,91.85015869140625,114.4800033569336,33.362464904785156,60.6217155456543
2018-11-12,243.04443359375,92.4498062133789,113.66000366210938,32.89303207397461,60.74207305908203
2018-11-13,242.58969116210938,92.3930435180664,113.69999694824219,33.27024841308594,60.681884765625
2018-11-14,240.9312744140625,92.4498062133789,114.63999938964844,33.47142791748047,60.53148651123047
2018-11-15,243.44569396972656,92.40928649902344,114.7699966430664,34.21748352050781,60.1177864074707
2018-11-16,244.07882690429688,92.94406127929688,115.62000274658203,34.2845344543457,60.76462173461914
2018-11-19,239.95040893554688,93.20339965820312,115.66999816894531,33.82350540161133,60.84735870361328
2018-11-20,235.50979614257812,93.23580169677734,115.66999816894531,33.09421920776367,60.223106384277344
2018-11-21,236.3123016357422,93.20339965820312,115.86000061035156,33.70614242553711,60.27573776245117
2018-11-23,234.73406982421875,93.3006362915039,115.7699966430664,33.312164306640625,60.15542221069336
2018-11-26,238.52366638183594,93.08995819091797,115.63999938964844,33.72290802001953,60.268253326416016
2018-11-27,239.326171875,93.19528198242188,114.94999694824219,33.957618713378906,60.52394485473633
2018-11-28,244.8367462158203,92.74148559570312,115.37999725341797,34.770729064941406,61.065494537353516
2018-11-29,244.30177307128906,93.106201171875,115.73999786376953,34.46895217895508,61.080528259277344
2018-11-30,245.7908477783203,93.45462799072266,115.54000091552734,34.4354248046875,61.65966796875
2018-12-03,249.0454559326172,94.11812591552734,116.41000366210938,35.131168365478516,61.99061584472656
2018-12-04,240.97579956054688,95.69381713867188,117.12000274658203,34.38512420654297,61.072998046875
2018-12-06,240.61019897460938,95.99434661865234,117.13999938964844,34.066593170166016,62.58479309082031
2018-12-07,235.0193328857422,96.17303466796875,118.08999633789062,33.42951965332031,61.76496887207031
2018-12-10,235.46519470214844,96.57103729248047,117.68000030517578,33.077449798583984,61.36632537841797
2018-12-11,235.5187225341797,96.55473327636719,117.54000091552734,33.32892608642578,61.39639663696289
2018-12-12,236.70465087890625,96.12435150146484,117.79000091552734,33.8737907409668,60.4487419128418
2018-12-13,236.62437438964844,95.89688873291016,117.52999877929688,33.865413665771484,60.798091888427734
2018-12-14,232.2552032470703,96.22988891601562,117.05999755859375,33.38759994506836,60.623023986816406
2018-12-17,227.69869995117188,96.79032135009766,117.87000274658203,33.077449798583984,58.33967590332031
2018-12-18,227.4490509033203,97.3699722290039,118.1500015258789,33.30207443237305,58.940948486328125
2018-12-19,224.04283142089844,98.6563491821289,117.43000030517578,32.749027252197266,58.29401779174805
2018-12-20,220.39588928222656,98.29808807373047,119.23999786376953,33.00428009033203,57.418724060058594
2018-12-21,215.8800506591797,98.28178405761719,118.72000122070312,32.7745475769043,56.61955261230469
2018-12-24,210.1759033203125,98.770263671875,120.0199966430664,32.4682502746582,54.60258865356445
2018-12-26,220.79498291015625,97.7119369506836,119.66000366210938,33.11488723754883,56.42926788330078
2018-12-27,222.4901123046875,97.72819519042969,120.56999969482422,33.07234191894531,56.42164993286133
2018-12-28,222.2030487060547,98.55049133300781,121.05999755859375,33.38715744018555,56.60434341430664
2018-12-31,224.14935302734375,98.92495727539062,121.25,33.2340087890625,56.756553649902344
2019-01-02,224.38253784179688,99.44599151611328,121.33000183105469,33.31909942626953,55.523536682128906
2019-01-03,219.0281982421875,100.57767486572266,122.43000030517578,32.714996337890625,55.91172409057617
2019-01-04,226.36465454101562,99.41344451904297,121.44000244140625,33.77003860473633,56.56627655029297
2019-01-07,228.14944458007812,99.12032318115234,121.86000061035156,33.846614837646484,57.121891021728516
2019-01-08,230.29296875,98.85981750488281,121.52999877929688,33.974246978759766,58.301605224609375
2019-01-09,231.3692626953125,98.70516967773438,122.30999755859375,34.57835006713867,58.2178955078125
2019-01-10,232.18544006347656,98.07011413574219,121.58999633789062,34.8250846862793,59.00947952270508
2019-01-11,232.27513122558594,98.45274353027344,121.80000305175781,34.6549186706543,59.176910400390625
2019-01-14,230.8580322265625,98.08639526367188,122.08999633789062,34.365631103515625,58.97901916503906
2019-01-15,233.50387573242188,97.72819519042969,121.87999725341797,34.6038703918457,59.54226303100586
2019-01-16,234.06884765625,97.82594299316406,122.2699966430664,35.02928924560547,59.96084976196289
2019-01-17,235.84469604492188,97.8503189086914,122.11000061035156,35.182437896728516,60.250083923339844
2019-01-18,238.98387145996094,97.33739471435547,121.0199966430664,35.35261154174805,60.45558166503906
2019-01-22,235.75498962402344,97.99688720703125,121.44999694824219,34.7400016784668,60.27293014526367
2019-01-23,236.248291015625,97.95614624023438,121.27999877929688,35.09735870361328,60.280517578125
2019-01-24,236.3738250732422,98.59930419921875,121.08999633789062,35.43769836425781,60.48603439331055
2019-01-25,238.37388610839844,98.12715148925781,122.86000061035156,35.905662536621094,61.23954391479492
2019-01-28,236.56227111816406,98.02943420410156,123.29000091552734,35.53129196166992,61.840816497802734
2019-01-29,236.248291015625,98.5260238647461,123.9800033569336,35.59084701538086,62.32795333862305
2019-01-30,239.9883270263672,98.45274353027344,124.69000244140625,36.365116119384766,62.830291748046875
2019-01-31,242.09600830078125,99.29947662353516,124.75,36.671424865722656,63.484825134277344
2019-02-01,242.21261596679688,98.6997299194336,124.5,36.38214111328125,63.08145523071289
2019-02-04,243.91668701171875,98.25912475585938,123.95999908447266,36.44169616699219,63.553340911865234
2019-02-05,244.93922424316406,98.70787811279297,124.27999877929688,36.943695068359375,63.91866683959961
2019-02-06,244.61619567871094,98.75684356689453,123.44000244140625,36.44169616699219,63.50004959106445
2019-02-07,242.28439331054688,99.40961456298828,123.73999786376953,36.075836181640625,64.02522277832031
2019-02-08,242.58029174804688,99.83390808105469,124.20999908447266,35.87162399291992,64.02522277832031
2019-02-11,242.71487426757812,99.44224548339844,123.5999984741211,35.75251007080078,64.20027160644531
2019-02-12,245.8359832763672,99.18929290771484,123.86000061035156,36.05030059814453,63.7968864440918
2019-02-13,246.63427734375,98.8139419555664,123.37000274658203,35.79505157470703,64.12418365478516
2019-02-14,246.08718872070312,99.37699127197266,124.05999755859375,35.863121032714844,64.32969665527344
2019-02-15,248.76885986328125,99.53199005126953,124.80000305175781,35.81207275390625,64.76348876953125
2019-02-19,249.19935607910156,99.78496551513672,126.69999694824219,36.09284973144531,64.74827575683594
2019-02-20,249.7015380859375,99.4993667602539,126.4800033569336,36.297054290771484,64.34490203857422
2019-02-21,248.81369018554688,98.60997009277344,125.05000305175781,36.22047805786133,64.40577697753906
2019-02-22,250.35633850097656,99.19744110107422,125.5,36.6203727722168,64.78634643554688
2019-02-25,250.69720458984375,98.90370178222656,125.37000274658203,37.028785705566406,64.27640533447266
2019-02-26,250.51779174804688,99.393310546875,125.58000183105469,36.90114974975586,64.07853698730469
2019-02-27,250.4100799560547,98.26732635498047,124.69000244140625,36.586341857910156,63.758819580078125
2019-02-28,249.94357299804688,97.93272399902344,123.98999786376953,36.109867095947266,63.92626953125
2019-03-01,251.5043182373047,97.02754211425781,121.87999725341797,36.15241622924805,63.728389739990234
2019-03-04,250.58946228027344,97.7879867553711,121.55999755859375,36.20345687866211,64.0176010131836
2019-03-05,250.24864196777344,97.99243927001953,121.72000122070312,36.56081008911133,64.19268035888672
2019-03-06,248.7329559326172,98.3521728515625,121.61000061035156,36.356605529785156,63.89585876464844
2019-03-07,246.6522216796875,98.9899673461914,121.51000213623047,35.684444427490234,63.758819580078125
2019-03-08,246.1588897705078,99.40697479248047,122.83999633789062,35.4291877746582,63.82731628417969
2019-03-11,249.72850036621094,99.11265563964844,122.23999786376953,36.09284973144531,64.76348876953125
2019-03-12,250.67027282714844,99.80767822265625,122.9800033569336,36.280025482177734,65.06035614013672
2019-03-13,252.32940673828125,99.61963653564453,123.83999633789062,36.322566986083984,65.3800048828125
2019-03-14,252.16802978515625,98.90007019042969,122.41000366210938,36.12688446044922,65.47895812988281
2019-03-15,253.4138946533203,99.55420684814453,122.97000122070312,36.65439987182617,65.27346801757812
2019-03-18,254.33273315429688,99.49693298339844,123.04000091552734,37.06281661987305,64.94618225097656
2019-03-19,254.39576721191406,99.27616882324219,123.37999725341797,37.079830169677734,64.74827575683594
2019-03-20,253.63006591796875,100.31465148925781,124.18000030517578,37.13938903808594,64.94618225097656
2019-03-21,256.4947204589844,100.53546142578125,123.68000030517578,37.1904411315918,66.10308074951172
2019-03-22,251.55819702148438,102.09722900390625,123.97000122070312,36.101356506347656,65.62355041503906
2019-03-25,251.3690185546875,102.26072692871094,124.91999816894531,36.186439514160156,65.70729064941406
2019-03-26,253.2427520751953,102.18718719482422,124.30000305175781,36.297054290771484,66.23246002197266
2019-03-27,251.91847229003906,103.12752532958984,123.6500015258789,35.905662536621094,66.04218292236328
2019-03-28,252.8734130859375,103.48735046386719,121.9000015258789,36.14390182495117,66.68304443359375
2019-03-29,254.46783447265625,103.38920593261719,122.01000213623047,36.518272399902344,66.6217269897461
2019-04-01,257.4856872558594,101.92066955566406,121.52999877929688,37.122371673583984,66.5833740234375
2019-04-02,257.6117248535156,102.10913848876953,121.9800033569336,37.00325012207031,67.05097961425781
2019-04-03,258.01715087890625,101.22409057617188,121.80000305175781,37.25851058959961,66.97433471679688
2019-04-04,258.7017822265625,101.5108642578125,122.11000061035156,37.48823165893555,66.86701965332031
2019-04-05,259.95391845703125,101.64205932617188,121.9800033569336,37.77752685546875,67.33462524414062
2019-04-08,260.152099609375,101.28141784667969,122.51000213623047,37.77752685546875,66.958984375
2019-04-09,258.81890869140625,101.60102844238281,123.1500015258789,37.70094299316406,66.60637664794922
2019-04-10,259.70166015625,101.84689331054688,123.52999877929688,37.87962341308594,67.21963500976562
2019-04-11,259.629638671875,101.24868774414062,121.94999694824219,37.471221923828125,67.17362213134766
2019-04-12,261.38629150390625,100.52750396728516,121.83000183105469,37.74348831176758,67.4955825805664
2019-04-15,261.2150573730469,100.78153991699219,121.5999984741211,37.54779052734375,67.150634765625
2019-04-16,261.38629150390625,100.15052795410156,120.51000213623047,37.82857894897461,65.63285827636719
2019-04-17,260.74676513671875,100.19152069091797,120.27999877929688,37.93918228149414,65.034912109375
2019-04-18,261.2601318359375,100.71598815917969,120.37000274658203,37.91366195678711,65.53319549560547
2019-04-22,261.4853820800781,100.23248291015625,120.37000274658203,37.666908264160156,64.81261444091797
2019-04-23,263.8365478515625,100.44558715820312,120.12000274658203,37.75199890136719,65.67117309570312
2019-04-24,263.2510681152344,101.26506805419922,120.47000122070312,37.241493225097656,66.15411376953125
2019-04-25,263.0887756347656,101.11754608154297,120.56999969482422,37.1904411315918,66.01612091064453
2019-04-26,264.3139953613281,101.4617691040039,121.37000274658203,37.335079193115234,66.53736877441406
2019-04-29,264.7284240722656,100.81432342529297,120.83000183105469,37.41165542602539,65.88582611083984
2019-04-30,264.86346435546875,101.33064270019531,121.19999694824219,37.37762451171875,66.51437377929688
2019-05-01,262.8726501464844,101.74864959716797,120.4000015258789,37.09684371948242,66.56803894042969
2019-05-02,262.3050537109375,101.26409912109375,119.94000244140625,37.18193817138672,66.63703155517578
2019-05-03,264.8724670410156,101.55150604248047,120.6500015258789,37.62437438964844,67.20428466796875
2019-05-06,263.782470703125,101.83074188232422,120.80999755859375,36.8501091003418,66.98965454101562
2019-05-07,259.37738037109375,102.61087036132812,121.20999908447266,36.12688446044922,65.7784652709961
2019-05-08,259.01708984375,102.16747283935547,120.91000366210938,36.075836181640625,65.70950317382812
2019-05-09,258.23333740234375,102.58624267578125,121.19999694824219,35.505767822265625,65.87813568115234
2019-05-10,259.5304870605469,102.44666290283203,121.43000030517578,35.718475341796875,66.5833740234375
2019-05-13,253.00852966308594,103.25141143798828,122.66999816894531,34.52729034423828,66.51437377929688
2019-05-14,255.2965850830078,102.94760131835938,122.45999908447266,35.01227569580078,66.75968170166016
2019-05-15,256.7920227050781,103.57992553710938,122.38999938964844,35.080345153808594,67.2119369506836
2019-05-16,259.17022705078125,103.23499298095703,121.51000213623047,34.91017150878906,67.48027038574219
2019-05-17,257.49468994140625,103.46493530273438,120.6500015258789,34.280555725097656,67.34992218017578
2019-05-20,255.79200744628906,103.25141143798828,120.63999938964844,34.13591003417969,66.37641143798828
2019-05-21,258.0982360839844,103.08719635009766,120.36000061035156,34.5698356628418,66.94365692138672
2019-05-22,257.3055114746094,103.678466796875,120.23999786376953,34.3996696472168,67.14293670654297
2019-05-23,254.16163635253906,104.84457397460938,121.16999816894531,33.95722961425781,67.2962875366211
2019-05-24,254.73806762695312,104.93495178222656,121.30000305175781,33.99125671386719,67.50324249267578
2019-05-28,252.36888122558594,105.69046020507812,120.83000183105469,34.110382080078125,66.83634185791016
2019-05-29,250.67538452148438,106.01072692871094,120.87000274658203,34.33159637451172,65.94713592529297
2019-05-30,251.3599395751953,106.92230224609375,121.69000244140625,34.5187873840332,66.22309875488281
2019-05-31,247.97283935546875,108.26085662841797,123.33000183105469,34.637908935546875,66.60637664794922
2019-06-03,247.3421630859375,108.98502349853516,125.11000061035156,34.95271301269531,66.76734161376953
2019-06-04,252.7112274169922,107.74244689941406,125.1500015258789,35.02928924560547,66.46839141845703
2019-06-05,254.9002227783203,107.13347625732422,125.47000122070312,34.74850845336914,67.8558578491211
2019-06-06,256.55780029296875,107.47911834716797,125.87999725341797,34.765525817871094,67.98617553710938
2019-06-07,259.1251525878906,108.40895080566406,126.58999633789062,35.03779220581055,68.2391357421875
2019-06-10,260.3142395019531,107.38859558105469,125.33000183105469,35.403663635253906,68.01683044433594
2019-06-11,260.25128173828125,107.45442962646484,125.18000030517578,35.80356216430664,68.20082092285156
2019-06-12,259.7918701171875,107.53668212890625,125.83000183105469,35.420684814453125,68.43081665039062
2019-06-13,260.86370849609375,107.90702819824219,126.5999984741211,35.361122131347656,68.72208404541016
2019-06-14,260.5755310058594,108.17860412597656,126.55999755859375,34.9697380065918,68.76040649414062
2019-06-17,260.6745910644531,108.36780548095703,126.4800033569336,35.10776901245117,69.49629974365234
2019-06-18,263.40411376953125,108.91097259521484,127.12000274658203,35.95652770996094,69.42729949951172
2019-06-19,263.9986572265625,109.06724548339844,127.88999938964844,36.256587982177734,69.80291748046875
2019-06-20,266.5210876464844,109.35530090332031,131.11000061035156,36.78813171386719,70.1555404663086
2019-06-21,266.1335754394531,108.15386199951172,131.97999572753906,36.66810989379883,69.16667938232422
2019-06-24,265.8077392578125,108.9603042602539,133.94000244140625,36.616661071777344,68.9290542602539
2019-06-25,263.2007141113281,109.29768371582031,134.1999969482422,36.23944091796875,67.90951538085938
2019-06-26,262.938232421875,108.59823608398438,132.97000122070312,36.58237838745117,66.55271911621094
2019-06-27,263.87060546875,109.36355590820312,132.83999633789062,36.83957290649414,67.40945434570312
2019-06-28,265.2283630371094,109.28946685791016,133.1999969482422,36.78813171386719,67.64164733886719
2019-07-01,267.6362609863281,109.03390502929688,130.6199951171875,37.225379943847656,67.61068725585938
2019-07-02,268.333251953125,109.87492370605469,133.41000366210938,37.13106918334961,68.78706359863281
2019-07-03,270.4786376953125,110.658203125,133.6300048828125,37.06248092651367,69.6074447631836
2019-07-05,270.1708679199219,109.19052124023438,132.13999938964844,36.8052864074707,69.35978698730469
2019-07-08,268.686279296875,109.33898162841797,131.2899932861328,36.58237838745117,69.6074447631836
2019-07-09,269.0212097167969,109.29773712158203,131.75,36.470924377441406,69.839599609375
2019-07-10,270.306640625,108.69580078125,133.8300018310547,36.77956008911133,70.2420654296875
2019-07-11,270.9402160644531,107.24468994140625,132.6999969482422,36.71098327636719,69.32882690429688
2019-07-12,272.15325927734375,107.36835479736328,133.52999877929688,36.73670196533203,69.23594665527344
2019-07-15,272.24383544921875,107.98673248291016,133.52999877929688,36.873870849609375,69.1817626953125
2019-07-16,271.3657531738281,107.66519927978516,132.39999389648438,36.82242965698242,69.01921844482422
2019-07-17,269.51904296875,108.82772827148438,134.5800018310547,36.71098327636719,68.78706359863281
2019-07-18,270.5057373046875,108.83598327636719,136.47999572753906,36.933876037597656,68.78706359863281
2019-07-19,269.0031433105469,108.58036804199219,134.47000122070312,36.745277404785156,67.66486358642578
2019-07-22,269.66387939453125,108.78656768798828,134.4499969482422,36.753841400146484,67.60293579101562
2019-07-23,271.5920715332031,108.19287872314453,133.69000244140625,36.79670715332031,68.3691177368164
2019-07-24,272.868408203125,108.66284942626953,134.3699951171875,36.85672378540039,68.4233169555664
2019-07-25,271.5648193359375,108.14339447021484,133.4199981689453,36.53093338012695,68.02088928222656
2019-07-26,273.3843688964844,108.39901733398438,133.63999938964844,36.608089447021484,68.33043670654297
2019-07-29,272.886474609375,108.43192291259766,134.52999877929688,36.53950881958008,68.51619720458984
2019-07-30,272.2166442871094,108.69580078125,134.97999572753906,36.256587982177734,69.065673828125
2019-07-31,269.2384033203125,109.56979370117188,133.2100067138672,35.8107795715332,68.7947998046875
2019-08-01,266.8939208984375,111.74592590332031,136.41000366210938,35.10776901245117,68.7947998046875
2019-08-02,264.8843688964844,112.778564453125,135.88999938964844,34.764835357666016,69.12757110595703
2019-08-05,256.91851806640625,114.72831726074219,137.7899932861328,33.47883224487305,67.76546478271484
2019-08-06,260.521240234375,115.6454086303711,138.91000366210938,33.95893859863281,68.51619720458984
2019-08-07,260.67510986328125,115.68669128417969,141.02000427246094,34.113258361816406,69.1817626953125
2019-08-08,265.78961181640625,115.9345474243164,141.72999572753906,34.53335189819336,70.39683532714844
2019-08-09,263.979248046875,115.70318603515625,141.25999450683594,34.181846618652344,70.31169128417969
2019-08-12,260.76568603515625,118.1156234741211,142.6300048828125,33.770320892333984,70.12596893310547
2019-08-13,264.8208923339844,117.71077728271484,141.77999877929688,34.198997497558594,70.2265625
2019-08-14,256.99090576171875,120.36273956298828,142.75,33.21306228637695,69.15853881835938
2019-08-15,257.6697692871094,121.70112609863281,143.6999969482422,33.43596649169922,69.84735107421875
2019-08-16,261.4717102050781,120.72618865966797,142.77999877929688,33.89892578125,70.56708526611328
2019-08-19,264.621826171875,118.99961853027344,141.11000061035156,34.036102294921875,71.07788848876953
2019-08-20,262.5942077636719,120.23050689697266,142.2100067138672,34.10468673706055,70.57483673095703
2019-08-21,264.7304992675781,119.42916107177734,141.75999450683594,34.43046951293945,70.86894226074219
2019-08-22,264.6490478515625,118.63607788085938,141.39999389648438,33.984649658203125,71.19398498535156
2019-08-23,257.850830078125,120.58580017089844,144.1699981689453,33.47883224487305,70.19558715820312
2019-08-26,260.70233154296875,120.09831237792969,144.19000244140625,33.65886688232422,70.73737335205078
2019-08-27,259.67938232421875,121.94895935058594,145.57000732421875,33.7188835144043,70.5361557006836
2019-08-28,261.50787353515625,122.10588073730469,145.16000366210938,33.81318664550781,70.76830291748047
2019-08-29,264.8481750488281,121.64329528808594,144.1199951171875,34.19041442871094,71.31781768798828
2019-08-30,264.7304992675781,121.67630767822266,143.75,34.4561882019043,71.37199401855469
2019-09-03,263.1826171875,121.8335952758789,145.75,34.241859436035156,72.08401489257812
2019-09-04,266.16986083984375,122.01557922363281,146.66000366210938,34.8162727355957,72.68768310546875
2019-09-05,269.5915832519531,119.80587768554688,143.13999938964844,35.21064376831055,72.16139221191406
2019-09-06,269.79974365234375,120.6583251953125,141.9199981689453,35.36496353149414,72.32393646240234
2019-09-09,269.9355163574219,118.51478576660156,141.38999938964844,35.47642517089844,71.97564697265625
2019-09-10,269.8721923828125,116.43748474121094,140.17999267578125,35.50212860107422,71.23269653320312
2019-09-11,271.7912292480469,116.23057556152344,141.02999877929688,35.750762939453125,71.3100814819336
2019-09-12,272.732666015625,115.46916198730469,141.32000732421875,36.007965087890625,71.68929290771484
2019-09-13,272.5516052246094,113.00289916992188,140.14999389648438,36.21372604370117,70.92311096191406
2019-09-16,271.7096862792969,114.44297790527344,141.32000732421875,35.930809020996094,71.54224395751953
2019-09-17,272.3976135253906,115.06370544433594,141.60000610351562,35.930809020996094,72.31619262695312
2019-09-18,272.5606689453125,115.55191802978516,140.7100067138672,35.78506088256836,72.06853485107422
2019-09-19,272.54248046875,115.89952850341797,141.27999877929688,35.63931655883789,72.32393646240234
2019-09-20,271.2548828125,117.4306411743164,142.9499969482422,35.67360305786133,72.32393646240234
2019-09-23,271.191162109375,117.40583038330078,143.75,35.70789337158203,72.44002532958984
2019-09-24,269.0631408691406,118.8210678100586,144.50999450683594,35.33066177368164,72.2793197631836
2019-09-25,270.65460205078125,117.08304595947266,141.8300018310547,35.304954528808594,72.41973114013672
2019-09-26,270.0908203125,117.83612060546875,141.7899932861328,35.29637908935547,73.02825164794922
2019-09-27,268.6357727050781,118.12584686279297,141.05999755859375,34.84199523925781,72.62255859375
2019-09-30,269.8816223144531,118.41547393798828,138.8699951171875,35.0391731262207,72.74738311767578
2019-10-01,266.6714782714844,118.77201080322266,139.6300048828125,34.790550231933594,72.06089782714844
2019-10-02,261.9607849121094,119.06217956542969,141.25999450683594,34.524784088134766,71.75662994384766
2019-10-03,264.1070251464844,120.14823150634766,141.89999389648438,34.97058868408203,72.450927734375
2019-10-04,267.68096923828125,121.03539276123047,141.89999389648438,35.124908447265625,72.88782501220703
2019-10-07,266.52587890625,120.03215026855469,140.69000244140625,34.83341979980469,72.73179626464844
2019-10-08,262.38818359375,120.35552215576172,141.9199981689453,34.58479309082031,72.34952545166016
2019-10-09,264.8799133300781,119.67575073242188,142.0500030517578,34.85056686401367,72.48994445800781
2019-10-10,266.6714782714844,117.89319610595703,140.80999755859375,35.21064376831055,72.60696411132812
2019-10-11,269.4360046386719,116.43402099609375,140.02999877929688,35.776485443115234,72.57575988769531
2019-10-14,269.135986328125,117.27969360351562,140.58999633789062,35.62216567993164,72.60696411132812
2019-10-15,271.8004455566406,115.86201477050781,139.61000061035156,35.93938064575195,72.7005844116211
2019-10-16,271.36383056640625,116.0029067993164,140.41000366210938,36.04225540161133,72.70838165283203
2019-10-17,272.1641540527344,115.72102355957031,140.61000061035156,36.1794319152832,73.18428802490234
2019-10-18,270.9728698730469,115.72102355957031,140.4600067138672,35.990814208984375,73.74595642089844
2019-10-21,272.80987548828125,114.85051727294922,139.7899932861328,36.31660461425781,74.30767059326172
2019-10-22,271.9187316894531,115.52203369140625,140.1999969482422,36.34232711791992,74.08921813964844
2019-10-23,272.7098693847656,115.63814544677734,140.52999877929688,36.35089874267578,74.2530517578125
2019-10-24,273.15545654296875,115.4060287475586,141.52999877929688,36.35089874267578,74.06581115722656
2019-10-25,274.2740173339844,114.84221649169922,141.86000061035156,36.608089447021484,73.43390655517578
2019-10-28,275.82000732421875,113.79761505126953,140.63999938964844,36.82242965698242,72.98922729492188
2019-10-29,275.7380676269531,113.87220001220703,140.25,36.63380813598633,73.43390655517578
2019-10-30,276.5838928222656,115.53865051269531,141.02000427246094,36.79670715332031,73.69915008544922
2019-10-31,275.8472900390625,117.09725189208984,142.42999267578125,36.50521469116211,73.56653594970703
2019-11-01,278.4026794433594,116.73688507080078,142.55999755859375,37.05391311645508,73.55094146728516
2019-11-04,279.5212707519531,115.20037078857422,142.14999389648438,37.42255783081055,73.03602600097656
2019-11-05,279.2120056152344,113.90474700927734,139.85000610351562,37.636898040771484,71.79564666748047
2019-11-06,279.275634765625,114.59410858154297,140.4499969482422,37.516868591308594,71.9516372680664
2019-11-07,280.2579040527344,112.51785278320312,138.27000427246094,37.79121780395508,71.23392486572266
2019-11-08,280.9489440917969,112.04447174072266,137.38999938964844,37.44828414916992,71.06230926513672
2019-11-11,280.41241455078125,112.11917114257812,137.05999755859375,37.18251419067383,71.21833801269531
2019-11-12,281.0035400390625,112.63412475585938,137.42999267578125,36.94245529174805,70.6800308227539
2019-11-13,281.094482421875,113.36495971679688,137.97999572753906,36.6595344543457,71.3275375366211
2019-11-14,281.5036315917969,114.53592681884766,138.55999755859375,36.68525695800781,71.88145446777344
2019-11-15,283.5408020019531,114.41139221191406,138.2100067138672,36.976749420166016,72.27149963378906
2019-11-18,283.75,114.61907196044922,138.6199951171875,36.91674041748047,72.62255859375
2019-11-19,283.6680908203125,115.57412719726562,138.69000244140625,36.993896484375,72.74738311767578
2019-11-20,282.61322021484375,116.77008056640625,138.75999450683594,36.83100509643555,72.70838165283203
2019-11-21,282.158447265625,116.03922271728516,138.0,36.753841400146484,71.68639373779297
2019-11-22,282.7859802246094,116.18869018554688,137.74000549316406,36.753841400146484,71.42118835449219
2019-11-25,284.97760009765625,116.52921295166016,137.0800018310547,37.122501373291016,71.64739227294922
2019-11-26,285.6232604980469,117.210205078125,137.74000549316406,37.01103973388672,72.5991439819336
2019-11-27,286.8963623046875,116.86974334716797,137.00999450683594,37.05391311645508,72.94242095947266
2019-11-29,285.83245849609375,116.62055969238281,137.86000061035156,36.470924377441406,72.60696411132812
2019-12-02,283.40435791015625,115.06565856933594,137.7899932861328,36.462345123291016,71.50698852539062
2019-12-03,281.5036315917969,117.47830200195312,139.11000061035156,36.27374267578125,71.9672622680664
2019-12-04,283.2406921386719,116.3052749633789,138.9199981689453,36.54808044433594,72.26370239257812
2019-12-05,283.75,115.739501953125,139.0,36.71098327636719,72.30271911621094
2019-12-06,286.34173583984375,115.09888458251953,137.6199951171875,36.92530059814453,72.450927734375
2019-12-09,285.4414367675781,115.3484878540039,137.5800018310547,36.77956008911133,72.59134674072266
2019-12-10,285.1231384277344,115.35684967041016,137.97000122070312,36.90816879272461,72.17010498046875
2019-12-11,285.9324951171875,116.26366424560547,138.9199981689453,37.44828414916992,71.43677520751953
2019-12-12,288.3968811035156,114.35018920898438,138.42999267578125,38.099853515625,70.46939849853516
2019-12-13,288.5696716308594,115.67295837402344,139.0500030517578,38.08271026611328,70.48499298095703
2019-12-16,290.55218505859375,114.63304138183594,139.0399932861328,38.405818939208984,70.99208068847656
2019-12-17,290.6158752441406,114.4749755859375,139.00999450683594,38.756072998046875,70.3211898803711
2019-12-18,290.634033203125,113.534912109375,139.02000427246094,38.96623992919922,71.17826843261719
2019-12-19,291.8253479003906,113.71654510498047,139.3800048828125,38.98374557495117,71.80908966064453
2019-12-20,293.104736328125,113.86651611328125,139.52000427246094,39.06254959106445,72.2033462524414
2019-12-23,293.55255126953125,113.69988250732422,139.9499969482422,39.115089416503906,71.84062957763672
2019-12-24,293.5616760253906,114.02485656738281,141.27000427246094,39.02752685546875,72.02986907958984
2019-12-26,295.1243591308594,114.2998046875,142.3800048828125,39.3077392578125,72.34524536132812
2019-12-27,295.0513000488281,114.42487335205078,142.3300018310547,39.465354919433594,72.57393646240234
2019-12-30,293.4245910644531,114.0081558227539,142.6300048828125,39.202667236328125,72.64490509033203
2019-12-31,294.13739013671875,112.89159393310547,142.89999389648438,39.290225982666016,73.1653060913086
2020-01-02,296.88818359375,114.16646575927734,143.9499969482422,40.087059020996094,72.30583953857422
2020-01-03,294.64007568359375,115.92469787597656,145.86000061035156,39.342769622802734,72.75529479980469
2020-01-06,295.7641906738281,115.26647186279297,147.38999938964844,39.246437072753906,72.8420181274414
2020-01-07,294.9324951171875,114.69979858398438,147.97000122070312,39.22017288208008,72.02986907958984
2020-01-08,296.50433349609375,113.94153594970703,146.86000061035156,39.447837829589844,72.2506332397461
2020-01-09,298.514892578125,114.34150695800781,146.02999877929688,39.71052932739258,72.21121215820312
2020-01-10,297.65582275390625,115.35807037353516,146.91000366210938,39.920692443847656,72.7632064819336
2020-01-13,299.702880859375,115.00814819335938,145.82000732421875,40.542396545410156,73.638427734375
2020-01-14,299.24591064453125,115.59976959228516,145.69000244140625,40.31472396850586,73.3624496459961
2020-01-15,299.922119140625,116.3663330078125,146.5399932861328,39.9995002746582,74.02477264404297
2020-01-16,302.41717529296875,115.99974060058594,146.30999755859375,40.2534294128418,74.61616516113281
2020-01-17,303.3583679199219,115.00814819335938,146.5800018310547,40.481101989746094,74.68712615966797
2020-01-21,302.764404296875,116.2164077758789,146.74000549316406,39.45659637451172,75.39678955078125
2020-01-22,302.8008728027344,116.62461853027344,146.7899932861328,39.78058624267578,74.89214324951172
2020-01-23,303.1481628417969,117.44126892089844,147.1199951171875,39.36903381347656,75.52294921875
2020-01-24,300.4522399902344,118.39122009277344,147.97999572753906,39.053794860839844,75.26274108886719
2020-01-27,295.63623046875,120.23274230957031,148.99000549316406,37.7053108215332,74.9000244140625
2020-01-28,298.7342224121094,119.29107666015625,147.66000366210938,38.02053451538086,75.19966125488281
2020-01-29,298.4874572753906,120.45772552490234,148.4600067138672,38.20442199707031,74.92367553710938
2020-01-30,299.45611572265625,120.47439575195312,148.47000122070312,37.63524627685547,74.9788818359375
2020-01-31,294.0186462402344,121.5743408203125,149.3300018310547,36.87343978881836,74.064208984375
2020-02-03,296.2027282714844,121.47579956054688,148.36000061035156,37.28499984741211,74.30864715576172
2020-02-04,300.71728515625,119.83990478515625,146.42999267578125,38.24820327758789,75.07351684570312
2020-02-05,304.1899719238281,118.52949523925781,146.61000061035156,38.46711349487305,75.12081909179688
2020-02-06,305.2135009765625,119.06369018554688,147.39999389648438,38.50214385986328,75.37311553955078
2020-02-07,303.5868225097656,120.54934692382812,147.7899932861328,37.96800231933594,75.35735321044922
2020-02-10,305.853271484375,120.88323211669922,148.1699981689453,38.17815017700195,76.20105743408203
2020-02-11,306.3832092285156,120.27393341064453,147.66000366210938,38.67726516723633,76.77668762207031
2020-02-12,308.3572692871094,119.66461944580078,147.5399932861328,39.202667236328125,77.2340087890625
2020-02-13,308.0282287597656,120.12362670898438,148.3800048828125,38.68602752685547,77.6991958618164
2020-02-14,308.5217590332031,120.64949798583984,149.0,38.70354080200195,78.50347900390625
2020-02-18,307.7266845703125,121.47579956054688,150.91000366210938,38.44960403442383,78.41673278808594
2020-02-19,309.19793701171875,121.46739959716797,151.7899932861328,38.72980499267578,77.36014556884766
2020-02-20,307.92779541015625,122.41897583007812,152.41000366210938,38.12561798095703,78.28272247314453
2020-02-21,304.7565612792969,123.56242370605469,154.6999969482422,37.906707763671875,78.5113754272461
2020-02-24,294.64923095703125,125.40702056884766,156.08999633789062,36.4881591796875,77.4389877319336
2020-02-25,285.7207946777344,126.07473754882812,153.3000030517578,36.199188232421875,75.3415756225586
2020-02-26,284.66973876953125,125.40702056884766,153.97000122070312,36.4881591796875,74.52943420410156
2020-02-27,271.8847351074219,126.76754760742188,154.0,35.61250686645508,70.56324768066406
2020-02-28,270.7424621582031,129.63040161132812,148.3800048828125,35.48116683959961,68.8600845336914
2020-03-02,282.4673767089844,128.67665100097656,149.1999969482422,36.251731872558594,71.80119323730469
2020-03-03,274.3796691894531,130.67445373535156,153.88999938964844,36.00654983520508,71.63561248779297
2020-03-04,285.9126281738281,129.2867889404297,154.16000366210938,36.64577102661133,74.34017944335938
2020-03-05,276.40838623046875,132.50503540039062,157.49000549316406,35.87520980834961,72.74739837646484
2020-03-06,271.83905029296875,139.40115356445312,157.5500030517578,35.13966369628906,71.49369049072266
2020-03-09,250.60992431640625,143.1792449951172,157.80999755859375,32.740394592285156,65.98204040527344
2020-03-10,263.5776672363281,135.84019470214844,154.47999572753906,34.404117584228516,68.76971435546875
2020-03-11,250.72874450683594,130.84161376953125,153.92999267578125,32.80168533325195,64.63748931884766
2020-03-12,226.73971557617188,131.65243530273438,147.7899932861328,29.518016815185547,58.0894889831543
2020-03-13,246.12281799316406,128.67665100097656,143.27999877929688,31.64583969116211,63.15940475463867
2020-03-16,219.191162109375,137.0104522705078,141.63999938964844,27.696670532226562,51.962684631347656
2020-03-17,231.02577209472656,127.87413787841797,143.55999755859375,29.6055850982666,54.966487884521484
2020-03-18,219.32823181152344,120.66048431396484,140.6999969482422,27.048694610595703,49.737640380859375
2020-03-19,219.7943115234375,123.94554138183594,138.0399932861328,27.258852005004883,49.9124641418457
2020-03-20,210.32240295410156,133.2656707763672,140.11000061035156,27.46025276184082,47.4251823425293
2020-03-23,204.94485473632812,138.75746154785156,146.3000030517578,26.803518295288086,45.2239875793457
2020-03-24,223.5135040283203,136.174560546875,153.39999389648438,28.817502975463867,49.292625427246094
2020-03-25,226.85960388183594,135.8652801513672,151.3000030517578,29.833250045776367,51.94679641723633
2020-03-26,240.1059112548828,136.53402709960938,153.24000549316406,30.962833404541016,55.61016845703125
2020-03-27,232.95411682128906,140.17849731445312,152.25,29.202781677246094,55.665794372558594
2020-03-30,240.51953125,139.02500915527344,152.9199981689453,29.684396743774414,56.88161087036133
2020-03-31,236.93447875976562,137.89651489257812,148.0500030517578,29.88578987121582,55.506866455078125
2020-04-01,226.27127075195312,139.8284912109375,149.4499969482422,28.607345581054688,51.859371185302734
2020-04-02,231.49256896972656,140.7158660888672,151.89999389648438,29.570552825927734,52.034202575683594
2020-04-03,228.1465301513672,141.05067443847656,152.64999389648438,29.010143280029297,51.279266357421875
2020-04-06,243.47027587890625,140.6822967529297,156.8800048828125,30.595062255859375,55.07773208618164
2020-04-07,243.71847534179688,139.20901489257812,156.0399932861328,30.75267219543457,55.586326599121094
2020-04-08,251.89974975585938,138.19618225097656,154.64999389648438,31.06790542602539,59.3768424987793
2020-04-09,255.73304748535156,138.4473876953125,158.69000244140625,30.954078674316406,62.70647048950195
2020-04-13,253.3980712890625,137.1832733154297,161.41000366210938,30.997861862182617,60.06818389892578
2020-04-14,260.8715515136719,137.1498260498047,162.67999267578125,31.707136154174805,61.752872467041016
2020-04-15,255.3284454345703,140.78282165527344,161.85000610351562,30.892780303955078,59.30531692504883
2020-04-16,256.5603332519531,142.3816375732422,161.7100067138672,31.059154510498047,58.62985610961914
2020-04-17,263.4913330078125,140.4730682373047,158.57000732421875,31.750917434692383,60.481422424316406
2020-04-20,258.84918212890625,141.60311889648438,159.6999969482422,31.348115921020508,58.232521057128906
2020-04-21,250.98968505859375,143.38619995117188,158.61000061035156,30.481233596801758,57.175628662109375
2020-04-22,256.5603332519531,141.92123413085938,161.72999572753906,31.31308937072754,58.049766540527344
2020-04-23,256.5418395996094,142.67462158203125,163.33999633789062,31.199260711669922,57.56501770019531
2020-04-24,260.1177062988281,143.00949096679688,162.63999938964844,31.155473709106445,57.81136703491211
2020-04-27,263.86834716796875,140.34750366210938,161.55999755859375,31.785940170288086,59.790069580078125
2020-04-28,262.65484619140625,141.963134765625,160.83999633789062,31.847240447998047,60.28275680541992
2020-04-29,269.53076171875,141.2264862060547,161.72999572753906,32.775413513183594,61.188663482666016
2020-04-30,267.02130126953125,139.57736206054688,158.8000030517578,32.08366012573242,60.481422424316406
2020-05-01,259.9522705078125,140.77264404296875,159.77999877929688,30.92780876159668,58.43914031982422
2020-05-04,260.6692810058594,140.11044311523438,160.33999633789062,31.26055145263672,58.153076171875
2020-05-05,263.07769775390625,139.21359252929688,161.02000427246094,31.43568229675293,58.43914031982422
2020-05-06,261.29443359375,136.9672393798828,158.9499969482422,31.3393611907959,57.39020538330078
2020-05-07,264.4474182128906,139.25555419921875,161.38999938964844,31.59329605102539,58.20869827270508
2020-05-08,268.8229675292969,137.44512939453125,160.4199981689453,32.258785247802734,59.59139633178711
2020-05-11,268.8780822753906,136.3721923828125,159.4199981689453,32.04863357543945,58.72522735595703
2020-05-12,263.5189514160156,137.77194213867188,160.0399932861328,31.926044464111328,56.05516052246094
2020-05-13,258.8583984375,138.73583984375,161.5800018310547,31.864749908447266,54.6963005065918
2020-05-14,261.9562072753906,140.09368896484375,163.00999450683594,31.98733901977539,54.88701629638672
2020-05-15,263.1603698730469,139.73329162597656,163.92999267578125,31.549510955810547,54.67246627807617
2020-05-18,271.1761779785156,136.66554260253906,162.69000244140625,32.784175872802734,57.90671920776367
2020-05-19,268.3910217285156,137.17681884765625,164.25999450683594,32.521488189697266,57.127960205078125
2020-05-20,272.9503479003906,137.58753967285156,164.64999389648438,32.950557708740234,57.63654327392578
2020-05-21,271.06585693359375,137.9311981201172,162.25,32.57401657104492,57.68421173095703
2020-05-22,271.5806579589844,138.76095581054688,163.2100067138672,31.8997745513916,58.462974548339844
2020-05-26,274.9267578125,136.90023803710938,160.88999938964844,32.60029602050781,60.648284912109375
2020-05-27,279.017333984375,136.64878845214844,161.17999267578125,32.70537185668945,61.85615539550781
2020-05-28,278.5025329589844,136.14585876464844,161.72000122070312,32.47769546508789,62.15019226074219
2020-05-29,279.74346923828125,137.1181640625,162.91000366210938,33.03811264038086,61.53035354614258
2020-06-01,280.87420654296875,136.195068359375,163.66000366210938,33.799930572509766,62.95280075073242
2020-06-02,283.1998596191406,135.6998291015625,162.60000610351562,34.60551834106445,63.46138381958008
2020-06-03,286.96875,133.8953399658203,159.60000610351562,35.41110610961914,65.49571228027344
2020-06-04,286.2149658203125,131.95668029785156,161.27999877929688,34.91199493408203,64.84407806396484
2020-06-05,293.5505676269531,131.01678466796875,158.00999450683594,35.831417083740234,67.29957580566406
2020-06-08,297.0988464355469,131.5203094482422,159.72000122070312,36.05033493041992,68.96836853027344
2020-06-09,294.88348388671875,133.01414489746094,161.25999450683594,35.80515670776367,67.82405090332031
2020-06-10,293.238037109375,134.98643493652344,163.57000732421875,36.06784439086914,66.09964752197266
2020-06-11,276.3331298828125,137.5377960205078,162.38999938964844,34.18521499633789,61.85615539550781
2020-06-12,279.6424560546875,136.21176147460938,162.6199951171875,34.91199493408203,64.07328033447266
2020-06-15,282.2530517578125,136.2872772216797,162.3300018310547,34.59492874145508,64.97917175292969
2020-06-16,287.685791015625,134.19757080078125,162.25,34.81511688232422,66.2585678100586
2020-06-17,286.4907531738281,134.75143432617188,162.55999755859375,35.14978790283203,65.29702758789062
2020-06-18,286.60107421875,136.17822265625,162.24000549316406,35.16741180419922,64.58182525634766
2020-06-19,284.96319580078125,136.2872772216797,164.02999877929688,35.158599853515625,63.6441535949707
2020-06-22,286.7911682128906,136.3041229248047,165.08999633789062,35.59016036987305,63.580589294433594
2020-06-23,288.111572265625,135.37249755859375,166.47999572753906,35.93364715576172,63.31834030151367
2020-06-24,280.7622985839844,136.8243865966797,165.89999389648438,35.45804214477539,61.51448059082031
2020-06-25,283.7721252441406,137.21888732910156,165.8000030517578,35.60776901245117,62.300140380859375
2020-06-26,277.03216552734375,138.68760681152344,166.5399932861328,35.17621994018555,61.10438537597656
2020-06-29,281.1039123535156,138.25111389160156,166.6300048828125,35.33474349975586,62.28408432006836
2020-06-30,284.7047424316406,137.57980346679688,167.3699951171875,35.22025680541992,63.02241516113281
2020-07-01,286.6988830566406,137.31253051757812,166.6199951171875,35.61656951904297,64.47499084472656
2020-07-02,288.27777099609375,137.45542907714844,166.97999572753906,36.42683792114258,64.2904052734375
2020-07-06,292.7279968261719,136.89244079589844,167.97999572753906,37.994537353515625,64.25831604003906
2020-07-07,289.7088623046875,138.8165740966797,169.0399932861328,37.360416412353516,62.98228073120117
2020-07-08,291.9247131347656,138.2620086669922,170.08999633789062,38.3292121887207,62.89402770996094
2020-07-09,290.2628479003906,140.4634246826172,169.6300048828125,38.3292121887207,62.50077819824219
2020-07-10,293.2265319824219,139.7576904296875,169.19000244140625,38.08261489868164,62.69337844848633
2020-07-13,290.68756103515625,140.2197723388672,169.39999389648438,37.82720184326172,61.9470329284668
2020-07-14,294.4546203613281,140.42153930664062,170.19000244140625,37.880043029785156,62.468658447265625
2020-07-15,297.1597595214844,139.76602172851562,170.33999633789062,37.994537353515625,63.078590393066406
2020-07-16,296.1811218261719,140.4298553466797,168.72999572753906,37.457298278808594,62.32420349121094
2020-07-17,297.0397644042969,140.13580322265625,170.1199951171875,37.66867446899414,63.1347770690918
2020-07-20,299.4403381347656,140.4802703857422,170.94000244140625,38.153072357177734,62.380401611328125
2020-07-21,300.0774230957031,140.56427001953125,173.0,38.50536346435547,62.53288650512695
2020-07-22,301.7854919433594,140.98440551757812,175.6300048828125,38.33802032470703,63.48786926269531
2020-07-23,298.1846618652344,142.63133239746094,177.17999267578125,38.029762268066406,63.223052978515625
2020-07-24,296.26422119140625,142.62294006347656,178.6999969482422,37.994537353515625,62.75759506225586
2020-07-27,298.4247131347656,142.09356689453125,182.22999572753906,38.58462905883789,63.351478576660156
2020-07-28,296.53192138671875,143.07669067382812,183.75,38.26756286621094,64.6114273071289
2020-07-29,300.178955078125,142.83290100097656,185.1300048828125,38.88406753540039,65.86336517333984
2020-07-30,299.1079406738281,143.77398681640625,183.75999450683594,38.390872955322266,65.43804168701172
2020-07-31,301.4715576171875,143.68165588378906,185.42999267578125,38.126651763916016,65.317626953125
2020-08-03,303.56744384765625,142.95819091796875,185.63999938964844,38.390872955322266,64.45092010498047
2020-08-04,304.7399597167969,144.3209228515625,189.58999633789062,38.90168380737305,65.4139404296875
2020-08-05,306.63275146484375,143.05911254882812,191.35000610351562,39.32442855834961,65.08491516113281
2020-08-06,308.68243408203125,143.85824584960938,193.88999938964844,39.44773864746094,65.18923950195312
2020-08-07,308.904052734375,142.89927673339844,190.80999755859375,38.63747024536133,66.12018585205078
2020-08-10,309.82733154296875,142.260009765625,190.14999389648438,38.734344482421875,66.22449493408203
2020-08-11,307.2698059082031,140.56927490234375,179.94000244140625,38.628658294677734,65.26951599121094
2020-08-12,311.5538635253906,139.29066467285156,179.10000610351562,39.148292541503906,65.92756652832031
2020-08-13,310.99066162109375,137.80177307128906,183.3300018310547,39.03379440307617,65.11700439453125
2020-08-14,310.99981689453125,137.26341247558594,182.5399932861328,38.963340759277344,65.12503051757812
2020-08-17,311.9878234863281,137.6083221435547,186.5,39.45654296875,65.65470886230469
2020-08-18,312.6618347167969,138.59246826171875,188.17999267578125,39.41250991821289,65.34172821044922
2020-08-19,311.3599853515625,137.7260284423828,182.24000549316406,38.92810821533203,64.19409942626953
2020-08-20,312.32940673828125,138.97097778320312,183.5,38.804805755615234,64.80401611328125
2020-08-21,313.4374084472656,139.80377197265625,182.02999877929688,38.99856948852539,64.90836334228516
2020-08-24,316.6134338378906,139.5765838623047,181.0,39.43013000488281,65.32566833496094
2020-08-25,317.72137451171875,138.50839233398438,181.22000122070312,39.82645797729492,65.49420928955078
2020-08-26,320.9067687988281,137.9784698486328,183.36000061035156,39.932132720947266,64.8923110961914
2020-08-27,321.6084899902344,135.63150024414062,181.24000549316406,39.59746170043945,65.8473129272461
2020-08-28,323.68585205078125,135.53060913085938,184.38999938964844,40.117088317871094,66.28067779541016
2020-08-31,322.51324462890625,136.43069458007812,184.8300018310547,39.22755432128906,65.60655975341797
2020-09-01,325.55084228515625,137.9910888671875,185.0500030517578,39.896907806396484,65.65470886230469
2020-09-02,330.2597351074219,139.3048553466797,182.6199951171875,39.79121780395508,66.87454223632812
2020-09-03,318.8939208984375,139.70065307617188,181.13999938964844,39.03379440307617,66.072021484375
2020-09-04,316.290283203125,137.04783630371094,181.63999938964844,39.05141067504883,65.72694396972656
2020-09-08,307.6483154296875,137.8900909423828,181.2899932861328,38.37324905395508,64.92440795898438
2020-09-09,313.7235412597656,137.51953125,183.0500030517578,38.94572067260742,65.56643676757812
2020-09-10,308.27618408203125,138.21852111816406,182.4600067138672,38.320404052734375,64.76390075683594
2020-09-11,308.43316650390625,138.5132293701172,182.4499969482422,38.690311431884766,64.40277862548828
2020-09-14,312.4956359863281,138.5047607421875,183.88999938964844,39.31562805175781,65.97571563720703
2020-09-15,314.0743103027344,138.16798400878906,183.4499969482422,39.729576110839844,66.77022552490234
2020-09-16,312.8279724121094,137.75534057617188,183.97000122070312,39.67672348022461,67.12333679199219
2020-09-17,310.0766296386719,138.17636108398438,182.9600067138672,39.51819610595703,65.81521606445312
2020-09-18,306.5068359375,137.74691772460938,183.1999969482422,39.20994186401367,64.3305435180664
2020-09-21,303.0954895019531,138.44586181640625,179.52000427246094,38.848846435546875,62.39646530151367
2020-09-22,306.1822814941406,138.33636474609375,178.64999389648438,38.558204650878906,63.1428108215332
2020-09-23,299.0816650390625,138.52159118652344,174.7899932861328,37.959312438964844,61.24080276489258
2020-09-24,299.8789367675781,139.05215454101562,175.44000244140625,37.78316879272461,61.56985855102539
2020-09-25,304.7269592285156,139.05215454101562,174.94000244140625,37.81839370727539,62.839576721191406
2020-09-28,309.7882995605469,138.65640258789062,176.6999969482422,38.24113845825195,64.12548828125
2020-09-29,308.1011962890625,138.81637573242188,178.19000244140625,38.2147216796875,63.66449737548828
2020-09-30,310.43719482421875,137.48582458496094,177.1199951171875,38.83122634887695,63.85859680175781
2020-10-01,312.4302978515625,137.71263122558594,178.6999969482422,39.19232940673828,65.13641357421875
2020-10-02,309.4638366699219,137.19834899902344,178.5399932861328,38.74315643310547,66.26057434082031
2020-10-05,314.95159912109375,134.5176239013672,179.41000366210938,39.262786865234375,66.64068603515625
2020-10-06,310.4742431640625,135.24261474609375,177.3000030517578,39.33324432373047,66.20396423339844
2020-10-07,315.87860107421875,134.25628662109375,177.22000122070312,39.764801025390625,66.30101013183594
2020-10-08,318.6781005859375,134.98123168945312,177.85000610351562,40.090667724609375,67.40898132324219
2020-10-09,321.5238952636719,134.95594787597656,181.0800018310547,40.36369323730469,67.14209747314453
2020-10-12,326.6964416503906,135.3859405517578,180.55999755859375,40.71598434448242,67.45751953125
2020-10-13,324.56439208984375,136.35531616210938,177.72000122070312,40.54864501953125,66.30101013183594
2020-10-14,322.52496337890625,136.66729736328125,178.27000427246094,40.27561950683594,65.49224853515625
2020-10-15,322.12640380859375,136.43124389648438,178.9199981689453,39.9849853515625,65.83193969726562
2020-10-16,321.9317932128906,136.0518341064453,178.3000030517578,40.125892639160156,65.36287689208984
2020-10-19,317.0372314453125,135.53758239746094,178.38999938964844,40.01140594482422,64.34384155273438
2020-10-20,318.3073425292969,134.2479248046875,179.25,40.45176315307617,64.8048324584961
2020-10-21,317.7047119140625,133.78421020507812,180.60000610351562,40.56625747680664,64.61073303222656
2020-10-22,319.44744873046875,132.3932647705078,178.8300018310547,40.55744552612305,64.60264587402344
2020-10-23,320.53204345703125,133.20254516601562,178.63999938964844,40.79524612426758,64.99085235595703
2020-10-26,314.6086120605469,134.44174194335938,178.5500030517578,40.26681137084961,64.060791015625
2020-10-27,313.5239562988281,135.34378051757812,179.02000427246094,40.44295883178711,63.033687591552734
2020-10-28,302.8080749511719,135.47023010253906,176.1300048828125,39.43013000488281,61.5294075012207
2020-10-29,305.8857421875,134.1551513671875,175.39999389648438,39.82645797729492,62.35432052612305
2020-10-30,302.6968078613281,132.8316650390625,176.1999969482422,39.37727737426758,61.94187927246094
2020-11-02,306.089599609375,133.82662963867188,177.91000366210938,39.879295349121094,63.421878814697266
2020-11-03,311.4939270019531,133.05020141601562,178.9199981689453,40.05543899536133,64.6430892944336
2020-11-04,318.4555969238281,135.9363555908203,178.82000732421875,41.31486892700195,64.75630950927734
2020-11-05,324.666259765625,136.17263793945312,182.92999267578125,42.01945495605469,65.06361389160156
2020-11-06,324.5921936035156,134.52700805664062,183.19000244140625,42.21322250366211,64.61882019042969
2020-11-09,328.6708984375,131.6998748779297,175.0800018310547,42.50386047363281,66.90756225585938
2020-11-10,328.1888732910156,130.94046020507812,175.66000366210938,42.01945495605469,67.88617706298828
2020-11-11,330.6268005371094,131.4130401611328,174.89999389648438,42.292476654052734,68.14496612548828
2020-11-12,327.4195556640625,133.6492919921875,175.9600067138672,41.97542190551758,67.25534057617188
2020-11-13,331.9525146484375,133.4721221923828,177.16000366210938,42.565513610839844,69.0507583618164
2020-11-16,336.0960388183594,133.15147399902344,177.14999389648438,43.093936920166016,69.82714080810547
2020-11-17,334.2884216308594,134.02072143554688,176.5,43.04990768432617,69.89183807373047
2020-11-18,330.2653503417969,134.40882873535156,175.49000549316406,42.900184631347656,68.53314208984375
2020-11-19,331.6558837890625,135.10086059570312,175.16000366210938,42.97064208984375,68.80003356933594
2020-11-20,329.3847351074219,136.2991485595703,175.69000244140625,43.20844650268555,68.42801666259766
2020-11-23,331.35919189453125,135.6747589111328,172.22999572753906,43.32293701171875,68.55741119384766
2020-11-24,336.69854736328125,134.32447814941406,169.58999633789062,43.90420913696289,68.92135620117188
2020-11-25,336.17950439453125,133.91094970703125,169.50999450683594,43.65761184692383,68.96178436279297
2020-11-27,337.1157531738281,135.21058654785156,167.7899932861328,44.071556091308594,68.65445709228516
2020-11-30,335.62335205078125,135.041748046875,166.6699981689453,42.91779708862305,67.93468475341797
2020-12-01,339.2940979003906,133.0507354736328,170.17999267578125,43.76329803466797,68.8081283569336
2020-12-02,340.0079040527344,131.9947052001953,171.4600067138672,43.824947357177734,68.26628112792969
2020-12-03,339.9152526855469,133.05914306640625,172.80999755859375,44.32696533203125,68.8404769897461
2020-12-04,342.8445129394531,131.10772705078125,172.32000732421875,44.784934997558594,69.89183807373047
2020-12-07,342.1399841308594,132.29046630859375,174.88999938964844,44.784934997558594,69.28528594970703
2020-12-08,343.1410827636719,132.9156036376953,175.5,44.802555084228516,69.04267120361328
2020-12-09,340.0635986328125,132.4762420654297,172.5,44.41503143310547,68.61400604248047
2020-12-10,339.95233154296875,133.6504669189453,172.1699981689453,44.987510681152344,68.31478881835938
2020-12-11,339.5537109375,134.1236114501953,172.49000549316406,44.67044448852539,68.25008392333984
2020-12-14,338.0334167480469,133.75186157226562,171.5399932861328,44.438194274902344,67.95086669921875
2020-12-15,342.6034240722656,133.30410766601562,173.94000244140625,44.9187126159668,69.34190368652344
2020-12-16,343.1410827636719,132.9493865966797,174.89999389648438,45.132266998291016,69.42276763916016
2020-12-17,345.05999755859375,132.59756469726562,176.74000549316406,45.42591094970703,70.09403228759766
2020-12-18,343.6821594238281,132.20008850097656,176.44000244140625,45.372520446777344,68.68682098388672
2020-12-21,342.4533386230469,132.7244110107422,175.8800048828125,44.70514678955078,68.2986068725586
2020-12-22,341.8762512207031,133.4093780517578,174.49000549316406,44.349212646484375,68.77577209472656
2020-12-23,342.1833801269531,132.48757934570312,175.64999389648438,44.80302810668945,68.33097839355469
2020-12-24,343.5146179199219,133.01190185546875,176.35000610351562,44.607269287109375,68.92919921875
2020-12-28,346.4656982421875,133.071044921875,175.7100067138672,44.73183822631836,69.34008026123047
2020-12-29,345.8046875,132.90196228027344,176.35000610351562,45.39921188354492,68.7484130859375
2020-12-30,346.2980651855469,133.18951416015625,177.6999969482422,46.004295349121094,69.12641143798828
2020-12-31,348.05755615234375,133.38397216796875,178.36000061035156,45.97760772705078,69.79203796386719
2021-01-04,343.31915283203125,133.2233428955078,182.3300018310547,46.2712516784668,67.52399444580078
2021-01-05,345.6837158203125,132.2339630126953,182.8699951171875,47.38353729248047,67.62259674072266
2021-01-06,347.7503967285156,129.51937866210938,179.89999389648438,46.98311233520508,67.73766326904297
2021-01-07,352.9170837402344,128.37777709960938,179.47999572753906,47.42802810668945,67.60617065429688
2021-01-08,354.9278259277344,127.96337890625,173.33999633789062,48.68268966674805,68.26358032226562
2021-01-11,352.5353088378906,127.751953125,173.0,48.024227142333984,67.35964965820312
2021-01-12,352.60986328125,127.6504898071289,174.1199951171875,48.495826721191406,67.51577758789062
2021-01-13,353.5594482421875,129.08811950683594,173.3699951171875,48.60261154174805,68.33756256103516
2021-01-14,352.32122802734375,127.87885284423828,173.27999877929688,49.056427001953125,68.7402114868164
2021-01-15,349.75189208984375,128.38616943359375,171.1300048828125,48.36235427856445,69.52909851074219
2021-01-19,352.49810791015625,128.80064392089844,172.5800018310547,49.16320037841797,69.33187866210938
2021-01-20,357.3761901855469,128.92745971679688,175.38999938964844,50.02634811401367,70.65491485595703
2021-01-21,357.7020263671875,128.0225830078125,175.27999877929688,50.11532211303711,70.31798553466797
2021-01-22,356.4360046386719,128.43695068359375,173.89999389648438,49.6793098449707,70.48233032226562
2021-01-25,357.8416442871094,129.95066833496094,174.0500030517578,50.05303955078125,71.01647186279297
2021-01-26,357.28314208984375,129.70541381835938,173.6199951171875,49.68820571899414,71.51776123046875
2021-01-27,348.551025390625,130.03526306152344,172.52000427246094,48.30896759033203,70.25224304199219
2021-01-28,351.5485534667969,129.3164520263672,172.67999267578125,48.6471061706543,70.6302719116211
2021-01-29,344.5107116699219,128.5384063720703,172.61000061035156,47.43693161010742,69.81669616699219
2021-02-01,350.2452697753906,128.68743896484375,174.22999572753906,48.718284606933594,71.41090393066406
2021-02-02,355.1978759765625,127.85775756835938,172.11000061035156,49.35006332397461,71.83821868896484
2021-02-03,355.4770812988281,126.72320556640625,171.85000610351562,49.59922409057617,71.6574478149414
2021-02-04,359.5173645019531,126.38455200195312,168.14999389648438,49.61701583862305,72.15049743652344
2021-02-05,360.932373046875,125.3262710571289,169.80999755859375,50.04414749145508,72.4052505493164
2021-02-08,363.5389404296875,125.8767318725586,171.52000427246094,50.13312530517578,72.79969024658203
2021-02-09,363.2969665527344,125.96976470947266,172.0800018310547,50.66702651977539,73.054443359375
2021-02-10,363.13873291015625,126.80790710449219,172.7100067138672,50.84498596191406,73.44888305664062
2021-02-11,363.7252197265625,126.11367797851562,171.2100067138672,51.387786865234375,73.60502624511719
2021-02-12,365.52197265625,124.54741668701172,170.69000244140625,51.43227767944336,73.62144470214844
2021-02-16,365.20538330078125,122.65098571777344,168.24000549316406,51.55685043334961,73.054443359375
2021-02-17,365.2891540527344,123.42985534667969,166.3300018310547,51.574649810791016,72.96405029296875
2021-02-18,363.734619140625,122.93034362792969,166.32000732421875,50.86278533935547,72.65177154541016
2021-02-19,363.09222412109375,121.2963638305664,167.00999450683594,51.19202423095703,73.07086181640625
2021-02-22,360.29937744140625,120.37354278564453,169.50999450683594,49.68820571899414,73.67899322509766
2021-02-23,360.7368469238281,120.02642822265625,169.1199951171875,49.91065979003906,74.13917541503906
2021-02-24,364.7120056152344,119.23906707763672,169.0,49.5903205871582,74.70618438720703
2021-02-25,355.92401123046875,117.29180145263672,165.82000732421875,48.46023941040039,73.27631378173828
2021-02-26,354.0899963378906,121.16940307617188,161.80999755859375,47.8106575012207,72.20802307128906
2021-03-01,362.6732482910156,119.56904602050781,161.52999877929688,49.09201431274414,72.52851867675781
2021-03-02,359.84326171875,119.57756042480469,162.41000366210938,48.611515045166016,71.83001708984375
2021-03-03,355.07684326171875,118.28060150146484,160.6199951171875,48.51362609863281,71.41913604736328
2021-03-04,350.6828308105469,117.5177230834961,159.0399932861328,47.38353729248047,70.60559844970703
2021-03-05,357.1341247558594,117.74661254882812,159.13999938964844,47.8996467590332,71.3780288696289
2021-03-08,355.3561096191406,116.83113098144531,157.49000549316406,46.60938262939453,71.99436950683594
2021-03-09,360.4296569824219,118.45012664794922,160.83999633789062,47.6326904296875,72.47098541259766
2021-03-10,362.6732482910156,118.68749237060547,161.66000366210938,47.41913986206055,73.19413757324219
2021-03-11,366.3504638671875,117.83138275146484,161.52000427246094,48.91405487060547,74.04876708984375
2021-03-12,366.8439025878906,115.3307876586914,161.49000549316406,48.04201889038086,75.28963470458984
2021-03-15,369.03155517578125,116.0089111328125,162.1999969482422,48.157691955566406,76.40721893310547
2021-03-16,368.5660400390625,115.54270935058594,162.35000610351562,48.36235427856445,76.0949478149414
2021-03-17,369.82281494140625,114.67811584472656,163.50999450683594,48.42464828491211,76.16067504882812
2021-03-18,364.4420166015625,113.51683807373047,162.55999755859375,47.53480911254883,75.38823699951172
2021-03-19,363.7677307128906,114.22039031982422,163.24000549316406,48.122100830078125,74.36103057861328
2021-03-22,366.6723937988281,115.50028991699219,163.0,47.9797248840332,74.88697052001953
2021-03-23,363.7864074707031,116.54292297363281,161.80999755859375,47.06320571899414,74.78013610839844
2021-03-24,361.9369812011719,117.17017364501953,162.3699951171875,45.986507415771484,74.36103057861328
2021-03-25,363.9732360839844,116.24622344970703,161.77999877929688,46.2000617980957,75.1181640625
2021-03-26,369.8385925292969,115.83935546875,162.24000549316406,47.401344299316406,76.73822784423828
2021-03-29,369.6517333984375,114.85611724853516,160.30999755859375,47.07209777832031,76.29190826416016
2021-03-30,368.67108154296875,115.45793151855469,157.57000732421875,47.22336959838867,76.39107513427734
2021-03-31,370.1654968261719,114.813720703125,159.9600067138672,47.46363067626953,75.92819213867188
2021-04-01,374.1628723144531,116.71927642822266,161.97999572753906,47.92633819580078,77.30856323242188
2021-04-05,379.53326416015625,116.21002197265625,161.9199981689453,48.113197326660156,77.60614013671875
2021-04-06,379.3091125488281,116.99942016601562,163.22000122070312,48.380149841308594,77.80451202392578
2021-04-07,379.74822998046875,116.18452453613281,162.75999450683594,47.66828536987305,77.86235809326172
2021-04-08,381.5507507324219,117.14372253417969,164.50999450683594,48.05980682373047,77.57307434082031
2021-04-09,384.3246154785156,116.71927642822266,163.27000427246094,47.650489807128906,77.48214721679688
2021-04-12,384.4647216796875,116.66835021972656,162.27999877929688,47.36574172973633,77.93675231933594
2021-04-13,385.604248046875,117.5426254272461,163.42999267578125,47.5615119934082,78.32522583007812
2021-04-14,384.2872619628906,117.16918182373047,162.72000122070312,47.80176544189453,77.91195678710938
2021-04-15,388.4154968261719,119.1298828125,165.35000610351562,48.23777770996094,79.27579498291016
2021-04-16,389.71368408203125,118.20470428466797,166.35000610351562,48.36235427856445,79.44937896728516
2021-04-19,387.79901123046875,117.86522674560547,165.88999938964844,48.18439483642578,79.60641479492188
2021-04-20,384.9598083496094,118.40841674804688,166.47999572753906,47.79286575317383,80.25940704345703
2021-04-21,388.602294921875,118.6461181640625,168.1300048828125,48.086509704589844,80.78841400146484
2021-04-22,385.0531311035156,119.16383361816406,167.0399932861328,47.91743850708008,80.35033416748047
2021-04-23,389.2280578613281,118.8837661743164,166.39999389648438,48.611515045166016,80.82147979736328
2021-04-26,390.0405578613281,118.71398162841797,166.83999633789062,48.673797607421875,81.06117248535156
2021-04-27,389.9565734863281,117.67840576171875,166.4199981689453,48.6471061706543,81.05290985107422
2021-04-28,389.8444519042969,117.75486755371094,166.91000366210938,49.011940002441406,80.87931823730469
2021-04-29,392.32891845703125,117.40684509277344,166.22000122070312,48.896263122558594,81.5736312866211
2021-04-30,389.7510986328125,117.67840576171875,165.66000366210938,48.03311538696289,81.89599609375
2021-05-03,390.5916442871094,117.74899291992188,167.80999755859375,48.03311538696289,81.73895263671875
2021-05-04,388.18194580078125,118.54808807373047,166.5800018310547,47.49032211303711,81.20995330810547
2021-05-05,388.30340576171875,118.74357604980469,167.27000427246094,47.71277618408203,79.86266326904297
2021-05-06,391.4042663574219,118.93904876708984,170.05999755859375,48.16659927368164,80.30899810791016
2021-05-07,394.2529296875,118.35252380371094,171.58999633789062,48.664894104003906,81.36699676513672
2021-05-10,390.3487854003906,117.15399932861328,172.11000061035156,47.79286575317383,81.3421859741211
2021-05-11,386.8650817871094,116.49092102050781,172.13999938964844,47.659393310546875,80.31724548339844
2021-05-12,378.6460266113281,115.26686096191406,170.42999267578125,46.34244155883789,78.28390502929688
2021-05-13,383.19451904296875,115.44537353515625,171.1300048828125,46.2801513671875,79.30058288574219
2021-05-14,389.07855224609375,116.52493286132812,172.69000244140625,47.11659622192383,80.24287414550781
2021-05-17,388.0886535644531,116.2784194946289,174.6999969482422,47.07209777832031,80.32552337646484
2021-05-18,384.74493408203125,115.98091125488281,175.0399932861328,47.70388412475586,80.34205627441406
2021-05-19,383.7362060546875,115.70039367675781,175.16000366210938,47.5615119934082,80.08580780029297
2021-05-20,387.8643798828125,116.65245056152344,175.9600067138672,47.83735275268555,80.9867935180664
2021-05-21,387.5469055175781,117.02645111083984,176.0399932861328,47.2856559753418,80.90413665771484
2021-05-24,391.4977111816406,117.45999908447266,176.35000610351562,47.677181243896484,81.91252899169922
2021-05-25,390.6290283203125,118.54808807373047,177.9499969482422,48.148799896240234,81.88773345947266
2021-05-26,391.4042663574219,118.34403228759766,177.63999938964844,48.50472640991211,82.25141143798828
2021-05-27,391.6097412109375,117.86799621582031,177.7100067138672,48.51362609863281,82.06132507324219
2021-05-28,392.31024169921875,117.6810073852539,178.3800048828125,48.82506561279297,82.5572509765625
2021-06-01,391.9646301269531,117.6546401977539,177.89999389648438,49.8305778503418,84.04507446289062
2021-06-02,392.58111572265625,117.92701721191406,178.77000427246094,49.91065979003906,85.02867126464844
2021-06-03,391.12408447265625,117.48432922363281,175.27000427246094,49.376766204833984,84.7145767211914
2021-06-04,394.70123291015625,119.09327697753906,177.16000366210938,49.821685791015625,84.75590515136719
2021-06-07,394.3182678222656,118.7271957397461,177.8699951171875,49.57252502441406,85.75606536865234
2021-06-08,394.4023132324219,119.56147003173828,177.32000732421875,49.332275390625,86.46691131591797
2021-06-09,393.8138427734375,120.61702728271484,176.97999572753906,49.18989944458008,86.58262634277344
2021-06-10,395.64447021484375,121.34056854248047,177.74000549316406,49.58403015136719,87.20255279541016
2021-06-11,396.29833984375,121.14481353759766,175.74000549316406,49.41422653198242,86.85538482666016
2021-06-14,397.1855773925781,120.2169418334961,174.7100067138672,49.54828643798828,87.19426727294922
2021-06-15,396.4570617675781,120.07222747802734,174.0500030517578,49.20867156982422,86.26026916503906
2021-06-16,394.2435302734375,119.97005462646484,171.11000061035156,48.53837585449219,85.69818878173828
2021-06-17,394.11279296875,121.76626586914062,165.85000610351562,48.806488037109375,85.59073638916016
2021-06-18,388.7960510253906,124.05622100830078,164.92999267578125,48.46686553955078,84.135986328125
2021-06-21,394.362060546875,121.97909545898438,166.9499969482422,48.672428131103516,85.87176513671875
2021-06-22,396.4703674316406,122.27702331542969,166.25,48.448997497558594,85.42543029785156
2021-06-23,395.99249267578125,121.96208190917969,166.13999938964844,48.74393081665039,85.27664184570312
2021-06-24,398.3351135253906,122.1578369140625,166.0399932861328,49.1907958984375,85.0926742553711
2021-06-25,399.7500305175781,120.88947296142578,166.58999633789062,49.601905822753906,85.66706085205078
2021-06-28,400.5559387207031,122.1323471069336,166.5800018310547,49.64659118652344,85.4173355102539
2021-06-29,400.7713623046875,122.33663940429688,164.8300018310547,49.61084747314453,85.18425750732422
2021-06-30,401.1087341308594,122.88143920898438,165.6300048828125,49.289100646972656,84.73472595214844
2021-07-01,403.3294982910156,122.88825225830078,166.1999969482422,49.01205062866211,85.10101318359375
2021-07-02,406.412353515625,123.62979125976562,167.2899932861328,48.95842742919922,85.35906982421875
2021-07-06,405.6720886230469,125.07890319824219,168.1199951171875,48.10044479370117,85.98340606689453
2021-07-07,407.1058349609375,126.18698120117188,168.75999450683594,48.046817779541016,86.28309631347656
2021-07-08,403.78863525390625,126.6813735961914,168.64999389648438,47.045841217041016,86.0416488647461
2021-07-09,408.09906005859375,124.89991760253906,169.2100067138672,47.85913848876953,87.45682525634766
2021-07-12,409.560791015625,124.73795318603516,169.0,47.9038200378418,88.2060317993164
2021-07-13,408.16461181640625,123.78324127197266,169.22000122070312,47.94851303100586,86.97401428222656
2021-07-14,408.7737731933594,125.18972778320312,171.0399932861328,48.15407180786133,87.5816879272461
2021-07-15,407.3774719238281,126.57057189941406,171.07000732421875,48.27024459838867,87.72321319580078
2021-07-16,404.1822204589844,126.33187103271484,169.41000366210938,47.89488983154297,87.66493225097656
2021-07-19,398.2132873535156,129.1021728515625,169.61000061035156,47.09053039550781,86.0666275024414
2021-07-20,403.9198303222656,127.857666015625,169.38999938964844,47.24247360229492,88.09781646728516
2021-07-21,407.1900939941406,126.2381362915039,168.75999450683594,47.54633331298828,88.08948516845703
2021-07-22,408.0428161621094,127.43143463134766,169.08999633789062,47.635704040527344,87.3902359008789
2021-07-23,412.2406311035156,126.57908630371094,168.55999755859375,46.929656982421875,88.11446380615234
2021-07-26,413.2527160644531,126.20401763916016,168.16000366210938,46.035926818847656,88.15608978271484
2021-07-27,411.36932373046875,127.5508041381836,168.44000244140625,45.10646057128906,88.6555404663086
2021-07-28,411.2005920410156,127.55928039550781,169.2899932861328,46.33086395263672,88.34754943847656
2021-07-29,412.9060363769531,126.8518295288086,171.1699981689453,46.563232421875,88.36418151855469
2021-07-30,410.9007873535156,127.44849395751953,169.82000732421875,46.11637496948242,88.48076629638672
2021-08-02,410.0387878417969,128.5852508544922,169.61000061035156,46.447044372558594,88.28926849365234
2021-08-03,413.37457275390625,128.65354919433594,169.49000549316406,46.643672943115234,88.3974838256836
2021-08-04,411.34124755859375,128.91810607910156,169.52999877929688,46.88497543334961,88.12278747558594
2021-08-05,413.9461364746094,128.26097106933594,168.86000061035156,46.813472747802734,89.15501403808594
2021-08-06,414.6302185058594,126.11884307861328,164.63999938964844,46.42023468017578,88.9968490600586
2021-08-09,414.29290771484375,125.66649627685547,161.72000122070312,46.572174072265625,88.52235412597656
2021-08-10,414.8081970214844,125.08625793457031,161.77000427246094,46.634727478027344,87.68158721923828
2021-08-11,415.8390808105469,125.00940704345703,164.0,46.759849548339844,88.19769287109375
2021-08-12,417.08514404296875,124.80467224121094,164.0399932861328,46.34873580932617,88.38914489746094
2021-08-13,417.8442077636719,126.77601623535156,166.38999938964844,46.23255157470703,88.87199401855469
2021-08-16,418.8280944824219,127.08324432373047,167.22000122070312,45.812496185302734,88.76375579833984
2021-08-17,416.0826416015625,127.03202819824219,166.97000122070312,44.97239685058594,88.67220306396484
2021-08-18,411.5285949707031,127.45878601074219,167.10000610351562,45.04389190673828,87.86471557617188
2021-08-19,412.165771484375,128.3975372314453,166.61000061035156,44.275291442871094,88.28926849365234
2021-08-20,415.44537353515625,128.48287963867188,166.6999969482422,44.23954391479492,88.73046112060547
2021-08-23,419.099853515625,128.3975372314453,168.72999572753906,44.90983200073242,88.56398010253906
2021-08-24,419.76513671875,127.39906311035156,168.64999389648438,45.92868423461914,88.17271423339844
2021-08-25,420.64605712890625,126.34076690673828,167.47999572753906,45.9823112487793,88.11446380615234
2021-08-26,418.1628112792969,126.6906509399414,167.6699981689453,45.54438400268555,88.14776611328125
2021-08-27,421.9015808105469,127.55268096923828,170.19000244140625,46.1074333190918,89.07179260253906
2021-08-30,423.7569580078125,127.88546752929688,169.35000610351562,46.20573425292969,89.9625015258789
2021-08-31,423.12921142578125,127.01494598388672,169.69000244140625,46.84029006958008,90.38705444335938
2021-09-01,423.35400390625,127.22773742675781,169.6999969482422,47.439083099365234,91.83548736572266
2021-09-02,424.6564636230469,127.78314208984375,169.25,47.22459030151367,92.31830596923828
2021-09-03,424.55340576171875,126.62102508544922,171.05999755859375,47.474830627441406,92.3349609375
2021-09-07,423.03546142578125,125.55294036865234,167.7100067138672,47.75189208984375,91.29440307617188
2021-09-08,422.52001953125,126.40743255615234,167.2899932861328,47.054779052734375,91.75225830078125
2021-09-09,420.7115783691406,127.93699645996094,168.02999877929688,46.96540832519531,89.8875732421875
2021-09-10,417.39447021484375,126.80904388427734,167.17999267578125,46.91178512573242,88.57231903076172
2021-09-13,418.4626770019531,127.57807922363281,167.74000549316406,47.03690719604492,89.17168426513672
2021-09-14,416.2044372558594,129.12477111816406,168.82000732421875,46.643672943115234,89.01351928710938
2021-09-15,419.6808166503906,128.67181396484375,167.8300018310547,46.634727478027344,89.2965316772461
2021-09-16,419.01556396484375,128.08218383789062,164.02999877929688,46.1074333190918,89.37145233154297
2021-09-17,414.9339599609375,127.467041015625,163.77000427246094,45.910804748535156,88.57231903076172
2021-09-20,408.0151672363281,129.0478515625,164.94000244140625,44.67747497558594,88.03120422363281
2021-09-21,407.6297607421875,128.93675231933594,166.0399932861328,45.00814437866211,88.07282257080078
2021-09-22,411.6061096191406,129.70587158203125,165.4199981689453,45.57119369506836,88.93025207519531
2021-09-23,416.607177734375,126.77482604980469,163.50999450683594,45.92868423461914,88.75543212890625
2021-09-24,417.2933654785156,125.5357894897461,163.3000030517578,45.38351058959961,87.80643463134766
2021-09-27,416.0995788574219,125.07437896728516,163.63999938964844,45.678436279296875,86.62541198730469
2021-09-28,407.7143859863281,123.12612915039062,162.0500030517578,45.08858108520508,86.0390625
2021-09-29,408.4006652832031,123.33973693847656,161.32000732421875,44.66853332519531,86.68402862548828
2021-09-30,403.4090576171875,123.3226547241211,164.22000122070312,45.02602005004883,85.25172424316406
2021-10-01,408.2032165527344,124.36045837402344,164.58999633789062,44.9813346862793,86.45789337158203
2021-10-04,402.9389953613281,124.04393005371094,165.36000061035156,44.31997299194336,86.4746322631836
2021-10-05,407.1315612792969,122.84608459472656,164.58999633789062,44.63277816772461,85.87994384765625
2021-10-06,408.8235778808594,123.53912353515625,165.02999877929688,44.38253402709961,86.70077514648438
2021-10-07,412.3581848144531,122.24723815917969,164.16000366210938,45.249454498291016,86.93531799316406
2021-10-08,411.6061096191406,121.39154052734375,164.22999572753906,45.41926193237305,86.11446380615234
2021-10-11,408.6261901855469,121.08355712890625,163.9199981689453,45.32988739013672,86.33223724365234
2021-10-12,407.620361328125,123.1541519165039,164.66000366210938,45.0975227355957,87.46302032470703
2021-10-13,409.0869140625,124.35193634033203,167.58999633789062,45.72312927246094,88.09959411621094
2021-10-14,415.96795654296875,124.81388092041016,168.0,45.86612319946289,89.17173767089844
2021-10-15,419.1358642578125,124.08667755126953,165.3300018310547,46.42023468017578,89.1047134399414
2021-10-18,420.3767395019531,124.66854095458984,164.9199981689453,46.304046630859375,89.33087921142578
2021-10-19,423.6199035644531,122.94877624511719,165.4499969482422,46.92072296142578,89.37274932861328
2021-10-20,425.2837219238281,122.11880493164062,166.89999389648438,46.91178512573242,90.7799301147461
2021-10-21,426.3929748535156,121.97335815429688,166.75,46.6079216003418,90.90558624267578
2021-10-22,425.9511413574219,123.31671905517578,167.77000427246094,46.509613037109375,91.33275604248047
2021-10-25,428.2355041503906,123.12837219238281,168.92999267578125,46.75091552734375,91.62592315673828
2021-10-26,428.6208801269531,124.1465835571289,167.67999267578125,46.509613037109375,91.87720489501953
2021-10-27,426.72198486328125,126.40530395507812,168.1199951171875,46.13424301147461,91.09822082519531
2021-10-28,430.8393859863281,125.97757720947266,168.0800018310547,46.178932189941406,92.37139892578125
2021-10-29,431.713623046875,126.36256408691406,166.64999389648438,45.508628845214844,91.33275604248047
2021-11-01,432.4562072753906,125.45275115966797,167.52000427246094,45.86612319946289,91.78507232666016
2021-11-02,434.2047119140625,126.00965118408203,167.16000366210938,45.455013275146484,92.22061920166016
2021-11-03,436.8556213378906,124.70741271972656,165.77000427246094,45.669498443603516,92.53054809570312
2021-11-04,438.9143981933594,126.01815795898438,167.64999389648438,45.562259674072266,91.65104675292969
2021-11-05,440.4372253417969,127.90286254882812,169.83999633789062,45.508628845214844,92.12013244628906
2021-11-08,440.813232421875,127.66297149658203,170.4499969482422,45.92868423461914,92.04471588134766
2021-11-09,439.3561096191406,129.324951171875,171.2899932861328,45.74993896484375,92.20386505126953
2021-11-10,435.8216247558594,126.9605484008789,173.14999389648438,45.562259674072266,91.77671813964844
2021-11-11,435.9626159667969,126.77204132080078,174.1199951171875,46.34873580932617,91.92745971679688
2021-11-12,439.2527770996094,126.2151870727539,174.4499969482422,46.47385787963867,91.8604736328125
2021-11-15,439.4031677246094,124.63027954101562,174.17999267578125,46.32192611694336,92.50540161132812
2021-11-16,441.1422424316406,124.31336212158203,172.9199981689453,46.384490966796875,91.89395904541016
2021-11-17,440.07061767578125,125.29853057861328,174.5,46.14318084716797,92.17874908447266
2021-11-18,441.5652770996094,125.76970672607422,173.94000244140625,45.58012771606445,92.19548034667969
2021-11-19,440.77557373046875,127.09758758544922,172.61000061035156,45.508628845214844,91.65104675292969
2021-11-22,439.53472900390625,125.6069564819336,168.74000549316406,45.14220428466797,91.19873809814453
2021-11-23,440.1175537109375,123.79080200195312,167.27999877929688,45.0975227355957,91.93584442138672
2021-11-24,441.29266357421875,125.77835083007812,167.1199951171875,45.03495788574219,93.04987335205078
2021-11-26,431.4504089355469,128.95657348632812,166.85000610351562,43.52456283569336,90.4616470336914
2021-11-29,436.7427978515625,127.91999816894531,166.6199951171875,43.694366455078125,91.1317367553711
2021-11-30,428.2449035644531,129.86471557617188,165.5,43.64967727661133,89.40626525878906
2021-12-01,423.48828125,130.665771484375,166.16000366210938,43.810550689697266,87.93207550048828
2021-12-02,429.97454833984375,130.82875061035156,165.24000549316406,44.34678649902344,90.5705337524414
2021-12-03,426.23321533203125,132.38983154296875,166.6300048828125,43.7211799621582,90.26898956298828
2021-12-06,431.2812194824219,130.57142639160156,166.22000122070312,44.060791015625,91.85208129882812
2021-12-07,440.2021789550781,129.51641845703125,166.80999755859375,44.757896423339844,93.17549133300781
2021-12-08,441.3678283691406,127.27776336669922,166.89999389648438,44.9366455078125,93.8455810546875
2021-12-09,438.3879699707031,127.98971557617188,165.8800048828125,44.72215270996094,92.48863983154297
2021-12-10,442.51470947265625,127.6808853149414,166.5800018310547,44.757896423339844,92.77344512939453
2021-12-13,438.5947265625,129.56787109375,167.0,44.048091888427734,93.6445541381836
2021-12-14,435.5772705078125,129.25914001464844,165.44000244140625,43.94837188720703,92.44679260253906
2021-12-15,442.3831481933594,128.01541137695312,166.14999389648438,43.82146453857422,93.74507141113281
2021-12-16,438.48193359375,128.06521606445312,168.16000366210938,43.875850677490234,93.71155548095703
2021-12-17,433.8151550292969,129.5164031982422,167.8000030517578,43.658287048339844,93.59430694580078
2021-12-20,429.2023010253906,128.54611206054688,167.08999633789062,43.005584716796875,92.86559295654297
2021-12-21,436.824462890625,128.05665588378906,167.02000427246094,43.730812072753906,93.91260528564453
2021-12-22,441.1921081542969,128.64915466308594,168.58999633789062,43.93930435180664,94.87583923339844
2021-12-23,443.9372863769531,127.53284454345703,168.97000122070312,44.16594696044922,94.77534484863281
2021-12-27,450.2199401855469,127.84200286865234,169.3699951171875,44.36537551879883,96.38426208496094
2021-12-28,449.8520202636719,127.33528137207031,168.63999938964844,44.220333099365234,96.7393798828125
2021-12-29,450.4274597167969,125.94424438476562,168.58999633789062,44.02090072631836,97.39038848876953
2021-12-30,449.1822814941406,127.00049591064453,169.8000030517578,44.52519607543945,97.81311798095703
2021-12-31,448.0502624511719,127.2494888305664,170.9600067138672,44.30751419067383,98.08369445800781
2022-01-03,450.6444396972656,123.90913391113281,168.3300018310547,44.624969482421875,97.31428527832031
2022-01-04,450.49346923828125,123.3939208984375,169.57000732421875,44.47077178955078,97.1959228515625
2022-01-05,441.8430480957031,122.72415161132812,169.05999755859375,43.74516296386719,94.414306640625
2022-01-06,441.4279479980469,123.04192352294922,166.99000549316406,43.94470977783203,94.49886322021484
2022-01-07,439.6827392578125,122.15742492675781,167.75,44.34379196166992,93.87320709228516
2022-01-10,439.13568115234375,122.45797729492188,168.25999450683594,44.34379196166992,93.33209228515625
2022-01-11,443.1354064941406,123.27373504638672,170.2899932861328,45.36872100830078,93.47584533691406
2022-01-12,444.3335266113281,122.80146026611328,170.74000549316406,46.12153244018555,93.58574676513672
2022-01-13,438.211181640625,123.89199829101562,170.16000366210938,45.46848678588867,93.39974975585938
2022-01-14,438.3904113769531,122.02005767822266,169.6699981689453,45.45034408569336,92.55426788330078
2022-01-18,430.6267395019531,120.30267333984375,169.38999938964844,44.64311218261719,91.58196258544922
2022-01-19,426.1552429199219,121.13558959960938,172.0800018310547,44.83357620239258,90.34757995605469
2022-01-20,421.43853759765625,121.88269805908203,171.64999389648438,45.09661102294922,89.18926239013672
2022-01-21,413.1653747558594,123.33381652832031,171.08999633789062,44.44355773925781,88.96943664550781
2022-01-24,414.9200134277344,122.32056427001953,172.02999877929688,43.81772994995117,89.1385269165039
2022-01-25,409.854248046875,122.123046875,172.5800018310547,43.73610305786133,88.78345489501953
2022-01-26,408.8260498046875,120.64610290527344,169.7899932861328,43.18281936645508,87.3968505859375
2022-01-27,406.8072814941406,122.86155700683594,167.60000610351562,42.683963775634766,85.95111846923828
2022-01-28,416.91046142578125,122.90452575683594,167.10000610351562,42.892574310302734,88.73270416259766
2022-01-31,424.41949462890625,122.26909637451172,168.08999633789062,44.298439025878906,89.8233642578125
2022-02-01,427.28729248046875,121.86322784423828,168.22999572753906,44.57054901123047,89.50211334228516
2022-02-02,431.4380187988281,122.27592468261719,168.83999633789062,44.49799346923828,90.64348602294922
2022-02-03,421.29705810546875,121.32146453857422,168.60000610351562,44.02634048461914,89.67964935302734
2022-02-04,423.278076171875,119.53287506103516,168.86000061035156,44.13518142700195,88.79188537597656
2022-02-07,421.9196472167969,119.61030578613281,170.11000061035156,44.04448318481445,88.66507720947266
2022-02-08,425.3911437988281,118.81057739257812,170.6300048828125,44.47077178955078,88.25078582763672
2022-02-09,431.6172180175781,119.03412628173828,171.2100067138672,45.16917419433594,90.2461166381836
2022-02-10,423.86297607421875,117.1424560546875,170.55999755859375,44.86985397338867,88.11553955078125
2022-02-11,415.5049133300781,118.8794174194336,173.80999755859375,44.189605712890625,87.31232452392578
2022-02-14,414.1465759277344,117.40038299560547,174.74000549316406,43.88121795654297,86.5175552368164
2022-02-15,420.8253479003906,116.06754302978516,173.0800018310547,44.83357620239258,87.29539489746094
2022-02-16,421.29705810546875,116.75548553466797,174.86000061035156,45.16010284423828,87.70123291015625
2022-02-17,412.29754638671875,117.62393188476562,177.25,44.634037017822266,86.77120208740234
2022-02-18,409.6278991699219,118.86222839355469,177.1199951171875,44.189605712890625,86.24701690673828
2022-02-22,405.2318420410156,119.17174530029297,177.49000549316406,43.56375503540039,85.93418884277344
2022-02-23,398.0436706542969,117.52938842773438,178.2899932861328,43.055843353271484,84.51378631591797
2022-02-24,404.03387451171875,117.60678100585938,177.13999938964844,42.16695785522461,85.93418884277344
2022-02-25,412.9483947753906,117.69275665283203,176.5500030517578,42.94698715209961,88.00559997558594
2022-02-28,411.89190673828125,120.27240753173828,178.3800048828125,42.384647369384766,86.69511413574219
2022-03-01,405.61871337890625,121.66295623779297,181.6199951171875,41.82229995727539,86.23857879638672
2022-03-02,413.0805358886719,117.50422668457031,179.72999572753906,41.894859313964844,87.8534164428711
2022-03-03,411.0240478515625,118.70101928710938,180.8000030517578,41.305301666259766,88.57208251953125
2022-03-04,407.6846008300781,120.7502670288086,183.67999267578125,40.470848083496094,88.97789001464844
2022-03-07,395.6664123535156,119.8289794921875,186.41000366210938,38.95614242553711,87.21931457519531
2022-03-08,392.6665954589844,118.62352752685547,191.50999450683594,39.083126068115234,86.79657745361328
2022-03-09,403.1943054199219,117.46114349365234,185.82000732421875,40.18968200683594,88.1324234008789
2022-03-10,401.3736877441406,115.77355194091797,186.39999389648438,39.436859130859375,88.35224914550781
2022-03-11,396.27008056640625,116.16101837158203,185.08999633789062,38.61147689819336,87.65048217773438
2022-03-14,393.3741149902344,113.44878387451172,182.3000030517578,37.67726135253906,86.96566009521484
2022-03-15,402.0245666503906,113.25074005126953,178.88999938964844,37.7316780090332,87.54902648925781
2022-03-16,410.9391174316406,114.36144256591797,180.00999450683594,40.77016830444336,88.5889892578125
2022-03-17,416.08038330078125,113.50904083251953,180.88999938964844,40.56155776977539,89.95865631103516
2022-03-18,420.6375427246094,114.89532470703125,179.3000030517578,41.14204406738281,89.95865631103516
2022-03-21,420.5146179199219,112.23473358154297,180.6699981689453,40.50713348388672,89.4090805053711
2022-03-22,425.4351806640625,110.79682922363281,179.36000061035156,41.24181365966797,89.63736724853516
2022-03-23,419.956298828125,113.22491455078125,181.80999755859375,40.969703674316406,88.6316909790039
2022-03-24,426.286865234375,112.33807373046875,183.1300048828125,41.18739700317383,89.19275665283203
2022-03-25,428.3686828613281,110.77960205078125,182.3800048828125,40.86086654663086,90.30638885498047
2022-03-28,431.4156799316406,111.72673034667969,179.05999755859375,40.996917724609375,91.26701354980469
2022-03-29,436.752685546875,112.57052612304688,179.13999938964844,41.695316314697266,93.94483947753906
2022-03-30,434.0557861328125,113.44878387451172,180.5800018310547,41.57741165161133,93.2647705078125
2022-03-31,427.37506103515625,113.724365234375,180.64999389648438,40.95156478881836,92.1256103515625
2022-04-01,428.5863037109375,114.1572036743164,179.5,41.63182830810547,93.91934204101562
2022-04-04,432.2578125,113.36383819580078,180.3699951171875,42.36650848388672,93.46029663085938
2022-04-05,426.7978210449219,110.80268096923828,179.24000549316406,41.58647918701172,93.00122833251953
2022-04-06,422.5301513671875,109.9058609008789,179.66000366210938,41.042266845703125,94.10636138916016
2022-04-07,424.6592102050781,109.0780029296875,180.33999633789062,40.71575164794922,93.17124938964844
2022-04-08,423.5237121582031,107.89656829833984,181.47000122070312,40.75203323364258,93.32427215576172
2022-04-11,416.2847595214844,106.18913269042969,182.3699951171875,40.24409484863281,92.3211441040039
2022-04-12,414.7423400878906,106.04254913330078,183.77000427246094,40.11711883544922,92.18512725830078
2022-04-13,419.4925842285156,106.25816345214844,184.64999389648438,40.643184661865234,92.8397216796875
2022-04-14,414.2691650390625,104.12814331054688,184.0399932861328,40.11711883544922,92.44014739990234
2022-04-18,414.4394836425781,103.61072540283203,184.61000061035156,39.9810676574707,92.06611633300781
2022-04-19,421.1296691894531,102.83460998535156,181.82000732421875,39.781524658203125,94.07235717773438
2022-04-20,420.8173828125,104.90426635742188,182.7100067138672,39.54570388793945,95.63655090332031
2022-04-21,414.5246887207031,104.12814331054688,182.05999755859375,38.783809661865234,94.97346496582031
2022-04-22,403.15045166015625,103.4727554321289,180.2899932861328,38.439151763916016,93.30726623535156
2022-04-25,405.4877624511719,104.507568359375,177.0500030517578,38.1579704284668,93.06925964355469
2022-04-26,393.74444580078125,105.55963897705078,177.32000732421875,37.323524475097656,91.5390625
2022-04-27,394.8515930175781,104.20571899414062,175.97999572753906,37.75889205932617,90.93549346923828
2022-04-28,404.8253479003906,104.3609848022461,176.92999267578125,38.30309295654297,92.61017608642578
2022-04-29,389.86474609375,103.007080078125,176.91000366210938,38.439151763916016,88.35966491699219
2022-05-02,392.2115173339844,101.22158813476562,173.6300048828125,38.38472366333008,86.22592163085938
2022-05-03,394.0094909667969,101.90399169921875,174.08999633789062,38.66590118408203,87.29705810546875
2022-05-04,406.00823974609375,102.4654769897461,175.8000030517578,39.083126068115234,88.30016326904297
2022-05-05,391.5774841308594,99.6580810546875,175.1300048828125,37.6409797668457,85.94538879394531
2022-05-06,389.2402038574219,98.18960571289062,175.4199981689453,37.123985290527344,84.92526245117188
2022-05-09,376.7778625488281,99.05339050292969,172.8800048828125,36.05370330810547,81.18479919433594
2022-05-10,377.6483154296875,99.95179748535156,171.4199981689453,36.22603988647461,79.70563507080078
2022-05-11,371.6490173339844,101.87805938720703,172.82000732421875,35.972076416015625,79.53560638427734
2022-05-12,371.26104736328125,101.68806457519531,170.1699981689453,35.73625183105469,80.15618133544922
2022-05-13,380.1371154785156,100.18500518798828,168.7899932861328,36.72489929199219,82.27293395996094
2022-05-16,378.59466552734375,100.08133697509766,170.39999389648438,36.579776763916016,81.7543716430664
2022-05-17,386.38250732421875,98.87200927734375,169.3300018310547,37.47771453857422,82.86801147460938
2022-05-18,370.8068542480469,100.97970581054688,169.4199981689453,36.579776763916016,80.46222686767578
2022-05-19,368.5357360839844,101.22158813476562,171.91000366210938,37.1602668762207,80.10516357421875
2022-05-20,368.69659423828125,102.37045288085938,172.02999877929688,37.314453125,80.61524200439453
2022-05-23,375.59503173828125,100.68601989746094,172.8300018310547,37.59562683105469,81.55035400390625
2022-05-24,372.7277526855469,102.67279052734375,174.1300048828125,36.94258117675781,82.2389144897461
2022-05-25,376.0208740234375,103.07878112792969,173.0800018310547,37.123985290527344,82.9360122680664
2022-05-26,383.5342102050781,102.61231231689453,172.75999450683594,37.7044677734375,83.03803253173828
2022-05-27,392.94964599609375,102.86283874511719,172.85000610351562,38.139835357666016,85.26529693603516
2022-05-31,390.7447814941406,100.68601989746094,171.13999938964844,38.67496871948242,84.21967315673828
2022-06-01,387.584228515625,100.5709228515625,172.22999572753906,38.402870178222656,83.5225830078125
2022-06-02,394.9652099609375,100.62286376953125,174.35000610351562,39.064979553222656,84.67020416259766
2022-06-03,388.483154296875,100.40652465820312,172.5800018310547,38.430084228515625,83.53958129882812
2022-06-06,389.6660461425781,98.55467987060547,171.82000732421875,38.63869094848633,83.27605438232422
2022-06-07,393.40386962890625,99.61907958984375,172.94000244140625,38.756591796875,84.4236831665039
2022-06-08,389.126708984375,98.73638153076172,172.77999877929688,38.965213775634766,82.47695922851562
2022-06-09,379.8721618652344,99.06523895263672,172.22999572753906,38.043174743652344,80.5217056274414
2022-06-10,368.85748291015625,98.45079803466797,174.5399932861328,37.622406005859375,78.73651123046875
2022-06-13,354.8526306152344,95.36150360107422,169.92999267578125,36.30521011352539,74.80052185058594
2022-06-14,353.7833557128906,94.15868377685547,168.57000732421875,36.80830383300781,74.23096466064453
2022-06-15,358.8269958496094,95.91535949707031,170.77000427246094,37.29310607910156,75.99067687988281
2022-06-16,346.9512939453125,96.67686462402344,172.69000244140625,36.14970397949219,73.99292755126953
2022-06-17,347.6991882324219,96.98836517333984,171.27000427246094,36.28691482543945,74.55400848388672
2022-06-21,356.45208740234375,95.34422302246094,170.6300048828125,36.872337341308594,75.59113311767578
2022-06-22,355.8058166503906,97.96623229980469,171.30999755859375,36.21373748779297,76.55175018310547
2022-06-23,359.2935791015625,98.77099609375,170.25999450683594,36.32350540161133,78.0061264038086
2022-06-24,370.7169189453125,97.40376281738281,170.08999633789062,37.1833381652832,79.66584777832031
2022-06-27,369.3009033203125,96.57299041748047,169.89999389648438,37.22908020019531,79.54605102539062
2022-06-28,361.7550354003906,97.02299499511719,169.6199951171875,37.000396728515625,78.5793228149414
2022-06-29,361.46044921875,98.53738403320312,169.49000549316406,36.854042053222656,78.09169006347656
2022-06-30,358.5238342285156,99.40269470214844,168.4600067138672,36.68024826049805,77.94622802734375
2022-07-01,362.3157958984375,100.42325592041016,168.32000732421875,36.451560974121094,79.34927368164062
2022-07-05,363.0,101.2122802734375,164.75,36.16800308227539,79.12686157226562
2022-07-06,364.2259826660156,99.51283264160156,162.13999938964844,35.948463439941406,78.9814224243164
2022-07-07,369.6810302734375,98.6371078491211,162.22999572753906,36.67109680175781,79.1952896118164
2022-07-08,369.3769226074219,97.54458618164062,162.3000030517578,36.67109680175781,78.7761001586914
2022-07-11,365.1573791503906,99.22671508789062,161.42999267578125,35.692352294921875,78.60497283935547
2022-07-12,361.9260559082031,99.81632995605469,160.8300018310547,35.555137634277344,78.29698944091797
2022-07-13,360.0254211425781,100.96083068847656,161.60000610351562,35.47281265258789,77.92058563232422
2022-07-14,359.1510925292969,100.13712310791016,159.3300018310547,35.15266418457031,77.21904754638672
2022-07-15,366.0126953125,100.7007064819336,159.00999450683594,35.335609436035156,78.52798461914062
2022-07-18,362.9905090332031,99.65155792236328,159.16000366210938,35.58258056640625,77.9719009399414
2022-07-19,372.79827880859375,99.11397552490234,159.5399932861328,36.16800308227539,79.99093627929688
2022-07-20,375.17413330078125,99.37406921386719,158.0399932861328,36.01250076293945,79.80271911621094
2022-07-21,378.99456787109375,101.09085845947266,160.27000427246094,36.42412185668945,80.435791015625
2022-07-22,375.4782409667969,102.79033660888672,160.6699981689453,36.05823516845703,80.85498809814453
2022-07-25,375.9344177246094,101.7845230102539,160.22999572753906,36.18629837036133,80.99188995361328
2022-07-26,371.4866943359375,101.8625717163086,160.0399932861328,35.902732849121094,81.07743072509766
2022-07-27,381.1329345703125,101.29031372070312,161.6699981689453,36.57047653198242,81.56507110595703
2022-07-28,385.91326904296875,102.0966567993164,163.63999938964844,36.725982666015625,84.2086181640625
2022-07-29,391.5393981933594,101.81922149658203,164.10000610351562,36.55218505859375,84.66205596923828
2022-08-01,390.3799133300781,104.27140045166016,165.02999877929688,36.241180419921875,83.97765350341797
2022-08-02,387.80450439453125,102.06502532958984,164.0500030517578,36.0673828125,82.89970397949219
2022-08-03,393.8772888183594,103.67200469970703,164.4499969482422,36.3509407043457,83.16490173339844
2022-08-04,393.61114501953125,103.63726806640625,167.1699981689453,36.60707092285156,83.03656768798828
2022-08-05,392.9459228515625,101.17033386230469,165.2899932861328,36.64365768432617,83.26757049560547
2022-08-08,392.4897155761719,102.80337524414062,166.69000244140625,36.689395904541016,84.01183319091797
2022-08-09,390.9311828613281,102.40380096435547,167.1999969482422,36.55218505859375,84.47383117675781
2022-08-10,399.14227294921875,101.7349624633789,166.77999877929688,37.009544372558594,85.75711059570312
2022-08-11,399.14227294921875,99.3635482788086,166.33999633789062,37.15589904785156,85.55178833007812
2022-08-12,405.8994140625,100.37117767333984,167.8699951171875,37.549224853515625,87.02327728271484
2022-08-15,407.5719299316406,100.28433227539062,165.7100067138672,37.375431060791016,87.37403106689453
2022-08-16,408.37030029296875,100.70127868652344,165.4199981689453,37.36628341674805,87.14305114746094
2022-08-17,405.4716491699219,99.65021514892578,164.35000610351562,37.210784912109375,86.62118530273438
2022-08-18,406.650146484375,99.79788970947266,163.9199981689453,37.000396728515625,86.04798889160156
2022-08-19,401.185546875,98.19091033935547,162.72000122070312,36.4973030090332,85.14115142822266
2022-08-22,392.8319091796875,97.86082458496094,161.63999938964844,36.17715072631836,83.28468322753906
2022-08-23,391.8815002441406,97.32227325439453,162.77000427246094,36.369232177734375,82.21525573730469
2022-08-24,393.1359558105469,96.60997772216797,163.25,36.36008834838867,82.68582153320312
2022-08-25,398.68603515625,97.95637512207031,163.75,37.14675521850586,83.91773986816406
2022-08-26,385.1910095214844,98.69470977783203,161.75999450683594,36.59791564941406,81.80463409423828
2022-08-29,382.6439208984375,97.8781967163086,161.86000061035156,36.369232177734375,81.06890106201172
2022-08-30,378.44342041015625,98.12139892578125,160.50999450683594,35.93932342529297,79.94815826416016
2022-08-31,375.5637512207031,97.18328094482422,159.27000427246094,36.0673828125,79.57171630859375
2022-09-01,376.7422180175781,95.40402221679688,157.8699951171875,35.783817291259766,79.7171630859375
2022-09-02,372.769775390625,95.9437255859375,159.25999450683594,35.45452117919922,78.60497283935547
2022-09-06,371.36328125,93.56731414794922,158.3300018310547,35.033748626708984,79.3150634765625
2022-09-07,378.03472900390625,95.0471420288086,159.94000244140625,35.34475326538086,80.86355590820312
2022-09-08,380.50567626953125,94.07221984863281,158.97999572753906,35.15266418457031,81.08599090576172
2022-09-09,386.4169006347656,94.28113555908203,159.82000732421875,35.67405700683594,81.96717834472656
2022-09-12,390.5699768066406,93.50640869140625,160.6300048828125,36.204593658447266,82.7627944946289
2022-09-13,373.58709716796875,93.7240219116211,158.5399932861328,35.0886344909668,79.59739685058594
2022-09-14,375.01263427734375,94.04608917236328,157.92999267578125,35.26243209838867,78.6905517578125
2022-09-15,370.7550048828125,93.98515319824219,154.97999572753906,34.88739776611328,77.23615264892578
2022-09-16,367.92645263671875,93.20175170898438,155.83999633789062,34.56724548339844,77.24471282958984
2022-09-19,370.77978515625,93.41935729980469,155.9600067138672,34.677005767822266,77.13348388671875
2022-09-20,366.52374267578125,92.48794555664062,155.07000732421875,34.484920501708984,75.2599105834961
2022-09-21,360.1302185058594,94.03739929199219,155.7899932861328,33.90864562988281,74.07073974609375
2022-09-22,357.1051940917969,91.63487243652344,155.6999969482422,33.74399948120117,73.12968444824219
2022-09-23,351.12188720703125,92.00919342041016,153.00999450683594,32.91159439086914,72.15765380859375
2022-09-26,347.6483459472656,90.25081634521484,151.22999572753906,32.509124755859375,70.13404846191406
2022-09-27,346.76092529296875,87.87442016601562,151.5399932861328,32.472530364990234,69.2000961303711
2022-09-28,353.5838928222656,90.81664276123047,154.69000244140625,32.756099700927734,70.63563537597656
2022-09-29,346.1978759765625,90.34657287597656,154.66000366210938,32.02431869506836,68.5601577758789
2022-09-30,340.8445129394531,89.18014526367188,154.6699981689453,31.905412673950195,69.3298110961914
2022-10-03,349.84320068359375,90.59718322753906,158.42999267578125,32.42679977416992,70.56645965576172
2022-10-04,360.68365478515625,90.3441390991211,160.6999969482422,33.487876892089844,71.99334716796875
2022-10-05,359.8438720703125,89.48030090332031,159.80999755859375,33.50617218017578,70.58375549316406
2022-10-06,356.1319274902344,88.98295593261719,159.6300048828125,33.304931640625,68.62065887451172
2022-10-07,346.1978759765625,88.11909484863281,157.8800048828125,32.609745025634766,66.96896362304688
2022-10-10,343.5545349121094,86.74919891357422,155.47999572753906,32.152381896972656,66.33765411376953
2022-10-11,341.37884521484375,87.13314819335938,155.16000366210938,31.6401424407959,67.01216888427734
2022-10-12,340.25286865234375,87.56070709228516,155.99000549316406,31.67673110961914,66.31169891357422
2022-10-13,349.232421875,86.72305297851562,154.91000366210938,31.768198013305664,67.52239990234375
2022-10-14,341.27386474609375,86.00753784179688,152.97999572753906,31.29254150390625,65.84473419189453
2022-10-17,350.0435791015625,85.58870697021484,153.4199981689453,32.152381896972656,68.32665252685547
2022-10-18,354.1564636230469,85.78939056396484,153.75,32.161529541015625,69.07037353515625
2022-10-19,351.646728515625,84.2275390625,151.69000244140625,31.576107025146484,67.34944915771484
2022-10-20,348.6980895996094,82.7878189086914,151.4499969482422,31.77735137939453,67.05542755126953
2022-10-21,357.17193603515625,81.2957534790039,154.14999389648438,32.26215362548828,67.58294677734375
2022-10-24,361.54254150390625,80.62386322021484,153.64999389648438,31.03643035888672,67.57429504394531
2022-10-25,367.3158264160156,82.9710464477539,154.0,31.29254150390625,70.22918701171875
2022-10-26,364.54840087890625,84.16643524169922,154.97999572753906,31.804792404174805,70.18595886230469
2022-10-27,362.6017150878906,85.04773712158203,154.74000549316406,31.557817459106445,70.28973388671875
2022-10-28,371.228271484375,84.46310424804688,153.16000366210938,31.365726470947266,71.83768463134766
2022-10-31,368.5467529296875,83.8610610961914,151.91000366210938,31.27425193786621,71.75984191894531
2022-11-01,366.93402099609375,84.64478302001953,153.4600067138672,31.85053062438965,71.73391723632812
2022-11-02,357.7253723144531,84.27742004394531,152.38999938964844,31.58525276184082,69.76219940185547
2022-11-03,354.0419616699219,83.82257843017578,151.80999755859375,31.768198013305664,69.66707611083984
2022-11-04,359.1377258300781,82.41429901123047,156.47000122070312,33.11283874511719,70.61835479736328
2022-11-07,362.5730895996094,81.59208679199219,155.85000610351562,33.131134033203125,70.61835479736328
2022-11-08,364.529296875,82.48429870605469,159.4499969482422,33.36896514892578,70.83454132080078
2022-11-09,357.019287109375,82.75544738769531,158.64999389648438,32.792686462402344,70.1081314086914
2022-11-10,376.6390075683594,85.9393539428711,163.47999572753906,33.98182678222656,75.23629760742188
2022-11-11,380.2842712402344,85.62444305419922,164.55999755859375,34.90568923950195,75.22764587402344
2022-11-14,377.0492858886719,85.41455078125,164.9199981689453,34.69530487060547,73.39429473876953
2022-11-15,380.2651672363281,86.79653930664062,165.5,35.49110412597656,74.18990325927734
2022-11-16,377.3642272949219,88.69466400146484,165.1199951171875,34.923988342285156,73.51536560058594
2022-11-17,376.2095642089844,87.75872802734375,163.9199981689453,34.98801803588867,73.01380157470703
2022-11-18,377.91766357421875,87.15519714355469,162.7899932861328,34.78677749633789,73.93912506103516
2022-11-21,376.5434875488281,87.52255249023438,161.8800048828125,34.34770965576172,74.32825469970703
2022-11-22,381.61065673828125,88.76463317871094,162.07000732421875,34.43003463745117,74.73472595214844
2022-11-23,384.0154113769531,90.3128433227539,163.0800018310547,34.713592529296875,74.79523468017578
2022-11-25,383.92950439453125,90.00670623779297,163.22000122070312,34.5489501953125,75.27088928222656
2022-11-28,377.80316162109375,90.26036834716797,161.92999267578125,34.39344787597656,73.25593566894531
2022-11-29,377.154296875,89.20198822021484,162.72999572753906,35.134368896484375,74.46663665771484
2022-11-30,389.034912109375,89.8580093383789,164.80999755859375,36.14970397949219,76.17025756835938
2022-12-01,388.74859619140625,92.72859954833984,167.83999633789062,36.03079605102539,76.00595092773438
2022-12-02,388.3001403808594,93.89473724365234,167.25999450683594,36.16800308227539,75.78108215332031
2022-12-05,381.3148193359375,92.57955932617188,164.38999938964844,35.756378173828125,74.39744567871094
2022-12-06,375.8182678222656,93.77195739746094,164.83999633789062,35.71064376831055,73.69696807861328
2022-12-07,375.1789245605469,95.98145294189453,166.3300018310547,35.5002555847168,73.8439712524414
2022-12-08,378.1180419921875,95.71843719482422,166.47000122070312,35.93016815185547,74.36285400390625
2022-12-09,375.2934265136719,93.22834777832031,167.05999755859375,35.692352294921875,74.22449493408203
2022-12-12,380.7041320800781,93.5264663696289,165.67999267578125,35.58258056640625,74.79523468017578
2022-12-13,383.5860290527344,94.42955780029297,168.50999450683594,35.8370361328125,76.17890167236328
2022-12-14,381.133544921875,94.8328628540039,168.10000610351562,35.85560989379883,75.6600341796875
2022-12-15,371.8103942871094,95.20287322998047,165.35000610351562,35.02910232543945,74.64823913574219
2022-12-16,367.4207458496094,94.1394271850586,166.7899932861328,35.131256103515625,72.71977996826172
2022-12-19,364.3051452636719,92.55740356445312,166.32000732421875,35.159114837646484,71.79444122314453
2022-12-20,364.80364990234375,90.91385650634766,169.0800018310547,35.14982604980469,71.61286163330078
2022-12-21,370.2583923339844,91.14234161376953,168.8000030517578,35.465572357177734,72.22684478759766
2022-12-22,364.9761962890625,91.12476348876953,166.75999450683594,35.14982604980469,71.92340087890625
2022-12-23,367.0755920410156,89.78886413574219,167.25999450683594,35.1033935546875,72.56360626220703
2022-12-27,365.6280517578125,88.01343536376953,168.6699981689453,35.623443603515625,72.53730773925781
2022-12-28,361.0841064453125,87.49491882324219,167.91000366210938,35.1033935546875,71.30072021484375
2022-12-29,367.5837097167969,88.48806762695312,168.85000610351562,35.68844985961914,72.8617935180664
2022-12-30,366.6154479980469,87.50370788574219,169.63999938964844,35.196258544921875,72.33558654785156
2023-01-03,365.0721130371094,89.17361450195312,171.05999755859375,35.493431091308594,72.40572357177734
2023-01-04,367.8905029296875,90.39527893066406,172.6699981689453,36.56139373779297,74.04574584960938
2023-01-05,363.69158935546875,90.77322387695312,170.52000427246094,36.449951171875,72.05494689941406
2023-01-06,372.0318603515625,92.44314575195312,173.7100067138672,37.21145248413086,73.9931411743164
2023-01-09,371.8209228515625,92.93531036376953,174.10000610351562,37.49005126953125,74.01944732666016
2023-01-10,374.4284973144531,91.39724731445312,174.74000549316406,37.75936508178711,74.18606567382812
2023-01-11,379.16412353515625,92.88258361816406,174.6199951171875,37.917240142822266,76.8434066772461
2023-01-12,380.5445861816406,94.7107162475586,176.63999938964844,38.10296630859375,77.81687927246094
2023-01-13,382.02093505859375,93.82300567626953,178.75999450683594,38.353702545166016,77.33453369140625
2023-01-17,381.3211364746094,93.216552734375,177.58999633789062,38.14011764526367,77.55377960205078
2023-01-18,375.30078125,95.47534942626953,177.0800018310547,37.880088806152344,76.42243194580078
2023-01-19,372.5687561035156,94.87770080566406,179.88999938964844,38.167972564697266,76.0014877319336
2023-01-20,379.5093078613281,93.3396224975586,179.2899932861328,38.75303268432617,76.90480041503906
2023-01-23,384.0628662109375,92.9001693725586,179.6300048828125,39.0316276550293,77.2555923461914
2023-01-24,383.6506652832031,94.2361068725586,180.27999877929688,39.05949020385742,77.44853973388672
2023-01-25,383.7944030761719,94.46463775634766,181.11000061035156,39.09663009643555,77.48361206054688
2023-01-26,388.0124816894531,94.02519226074219,179.47000122070312,39.468101501464844,78.35185241699219
2023-01-27,388.90399169921875,93.78787231445312,179.22000122070312,39.28236389160156,79.22886657714844
2023-01-30,384.02447509765625,93.445068359375,178.75999450683594,38.49300765991211,78.22032165527344
2023-01-31,389.67095947265625,94.19216918945312,179.41000366210938,38.409423828125,79.86031341552734
2023-02-01,393.812255859375,95.32447052001953,181.6699981689453,38.8830451965332,80.35143280029297
2023-02-02,399.54498291015625,95.44780731201172,177.89999389648438,38.650875091552734,82.17559814453125
2023-02-03,395.2982482910156,94.02035522460938,173.4600067138672,37.96366500854492,80.63207244873047
2023-02-06,392.8824462890625,93.32420349121094,173.82000732421875,37.406471252441406,80.04447937011719
2023-02-07,398.0207824707031,92.5752182006836,173.97999572753906,37.555057525634766,79.86908721923828
2023-02-08,393.66845703125,93.01580810546875,174.41000366210938,37.50862503051758,79.4919662475586
2023-02-09,390.2557067871094,92.1346206665039,173.02999877929688,37.68507385253906,78.62373352050781
2023-02-10,391.1663818359375,91.10367584228516,173.36000061035156,37.32289123535156,78.89559936523438
2023-02-13,395.7583312988281,91.87028503417969,172.47999572753906,37.62935256958008,79.59720611572266
2023-02-14,395.5762634277344,91.65879821777344,172.61000061035156,37.56434631347656,78.96575927734375
2023-02-15,396.86083984375,90.80406951904297,170.88999938964844,37.24860382080078,79.28147888183594
2023-02-16,391.3965148925781,89.51757049560547,170.75,37.25788879394531,78.50971221923828
2023-02-17,390.4187316894531,90.21368408203125,171.25999450683594,36.84927749633789,78.20277404785156
2023-02-21,382.5865478515625,88.46018981933594,170.6199951171875,36.38494873046875,76.6329116821289
2023-02-22,382.0592956542969,89.27082824707031,169.66000366210938,36.20850372314453,75.94007873535156
2023-02-23,384.09161376953125,90.14320373535156,169.57000732421875,36.38494873046875,76.5101547241211
2023-02-24,379.98858642578125,88.97124481201172,168.35000610351562,35.56772232055664,75.16830444335938
2023-02-27,381.28277587890625,89.21795654296875,169.00999450683594,35.753456115722656,75.28234100341797
2023-02-28,379.8735656738281,89.62330627441406,169.77999877929688,35.502716064453125,75.17708587646484
2023-03-01,378.4164123535156,88.66048431396484,170.75999450683594,36.26422119140625,74.22991180419922
2023-03-02,381.3594665527344,87.87431335449219,170.66000366210938,36.39423370361328,75.09815216064453
2023-03-03,387.4756164550781,90.00315856933594,172.49000549316406,36.71926498413086,76.23826599121094
2023-03-06,387.7441101074219,89.30530548095703,171.6199951171875,36.58925247192383,75.94007873535156
2023-03-07,381.8004150390625,89.85298156738281,168.6199951171875,35.97633743286133,74.16854095458984
2023-03-08,382.423583984375,89.94132232666016,168.5399932861328,36.12491989135742,75.01922607421875
2023-03-09,375.367919921875,90.16213989257812,170.1999969482422,35.32627487182617,73.30029296875
2023-03-10,369.9515686035156,93.271484375,173.8699951171875,35.14054489135742,70.87098693847656
2023-03-13,369.4242858886719,93.4835205078125,177.86000061035156,35.196258544921875,71.80061340332031
2023-03-14,375.5308837890625,91.94647979736328,176.8300018310547,35.2148323059082,72.49345397949219
2023-03-15,373.1822204589844,93.72198486328125,178.2100067138672,34.611202239990234,72.44083404541016
2023-03-16,379.7297668457031,92.98885345458984,178.57000732421875,35.14054489135742,72.28296661376953
2023-03-17,375.2896728515625,94.38449096679688,183.77000427246094,34.92695236206055,70.6429672241211
2023-03-20,378.8983459472656,93.55416870117188,183.83999633789062,35.05695724487305,71.44982147216797
2023-03-21,383.8734436035156,92.75032043457031,180.3699951171875,35.37270736694336,71.13407135009766
2023-03-22,377.3298034667969,93.98699951171875,183.44000244140625,35.51200485229492,68.47675323486328
2023-03-23,378.349853515625,93.98699951171875,185.74000549316406,36.00419616699219,68.0470199584961
2023-03-24,380.8326416015625,94.38449096679688,183.64999389648438,35.91133117675781,69.79203033447266
2023-03-27,381.5447082519531,92.16731262207031,181.9499969482422,35.716304779052734,69.71232604980469
2023-03-28,380.688232421875,92.33515930175781,183.44000244140625,36.227073669433594,69.54401397705078
2023-03-29,386.221435546875,92.14966583251953,182.52999877929688,36.3292236328125,71.08531951904297
2023-03-30,388.48291015625,92.57365417480469,184.17999267578125,36.69139862060547,72.0154037475586
2023-03-31,393.9584655761719,93.96051788330078,183.22000122070312,36.64497375488281,73.55667877197266
2023-04-03,395.4596862792969,94.40240478515625,184.5399932861328,36.71926498413086,72.9720458984375
2023-04-04,393.26556396484375,94.87175750732422,187.97999572753906,36.71926498413086,72.87462615966797
2023-04-05,392.23590087890625,95.86361694335938,187.8300018310547,36.43137741088867,72.48486328125
2023-04-06,393.7659606933594,96.11155700683594,186.49000549316406,36.5799674987793,72.98091888427734
2023-04-10,394.1701354980469,94.5617904663086,185.11000061035156,36.61711120605469,73.3175048828125
2023-04-11,394.2759704589844,94.75664520263672,186.27999877929688,36.839988708496094,73.62753295898438
2023-04-12,392.66888427734375,94.65921783447266,187.19000244140625,36.5799674987793,73.2732162475586
2023-04-13,397.8846435546875,93.91532897949219,189.72000122070312,37.08143997192383,73.05176544189453
2023-04-14,396.91265869140625,93.05633544921875,186.36000061035156,36.886417388916016,71.91795349121094
2023-04-17,398.3369445800781,91.9493637084961,185.52999877929688,37.04429626464844,73.41494750976562
2023-04-18,398.5967102050781,92.27701568603516,186.25,36.997859954833984,73.24664306640625
2023-04-19,398.5293884277344,92.1884765625,185.36000061035156,36.62639617919922,73.68069458007812
2023-04-20,396.3546142578125,92.97660827636719,186.08999633789062,36.570682525634766,72.954345703125
2023-04-21,396.6624755859375,92.45411682128906,184.25,36.227073669433594,72.96320343017578
2023-04-24,397.0762939453125,93.34859466552734,184.80999755859375,36.143489837646484,72.68859100341797
2023-04-25,390.7731628417969,94.7212142944336,185.75,35.465572357177734,71.97110748291016
2023-04-26,389.11798095703125,93.7116470336914,184.74000549316406,35.66987609863281,71.28018188476562
2023-04-27,396.8645935058594,92.78179931640625,184.75,36.15277862548828,72.89232635498047
2023-04-28,400.2518615722656,94.27840423583984,184.8000030517578,36.33851623535156,73.7869873046875
2023-05-01,399.8477783203125,91.5599365234375,183.97000122070312,36.21778869628906,73.23779296875
2023-05-02,395.3537902832031,93.84160614013672,187.52000427246094,35.86489486694336,71.99767303466797
2023-05-03,392.64007568359375,94.36542510986328,189.11000061035156,35.80917739868164,71.71421813964844
2023-05-04,389.8590393066406,93.43321990966797,190.44000244140625,36.0970573425293,72.30770111083984
2023-05-05,397.0762939453125,93.12250518798828,187.4600067138672,36.5799674987793,73.51239013671875
2023-05-08,397.1821594238281,91.81742095947266,187.69000244140625,36.59853744506836,73.08721160888672
2023-05-09,395.4404296875,91.48892974853516,189.02000427246094,36.37565994262695,72.77718353271484
2023-05-10,397.2880554199219,92.3767318725586,188.75,36.35708999633789,73.4769515991211
2023-05-11,396.59515380859375,93.35333251953125,187.1300048828125,36.227073669433594,72.67089080810547
2023-05-12,396.07550048828125,92.5720443725586,186.80999755859375,35.79989242553711,72.66203308105469
2023-05-15,397.4419860839844,91.61320495605469,187.2100067138672,36.459232330322266,72.53801727294922
2023-05-16,394.7860107421875,91.33799743652344,184.8699951171875,36.19921875,70.72212982177734
2023-05-17,399.578369140625,91.07164001464844,184.22999572753906,36.36637496948242,71.67878723144531
2023-05-18,403.42755126953125,90.39691925048828,181.83999633789062,36.171356201171875,71.33332824707031
2023-05-19,402.84051513671875,89.75769805908203,183.63999938964844,36.19921875,71.21817779541016
2023-05-22,403.004150390625,89.43807983398438,183.2100067138672,36.49637985229492,71.65220642089844
2023-05-23,398.48126220703125,89.6955337524414,183.42999267578125,35.929901123046875,70.97898864746094
2023-05-24,395.5943298339844,89.25164031982422,181.9499969482422,35.660587310791016,69.45543670654297
2023-05-25,399.0201416015625,89.0296859741211,180.1999969482422,35.58629608154297,69.44656372070312
2023-05-26,404.1877136230469,89.74880981445312,180.9199981689453,36.21778869628906,70.2437973022461
2023-05-30,404.3417053222656,90.64551544189453,182.0399932861328,35.79989242553711,70.50953674316406
2023-05-31,402.0995788574219,91.4356689453125,182.32000732421875,35.465572357177734,70.86385345458984
2023-06-01,405.9198913574219,91.79437255859375,183.75999450683594,36.0970573425293,70.87271881103516
2023-06-02,411.78997802734375,90.78849792480469,181.0500030517578,36.71926498413086,72.60001373291016
2023-06-05,411.0009460449219,90.61937713623047,182.13999938964844,36.7099723815918,72.09512329101562
2023-06-06,411.89581298828125,91.15348815917969,182.33999633789062,37.035011291503906,72.7860336303711
2023-06-07,410.4715576171875,89.8004150390625,180.14999389648438,36.87590026855469,74.12358856201172
2023-06-08,412.9543762207031,90.85082244873047,182.52999877929688,37.137962341308594,73.6629867553711
2023-06-09,413.6953430175781,90.7261734008789,182.0399932861328,37.30643081665039,73.23779296875
2023-06-12,417.4483337402344,90.99323272705078,181.8800048828125,37.38130569458008,73.2554931640625
2023-06-13,420.2004699707031,90.09414672851562,180.5399932861328,37.755680084228516,73.72498321533203
2023-06-14,420.7008972167969,90.81521606445312,180.63999938964844,38.036460876464844,73.99958801269531
2023-06-15,425.9166259765625,91.68757629394531,181.91000366210938,38.39211654663086,74.38932037353516
2023-06-16,424.4659118652344,91.33149719238281,181.6300048828125,38.26108169555664,74.33618927001953
2023-06-20,422.26361083984375,91.96351623535156,179.75,37.51233673095703,73.45924377441406
2023-06-21,420.10003662109375,92.18606567382812,179.49000549316406,37.33450698852539,73.01634216308594
2023-06-22,421.6164855957031,91.0733413696289,177.7100067138672,37.20347595214844,71.97110748291016
2023-06-23,418.4291076660156,91.98133087158203,178.1999969482422,36.6606330871582,70.97898864746094
2023-06-26,416.719482421875,92.0792465209961,178.50999450683594,36.78230285644531,72.61775970458984
2023-06-27,421.28814697265625,91.8388900756836,177.69000244140625,37.156681060791016,73.51239013671875
2023-06-28,421.5006103515625,92.23058319091797,177.27999877929688,36.93205642700195,73.61869049072266
2023-06-29,423.1618957519531,90.56594848632812,177.08999633789062,36.73550796508789,74.44103240966797
2023-06-30,428.15557861328125,91.63419342041016,178.27000427246094,37.02565002441406,74.85309600830078
2023-07-03,428.648193359375,91.11466979980469,178.47000122070312,37.43746566772461,75.587646484375
2023-07-05,428.0106506347656,90.24889373779297,177.83999633789062,37.212833404541016,75.75785064697266
2023-07-06,424.6590270996094,88.97248840332031,177.30999755859375,36.45472717285156,75.17559051513672
2023-07-07,423.5868835449219,88.43693542480469,178.63999938964844,36.866539001464844,75.00538635253906
2023-07-10,424.6590270996094,88.55298614501953,178.77999877929688,36.89461898803711,75.32788848876953
2023-07-11,427.3634948730469,89.00819396972656,179.4499969482422,37.26899337768555,76.40283203125
2023-07-12,430.8020935058594,89.99894714355469,181.8800048828125,38.10197830200195,76.81490325927734
2023-07-13,434.22125244140625,90.94507598876953,182.00999450683594,38.598026275634766,77.30758666992188
2023-07-14,433.9508056640625,90.4095458984375,181.42999267578125,38.38275146484375,77.1552963256836
2023-07-17,435.45758056640625,90.45417022705078,181.55999755859375,38.4295539855957,76.65365600585938
2023-07-18,438.69329833984375,90.86476135253906,183.63999938964844,38.148773193359375,76.23263549804688
2023-07-19,439.66888427734375,91.8912124633789,183.6699981689453,38.07389831542969,77.09259033203125
2023-07-20,436.7518615722656,90.77548217773438,182.74000549316406,37.793113708496094,76.84176635742188
2023-07-21,436.7518615722656,90.80229949951172,182.17999267578125,37.736961364746094,77.2000961303711
2023-07-24,438.7029724121094,90.47200775146484,181.39999389648438,38.25172424316406,77.83611297607422
2023-07-25,439.9006042480469,90.30242919921875,182.41000366210938,38.569942474365234,77.28071594238281
2023-07-26,439.9682312011719,90.39168548583984,183.3000030517578,38.79457092285156,77.63008117675781
2023-07-27,437.05126953125,88.6333236694336,180.4199981689453,38.31724166870117,75.94596862792969
2023-07-28,441.3302001953125,89.08851623535156,181.86000061035156,39.24382019042969,75.88325500488281
2023-07-31,442.1704406738281,89.30276489257812,182.35000610351562,39.262542724609375,76.37598419189453
2023-08-01,440.9051818847656,87.83934783935547,180.4600067138672,38.7664909362793,76.25055694580078
2023-08-02,434.7718505859375,86.89955139160156,179.60000610351562,37.83991241455078,75.81160736083984
2023-08-03,433.52581787109375,84.89466094970703,179.5399932861328,37.989662170410156,74.98746490478516
2023-08-04,431.5650939941406,86.39833068847656,180.19000244140625,37.942867279052734,74.3783187866211
2023-08-07,435.33203125,85.54804992675781,179.77999877929688,37.8867073059082,75.30996704101562
2023-08-08,433.4388732910156,86.54154968261719,178.63999938964844,37.428104400634766,74.82622528076172
2023-08-09,430.541259765625,86.98905181884766,177.7899932861328,37.52169418334961,74.81726837158203
2023-08-10,430.69573974609375,85.5570068359375,177.60000610351562,37.57785415649414,74.53060150146484
2023-08-11,430.4446716308594,85.36007690429688,177.60000610351562,37.02565002441406,74.64706420898438
2023-08-14,432.8207092285156,85.17213439941406,177.05999755859375,36.84782028198242,74.15437316894531
2023-08-15,427.7789001464844,84.65299987792969,176.58999633789062,36.4266471862793,73.32128143310547
2023-08-16,424.6397399902344,83.99064636230469,175.57000732421875,36.09907531738281,72.4165267944336
2023-08-17,421.4040222167969,83.63264465332031,175.3000030517578,36.18330383300781,71.83424377441406
2023-08-18,421.6068420410156,83.92802429199219,175.3300018310547,35.939964294433594,72.05819702148438
2023-08-21,424.3499450683594,82.8092041015625,175.80999755859375,36.02419662475586,71.39530181884766
2023-08-22,423.2005615234375,83.4447021484375,176.10000610351562,35.94932174682617,71.60134887695312
2023-08-23,427.9140625,85.5122299194336,177.88999938964844,36.52024841308594,72.73005676269531
2023-08-24,421.9835510253906,84.94837188720703,177.85000610351562,36.37984848022461,72.45235443115234
2023-08-25,424.9584655761719,85.22582244873047,177.6199951171875,36.41728591918945,72.506103515625
2023-08-28,427.65325927734375,85.31532287597656,178.1300048828125,36.772945404052734,73.1869125366211
2023-08-29,433.83489990234375,86.2014389038086,179.8699951171875,37.24091339111328,74.0737533569336
2023-08-30,435.6217956542969,86.11190032958984,180.32000732421875,37.119239807128906,74.34248352050781
2023-08-31,434.9842834472656,86.49678039550781,180.02000427246094,36.6606330871582,73.7960433959961
2023-09-01,435.7956237792969,85.1492919921875,180.11000061035156,37.09116744995117,73.92146301269531
2023-09-05,433.9122009277344,83.955322265625,178.63999938964844,36.791664123535156,73.06149291992188
2023-09-06,430.99517822265625,84.16180419921875,177.8300018310547,36.58576202392578,72.90922546386719
2023-09-07,429.6719970703125,84.39519500732422,178.02000427246094,36.15522766113281,73.36607360839844
2023-09-08,430.319091796875,84.7183837890625,178.0800018310547,36.230098724365234,73.07941436767578
2023-09-11,433.14910888671875,84.10794067382812,178.41000366210938,36.679351806640625,73.08837127685547
2023-09-12,430.7730712890625,84.59269714355469,177.49000549316406,36.56704330444336,73.05253601074219
2023-09-13,431.2752990722656,84.57476043701172,177.0800018310547,36.52024841308594,72.25528717041016
2023-09-14,434.9939270019531,83.96429443359375,177.1699981689453,36.76358413696289,73.56314849853516
2023-09-15,429.75299072265625,83.45258331298828,178.33999633789062,36.623199462890625,73.28545379638672
2023-09-18,430.0050048828125,83.92840576171875,179.38999938964844,36.57640075683594,72.63152313232422
2023-09-19,429.11328125,83.30894470214844,179.22000122070312,36.36113357543945,72.3000717163086
2023-09-20,425.16827392578125,83.56929779052734,179.35000610351562,36.21138381958008,72.3627700805664
2023-09-21,418.14093017578125,81.42372131347656,178.0500030517578,35.58430862426758,69.8993148803711
2023-09-22,417.20074462890625,82.07909393310547,178.6199951171875,36.00547790527344,69.37080383300781
2023-09-25,418.95513916015625,80.0592041015625,177.6999969482422,35.846370697021484,69.30809020996094
2023-09-26,412.8002014160156,79.7808837890625,176.27999877929688,35.34096145629883,68.04501342773438
2023-09-27,412.9649353027344,79.3679428100586,174.10000610351562,35.39712142944336,67.58814239501953
2023-09-28,415.3590393066406,79.6103286743164,173.22999572753906,35.4907112121582,68.2366943359375
2023-09-29,414.35101318359375,79.61931610107422,171.4499969482422,35.51879119873047,68.43569946289062
2023-10-02,414.1863098144531,78.28646087646484,169.64999389648438,35.34096145629883,67.17840576171875
2023-10-03,408.6419677734375,76.60237884521484,169.16000366210938,34.872989654541016,65.86687469482422
2023-10-04,411.61761474609375,77.68306732177734,169.13999938964844,34.77004623413086,66.671875
2023-10-05,411.46258544921875,77.29585266113281,168.8300018310547,34.90107345581055,67.04273986816406
2023-10-06,416.3478088378906,76.35924530029297,169.6999969482422,35.40647888183594,67.22364044189453
2023-10-09,419.0133056640625,78.1513671875,172.82000732421875,35.238014221191406,67.95629119873047
2023-10-10,421.19427490234375,78.04330444335938,172.52999877929688,35.74341583251953,68.28191375732422
2023-10-11,422.9195556640625,79.67333221435547,173.7899932861328,35.96803665161133,69.46683502197266
2023-10-12,420.3412170410156,77.51197814941406,173.25999450683594,35.56558609008789,68.45377349853516
2023-10-13,418.24755859375,78.89884948730469,178.8300018310547,35.4345588684082,68.28191375732422
2023-10-16,422.648193359375,77.62907409667969,177.9600067138672,35.69662094116211,69.09597778320312
2023-10-17,422.6287841796875,76.77350616455078,178.2899932861328,35.60302734375,68.99649810791016
2023-10-18,416.9971923828125,76.09805297851562,180.8699951171875,35.0601806640625,67.53117370605469
2023-10-19,413.3332824707031,74.54010772705078,183.08999633789062,34.85427474975586,65.93018341064453
2023-10-20,408.25421142578125,74.96337890625,183.58999633789062,34.43310546875,65.4869613647461
2023-10-23,407.546630859375,75.86393737792969,182.97000122070312,34.40502166748047,64.84476470947266
2023-10-24,410.6192626953125,76.86356353759766,182.9499969482422,34.84491729736328,65.67691040039062
2023-10-25,404.72601318359375,75.15247344970703,183.72000122070312,34.38631057739258,64.26587677001953
2023-10-26,399.87957763671875,76.3051986694336,184.00999450683594,34.217838287353516,65.49600982666016
2023-10-27,398.0670166015625,75.98103332519531,186.14999389648438,34.18975830078125,64.44677734375
2023-10-30,402.8262023925781,75.6387710571289,185.10000610351562,34.54541778564453,64.85380554199219
2023-10-31,405.35601806640625,75.26956176757812,184.08999633789062,34.348873138427734,65.95730590820312
2023-11-01,409.6791076660156,76.90157318115234,183.50999450683594,34.66708755493164,66.36434173583984
2023-11-02,417.5303649902344,78.65467071533203,184.1199951171875,35.275447845458984,68.54422760009766
2023-11-03,421.3395690917969,79.18782806396484,184.7899932861328,35.99611282348633,70.18140411376953
2023-11-06,422.3088684082031,78.41971588134766,183.35000610351562,36.286258697509766,69.1683349609375
2023-11-07,423.5107727050781,79.5763931274414,182.58999633789062,36.22074890136719,68.5985107421875
2023-11-08,423.82098388671875,80.93190002441406,180.77000427246094,35.97739791870117,68.82462310791016
2023-11-09,420.5157470703125,79.07034301757812,181.49000549316406,35.64046096801758,67.73920440673828
2023-11-10,427.0777587890625,79.5131607055664,179.50999450683594,35.893165588378906,68.37237548828125
2023-11-13,426.6706848144531,79.33242797851562,180.50999450683594,35.88380432128906,67.80252838134766
2023-11-14,434.9483947753906,81.13069915771484,182.1199951171875,36.83845901489258,71.56532287597656
2023-11-15,435.86920166015625,79.99208068847656,181.63999938964844,37.147315979003906,71.77336120605469
2023-11-16,436.4023132324219,80.98612976074219,183.69000244140625,36.791664123535156,71.61959838867188
2023-11-17,436.9450988769531,81.36563110351562,183.6699981689453,36.83845901489258,71.56532287597656
2023-11-20,440.3085021972656,81.86266326904297,183.3699951171875,37.29706954956055,72.08992004394531
2023-11-21,439.3490295410156,81.82653045654297,185.35000610351562,37.063087463378906,71.5833969116211
2023-11-22,441.0451965332031,82.1156997680664,184.55999755859375,36.988216400146484,71.93616485595703
2023-11-24,441.3166198730469,81.14879608154297,185.52000427246094,37.00693130493164,72.14419555664062
2023-11-27,440.52178955078125,82.50426483154297,186.77000427246094,36.857181549072266,72.40650939941406
2023-11-28,440.95794677734375,82.66693115234375,189.25999450683594,37.166038513183594,72.88591003417969
2023-11-29,440.64776611328125,83.70614624023438,189.5399932861328,36.950775146484375,73.3924331665039
2023-11-30,442.3828125,82.73920440673828,188.75,37.02565002441406,73.92610168457031
2023-12-01,444.9999084472656,84.29755401611328,192.00999450683594,37.184757232666016,75.74417114257812
2023-12-04,442.6639709472656,83.96212005615234,187.86000061035156,36.76358413696289,76.29592895507812
2023-12-05,442.5766906738281,85.76610565185547,187.14999389648438,36.53896713256836,75.78939819335938
2023-12-06,440.7932434082031,86.90833282470703,187.83999633789062,36.49217224121094,75.56327056884766
2023-12-07,444.1566467285156,86.40973663330078,188.14999389648438,36.66999435424805,75.78036499023438
2023-12-08,446.066162109375,85.70262908935547,185.63999938964844,36.51088333129883,75.65373229980469
2023-12-11,447.8011779785156,85.52132415771484,183.58999633789062,36.72615051269531,75.86177062988281
2023-12-12,449.8464050292969,85.77516174316406,183.49000549316406,36.73550796508789,75.81653594970703
2023-12-13,456.0498046875,87.78764343261719,187.6300048828125,37.100521087646484,78.72003173828125
2023-12-14,457.513427734375,90.07125854492188,188.72999572753906,37.64337158203125,80.99036407470703
2023-12-15,456.7601013183594,90.1712875366211,187.0,37.418739318847656,79.85069274902344
2023-12-18,459.3294372558594,89.45284271240234,187.85000610351562,37.4000244140625,79.66976928710938
2023-12-19,462.1225891113281,89.93482971191406,189.1300048828125,37.71824264526367,80.27579498291016
2023-12-20,455.71881103515625,90.54418182373047,188.10000610351562,37.03925323486328,79.2989273071289
2023-12-21,460.0398864746094,89.97122955322266,189.42999267578125,37.735408782958984,80.0021743774414
2023-12-22,460.96441650390625,89.56198120117188,190.27000427246094,37.55421829223633,80.3134765625
2023-12-26,462.9108581542969,89.81661224365234,191.72000122070312,37.84983825683594,80.90867614746094
2023-12-27,463.747802734375,91.40814971923828,192.58999633789062,38.06917953491211,81.30241394042969
2023-12-28,463.92303466796875,90.74424743652344,191.47000122070312,38.36480712890625,81.87928771972656
2023-12-29,462.5799865722656,89.9257583618164,191.1699981689453,38.34573745727539,80.90867614746094
2024-01-02,459.9912414550781,89.40735626220703,190.72000122070312,37.89752197265625,81.60458374023438
2024-01-03,456.2346496582031,89.78024291992188,189.1300048828125,37.68772888183594,79.65421295166016
2024-01-04,454.7650451660156,88.41608428955078,189.32000732421875,37.563751220703125,79.50769805908203
2024-01-05,455.3879089355469,87.57030487060547,189.35000610351562,37.61143112182617,79.3062515258789
2024-01-08,461.8889465332031,88.43427276611328,187.8699951171875,37.71633529663086,80.44168090820312
2024-01-09,461.18829345703125,87.87040710449219,187.92999267578125,37.18230438232422,79.90143585205078
2024-01-10,463.7964782714844,87.46115112304688,187.5,37.09646987915039,79.99300384521484
2024-01-11,463.5921325683594,87.9522476196289,187.8699951171875,37.249053955078125,79.25130462646484
2024-01-12,463.9132995605469,87.77944946289062,189.7100067138672,37.38256072998047,79.72746276855469
2024-01-16,462.2101135253906,86.23341369628906,187.91000366210938,36.47660827636719,79.14143371582031
2024-01-17,459.64093017578125,86.09698486328125,185.83999633789062,35.93303298950195,77.6946792602539
2024-01-18,463.72833251953125,85.29668426513672,187.3699951171875,36.228660583496094,77.27346801757812
2024-01-19,469.5093078613281,85.56951141357422,187.92999267578125,36.61011505126953,78.19828033447266
2024-01-22,470.501953125,86.07881164550781,187.22000122070312,36.2858772277832,78.66529083251953
2024-01-23,471.87420654296875,85.396728515625,187.9499969482422,36.60057830810547,78.12503814697266
2024-01-24,472.3900146484375,84.89651489257812,186.39999389648438,37.010643005371094,77.00791931152344
2024-01-25,474.9593505859375,85.45127868652344,187.13999938964844,37.05832290649414,77.99684143066406
2024-01-26,474.35589599609375,85.28758239746094,187.00999450683594,37.08693313598633,77.7770767211914
2024-01-29,478.1125183105469,86.26978302001953,188.3300018310547,37.10600280761719,78.28985595703125
2024-01-30,477.74267578125,87.05191802978516,188.58999633789062,36.81038284301758,77.55731964111328
2024-01-31,469.947265625,87.90679931640625,188.4499969482422,36.61011505126953,76.81562805175781
2024-02-01,476.0980224609375,89.63115692138672,190.41000366210938,36.96295928955078,78.20745086669922
2024-02-02,481.1100158691406,87.65132141113281,188.61000061035156,36.85806655883789,77.23683166503906
2024-02-05,479.3582458496094,85.88131713867188,187.57000732421875,36.90574645996094,75.61609649658203
2024-02-06,480.7499694824219,86.72071075439453,188.5500030517578,37.74494552612305,76.63249969482422
2024-02-07,484.7596130371094,86.3010025024414,188.5,37.79262924194336,76.52261352539062
2024-02-08,484.97369384765625,85.7992172241211,188.3300018310547,37.58282470703125,77.14527130126953
2024-02-09,487.7765808105469,85.62586975097656,187.60000610351562,37.74494552612305,77.2643051147461
2024-02-12,487.56243896484375,85.7262191772461,187.11000061035156,38.04056930541992,77.28263092041016
2024-02-13,480.84722900390625,84.2573013305664,184.52999877929688,37.32534408569336,75.68936157226562
2024-02-14,485.217041015625,84.68612670898438,184.4199981689453,37.859378814697266,76.2845230102539
2024-02-15,488.5649108886719,85.12406158447266,185.66000366210938,38.04056930541992,78.0609359741211
2024-02-16,486.13189697265625,84.63139343261719,186.33999633789062,38.221763610839844,77.2551498413086
2024-02-20,483.45556640625,84.7043685913086,187.47000122070312,38.27897644042969,77.11779022216797
2024-02-21,483.8934020996094,84.10221099853516,187.47999572753906,38.34573745727539,77.54814910888672
2024-02-22,493.9078369140625,84.51277923583984,187.55999755859375,38.73672103881836,77.6946792602539
2024-02-23,494.2484436035156,85.64410400390625,188.6199951171875,38.7176513671875,77.65804290771484
2024-02-26,492.43829345703125,85.38864135742188,188.1999969482422,38.545997619628906,76.80648040771484
2024-02-27,493.3531188964844,84.78648376464844,188.0,38.622291564941406,76.89804077148438
2024-02-28,492.7010192871094,85.32477569580078,188.33999633789062,38.11686706542969,77.67636108398438
2024-02-29,494.4722595214844,85.92694854736328,189.30999755859375,38.13593673706055,78.33564758300781
2024-03-01,499.114501953125,86.46236419677734,192.88999938964844,38.603214263916016,79.26961517333984
2024-03-04,498.5793151855469,86.11455535888672,196.00999450683594,38.51738739013672,80.01131439208984
2024-03-05,493.5964050292969,87.34098052978516,197.19000244140625,38.174076080322266,79.04071044921875
2024-03-06,496.0975646972656,87.853515625,198.80999755859375,38.72718811035156,79.4344482421875
2024-03-07,501.0220642089844,87.7711410522461,199.94000244140625,38.965599060058594,79.4161376953125
2024-03-08,498.01483154296875,87.61556243896484,201.6300048828125,38.92744827270508,80.3318099975586
2024-03-11,497.5865478515625,87.56978607177734,202.0,39.01327896118164,79.94722747802734
2024-03-12,502.9393310546875,86.83758544921875,199.7899932861328,39.442413330078125,79.77325439453125
2024-03-13,502.15093994140625,86.41661071777344,201.19000244140625,39.318443298339844,79.37034606933594
2024-03-14,501.1583251953125,85.08949279785156,200.35000610351562,39.11817932128906,78.17996215820312
2024-03-15,497.717041015625,85.06205749511719,199.7100067138672,38.87976837158203,78.00599670410156
2024-03-18,500.6750793457031,84.80577087402344,200.02999877929688,38.94652557373047,78.04263305664062
2024-03-19,503.4574279785156,85.04375457763672,199.8000030517578,38.75579833984375,78.01515197753906
2024-03-20,508.1139831542969,85.01630401611328,202.17999267578125,39.19447326660156,78.52793884277344
2024-03-21,509.793212890625,85.19932556152344,201.97000122070312,39.242156982421875,79.09564208984375
2024-03-22,508.82672119140625,86.01390075683594,200.35000610351562,38.965599060058594,78.1001205444336
2024-03-25,507.4209289550781,85.58372497558594,200.99000549316406,38.99420928955078,77.61990356445312
2024-03-26,506.4836730957031,85.82171630859375,201.63999938964844,38.965599060058594,77.30591583251953
2024-03-27,510.74017333984375,86.67285919189453,203.10000610351562,39.032352447509766,79.30066680908203
2024-03-28,510.64239501953125,86.59965515136719,205.72000122070312,39.1754035949707,79.8639907836914
2024-04-01,509.75408935546875,84.9853515625,207.82000732421875,39.242156982421875,78.5249252319336
2024-04-02,506.5130920410156,84.51702880859375,210.88999938964844,39.36612319946289,77.53678894042969
2024-04-03,507.0694274902344,84.49866485595703,212.74000549316406,39.39473342895508,77.61990356445312
2024-04-04,500.8800964355469,85.10469055175781,211.52000427246094,39.25168991088867,77.12120819091797
2024-04-05,506.11273193359375,83.9201431274414,215.13999938964844,39.33751678466797,77.51832580566406
2024-04-08,506.39581298828125,83.91098022460938,216.47999572753906,39.595001220703125,78.3494644165039
2024-04-09,506.98162841796875,84.69149780273438,217.6699981689453,39.86201095581055,79.39301300048828
2024-04-10,501.90509033203125,82.84577941894531,215.61000061035156,39.318443298339844,76.1053695678711
2024-04-11,505.6929626464844,82.46929931640625,219.8000030517578,39.556854248046875,76.36394500732422
2024-04-12,498.71282958984375,82.9100570678711,216.88999938964844,38.65089416503906,75.45890808105469
2024-04-15,492.46490478515625,81.62448120117188,220.9499969482422,38.4029541015625,74.17525482177734
2024-04-16,491.5667419433594,81.08273315429688,221.22000122070312,37.89752197265625,73.1317138671875
2024-04-17,488.65753173828125,81.98260498046875,219.58999633789062,37.86891555786133,72.59608459472656
2024-04-18,487.6520690917969,81.56939697265625,220.33999633789062,38.0214958190918,72.60531616210938
2024-04-19,483.3956298828125,81.86324310302734,221.02999877929688,37.86891555786133,72.95623779296875
2024-04-22,487.8472900390625,81.72550201416016,215.57000732421875,38.27897644042969,73.60267639160156
2024-04-23,493.6363220214844,81.75305938720703,215.0399932861328,38.59368133544922,74.27684020996094
2024-04-24,493.4020690917969,81.17454528808594,214.63999938964844,38.72718811035156,74.41536712646484
2024-04-25,491.5276794433594,80.6052017211914,215.9199981689453,38.813018798828125,73.99055480957031
2024-04-26,496.1844177246094,81.0276107788086,216.6199951171875,39.26122283935547,74.02750396728516
2024-04-29,497.9416198730469,81.70712280273438,216.17999267578125,39.64268112182617,74.78477478027344
2024-04-30,490.0535888671875,81.0092544555664,211.8699951171875,39.08957290649414,73.51956939697266
2024-05-01,488.4622802734375,81.60638427734375,213.7899932861328,39.127716064453125,73.54728698730469
2024-05-02,493.0311279296875,81.95655822753906,213.1300048828125,40.13856887817383,74.58160400390625
2024-05-03,499.14239501953125,82.7858657836914,212.9600067138672,40.50095748901367,75.08029174804688
2024-05-06,504.29693603515625,83.10839080810547,215.1999969482422,40.53909683227539,75.14492797851562
2024-05-07,504.85345458984375,83.61520385742188,214.2100067138672,40.31022644042969,75.85601806640625
2024-05-08,504.90216064453125,83.10839080810547,213.5800018310547,40.319759368896484,75.21880340576172
2024-05-09,507.8114013671875,83.51382446289062,216.9499969482422,40.4437370300293,76.76105499267578
2024-05-10,508.465576171875,83.04389953613281,218.7100067138672,40.529563903808594,76.54864501953125
2024-05-13,508.5337829589844,83.25582122802734,216.25999450683594,40.83473205566406,76.79798126220703
2024-05-14,510.8670654296875,83.72577667236328,218.08999633789062,41.05406188964844,77.38902282714844
2024-05-15,517.1930541992188,84.868408203125,220.88999938964844,41.49272918701172,78.46027374267578
2024-05-16,516.1290283203125,84.78547668457031,220.02999877929688,41.57856369018555,78.40487670898438
2024-05-17,516.8709106445312,84.21416473388672,223.66000366210938,41.75975799560547,78.39563751220703
2024-05-20,517.4664306640625,83.96536254882812,224.55999755859375,41.607173919677734,77.93388366699219
2024-05-21,518.7355346679688,84.3984603881836,224.22999572753906,41.349693298339844,77.90618133544922
2024-05-22,517.241943359375,84.49980926513672,220.11000061035156,41.21617889404297,77.20433807373047
2024-05-23,513.4638061523438,83.95614624023438,215.72000122070312,40.9110221862793,75.54203796386719
2024-05-24,516.8612060546875,84.20496368408203,215.9199981689453,41.02545166015625,75.5974349975586
2024-05-28,517.222412109375,82.99781036376953,218.19000244140625,40.96823501586914,75.0987548828125
2024-05-29,513.6004638671875,81.9933853149414,216.16000366210938,40.35791015625,74.36918640136719
2024-05-30,510.1933898925781,82.7858657836914,216.57000732421875,40.24346923828125,75.45890808105469
2024-05-31,514.84033203125,83.34797668457031,215.3000030517578,39.852481842041016,76.87187194824219
2024-06-03,515.2601318359375,84.69609832763672,217.22000122070312,40.27207946777344,76.6964111328125
2024-06-04,515.8360595703125,85.6854248046875,215.27000427246094,39.709434509277344,77.28744506835938
2024-06-05,521.9669189453125,86.31417083740234,217.82000732421875,40.34836959838867,77.1950912475586
2024-06-06,521.9571533203125,86.18473052978516,219.42999267578125,40.54863739013672,77.34284973144531
2024-06-07,521.3224487304688,84.60360717773438,211.60000610351562,40.09088897705078,76.61328887939453
2024-06-10,522.933349609375,84.03958892822266,213.5399932861328,40.32929611206055,76.87187194824219
2024-06-11,524.1927490234375,84.90875244140625,214.14999389648438,40.19486999511719,76.5948257446289
2024-06-12,528.4979248046875,85.54673767089844,214.72000122070312,40.5981559753418,77.2781982421875
2024-06-13,529.5619506835938,86.80422973632812,212.97000122070312,40.50213623046875,77.5921859741211
2024-06-14,529.8842163085938,87.53469848632812,215.72999572753906,40.550148010253906,77.57372283935547
2024-06-17,534.1016235351562,86.66553497314453,214.61000061035156,40.809410095214844,77.26896667480469
2024-06-18,535.4585571289062,87.4607162475586,215.47000122070312,41.183895111083984,77.57372283935547
2024-06-20,534.0039672851562,86.87821197509766,218.16000366210938,41.11668014526367,77.35209655761719
2024-06-21,533.2880859375,86.87821197509766,214.77999877929688,40.9726448059082,77.54601287841797
2024-06-24,531.554443359375,87.22955322265625,215.6300048828125,40.9726448059082,78.14629364013672
2024-06-25,533.6014404296875,87.37751007080078,214.55999755859375,40.876625061035156,77.18585968017578
2024-06-26,534.2675170898438,86.12925720214844,212.5800018310547,40.79020309448242,76.94574737548828
2024-06-27,535.1096801757812,86.47138977050781,214.99000549316406,40.81901168823242,77.69377136230469
2024-06-28,533.0040283203125,84.8625259399414,215.00999450683594,40.89582824707031,78.31366729736328
2024-07-01,534.1008911132812,83.39789581298828,215.57000732421875,40.99184799194336,77.57504272460938
2024-07-02,537.6953735351562,84.04717254638672,215.55999755859375,41.11668014526367,77.9396743774414
2024-07-03,540.0947875976562,85.15098571777344,217.99000549316406,41.72161865234375,77.8648910522461
2024-07-05,543.2092895507812,85.85594940185547,220.92999267578125,41.89446258544922,78.07991790771484
2024-07-08,543.8361206054688,86.04145812988281,218.19000244140625,41.90406036376953,78.33235931396484
2024-07-09,544.3649291992188,85.6611557006836,218.55999755859375,42.076900482177734,78.31366729736328
2024-07-10,549.7515869140625,85.9301528930664,219.36000061035156,42.31695556640625,78.89335632324219
2024-07-11,545.0112915039062,86.76495361328125,223.25,42.56661605834961,81.15599822998047
2024-07-12,548.448974609375,87.135986328125,223.11000061035156,42.73945236206055,81.77308654785156
2024-07-15,549.957275390625,86.13420867919922,223.8300018310547,42.288150787353516,82.32472229003906
2024-07-16,553.218505859375,87.34931945800781,228.2899932861328,42.52820587158203,83.33448028564453
2024-07-17,545.4617919921875,87.36787414550781,227.22999572753906,41.836849212646484,83.90481567382812
2024-07-18,541.2700805664062,86.70004272460938,225.77999877929688,41.44315719604492,83.16619873046875
2024-07-19,537.67578125,86.18988800048828,221.72999572753906,41.03986358642578,83.01659393310547
2024-07-22,543.2190551757812,85.9394302368164,221.8000030517578,41.38554000854492,83.87678527832031
2024-07-23,542.366943359375,85.81884002685547,222.5800018310547,41.020660400390625,83.81133270263672
2024-07-24,530.0756225585938,84.8912582397461,221.8000030517578,40.425315856933594,82.57716369628906
2024-07-25,527.313720703125,85.58694458007812,218.3300018310547,40.262081146240234,82.30602264404297
2024-07-26,533.2194213867188,86.2547836303711,220.6300048828125,40.67498016357422,83.74588012695312
2024-07-29,533.532958984375,86.71856689453125,220.32000732421875,40.54054641723633,84.17597198486328
2024-07-30,530.829833984375,87.05250549316406,222.52000427246094,40.35810470581055,84.8304672241211
2024-07-31,539.4581298828125,87.94296264648438,226.5500030517578,41.24150848388672,84.5312728881836
2024-08-01,531.8189697265625,88.70146179199219,225.77000427246094,40.521339416503906,85.38209533691406
2024-08-02,521.9172973632812,91.46553802490234,225.33999633789062,39.94520950317383,85.33534240722656
2024-08-05,506.7171630859375,91.9494857788086,222.47999572753906,38.8121452331543,82.89505767822266
2024-08-06,511.3888854980469,89.89270782470703,220.6999969482422,39.03300094604492,84.5312728881836
2024-08-07,507.97076416015625,89.2598876953125,220.5500030517578,39.27305603027344,83.95157623291016
2024-08-08,519.7136840820312,88.71075439453125,224.00999450683594,40.16606140136719,84.77436065673828
2024-08-09,522.0054321289062,89.5855941772461,224.55999755859375,40.38691329956055,85.16704559326172
2024-08-12,522.2796630859375,89.91133880615234,228.41000366210938,40.521339416503906,84.54061126708984
2024-08-13,530.868896484375,90.53485870361328,228.05999755859375,40.9726448059082,85.27925109863281
2024-08-14,532.5435791015625,91.10258483886719,226.1999969482422,40.75179672241211,85.5036392211914
2024-08-15,541.671630859375,90.36734771728516,226.91000366210938,41.20309829711914,85.43818664550781
2024-08-16,542.8861083984375,90.68379211425781,231.99000549316406,41.68321228027344,85.39144134521484
2024-08-19,548.0767822265625,91.10258483886719,231.61000061035156,42.08650588989258,86.1020278930664
2024-08-20,547.1856079101562,91.8284912109375,232.4600067138672,41.760032653808594,85.99917602539062
2024-08-21,549.0659790039062,91.88433074951172,232.14999389648438,41.92326354980469,86.45731353759766
2024-08-22,544.7567138671875,90.97228240966797,229.3699951171875,41.40474319458008,86.70975494384766
2024-08-23,550.544921875,91.56790924072266,232.02000427246094,42.096107482910156,88.61711120605469
2024-08-26,549.2324829101562,91.33523559570312,232.75999450683594,41.74082565307617,88.5797119140625
2024-08-27,549.9866943359375,91.1770248413086,233.38999938964844,41.79843521118164,88.7105941772461
2024-08-28,546.7938232421875,91.06535339355469,231.75,41.5391731262207,88.36467742919922
2024-08-29,546.8428344726562,90.76753234863281,232.9499969482422,41.558380126953125,88.09352111816406
2024-08-30,552.0629272460938,89.7996597290039,231.2899932861328,41.644798278808594,88.94435119628906
2024-09-03,540.7020263671875,91.26834869384766,230.2899932861328,40.81901168823242,88.8976058959961
2024-09-04,539.5953979492188,92.44480895996094,230.42999267578125,40.809410095214844,89.1500473022461
2024-09-05,538.282958984375,92.96766662597656,232.35000610351562,40.86702346801758,88.86021423339844
2024-09-06,529.2235107421875,92.95833587646484,230.6300048828125,40.11804962158203,88.77605438232422
2024-09-09,535.1488037109375,93.35980987548828,231.60000610351562,40.45412826538086,89.76713562011719
2024-09-10,537.4798583984375,94.01342010498047,232.6199951171875,40.30049514770508,91.0667495727539
2024-09-11,542.9937133789062,93.93871307373047,232.25,40.5981559753418,90.88909912109375
2024-09-12,547.5675659179688,93.4998550415039,236.3300018310547,40.93423843383789,91.27245330810547
2024-09-13,550.4274291992188,93.75196838378906,238.67999267578125,41.12628173828125,92.22612762451172
2024-09-16,551.2403564453125,94.61096954345703,238.66000366210938,41.26071548461914,92.53466796875
2024-09-17,551.4655151367188,94.15345764160156,237.33999633789062,41.30872344970703,91.88953399658203
2024-09-18,549.8299560546875,92.98634338378906,235.50999450683594,41.16468811035156,91.77733612060547
2024-09-19,559.2124633789062,92.67823028564453,239.1699981689453,42.038490295410156,91.79603576660156
2024-09-20,558.2457275390625,92.32341003417969,242.2100067138672,41.95207214355469,91.43140411376953
2024-09-23,559.6408081054688,92.12735748291016,242.67999267578125,42.27854919433594,92.33832550048828
2024-09-24,561.2421264648438,92.10868072509766,246.07000732421875,43.718875885009766,92.4692153930664
2024-09-25,560.0042724609375,91.34305572509766,245.72999572753906,43.257972717285156,91.85211944580078
2024-09-26,562.2244873046875,91.55779266357422,246.97999572753906,44.84233856201172,91.02000427246094
2024-09-27,561.4091186523438,92.03396606445312,245.02000427246094,44.75592041015625,91.135986328125
2024-09-30,563.6588134765625,91.59513854980469,243.05999755859375,44.03575134277344,91.85254669189453
2024-10-01,558.609375,92.2564697265625,245.61000061035156,44.35262680053711,91.258544921875
2024-10-02,558.8450927734375,91.47899627685547,245.66000366210938,45.22642517089844,90.93798828125
2024-10-03,557.8234252929688,90.61721801757812,245.49000549316406,44.68870544433594,90.10826110839844
2024-10-04,562.8925170898438,89.5025405883789,245.0,45.10159683227539,89.674560546875
2024-10-07,557.8037719726562,88.82811737060547,244.1699981689453,45.4760856628418,88.882568359375
2024-10-08,563.0791625976562,88.97798156738281,242.3699951171875,44.35262680053711,89.06169891357422
2024-10-09,566.9793090820312,88.47215270996094,241.0500030517578,44.11256790161133,89.1559829711914
2024-10-10,565.9871215820312,88.12555694580078,242.82000732421875,44.19898986816406,88.3639907836914
2024-10-11,569.3763427734375,87.76961517333984,245.47000122070312,44.51586151123047,89.36341857910156
2024-10-14,574.032958984375,87.83517456054688,245.07000732421875,44.33341979980469,89.90083312988281
2024-10-15,569.5728759765625,88.90304565429688,245.9199981689453,43.39240264892578,90.9851303100586
2024-10-16,572.0484619140625,89.27772521972656,247.14999389648438,43.728485107421875,91.98453521728516
2024-10-17,572.0975952148438,87.86329650878906,248.6300048828125,43.6612663269043,91.258544921875
2024-10-18,574.2981567382812,87.92887115478516,251.27000427246094,44.09336471557617,91.93739318847656
2024-10-21,573.3551025390625,86.39266967773438,251.22000122070312,43.786094665527344,90.13655090332031
2024-10-22,573.050537109375,86.47695922851562,253.92999267578125,43.69007110595703,90.2685546875
2024-10-23,567.8142700195312,86.2427978515625,250.8699951171875,43.430809020996094,90.92854309082031
2024-10-24,569.0423583984375,86.79544830322266,252.8000030517578,43.36360168457031,91.12654876708984
2024-10-25,568.8458862304688,86.308349609375,253.32000732421875,43.32518768310547,90.2685546875
2024-10-28,570.6043701171875,86.07416534423828,253.3300018310547,43.51723098754883,90.55142211914062
2024-10-29,571.5277709960938,86.20532989501953,256.0899963378906,43.3828010559082,89.90083312988281
2024-10-30,569.798828125,86.4582290649414,257.5,42.96030807495117,90.29684448242188
2024-10-31,558.6290283203125,86.5987548828125,253.50999450683594,42.68183898925781,88.7694091796875
2024-11-01,560.9866943359375,85.37784576416016,252.47000122070312,42.720252990722656,87.78886413574219
2024-11-04,559.7783813476562,86.70304870605469,252.8300018310547,42.96030807495117,88.75055694580078
2024-11-05,566.547119140625,87.16357421875,253.39999389648438,43.54603958129883,89.92912292480469
2024-11-06,580.6345825195312,84.77632141113281,245.6999969482422,43.00831604003906,88.01513671875
2024-11-07,585.1241455078125,85.83837127685547,249.64999389648438,43.95893096923828,89.07113647460938
2024-11-08,587.6586303710938,86.92862701416016,247.9600067138672,42.87388610839844,90.40054321289062
2024-11-11,588.2186889648438,86.50568389892578,242.13999938964844,42.54740905761719,89.94798278808594
2024-11-12,586.3915405273438,85.20867156982422,240.0500030517578,41.74082565307617,88.70342254638672
2024-11-13,586.6763916015625,84.40036010742188,237.6300048828125,41.47195816040039,89.1937026977539
2024-11-14,582.9039916992188,84.88909912109375,237.00999450683594,41.24150848388672,88.39228820800781
2024-11-15,575.437744140625,84.66352844238281,236.58999633789062,41.24150848388672,88.43942260742188
2024-11-18,577.7955322265625,84.81391143798828,241.08999633789062,41.71201705932617,89.08056640625
2024-11-19,579.9075317382812,85.24625396728516,243.25,41.68321228027344,89.51427459716797
2024-11-20,580.1041259765625,84.97370147705078,244.6199951171875,41.63520050048828,89.4011459350586
2024-11-21,583.21826171875,84.90789794921875,246.66000366210938,41.54877853393555,90.06112670898438
2024-11-22,585.0259399414062,84.95489501953125,249.83999633789062,41.558380126953125,90.7399673461914
2024-11-25,587.0103149414062,87.15420532226562,242.47999572753906,41.587188720703125,92.0033950805664
2024-11-26,590.075439453125,86.81582641601562,242.9499969482422,41.41434860229492,92.37110137939453
2024-11-27,588.2874145507812,87.41736602783203,243.49000549316406,41.47195816040039,92.96510314941406
2024-11-29,591.9420776367188,88.31964111328125,245.58999633789062,41.5391731262207,92.55024719238281
2024-12-02,593.0029907226562,88.53185272216797,243.44000244140625,41.702415466308594,91.20198059082031
2024-12-03,593.2780151367188,87.76789855957031,243.92999267578125,41.78883361816406,90.7399673461914
2024-12-04,596.9619140625,88.7110366821289,244.6699981689453,41.89446258544922,90.49484252929688
2024-12-05,595.9796142578125,88.89024353027344,242.86000061035156,42.17292022705078,90.27799224853516
2024-12-06,597.109375,89.02227020263672,242.9499969482422,42.10570526123047,90.14598083496094
2024-12-09,594.0344848632812,88.20174407958984,245.36000061035156,42.969905853271484,90.40054321289062
2024-12-10,592.1875,87.78677368164062,248.58999633789062,42.27854919433594,89.0899887084961
2024-12-11,596.7655639648438,86.95680236816406,250.9600067138672,42.451385498046875,88.882568359375
2024-12-12,593.6906127929688,85.9004898071289,247.27999877929688,42.24013900756836,88.74114227294922
2024-12-13,593.5728149414062,85.02338409423828,244.2899932861328,42.27854919433594,88.48656463623047
2024-12-16,596.1072998046875,85.27804565429688,244.8800048828125,42.048095703125,88.17543029785156
2024-12-17,593.6513061523438,85.48551940917969,243.94000244140625,41.9475212097168,87.75114440917969
2024-12-18,575.95849609375,84.41659545898438,239.25999450683594,40.97108840942383,84.13060760498047
2024-12-19,575.7815551757812,83.13841247558594,239.60000610351562,41.1077880859375,82.8294677734375
2024-12-20,582.697265625,83.61180877685547,242.10000610351562,41.27378463745117,84.22489166259766
2024-12-23,586.1866455078125,82.84490203857422,240.9600067138672,41.50812911987305,84.55426025390625
2024-12-24,592.7021484375,83.1952133178711,241.44000244140625,41.63506317138672,85.11592864990234
2024-12-26,592.7416381835938,83.14788055419922,243.07000732421875,41.48860168457031,85.34439849853516
2024-12-27,586.5020141601562,82.46617889404297,241.39999389648438,41.303077697753906,84.48763275146484
2024-12-30,579.80908203125,83.12893676757812,240.6300048828125,40.97108840942383,84.06875610351562
