Date,AGG,CTA,DBMF,KMLM,NTSX,QLD,QQQ,RSBT,RSSB,RSST,SPY,SSO,TQQQ,UPRO
2006-01-03,52.94674301147461,,,,,,35.31254196166992,,,,87.22506713867188,,,
2006-01-04,53.073036193847656,,,,,,35.68011474609375,,,,87.63811492919922,,,
2006-01-05,53.073036193847656,,,,,,35.833953857421875,,,,87.6932144165039,,,
2006-01-06,52.952064514160156,,,,,,36.48362731933594,,,,88.42292785644531,,,
2006-01-09,53.009971618652344,,,,,,36.62894821166992,,,,88.650146484375,,,
2006-01-10,52.9046630859375,,,,,,36.65459442138672,,,,88.73963165283203,,,
2006-01-11,52.86786651611328,,,,,,36.936683654785156,,,,89.02184295654297,,,
2006-01-12,53.004608154296875,,,,,,36.75715637207031,,,,88.67078399658203,,,
2006-01-13,53.1519660949707,,,,,,36.740074157714844,,,,88.58816528320312,,,
2006-01-17,53.178245544433594,,,,,,36.50071334838867,,,,88.34721374511719,,,
2006-01-18,53.24138641357422,,,,,,36.081851959228516,,,,87.9961166381836,,,
2006-01-19,53.16249084472656,,,,,,36.346866607666016,,,,88.33343505859375,,,
2006-01-20,53.18876266479492,,,,,,35.26123046875,,,,86.72247314453125,,,
2006-01-23,53.18876266479492,,,,,,35.269775390625,,,,87.03227996826172,,,
2006-01-24,53.099342346191406,,,,,,35.42365264892578,,,,87.1218032836914,,,
2006-01-25,52.96782302856445,,,,,,35.269775390625,,,,87.1975326538086,,,
2006-01-26,52.80473327636719,,,,,,35.517696380615234,,,,87.67943572998047,,,
2006-01-27,52.87310028076172,,,,,,35.99637985229492,,,,88.49176788330078,,,
2006-01-30,52.87838363647461,,,,,,36.06477355957031,,,,88.42292785644531,,,
2006-01-31,52.88895034790039,,,,,,35.90235137939453,,,,87.77579498291016,,,
2006-02-01,52.7415885925293,,,,,,36.03059768676758,,,,88.38851928710938,,,
2006-02-02,52.778507232666016,,,,,,35.415103912353516,,,,87.36273193359375,,,
2006-02-03,52.92641830444336,,,,,,34.979148864746094,,,,86.92902374267578,,,
2006-02-06,52.915836334228516,,,,,,34.8851318359375,,,,87.15621185302734,,,
2006-02-07,52.87886047363281,,,,,,34.73127365112305,,,,86.38518524169922,,,
2006-02-08,52.85248947143555,,,,,,35.133018493652344,,,,87.16997528076172,,,
2006-02-09,52.8841667175293,,,,,,34.79963684082031,,,,87.0254135131836,,,
2006-02-10,52.77326202392578,,,,,,35.013343811035156,,,,87.1837387084961,,,
2006-02-13,52.81022262573242,,,,,,34.611576080322266,,,,87.0254135131836,,,
2006-02-14,52.72573471069336,,,,,,34.962066650390625,,,,87.94792175292969,,,
2006-02-15,52.783878326416016,,,,,,35.184303283691406,,,,88.2577133178711,,,
2006-02-16,52.73101806640625,,,,,,35.509117126464844,,,,88.91860961914062,,,
2006-02-17,52.9474983215332,,,,,,35.22703170776367,,,,88.6776351928711,,,
2006-02-21,52.75212478637695,,,,,,34.83382797241211,,,,88.45732879638672,,,
2006-02-22,52.96335220336914,,,,,,35.269775390625,,,,88.9943618774414,,,
2006-02-23,52.931663513183594,,,,,,35.17573547363281,,,,88.86354064941406,,,
2006-02-24,52.973899841308594,,,,,,35.269775390625,,,,89.09076690673828,,,
2006-02-27,52.86304473876953,,,,,,35.66299819946289,,,,89.12513732910156,,,
2006-02-28,52.973899841308594,,,,,,35.133018493652344,,,,88.27837371826172,,,
2006-03-01,52.975467681884766,,,,,,35.61172103881836,,,,89.06317138671875,,,
2006-03-02,52.84303665161133,,,,,,35.637367248535156,,,,89.05633544921875,,,
2006-03-03,52.736968994140625,,,,,,35.43220520019531,,,,88.64322662353516,,,
2006-03-06,52.44545364379883,,,,,,35.12446212768555,,,,88.23705291748047,,,
2006-03-07,52.577999114990234,,,,,,34.91931915283203,,,,88.099365234375,,,
2006-03-08,52.6045036315918,,,,,,34.9364013671875,,,,88.2852554321289,,,
2006-03-09,52.53561019897461,,,,,,34.637229919433594,,,,87.6932144165039,,,
2006-03-10,52.55679702758789,,,,,,34.67142105102539,,,,88.52618408203125,,,
2006-03-13,52.65217208862305,,,,,,34.773990631103516,,,,88.6914291381836,,,
2006-03-14,52.827110290527344,,,,,,35.36381530761719,,,,89.62081909179688,,,
2006-03-15,52.68402099609375,,,,,,35.66299819946289,,,,90.02012634277344,,,
2006-03-16,52.906620025634766,,,,,,35.36381530761719,,,,90.20599365234375,,,
2006-03-17,52.7900276184082,,,,,,35.457061767578125,,,,90.28131866455078,,,
2006-03-20,52.768775939941406,,,,,,35.542598724365234,,,,90.13616943359375,,,
2006-03-21,52.63093566894531,,,,,,35.16621398925781,,,,89.56944274902344,,,
2006-03-22,52.726409912109375,,,,,,35.25173568725586,,,,90.11541748046875,,,
2006-03-23,52.68402099609375,,,,,,35.14910125732422,,,,89.92884063720703,,,
2006-03-24,52.77406311035156,,,,,,35.328739166259766,,,,89.99797821044922,,,
2006-03-27,52.81650161743164,,,,,,35.33730697631836,,,,89.86662292480469,,,
2006-03-28,52.68402099609375,,,,,,35.19186782836914,,,,89.31370544433594,,,
2006-03-29,52.577999114990234,,,,,,35.85909652709961,,,,89.87356567382812,,,
2006-03-30,52.3394775390625,,,,,,35.970306396484375,,,,89.71459197998047,,,
2006-03-31,52.514400482177734,,,,,,35.867645263671875,,,,89.73529815673828,,,
2006-04-03,52.46277618408203,,,,,,35.91044235229492,,,,89.66618347167969,,,
2006-04-04,52.53194046020508,,,,,,36.10717010498047,,,,90.23987579345703,,,
2006-04-05,52.56919479370117,,,,,,36.4493293762207,,,,90.55084991455078,,,
2006-04-06,52.526668548583984,,,,,,36.55198669433594,,,,90.45413208007812,,,
2006-04-07,52.35103225708008,,,,,,36.20127868652344,,,,89.53485107421875,,,
2006-04-10,52.303192138671875,,,,,,36.14993667602539,,,,89.67310333251953,,,
2006-04-11,52.4095573425293,,,,,,35.85909652709961,,,,88.91280364990234,,,
2006-04-12,52.36166763305664,,,,,,35.867645263671875,,,,89.07870483398438,,,
2006-04-13,52.25528335571289,,,,,,36.01307678222656,,,,88.96119689941406,,,
2006-04-17,52.34043502807617,,,,,,35.63669967651367,,,,88.92660522460938,,,
2006-04-18,52.303192138671875,,,,,,36.32101058959961,,,,90.33661651611328,,,
2006-04-19,52.35103225708008,,,,,,36.48357009887695,,,,90.50942993164062,,,
2006-04-20,52.27122116088867,,,,,,36.3552360534668,,,,90.63383483886719,,,
2006-04-21,52.26593017578125,,,,,,35.92753601074219,,,,90.64765167236328,,,
2006-04-24,52.46277618408203,,,,,,35.893314361572266,,,,90.48178100585938,,,
2006-04-25,52.287174224853516,,,,,,35.81632995605469,,,,90.1085205078125,,,
2006-04-26,52.1967658996582,,,,,,35.80778884887695,,,,90.12926483154297,,,
2006-04-27,52.31913375854492,,,,,,36.14993667602539,,,,90.5647201538086,,,
2006-04-28,52.43617248535156,,,,,,35.799217224121094,,,,90.86882019042969,,,
2006-05-01,52.23051834106445,,,,,,35.44850158691406,,,,90.12926483154297,,,
2006-05-02,52.283939361572266,,,,,,35.542598724365234,,,,90.80660247802734,,,
2006-05-03,52.24655532836914,,,,,,35.491268157958984,,,,90.46794891357422,,,
2006-05-04,52.21985626220703,,,,,,35.78211212158203,,,,90.79279327392578,,,
2006-05-05,52.31599044799805,,,,,,36.064395904541016,,,,91.59456634521484,,,
2006-05-08,52.353370666503906,,,,,,36.0986213684082,,,,91.48396301269531,,,
2006-05-09,52.326683044433594,,,,,,35.961769104003906,,,,91.66365814208984,,,
2006-05-10,52.267921447753906,,,,,,35.64524841308594,,,,91.61528778076172,,,
2006-05-11,52.23588562011719,,,,,,34.849700927734375,,,,90.50942993164062,,,
2006-05-12,52.12370681762695,,,,,,34.37922668457031,,,,89.3274917602539,,,
2006-05-15,52.15579605102539,,,,,,34.35358810424805,,,,89.50721740722656,,,
2006-05-16,52.41214370727539,,,,,,34.096946716308594,,,,89.3758773803711,,,
2006-05-17,52.26258850097656,,,,,,33.635013580322266,,,,87.67559814453125,,,
2006-05-18,52.48158264160156,,,,,,33.404048919677734,,,,87.23322296142578,,,
2006-05-19,52.470882415771484,,,,,,33.66068649291992,,,,87.84839630126953,,,
2006-05-22,52.48158264160156,,,,,,33.33560562133789,,,,87.1779556274414,,,
2006-05-23,52.33734893798828,,,,,,33.01057434082031,,,,86.5144271850586,,,
2006-05-24,52.34805679321289,,,,,,33.23298263549805,,,,87.20556640625,,,
2006-05-25,52.342689514160156,,,,,,33.66923522949219,,,,88.2838363647461,,,
2006-05-26,52.56705856323242,,,,,,33.78042984008789,,,,88.73310089111328,,,
2006-05-30,52.44953155517578,,,,,,33.05332946777344,,,,87.15721893310547,,,
2006-05-31,52.33197021484375,,,,,,33.20730209350586,,,,88.13177490234375,,,
2006-06-01,52.29069137573242,,,,,,33.99428939819336,,,,88.97502136230469,,,
2006-06-02,52.69287872314453,,,,,,33.90874481201172,,,,89.16163635253906,,,
2006-06-05,52.52130889892578,,,,,,33.173099517822266,,,,87.86222839355469,,,
2006-06-06,52.660743713378906,,,,,,33.147430419921875,,,,87.64791870117188,,,
2006-06-07,52.494449615478516,,,,,,32.899356842041016,,,,86.99134826660156,,,
2006-06-08,52.67144775390625,,,,,,32.84804916381836,,,,86.91532897949219,,,
2006-06-09,52.74653244018555,,,,,,32.634178161621094,,,,86.63884735107422,,,
2006-06-12,52.585628509521484,,,,,,31.99260902404785,,,,85.6988525390625,,,
2006-06-13,52.73575973510742,,,,,,31.864307403564453,,,,84.70352935791016,,,
2006-06-14,52.537357330322266,,,,,,32.189388275146484,,,,85.36016082763672,,,
2006-06-15,52.45157241821289,,,,,,33.0618896484375,,,,87.17101287841797,,,
2006-06-16,52.41943359375,,,,,,32.81878662109375,,,,86.53582763671875,,,
2006-06-19,52.27999496459961,,,,,,32.55343246459961,,,,85.8554458618164,,,
2006-06-20,52.31218719482422,,,,,,32.59624481201172,,,,86.14706420898438,,,
2006-06-21,52.328250885009766,,,,,0.9833745956420898,33.109840393066406,,,,86.78573608398438,3.6503145694732666,,
2006-06-22,52.103084564208984,,,,,0.9602368474006653,32.69036865234375,,,,86.40391540527344,3.6115143299102783,,
2006-06-23,52.129913330078125,,,,,0.957378625869751,32.65614700317383,,,,86.38999938964844,3.6110031604766846,,
2006-06-26,51.97974395751953,,,,,0.9609172344207764,32.74176025390625,,,,86.7718505859375,3.6319379806518555,,
2006-06-27,52.124488830566406,,,,,0.9249847531318665,32.12541961669922,,,,86.02210998535156,3.567608118057251,,
2006-06-28,52.07089614868164,,,,,0.9362817406654358,32.36511993408203,,,,86.605224609375,3.5992634296417236,,
2006-06-29,52.253231048583984,,,,,0.9929026961326599,33.34950637817383,,,,88.35468292236328,3.75191068649292,,
2006-06-30,52.247840881347656,,,,,0.9833745956420898,33.18684768676758,,,,88.36165618896484,3.749868631362915,,
2006-07-03,52.32750701904297,,,,,0.9948074221611023,33.38373947143555,,,,88.72264099121094,3.800919771194458,,
2006-07-05,52.1713981628418,,,,,0.9556087255477905,32.65614700317383,,,,88.2158432006836,3.750378131866455,,
2006-07-06,52.219818115234375,,,,,0.9500284194946289,32.621910095214844,,,,88.47273254394531,3.76212215423584,,
2006-07-07,52.41361999511719,,,,,0.9292042851448059,32.26239013671875,,,,87.89649200439453,3.7187275886535645,,
2006-07-10,52.462120056152344,,,,,0.9138245582580566,31.979917526245117,,,,88.06314086914062,3.72536301612854,,
2006-07-11,52.548213958740234,,,,,0.9287957549095154,32.21957015991211,,,,88.451904296875,3.7570149898529053,,
2006-07-12,52.58052062988281,,,,,0.8920472860336304,31.611818313598633,,,,87.50772857666016,3.682990312576294,,
2006-07-13,52.62361145019531,,,,,0.8636001348495483,31.08112144470215,,,,86.08460235595703,3.571694850921631,,
2006-07-14,52.693572998046875,,,,,0.845906674861908,30.764381408691406,,,,85.7513427734375,3.5395302772521973,,
2006-07-17,52.58052062988281,,,,,0.8499894738197327,30.841447830200195,,,,85.62639617919922,3.5359561443328857,,
2006-07-18,52.542816162109375,,,,,0.8547534942626953,30.94416046142578,,,,86.06376647949219,3.541572332382202,,
2006-07-19,52.747398376464844,,,,,0.8732638359069824,31.346479415893555,,,,87.25782775878906,3.663079023361206,,
2006-07-20,52.80126953125,,,,,0.8494449853897095,30.884248733520508,,,,86.66079711914062,3.6201934814453125,,
2006-07-21,52.768959045410156,,,,,0.8302541971206665,30.55896759033203,,,,86.04984283447266,3.5630128383636475,,
2006-07-24,52.84967803955078,,,,,0.8608779907226562,31.166704177856445,,,,87.61880493164062,3.67584228515625,,
2006-07-25,52.806636810302734,,,,,0.8693171143531799,31.346479415893555,,,,87.93122100830078,3.7223007678985596,,
2006-07-26,52.838958740234375,,,,,0.871086061000824,31.320802688598633,,,,88.04924011230469,3.7294468879699707,,
2006-07-27,52.9250602722168,,,,,0.8622395396232605,31.11537742614746,,,,87.9659423828125,3.6937108039855957,,
2006-07-28,53.03815841674805,,,,,0.8966743350028992,31.765897750854492,,,,88.84762573242188,3.7779479026794434,,
2006-07-31,52.973533630371094,,,,,0.8949052691459656,31.75736427307129,,,,88.7573471069336,3.76773738861084,,
2006-08-01,53.10276794433594,,,,,0.8642813563346863,31.22663688659668,,,,88.31995391845703,3.734041452407837,,
2006-08-02,53.12433624267578,,,,,0.8802056908607483,31.577604293823242,,,,88.91703796386719,3.7626328468322754,,
2006-08-03,53.13516616821289,,,,,0.8949052691459656,31.77446937561035,,,,89.15306854248047,3.7815234661102295,,
2006-08-04,53.30274963378906,,,,,0.886738657951355,31.628957748413086,,,,89.00032043457031,3.780500650405884,,
2006-08-07,53.30816650390625,,,,,0.8759862184524536,31.423521041870117,,,,88.7920913696289,3.759570598602295,,
2006-08-08,53.30816650390625,,,,,0.8649616837501526,31.22663688659668,,,,88.451904296875,3.7289371490478516,,
2006-08-09,53.35140609741211,,,,,0.8645530939102173,31.269441604614258,,,,88.15335083007812,3.700347661972046,,
2006-08-10,53.32438659667969,,,,,0.8755776882171631,31.491987228393555,,,,88.42413330078125,3.733020782470703,,
2006-08-11,53.23246383666992,,,,,0.8670033812522888,31.269441604614258,,,,88.17418670654297,3.7059640884399414,,
2006-08-14,53.173004150390625,,,,,0.8748971819877625,31.47488784790039,,,,88.24362182617188,3.7187275886535645,,
2006-08-15,53.30274963378906,,,,,0.9204933047294617,32.27097702026367,,,,89.29886627197266,3.8101108074188232,,
2006-08-16,53.48113250732422,,,,,0.9643195271492004,33.03279495239258,,,,90.04168701171875,3.8739285469055176,,
2006-08-17,53.486568450927734,,,,,0.970444917678833,33.15261459350586,,,,90.27080535888672,3.8897547721862793,,
2006-08-18,53.52438735961914,,,,,0.9690833687782288,33.20398712158203,,,,90.72895812988281,3.905583143234253,,
2006-08-21,53.65418243408203,,,,,0.9513900279998779,32.88726806640625,,,,90.34019470214844,3.8872036933898926,,
2006-08-22,53.66497802734375,,,,,0.9538393616676331,32.89582824707031,,,,90.33325958251953,3.8938398361206055,,
2006-08-23,53.643348693847656,,,,,0.9377790093421936,32.647586822509766,,,,90.08329772949219,3.858612537384033,,
2006-08-24,53.63794708251953,,,,,0.9449926018714905,32.74176025390625,,,,90.00695037841797,3.8729088306427,,
2006-08-25,53.691986083984375,,,,,0.9486680030822754,32.80165481567383,,,,90.11804962158203,3.8800549507141113,,
2006-08-28,53.643348693847656,,,,,0.9622786045074463,33.04990768432617,,,,90.54844665527344,3.9132394790649414,,
2006-08-29,53.66497802734375,,,,,0.9684035778045654,33.15261459350586,,,,90.6526107788086,3.9316189289093018,,
2006-08-30,53.746063232421875,,,,,0.9769781231880188,33.30670166015625,,,,90.70814514160156,3.93110990524292,,
2006-08-31,53.816322326660156,,,,,0.9758891463279724,33.27246856689453,,,,90.69425201416016,3.9280455112457275,,
2006-09-01,53.82338333129883,,,,,0.9847360253334045,33.452232360839844,,,,91.2357406616211,3.9678680896759033,,
2006-09-05,53.758201599121094,,,,,1.0024296045303345,33.777488708496094,,,,91.40930938720703,3.9750149250030518,,
2006-09-06,53.76906967163086,,,,,0.9633672833442688,33.10127639770508,,,,90.60398864746094,3.905583143234253,,
2006-09-07,53.75283432006836,,,,,0.954792320728302,32.947181701660156,,,,90.18746185302734,3.86627197265625,,
2006-09-08,53.82338333129883,,,,,0.9643195271492004,33.14406204223633,,,,90.44432067871094,3.8938398361206055,,
2006-09-11,53.785369873046875,,,,,0.9772499799728394,33.34950637817383,,,,90.53456115722656,3.8928170204162598,,
2006-09-12,53.915584564208984,,,,,1.0152244567871094,33.9658317565918,,,,91.42322540283203,3.9688878059387207,,
2006-09-13,53.95903778076172,,,,,1.0269287824630737,34.196929931640625,,,,91.79114532470703,4.0076904296875,,
2006-09-14,53.883056640625,,,,,1.0258396863937378,34.23118209838867,,,,91.79808044433594,3.988288164138794,,
2006-09-15,53.86677932739258,,,,,1.0357766151428223,34.3536491394043,,,,92.01351165771484,4.022493839263916,,
2006-09-18,53.8559455871582,,,,,1.0349595546722412,34.36222839355469,,,,92.13902282714844,4.021982669830322,,
2006-09-19,53.9807243347168,,,,,1.022437572479248,34.13096618652344,,,,91.9089584350586,3.995945453643799,,
2006-09-20,54.04048156738281,,,,,1.052789568901062,34.627708435058594,,,,92.39705657958984,4.044447422027588,,
2006-09-21,54.273868560791016,,,,,1.0391789674758911,34.41360855102539,,,,91.9507827758789,4.000540733337402,,
2006-09-22,54.30638122558594,,,,,1.0212128162384033,34.14808654785156,,,,91.67185974121094,3.978588581085205,,
2006-09-25,54.41496276855469,,,,,1.0589141845703125,34.747642517089844,,,,92.37614440917969,4.052613735198975,,
2006-09-26,54.409515380859375,,,,,1.0676252841949463,34.91892623901367,,,,93.14315032958984,4.105710506439209,,
2006-09-27,54.3878288269043,,,,,1.062180519104004,34.876102447509766,,,,93.25473022460938,4.115920066833496,,
2006-09-28,54.404075622558594,,,,,1.0684423446655273,34.97034454345703,,,,93.21983337402344,4.129195690155029,,
2006-09-29,54.360660552978516,,,,,1.0602754354476929,34.816165924072266,,,,93.14315032958984,4.112346649169922,,
2006-10-02,54.41195297241211,,,,,1.0344151258468628,34.379337310791016,,,,92.79450988769531,4.078141689300537,,
2006-10-03,54.40098571777344,,,,,1.0417652130126953,34.524959564208984,,,,92.98973083496094,4.092948913574219,,
2006-10-04,54.613548278808594,,,,,1.0895378589630127,35.372867584228516,,,,94.07748413085938,4.188928127288818,,
2006-10-05,54.44462203979492,,,,,1.1038302183151245,35.5441780090332,,,,94.25879669189453,4.20883846282959,,
2006-10-06,54.242977142333984,,,,,1.0977047681808472,35.46709442138672,,,,94.14027404785156,4.196585178375244,,
2006-10-09,54.357425689697266,,,,,1.1031489372253418,35.58699417114258,,,,94.196044921875,4.2006707191467285,,
2006-10-10,54.144874572753906,,,,,1.1092743873596191,35.64693832397461,,,,94.32158660888672,4.213432788848877,,
2006-10-11,54.084903717041016,,,,,1.1051907539367676,35.57841491699219,,,,94.20996856689453,4.196585178375244,,
2006-10-12,54.13939666748047,,,,,1.1419402360916138,36.143707275390625,,,,95.02580261230469,4.271633148193359,,
2006-10-13,54.00315856933594,,,,,1.1506508588790894,36.340694427490234,,,,95.26982879638672,4.291545867919922,,
2006-10-16,54.090362548828125,,,,,1.1528288125991821,36.374969482421875,,,,95.4162826538086,4.304819583892822,,
2006-10-17,54.172119140625,,,,,1.1303703784942627,35.972412109375,,,,95.116455078125,4.270102500915527,,
2006-10-18,54.237518310546875,,,,,1.1147186756134033,35.801109313964844,,,,95.24198150634766,4.282356262207031,,
2006-10-19,54.210304260253906,,,,,1.1242456436157227,35.88676071166992,,,,95.39535522460938,4.290013790130615,,
2006-10-20,54.19395065307617,,,,,1.126968264579773,35.972412109375,,,,95.4162826538086,4.296140193939209,,
2006-10-23,54.03584289550781,,,,,1.1471117734909058,36.340694427490234,,,,95.85558319091797,4.335962295532227,,
2006-10-24,54.09584426879883,,,,,1.1362229585647583,36.09231948852539,,,,96.14144897460938,4.355361461639404,,
2006-10-25,54.22663116455078,,,,,1.1501061916351318,36.340694427490234,,,,96.46916961669922,4.379868507385254,,
2006-10-26,54.41195297241211,,,,,1.1684807538986206,36.67473220825195,,,,96.76898956298828,4.417647361755371,,
2006-10-27,54.52091598510742,,,,,1.1354068517684937,36.152259826660156,,,,96.1623764038086,4.359446048736572,,
2006-10-30,54.531803131103516,,,,,1.148745059967041,36.38352584838867,,,,96.09265899658203,4.353829383850098,,
2006-10-31,54.73347091674805,,,,,1.1555508375167847,36.46918869018555,,,,96.07869720458984,4.339536190032959,,
2006-11-01,54.82760238647461,,,,,1.1242456436157227,35.972412109375,,,,95.43025970458984,4.287969589233398,,
2006-11-02,54.767417907714844,,,,,1.1253347396850586,36.006683349609375,,,,95.37444305419922,4.284399032592773,,
2006-11-03,54.48280334472656,,,,,1.1188019514083862,35.91244888305664,,,,95.20709991455078,4.25784969329834,,
2006-11-06,54.48280334472656,,,,,1.1439812183380127,36.434913635253906,,,,96.28092956542969,4.3614888191223145,,
2006-11-07,54.61962890625,,,,,1.1671193838119507,36.683292388916016,,,,96.65044403076172,4.38446044921875,,
2006-11-08,54.767417907714844,,,,,1.182908058166504,36.854591369628906,,,,96.85965728759766,4.413050651550293,,
2006-11-09,54.783782958984375,,,,,1.1664396524429321,36.683292388916016,,,,96.35062408447266,4.362509727478027,,
2006-11-10,54.904239654541016,,,,,1.1793686151504517,36.854591369628906,,,,96.3924789428711,4.3701677322387695,,
2006-11-13,54.838558197021484,,,,,1.1984238624572754,37.23145294189453,,,,96.62960052490234,4.388037204742432,,
2006-11-14,54.91521453857422,,,,,1.2290489673614502,37.625431060791016,,,,97.35474395751953,4.450321674346924,,
2006-11-15,54.811195373535156,,,,,1.2368063926696777,37.77961349487305,,,,97.6336669921875,4.481973648071289,,
2006-11-16,54.761905670166016,,,,,1.2494643926620483,37.94232940673828,,,,97.8846664428711,4.501377105712891,,
2006-11-17,54.904239654541016,,,,,1.2467424869537354,37.94232940673828,,,,97.91255950927734,4.500355243682861,,
2006-11-20,54.942535400390625,,,,,1.251505970954895,38.0194091796875,,,,97.96833801269531,4.497802257537842,,
2006-11-21,55.01369094848633,,,,,1.2549084424972534,38.07080078125,,,,98.06596374511719,4.5115861892700195,,
2006-11-22,55.090335845947266,,,,,1.2706972360610962,38.31061553955078,,,,98.26123809814453,4.530986309051514,,
2006-11-24,55.1067008972168,,,,,1.2626665830612183,38.24208450317383,,,,97.86373138427734,4.4952497482299805,,
2006-11-27,55.079315185546875,,,,,1.2057743072509766,37.37704849243164,,,,96.51800537109375,4.37527322769165,,
2006-11-28,55.22712326049805,,,,,1.2093124389648438,37.48838424682617,,,,96.9363784790039,4.4023308753967285,,
2006-11-29,55.14503479003906,,,,,1.2290489673614502,37.74534606933594,,,,97.94744110107422,4.481462478637695,,
2006-11-30,55.314693450927734,,,,,1.2252378463745117,37.71965026855469,,,,97.9892349243164,4.485038757324219,,
2006-12-01,55.417930603027344,,,,,1.2089046239852905,37.3941764831543,,,,97.77310180664062,4.464614391326904,,
2006-12-04,55.47295379638672,,,,,1.2392559051513672,37.90807342529297,,,,98.51920318603516,4.536089897155762,,
2006-12-05,55.43996047973633,,,,,1.2452448606491089,38.045101165771484,,,,98.9445571899414,4.572849273681641,,
2006-12-06,55.39601135253906,,,,,1.23612642288208,37.90807342529297,,,,98.86085510253906,4.559575080871582,,
2006-12-07,55.34653091430664,,,,,1.205910086631775,37.428436279296875,,,,98.42858123779297,4.527411460876465,,
2006-12-08,55.23119354248047,,,,,1.2181601524353027,37.599735260009766,,,,98.60981750488281,4.536601543426514,,
2006-12-11,55.220176696777344,,,,,1.2276872396469116,37.736759185791016,,,,98.89571380615234,4.56008768081665,,
2006-12-12,55.3740234375,,,,,1.2116268873214722,37.51409149169922,,,,98.81902313232422,4.551918983459473,,
2006-12-13,55.20372772216797,,,,,1.214756965637207,37.58259963989258,,,,98.92359161376953,4.574381351470947,,
2006-12-14,55.126800537109375,,,,,1.2406176328659058,38.00226974487305,,,,99.79524230957031,4.635645866394043,,
2006-12-15,55.11578369140625,,,,,1.2487839460372925,38.10006332397461,,,,99.8043441772461,4.6550445556640625,,
2006-12-18,55.14878845214844,,,,,1.2202008962631226,37.72272872924805,,,,99.5308609008789,4.625434875488281,,
2006-12-19,55.18723678588867,,,,,1.215437889099121,37.60267639160156,,,,99.72018432617188,4.650449752807617,,
2006-12-20,55.16521072387695,,,,,1.2070480585098267,37.46546936035156,,,,99.6640853881836,4.6327104568481445,,
2006-12-21,55.275123596191406,,,,,1.1903835535049438,37.19963455200195,,,,99.29946899414062,4.605008125305176,,
2006-12-22,55.22565460205078,,,,,1.1679234504699707,36.81374740600586,,,,98.68949890136719,4.539480209350586,,
2006-12-26,55.20918655395508,,,,,1.173719882965088,36.968101501464844,,,,99.27149963378906,4.5996809005737305,,
2006-12-27,55.05970764160156,,,,,1.1851673126220703,37.15678024291992,,,,99.9235610961914,4.664143085479736,,
2006-12-28,54.98807144165039,,,,,1.1751692295074463,36.97670364379883,,,,99.71320343017578,4.645496845245361,,
2006-12-29,54.982521057128906,,,,,1.174299716949463,37.010982513427734,,,,99.29946899414062,4.597550392150879,,
2007-01-03,55.098392486572266,,,,,1.1780673265457153,37.0795783996582,,,,99.12420654296875,4.567718029022217,,
2007-01-04,55.214141845703125,,,,,1.2203789949417114,37.78276443481445,,,,99.33455657958984,4.591158390045166,,
2007-01-05,55.17556381225586,,,,,1.2027003765106201,37.60267639160156,,,,98.54222869873047,4.518706798553467,,
2007-01-08,55.20866394042969,,,,,1.2102351188659668,37.628414154052734,,,,98.99797058105469,4.556530475616455,,
2007-01-09,55.20866394042969,,,,,1.2250161170959473,37.817054748535156,,,,98.91385650634766,4.544807434082031,,
2007-01-10,55.14796829223633,,,,,1.2570395469665527,38.26296615600586,,,,99.24339294433594,4.565584659576416,,
2007-01-11,55.043209075927734,,,,,1.278050422668457,38.657440185546875,,,,99.6781234741211,4.620458126068115,,
2007-01-12,54.96598815917969,,,,,1.2910919189453125,38.85466766357422,,,,100.43539428710938,4.6747965812683105,,
2007-01-16,55.03767013549805,,,,,1.2910919189453125,38.828941345214844,,,,100.23909759521484,4.667870998382568,,
2007-01-17,55.00456619262695,,,,,1.2676175832748413,38.511661529541016,,,,100.28114318847656,4.665742874145508,,
2007-01-18,55.081809997558594,,,,,1.2157423496246338,37.79991149902344,,,,99.9445571899414,4.626852035522461,,
2007-01-19,55.05970764160156,,,,,1.2193645238876343,37.87709045410156,,,,100.14093017578125,4.654553413391113,,
2007-01-22,55.087337493896484,,,,,1.1954556703567505,37.46546936035156,,,,99.83238220214844,4.604474067687988,,
2007-01-23,54.982521057128906,,,,,1.1898043155670166,37.37113952636719,,,,100.12690734863281,4.636972427368164,,
2007-01-24,54.96598815917969,,,,,1.2258849143981934,37.98854064941406,,,,100.93323516845703,4.709426403045654,,
2007-01-25,54.89432144165039,,,,,1.1925575733184814,37.49977493286133,,,,99.7482681274414,4.614599227905273,,
2007-01-26,54.888790130615234,,,,,1.18429696559906,37.362579345703125,,,,99.6570816040039,4.602877616882324,,
2007-01-29,54.81706619262695,,,,,1.1912527084350586,37.39685821533203,,,,99.60099792480469,4.589025020599365,,
2007-01-30,54.89980697631836,,,,,1.1944411993026733,37.41401290893555,,,,100.11988067626953,4.637506484985352,,
2007-01-31,54.94392395019531,,,,,1.2092207670211792,37.79133224487305,,,,100.79296875,4.695040225982666,,
2007-02-01,54.97328567504883,,,,,1.2106707096099854,37.73130798339844,,,,101.39600372314453,4.749914646148682,,
2007-02-02,55.0507926940918,,,,,1.2211034297943115,37.8685188293457,,,,101.53623962402344,4.765894889831543,,
2007-02-05,55.13936996459961,,,,,1.216901421546936,37.83422088623047,,,,101.56424713134766,4.759500503540039,,
2007-02-06,55.24454879760742,,,,,1.2113945484161377,37.78276443481445,,,,101.59236907958984,4.759500503540039,,
2007-02-07,55.311031341552734,,,,,1.2402312755584717,38.12577438354492,,,,101.81666564941406,4.7760186195373535,,
2007-02-08,55.34423828125,,,,,1.2406654357910156,38.1171875,,,,101.68350219726562,4.766427516937256,,
2007-02-09,55.21687316894531,,,,,1.2019758224487305,37.628414154052734,,,,100.92621612548828,4.709958553314209,,
2007-02-12,55.16153335571289,,,,,1.192412257194519,37.48262405395508,,,,100.5826187133789,4.670534610748291,,
2007-02-13,55.1559944152832,,,,,1.2054537534713745,37.61124038696289,,,,101.4310302734375,4.74245548248291,,
2007-02-14,55.36637878417969,,,,,1.2415344715118408,38.245811462402344,,,,102.09715270996094,4.814374923706055,,
2007-02-15,55.443870544433594,,,,,1.25472092628479,38.46879196166992,,,,102.23040771484375,4.813310146331787,,
2007-02-16,55.482627868652344,,,,,1.250519037246704,38.340145111083984,,,,102.18130493164062,4.812244892120361,,
2007-02-20,55.51032638549805,,,,,1.2650091648101807,38.6317138671875,,,,102.39864349365234,4.835149765014648,,
2007-02-21,55.504783630371094,,,,,1.2732688188552856,38.75177001953125,,,,102.35659790039062,4.826095104217529,,
2007-02-22,55.39405822753906,,,,,1.286744475364685,38.948997497558594,,,,102.27945709228516,4.817570686340332,,
2007-02-23,55.526939392089844,,,,,1.2751524448394775,38.81180191040039,,,,101.87979125976562,4.79146671295166,,
2007-02-26,55.64873123168945,,,,,1.2635599374771118,38.623130798339844,,,,101.78865814208984,4.7792158126831055,,
2007-02-27,55.87576675415039,,,,,1.1418406963348389,37.036685943603516,,,,97.81302642822266,4.395641326904297,,
2007-02-28,55.83699035644531,,,,,1.166329264640808,37.15678024291992,,,,98.81570434570312,4.480346202850342,,
2007-03-01,55.82808303833008,,,,,1.1541575193405151,36.98525619506836,,,,98.52120971679688,4.468626022338867,,
2007-03-02,55.94482421875,,,,,1.1137299537658691,36.4278564453125,,,,97.23102569580078,4.3418354988098145,,
2007-03-05,55.91144561767578,,,,,1.0983697175979614,36.144874572753906,,,,96.3055191040039,4.256063938140869,,
2007-03-06,55.87254333496094,,,,,1.1385078430175781,36.745147705078125,,,,97.95323944091797,4.403099536895752,,
2007-03-07,55.91701889038086,,,,,1.1280750036239624,36.599369049072266,,,,97.85511016845703,4.38605260848999,,
2007-03-08,55.86696243286133,,,,,1.149086356163025,36.84803009033203,,,,98.68246459960938,4.437727451324463,,
2007-03-09,55.71137237548828,,,,,1.1450293064117432,36.81374740600586,,,,98.71048736572266,4.456374645233154,,
2007-03-12,55.88365936279297,,,,,1.1556068658828735,37.053863525390625,,,,98.85777282714844,4.480346202850342,,
2007-03-13,56.028228759765625,,,,,1.1118453741073608,36.33353805541992,,,,96.93658447265625,4.297616481781006,,
2007-03-14,55.96147537231445,,,,,1.1427104473114014,36.865203857421875,,,,97.65876770019531,4.362611770629883,,
2007-03-15,55.9003791809082,,,,,1.1395223140716553,36.77943420410156,,,,97.79196166992188,4.382854461669922,,
2007-03-16,55.90591049194336,,,,,1.1353204250335693,36.75114059448242,,,,97.51815032958984,4.3455634117126465,,
2007-03-19,55.86696243286133,,,,,1.158214807510376,37.12870407104492,,,,98.69374084472656,4.4521098136901855,,
2007-03-20,55.92254638671875,,,,,1.173719882965088,37.39469909667969,,,,99.23580932617188,4.503787994384766,,
2007-03-21,55.994834899902344,,,,,1.2171909809112549,38.1154670715332,,,,100.86895751953125,4.652420997619629,,
2007-03-22,55.88923645019531,,,,,1.2099461555480957,37.97819137573242,,,,100.7914810180664,4.650291919708252,,
2007-03-23,55.81144332885742,,,,,1.1993675231933594,37.858062744140625,,,,100.93931579589844,4.651356220245361,,
2007-03-26,55.778045654296875,,,,,1.2086409330368042,38.01250076293945,,,,100.80560302734375,4.660945892333984,,
2007-03-27,55.78923416137695,,,,,1.1957728862762451,37.74648666381836,,,,100.56621551513672,4.614464282989502,,
2007-03-28,55.816959381103516,,,,,1.1709905862808228,37.34318542480469,,,,99.8341293334961,4.5466132164001465,,
2007-03-29,55.728092193603516,,,,,1.1695420742034912,37.3861083984375,,,,99.93971252441406,4.567983627319336,,
2007-03-30,55.728092193603516,,,,,1.1735997200012207,37.351768493652344,,,,99.96086120605469,4.56531286239624,,
2007-04-02,55.80001449584961,,,,,1.1692512035369873,37.40327453613281,,,,100.073486328125,4.575998306274414,,
2007-04-03,55.74419021606445,,,,,1.2030186653137207,37.892364501953125,,,,101.15052795410156,4.666288375854492,,
2007-04-04,55.80562210083008,,,,,1.210120677947998,38.046817779541016,,,,101.26316833496094,4.672164440155029,,
2007-04-05,55.7553596496582,,,,,1.223163366317749,38.235591888427734,,,,101.5376968383789,4.702083587646484,,
2007-04-09,55.54334259033203,,,,,1.2172216176986694,38.141212463378906,,,,101.67851257324219,4.715439796447754,,
2007-04-10,55.62705612182617,,,,,1.2266416549682617,38.33857345581055,,,,101.79815673828125,4.720248699188232,,
2007-04-11,55.593570709228516,,,,,1.20156991481781,37.93526840209961,,,,101.38284301757812,4.667357444763184,,
2007-04-12,55.660560607910156,,,,,1.2224385738372803,38.235591888427734,,,,101.83333587646484,4.728264808654785,,
2007-04-13,55.571266174316406,,,,,1.2267861366271973,38.312801361083984,,,,102.29795837402344,4.762456893920898,,
2007-04-16,55.68283462524414,,,,,1.2482349872589111,38.66463851928711,,,,103.26942443847656,4.8522138595581055,,
2007-04-17,55.84469223022461,,,,,1.253307819366455,38.75044250488281,,,,103.54397583007812,4.875188827514648,,
2007-04-18,55.928375244140625,,,,,1.2485252618789673,38.62171173095703,,,,103.67070770263672,4.878392696380615,,
2007-04-19,55.90604782104492,,,,,1.2495403289794922,38.74186706542969,,,,103.64250183105469,4.881598949432373,,
2007-04-20,55.878196716308594,,,,,1.2683792114257812,38.95637512207031,,,,104.62100219726562,4.964409828186035,,
2007-04-23,55.933929443359375,,,,,1.268959403038025,39.01644515991211,,,,104.22679138183594,4.939833641052246,,
2007-04-24,55.96186065673828,,,,,1.2791047096252441,39.21378707885742,,,,104.26903533935547,4.941971778869629,,
2007-04-25,55.984169006347656,,,,,1.3159149885177612,39.737213134765625,,,,105.22637939453125,5.027451992034912,,
2007-04-26,55.878196716308594,,,,,1.3296828269958496,39.94314956665039,,,,105.34603881835938,5.043483734130859,,
2007-04-27,55.86696243286133,,,,,1.331131935119629,39.96031188964844,,,,105.26158142089844,5.026386260986328,,
2007-04-30,56.05671310424805,,,,,1.2963498830795288,39.43689727783203,,,,104.38868713378906,4.956396102905273,,
2007-05-01,56.024200439453125,,,,,1.3043208122253418,39.40256118774414,,,,104.65618896484375,4.968681812286377,,
2007-05-02,56.0410041809082,,,,,1.320987582206726,39.83159255981445,,,,105.26862335205078,5.029057502746582,,
2007-05-03,55.979400634765625,,,,,1.331131935119629,39.977474212646484,,,,105.83882141113281,5.07446813583374,,
2007-05-04,56.05223846435547,,,,,1.3343206644058228,40.011802673339844,,,,106.24010467529297,5.110265254974365,,
2007-05-07,56.10826873779297,,,,,1.3312772512435913,40.011802673339844,,,,106.26121520996094,5.113470554351807,,
2007-05-08,56.046607971191406,,,,,1.330552101135254,40.097618103027344,,,,106.12042236328125,5.107592582702637,,
2007-05-09,55.979400634765625,,,,,1.3404072523117065,40.183414459228516,,,,106.40904998779297,5.14125394821167,,
2007-05-10,56.07463836669922,,,,,1.3067843914031982,39.634239196777344,,,,105.29680633544922,5.024781703948975,,
2007-05-11,55.962608337402344,,,,,1.3375084400177002,40.140499114990234,,,,106.19784545898438,5.103320121765137,,
2007-05-14,55.97377014160156,,,,,1.3182337284088135,39.86592102050781,,,,105.96553802490234,5.084619045257568,,
2007-05-15,55.951385498046875,,,,,1.2992485761642456,39.557010650634766,,,,105.99372863769531,5.0707292556762695,,
2007-05-16,55.962608337402344,,,,,1.323451042175293,39.94314956665039,,,,106.71876525878906,5.151938438415527,,
2007-05-17,55.86742401123047,,,,,1.3092491626739502,39.75438690185547,,,,106.50762176513672,5.1391143798828125,,
2007-05-18,55.704978942871094,,,,,1.330698013305664,40.08042907714844,,,,107.4367904663086,5.216583251953125,,
2007-05-21,55.816959381103516,,,,,1.3492481708526611,40.337852478027344,,,,107.38050842285156,5.209103584289551,,
2007-05-22,55.704978942871094,,,,,1.3508416414260864,40.372188568115234,,,,107.29596710205078,5.218186378479004,,
2007-05-23,55.66015625,,,,,1.3389580249786377,40.183414459228516,,,,107.31009674072266,5.212307453155518,,
2007-05-24,55.682533264160156,,,,,1.3011332750320435,39.6085205078125,,,,106.33860778808594,5.102249622344971,,
2007-05-25,55.654544830322266,,,,,1.3150458335876465,39.857364654541016,,,,106.78209686279297,5.142321586608887,,
2007-05-29,55.5985107421875,,,,,1.3318570852279663,40.16626739501953,,,,107.16930389404297,5.181856155395508,,
2007-05-30,55.66574478149414,,,,,1.355479121208191,40.492305755615234,,,,108.04218292236328,5.267338275909424,,
2007-05-31,55.54249954223633,,,,,1.3725807666778564,40.68109130859375,,,,107.9295883178711,5.261994361877441,,
2007-06-01,55.485137939453125,,,,,1.3714210987091064,40.70684051513672,,,,108.46456909179688,5.303136825561523,,
2007-06-04,55.55265426635742,,,,,1.37533438205719,40.82698059082031,,,,108.4786605834961,5.303669452667236,,
2007-06-05,55.39514923095703,,,,,1.377218246459961,40.82698059082031,,,,108.04922485351562,5.261462688446045,,
2007-06-06,55.41758346557617,,,,,1.345770001411438,40.38936233520508,,,,106.88770294189453,5.144457817077637,,
2007-06-07,55.035057067871094,,,,,1.3008430004119873,39.7629508972168,,,,104.95887756347656,4.9702863693237305,,
2007-06-08,54.967586517333984,,,,,1.335769772529602,40.25204086303711,,,,106.32454681396484,5.080881595611572,,
2007-06-11,55.00694274902344,,,,,1.3304076194763184,40.17481994628906,,,,106.50762176513672,5.110265254974365,,
2007-06-12,54.6806526184082,,,,,1.3124364614486694,39.93458938598633,,,,105.34603881835938,4.984710216522217,,
2007-06-13,54.76507568359375,,,,,1.33837890625,40.372188568115234,,,,106.92291259765625,5.139648914337158,,
2007-06-14,54.87192916870117,,,,,1.3620015382766724,40.638187408447266,,,,107.60574340820312,5.195747375488281,,
2007-06-15,55.06884002685547,,,,,1.38765287399292,41.013465881347656,,,,108.21803283691406,5.253982067108154,,
2007-06-18,55.10820388793945,,,,,1.386203408241272,41.02204132080078,,,,108.09075927734375,5.241161346435547,,
2007-06-19,55.2825813293457,,,,,1.384463906288147,41.013465881347656,,,,108.359375,5.264132976531982,,
2007-06-20,55.113826751708984,,,,,1.359682559967041,40.62702560424805,,,,106.85350036621094,5.119346618652344,,
2007-06-21,55.04633331298828,,,,,1.3851892948150635,40.996273040771484,,,,107.44739532470703,5.180786609649658,,
2007-06-22,55.17573165893555,,,,,1.3580881357192993,40.609840393066406,,,,106.43641662597656,5.0851521492004395,,
2007-06-25,55.226348876953125,,,,,1.3514213562011719,40.438114166259766,,,,105.92736053466797,5.033863544464111,,
2007-06-26,55.15886306762695,,,,,1.3362042903900146,40.206233978271484,,,,104.83859252929688,4.94293737411499,,
2007-06-27,55.26570510864258,,,,,1.3666388988494873,40.824527740478516,,,,106.330322265625,5.080642223358154,,
2007-06-28,55.226348876953125,,,,,1.3701171875,40.80734634399414,,,,106.31623077392578,5.069388389587402,,
2007-06-29,55.33323669433594,,,,,1.3786669969558716,40.876060485839844,,,,106.3515396118164,5.0634965896606445,,
2007-07-02,55.480674743652344,,,,,1.396203875541687,41.24531936645508,,,,107.31305694580078,5.163694381713867,,
2007-07-03,55.41856384277344,,,,,1.4122896194458008,41.48575973510742,,,,107.70189666748047,5.1899518966674805,,
2007-07-05,55.1869010925293,,,,,1.42837655544281,41.78633499145508,,,,107.58878326416016,5.177623271942139,,
2007-07-06,55.09086608886719,,,,,1.4456229209899902,41.95808792114258,,,,108.15435791015625,5.2322797775268555,,
2007-07-09,55.1869010925293,,,,,1.4469267129898071,41.98383712768555,,,,108.23920440673828,5.23388671875,,
2007-07-10,55.42420959472656,,,,,1.4233039617538452,41.63174819946289,,,,106.6979751586914,5.074747562408447,,
2007-07-11,55.299896240234375,,,,,1.4473618268966675,41.915138244628906,,,,107.45442962646484,5.16101598739624,,
2007-07-12,55.2433967590332,,,,,1.48475182056427,42.5591926574707,,,,109.15120697021484,5.334619998931885,,
2007-07-13,55.311195373535156,,,,,1.5066359043121338,42.851165771484375,,,,109.47644805908203,5.366771697998047,,
2007-07-16,55.42420959472656,,,,,1.505041480064392,42.80821990966797,,,,109.46228790283203,5.3576579093933105,,
2007-07-17,55.32246780395508,,,,,1.520113229751587,43.134559631347656,,,,109.40571594238281,5.347480297088623,,
2007-07-18,55.46373748779297,,,,,1.5217076539993286,43.0830192565918,,,,109.20779418945312,5.332476615905762,,
2007-07-19,55.46373748779297,,,,,1.5283750295639038,43.211814880371094,,,,109.63196563720703,5.365162372589111,,
2007-07-20,55.593631744384766,,,,,1.5154759883880615,42.97998046875,,,,108.52204132080078,5.250497817993164,,
2007-07-23,55.55977249145508,,,,,1.5130125284194946,42.99714279174805,,,,108.85428619384766,5.289613723754883,,
2007-07-24,55.67277908325195,,,,,1.4718537330627441,42.36167526245117,,,,106.96665954589844,5.1133270263671875,,
2007-07-25,55.638946533203125,,,,,1.4738833904266357,42.42180252075195,,,,107.18580627441406,5.1277947425842285,,
2007-07-26,55.83664321899414,,,,,1.4412745237350464,42.06110763549805,,,,104.64774322509766,4.883995532989502,,
2007-07-27,55.780128479003906,,,,,1.383884310722351,41.2109489440918,,,,102.59040832519531,4.706638336181641,,
2007-07-30,55.75188064575195,,,,,1.4228694438934326,41.691856384277344,,,,104.19528198242188,4.833093643188477,,
2007-07-31,55.927032470703125,,,,,1.3622907400131226,40.815948486328125,,,,103.02165222167969,4.707175254821777,,
2007-08-01,55.79707336425781,,,,,1.3788126707077026,41.1336669921875,,,,103.52363586425781,4.770401477813721,,
2007-08-02,55.768707275390625,,,,,1.406058669090271,41.51151657104492,,,,104.35079193115234,4.836843490600586,,
2007-08-03,56.01271057128906,,,,,1.3502616882324219,40.72147750854492,,,,101.6642837524414,4.565184116363525,,
2007-08-06,55.92189407348633,,,,,1.3767832517623901,41.19379806518555,,,,103.36810302734375,4.744683265686035,,
2007-08-07,55.88224411010742,,,,,1.3937389850616455,41.48575973510742,,,,104.47099304199219,4.833093643188477,,
2007-08-08,55.814090728759766,,,,,1.4346085786819458,41.94089126586914,,,,105.92736053466797,4.969727516174316,,
2007-08-09,55.88224411010742,,,,,1.3630154132843018,40.97052001953125,,,,102.78833770751953,4.685205459594727,,
2007-08-10,55.694969177246094,,,,,1.3373639583587646,40.60125732421875,,,,102.30763244628906,4.618765354156494,,
2007-08-13,55.79707336425781,,,,,1.35475492477417,40.876060485839844,,,,102.67527770996094,4.664844512939453,,
2007-08-14,55.9503173828125,,,,,1.3115679025650024,40.18046951293945,,,,101.10572052001953,4.509993553161621,,
2007-08-15,56.0240478515625,,,,,1.2630177736282349,39.41621017456055,,,,99.71296691894531,4.398007392883301,,
2007-08-16,55.99000549316406,,,,,1.2340328693389893,39.0297737121582,,,,100.46239471435547,4.444622993469238,,
2007-08-17,56.1148567199707,,,,,1.2779452800750732,39.76828384399414,,,,102.30763244628906,4.627873420715332,,
2007-08-20,56.06381607055664,,,,,1.2862060070037842,39.95719909667969,,,,102.25811004638672,4.616086483001709,,
2007-08-21,56.32480239868164,,,,,1.3224366903305054,40.37799835205078,,,,102.46315002441406,4.633768081665039,,
2007-08-22,56.2794075012207,,,,,1.3533061742782593,40.92757797241211,,,,103.67912292480469,4.733965873718262,,
2007-08-23,56.34755325317383,,,,,1.3477983474731445,40.815948486328125,,,,103.58724212646484,4.724856853485107,,
2007-08-24,56.20560836791992,,,,,1.38765287399292,41.39131164550781,,,,104.86686706542969,4.833093643188477,,
2007-08-27,56.375911712646484,,,,,1.3604072332382202,41.11649703979492,,,,103.8912582397461,4.750041484832764,,
2007-08-28,56.60285186767578,,,,,1.3021471500396729,40.137550354003906,,,,101.60768127441406,4.553395748138428,,
2007-08-29,56.4893684387207,,,,,1.373740553855896,41.288265228271484,,,,103.60137939453125,4.716284275054932,,
2007-08-30,56.608516693115234,,,,,1.394898772239685,41.50294494628906,,,,103.32564544677734,4.69110107421875,,
2007-08-31,56.642601013183594,,,,,1.4192460775375366,41.96666717529297,,,,104.3437271118164,4.759149551391602,,
2007-09-04,56.579322814941406,,,,,1.4688104391098022,42.6622428894043,,,,105.39716339111328,4.882389068603516,,
2007-09-05,56.76167678833008,,,,,1.4385217428207397,42.23285675048828,,,,104.4851303100586,4.774152755737305,,
2007-09-06,56.75031661987305,,,,,1.434753179550171,42.19852828979492,,,,104.72555541992188,4.821841716766357,,
2007-09-07,57.10363006591797,,,,,1.3873627185821533,41.41706848144531,,,,103.26917266845703,4.6771697998046875,,
2007-09-10,57.240379333496094,,,,,1.3851892948150635,41.39131164550781,,,,103.07109069824219,4.646092414855957,,
2007-09-11,57.13783264160156,,,,,1.4202609062194824,42.01818084716797,,,,104.2730484008789,4.774152755737305,,
2007-09-12,57.05802536010742,,,,,1.4264929294586182,42.02676773071289,,,,104.54170227050781,4.795587062835693,,
2007-09-13,56.892738342285156,,,,,1.4327244758605957,42.23285675048828,,,,105.27696228027344,4.847022533416748,,
2007-09-14,56.93266296386719,,,,,1.4325790405273438,42.26721954345703,,,,105.26983642578125,4.854526042938232,,
2007-09-17,56.95546340942383,,,,,1.408522129058838,41.915138244628906,,,,104.70426177978516,4.7923712730407715,,
2007-09-18,57.07511520385742,,,,,1.481999158859253,42.971405029296875,,,,107.78675842285156,5.074747562408447,,
2007-09-19,57.06376266479492,,,,,1.4908392429351807,43.0830192565918,,,,108.4229965209961,5.1422600746154785,,
2007-09-20,56.65912628173828,,,,,1.4812734127044678,42.96279525756836,,,,107.65946960449219,5.074212074279785,,
2007-09-21,56.82441329956055,,,,,1.4992444515228271,43.2686653137207,,,,107.95001983642578,5.090288162231445,,
2007-09-24,56.83007049560547,,,,,1.5154759883880615,43.46628952026367,,,,107.75112915039062,5.079571723937988,,
2007-09-25,56.87568283081055,,,,,1.5418524742126465,43.87869644165039,,,,107.53800964355469,5.063131332397461,,
2007-09-26,56.81867980957031,,,,,1.555620789527893,44.093505859375,,,,108.10631561279297,5.100738048553467,,
2007-09-27,56.91562271118164,,,,,1.5760550498962402,44.31686782836914,,,,108.74557495117188,5.162513732910156,,
2007-09-28,57.00101852416992,,,,,1.5666351318359375,44.17081069946289,,,,108.38330078125,5.129208087921143,,
2007-10-01,56.80876159667969,,,,,1.593445897102356,44.677730560302734,,,,109.6051254272461,5.255987644195557,,
2007-10-02,57.02625274658203,,,,,1.597068428993225,44.686336517333984,,,,109.45594024658203,5.24201774597168,,
2007-10-03,57.05486297607422,,,,,1.5724321603775024,44.377017974853516,,,,109.23574829101562,5.204954147338867,,
2007-10-04,57.03190612792969,,,,,1.5796775817871094,44.480125427246094,,,,109.40618896484375,5.2216057777404785,,
2007-10-05,56.579811096191406,,,,,1.6527198553085327,45.382266998291016,,,,110.70610046386719,5.347313404083252,,
2007-10-08,57.02625274658203,,,,,1.665183186531067,45.66577911376953,,,,110.11653137207031,5.291981220245361,,
2007-10-09,56.90602493286133,,,,,1.684023380279541,45.86343002319336,,,,111.15362548828125,5.377931594848633,,
2007-10-10,56.98045349121094,,,,,1.6934435367584229,45.975101470947266,,,,110.96895599365234,5.355371475219727,,
2007-10-11,57.0205078125,,,,,1.644168734550476,45.244808197021484,,,,110.43618774414062,5.315614223480225,,
2007-10-12,56.91177749633789,,,,,1.6917041540145874,45.992271423339844,,,,111.04708099365234,5.366115093231201,,
2007-10-15,56.92891311645508,,,,,1.6634447574615479,45.640010833740234,,,,110.10944366455078,5.282847881317139,,
2007-10-16,57.0205078125,,,,,1.655763030052185,45.425228118896484,,,,109.23574829101562,5.219995021820068,,
2007-10-17,57.215110778808594,,,,,1.691124439239502,46.00946044921875,,,,109.56959533691406,5.2296648025512695,,
2007-10-18,57.381019592285156,,,,,1.7025741338729858,46.20708465576172,,,,109.17176818847656,5.198507785797119,,
2007-10-19,57.64426803588867,,,,,1.621126651763916,45.0557861328125,,,,106.31624603271484,4.904656410217285,,
2007-10-22,57.62711715698242,,,,,1.655328631401062,45.597068786621094,,,,106.9342041015625,4.974494457244873,,
2007-10-23,57.60991668701172,,,,,1.7127189636230469,46.55076599121094,,,,107.80079650878906,5.025527000427246,,
2007-10-24,57.861724853515625,,,,,1.7021385431289673,46.19850158691406,,,,107.60191345214844,5.033585071563721,,
2007-10-25,57.712913513183594,,,,,1.6828641891479492,45.579872131347656,,,,107.8576889038086,5.053462028503418,,
2007-10-26,57.66142272949219,,,,,1.704023003578186,46.335968017578125,,,,109.12207794189453,5.171647071838379,,
2007-10-29,57.66142272949219,,,,,1.720689058303833,46.524986267089844,,,,109.48434448242188,5.193670749664307,,
2007-10-30,57.73579788208008,,,,,1.7209796905517578,46.619476318359375,,,,108.72432708740234,5.121148586273193,,
2007-10-31,57.57557678222656,,,,,1.7748910188674927,47.28107833862305,,,,109.8537368774414,5.237183570861816,,
2007-11-01,57.71757125854492,,,,,1.7217040061950684,46.3961067199707,,,,107.28229522705078,4.9868483543396,,
2007-11-02,57.780731201171875,,,,,1.7399648427963257,46.75696563720703,,,,107.40306091308594,4.998666763305664,,
2007-11-05,57.72904968261719,,,,,1.7188054323196411,46.45625305175781,,,,106.586181640625,4.91163969039917,,
2007-11-06,57.654300689697266,,,,,1.7470659017562866,46.980369567871094,,,,108.02104949951172,5.056684494018555,,
2007-11-07,57.66584014892578,,,,,1.6653285026550293,45.83761978149414,,,,105.0660400390625,4.7886223793029785,,
2007-11-08,57.723262786865234,,,,,1.546345591545105,44.44576644897461,,,,104.53330993652344,4.726306438446045,,
2007-11-09,57.92438888549805,,,,,1.4583760499954224,42.9593620300293,,,,103.09839630126953,4.607046127319336,,
2007-11-12,57.84398651123047,,,,,1.3818559646606445,41.86819076538086,,,,102.0755386352539,4.528616905212402,,
2007-11-13,57.849674224853516,,,,,1.4937375783920288,43.595157623291016,,,,105.1867904663086,4.786472797393799,,
2007-11-14,57.82674026489258,,,,,1.4734481573104858,43.03669357299805,,,,104.89556884765625,4.734364032745361,,
2007-11-15,58.073822021484375,,,,,1.4456229209899902,42.80470657348633,,,,103.38255310058594,4.614030838012695,,
2007-11-16,58.03353500366211,,,,,1.4740278720855713,43.199947357177734,,,,103.5600814819336,4.615641117095947,,
2007-11-19,58.1600456237793,,,,,1.4364922046661377,42.70161056518555,,,,102.11813354492188,4.480267524719238,,
2007-11-20,58.03928756713867,,,,,1.4472171068191528,42.87343978881836,,,,102.74320983886719,4.5318379402160645,,
2007-11-21,58.481746673583984,,,,,1.4028699398040771,42.366519927978516,,,,100.64065551757812,4.361008644104004,,
2007-11-23,58.18301010131836,,,,,1.4370721578598022,42.8218994140625,,,,102.3810043334961,4.491010665893555,,
2007-11-26,58.71168518066406,,,,,1.3985222578048706,42.08298110961914,,,,100.12206268310547,4.319106101989746,,
2007-11-27,58.47031784057617,,,,,1.4417093992233276,42.924983978271484,,,,101.2728500366211,4.422250270843506,,
2007-11-28,58.32666015625,,,,,1.5282295942306519,44.2309455871582,,,,104.51199340820312,4.675271511077881,,
2007-11-29,58.493316650390625,,,,,1.5398231744766235,44.41997528076172,,,,104.54750061035156,4.691386699676514,,
2007-11-30,58.61395263671875,,,,,1.5283750295639038,44.08489227294922,,,,105.59884643554688,4.791845321655273,,
2007-12-03,58.9238166809082,,,,,1.5004034042358398,43.715457916259766,,,,104.90267181396484,4.708576202392578,,
2007-12-04,58.69881057739258,,,,,1.486056923866272,43.53501510620117,,,,103.96503448486328,4.641428470611572,,
2007-12-05,58.58920669555664,,,,,1.5386638641357422,44.31686782836914,,,,105.705322265625,4.785937786102295,,
2007-12-06,58.525726318359375,,,,,1.5730117559432983,44.95269012451172,,,,107.21834564208984,4.919698238372803,,
2007-12-07,58.19110870361328,,,,,1.583591103553772,44.96126174926758,,,,107.19702911376953,4.931516647338867,,
2007-12-10,58.07569122314453,,,,,1.592866063117981,45.14169692993164,,,,108.02814483642578,4.991682052612305,,
2007-12-11,58.35841369628906,,,,,1.5241715908050537,44.093505859375,,,,105.0660400390625,4.727380752563477,,
2007-12-12,58.30071258544922,,,,,1.544606328010559,44.488712310791016,,,,106.10310363769531,4.81064510345459,,
2007-12-13,58.07569122314453,,,,,1.5218526124954224,44.24813461303711,,,,105.8829116821289,4.80903434753418,,
2007-12-14,57.91414260864258,,,,,1.4985202550888062,43.792762756347656,,,,104.54037475585938,4.669363498687744,,
2007-12-17,58.00068664550781,,,,,1.4298261404037476,42.72738265991211,,,,103.04867553710938,4.520557403564453,,
2007-12-18,58.306495666503906,,,,,1.432434320449829,42.8648567199707,,,,103.6240234375,4.578039169311523,,
2007-12-19,58.427635192871094,,,,,1.4456229209899902,42.85625457763672,,,,103.6240234375,4.585022926330566,,
2007-12-20,58.37572479248047,,,,,1.5054564476013184,43.73261642456055,,,,104.27755737304688,4.629300594329834,,
2007-12-21,58.121849060058594,,,,,1.5576841831207275,44.59529113769531,,,,105.78080749511719,4.781383514404297,,
2007-12-24,58.1391716003418,,,,,1.5760096311569214,44.93071365356445,,,,106.56627655029297,4.857145309448242,,
2007-12-26,57.96028137207031,,,,,1.5920445919036865,45.154335021972656,,,,106.7947769165039,4.854339122772217,,
2007-12-27,58.278358459472656,,,,,1.5477581024169922,44.61250305175781,,,,105.45227813720703,4.728071689605713,,
2007-12-28,58.59115982055664,,,,,1.5434819459915161,44.56949234008789,,,,105.18804168701172,4.715723037719727,,
2007-12-31,58.6085319519043,,,,,1.5152301788330078,44.05345916748047,,,,104.40968322753906,4.646697998046875,,
2008-01-02,58.8866081237793,,,,,1.466818928718567,43.35678482055664,,,,103.49560546875,4.549610137939453,,
2008-01-03,59.04302215576172,,,,,1.4752185344696045,43.53740310668945,,,,103.4456558227539,4.547927379608154,,
2008-01-04,59.16466522216797,,,,,1.347549557685852,41.62800216674805,,,,100.91053009033203,4.332428932189941,,
2008-01-07,59.24000549316406,,,,,1.330140471458435,41.43019104003906,,,,100.82484436035156,4.321205139160156,,
2008-01-08,59.39063262939453,,,,,1.2689013481140137,40.35508346557617,,,,99.19666290283203,4.172487735748291,,
2008-01-09,59.2515754699707,,,,,1.3095237016677856,41.21516799926758,,,,100.2392807006836,4.26620626449585,,
2008-01-10,59.129905700683594,,,,,1.3102874755859375,41.2753791809082,,,,100.89627838134766,4.332428932189941,,
2008-01-11,59.38479232788086,,,,,1.2740941047668457,40.466896057128906,,,,100.08216094970703,4.251616477966309,,
2008-01-14,59.43114471435547,,,,,1.3073855638504028,41.17216873168945,,,,100.88915252685547,4.326256275177002,,
2008-01-15,59.64552688598633,,,,,1.2476749420166016,40.03684997558594,,,,98.66826629638672,4.12253999710083,,
2008-01-16,59.46588897705078,,,,,1.2110235691070557,39.606807708740234,,,,97.8184814453125,4.068106174468994,,
2008-01-17,59.82509994506836,,,,,1.1777313947677612,39.056339263916016,,,,95.28334045410156,3.8425042629241943,,
2008-01-18,59.813499450683594,,,,,1.1713179349899292,39.0047607421875,,,,94.30503845214844,3.763937473297119,,
2008-01-22,59.906211853027344,,,,,1.107635498046875,37.998451232910156,,,,93.3481216430664,3.6825642585754395,,
2008-01-23,59.726566314697266,,,,,1.1174087524414062,37.85224151611328,,,,95.5904541015625,3.8705644607543945,,
2008-01-24,59.575965881347656,,,,,1.149937629699707,38.6263313293457,,,,96.39739227294922,3.9283671379089355,,
2008-01-25,59.68022918701172,,,,,1.0995420217514038,37.83504104614258,,,,95.00486755371094,3.8032212257385254,,
2008-01-28,59.796138763427734,,,,,1.1163403987884521,38.127479553222656,,,,96.57592010498047,3.9423978328704834,,
2008-01-29,59.6107177734375,,,,,1.121532678604126,38.19626998901367,,,,97.05435180664062,3.968212366104126,,
2008-01-30,59.70340347290039,,,,,1.1201584339141846,38.161869049072266,,,,96.34027862548828,3.918266773223877,,
2008-01-31,59.964115142822266,,,,,1.146119475364685,38.81553649902344,,,,98.09696197509766,4.049023628234863,,
2008-02-01,59.90305709838867,,,,,1.183535099029541,39.211185455322266,,,,99.6751480102539,4.179782867431641,,
2008-02-04,59.868167877197266,,,,,1.142149567604065,38.66072082519531,,,,98.4183120727539,4.078207015991211,,
2008-02-05,60.054264068603516,,,,,1.0877829790115356,37.559810638427734,,,,95.78326416015625,3.8610241413116455,,
2008-02-06,60.00775909423828,,,,,1.0415102243423462,36.82014846801758,,,,95.01200103759766,3.790875196456909,,
2008-02-07,59.47846984863281,,,,,1.0628902912139893,37.078182220458984,,,,95.64041900634766,3.8481171131134033,,
2008-02-08,59.76350402832031,,,,,1.0766352415084839,37.499610900878906,,,,95.02632904052734,3.7880687713623047,,
2008-02-11,59.891456604003906,,,,,1.1007633209228516,37.90385437011719,,,,95.51190948486328,3.827352523803711,,
2008-02-12,59.868167877197266,,,,,1.09266996383667,37.68881607055664,,,,96.39739227294922,3.9115304946899414,,
2008-02-13,59.51336669921875,,,,,1.131611943244934,38.514495849609375,,,,97.38284301757812,3.9850504398345947,,
2008-02-14,59.327232360839844,,,,,1.0958764553070068,37.81784439086914,,,,96.52592468261719,3.89469575881958,,
2008-02-15,59.298152923583984,,,,,1.0919066667556763,37.68881607055664,,,,96.50450134277344,3.910970687866211,,
2008-02-19,59.01313400268555,,,,,1.0815216302871704,37.62002182006836,,,,96.77589416503906,3.945204019546509,,
2008-02-20,58.92008590698242,,,,,1.091448187828064,37.79203796386719,,,,97.06149291992188,3.9496915340423584,,
2008-02-21,59.4028434753418,,,,,1.0748023986816406,37.430809020996094,,,,96.25454711914062,3.8806662559509277,,
2008-02-22,59.0887451171875,,,,,1.0842702388763428,37.56840896606445,,,,96.8472671508789,3.9395911693573,,
2008-02-25,58.87934875488281,,,,,1.0886989831924438,37.75763702392578,,,,98.06839752197266,4.034995079040527,,
2008-02-26,59.164371490478516,,,,,1.098778247833252,37.90385437011719,,,,98.80392456054688,4.082696437835693,,
2008-02-27,59.286495208740234,,,,,1.1058026552200317,38.093074798583984,,,,98.70398712158203,4.075961589813232,,
2008-02-28,59.64130401611328,,,,,1.081979513168335,37.94684600830078,,,,97.73990631103516,3.989537000656128,,
2008-02-29,59.868167877197266,,,,,1.0497573614120483,36.94055938720703,,,,95.56189727783203,3.8295958042144775,,
2008-03-03,59.85820007324219,,,,,1.027002215385437,36.69974136352539,,,,95.33341217041016,3.7886300086975098,,
2008-03-04,59.60141372680664,,,,,1.0354015827178955,36.90614700317383,,,,94.96915435791016,3.7734766006469727,,
2008-03-05,59.221832275390625,,,,,1.0552549362182617,37.08677291870117,,,,95.56904602050781,3.821178674697876,,
2008-03-06,59.13429641723633,,,,,1.0014995336532593,36.269710540771484,,,,93.59095001220703,3.658431053161621,,
2008-03-07,59.315303802490234,,,,,0.9961546659469604,36.183692932128906,,,,92.62692260742188,3.5910887718200684,,
2008-03-10,59.63056564331055,,,,,0.9564487934112549,35.487022399902344,,,,91.40576934814453,3.4867067337036133,,
2008-03-11,59.268550872802734,,,,,1.0431902408599854,36.837364196777344,,,,94.69065856933594,3.7482240200042725,,
2008-03-12,59.87578201293945,,,,,1.0228798389434814,36.73413848876953,,,,93.80520629882812,3.679196357727051,,
2008-03-13,59.61888885498047,,,,,1.0393726825714111,37.0179557800293,,,,94.01226043701172,3.692664861679077,,
2008-03-14,59.869895935058594,,,,,0.9975283741950989,36.33851623535156,,,,92.55549621582031,3.5764975547790527,,
2008-03-17,60.126800537109375,,,,,0.9718726873397827,35.67624282836914,,,,91.62001037597656,3.4979307651519775,,
2008-03-18,59.98667907714844,,,,,1.056018590927124,37.26740264892578,,,,95.42619323730469,3.7875072956085205,,
2008-03-19,60.16762161254883,,,,,1.003332257270813,36.34709548950195,,,,93.06248474121094,3.5922114849090576,,
2008-03-20,60.37784194946289,,,,,1.0317364931106567,37.089935302734375,,,,94.78627014160156,3.7263376712799072,,
2008-03-24,59.93413543701172,,,,,1.1163403987884521,38.37246322631836,,,,96.68086242675781,3.8857154846191406,,
2008-03-25,60.04500961303711,,,,,1.1247395277023315,38.587646484375,,,,96.774169921875,3.8854331970214844,,
2008-03-26,59.869895935058594,,,,,1.1025961637496948,38.47573471069336,,,,95.59004211425781,3.7858822345733643,,
2008-03-27,59.893245697021484,,,,,1.0799942016601562,37.623600006103516,,,,95.28861236572266,3.762820243835449,,
2008-03-28,60.03922653198242,,,,,1.063653588294983,37.43423080444336,,,,94.37723541259766,3.6902637481689453,,
2008-03-31,59.94578552246094,,,,,1.0682358741760254,37.632205963134766,,,,94.70732879638672,3.7121989727020264,,
2008-04-01,59.538414001464844,,,,,1.1580311059951782,39.24181365966797,,,,98.0372085571289,3.9681153297424316,,
2008-04-02,59.567718505859375,,,,,1.1659727096557617,39.1557502746582,,,,98.101806640625,3.99173903465271,,
2008-04-03,59.75532150268555,,,,,1.1679580211639404,39.24181365966797,,,,98.34577941894531,4.011990547180176,,
2008-04-04,60.06011962890625,,,,,1.173761248588562,39.47421646118164,,,,98.2381362915039,3.99849009513855,,
2008-04-07,60.054264068603516,,,,,1.1671942472457886,39.38813781738281,,,,98.28843688964844,3.9934275150299072,,
2008-04-08,60.04837417602539,,,,,1.1568098068237305,39.086875915527344,,,,98.18791198730469,3.9889273643493652,,
2008-04-09,60.31217575073242,,,,,1.131611943244934,38.64787673950195,,,,97.47740173339844,3.92649507522583,,
2008-04-10,60.12456512451172,,,,,1.1584899425506592,39.19879150390625,,,,97.61380767822266,3.945619821548462,,
2008-04-11,60.253517150878906,,,,,1.0963350534439087,38.11421585083008,,,,95.71925354003906,3.792067766189575,,
2008-04-14,60.18317794799805,,,,,1.0804526805877686,37.942081451416016,,,,95.39628601074219,3.757197380065918,,
2008-04-15,59.86082458496094,,,,,1.081979513168335,37.99373245239258,,,,95.6187515258789,3.791506767272949,,
2008-04-16,59.64393615722656,,,,,1.162001132965088,39.05247116088867,,,,98.20945739746094,3.9827404022216797,,
2008-04-17,59.63218307495117,,,,,1.1644446849822998,38.96636962890625,,,,98.35298919677734,3.986677885055542,,
2008-04-18,59.79044723510742,,,,,1.2108701467514038,40.205867767333984,,,,99.37915802001953,4.081169128417969,,
2008-04-21,59.79634475708008,,,,,1.2270584106445312,40.48991775512695,,,,99.4294662475586,4.087918281555176,,
2008-04-22,59.88423538208008,,,,,1.2033872604370117,39.887386322021484,,,,98.99166107177734,4.046298503875732,,
2008-04-23,59.82560729980469,,,,,1.2162154912948608,40.326385498046875,,,,98.83380126953125,4.0322370529174805,,
2008-04-24,59.60287094116211,,,,,1.23270845413208,40.68789291381836,,,,99.2643814086914,4.064294815063477,,
2008-04-25,59.544254302978516,,,,,1.233930230140686,40.5846061706543,,,,100.18296813964844,4.135727882385254,,
2008-04-28,59.69084548950195,,,,,1.2382060289382935,40.66205596923828,,,,100.20445251464844,4.139101028442383,,
2008-04-29,59.77878952026367,,,,,1.2534775733947754,40.971927642822266,,,,99.80977630615234,4.101980209350586,,
2008-04-30,60.14219284057617,,,,,1.2346935272216797,40.636226654052734,,,,99.22132873535156,4.059234619140625,,
2008-05-01,60.039878845214844,,,,,1.311967372894287,41.91876983642578,,,,101.2737808227539,4.222347259521484,,
2008-05-02,59.93986892700195,,,,,1.3263217210769653,41.979026794433594,,,,101.55365753173828,4.243718147277832,,
2008-05-05,59.963340759277344,,,,,1.3092178106307983,41.85851287841797,,,,101.06565856933594,4.214470863342285,,
2008-05-06,59.76931381225586,,,,,1.337928295135498,42.11672592163086,,,,101.94116973876953,4.27802848815918,,
2008-05-07,59.93986892700195,,,,,1.2858529090881348,41.350669860839844,,,,100.12552642822266,4.122791767120361,,
2008-05-08,60.09280014038086,,,,,1.287533164024353,41.66053771972656,,,,99.86719512939453,4.109853744506836,,
2008-05-09,60.116249084472656,,,,,1.2867701053619385,41.49700164794922,,,,99.68055725097656,4.087918281555176,,
2008-05-12,60.010459899902344,,,,,1.3348736763000488,42.25444412231445,,,,100.80016326904297,4.188597679138184,,
2008-05-13,59.66941452026367,,,,,1.3426626920700073,42.366355895996094,,,,100.81449127197266,4.190848350524902,,
2008-05-14,59.75761032104492,,,,,1.3315147161483765,42.27168273925781,,,,101.02262878417969,4.2127861976623535,,
2008-05-15,60.07512664794922,,,,,1.3835898637771606,43.01192092895508,,,,102.28565216064453,4.307837009429932,,
2008-05-16,59.92815017700195,,,,,1.3835898637771606,43.046356201171875,,,,102.37893676757812,4.317963600158691,,
2008-05-19,60.02810287475586,,,,,1.3701512813568115,42.73646926879883,,,,102.65879821777344,4.330900192260742,,
2008-05-20,60.15745544433594,,,,,1.3452582359313965,42.409385681152344,,,,101.82636260986328,4.262843132019043,,
2008-05-21,60.07512664794922,,,,,1.2899761199951172,41.47117614746094,,,,100.10401153564453,4.1171674728393555,,
2008-05-22,59.71641159057617,,,,,1.287380576133728,41.61750411987305,,,,100.11833953857422,4.1171674728393555,,
2008-05-23,59.945701599121094,,,,,1.2831045389175415,41.488380432128906,,,,98.77638244628906,4.0153632164001465,,
2008-05-27,59.610572814941406,,,,,1.3264758586883545,42.22002029418945,,,,99.50836944580078,4.064858913421631,,
2008-05-28,59.33418273925781,,,,,1.3418995141983032,42.392181396484375,,,,99.96766662597656,4.112667560577393,,
2008-05-29,59.16956329345703,,,,,1.366333246231079,42.770912170410156,,,,100.47000885009766,4.1475396156311035,,
2008-05-30,59.38125228881836,,,,,1.382063627243042,43.046356201171875,,,,100.7211685180664,4.154850959777832,,
2008-06-02,59.60207748413086,,,,,1.3510619401931763,42.521297454833984,,,,99.68055725097656,4.067108631134033,,
2008-06-03,59.71421813964844,,,,,1.334568977355957,42.28887939453125,,,,99.09925842285156,4.038424015045166,,
2008-06-04,59.50165557861328,,,,,1.3573232889175415,42.83116149902344,,,,99.0490951538086,4.023238658905029,,
2008-06-05,59.283199310302734,,,,,1.408635139465332,43.51115798950195,,,,101.02978515625,4.188597679138184,,
2008-06-06,59.61384963989258,,,,,1.3153265714645386,42.20280456542969,,,,97.80756378173828,3.9225587844848633,,
2008-06-09,59.31277084350586,,,,,1.3127306699752808,41.979026794433594,,,,98.04436492919922,3.946744680404663,,
2008-06-10,58.999855041503906,,,,,1.2956267595291138,41.781044006347656,,,,97.556396484375,3.8966846466064453,,
2008-06-11,59.07660675048828,,,,,1.2362209558486938,40.77396774291992,,,,96.12108612060547,3.785318613052368,,
2008-06-12,58.7105827331543,,,,,1.2385120391845703,40.816986083984375,,,,96.48709869384766,3.8134424686431885,,
2008-06-13,58.56298828125,,,,,1.2849370241165161,41.63471984863281,,,,97.70707702636719,3.9079346656799316,,
2008-06-16,58.62798309326172,,,,,1.3034157752990723,42.00484085083008,,,,97.76448822021484,3.914120674133301,,
2008-06-17,58.82865524291992,,,,,1.297000765800476,41.781044006347656,,,,97.2908706665039,3.8696861267089844,,
2008-06-18,59.07660675048828,,,,,1.2682907581329346,41.333431243896484,,,,96.34358215332031,3.784193515777588,,
2008-06-19,58.775508880615234,,,,,1.3041785955429077,41.979026794433594,,,,96.46556091308594,3.8027563095092773,,
2008-06-20,58.952606201171875,,,,,1.2400386333465576,40.845458984375,,,,94.89977264404297,3.6750779151916504,,
2008-06-23,58.87594223022461,,,,,1.2123974561691284,40.526771545410156,,,,94.8060073852539,3.6632659435272217,,
2008-06-24,58.993980407714844,,,,,1.2048051357269287,40.3200569152832,,,,94.61849212646484,3.6555919647216797,,
2008-06-25,59.023502349853516,,,,,1.2307767868041992,40.97467803955078,,,,95.06562805175781,3.6905791759490967,,
2008-06-26,59.1002311706543,,,,,1.1436941623687744,39.32087707519531,,,,92.48363494873047,3.480656385421753,,
2008-06-27,59.24196243286133,,,,,1.146902322769165,39.32087707519531,,,,91.9787826538086,3.4484915733337402,,
2008-06-30,59.27143859863281,,,,,1.1206244230270386,38.907447814941406,,,,92.30335235595703,3.4783987998962402,,
2008-07-01,59.06639099121094,,,,,1.149957537651062,39.45868682861328,,,,92.5918197631836,3.4930710792541504,,
2008-07-02,58.99528121948242,,,,,1.0935832262039185,38.511207580566406,,,,91.00509643554688,3.3666651248931885,,
2008-07-03,59.01304244995117,,,,,1.087776780128479,38.44229507446289,,,,91.09886932373047,3.375694990158081,,
2008-07-07,59.22050094604492,,,,,1.10427725315094,38.674842834472656,,,,90.1684799194336,3.3051559925079346,,
2008-07-08,59.451622009277344,,,,,1.143388032913208,39.59651184082031,,,,91.76961517333984,3.4253530502319336,,
2008-07-09,59.68272018432617,,,,,1.0998469591140747,38.54566192626953,,,,90.00260925292969,3.2887914180755615,,
2008-07-10,59.73603820800781,,,,,1.1187915802001953,39.00217819213867,,,,90.37042236328125,3.332807779312134,,
2008-07-11,59.398250579833984,,,,,1.0842629671096802,38.38198471069336,,,,89.3174057006836,3.251546621322632,,
2008-07-14,59.48713302612305,,,,,1.0685276985168457,38.09777069091797,,,,88.50965881347656,3.1810085773468018,,
2008-07-15,59.7182502746582,,,,,1.0639437437057495,38.106380462646484,,,,87.26190948486328,3.0957963466644287,,
2008-07-16,59.2619743347168,,,,,1.1148186922073364,39.0538444519043,,,,89.40397644042969,3.278632879257202,,
2008-07-17,59.001190185546875,,,,,1.1100832223892212,39.312252044677734,,,,90.2983169555664,3.3079774379730225,,
2008-07-18,58.65747833251953,,,,,1.0960273742675781,38.40784454345703,,,,90.86083221435547,3.3503005504608154,,
2008-07-21,58.965694427490234,,,,,1.0969438552856445,38.57148742675781,,,,90.911376953125,3.3666651248931885,,
2008-07-22,58.764156341552734,,,,,1.0960273742675781,38.57148742675781,,,,91.94270324707031,3.436640977859497,,
2008-07-23,58.83524703979492,,,,,1.1210834980010986,39.079715728759766,,,,92.44036102294922,3.467111825942993,,
2008-07-24,59.24415969848633,,,,,1.0827356576919556,38.49396514892578,,,,90.52190399169922,3.31136417388916,,
2008-07-25,58.941959381103516,,,,,1.1117631196975708,38.993553161621094,,,,90.50027465820312,3.3237781524658203,,
2008-07-28,59.2086181640625,,,,,1.0779991149902344,38.26140594482422,,,,89.17316436767578,3.21768856048584,,
2008-07-29,59.137481689453125,,,,,1.1102352142333984,39.0538444519043,,,,91.0772476196289,3.3587658405303955,,
2008-07-30,59.20271682739258,,,,,1.1293325424194336,39.251956939697266,,,,92.70002746582031,3.481220006942749,,
2008-07-31,59.50489807128906,,,,,1.1255133152008057,39.1572265625,,,,91.47393798828125,3.389803647994995,,
2008-08-01,59.43468475341797,,,,,1.0983186960220337,38.65763854980469,,,,90.99068450927734,3.3542518615722656,,
2008-08-04,59.262142181396484,,,,,1.076318383216858,38.27002716064453,,,,90.14684295654297,3.2949981689453125,,
2008-08-05,59.161048889160156,,,,,1.1424720287322998,39.56205368041992,,,,92.57740783691406,3.4642910957336426,,
2008-08-06,59.09553146362305,,,,,1.1766941547393799,40.16499710083008,,,,92.98847198486328,3.4908132553100586,,
2008-08-07,59.40494918823242,,,,,1.164471983909607,39.85491943359375,,,,91.60372161865234,3.39093017578125,,
2008-08-08,59.315704345703125,,,,,1.2101516723632812,40.759342193603516,,,,93.30580139160156,3.521850824356079,,
2008-08-11,59.16696548461914,,,,,1.2329163551330566,41.12971878051758,,,,94.27233123779297,3.578282117843628,,
2008-08-12,59.4168586730957,,,,,1.2378051280975342,41.17278289794922,,,,93.29143524169922,3.512822151184082,,
2008-08-13,59.315704345703125,,,,,1.2318466901779175,41.086666107177734,,,,92.7288589477539,3.4716272354125977,,
2008-08-14,59.45856475830078,,,,,1.261332631111145,41.56039810180664,,,,93.42845916748047,3.5201570987701416,,
2008-08-15,59.63106918334961,,,,,1.2620960474014282,41.48287582397461,,,,93.88282775878906,3.554579734802246,,
2008-08-18,59.73225784301758,,,,,1.2347497940063477,41.000511169433594,,,,92.59902954101562,3.459775924682617,,
2008-08-19,59.68465042114258,,,,,1.2038884162902832,40.4922981262207,,,,91.58930969238281,3.3852880001068115,,
2008-08-20,59.77983093261719,,,,,1.1970136165618896,40.56124496459961,,,,92.01483917236328,3.413503885269165,,
2008-08-21,59.791690826416016,,,,,1.1828052997589111,40.37171936035156,,,,92.17350769042969,3.4230964183807373,,
2008-08-22,59.726253509521484,,,,,1.2161099910736084,40.90578079223633,,,,93.5077896118164,3.508870840072632,,
2008-08-25,59.91072082519531,,,,,1.170888066291809,40.044410705566406,,,,91.61093139648438,3.3813376426696777,,
2008-08-26,59.83930969238281,,,,,1.1661518812179565,39.99271774291992,,,,91.87783813476562,3.3988311290740967,,
2008-08-27,59.91072082519531,,,,,1.1777626276016235,40.25114822387695,,,,92.7721176147461,3.4541335105895996,,
2008-08-28,59.964256286621094,,,,,1.1841800212860107,40.57845687866211,,,,93.89727020263672,3.541036367416382,,
2008-08-29,59.946414947509766,,,,,1.1470547914505005,39.72571563720703,,,,92.88754272460938,3.465984344482422,,
2008-09-02,60.14593505859375,,,,,1.1181800365447998,39.234737396240234,,,,92.31053924560547,3.4270474910736084,,
2008-09-03,60.13396072387695,,,,,1.0977071523666382,38.86436080932617,,,,92.23121643066406,3.4202749729156494,,
2008-09-04,60.354976654052734,,,,,1.0269719362258911,37.606781005859375,,,,89.45447540283203,3.2171239852905273,,
2008-09-05,60.175785064697266,,,,,1.0234578847885132,37.42588806152344,,,,89.73572540283203,3.2363104820251465,,
2008-09-08,60.55209732055664,,,,,1.0118467807769775,37.356971740722656,,,,91.58930969238281,3.3700520992279053,,
2008-09-09,60.82088851928711,,,,,0.9738053679466248,36.564537048339844,,,,88.8702621459961,3.1601288318634033,,
2008-09-10,60.77915954589844,,,,,0.9826661348342896,36.86600875854492,,,,89.23088836669922,3.1883435249328613,,
2008-09-11,60.70145797729492,,,,,1.022388219833374,37.55509567260742,,,,90.52190399169922,3.2803266048431396,,
2008-09-12,60.456565856933594,,,,,1.0263609886169434,37.40865707397461,,,,90.94020080566406,3.3102352619171143,,
2008-09-15,60.69546890258789,,,,,0.9592913389205933,36.24581527709961,,,,86.61283111572266,2.999300479888916,,
2008-09-16,60.08024215698242,,,,,0.9655550718307495,36.530086517333984,,,,88.06249237060547,3.0833826065063477,,
2008-09-17,60.22953796386719,,,,,0.8693054914474487,34.63510513305664,,,,84.10292053222656,2.821542978286743,,
2008-09-18,60.062320709228516,,,,,0.9320963025093079,35.80653762817383,,,,86.59837341308594,3.0004286766052246,,
2008-09-19,60.33113479614258,,,,,0.9676942229270935,36.977054595947266,,,,90.03751373291016,3.230102777481079,,
2008-09-22,59.387264251708984,,,,,0.8945136070251465,35.2359504699707,,,,87.99913024902344,3.0743536949157715,,
2008-09-23,59.297664642333984,,,,,0.8769437074661255,34.96874237060547,,,,85.99700927734375,2.9355335235595703,,
2008-09-24,59.369384765625,,,,,0.8951247334480286,35.210086822509766,,,,86.27268981933594,2.9572031497955322,,
2008-09-25,59.26184844970703,,,,,0.9042913317680359,35.77033996582031,,,,87.6219711303711,3.029618978500366,,
2008-09-26,58.96323013305664,,,,,0.8983328938484192,35.40833282470703,,,,87.66547393798828,3.051683187484741,,
2008-09-29,58.69439697265625,,,,,0.724929928779602,32.598426818847656,,,,80.79586029052734,2.6307613849639893,,
2008-09-30,58.89152908325195,,,,,0.8002499938011169,33.537925720214844,,,,84.13998413085938,2.7857789993286133,,
2008-10-01,58.47170639038086,,,,,0.7793187499046326,33.184539794921875,,,,84.1907730102539,2.786344528198242,,
2008-10-02,58.69961929321289,,,,,0.7165278196334839,31.6761474609375,,,,81.13677978515625,2.5577800273895264,,
2008-10-03,59.143394470214844,,,,,0.6836802959442139,31.184844970703125,,,,80.04143524169922,2.487626075744629,,
2008-10-06,59.16139221191406,,,,,0.619666337966919,30.047086715698242,,,,75.96463012695312,2.2845189571380615,,
2008-10-07,57.93800354003906,,,,,0.5576390624046326,28.142213821411133,,,,72.56246185302734,2.038982391357422,,
2008-10-08,56.774566650390625,,,,,0.5434300899505615,27.91811180114746,,,,70.73444366455078,1.9546842575073242,,
2008-10-09,56.90644454956055,,,,,0.5014167428016663,27.168235778808594,,,,65.7944107055664,1.6802935600280762,,
2008-10-10,53.014366149902344,,,,,0.5089027285575867,26.995838165283203,,,,64.19854736328125,1.6406900882720947,,
2008-10-13,55.06538772583008,,,,,0.6340277791023254,30.279821395874023,,,,73.52003479003906,2.0084307193756104,,
2008-10-14,56.22282028198242,,,,,0.5752076506614685,28.96967315673828,,,,72.43190002441406,1.9807093143463135,,
2008-10-15,57.12237548828125,,,,,0.4700967073440552,26.375244140625,,,,65.3011474609375,1.6418217420578003,,
2008-10-16,56.22282028198242,,,,,0.5235694050788879,27.806053161621094,,,,68.02140808105469,1.7493149042129517,,
2008-10-17,56.42669677734375,,,,,0.5224995613098145,27.840526580810547,,,,67.61520385742188,1.7481839656829834,,
2008-10-20,57.43423843383789,,,,,0.5576390624046326,28.61627960205078,,,,71.6774673461914,1.9020686149597168,,
2008-10-21,57.93800354003906,,,,,0.5015694499015808,27.133752822875977,,,,69.53754425048828,1.7934443950653076,,
2008-10-22,58.60967254638672,,,,,0.46765226125717163,26.38385772705078,,,,65.75088500976562,1.6140999794006348,,
2008-10-23,57.578163146972656,,,,,0.46337443590164185,26.28042984008789,,,,66.51256561279297,1.6157969236373901,,
2008-10-24,57.092369079589844,,,,,0.4366391599178314,25.435726165771484,,,,63.13945388793945,1.4992514848709106,,
2008-10-27,56.52265548706055,,,,,0.41112497448921204,24.728946685791016,,,,60.89794921875,1.3991130590438843,,
2008-10-28,56.72053909301758,,,,,0.4971391558647156,27.46128273010254,,,,68.01419067382812,1.7085808515548706,,
2008-10-29,57.80007553100586,,,,,0.5024855732917786,27.39232635498047,,,,67.52093505859375,1.6667146682739258,,
2008-10-30,57.728050231933594,,,,,0.52861088514328,28.30597496032715,,,,69.85669708251953,1.744789481163025,,
2008-10-31,57.54817199707031,,,,,0.5313612222671509,28.349077224731445,,,,70.24117279052734,1.8126800060272217,,
2008-11-03,56.632789611816406,,,,,0.533805787563324,28.288740158081055,,,,70.44425964355469,1.8375731706619263,,
2008-11-04,57.54214096069336,,,,,0.5642077326774597,29.09034538269043,,,,72.83814239501953,1.937712550163269,,
2008-11-05,58.41537094116211,,,,,0.5026389956474304,27.573331832885742,,,,69.77690887451172,1.7572357654571533,,
2008-11-06,58.17449188232422,,,,,0.45512497425079346,26.340774536132812,,,,65.91047668457031,1.5897724628448486,,
2008-11-07,58.46951675415039,,,,,0.4749855399131775,26.883785247802734,,,,68.08670806884766,1.6746357679367065,,
2008-11-10,58.09618377685547,,,,,0.4670410752296448,26.521764755249023,,,,67.19449615478516,1.6044821739196777,,
2008-11-11,58.53582000732422,,,,,0.44855520129203796,25.94428253173828,,,,65.11979675292969,1.555261254310608,,
2008-11-12,58.02994918823242,,,,,0.4031805694103241,24.746177673339844,,,,62.25446701049805,1.4053362607955933,,
2008-11-13,58.228702545166016,,,,,0.450388640165329,26.254579544067383,,,,66.1353759765625,1.5897724628448486,,
2008-11-14,58.40333557128906,,,,,0.40608352422714233,24.978904724121094,,,,62.83477783203125,1.438715934753418,,
2008-11-17,58.5599250793457,,,,,0.3903471827507019,24.453126907348633,,,,62.00055694580078,1.3832714557647705,,
2008-11-18,58.475589752197266,,,,,0.3868330717086792,24.427265167236328,,,,63.16847610473633,1.3934552669525146,,
2008-11-19,58.64422607421875,,,,,0.3468058407306671,23.151609420776367,,,,59.12069320678711,1.254845142364502,,
2008-11-20,58.65627670288086,,,,,0.31518056988716125,22.03108024597168,,,,54.731937408447266,1.075500726699829,,
2008-11-21,58.18651580810547,,,,,0.33993005752563477,22.98784065246582,,,,57.684391021728516,1.1999666690826416,,
2008-11-24,58.18052291870117,,,,,0.3804168999195099,24.392793655395508,,,,61.68136978149414,1.338011622428894,,
2008-11-25,59.63187026977539,,,,,0.3778189420700073,24.280736923217773,,,,62.13837432861328,1.378745198249817,,
2008-11-26,59.40300369262695,,,,,0.40898558497428894,25.297819137573242,,,,64.53949737548828,1.471529483795166,,
2008-11-28,59.288604736328125,,,,,0.403944194316864,25.099578857421875,,,,65.35191345214844,1.5049089193344116,,
2008-12-01,60.124881744384766,,,,,0.3439028263092041,23.21193504333496,,,,59.56318283081055,1.2446616888046265,,
2008-12-02,60.18534851074219,,,,,0.36590275168418884,23.987688064575195,,,,61.85546875,1.3323534727096558,,
2008-12-03,60.19137954711914,,,,,0.3842361569404602,24.66860580444336,,,,63.34255599975586,1.4047706127166748,,
2008-12-04,60.390907287597656,,,,,0.3636108934879303,23.970447540283203,,,,61.87721252441406,1.3249987363815308,,
2008-12-05,60.05838394165039,,,,,0.39279165863990784,24.944425582885742,,,,63.78504943847656,1.4189138412475586,,
2008-12-08,59.979766845703125,,,,,0.4239582419395447,25.927038192749023,,,,66.01206970214844,1.5190528631210327,,
2008-12-09,60.542118072509766,,,,,0.42059674859046936,25.866695404052734,,,,64.9239273071289,1.463042974472046,,
2008-12-10,60.43323516845703,,,,,0.4201391637325287,25.780506134033203,,,,65.36644744873047,1.4913309812545776,,
2008-12-11,60.747718811035156,,,,,0.3969168961048126,25.0737247467041,,,,63.79229736328125,1.414387583732605,,
2008-12-12,60.76588439941406,,,,,0.4123472273349762,25.582256317138672,,,,64.55399322509766,1.4290974140167236,,
2008-12-15,60.91093826293945,,,,,0.39798566699028015,25.134052276611328,,,,63.654483795166016,1.3962841033935547,,
2008-12-16,61.15284729003906,,,,,0.43541693687438965,26.340774536132812,,,,66.65042877197266,1.5348936319351196,,
2008-12-17,61.47947311401367,,,,,0.42518049478530884,26.0218505859375,,,,66.00480651855469,1.5071722269058228,,
2008-12-18,61.86638259887695,,,,,0.4114300012588501,25.565025329589844,,,,64.77162170410156,1.4511628150939941,,
2008-12-19,61.666847229003906,,,,,0.4160138964653015,25.7747745513916,,,,64.49295806884766,1.440978765487671,,
2008-12-22,61.99948501586914,,,,,0.39981892704963684,25.21369743347168,,,,63.666595458984375,1.3945865631103516,,
2008-12-23,62.604129791259766,,,,,0.3947775065898895,25.084218978881836,,,,63.008445739746094,1.3707115650177002,,
2008-12-24,62.90046310424805,,,,,0.3958471715450287,25.153282165527344,,,,63.374088287353516,1.383755087852478,,
2008-12-26,62.688819885253906,,,,,0.3961522579193115,25.144655227661133,,,,63.739742279052734,1.3990676403045654,,
2008-12-29,63.17185592651367,,,,,0.38606950640678406,24.937475204467773,,,,63.55693435668945,1.3945304155349731,,
2008-12-30,63.1961555480957,,,,,0.40363913774490356,25.455400466918945,,,,65.06340789794922,1.4506741762161255,,
2008-12-31,63.238624572753906,,,,,0.4108189642429352,25.671192169189453,,,,65.99211120605469,1.4898055791854858,,
2009-01-02,62.844215393066406,,,,,0.4470280408859253,26.78470230102539,,,,67.98127746582031,1.5816775560379028,,
2009-01-05,63.84555435180664,,,,,0.4470280408859253,26.77606773376465,,,,67.90082550048828,1.5799763202667236,,
2009-01-06,63.48749923706055,,,,,0.45619454979896545,27.04366111755371,,,,68.35423278808594,1.6054966449737549,,
2009-01-07,62.90484619140625,,,,,0.43068060278892517,26.275428771972656,,,,66.30662536621094,1.5136240720748901,,
2009-01-08,62.42538833618164,,,,,0.4399997293949127,26.551645278930664,,,,66.57716369628906,1.523832082748413,,
2009-01-09,62.212982177734375,,,,,0.4204442501068115,25.956043243408203,,,,65.1511459350586,1.4557788372039795,,
2009-01-12,62.54071807861328,,,,,0.40486133098602295,25.481290817260742,,,,63.58619689941406,1.3899935483932495,,
2009-01-13,62.64390182495117,,,,,0.40440279245376587,25.489927291870117,,,,63.703189849853516,1.3911274671554565,,
2009-01-14,62.558929443359375,,,,,0.38011088967323303,24.713058471679688,,,,61.69942092895508,1.3043591976165771,,
2009-01-15,62.55282211303711,,,,,0.39126330614089966,25.118757247924805,,,,61.72134017944336,1.3071953058242798,,
2009-01-16,62.874488830566406,,,,,0.401041179895401,25.394969940185547,,,,62.20402908325195,1.3242087364196777,,
2009-01-20,62.546791076660156,,,,,0.3628472089767456,24.13471794128418,,,,58.92051315307617,1.1852658987045288,,
2009-01-21,62.21907043457031,,,,,0.39065223932266235,25.161907196044922,,,,61.46541976928711,1.2862123250961304,,
2009-01-22,61.9520149230957,,,,,0.3824027478694916,24.825273513793945,,,,60.514732360839844,1.2487826347351074,,
2009-01-23,61.85495376586914,,,,,0.38393014669418335,24.946115493774414,,,,60.77800369262695,1.259557843208313,,
2009-01-26,61.79421615600586,,,,,0.3897361159324646,25.127389907836914,,,,61.19482421875,1.2720345258712769,,
2009-01-27,62.10979080200195,,,,,0.3961522579193115,25.308652877807617,,,,61.81645202636719,1.2998223304748535,,
2009-01-28,62.14619064331055,,,,,0.42258358001708984,26.19774055480957,,,,63.90793228149414,1.3877254724502563,,
2009-01-29,61.59392547607422,,,,,0.40226343274116516,25.533079147338867,,,,61.83108139038086,1.3026580810546875,,
2009-01-30,61.98237228393555,,,,,0.3869855999946594,25.084218978881836,,,,60.57322692871094,1.2442452907562256,,
2009-02-02,61.87636947631836,,,,,0.39706945419311523,25.3863468170166,,,,60.390411376953125,1.2414098978042603,,
2009-02-03,61.60226821899414,,,,,0.4097502529621124,25.78339958190918,,,,61.238704681396484,1.2754368782043457,,
2009-02-04,61.51704406738281,,,,,0.41005533933639526,25.81793785095215,,,,60.93887710571289,1.2635271549224854,,
2009-02-05,61.322078704833984,,,,,0.42869463562965393,26.38763999938965,,,,61.84569549560547,1.2964199781417847,,
2009-02-06,61.4865837097168,,,,,0.45054107904434204,27.078189849853516,,,,63.608116149902344,1.3701449632644653,,
2009-02-09,61.49269104003906,,,,,0.45558351278305054,27.190404891967773,,,,63.695865631103516,1.375815749168396,,
2009-02-10,61.87029266357422,,,,,0.42136135697364807,26.189104080200195,,,,60.77800369262695,1.249916911125183,,
2009-02-11,61.85809326171875,,,,,0.41830578446388245,26.06826400756836,,,,61.136322021484375,1.2686309814453125,,
2009-02-12,62.18703079223633,,,,,0.4277775287628174,26.38763999938965,,,,61.180213928222656,1.2708998918533325,,
2009-02-13,61.998199462890625,,,,,0.42319461703300476,26.26679801940918,,,,60.522064208984375,1.2385743856430054,,
2009-02-17,62.046958923339844,,,,,0.3911108374595642,25.22234344482422,,,,57.933250427246094,1.1325241327285767,,
2009-02-18,61.91899490356445,,,,,0.39004117250442505,25.239606857299805,,,,57.794315338134766,1.1257189512252808,,
2009-02-19,61.821590423583984,,,,,0.37888863682746887,24.851163864135742,,,,57.17272186279297,1.103601098060608,,
2009-02-20,61.504825592041016,,,,,0.3799584209918976,24.92021369934082,,,,56.6169319152832,1.0792157649993896,,
2009-02-23,61.821590423583984,,,,,0.3538331389427185,24.048404693603516,,,,54.59125518798828,1.0037896633148193,,
2009-02-24,61.69975662231445,,,,,0.37583306431770325,24.842529296875,,,,56.66082000732422,1.0797832012176514,,
2009-02-25,61.644927978515625,,,,,0.371555358171463,24.678525924682617,,,,56.21472930908203,1.0605008602142334,,
2009-02-26,61.322078704833984,,,,,0.3513886332511902,23.987972259521484,,,,55.30057907104492,1.028175950050354,,
2009-02-27,61.32821273803711,,,,,0.34405532479286194,23.763551712036133,,,,54.064697265625,0.9816722273826599,,
2009-03-02,61.53413391113281,,,,,0.32236143946647644,22.99531364440918,,,,51.62947082519531,0.8932027816772461,,
2009-03-03,61.454673767089844,,,,,0.3217502534389496,22.978057861328125,,,,51.24189376831055,0.8750551342964172,,
2009-03-04,61.1674919128418,,,,,0.3380967676639557,23.590909957885742,,,,52.45585632324219,0.91815584897995,,
2009-03-05,61.36914825439453,,,,,0.3185412287712097,22.883102416992188,,,,50.31315994262695,0.8444311618804932,,
2009-03-06,61.53413391113281,,,,,0.313652366399765,22.70182991027832,,,,50.40092468261719,0.842729926109314,,
2009-03-09,61.112518310546875,,,,,0.2994443476200104,22.21844482421875,,,,49.80857467651367,0.8245822787284851,,
2009-03-10,61.2530403137207,,,,,0.3359583616256714,23.590909957885742,,,,52.777626037597656,0.9249609112739563,,
2009-03-11,61.39973068237305,,,,,0.3460412323474884,23.953453063964844,,,,53.121334075927734,0.9340347647666931,,
2009-03-12,61.454673767089844,,,,,0.3694169521331787,24.74758529663086,,,,55.21283721923828,1.0088938474655151,,
2009-03-13,61.515838623046875,,,,,0.3721664249897003,24.80800437927246,,,,55.64429473876953,1.0253398418426514,,
2009-03-16,61.3264045715332,,,,,0.35856950283050537,24.393672943115234,,,,55.476097106933594,1.021370530128479,,
2009-03-17,61.143104553222656,,,,,0.3856109380722046,25.317289352416992,,,,57.17272186279297,1.0826184749603271,,
2009-03-18,62.114620208740234,,,,,0.3953886032104492,25.63666343688965,,,,58.452457427978516,1.1279877424240112,,
2009-03-19,62.26742935180664,,,,,0.39523616433143616,25.619400024414062,,,,57.72848892211914,1.1013331413269043,,
2009-03-20,61.919124603271484,,,,,0.38377752900123596,25.22946548461914,,,,56.49924087524414,1.0559641122817993,,
2009-03-23,61.919124603271484,,,,,0.42899972200393677,26.716602325439453,,,,60.557533264160156,1.2068158388137817,,
2009-03-24,61.49747848510742,,,,,0.4138745665550232,26.223770141601562,,,,59.364341735839844,1.1605321168899536,,
2009-03-25,61.228660583496094,,,,,0.4166249930858612,26.344812393188477,,,,59.99037551879883,1.1799120903015137,,
2009-03-26,61.35082244873047,,,,,0.44275015592575073,27.157546997070312,,,,61.213050842285156,1.232352614402771,,
2009-03-27,61.39973068237305,,,,,0.42502808570861816,26.647424697875977,,,,60.108238220214844,1.1867514848709106,,
2009-03-30,61.68691635131836,,,,,0.4034857153892517,25.99031639099121,,,,58.031211853027344,1.1046711206436157,,
2009-03-31,62.004695892333984,,,,,0.41265225410461426,26.21512222290039,,,,58.568885803222656,1.124621033668518,,
2009-04-01,61.97462844848633,,,,,0.4241108298301697,26.604190826416016,,,,59.703128814697266,1.1679418087005615,,
2009-04-02,61.77838897705078,,,,,0.45130568742752075,27.460163116455078,,,,61.44871520996094,1.2346324920654297,,
2009-04-03,61.5760612487793,,,,,0.46780580282211304,27.970287322998047,,,,62.0600471496582,1.260852575302124,,
2009-04-06,61.56378936767578,,,,,0.4650552272796631,27.901119232177734,,,,61.57389450073242,1.2426127195358276,,
2009-04-07,61.465675354003906,,,,,0.43954119086265564,27.16620445251465,,,,60.1377067565918,1.1839022636413574,,
2009-04-08,61.66804122924805,,,,,0.45619454979896545,27.624439239501953,,,,60.785823822021484,1.210121989250183,,
2009-04-09,61.5760612487793,,,,,0.4835411608219147,28.48041343688965,,,,63.20167541503906,1.3053131103515625,,
2009-04-13,62.023719787597656,,,,,0.4823189079761505,28.437183380126953,,,,63.216392517089844,1.3115836381912231,,
2009-04-14,62.011409759521484,,,,,0.46994417905807495,28.091344833374023,,,,62.12630844116211,1.264272928237915,,
2009-04-15,62.18309020996094,,,,,0.46933311223983765,28.013521194458008,,,,62.7891960144043,1.2899229526519775,,
2009-04-16,62.072723388671875,,,,,0.492555171251297,28.73979377746582,,,,63.70985794067383,1.329823613166809,,
2009-04-17,61.7293701171875,,,,,0.4928613305091858,28.800323486328125,,,,64.1370620727539,1.3429338932037354,,
2009-04-20,62.0849494934082,,,,,0.4610835313796997,27.87518882751465,,,,61.44871520996094,1.230072021484375,,
2009-04-21,61.88876724243164,,,,,0.4743745028972626,28.264257431030273,,,,62.649261474609375,1.2790929079055786,,
2009-04-22,62.05432891845703,,,,,0.4786522090435028,28.350725173950195,,,,62.266273498535156,1.264272928237915,,
2009-04-23,62.13410949707031,,,,,0.48858359456062317,28.627397537231445,,,,62.8775749206543,1.2870728969573975,,
2009-04-24,62.201473236083984,,,,,0.5047773718833923,29.128864288330078,,,,63.82771682739258,1.3269734382629395,,
2009-04-27,62.299583435058594,,,,,0.5052359700202942,29.1634578704834,,,,63.22372817993164,1.3013232946395874,,
2009-04-28,62.28121566772461,,,,,0.49820783734321594,28.947317123413086,,,,63.024871826171875,1.2927732467651367,,
2009-04-29,62.023719787597656,,,,,0.5114997625350952,29.345035552978516,,,,64.36537170410156,1.3480637073516846,,
2009-04-30,62.3240966796875,,,,,0.5212776064872742,29.63900375366211,,,,64.38748168945312,1.3531934022903442,,
2009-05-01,62.08359146118164,,,,,0.5240280032157898,29.71681785583496,,,,64.73360443115234,1.366303563117981,,
2009-05-04,62.13280487060547,,,,,0.5461803674697876,30.304752349853516,,,,66.93583679199219,1.4575046300888062,,
2009-05-05,62.26197814941406,,,,,0.5444997549057007,30.278820037841797,,,,66.7075424194336,1.4449646472930908,,
2009-05-06,62.40349197387695,,,,,0.5443472266197205,30.287460327148438,,,,67.86388397216797,1.4939855337142944,,
2009-05-07,62.12664794921875,,,,,0.5183746814727783,29.578472137451172,,,,66.92112731933594,1.4586451053619385,,
2009-05-08,62.24354553222656,,,,,0.5202077627182007,29.595754623413086,,,,68.4825668334961,1.523625373840332,,
2009-05-11,62.28660202026367,,,,,0.5234168171882629,29.69951629638672,,,,67.20101165771484,1.4666246175765991,,
2009-05-12,62.63114547729492,,,,,0.510430097579956,29.336374282836914,,,,67.00215911865234,1.4529446363449097,,
2009-05-13,62.68648910522461,,,,,0.4821663200855255,28.549577713012695,,,,65.31549072265625,1.3868238925933838,,
2009-05-14,62.72336196899414,,,,,0.492555171251297,28.869487762451172,,,,65.87525177001953,1.4062045812606812,,
2009-05-15,62.864891052246094,,,,,0.49148547649383545,28.852190017700195,,,,65.33757019042969,1.3822638988494873,,
2009-05-18,62.68032455444336,,,,,0.5176106691360474,29.60441780090332,,,,67.19361114501953,1.4637751579284668,,
2009-05-19,62.73569107055664,,,,,0.5235694050788879,29.74275016784668,,,,67.11262512207031,1.4580743312835693,,
2009-05-20,62.926456451416016,,,,,0.5192915201187134,29.63900375366211,,,,66.6633529663086,1.4398345947265625,,
2009-05-21,62.729496002197266,,,,,0.5003471970558167,29.094284057617188,,,,65.70584106445312,1.3959436416625977,,
2009-05-22,62.56340408325195,,,,,0.49652794003486633,28.999187469482422,,,,65.56591796875,1.391384243965149,,
2009-05-26,62.42195510864258,,,,,0.534416913986206,30.07994842529297,,,,67.24520111083984,1.46491539478302,,
2009-05-27,62.07744598388672,,,,,0.5255551338195801,29.872440338134766,,,,66.0446548461914,1.4107640981674194,,
2009-05-28,62.1020393371582,,,,,0.539763331413269,30.218290328979492,,,,66.9653091430664,1.4495251178741455,,
2009-05-29,62.76645278930664,,,,,0.5515279769897461,30.590078353881836,,,,68.15116119384766,1.5048149824142456,,
2009-06-01,61.9876823425293,,,,,0.5848327875137329,31.463329315185547,,,,69.80094909667969,1.573216199874878,,
2009-06-02,62.41352844238281,,,,,0.5848327875137329,31.506559371948242,,,,69.85987091064453,1.580055832862854,,
2009-06-03,62.58626937866211,,,,,0.5833057761192322,31.41145133972168,,,,68.9760513305664,1.5361653566360474,,
2009-06-04,62.06793212890625,,,,,0.5950692892074585,31.765954971313477,,,,69.62417602539062,1.5646655559539795,,
2009-06-05,61.74702072143555,,,,,0.5965966582298279,31.800539016723633,,,,69.638916015625,1.5663756132125854,,
2009-06-08,61.58050537109375,,,,,0.5920136570930481,31.705432891845703,,,,69.35165405273438,1.5538358688354492,,
2009-06-09,61.858177185058594,,,,,0.6019442081451416,31.947519302368164,,,,69.70523071289062,1.5658055543899536,,
2009-06-10,61.685394287109375,,,,,0.5972077250480652,31.835115432739258,,,,69.5284423828125,1.5606759786605835,,
2009-06-11,61.9013557434082,,,,,0.5965966582298279,31.835115432739258,,,,69.8377914428711,1.5743564367294312,,
2009-06-12,62.203678131103516,,,,,0.5923189520835876,31.688148498535156,,,,70.02928161621094,1.584615707397461,,
2009-06-15,62.43817138671875,,,,,0.5668056607246399,31.03968048095703,,,,68.42369079589844,1.507095456123352,,
2009-06-16,62.52457046508789,,,,,0.5568744540214539,30.737071990966797,,,,67.49562072753906,1.4700449705123901,,
2009-06-17,62.647945404052734,,,,,0.5661945939064026,31.03101921081543,,,,67.42933654785156,1.4626346826553345,,
2009-06-18,62.24073028564453,,,,,0.5632914304733276,30.970500946044922,,,,67.92282104492188,1.4842950105667114,,
2009-06-19,62.46900177001953,,,,,0.5759723782539368,31.302928924560547,,,,68.17313385009766,1.495125412940979,,
2009-06-22,62.56157302856445,,,,,0.5434300899505615,30.367979049682617,,,,66.12882232666016,1.4056342840194702,,
2009-06-23,62.76520538330078,,,,,0.5403745174407959,30.298751831054688,,,,66.18069458007812,1.4107640981674194,,
2009-06-24,62.59860610961914,,,,,0.5579440593719482,30.809480667114258,,,,66.75103759765625,1.4311270713806152,,
2009-06-25,62.88862609863281,,,,,0.5807076096534729,31.415464401245117,,,,68.20278930664062,1.4951906204223633,,1.1323497295379639
2009-06-26,63.07373809814453,,,,,0.5828472375869751,31.48472785949707,,,,68.0250473022461,1.4883264303207397,,1.1264792680740356
2009-06-29,63.018184661865234,,,,,0.5845280289649963,31.553979873657227,,,,68.66203308105469,1.5163542032241821,,1.158440113067627
2009-06-30,63.03056716918945,,,,,0.5820834636688232,31.493371963500977,,,,68.10649108886719,1.4951906204223633,,1.1307830810546875
2009-07-01,63.00696563720703,,,,,0.582999587059021,31.510677337646484,,,,68.38794708251953,1.5026265382766724,,1.142916202545166
2009-07-02,63.155609130859375,,,,,0.5579440593719482,30.818153381347656,,,,66.5213851928711,1.4219756126403809,,1.0485973358154297
2009-07-06,63.10604476928711,,,,,0.5527499914169312,30.653671264648438,,,,66.51397705078125,1.422547459602356,,1.0514668226242065
2009-07-07,63.310386657714844,,,,,0.5250967144966125,29.891870498657227,,,,65.2251968383789,1.3659203052520752,,0.9859784841537476
2009-07-08,63.6571044921875,,,,,0.5298328995704651,30.047693252563477,,,,65.1807861328125,1.3642044067382812,,0.9871528744697571
2009-07-09,63.4775505065918,,,,,0.5309025049209595,30.09963035583496,,,,65.30670928955078,1.3727837800979614,,0.9932841658592224
2009-07-10,63.69424057006836,,,,,0.5362499952316284,30.22948455810547,,,,65.15115356445312,1.3619157075881958,,0.9837608337402344
2009-07-13,63.66328048706055,,,,,0.5561107397079468,30.809480667114258,,,,66.73622131347656,1.4299830198287964,,1.055641531944275
2009-07-14,63.47135925292969,,,,,0.5600835084915161,30.922025680541992,,,,67.11399841308594,1.4465713500976562,,1.0772974491119385
2009-07-15,63.056522369384766,,,,,0.597361147403717,31.960834503173828,,,,69.0768051147461,1.5277940034866333,,1.169398546218872
2009-07-16,63.25464630126953,,,,,0.6117221117019653,32.341739654541016,,,,68.96571350097656,1.5552500486373901,,1.2007073163986206
2009-07-17,63.25464630126953,,,,,0.6182915568351746,32.51488494873047,,,,69.72120666503906,1.55753755569458,,1.1986199617385864
2009-07-20,63.32896041870117,,,,,0.6303611397743225,32.826507568359375,,,,70.4618911743164,1.5884255170822144,,1.2350174188613892
2009-07-21,63.768489837646484,,,,,0.6401389241218567,33.051578521728516,,,,70.78780364990234,1.6044409275054932,,1.2554985284805298
2009-07-22,63.551815032958984,,,,,0.6493055820465088,33.328609466552734,,,,70.77297973632812,1.6038694381713867,,1.2531503438949585
2009-07-23,63.39089584350586,,,,,0.6786388754844666,34.06443405151367,,,,72.33582305908203,1.673652172088623,,1.336380958557129
2009-07-24,63.39089584350586,,,,,0.6780279874801636,33.80472946166992,,,,72.63211822509766,1.6919562816619873,,1.3538614511489868
2009-07-27,63.1989631652832,,,,,0.6790966391563416,34.06443405151367,,,,72.84691619873047,1.7005354166030884,,1.3653416633605957
2009-07-28,63.31656265258789,,,,,0.6835278868675232,33.830711364746094,,,,72.5062255859375,1.690812110900879,,1.3537312746047974
2009-07-29,63.42801284790039,,,,,0.6780279874801636,34.0557861328125,,,,72.32845306396484,1.6742241382598877,,1.3357285261154175
2009-07-30,63.50847625732422,,,,,0.6858187913894653,34.25489044189453,,,,73.08393096923828,1.7091161012649536,,1.3774744272232056
2009-07-31,63.83042526245117,,,,,0.6810835003852844,34.15100860595703,,,,73.18763732910156,1.7114036083221436,,1.3815174102783203
2009-08-03,63.69627380371094,,,,,0.701707661151886,34.661766052246094,,,,74.39496612548828,1.7697471380233765,,1.4510507583618164
2009-08-04,63.50373077392578,,,,,0.7012501358985901,34.661766052246094,,,,74.5875015258789,1.780043363571167,,1.4650088548660278
2009-08-05,63.44780349731445,,,,,0.6916249394416809,34.39338684082031,,,,74.37277221679688,1.7703189849853516,,1.4545727968215942
2009-08-06,63.47883605957031,,,,,0.6795552372932434,34.09040451049805,,,,73.98759460449219,1.7525871992111206,,1.4273074865341187
2009-08-07,63.0999641418457,,,,,0.6951388716697693,34.523250579833984,,,,74.95789337158203,1.7960588932037354,,1.483925461769104
2009-08-10,63.59069061279297,,,,,0.6876521110534668,34.28084945678711,,,,74.80233764648438,1.7874788045883179,,1.4736194610595703
2009-08-11,63.814308166503906,,,,,0.6752772927284241,33.98653030395508,,,,73.86908721923828,1.742292046546936,,1.4175238609313965
2009-08-12,63.78325653076172,,,,,0.6960551142692566,34.51458740234375,,,,74.66162872314453,1.7806154489517212,,1.466835856437683
2009-08-13,63.94470977783203,,,,,0.7030834555625916,34.70503616333008,,,,75.23197937011719,1.80921471118927,,1.49997079372406
2009-08-14,64.05651092529297,,,,,0.6870410442352295,34.306827545166016,,,,74.65422821044922,1.783474326133728,,1.464095950126648
2009-08-17,64.3236312866211,,,,,0.6470136642456055,33.311309814453125,,,,72.81730651855469,1.690812110900879,,1.3552970886230469
2009-08-18,64.11238098144531,,,,,0.6651944518089294,33.78741455078125,,,,73.39502716064453,1.7222719192504883,,1.3924766778945923
2009-08-19,64.24287414550781,,,,,0.6745136976242065,34.02117156982422,,,,74.0394287109375,1.7520157098770142,,1.4244381189346313
2009-08-20,64.34841918945312,,,,,0.6908612251281738,34.419376373291016,,,,74.80233764648438,1.7886229753494263,,1.4710099697113037
2009-08-21,63.97576904296875,,,,,0.7079722881317139,34.87818908691406,,,,76.26889038085938,1.8532581329345703,,1.5531972646713257
2009-08-24,64.23667907714844,,,,,0.7069025039672852,34.84354782104492,,,,76.2614974975586,1.8578344583511353,,1.5529353618621826
2009-08-25,64.34223937988281,,,,,0.711638867855072,34.94743728637695,,,,76.40962982177734,1.8629820346832275,,1.5632424354553223
2009-08-26,64.43537902832031,,,,,0.7098056077957153,34.8868293762207,,,,76.41703033447266,1.8635536432266235,,1.562850832939148
2009-08-27,64.38570404052734,,,,,0.7127076983451843,34.97341537475586,,,,76.58738708496094,1.8738499879837036,,1.57733154296875
2009-08-28,64.34223937988281,,,,,0.7143883109092712,35.008026123046875,,,,76.57259368896484,1.8669862747192383,,1.571720838546753
2009-08-31,64.60931396484375,,,,,0.6992632150650024,34.653106689453125,,,,75.89116668701172,1.8378143310546875,,1.5331063270568848
2009-09-01,64.49842834472656,,,,,0.6732915043830872,34.003849029541016,,,,74.21719360351562,1.7560197114944458,,1.4283514022827148
2009-09-02,64.84107971191406,,,,,0.6719167232513428,33.97785186767578,,,,73.93576049804688,1.7428635358810425,,1.41478431224823
2009-09-03,64.72271728515625,,,,,0.6810835003852844,34.202938079833984,,,,74.55050659179688,1.7708908319473267,,1.446092963218689
2009-09-04,64.59807586669922,,,,,0.7098056077957153,34.93878173828125,,,,75.59487915039062,1.821226716041565,,1.5093638896942139
2009-09-08,64.5046157836914,,,,,0.72401362657547,35.26774215698242,,,,76.24667358398438,1.8526865243911743,,1.5490224361419678
2009-09-09,64.62925720214844,,,,,0.7360833883285522,35.570716857910156,,,,76.83184814453125,1.8818573951721191,,1.5854195356369019
2009-09-10,64.95951843261719,,,,,0.749832808971405,35.90834045410156,,,,77.61695861816406,1.9178932905197144,,1.6336883306503296
2009-09-11,64.95323181152344,,,,,0.7510551810264587,35.94296646118164,,,,77.6021499633789,1.9184657335281372,,1.6313401460647583
2009-09-14,64.8598403930664,,,,,0.757013738155365,36.081459045410156,,,,77.97992706298828,1.9407728910446167,,1.6588655710220337
2009-09-15,64.76007843017578,,,,,0.7620552182197571,36.194007873535156,,,,78.30582427978516,1.9522125720977783,,1.677781105041504
2009-09-16,64.8099594116211,,,,,0.7843612432479858,36.72206497192383,,,,79.4909439086914,2.0117006301879883,,1.7522715330123901
2009-09-17,65.1152572631836,,,,,0.783750057220459,36.71340560913086,,,,79.3724136352539,2.0076963901519775,,1.7439225912094116
2009-09-18,64.95323181152344,,,,,0.7875691056251526,36.774940490722656,,,,79.42301940917969,2.009984254837036,,1.7490099668502808
2009-09-21,64.90343475341797,,,,,0.7909299731254578,36.88758850097656,,,,79.22205352783203,2.001976490020752,,1.7342685461044312
2009-09-22,64.8598403930664,,,,,0.7942914366722107,36.9569091796875,,,,79.6834716796875,2.022568464279175,,1.7668825387954712
2009-09-23,65.02178192138672,,,,,0.7860410809516907,36.78361129760742,,,,79.02114868164062,1.991108775138855,,1.7195266485214233
2009-09-24,65.10279846191406,,,,,0.7725964784622192,36.45433044433594,,,,78.15038299560547,1.9452306032180786,,1.6639653444290161
2009-09-25,65.29595947265625,,,,,0.7591521739959717,36.133697509765625,,,,77.73365020751953,1.9268794059753418,,1.6383841037750244
2009-09-28,65.28975677490234,,,,,0.7848188281059265,36.74892807006836,,,,79.12532806396484,1.9916821718215942,,1.7237430810928345
2009-09-29,65.25860595703125,,,,,0.778249979019165,36.58430862426758,,,,78.88717651367188,1.980212926864624,,1.7139538526535034
2009-09-30,65.37704467773438,,,,,0.7787075042724609,36.610294342041016,,,,78.58203125,1.9681692123413086,,1.6913739442825317
2009-10-01,65.52826690673828,,,,,0.7333328127861023,35.52714920043945,,,,76.63220977783203,1.870105504989624,,1.5634678602218628
2009-10-02,65.40322875976562,,,,,0.7282914519309998,35.42316818237305,,,,76.27498626708984,1.8529008626937866,,1.5461090803146362
2009-10-05,65.447021484375,,,,,0.7403611540794373,35.709110260009766,,,,77.41363525390625,1.9050878286361694,,1.6107147932052612
2009-10-06,65.35321807861328,,,,,0.7660279870033264,36.3416862487793,,,,78.52250671386719,1.9601408243179321,,1.681585431098938
2009-10-07,65.61578369140625,,,,,0.7704580426216125,36.44567108154297,,,,78.73834228515625,1.9721837043762207,,1.6945066452026367
2009-10-08,65.5720443725586,,,,,0.7774853110313416,36.60163116455078,,,,79.3411636352539,2.0031514167785645,,1.735490083694458
2009-10-09,65.11564636230469,,,,,0.7854297757148743,36.809608459472656,,,,79.82492065429688,2.024369955062866,,1.7632899284362793
2009-10-12,65.2657241821289,,,,,0.7892500758171082,36.88758850097656,,,,80.137451171875,2.0432939529418945,,1.78600013256073
2009-10-13,65.42827606201172,,,,,0.789096474647522,36.89625549316406,,,,79.9737319946289,2.0358400344848633,,1.776471734046936
2009-10-14,65.27197265625,,,,,0.8107914924621582,37.3988151550293,,,,81.35055541992188,2.103510618209839,,1.8667899370193481
2009-10-15,65.17194366455078,,,,,0.807888388633728,37.31217956542969,,,,81.64823150634766,2.116126537322998,,1.883625864982605
2009-10-16,65.16568756103516,,,,,0.7974995374679565,37.06953811645508,,,,81.03797912597656,2.0863051414489746,,1.8432966470718384
2009-10-19,65.29696655273438,,,,,0.812166154384613,37.442169189453125,,,,81.70779418945312,2.1212871074676514,,1.8888472318649292
2009-10-20,65.4532470703125,,,,,0.8130832314491272,37.45083236694336,,,,81.27610778808594,2.100642681121826,,1.860785961151123
2009-10-21,65.40946960449219,,,,,0.8098742365837097,37.38149642944336,,,,80.54679107666016,2.0610733032226562,,1.8098840713500977
2009-10-22,65.30948638916016,,,,,0.8170549869537354,37.52880096435547,,,,81.36544036865234,2.100069522857666,,1.8615691661834717
2009-10-23,65.22820281982422,,,,,0.810485303401947,37.372840881347656,,,,80.43516540527344,2.0570592880249023,,1.7997041940689087
2009-10-26,65.05316162109375,,,,,0.8046802878379822,37.25153350830078,,,,79.5644302368164,2.010033369064331,,1.736272931098938
2009-10-27,65.30948638916016,,,,,0.7808470726013184,36.68828582763672,,,,79.1997299194336,1.9911092519760132,,1.715129017829895
2009-10-28,65.40322875976562,,,,,0.7452501058578491,35.86509704589844,,,,77.70388793945312,1.9177039861679077,,1.6189374923706055
2009-10-29,65.27197265625,,,,,0.7698471546173096,36.471656799316406,,,,79.37091064453125,1.996843695640564,,1.7216541767120361
2009-10-30,65.52205657958984,,,,,0.7287500500679016,35.492488861083984,,,,77.07128143310547,1.8838691711425781,,1.5746912956237793
2009-11-02,65.41790771484375,,,,,0.734555184841156,35.639793395996094,,,,77.63689422607422,1.9102483987808228,,1.606668472290039
2009-11-03,65.33010864257812,,,,,0.7395965456962585,35.752437591552734,,,,77.88249969482422,1.9199979305267334,,1.6224617958068848
2009-11-04,65.22351837158203,,,,,0.7420409917831421,35.813106536865234,,,,78.08341979980469,1.9285998344421387,,1.6310750246047974
2009-11-05,65.3928451538086,,,,,0.7779439687728882,36.69695281982422,,,,79.519775390625,2.001431465148926,,1.7236125469207764
2009-11-06,65.44927978515625,,,,,0.7875691056251526,36.913570404052734,,,,79.72815704345703,2.0129005908966064,,1.7404483556747437
2009-11-09,65.53707885742188,,,,,0.8213326930999756,37.70208740234375,,,,81.54401397705078,2.1052310466766357,,1.8572618961334229
2009-11-10,65.55587005615234,,,,,0.8239298462867737,37.797428131103516,,,,81.55894470214844,2.1052310466766357,,1.8556960821151733
2009-11-11,65.58094787597656,,,,,0.8352360129356384,38.0400505065918,,,,81.97567749023438,2.126450300216675,,1.8866283893585205
2009-11-12,65.7126693725586,,,,,0.8265277147293091,37.823429107666016,,,,81.14215087890625,2.083437919616699,,1.8265901803970337
2009-11-13,65.7816390991211,,,,,0.8404297828674316,38.13536834716797,,,,81.58126068115234,2.1063780784606934,,1.8598723411560059
2009-11-16,65.93834686279297,,,,,0.8575409054756165,38.52530288696289,,,,82.7645492553711,2.1671650409698486,,1.9393573999404907
2009-11-17,65.99486541748047,,,,,0.8621246218681335,38.646602630615234,,,,82.86128234863281,2.1717536449432373,,1.9464056491851807
2009-11-18,65.85685729980469,,,,,0.8532630801200867,38.42998123168945,,,,82.80923461914062,2.170607328414917,,1.9437947273254395
2009-11-19,65.92583465576172,,,,,0.8257631063461304,37.83209228515625,,,,81.7300796508789,2.113258123397827,,1.867442011833191
2009-11-20,65.95093536376953,,,,,0.8185833096504211,37.641448974609375,,,,81.43985748291016,2.100069522857666,,1.850866675376892
2009-11-23,65.93834686279297,,,,,0.8433329463005066,38.248016357421875,,,,82.47431182861328,2.1545491218566895,,1.919519305229187
2009-11-24,66.13279724121094,,,,,0.8379852175712585,38.11803436279297,,,,82.600830078125,2.1568427085876465,,1.9244788885116577
2009-11-25,66.19551086425781,,,,,0.8450136184692383,38.28267288208008,,,,82.89109802246094,2.1717536449432373,,1.9443166255950928
2009-11-27,66.25198364257812,,,,,0.8198056817054749,37.70208740234375,,,,81.54401397705078,2.1023635864257812,,1.8503446578979492
2009-11-30,66.36479949951172,,,,,0.8207217454910278,37.74544143676758,,,,81.81940460205078,2.116126537322998,,1.8705748319625854
2009-12-01,66.20313262939453,,,,,0.8381386995315552,38.13536834716797,,,,82.83150482177734,2.1642980575561523,,1.9320483207702637
2009-12-02,66.0772705078125,,,,,0.841040849685669,38.18736267089844,,,,82.7943115234375,2.167738676071167,,1.937530517578125
2009-12-03,66.08358001708984,,,,,0.8341660499572754,38.03138732910156,,,,82.1468505859375,2.133330821990967,,1.8913272619247437
2009-12-04,65.9514389038086,,,,,0.8424167037010193,38.230674743652344,,,,82.61572265625,2.156269073486328,,1.9212151765823364
2009-12-07,66.01436614990234,,,,,0.8341660499572754,38.04872131347656,,,,82.48919677734375,2.1482410430908203,,1.9123402833938599
2009-12-08,66.10244750976562,,,,,0.8239298462867737,37.81475067138672,,,,81.57380676269531,2.103510618209839,,1.8520405292510986
2009-12-09,66.03321838378906,,,,,0.8404297828674316,38.19603729248047,,,,81.87895965576172,2.116699695587158,,1.8679643869400024
2009-12-10,65.98290252685547,,,,,0.8489853143692017,38.38667297363281,,,,82.34037780761719,2.1407861709594727,,1.9004632234573364
2009-12-11,65.82560729980469,,,,,0.8428741693496704,38.239341735839844,,,,82.69013977050781,2.160857677459717,,1.9285244941711426
2009-12-14,65.86338806152344,,,,,0.8583055138587952,38.603294372558594,,,,83.25574493408203,2.188957452774048,,1.9646767377853394
2009-12-15,65.6808853149414,,,,,0.8492913842201233,38.38667297363281,,,,82.86874389648438,2.1683127880096436,,1.9359641075134277
2009-12-16,65.80043029785156,,,,,0.8515833616256714,38.43864440917969,,,,82.99526977539062,2.175767421722412,,1.9447078704833984
2009-12-17,65.90737915039062,,,,,0.8311106562614441,37.970726013183594,,,,81.99803161621094,2.1235811710357666,,1.8768398761749268
2009-12-18,65.90737915039062,,,,,0.8570833802223206,38.58959197998047,,,,82.46189880371094,2.1465203762054443,,1.9064669609069824
2009-12-21,65.63056182861328,,,,,0.8769437074661255,39.023555755615234,,,,83.29995727539062,2.1872386932373047,,1.9620676040649414
2009-12-22,65.44180297851562,,,,,0.8873327970504761,39.257911682128906,,,,83.59925079345703,2.205014944076538,,1.9854300022125244
2009-12-23,65.46694946289062,,,,,0.8998610377311707,39.544334411621094,,,,83.76380157470703,2.214709997177124,,1.9991166591644287
2009-12-24,65.35374450683594,,,,,0.9163610935211182,39.90889358520508,,,,84.16038513183594,2.238801956176758,,2.0304617881774902
2009-12-28,64.95732116699219,,,,,0.9255277514457703,40.1171760559082,,,,84.3399658203125,2.2451112270355225,,2.043912887573242
2009-12-29,65.03434753417969,,,,,0.9183469414710999,39.952301025390625,,,,84.22026062011719,2.2405223846435547,,2.0304617881774902
2009-12-30,65.19835662841797,,,,,0.923694372177124,40.073795318603516,,,,84.19031524658203,2.234785795211792,,2.024193048477173
2009-12-31,65.11636352539062,,,,,0.9087217450141907,39.709259033203125,,,,83.38223266601562,2.1934869289398193,,1.9677729606628418
2010-01-04,65.19208526611328,,,,,0.933013379573822,40.29077911376953,,,,84.79637145996094,2.264040470123291,,2.066769599914551
2010-01-05,65.48866271972656,,,,,0.9336246848106384,40.29077911376953,,,,85.02084350585938,2.278954267501831,,2.084530830383301
2010-01-06,65.45079803466797,,,,,0.9233882427215576,40.04776382446289,,,,85.08070373535156,2.2806756496429443,,2.0905380249023438
2010-01-07,65.37507629394531,,,,,0.9235408902168274,40.073795318603516,,,,85.43985748291016,2.2996041774749756,,2.1160058975219727
2010-01-08,65.41297149658203,,,,,0.938513457775116,40.403629302978516,,,,85.72416687011719,2.3156661987304688,,2.1366398334503174
2010-01-11,65.36244201660156,,,,,0.9316388368606567,40.23871612548828,,,,85.8438949584961,2.3231213092803955,,2.1442155838012695
2010-01-12,65.77893829345703,,,,,0.9084165096282959,39.735294342041016,,,,85.04328918457031,2.2795283794403076,,2.0859673023223877
2010-01-13,65.50126647949219,,,,,0.9301104545593262,40.23004913330078,,,,85.7615966796875,2.3162386417388916,,2.1391215324401855
2010-01-14,65.67166900634766,,,,,0.9313328266143799,40.2647590637207,,,,85.9935531616211,2.329432487487793,,2.155055522918701
2010-01-15,65.7978515625,,,,,0.9105551242828369,39.79603576660156,,,,85.02832794189453,2.2783806324005127,,2.083615303039551
2010-01-19,65.69061279296875,,,,,0.9391246438026428,40.43833923339844,,,,86.09083557128906,2.3345932960510254,,2.1617157459259033
2010-01-20,65.86101531982422,,,,,0.9128469228744507,39.8568115234375,,,,85.21540069580078,2.285837173461914,,2.096285104751587
2010-01-21,65.87992095947266,,,,,0.8949720859527588,39.48357009887695,,,,83.57676696777344,2.1986489295959473,,1.9735187292099
2010-01-22,65.91777038574219,,,,,0.8434852361679077,38.32920455932617,,,,81.71368408203125,2.102856159210205,,1.8455299139022827
2010-01-25,65.91146087646484,,,,,0.8483741283416748,38.459388732910156,,,,82.1326904296875,2.1206376552581787,,1.8682548999786377
2010-01-26,65.99352264404297,,,,,0.850207507610321,38.49410629272461,,,,81.78849792480469,2.103429079055786,,1.844746470451355
2010-01-27,65.94300842285156,,,,,0.8628883957862854,38.79790115356445,,,,82.1775894165039,2.123504877090454,,1.872302770614624
2010-01-28,65.88622283935547,,,,,0.8198056817054749,37.79974365234375,,,,81.23480987548828,2.074749231338501,,1.8067408800125122
2010-01-29,66.03766632080078,,,,,0.7904723286628723,37.14008331298828,,,,80.35194396972656,2.0288596153259277,,1.7475783824920654
2010-02-01,65.94715881347656,,,,,0.8069723844528198,37.548030853271484,,,,81.60144805908203,2.0908098220825195,,1.8293354511260986
2010-02-02,66.02312469482422,,,,,0.8217913508415222,37.88652801513672,,,,82.589111328125,2.142435312271118,,1.8971171379089355
2010-02-03,65.90283966064453,,,,,0.8312631249427795,38.094844818115234,,,,82.1775894165039,2.121784210205078,,1.8689072132110596
2010-02-04,66.06110382080078,,,,,0.7840549945831299,36.99253463745117,,,,79.64108276367188,1.992148995399475,,1.6974273920059204
2010-02-05,66.08645629882812,,,,,0.7952077388763428,37.30500030517578,,,,79.80571746826172,2.002473831176758,,1.7072229385375977
2010-02-08,66.21305847167969,,,,,0.7851247191429138,37.03594207763672,,,,79.22955322265625,1.970352292060852,,1.6705241203308105
2010-02-09,66.09272766113281,,,,,0.8013187050819397,37.4178352355957,,,,80.22472381591797,2.018533945083618,,1.730860948562622
2010-02-10,65.94084167480469,,,,,0.7979581356048584,37.33972930908203,,,,80.0676040649414,2.0099310874938965,,1.7213276624679565
2010-02-11,65.83319854736328,,,,,0.8213326930999756,37.90388870239258,,,,80.90560150146484,2.0512304306030273,0.20605529844760895,1.7729157209396362
2010-02-12,65.84583282470703,,,,,0.8253055214881897,37.982017517089844,,,,80.83822631835938,2.0483622550964355,0.206898495554924,1.7680829763412476
2010-02-16,66.01042175292969,,,,,0.8460833430290222,38.468074798583984,,,,82.11024475097656,2.1131789684295654,0.21491293609142303,1.8525824546813965
2010-02-17,65.80789184570312,,,,,0.8550962805747986,38.685062408447266,,,,82.49934387207031,2.1332569122314453,0.21856002509593964,1.878441572189331
2010-02-18,65.78256225585938,,,,,0.8660963773727417,38.928104400634766,,,,82.98566436767578,2.159069776535034,0.22270351648330688,1.9139646291732788
2010-02-19,65.83319854736328,,,,,0.8650278449058533,38.91072082519531,,,,83.15776824951172,2.170541763305664,0.22270351648330688,1.9265025854110718
2010-02-22,65.71929931640625,,,,,0.8613612055778503,38.83261489868164,,,,83.17274475097656,2.1682467460632324,0.2211400717496872,1.923368215560913
2010-02-23,65.95344543457031,,,,,0.8395135402679443,38.32920455932617,,,,82.16263580322266,2.1171956062316895,0.2125062793493271,1.8541499376296997
2010-02-24,66.02312469482422,,,,,0.8560135960578918,38.719783782958984,,,,82.9183349609375,2.1533334255218506,0.21893252432346344,1.9062588214874268
2010-02-25,66.156005859375,,,,,0.8578468561172485,38.711097717285156,,,,82.80609130859375,2.1498916149139404,0.21880775690078735,1.8998600244522095
2010-02-26,66.16873168945312,,,,,0.8628883957862854,38.84996795654297,,,,82.85845184326172,2.1527597904205322,0.22153735160827637,1.903777837753296
2010-03-01,66.265869140625,,,,,0.8871802091598511,39.414146423339844,,,,83.71894073486328,2.1957814693450928,0.23104001581668854,1.9611119031906128
2010-03-02,66.29124450683594,,,,,0.8925278782844543,39.535667419433594,,,,83.95089721679688,2.206678867340088,0.23242908716201782,1.974694013595581
2010-03-03,66.29124450683594,,,,,0.8946661353111267,39.57905578613281,,,,84.02570343017578,2.211841344833374,0.233720064163208,1.982529878616333
2010-03-04,66.4118881225586,,,,,0.9003185629844666,39.709259033203125,,,,84.28010559082031,2.223888397216797,0.23630009591579437,2.000030040740967
2010-03-05,66.28490447998047,,,,,0.9269024133682251,40.30815124511719,,,,85.48472595214844,2.289278984069824,0.2467450052499771,2.0870110988616943
2010-03-08,66.32938385009766,,,,,0.9311801195144653,40.386260986328125,,,,85.49971771240234,2.2898521423339844,0.24806074798107147,2.0867507457733154
2010-03-09,66.4055404663086,,,,,0.9438608884811401,40.611942291259766,,,,85.64188385009766,2.2967352867126465,0.25245189666748047,2.097198724746704
2010-03-10,66.36116790771484,,,,,0.9566943645477295,40.941768646240234,,,,86.02345275878906,2.316812515258789,0.2586294710636139,2.125669479370117
2010-03-11,66.36116790771484,,,,,0.9635690450668335,41.097991943359375,,,,86.38261413574219,2.3368887901306152,0.26101139187812805,2.1530959606170654
2010-03-12,66.3674545288086,,,,,0.9649437665939331,41.10667419433594,,,,86.39008331298828,2.3368887901306152,0.2616068124771118,2.151529312133789
2010-03-15,66.44999694824219,,,,,0.960972011089325,41.00251770019531,,,,86.41253662109375,2.3386096954345703,0.25984516739845276,2.155055522918701
2010-03-16,66.57061767578125,,,,,0.9727358818054199,41.262908935546875,,,,87.10092163085938,2.3758952617645264,0.26475852727890015,2.2065114974975586
2010-03-17,66.62145233154297,,,,,0.9762498140335083,41.37574768066406,,,,87.61720275878906,2.404001474380493,0.26659446954727173,2.244386672973633
2010-03-18,66.56427764892578,,,,,0.9831246137619019,41.514610290527344,,,,87.57228088378906,2.4017064571380615,0.2692982852458954,2.242558240890503
2010-03-19,66.51347351074219,,,,,0.9718185663223267,41.26349639892578,,,,87.12902069091797,2.3776156902313232,0.26453450322151184,2.206120014190674
2010-03-22,66.56427764892578,,,,,0.9892355799674988,41.63713073730469,,,,87.59483337402344,2.4017064571380615,0.27168020606040955,2.2420358657836914
2010-03-23,66.57695007324219,,,,,1.003443717956543,41.923866271972656,,,,88.21092987060547,2.4366958141326904,0.27736225724220276,2.291402816772461
2010-03-24,66.24042510986328,,,,,0.993818461894989,41.72401428222656,,,,87.78268432617188,2.413374900817871,0.27341705560684204,2.2584004402160645
2010-03-25,66.06904602050781,,,,,0.9895408749580383,41.66319274902344,,,,87.63990020751953,2.403010368347168,0.27170491218566895,2.245075225830078
2010-03-26,66.177001953125,,,,,0.9930551052093506,41.70664596557617,,,,87.58729553222656,2.405313730239868,0.27311971783638,2.246251344680786
2010-03-29,66.10076141357422,,,,,1.001916527748108,41.90648651123047,,,,88.14330291748047,2.4306507110595703,0.2768658697605133,2.284792184829712
2010-03-30,66.12617492675781,,,,,1.0083327293395996,42.045509338378906,,,,88.20337677001953,2.435258150100708,0.27976906299591064,2.2888426780700684
2010-03-31,66.16425323486328,,,,,0.9997767806053162,41.84566116333008,,,,87.90283966064453,2.419133186340332,0.2759980261325836,2.263627529144287
2010-04-01,66.13949584960938,,,,,0.9988608956336975,41.84566116333008,,,,88.50392150878906,2.451380968093872,0.2754520773887634,2.311706066131592
2010-04-05,65.7317886352539,,,,,1.0165833234786987,42.23666763305664,,,,89.22517395019531,2.491114616394043,0.2834160625934601,2.366187334060669
2010-04-06,65.81455993652344,,,,,1.02223539352417,42.358299255371094,,,,89.43555450439453,2.5032079219818115,0.28557491302490234,2.383432388305664
2010-04-07,66.09484100341797,,,,,1.0184165239334106,42.254032135009766,,,,88.92463684082031,2.4761433601379395,0.2839619815349579,2.345675230026245
2010-04-08,66.03113555908203,,,,,1.021318793296814,42.3496208190918,,,,89.2326889038086,2.491114616394043,0.28497952222824097,2.366187334060669
2010-04-09,66.10118865966797,,,,,1.0339995622634888,42.601593017578125,,,,89.8187026977539,2.5239386558532715,0.29011476039886475,2.412959098815918
2010-04-12,66.25404357910156,,,,,1.0355277061462402,42.636356353759766,,,,89.96144104003906,2.533151865005493,0.29128098487854004,2.426546335220337
2010-04-13,66.3623275756836,,,,,1.0462214946746826,42.85356903076172,,,,90.029052734375,2.537182569503784,0.29567304253578186,2.43412446975708
2010-04-14,66.28595733642578,,,,,1.0714296102523804,43.3662223815918,,,,91.05085754394531,2.5930399894714355,0.3060932159423828,2.5121219158172607
2010-04-15,66.40687561035156,,,,,1.0807498693466187,43.557376861572266,,,,91.12598419189453,2.598222017288208,0.31018713116645813,2.521790027618408
2010-04-16,66.50884246826172,,,,,1.055235743522644,43.03602981567383,,,,89.67594909667969,2.5170278549194336,0.2991458773612976,2.401331901550293
2010-04-19,66.3878402709961,,,,,1.0534025430679321,43.009971618652344,,,,90.0140151977539,2.5348799228668213,0.29867514967918396,2.4238028526306152
2010-04-20,66.49610137939453,,,,,1.0644022226333618,43.2271842956543,,,,90.81795501708984,2.5780675411224365,0.3030911982059479,2.489781379699707
2010-04-21,66.61077117919922,,,,,1.076318383216858,43.47047424316406,,,,90.65264892578125,2.5682780742645264,0.30842551589012146,2.4759318828582764
2010-04-22,66.47701263427734,,,,,1.0876245498657227,43.713768005371094,,,,90.92312622070312,2.5838258266448975,0.31299108266830444,2.498795509338379
2010-04-23,66.39419555664062,,,,,1.0969438552856445,43.8962287902832,,,,91.51665496826172,2.616074323654175,0.3171345293521881,2.5480504035949707
2010-04-26,66.3878402709961,,,,,1.0915961265563965,43.80067443847656,,,,91.17103576660156,2.597646951675415,0.3147774636745453,2.5182619094848633
2010-04-27,66.59799194335938,,,,,1.046680212020874,42.87095260620117,,,,89.01480865478516,2.4761433601379395,0.2953501045703888,2.3399264812469482
2010-04-28,66.49610137939453,,,,,1.0475965738296509,42.89702224731445,,,,89.69097900390625,2.510693073272705,0.2960446774959564,2.3903563022613525
2010-04-29,66.52159118652344,,,,,1.0828884840011597,43.64426040649414,,,,90.80290985107422,2.5723090171813965,0.31115514039993286,2.4819419384002686
2010-04-30,66.80819702148438,,,,,1.0419434309005737,42.7840690612793,,,,89.26274108886719,2.4870846271514893,0.29281964898109436,2.3559954166412354
2010-05-03,66.68172454833984,,,,,1.0699025392532349,43.38359832763672,,,,90.41973876953125,2.5544581413269043,0.30477842688560486,2.4505865573883057
2010-05-04,66.95002746582031,,,,,1.0052770376205444,42.08026885986328,,,,88.29354095458984,2.432378053665161,0.2778339982032776,2.273686408996582
2010-05-05,66.89893341064453,,,,,0.9954992532730103,41.863037109375,,,,87.76762390136719,2.4007065296173096,0.273268461227417,2.2357993125915527
2010-05-06,66.9947280883789,,,,,0.9296520352363586,40.46413040161133,,,,84.85256958007812,2.2400455474853516,0.24649731814861298,2.0130419731140137
2010-05-07,66.70091247558594,,,,,0.8848883509635925,39.456214904785156,,,,83.59036254882812,2.1755504608154297,0.22855906188488007,1.9243310689926147
2010-05-10,66.69444274902344,,,,,0.9731943011283875,41.50680160522461,,,,87.27178955078125,2.366731643676758,0.26264920830726624,2.1738715171813965
2010-05-11,66.94364166259766,,,,,0.9721246957778931,41.463356018066406,,,,87.02384948730469,2.3523359298706055,0.26247572898864746,2.155057668685913
2010-05-12,66.87333679199219,,,,,1.0083327293395996,42.2453498840332,,,,88.24093627929688,2.419133186340332,0.27661821246147156,2.2465109825134277
2010-05-13,66.96915435791016,,,,,0.9768610000610352,41.5763053894043,,,,87.14402770996094,2.359246253967285,0.26411354541778564,2.1628963947296143
2010-05-14,67.21195220947266,,,,,0.9401944279670715,40.77690887451172,,,,85.56629943847656,2.2745964527130127,0.2478615641593933,2.0460965633392334
2010-05-17,67.16084289550781,,,,,0.9459993839263916,40.907264709472656,,,,85.61137390136719,2.2763242721557617,0.25121140480041504,2.0483176708221436
2010-05-18,67.39081573486328,,,,,0.9198741912841797,40.34248733520508,,,,84.44686889648438,2.2147085666656494,0.24160972237586975,1.966660737991333
2010-05-19,67.42279815673828,,,,,0.9036803245544434,40.020992279052734,,,,83.96602630615234,2.1899468898773193,0.23523302376270294,1.9316468238830566
2010-05-20,67.36526489257812,,,,,0.8384440541267395,38.53520202636719,,,,80.79551696777344,2.0223755836486816,0.21143923699855804,1.7101980447769165
2010-05-21,67.65272521972656,,,,,0.8557075262069702,38.96094512939453,,,,81.97503662109375,2.0816872119903564,0.21307702362537384,1.7723867893218994
2010-05-24,67.61442565917969,,,,,0.8479164838790894,38.80453872680664,,,,80.92322540283203,2.0281333923339844,0.21483860909938812,1.7175134420394897
2010-05-25,67.69743347167969,,,,,0.849902331829071,38.83930969238281,,,,81.00586700439453,2.0327401161193848,0.21332475543022156,1.7232615947723389
2010-05-26,67.62079620361328,,,,,0.8292772173881531,38.40486145019531,,,,80.51751708984375,2.00567626953125,0.20672507584095,1.6875951290130615
2010-05-27,67.4610824584961,,,,,0.8943609595298767,39.855918884277344,,,,83.21470642089844,2.1421523094177246,0.22910499572753906,1.8605751991271973
2010-05-28,67.5313949584961,,,,,0.8829023838043213,39.621299743652344,,,,82.1703872680664,2.0868706703186035,0.22590374946594238,1.787018895149231
2010-06-01,67.64283752441406,,,,,0.8659438490867615,39.25636672973633,,,,80.78799438476562,2.0166170597076416,0.21965186297893524,1.700920820236206
2010-06-02,67.5723648071289,,,,,0.9084165096282959,40.18608856201172,,,,82.89164733886719,2.120269536972046,0.2351091504096985,1.831047773361206
2010-06-03,67.54035186767578,,,,,0.9244582056999207,40.56839370727539,,,,83.17713165283203,2.1398491859436035,0.24121244251728058,1.8499923944473267
2010-06-04,67.7133560180664,,,,,0.8636521100997925,39.17817306518555,,,,80.25457000732422,1.990703821182251,0.21739386022090912,1.6640783548355103
2010-06-07,67.91202545166016,,,,,0.831416666507721,38.4656867980957,,,,79.25531768798828,1.9359980821609497,0.20479008555412292,1.5952264070510864
2010-06-08,67.83512878417969,,,,,0.8279024958610535,38.396175384521484,,,,80.10431671142578,1.9763084650039673,0.2036486715078354,1.6414755582809448
2010-06-09,67.87356567382812,,,,,0.8132359385490417,38.07469177246094,,,,79.6760482788086,1.956153154373169,0.19915740191936493,1.6166526079177856
2010-06-10,67.66854858398438,,,,,0.8595277070999146,39.16080093383789,,,,82.00508880615234,2.0724737644195557,0.215681791305542,1.7623263597488403
2010-06-11,67.7069320678711,,,,,0.8755690455436707,39.53440475463867,,,,82.40330505371094,2.0914769172668457,0.2213144153356552,1.7854515314102173
2010-06-14,67.80308532714844,,,,,0.8757218718528748,39.525718688964844,,,,82.27560424804688,2.0874459743499756,0.22143827378749847,1.7797025442123413
2010-06-15,67.80308532714844,,,,,0.9223184585571289,40.58577346801758,,,,84.14633178710938,2.180734157562256,0.23761488497257233,1.898071050643921
2010-06-16,67.90558624267578,,,,,0.9311801195144653,40.750850677490234,,,,84.11630249023438,2.1784303188323975,0.2424033284187317,1.8963721990585327
2010-06-17,68.0657958984375,,,,,0.9365277290344238,40.88120651245117,,,,84.25150299072266,2.1847641468048096,0.24483470618724823,1.9053877592086792
2010-06-18,67.9568862915039,,,,,0.9391246438026428,40.915138244628906,,,,84.34288787841797,2.1887946128845215,0.24550455808639526,1.9112670421600342
2010-06-21,68.10420989990234,,,,,0.9255277514457703,40.566925048828125,,,,84.10131072998047,2.1767027378082275,0.23905347287654877,1.8925832509994507
2010-06-22,68.17472839355469,,,,,0.907346785068512,40.253543853759766,,,,82.7123031616211,2.105203151702881,0.23339714109897614,1.8012149333953857
2010-06-23,68.34767150878906,,,,,0.9009297490119934,40.088157653808594,,,,82.45568084716797,2.090775728225708,0.2302711457014084,1.7842097282409668
2010-06-24,68.29008483886719,,,,,0.8728188276290894,39.4787712097168,,,,81.08934783935547,2.022679090499878,0.21910598874092102,1.6963080167770386
2010-06-25,68.38623046875,,,,,0.8693054914474487,39.48662185668945,,,,81.42898559570312,2.0405690670013428,0.2189573049545288,1.7287484407424927
2010-06-28,68.51434326171875,,,,,0.8639581203460693,39.34705352783203,,,,81.17235565185547,2.02498722076416,0.21699658036231995,1.6986624002456665
2010-06-29,68.71941375732422,,,,,0.7973469495773315,37.829349517822266,,,,78.66613006591797,1.902069091796875,0.19278167188167572,1.544047474861145
2010-06-30,68.7258529663086,,,,,0.7730550765991211,37.253658294677734,,,,77.91885375976562,1.8587870597839355,0.18325425684452057,1.490679144859314
2010-07-01,68.68986511230469,,,,,0.7684723138809204,37.14899444580078,,,,77.57159423828125,1.850708246231079,0.18146787583827972,1.4811303615570068
2010-07-02,68.5934066772461,,,,,0.7640410661697388,37.0443229675293,,,,77.14881134033203,1.8270477056503296,0.1804751455783844,1.4553616046905518
2010-07-06,68.80545806884766,,,,,0.7680138349533081,37.15772247314453,,,,77.65463256835938,1.850708246231079,0.181418314576149,1.482438564300537
2010-07-07,68.71552276611328,,,,,0.8167499899864197,38.343971252441406,,,,80.10038757324219,1.9672785997390747,0.19856196641921997,1.6224017143249512
2010-07-08,68.70265197753906,,,,,0.8253055214881897,38.55331039428711,,,,80.89306640625,2.0053670406341553,0.2019118219614029,1.6700149774551392
2010-07-09,68.59988403320312,,,,,0.8418054580688477,38.919654846191406,,,,81.49695587158203,2.0347976684570312,0.2075692117214203,1.7061182260513306
2010-07-12,68.67699432373047,,,,,0.8463882803916931,39.03305435180664,,,,81.54981231689453,2.039414405822754,0.2099263072013855,1.7110896110534668
2010-07-13,68.50345611572266,,,,,0.8671661019325256,39.5389518737793,,,,82.7802734375,2.1017396450042725,0.21709658205509186,1.788657784461975
2010-07-14,68.73480987548828,,,,,0.8772498965263367,39.73957443237305,,,,82.77268981933594,2.1000077724456787,0.22056935727596283,1.7880033254623413
2010-07-15,68.83122253417969,,,,,0.8793883323669434,39.77446365356445,,,,82.79533386230469,2.1017396450042725,0.2213391810655594,1.7893117666244507
2010-07-16,69.04336547851562,,,,,0.8309580683708191,38.675437927246094,,,,80.51563262939453,1.9840152263641357,0.2035248577594757,1.6413688659667969
2010-07-19,68.9790267944336,,,,,0.8444024920463562,39.006900787353516,,,,80.99117279052734,2.0088298320770264,0.2081151306629181,1.6718471050262451
2010-07-20,68.92765808105469,,,,,0.8638054132461548,39.47789001464844,,,,81.88951110839844,2.0515336990356445,0.2146899700164795,1.7250852584838867
2010-07-21,69.22974395751953,,,,,0.8413468599319458,38.93710708618164,,,,80.82512664794922,2.000173330307007,0.20717191696166992,1.660205602645874
2010-07-22,69.16543579101562,,,,,0.8835136890411377,39.92274475097656,,,,82.62926483154297,2.0884666442871094,0.2211400717496872,1.7695600986480713
2010-07-23,69.04336547851562,,,,,0.8948187828063965,40.17570114135742,,,,83.34638977050781,2.1236677169799805,0.2268965244293213,1.8150805234909058
2010-07-26,69.03044891357422,,,,,0.9087217450141907,40.507137298583984,,,,84.21452331542969,2.1721432209014893,0.23188316822052002,1.8742058277130127
2010-07-27,69.00476837158203,,,,,0.9081104397773743,40.48969268798828,,,,84.20695495605469,2.167527198791504,0.23183366656303406,1.870543360710144
2010-07-28,69.13327026367188,,,,,0.8942074179649353,40.16695785522461,,,,83.66349029541016,2.140403985977173,0.22709468007087708,1.8353556394577026
2010-07-29,69.19752502441406,,,,,0.8807631731033325,39.870399475097656,,,,83.25582122802734,2.1190524101257324,0.221685990691185,1.8081481456756592
2010-07-30,69.31322479248047,,,,,0.8851944208145142,39.9576301574707,,,,83.24073028564453,2.1202073097229004,0.22319987416267395,1.8063170909881592
2010-08-02,69.21910858154297,,,,,0.9175833463668823,40.70773696899414,,,,85.12039184570312,2.2131166458129883,0.23520822823047638,1.9283595085144043
2010-08-03,69.26419830322266,,,,,0.9104024767875671,40.533329010009766,,,,84.7127685546875,2.1929192543029785,0.23277682065963745,1.9015445709228516
2010-08-04,69.14177703857422,,,,,0.9288884401321411,40.94326400756836,,,,85.27889251708984,2.2217729091644287,0.23950035870075226,1.9389551877975464
2010-08-05,69.22559356689453,,,,,0.9244582056999207,40.84730911254883,,,,85.18833923339844,2.217733383178711,0.23808647692203522,1.9320225715637207
2010-08-06,69.36087799072266,,,,,0.9214024543762207,40.7862548828125,,,,84.84107208251953,2.1986894607543945,0.23696988821029663,1.9080840349197388
2010-08-09,69.36087799072266,,,,,0.9331662058830261,41.065391540527344,,,,85.29403686523438,2.2223494052886963,0.24111336469650269,1.9384318590164185
2010-08-10,69.47693634033203,,,,,0.9186520576477051,40.70773696899414,,,,84.8335189819336,2.199268102645874,0.2360018491744995,1.910439133644104
2010-08-11,69.5413818359375,,,,,0.8677772879600525,39.600006103515625,,,,82.50850677490234,2.078078031539917,0.216575488448143,1.7528164386749268
2010-08-12,69.4317855834961,,,,,0.8531104922294617,39.28599548339844,,,,82.00272369384766,2.0521116256713867,0.2104712426662445,1.7210304737091064
2010-08-13,69.59291076660156,,,,,0.8411944508552551,39.006900787353516,,,,81.76116943359375,2.0388381481170654,0.2062782347202301,1.7020632028579712
2010-08-16,69.82491302490234,,,,,0.8444024920463562,39.076663970947266,,,,81.72340393066406,2.0388381481170654,0.20744438469409943,1.7015405893325806
2010-08-17,69.74114990234375,,,,,0.8657914996147156,39.57383728027344,,,,82.72737121582031,2.086158037185669,0.21533501148223877,1.7601418495178223
2010-08-18,69.66386413574219,,,,,0.8722075819969177,39.730838775634766,,,,82.87837982177734,2.0959689617156982,0.21727003157138824,1.7724374532699585
2010-08-19,69.88936614990234,,,,,0.8460833430290222,39.12897491455078,,,,81.4365463256836,2.0238335132598877,0.2092803418636322,1.6813961267471313
2010-08-20,69.79268646240234,,,,,0.8482216596603394,39.18133544921875,,,,81.17235565185547,2.009406089782715,0.208560973405838,1.6658298969268799
2010-08-23,69.86355590820312,,,,,0.8315691947937012,38.797550201416016,,,,80.86285400390625,1.994979739189148,0.20280547440052032,1.6435925960540771
2010-08-24,70.14067840576172,,,,,0.8014723062515259,38.073577880859375,,,,79.66256713867188,1.9349619150161743,0.1911686807870865,1.5733495950698853
2010-08-25,69.9796142578125,,,,,0.8156802654266357,38.43992233276367,,,,79.97212982177734,1.9482356309890747,0.1969003975391388,1.5862993001937866
2010-08-26,70.06977844238281,,,,,0.796888530254364,37.977638244628906,,,,79.43612670898438,1.921689510345459,0.19047415256500244,1.5552974939346313
2010-08-27,69.68312072753906,,,,,0.8169025778770447,38.43992233276367,,,,80.66658020019531,1.9822834730148315,0.19677558541297913,1.6285498142242432
2010-08-30,70.15360260009766,,,,,0.7991805076599121,38.038692474365234,,,,79.49652099609375,1.9257292747497559,0.19039981067180634,1.5586986541748047
2010-08-31,70.20515441894531,,,,,0.7947499752044678,37.907840728759766,,,,79.49652099609375,1.9239976406097412,0.18945656716823578,1.5631458759307861
2010-09-01,70.0551986694336,,,,,0.8402773141860962,39.041770935058594,,,,81.87440490722656,2.039992570877075,0.20533595979213715,1.6982698440551758
2010-09-02,69.9647445678711,,,,,0.8598328232765198,39.47789001464844,,,,82.63683319091797,2.0775020122528076,0.2123824506998062,1.7457530498504639
2010-09-03,69.80314636230469,,,,,0.8891661167144775,40.132076263427734,,,,83.70877838134766,2.1323251724243164,0.22319987416267395,1.8120728731155396
2010-09-07,70.00349426269531,,,,,0.8760275840759277,39.86168670654297,,,,82.76512145996094,2.0850038528442383,0.2177664190530777,1.754386305809021
2010-09-08,69.95182800292969,,,,,0.8968057036399841,40.34141159057617,,,,83.34638977050781,2.1121277809143066,0.2254578322172165,1.7885271310806274
2010-09-09,69.61581420898438,,,,,0.9035277366638184,40.4984245300293,,,,83.73139190673828,2.132902145385742,0.22831037640571594,1.8136415481567383
2010-09-10,69.46717071533203,,,,,0.910096287727356,40.64668655395508,,,,84.15414428710938,2.155409574508667,0.23076753318309784,1.8418958187103271
2010-09-13,69.62226104736328,,,,,0.9362215995788574,41.213645935058594,,,,85.09014892578125,2.2027292251586914,0.2409399449825287,1.9019362926483154
2010-09-14,69.8742904663086,,,,,0.9437076449394226,41.388118743896484,,,,85.0373306274414,2.1986894607543945,0.24399158358573914,1.8977512121200562
2010-09-15,69.74505615234375,,,,,0.955777108669281,41.64979553222656,,,,85.36195373535156,2.2154252529144287,0.24813507497310638,1.9224735498428345
2010-09-16,69.62873840332031,,,,,0.9631106853485107,41.815513610839844,,,,85.33930206298828,2.2136943340301514,0.2516336143016815,1.9189413785934448
2010-09-17,69.71917724609375,,,,,0.9693741798400879,41.9571533203125,,,,85.37117767333984,2.2183103561401367,0.2543126344680786,1.9203811883926392
2010-09-20,69.74505615234375,,,,,1.0031388998031616,42.69155502319336,,,,86.67652130126953,2.283520221710205,0.2675614655017853,2.011683225631714
2010-09-21,70.04229736328125,,,,,1.0008469820022583,42.682796478271484,,,,86.50196075439453,2.274724006652832,0.2667182981967926,1.9953587055206299
2010-09-22,70.06163024902344,,,,,0.9974851608276367,42.56916427612305,,,,86.07696533203125,2.254464626312256,0.2654531002044678,1.9700900316238403
2010-09-23,70.13921356201172,,,,,0.9967218041419983,42.551673889160156,,,,85.3787841796875,2.2151055335998535,0.26465854048728943,1.920078158378601
2010-09-24,69.8807601928711,,,,,1.0369020700454712,43.41722106933594,,,,87.13945770263672,2.304821252822876,0.2796451449394226,2.035158634185791
2010-09-27,70.11985778808594,,,,,1.026207447052002,43.18115997314453,,,,86.72203826904297,2.285142421722412,0.2764438986778259,2.009627103805542
2010-09-28,70.2878189086914,,,,,1.0277358293533325,43.16365432739258,,,,87.02564239501953,2.301927328109741,0.27713844180107117,2.030836582183838
2010-09-29,70.23619842529297,,,,,1.0217771530151367,43.093711853027344,,,,86.87384796142578,2.2909297943115234,0.274906188249588,2.0159127712249756
2010-09-30,70.21031951904297,,,,,1.0127631425857544,42.901390075683594,,,,86.61579895019531,2.278775215148926,0.27118387818336487,1.9999407529830933
2010-10-01,70.12931823730469,,,,,1.0106242895126343,42.84892654418945,,,,86.98011779785156,2.2972965240478516,0.2703406810760498,2.0253384113311768
2010-10-04,70.24593353271484,,,,,0.9884722232818604,42.38554763793945,,,,86.32742309570312,2.2619895935058594,0.26096174120903015,1.981088399887085
2010-10-05,70.24593353271484,,,,,1.0359852313995361,43.41722106933594,,,,88.06535339355469,2.354020833969116,0.2803892195224762,2.098522424697876
2010-10-06,70.31720733642578,,,,,1.0194849967956543,43.0412712097168,,,,88.0577621459961,2.3545994758605957,0.27324363589286804,2.0999629497528076
2010-10-07,70.34956359863281,,,,,1.0251386165618896,43.198665618896484,,,,87.95149993896484,2.348811149597168,0.2759226858615875,2.0915839672088623
2010-10-08,70.4920883178711,,,,,1.0376657247543335,43.49590301513672,,,,88.44482421875,2.373699903488159,0.2814810872077942,2.124577045440674
2010-10-11,70.45321655273438,,,,,1.0407220125198364,43.513397216796875,,,,88.52828216552734,2.378908634185791,0.2820517122745514,2.1316468715667725
2010-10-12,70.3819808959961,,,,,1.055999517440796,43.810638427734375,,,,88.80149841308594,2.393378734588623,0.28790730237960815,2.152724504470825
2010-10-13,70.37548065185547,,,,,1.0723470449447632,44.169105529785156,,,,89.49214172363281,2.429264783859253,0.2949032485485077,2.199462413787842
2010-10-14,70.11634826660156,,,,,1.0682215690612793,44.081661224365234,,,,89.14302062988281,2.4142160415649414,0.2932663857936859,2.1849310398101807
2010-10-15,69.97380828857422,,,,,1.1132913827896118,45.01715087890625,,,,89.32513427734375,2.4211630821228027,0.31197354197502136,2.1906917095184326
2010-10-18,70.22006225585938,,,,,1.1100832223892212,44.85104751586914,,,,89.76535034179688,2.4466300010681152,0.31197354197502136,2.16005539894104
2010-10-19,70.2782974243164,,,,,1.083652138710022,44.431392669677734,,,,88.58900451660156,2.378330707550049,0.299567848443985,2.129944324493408
2010-10-20,70.36251831054688,,,,,1.0995409488677979,44.754886627197266,,,,89.45418548583984,2.4263713359832764,0.30579596757888794,2.1964516639709473
2010-10-21,70.25239562988281,,,,,1.1039718389511108,44.84231185913086,,,,89.65150451660156,2.436211585998535,0.3079291582107544,2.2082343101501465
2010-10-22,70.2847900390625,,,,,1.119249939918518,45.1483154296875,,,,89.81847381591797,2.447209358215332,0.3139333128929138,2.2249927520751953
2010-10-25,70.29129028320312,,,,,1.1284164190292358,45.36687469482422,,,,90.08406829833984,2.458784818649292,0.318697065114975,2.238607883453369
2010-10-26,70.12931823730469,,,,,1.1351388692855835,45.4892578125,,,,90.09928894042969,2.4599428176879883,0.32060736417770386,2.2413575649261475
2010-10-27,69.99333190917969,,,,,1.1432360410690308,45.6291618347168,,,,89.84122467041016,2.4466300010681152,0.3239075243473053,2.2240753173828125
2010-10-28,70.16822814941406,,,,,1.1476659774780273,45.725318908691406,,,,89.85640716552734,2.4501028060913086,0.32576829195022583,2.227348804473877
2010-10-29,70.31720733642578,,,,,1.1438462734222412,45.62042999267578,,,,89.92472076416016,2.451260566711426,0.32420483231544495,2.2287888526916504
2010-11-01,70.2885971069336,,,,,1.1441519260406494,45.65541076660156,,,,89.95507049560547,2.4529974460601807,0.3249499201774597,2.230753183364868
2010-11-02,70.41197204589844,,,,,1.1681385040283203,46.144981384277344,,,,90.66844177246094,2.491198778152466,0.3347993493080139,2.281419515609741
2010-11-03,70.39901733398438,,,,,1.1795963048934937,46.35482406616211,,,,91.03272247314453,2.513192653656006,0.3396373391151428,2.311007022857666
2010-11-04,70.73673248291016,,,,,1.2074024677276611,46.92311096191406,,,,92.78585052490234,2.6081182956695557,0.351671427488327,2.4437601566314697
2010-11-05,70.54186248779297,,,,,1.207707166671753,46.92311096191406,,,,93.13495635986328,2.6289544105529785,0.35209256410598755,2.4759676456451416
2010-11-08,70.50936889648438,,,,,1.210762858390808,46.98432540893555,,,,92.96038055419922,2.6202728748321533,0.35298627614974976,2.4610419273376465
2010-11-09,70.16520690917969,,,,,1.195485234260559,46.730777740478516,,,,92.29254913330078,2.5803353786468506,0.3472793996334076,2.405531167984009
2010-11-10,70.10676574707031,,,,,1.1916660070419312,46.96682357788086,,,,92.66443634033203,2.60117244720459,0.3525889813899994,2.4330248832702637
2010-11-11,70.10025787353516,,,,,1.1945693492889404,46.66957473754883,,,,92.31531524658203,2.580914258956909,0.3466591536998749,2.4033052921295166
2010-11-12,69.82100677490234,,,,,1.154388189315796,45.90894317626953,,,,91.22247314453125,2.519559860229492,0.32901909947395325,2.3193862438201904
2010-11-15,69.43783569335938,,,,,1.147207260131836,45.73406982421875,,,,91.09347534179688,2.512035608291626,0.32549580931663513,2.311007022857666
2010-11-16,69.60672760009766,,,,,1.1087075471878052,44.982181549072266,,,,89.6742935180664,2.4333176612854004,0.3093439042568207,2.202343463897705
2010-11-17,69.626220703125,,,,,1.1148186922073364,45.11334228515625,,,,89.71979522705078,2.433896064758301,0.3122708201408386,2.205746650695801
2010-11-18,69.60672760009766,,,,,1.1505690813064575,45.83899688720703,,,,91.04031372070312,2.509140729904175,0.3267858922481537,2.3023664951324463
2010-11-19,69.68463134765625,,,,,1.1522494554519653,45.873966217041016,,,,91.290771484375,2.521296262741089,0.32755470275878906,2.3199095726013184
2010-11-22,69.85350799560547,,,,,1.1724165678024292,46.258644104003906,,,,91.21487426757812,2.5178239345550537,0.3361894190311432,2.3163747787475586
2010-11-23,69.92488861083984,,,,,1.1357499361038208,45.52424240112305,,,,89.89435577392578,2.444894313812256,0.3203100562095642,2.212555408477783
2010-11-24,69.5871810913086,,,,,1.1805135011672974,46.4422607421875,,,,91.22247314453125,2.516665458679199,0.3390171527862549,2.3087821006774902
2010-11-26,69.7301254272461,,,,,1.164624810218811,46.136260986328125,,,,90.15998840332031,2.4622583389282227,0.3368840217590332,2.248427629470825
2010-11-29,69.7755355834961,,,,,1.1641658544540405,46.10128402709961,,,,90.4332046508789,2.4738340377807617,0.33219456672668457,2.2528791427612305
2010-11-30,69.7301254272461,,,,,1.1342216730117798,45.54173278808594,,,,89.92472076416016,2.441420078277588,0.31956592202186584,2.2104604244232178
2010-12-01,69.3664779663086,,,,,1.1823464632034302,46.50345993041992,,,,91.83717346191406,2.5473415851593018,0.33988603949546814,2.353686809539795
2010-12-02,69.22941589355469,,,,,1.2072499990463257,46.9755744934082,,,,93.01351165771484,2.613906145095825,0.35020712018013,2.4453325271606445
2010-12-03,69.3664779663086,,,,,1.212749719619751,47.09796905517578,,,,93.26398468017578,2.6266391277313232,0.3531349003314972,2.464315176010132
2010-12-06,69.62103271484375,,,,,1.2116798162460327,47.08049011230469,,,,93.16531372070312,2.6208510398864746,0.3525146245956421,2.456328868865967
2010-12-07,69.0792465209961,,,,,1.2141245603561401,47.106727600097656,,,,93.21839904785156,2.624903678894043,0.3528377115726471,2.460256338119507
2010-12-08,68.74634552001953,,,,,1.2235959768295288,47.28156661987305,,,,93.55996704101562,2.6457407474517822,0.35772520303726196,2.4872262477874756
2010-12-09,68.870361328125,,,,,1.2246661186218262,47.325279235839844,,,,93.9242172241211,2.66426157951355,0.3580968379974365,2.519432783126831
2010-12-10,68.73980712890625,,,,,1.241013526916504,47.64004898071289,,,,94.47065734863281,2.6972544193267822,0.3656148314476013,2.562636137008667
2010-12-13,68.7855224609375,,,,,1.2327630519866943,47.47392272949219,,,,94.5313491821289,2.6984126567840576,0.3613227605819702,2.5677428245544434
2010-12-14,68.40031433105469,,,,,1.2353609800338745,47.56134796142578,,,,94.61486053466797,2.703620672225952,0.3628356456756592,2.573503017425537
2010-12-15,68.2828140258789,,,,,1.2257355451583862,47.35151290893555,,,,94.1822738647461,2.680469274520874,0.359139084815979,2.5374984741210938
2010-12-16,68.41337585449219,,,,,1.2431516647338867,47.718727111816406,,,,94.72870635986328,2.708252191543579,0.3666324019432068,2.5817503929138184
2010-12-17,68.7855224609375,,,,,1.246971845626831,47.76076126098633,,,,94.83016204833984,2.7157766819000244,0.3677489757537842,2.5928781032562256
2010-12-20,68.83118438720703,,,,,1.2495688199996948,47.79582214355469,,,,95.05902862548828,2.726773500442505,0.36874082684516907,2.6057095527648926
2010-12-21,68.9617691040039,,,,,1.2627073526382446,48.084903717041016,,,,95.66170501708984,2.760923147201538,0.3748193383216858,2.656113862991333
2010-12-22,68.8833999633789,,,,,1.2639293670654297,48.07613754272461,,,,95.95924377441406,2.778865337371826,0.3752165734767914,2.6829514503479004
2010-12-23,68.75286102294922,,,,,1.2572073936462402,47.953487396240234,,,,95.82196044921875,2.772498369216919,0.37236306071281433,2.670776128768921
2010-12-27,68.9487075805664,,,,,1.2573611736297607,47.97977066040039,,,,95.86009979248047,2.775972366333008,0.37251269817352295,2.670776128768921
2010-12-28,68.54525756835938,,,,,1.2536942958831787,47.892173767089844,,,,95.99740600585938,2.7811825275421143,0.3708997666835785,2.6855714321136475
2010-12-29,69.0299072265625,,,,,1.2587355375289917,47.997310638427734,,,,96.06608581542969,2.7852346897125244,0.3731081485748291,2.6919853687286377
2010-12-30,68.97752380371094,,,,,1.2523186206817627,47.88341522216797,,,,95.91351318359375,2.778287410736084,0.3703042268753052,2.6813809871673584
2010-12-31,69.2591323852539,,,,,1.2440688610076904,47.70821762084961,,,,95.93641662597656,2.7817611694335938,0.3669048547744751,2.682690382003784
2011-01-03,69.1805419921875,,,,,1.2822630405426025,48.452823638916016,,,,96.92816925048828,2.835023880004883,0.3834787607192993,2.760719060897827
2011-01-04,69.2001724243164,,,,,1.2799715995788574,48.41777801513672,,,,96.8747787475586,2.8309693336486816,0.3828832805156708,2.752077579498291
2011-01-05,68.86616516113281,,,,,1.3022770881652832,48.82952117919922,,,,97.37828826904297,2.8604960441589355,0.3923860192298889,2.7986855506896973
2011-01-06,68.87921142578125,,,,,1.3102214336395264,48.98720169067383,,,,97.18756866455078,2.8500752449035645,0.39593401551246643,2.7821900844573975
2011-01-07,69.1019287109375,,,,,1.30854070186615,48.94339370727539,,,,96.99681854248047,2.839075803756714,0.39501553773880005,2.767002820968628
2011-01-10,69.28533935546875,,,,,1.3172497749328613,49.12736892700195,,,,96.8747787475586,2.831550359725952,0.3994572162628174,2.758230686187744
2011-01-11,69.14783477783203,,,,,1.3207626342773438,49.19743728637695,,,,97.21808624267578,2.8506550788879395,0.40129318833351135,2.7842838764190674
2011-01-12,69.14124298095703,,,,,1.339402198791504,49.54785919189453,,,,98.0954360961914,2.9033374786376953,0.40943145751953125,2.8625760078430176
2011-01-13,69.39016723632812,,,,,1.3424575328826904,49.56538009643555,,,,97.93523406982422,2.8969688415527344,0.41072145104408264,2.8532791137695312
2011-01-14,69.24601745605469,,,,,1.3617072105407715,49.933311462402344,,,,98.64471435546875,2.934020757675171,0.41962867975234985,2.9028987884521484
2011-01-18,69.2001724243164,,,,,1.369040608406067,50.07345962524414,,,,98.81257629394531,2.9455983638763428,0.4229775071144104,2.9254164695739746
2011-01-19,69.21331024169922,,,,,1.3383320569992065,49.50405502319336,,,,97.84369659423828,2.8871266841888428,0.4088112711906433,2.922013282775879
2011-01-20,68.95130920410156,,,,,1.3174022436141968,49.153629302978516,,,,97.71395874023438,2.8801801204681396,0.399630606174469,2.82761812210083
2011-01-21,69.16744995117188,,,,,1.2976939678192139,48.7769660949707,,,,97.93523406982422,2.8917582035064697,0.3905004858970642,2.8494832515716553
2011-01-24,69.1281509399414,,,,,1.3342076539993286,49.45149612426758,,,,98.49214172363281,2.9276516437530518,0.4066275656223297,2.8937339782714844
2011-01-25,69.34426879882812,,,,,1.3371100425720215,49.521568298339844,,,,98.54557037353516,2.9264938831329346,0.40804144740104675,2.897531032562256
2011-01-26,69.11504364013672,,,,,1.352694034576416,49.78437805175781,,,,98.92701721191406,2.9490723609924316,0.414368599653244,2.9324867725372314
2011-01-27,69.23292541503906,,,,,1.368888020515442,50.09099578857422,,,,99.17115020751953,2.9658617973327637,0.42235732078552246,2.9527788162231445
2011-01-28,69.33116149902344,,,,,1.299373984336853,48.82076644897461,,,,97.43931579589844,2.861654043197632,0.3905004858970642,2.7968525886535645
2011-01-31,69.2001724243164,,,,,1.3123608827590942,49.05727005004883,,,,98.17169952392578,2.902179479598999,0.39628171920776367,2.858779191970825
2011-02-01,69.05302429199219,,,,,1.3606383800506592,49.97711181640625,,,,99.7433090209961,2.9977028369903564,0.4182881712913513,2.99519681930542
2011-02-02,68.9742431640625,,,,,1.3563605546951294,49.898258209228516,,,,99.5525894165039,2.9843876361846924,0.4164026081562042,2.978700876235962
2011-02-03,68.71802520751953,,,,,1.3603328466415405,49.9858512878418,,,,99.77384185791016,2.9982810020446777,0.418015718460083,2.997553825378418
2011-02-04,68.48808288574219,,,,,1.3768327236175537,50.26618194580078,,,,100.05607604980469,3.016228437423706,0.42555853724479675,3.0277962684631348
2011-02-07,68.5143814086914,,,,,1.3901244401931763,50.502708435058594,,,,100.68169403076172,3.053859233856201,0.4317361116409302,3.082259178161621
2011-02-08,68.31732940673828,,,,,1.4098321199417114,50.83559799194336,,,,101.13946533203125,3.0816476345062256,0.44094154238700867,3.124284267425537
2011-02-09,68.44215393066406,,,,,1.4035687446594238,50.74800491333008,,,,100.91059875488281,3.0654373168945312,0.4382614493370056,3.102813482284546
2011-02-10,68.24506378173828,,,,,1.4086099863052368,50.82685852050781,,,,100.9487075805664,3.0694897174835205,0.4403955340385437,3.107264995574951
2011-02-11,68.5143814086914,,,,,1.427707552909851,51.194766998291016,,,,101.55142974853516,3.1053833961486816,0.44942665100097656,3.162644147872925
2011-02-14,68.5472640991211,,,,,1.4345828294754028,51.31743240356445,,,,101.7955322265625,3.119856834411621,0.45225536823272705,3.1799252033233643
2011-02-15,68.63264465332031,,,,,1.431068778038025,51.24734878540039,,,,101.47514343261719,3.103067636489868,0.45108917355537415,3.155313491821289
2011-02-16,68.63264465332031,,,,,1.4500133991241455,51.58022689819336,,,,102.11598205566406,3.137803316116333,0.459425687789917,3.209120988845825
2011-02-17,68.79685974121094,,,,,1.4487911462783813,51.56269836425781,,,,102.42110443115234,3.1586453914642334,0.4590283930301666,3.243030071258545
2011-02-18,68.77055358886719,,,,,1.442832589149475,51.448829650878906,,,,102.6347427368164,3.171381711959839,0.4564235806465149,3.263061046600342
2011-02-22,69.02019500732422,,,,,1.3574295043945312,49.95957565307617,,,,100.57489013671875,3.044595718383789,0.4162293076515198,3.068643808364868
2011-02-23,69.07273864746094,,,,,1.335429310798645,49.54785919189453,,,,99.95694732666016,3.0046498775482178,0.40595775842666626,3.0178470611572266
2011-02-24,69.08585357666016,,,,,1.3484164476394653,49.810672760009766,,,,99.88825225830078,3.002912998199463,0.4117380380630493,3.0068485736846924
2011-02-25,69.26980590820312,,,,,1.3867629766464233,50.502708435058594,,,,100.95633697509766,3.0654373168945312,0.42937901616096497,3.0941731929779053
2011-02-28,69.40117645263672,,,,,1.3937909603118896,50.60783767700195,,,,101.5819091796875,3.103647470474243,0.4325050115585327,3.155836343765259
2011-03-01,69.34521484375,,,,,1.3493326902389526,49.793148040771484,,,,99.88825225830078,2.9988605976104736,0.41171327233314514,2.997553825378418
2011-03-02,69.23324584960938,,,,,1.3624716997146606,50.05595779418945,,,,100.1019058227539,3.0115973949432373,0.41751930117607117,3.0132646560668945
2011-03-03,68.98954772949219,,,,,1.4159436225891113,51.04586410522461,,,,101.82609558105469,3.114647150039673,0.44242966175079346,3.1687979698181152
2011-03-04,69.1739730834961,,,,,1.4003608226776123,50.78304672241211,,,,101.06317138671875,3.0700695514678955,0.4358796179294586,3.1020278930664062
2011-03-07,69.2069091796875,,,,,1.3641520738601685,50.09974670410156,,,,100.26972198486328,3.0202808380126953,0.4185120463371277,3.0230836868286133
2011-03-08,69.15421295166016,,,,,1.3743878602981567,50.301231384277344,,,,101.14712524414062,3.071805238723755,0.4228784739971161,3.1032066345214844
2011-03-09,69.31887817382812,,,,,1.3551386594772339,49.95957565307617,,,,101.00212860107422,3.064279079437256,0.41434383392333984,3.0929946899414062
2011-03-10,69.56255340576172,,,,,1.3141942024230957,49.1799201965332,,,,99.13299560546875,2.950808525085449,0.39538800716400146,2.9197866916656494
2011-03-11,69.57574462890625,,,,,1.3291655778884888,49.486515045166016,,,,99.8196029663086,2.991913080215454,0.4019877314567566,2.9810574054718018
2011-03-14,69.61531066894531,,,,,1.3195405006408691,49.31133270263672,,,,99.21690368652344,2.9560189247131348,0.3980681300163269,2.9284286499023438
2011-03-15,69.6416015625,,,,,1.2836387157440186,48.61050033569336,,,,98.08011627197266,2.890022039413452,0.38179147243499756,2.8302388191223145
2011-03-16,69.83924102783203,,,,,1.221762776374817,47.4366340637207,,,,96.26443481445312,2.7806034088134766,0.3537551164627075,2.6699905395507812
2011-03-17,69.79312896728516,,,,,1.2429991960525513,47.87464904785156,,,,97.53848266601562,2.8500752449035645,0.362985223531723,2.768573522567749
2011-03-18,69.76671600341797,,,,,1.2379577159881592,47.766754150390625,,,,97.89326477050781,2.87323260307312,0.3609997630119324,2.8062782287597656
2011-03-21,69.60208892822266,,,,,1.2833329439163208,48.6878662109375,,,,99.41040802001953,2.961230516433716,0.38114655017852783,2.9331417083740234
2011-03-22,69.60865783691406,,,,,1.2818052768707275,48.60014343261719,,,,99.0655746459961,2.9403882026672363,0.380104124546051,2.9048616886138916
2011-03-23,69.57574462890625,,,,,1.294638752937317,48.87211608886719,,,,99.34911346435547,2.9592506885528564,0.3858605623245239,2.928035259246826
2011-03-24,69.38475036621094,,,,,1.3436800241470337,49.740577697753906,,,,100.29917907714844,3.0143849849700928,0.4068504869937897,3.010514736175537
2011-03-25,69.32545471191406,,,,,1.3470407724380493,49.863407135009766,,,,100.605712890625,3.0335371494293213,0.4098277986049652,3.036044120788574
2011-03-28,69.29251098632812,,,,,1.3309993743896484,49.59144973754883,,,,100.36051940917969,3.0190279483795166,0.40288132429122925,3.0175843238830566
2011-03-29,69.2069091796875,,,,,1.3571242094039917,50.07394027709961,,,,101.0347900390625,3.0608131885528564,0.41444292664527893,3.076892137527466
2011-03-30,69.32545471191406,,,,,1.3704164028167725,50.31079864501953,,,,101.73208618164062,3.0991172790527344,0.42054614424705505,3.1401255130767822
2011-03-31,69.24637603759766,,,,,1.3745405673980713,50.3809814453125,,,,101.59412384033203,3.0915729999542236,0.4223325252532959,3.130699634552002
2011-04-01,69.34085845947266,,,,,1.3756103515625,50.40729522705078,,,,102.02325439453125,3.116528272628784,0.4229775071144104,3.166048526763916
2011-04-04,69.45318603515625,,,,,1.3673605918884277,50.240623474121094,,,,102.10750579833984,3.124073028564453,0.419156938791275,3.1754748821258545
2011-04-05,69.3078842163086,,,,,1.3589575290679932,50.10903549194336,,,,102.09219360351562,3.1223318576812744,0.4143933057785034,3.175867795944214
2011-04-06,69.10301971435547,,,,,1.365527868270874,50.23183822631836,,,,102.41401672363281,3.140321731567383,0.41751930117607117,3.1994333267211914
2011-04-07,69.20877075195312,,,,,1.3649163246154785,50.19676208496094,,,,102.15353393554688,3.1281344890594482,0.41742023825645447,3.1794028282165527
2011-04-08,69.07662200927734,,,,,1.3516244888305664,49.95989227294922,,,,101.80104064941406,3.103180170059204,0.41116827726364136,3.150730848312378
2011-04-11,69.1427001953125,,,,,1.3426105976104736,49.793209075927734,,,,101.49454498291016,3.0863492488861084,0.407446026802063,3.1204891204833984
2011-04-12,69.40696716308594,,,,,1.324735164642334,49.45108413696289,,,,100.73600769042969,3.0387589931488037,0.39940765500068665,3.051361560821533
2011-04-13,69.4796142578125,,,,,1.3465830087661743,49.872169494628906,,,,100.7282943725586,3.0370185375213623,0.4089350402355194,3.0462567806243896
2011-04-14,69.41352844238281,,,,,1.340776801109314,49.7844352722168,,,,100.80490112304688,3.0422420501708984,0.40670186281204224,3.053326368331909
2011-04-15,69.66458129882812,,,,,1.3364989757537842,49.69672393798828,,,,101.17271423339844,3.066617727279663,0.40407228469848633,3.078855276107788
2011-04-18,69.78351593017578,,,,,1.3172497749328613,49.345802307128906,,,,100.0386734008789,2.994652271270752,0.39628171920776367,2.986164093017578
2011-04-19,69.92221069335938,,,,,1.33390212059021,49.65285110473633,,,,100.6133804321289,3.028313636779785,0.4034273624420166,3.029367208480835
2011-04-20,69.82319641113281,,,,,1.3933322429656982,50.77574920654297,,,,101.98489379882812,3.111304998397827,0.4302726686000824,3.158585786819458
2011-04-21,69.869384765625,,,,,1.4154850244522095,51.179290771484375,,,,102.5059585571289,3.1420633792877197,0.4411891996860504,3.2049317359924316
2011-04-25,69.90902709960938,,,,,1.423582673072815,51.31087112426758,,,,102.39869689941406,3.139162302017212,0.444463849067688,3.1931490898132324
2011-04-26,70.16668701171875,,,,,1.4385546445846558,51.60035705566406,,,,103.27986145019531,3.191974639892578,0.45210573077201843,3.277200222015381
2011-04-27,70.10723876953125,,,,,1.4587212800979614,51.95127487182617,,,,103.95414733886719,3.2325997352600098,0.4614845812320709,3.338470935821533
2011-04-28,70.27243041992188,,,,,1.4550546407699585,51.8723030090332,,,,104.291259765625,3.256394386291504,0.4607899785041809,3.3714635372161865
2011-04-29,70.33184814453125,,,,,1.4538325071334839,51.828460693359375,,,,104.53648376464844,3.2691619396209717,0.45855674147605896,3.404062032699585
2011-05-02,70.3689193725586,,,,,1.4475690126419067,51.731964111328125,,,,104.37557220458984,3.2604572772979736,0.45607587695121765,3.3785324096679688
2011-05-03,70.38883209228516,,,,,1.4325957298278809,51.486328125,,,,104.0000991821289,3.2337605953216553,0.449227511882782,3.344754695892334
2011-05-04,70.52134704589844,,,,,1.4295403957366943,51.40736770629883,,,,103.31046295166016,3.1908140182495117,0.44659802317619324,3.279163122177124
2011-05-05,70.6803970336914,,,,,1.4122769832611084,51.12665557861328,,,,102.37569427490234,3.1351003646850586,0.4398992955684662,3.193934202194214
2011-05-06,70.67374420166016,,,,,1.4232767820358276,51.293331146240234,,,,102.82776641845703,3.160634756088257,0.44371965527534485,3.2277116775512695
2011-05-09,70.75326538085938,,,,,1.4335135221481323,51.486328125,,,,103.22622680664062,3.186170816421509,0.44853293895721436,3.2728796005249023
2011-05-10,70.62734985351562,,,,,1.457040548324585,51.92495346069336,,,,104.10738372802734,3.2413058280944824,0.4600459337234497,3.354966640472412
2011-05-11,70.75326538085938,,,,,1.4356516599655151,51.5477409362793,,,,103.01168823242188,3.1745636463165283,0.4501212239265442,3.2445995807647705
2011-05-12,70.64720916748047,,,,,1.4518464803695679,51.85477828979492,,,,103.50203704833984,3.202420473098755,0.4580603837966919,3.291731119155884
2011-05-13,70.75992584228516,,,,,1.4182355403900146,51.240699768066406,,,,102.70514678955078,3.152510404586792,0.4418342411518097,3.2120025157928467
2011-05-16,70.91226959228516,,,,,1.368888020515442,50.35466384887695,,,,102.05387115478516,3.1118850708007812,0.4188588857650757,3.154658317565918
2011-05-17,70.99182891845703,,,,,1.3759163618087769,50.495033264160156,,,,102.0385513305664,3.1124651432037354,0.4222829341888428,3.154658317565918
2011-05-18,70.8791732788086,,,,,1.4002076387405396,50.91613006591797,,,,102.95037078857422,3.1658575534820557,0.4325545132160187,3.2398862838745117
2011-05-19,70.82608795166016,,,,,1.4078463315963745,51.065250396728516,,,,103.195556640625,3.181527853012085,0.436276912689209,3.261096715927124
2011-05-20,70.89239501953125,,,,,1.386457920074463,50.679237365722656,,,,102.37569427490234,3.132777452468872,0.42665037512779236,3.1817593574523926
2011-05-23,70.95207214355469,,,,,1.3468881845474243,49.93357849121094,,,,101.18804168701172,3.059072971343994,0.40814054012298584,3.0698225498199463
2011-05-24,70.97853088378906,,,,,1.3296242952346802,49.62653350830078,,,,101.10379028320312,3.0544300079345703,0.4004500210285187,3.0655012130737305
2011-05-25,70.96531677246094,,,,,1.3395549058914185,49.81953048706055,,,,101.44091033935547,3.072420597076416,0.4049155116081238,3.0929946899414062
2011-05-26,71.11768341064453,,,,,1.356665849685669,50.126590728759766,,,,101.90828704833984,3.0996973514556885,0.41250789165496826,3.130699634552002
2011-05-27,71.18391418457031,,,,,1.3699575662612915,50.3809814453125,,,,102.29906463623047,3.123493194580078,0.4186606705188751,3.1707611083984375
2011-05-31,71.20381927490234,,,,,1.4124294519424438,51.196834564208984,,,,103.3641128540039,3.1913936138153076,0.4388074278831482,3.2701306343078613
2011-06-01,71.51148223876953,,,,,1.3516244888305664,50.082733154296875,,,,101.04244995117188,3.0451440811157227,0.4107710123062134,3.0552897453308105
2011-06-02,71.22575378417969,,,,,1.3580408096313477,50.18798828125,,,,100.93518829345703,3.0393404960632324,0.41315287351608276,3.038400173187256
2011-06-03,71.31880187988281,,,,,1.3177074193954468,49.43354415893555,,,,99.93143463134766,2.9795637130737305,0.3943953514099121,2.951206922531128
2011-06-06,71.33207702636719,,,,,1.2947912216186523,49.029991149902344,,,,98.87405395507812,2.916884422302246,0.3848678171634674,2.8538026809692383
2011-06-07,71.47830963134766,,,,,1.2911243438720703,48.9422721862793,,,,98.81273651123047,2.911080837249756,0.38263556361198425,2.8471264839172363
2011-06-08,71.53807067871094,,,,,1.2715686559677124,48.59136962890625,,,,98.39897918701172,2.8867061138153076,0.3743981719017029,2.8133485317230225
2011-06-09,71.4317398071289,,,,,1.2752355337142944,48.67909622192383,,,,99.14985656738281,2.9302330017089844,0.37603601813316345,2.8726553916931152
2011-06-10,71.4250717163086,,,,,1.2376518249511719,47.933441162109375,,,,97.77067565917969,2.849561929702759,0.35876747965812683,2.757183313369751
2011-06-13,71.33207702636719,,,,,1.2358185052871704,47.933441162109375,,,,97.84728240966797,2.8518848419189453,0.35901522636413574,2.761897325515747
2011-06-14,71.13939666748047,,,,,1.2668325901031494,48.547515869140625,,,,99.08858489990234,2.9250082969665527,0.37236306071281433,2.867157220840454
2011-06-15,71.31880187988281,,,,,1.2223740816116333,47.626380920410156,,,,97.3262710571289,2.822286367416382,0.352018266916275,2.7143726348876953
2011-06-16,71.36531829833984,,,,,1.2119851112365723,47.44215774536133,,,,97.54080963134766,2.8327319622039795,0.34710589051246643,2.7285115718841553
2011-06-17,71.4317398071289,,,,,1.2037352323532104,47.2935791015625,,,,97.83187103271484,2.851304054260254,0.34452587366104126,2.7556121349334717
2011-06-20,71.3387680053711,,,,,1.2154992818832397,47.539764404296875,,,,98.33238220214844,2.87974214553833,0.3490905463695526,2.801173210144043
2011-06-21,71.40520477294922,,,,,1.2672910690307617,48.55965805053711,,,,99.67993927001953,2.9563491344451904,0.37236306071281433,2.912323236465454
2011-06-22,71.35868835449219,,,,,1.250332236289978,48.20797348022461,,,,99.07933044433594,2.9221954345703125,0.3639771044254303,2.862443447113037
2011-06-23,71.59127807617188,,,,,1.2735545635223389,48.65639114379883,,,,98.7944107055664,2.907674789428711,0.374050498008728,2.8361289501190186
2011-06-24,71.5247802734375,,,,,1.2290962934494019,47.812320709228516,,,,97.64705657958984,2.839716672897339,0.35435062646865845,2.737545967102051
2011-06-27,71.3985366821289,,,,,1.2689720392227173,48.57725143432617,,,,98.5172119140625,2.8856043815612793,0.37156942486763,2.809028387069702
2011-06-28,71.11278533935547,,,,,1.3056385517120361,49.2982177734375,,,,99.80313110351562,2.9628546237945557,0.3882424235343933,2.918609619140625
2011-06-29,70.90010833740234,,,,,1.31709623336792,49.50043487548828,,,,100.65789031982422,3.0168724060058594,0.39310526847839355,2.9944112300872803
2011-06-30,70.88689422607422,,,,,1.351013422012329,50.159873962402344,,,,101.62037658691406,3.072051525115967,0.40804144740104675,3.078070640563965
2011-07-01,70.9095230102539,,,,,1.39241623878479,50.91598892211914,,,,103.12197875976562,3.1626622676849365,0.4269476532936096,3.2163217067718506
2011-07-05,71.18275451660156,,,,,1.4055545330047607,51.17096710205078,,,,103.03722381591797,3.157435655593872,0.4331004023551941,3.2033612728118896
2011-07-06,71.22272491455078,,,,,1.4136515855789185,51.3380241394043,,,,103.16046905517578,3.162081718444824,0.4377155303955078,3.21553635597229
2011-07-07,71.0228042602539,,,,,1.4544435739517212,52.0413932800293,,,,104.23077392578125,3.2335238456726074,0.455430805683136,3.3255093097686768
2011-07-08,71.3893051147461,,,,,1.4454295635223389,51.90072250366211,,,,103.4915542602539,3.185314416885376,0.4516598880290985,3.2520620822906494
2011-07-11,71.58258819580078,,,,,1.3947073221206665,50.9599494934082,,,,101.62037658691406,3.071471929550171,0.4274440109729767,3.0804264545440674
2011-07-12,71.64254760742188,,,,,1.3714849948883057,50.573097229003906,,,,101.18150329589844,3.042428970336914,0.4170228838920593,3.0344738960266113
2011-07-13,71.78253936767578,,,,,1.3834022283554077,50.78410339355469,,,,101.5202865600586,3.0621771812438965,0.42258119583129883,3.067857027053833
2011-07-14,71.60260009765625,,,,,1.3516244888305664,50.19501876831055,,,,100.81956481933594,3.022099256515503,0.40804144740104675,3.003051519393921
2011-07-15,71.70258331298828,,,,,1.3872214555740356,50.86323547363281,,,,101.40479278564453,3.0552074909210205,0.4242684841156006,3.0474343299865723
2011-07-18,71.5959243774414,,,,,1.3728607892990112,50.590667724609375,,,,100.57318115234375,3.0035133361816406,0.41727158427238464,2.9763450622558594
2011-07-19,71.74922943115234,,,,,1.4356516599655151,51.74246597290039,,,,102.20564270019531,3.100513219833374,0.44669708609580994,3.119309663772583
2011-07-20,71.63589477539062,,,,,1.422207236289978,51.52263641357422,,,,102.14402770996094,3.0976083278656006,0.44044509530067444,3.1138107776641846
2011-07-21,71.52262878417969,,,,,1.442984700202942,51.86554718017578,,,,103.56086730957031,3.1835737228393555,0.4493771195411682,3.242244005203247
2011-07-22,71.67596435546875,,,,,1.4717071056365967,52.4018669128418,,,,103.63018798828125,3.1876378059387207,0.46332046389579773,3.250098705291748
2011-07-25,71.46935272216797,,,,,1.4666656255722046,52.29637908935547,,,,103.05265045166016,3.1539504528045654,0.46059179306030273,3.1958985328674316
2011-07-26,71.63589477539062,,,,,1.4718607664108276,52.428260803222656,,,,102.66763305664062,3.1301352977752686,0.46312233805656433,3.1605496406555176
2011-07-27,71.51594543457031,,,,,1.3974578380584717,51.07423400878906,,,,100.56547546386719,3.0023508071899414,0.4279899299144745,2.9704535007476807
2011-07-28,71.65593719482422,,,,,1.4018880128860474,51.16215896606445,,,,100.27286529541016,2.9831840991973877,0.4302726686000824,2.9445316791534424
2011-07-29,72.08245849609375,,,,,1.3919577598571777,50.99510955810547,,,,99.58753967285156,2.9425249099731445,0.42610448598861694,2.8812966346740723
2011-08-01,72.25621032714844,,,,,1.3818740844726562,50.757713317871094,,,,99.16399383544922,2.914645195007324,0.4203479588031769,2.8412349224090576
2011-08-02,72.5635986328125,,,,,1.3105272054672241,49.47406005859375,,,,96.63062286376953,2.766531229019165,0.38844066858291626,2.6307148933410645
2011-08-03,72.63710021972656,,,,,1.3337496519088745,49.9488410949707,,,,97.15423583984375,2.797895908355713,0.39851394295692444,2.668027400970459
2011-08-04,73.02473449707031,,,,,1.2115275859832764,47.627681732177734,,,,92.60337829589844,2.5341956615448,0.3442772626876831,2.2905831336975098
2011-08-05,72.54356384277344,,,,,1.1951799392700195,47.3287353515625,,,,92.46478271484375,2.5225791931152344,0.3366848826408386,2.280764102935791
2011-08-08,72.57698059082031,,,,,1.055235743522644,44.48004913330078,,,,86.44315338134766,2.198472261428833,0.2775357663631439,1.8302677869796753
2011-08-09,73.00470733642578,,,,,1.1528609991073608,46.62535858154297,,,,90.46269226074219,2.4035074710845947,0.3155463933944702,2.084777593612671
2011-08-10,73.5995101928711,,,,,1.0584437847137451,44.71745300292969,,,,86.4662857055664,2.181626796722412,0.27832940220832825,1.8110220432281494
2011-08-11,72.68388366699219,,,,,1.1514850854873657,46.68690872192383,,,,90.34721374511719,2.383758544921875,0.3140571713447571,2.0525705814361572
2011-08-12,73.00470733642578,,,,,1.1707360744476318,47.100135803222656,,,,90.95555877685547,2.417447566986084,0.32204684615135193,2.097738027572632
2011-08-15,73.11830139160156,,,,,1.2051104307174683,47.794742584228516,,,,92.88060760498047,2.5185134410858154,0.3359406888484955,2.2230284214019775
2011-08-16,73.27201080322266,,,,,1.1847915649414062,47.39029312133789,,,,92.08747100830078,2.4761126041412354,0.3273070156574249,2.1688270568847656
2011-08-17,73.3923110961914,,,,,1.1718052625656128,47.10893630981445,,,,92.14906311035156,2.479015827178955,0.3219973146915436,2.174717903137207
2011-08-18,73.49922943115234,,,,,1.0576801300048828,44.79656982421875,,,,88.17576599121094,2.2635257244110107,0.275302529335022,1.8911452293395996
2011-08-19,73.53266906738281,,,,,1.0190277099609375,43.987667083740234,,,,86.73579406738281,2.1915009021759033,0.2598700225353241,1.803559422492981
2011-08-22,73.4390869140625,,,,,1.0255961418151855,44.145931243896484,,,,86.80511474609375,2.192082405090332,0.26220229268074036,1.8059160709381104
2011-08-23,73.26533508300781,,,,,1.1090134382247925,45.96592712402344,,,,89.66190338134766,2.3390347957611084,0.29465556144714355,1.9791241884231567
2011-08-24,72.85099792480469,,,,,1.1261245012283325,46.3264274597168,,,,90.92472839355469,2.401184320449829,0.3016030490398407,2.0643534660339355
2011-08-25,72.9980239868164,,,,,1.0906800031661987,45.570274353027344,,,,89.53871154785156,2.330902576446533,0.28711268305778503,1.9700900316238403
2011-08-26,73.09822845458984,,,,,1.1438462734222412,46.713287353515625,,,,90.84003448486328,2.3976995944976807,0.3078548014163971,2.0564987659454346
2011-08-29,73.01803588867188,,,,,1.209999442100525,48.014530181884766,,,,93.45042419433594,2.535938262939453,0.3340553045272827,2.234025716781616
2011-08-30,73.24528503417969,,,,,1.2245136499404907,48.3310661315918,,,,93.69683837890625,2.545231819152832,0.34085309505462646,2.245809316635132
2011-08-31,73.178466796875,,,,,1.230165958404541,48.41018295288086,,,,94.1126480102539,2.565560817718506,0.34283867478370667,2.273693799972534
2011-09-01,73.41423034667969,,,,,1.206027626991272,47.97057342529297,,,,93.12699127197266,2.5190932750701904,0.3331625163555145,2.2104604244232178
2011-09-02,73.63526153564453,,,,,1.1496516466140747,46.845157623291016,,,,90.74761199951172,2.3866631984710693,0.3098394274711609,2.0403945446014404
2011-09-06,73.8293685913086,,,,,1.1501103639602661,46.85395812988281,,,,90.08539581298828,2.3529739379882812,0.30978989601135254,1.995226502418518
2011-09-07,73.65528869628906,,,,,1.2078609466552734,48.040924072265625,,,,92.62648010253906,2.4859862327575684,0.33321210741996765,2.162543773651123
2011-09-08,73.67533874511719,,,,,1.1967071294784546,47.821109771728516,,,,91.66395568847656,2.433130979537964,0.3285970091819763,2.094594955444336
2011-09-09,73.77581024169922,,,,,1.143540859222412,46.757232666015625,,,,89.26148223876953,2.30476450920105,0.30696213245391846,1.9323852062225342
2011-09-12,73.62850189208984,,,,,1.1739436388015747,47.355125427246094,,,,89.83900451660156,2.3372914791107178,0.318474143743515,1.968912124633789
2011-09-13,73.65528869628906,,,,,1.2040406465530396,47.988162994384766,,,,90.66290283203125,2.3791117668151855,0.33083024621009827,2.0180065631866455
2011-09-14,73.66865539550781,,,,,1.2385687828063965,48.67395782470703,,,,91.9180679321289,2.443585157394409,0.3451213240623474,2.104414939880371
2011-09-15,73.454345703125,,,,,1.2752355337142944,49.39493179321289,,,,93.50432586669922,2.5283870697021484,0.3608015477657318,2.214780569076538
2011-09-16,73.56153106689453,,,,,1.2969297170639038,49.847686767578125,,,,94.05770874023438,2.5597524642944336,0.37022995948791504,2.2524850368499756
2011-09-19,73.72227478027344,,,,,1.2998324632644653,49.86530303955078,,,,93.1211929321289,2.508058786392212,0.3711721897125244,2.185715436935425
2011-09-20,73.8696060180664,,,,,1.288679838180542,49.645084381103516,,,,93.0127944946289,2.5028300285339355,0.3659130930900574,2.179431200027466
2011-09-21,73.9901123046875,,,,,1.2433054447174072,48.78186798095703,,,,90.27284240722656,2.347622871398926,0.347304105758667,1.9819101095199585
2011-09-22,74.20445251464844,,,,,1.162943959236145,47.1963005065918,,,,87.35480499267578,2.202131986618042,0.3135122060775757,1.7940540313720703
2011-09-23,73.82270812988281,,,,,1.1869299411773682,47.698402404785156,,,,87.88114929199219,2.222501277923584,0.32328736782073975,1.8211714029312134
2011-09-26,73.65528869628906,,,,,1.2141245603561401,48.25334167480469,,,,89.97098541259766,2.333655595779419,0.3342534601688385,1.952434778213501
2011-09-27,73.5548095703125,,,,,1.2394849061965942,48.755401611328125,,,,90.97718811035156,2.3860318660736084,0.3444763123989105,2.0141360759735107
2011-09-28,73.49459075927734,,,,,1.202818751335144,48.033111572265625,,,,89.11956024169922,2.2865169048309326,0.3282493054866791,1.8926985263824463
2011-09-29,73.46776580810547,,,,,1.1750134229660034,47.460575103759766,,,,89.82388305664062,2.3249261379241943,0.31852370500564575,1.9414299726486206
2011-09-30,73.74236297607422,,,,,1.1145135164260864,46.23615646362305,,,,87.57928466796875,2.2096989154815674,0.2937619090080261,1.8030937910079956
2011-10-03,74.04361724853516,,,,,1.0563054084777832,45.04702377319336,,,,85.08696746826172,2.08457612991333,0.2707379162311554,1.6431416273117065
2011-10-04,73.81549835205078,,,,,1.0995409488677979,45.97191619873047,,,,86.95231628417969,2.166633129119873,0.2872118353843689,1.7409988641738892
2011-10-05,73.56720733642578,,,,,1.1560689210891724,47.152259826660156,,,,88.56224060058594,2.255091905593872,0.3090457320213318,1.8471094369888306
2011-10-06,73.44640350341797,,,,,1.1942631006240845,47.945037841796875,,,,90.16445922851562,2.335983991622925,0.32492515444755554,1.9469321966171265
2011-10-07,73.29877471923828,,,,,1.1792913675308228,47.627933502197266,,,,89.56072998046875,2.3068854808807373,0.3182254135608673,1.9068466424942017
2011-10-10,73.15115356445312,,,,,1.2599575519561768,49.2751350402832,,,,92.55615234375,2.458775758743286,0.3508768677711487,2.1017751693725586
2011-10-11,73.32563781738281,,,,,1.2758467197418213,49.60984802246094,,,,92.64901733398438,2.461104393005371,0.3583701550960541,2.1033473014831543
2011-10-12,73.18473052978516,,,,,1.290513515472412,49.85647964477539,,,,93.46174621582031,2.505333185195923,0.36412662267684937,2.1630825996398926
2011-10-13,73.22494506835938,,,,,1.3146520853042603,50.31452560424805,,,,93.2760009765625,2.4960224628448486,0.3739017844200134,2.146969795227051
2011-10-14,73.10416412353516,,,,,1.362013339996338,51.24824142456055,,,,94.8704605102539,2.582733631134033,0.3944953382015228,2.2574028968811035
2011-10-17,73.39271545410156,,,,,1.3222911357879639,50.45546340942383,,,,93.0592269897461,2.483800172805786,0.3762340843677521,2.128500461578369
2011-10-18,73.31220245361328,,,,,1.3531516790390015,51.08089065551758,,,,94.878173828125,2.5821518898010254,0.3898802697658539,2.2542598247528076
2011-10-19,73.4195327758789,,,,,1.301054835319519,50.09432601928711,,,,93.75588989257812,2.5181360244750977,0.36740127205848694,2.1748738288879395
2011-10-20,73.37935638427734,,,,,1.289443850517273,49.847686767578125,,,,94.16610717773438,2.5390877723693848,0.3627365827560425,2.201205253601074
2011-10-21,73.4195327758789,,,,,1.3206102848052979,50.473087310791016,,,,95.95404815673828,2.634528875350952,0.3756386935710907,2.3257861137390137
2011-10-24,73.30550384521484,,,,,1.3751516342163086,51.521305084228516,,,,97.1305923461914,2.701453447341919,0.39910948276519775,2.4169623851776123
2011-10-25,73.68126678466797,,,,,1.3219853639602661,50.50831985473633,,,,95.24197387695312,2.5990285873413086,0.376481831073761,2.273517608642578
2011-10-26,73.47997283935547,,,,,1.3181660175323486,50.446659088134766,,,,96.2094955444336,2.6502416133880615,0.3749936521053314,2.3418993949890137
2011-10-27,73.19813537597656,,,,,1.3916517496109009,51.83843231201172,,,,99.56094360351562,2.832976818084717,0.4052136242389679,2.5812385082244873
2011-10-28,73.48666381835938,,,,,1.394554853439331,51.917694091796875,,,,99.5377426147461,2.832976818084717,0.4065532684326172,2.5910632610321045
2011-10-31,73.83564758300781,,,,,1.3485687971115112,51.04566955566406,,,,97.13829040527344,2.691560745239258,0.3864066004753113,2.391024351119995
2011-11-01,74.19020080566406,,,,,1.2775276899337769,49.71556091308594,,,,94.42927551269531,2.546652317047119,0.3564847409725189,2.1988472938537598
2011-11-02,74.19020080566406,,,,,1.2981517314910889,50.13838195800781,,,,95.96955108642578,2.627545118331909,0.3652670979499817,2.3045639991760254
2011-11-03,74.02874755859375,,,,,1.352694034576416,51.17778015136719,,,,97.71881103515625,2.7241501808166504,0.3874983787536621,2.428359270095825
2011-11-04,74.00852966308594,,,,,1.339249610900879,50.91352081298828,,,,97.1228256225586,2.689232110977173,0.3814941942691803,2.385129928588867
2011-11-07,74.0690689086914,,,,,1.3577353954315186,51.27467727661133,,,,97.72653198242188,2.7235679626464844,0.3899793326854706,2.428359270095825
2011-11-08,73.96820831298828,,,,,1.3889023065567017,51.864845275878906,,,,98.98042297363281,2.792820930480957,0.40298041701316833,2.522287368774414
2011-11-09,74.09601593017578,,,,,1.2929579019546509,50.041481018066406,,,,95.32711791992188,2.585062026977539,0.36129793524742126,2.2444348335266113
2011-11-10,73.95468139648438,,,,,1.289443850517273,50.01502990722656,,,,96.22496032714844,2.6339468955993652,0.35980886220932007,2.3057427406311035
2011-11-11,73.86725616455078,,,,,1.3375688791275024,50.95756149291992,,,,98.0361328125,2.7363719940185547,0.3800050616264343,2.439364194869995
2011-11-14,73.92779541015625,,,,,1.3222911357879639,50.640472412109375,,,,97.10734558105469,2.683412790298462,0.37355396151542664,2.366265058517456
2011-11-15,73.83358764648438,,,,,1.351013422012329,51.204219818115234,,,,97.58721160888672,2.711928367614746,0.38556334376335144,2.4051730632781982
2011-11-16,73.80670166015625,,,,,1.3051795959472656,50.35857009887695,,,,96.03921508789062,2.626962900161743,0.3665580749511719,2.2872722148895264
2011-11-17,73.76629638671875,,,,,1.2474297285079956,49.178245544433594,,,,94.5144271850586,2.5390877723693848,0.34134939312934875,2.178410053253174
2011-11-18,73.75284576416016,,,,,1.226193904876709,48.79947280883789,,,,94.41378021240234,2.5350139141082764,0.3331625163555145,2.168586015701294
2011-11-21,73.73945617675781,,,,,1.1797494888305664,47.86574172973633,,,,92.61805725097656,2.4378268718719482,0.3138095736503601,2.0436112880706787
2011-11-22,73.7931900024414,,,,,1.185707449913025,48.0243034362793,,,,92.25430297851562,2.4174580574035645,0.31653913855552673,2.0216026306152344
2011-11-23,73.8604965209961,,,,,1.1320832967758179,46.940860748291016,,,,90.21865844726562,2.3121232986450195,0.29549872875213623,1.890732765197754
2011-11-25,73.75960540771484,,,,,1.1157358884811401,46.57970428466797,,,,90.0483627319336,2.3004837036132812,0.2888000011444092,1.8710827827453613
2011-11-28,73.75284576416016,,,,,1.1924299001693726,48.200477600097656,,,,92.65679931640625,2.4343347549438477,0.3186227083206177,2.0392870903015137
2011-11-29,73.77976989746094,,,,,1.1782217025756836,47.9009895324707,,,,92.9199447631836,2.447720527648926,0.3128662109375,2.0554018020629883
2011-11-30,73.5914077758789,,,,,1.2651519775390625,49.67152404785156,,,,96.74356079101562,2.6496596336364746,0.34720510244369507,2.310852527618408
2011-12-01,73.61709594726562,,,,,1.2828739881515503,50.01502990722656,,,,96.72808074951172,2.6508233547210693,0.3546488285064697,2.3073160648345947
2011-12-02,73.80647277832031,,,,,1.2735545635223389,49.87410354614258,,,,96.64292907714844,2.6473312377929688,0.35127416253089905,2.3037781715393066
2011-12-05,73.8876724243164,,,,,1.3028879165649414,50.42024230957031,,,,97.69558715820312,2.7037816047668457,0.3627861738204956,2.378448963165283
2011-12-06,73.81999969482422,,,,,1.2966245412826538,50.27928924560547,,,,97.72653198242188,2.7055277824401855,0.36000797152519226,2.3804140090942383
2011-12-07,73.95529174804688,,,,,1.2978466749191284,50.27928924560547,,,,98.09033203125,2.7200767993927,0.3605538606643677,2.408316135406494
2011-12-08,74.02970886230469,,,,,1.2533882856369019,49.43368148803711,,,,95.93856811523438,2.6065940856933594,0.342193603515625,2.24993634223938
2011-12-09,73.9891357421875,,,,,1.2929579019546509,50.226444244384766,,,,97.56400299072266,2.6921424865722656,0.3584197163581848,2.362334966659546
2011-12-12,74.0093994140625,,,,,1.264694333076477,49.6627082824707,,,,96.13983917236328,2.6129956245422363,0.3466591536998749,2.2605490684509277
2011-12-13,74.15815734863281,,,,,1.2355133295059204,49.11655044555664,,,,95.24197387695312,2.567021369934082,0.33494892716407776,2.1941306591033936
2011-12-14,74.3408203125,,,,,1.1983879804611206,48.3502197265625,,,,94.22802734375,2.5105702877044678,0.3193669021129608,2.122211456298828
2011-12-15,74.18519592285156,,,,,1.1907495260238647,48.218074798583984,,,,94.56861114501953,2.5280306339263916,0.316885769367218,2.145005464553833
2011-12-16,74.43547821044922,,,,,1.2015963792800903,48.466346740722656,,,,94.70879364013672,2.534430980682373,0.320855975151062,2.1571872234344482
2011-12-19,74.50993347167969,,,,,1.1802071332931519,47.98927307128906,,,,93.6961898803711,2.482055425643921,0.31197354197502136,2.086841583251953
2011-12-20,74.4084243774414,,,,,1.248957872390747,49.41162872314453,,,,96.53146362304688,2.6298723220825195,0.339662104845047,2.278233528137207
2011-12-21,74.21906280517578,,,,,1.2124437093734741,48.704872131347656,,,,96.7184066772461,2.6409292221069336,0.32552051544189453,2.2908098697662354
2011-12-22,74.33403015136719,,,,,1.2332215309143066,49.1201286315918,,,,97.57522583007812,2.69097900390625,0.333459734916687,2.357226848602295
2011-12-23,74.24613189697266,,,,,1.2549163103103638,49.54415512084961,,,,98.4476318359375,2.7357397079467773,0.3420944809913635,2.4126391410827637
2011-12-27,74.3801498413086,,,,,1.2622497081756592,49.728981018066406,,,,98.52549743652344,2.7392327785491943,0.34472402930259705,2.4142117500305176
2011-12-28,74.50863647460938,,,,,1.2353609800338745,49.15422058105469,,,,97.23253631591797,2.6734583377838135,0.33365797996520996,2.329322099685669
2011-12-29,74.68450927734375,,,,,1.2504853010177612,49.50790786743164,,,,98.23729705810547,2.7211883068084717,0.34015852212905884,2.3953464031219482
2011-12-30,74.58981323242188,,,,,1.2445274591445923,49.36644744873047,,,,97.75435638427734,2.7002334594726562,0.3373803198337555,2.363907814025879
2012-01-03,74.44099426269531,,,,,1.2899022102355957,50.312557220458984,,,,99.31221008300781,2.783470392227173,0.3565838932991028,2.478271484375
2012-01-04,74.33948516845703,,,,,1.301054835319519,50.52476119995117,,,,99.46798706054688,2.7904551029205322,0.36085113883018494,2.4822020530700684
2012-01-05,74.44099426269531,,,,,1.323207139968872,50.94036865234375,,,,99.73281860351562,2.807917356491089,0.3697335422039032,2.507352828979492
2012-01-06,74.50190734863281,,,,,1.3316102027893066,51.117210388183594,,,,99.47576141357422,2.7962753772735596,0.37355396151542664,2.488882303237915
2012-01-09,74.44099426269531,,,,,1.3239721059799194,50.949214935302734,,,,99.7172622680664,2.8032610416412354,0.37042802572250366,2.5010650157928467
2012-01-10,74.420654296875,,,,,1.3430687189102173,51.32059097290039,,,,100.58185577392578,2.8521547317504883,0.37802061438560486,2.5663039684295654
2012-01-11,74.68450927734375,,,,,1.349179983139038,51.42669677734375,,,,100.6363525390625,2.856229066848755,0.38065004348754883,2.5733771324157715
2012-01-12,74.62366485595703,,,,,1.3601800203323364,51.63005828857422,,,,100.87783813476562,2.86845326423645,0.38516607880592346,2.589883327484131
2012-01-13,74.7927474975586,,,,,1.3505545854568481,51.44438934326172,,,,100.35596466064453,2.8498265743255615,0.3807492256164551,2.5623738765716553
2012-01-17,74.81310272216797,,,,,1.3727073669433594,51.91301345825195,,,,100.74542999267578,2.857975721359253,0.3909720480442047,2.5773074626922607
2012-01-18,74.7184066772461,,,,,1.4093738794326782,52.602718353271484,,,,101.8592529296875,2.9220035076141357,0.40650367736816406,2.663374900817871
2012-01-19,74.59661102294922,,,,,1.4280133247375488,52.929866790771484,,,,102.396728515625,2.954598903656006,0.4146410822868347,2.7050344944000244
2012-01-20,74.40718841552734,,,,,1.4241939783096313,52.850303649902344,,,,102.77838897705078,2.958674430847168,0.4128051698207855,2.7109286785125732
2012-01-23,74.34629821777344,,,,,1.4244991540908813,52.867984771728516,,,,102.51356506347656,2.9615845680236816,0.41275566816329956,2.7132866382598877
2012-01-24,74.40718841552734,,,,,1.4194576740264893,52.770713806152344,,,,102.396728515625,2.9551808834075928,0.4104728400707245,2.7054262161254883
2012-01-25,74.51537322998047,,,,,1.4545961618423462,53.433895111083984,,,,103.25353240966797,3.004075527191162,0.4261540472507477,2.771843671798706
2012-01-26,74.66425323486328,,,,,1.4440547227859497,53.248191833496094,,,,102.72389221191406,2.972644090652466,0.42163801193237305,2.732151508331299
2012-01-27,74.78598022460938,,,,,1.4542909860610962,53.40735626220703,,,,102.67716217041016,2.968569278717041,0.4258061945438385,2.7266485691070557
2012-01-30,75.00251770019531,,,,,1.4559718370437622,53.451568603515625,,,,102.32662200927734,2.95052433013916,0.42650076746940613,2.6987457275390625
2012-01-31,75.13103485107422,,,,,1.4594848155975342,53.522300720214844,,,,102.28766632080078,2.942375421524048,0.4279899299144745,2.6924567222595215
2012-02-01,74.9988021850586,,,,,1.4824023246765137,53.95558166503906,,,,103.18343353271484,2.994762420654297,0.4385091960430145,2.764376163482666
2012-02-02,75.01911926269531,,,,,1.4926384687423706,54.12357711791992,,,,103.34703826904297,3.0069854259490967,0.4430251717567444,2.7793099880218506
2012-02-03,74.98521423339844,,,,,1.5332765579223633,54.866329193115234,,,,104.79576873779297,3.0937142372131348,0.46064138412475586,2.89760422706604
2012-02-06,75.03953552246094,,,,,1.5319021940231323,54.8221321105957,,,,104.72569274902344,3.0890586376190186,0.46019449830055237,2.8909237384796143
2012-02-07,74.96493530273438,,,,,1.5378609895706177,54.93708038330078,,,,104.99053955078125,3.102445125579834,0.4621790945529938,2.912930488586426
2012-02-08,74.90385437011719,,,,,1.552068829536438,55.22886657714844,,,,105.3021011352539,3.1216542720794678,0.46987056732177734,2.9341542720794678
2012-02-09,74.78178405761719,,,,,1.575901985168457,55.626766204833984,,,,105.43450927734375,3.129221200942993,0.48029160499572754,2.946336269378662
2012-02-10,74.88349914550781,,,,,1.5537497997283936,55.237701416015625,,,,104.65559387207031,3.0867300033569336,0.47001925110816956,2.888566255569458
2012-02-13,74.91059112548828,,,,,1.5810959339141846,55.750572204589844,,,,105.43450927734375,3.1263110637664795,0.4826735258102417,2.9475159645080566
2012-02-14,74.97163391113281,,,,,1.589805006980896,55.892032623291016,,,,105.3021011352539,3.1239817142486572,0.48689135909080505,2.9361190795898438
2012-02-15,74.94453430175781,,,,,1.5668878555297852,55.50296401977539,,,,104.8114013671875,3.093132257461548,0.476023405790329,2.8940672874450684
2012-02-16,74.9310073852539,,,,,1.611040472984314,56.26342010498047,,,,105.97199249267578,3.1565792560577393,0.49592241644859314,2.9876017570495605
2012-02-17,74.83602905273438,,,,,1.6011101007461548,56.086570739746094,,,,106.25235748291016,3.175205707550049,0.4917046129703522,3.015897512435913
2012-02-21,74.72071838378906,,,,,1.6090545654296875,56.245723724365234,,,,106.2990951538086,3.181025266647339,0.49587273597717285,3.0206143856048584
2012-02-22,74.9310073852539,,,,,1.5953047275543213,55.98929977416992,,,,105.95635986328125,3.158906936645508,0.48932281136512756,2.9864227771759033
2012-02-23,74.99201965332031,,,,,1.6166937351226807,56.360694885253906,,,,106.42373657226562,3.1862642765045166,0.4986015856266022,3.031618356704712
2012-02-24,75.01236724853516,,,,,1.6273878812789917,56.55520248413086,,,,106.65740203857422,3.200233221054077,0.5034650564193726,3.046945571899414
2012-02-27,75.2497787475586,,,,,1.6313605308532715,56.63479232788086,,,,106.8365707397461,3.2142035961151123,0.5058966875076294,3.0607004165649414
2012-02-28,75.19550323486328,,,,,1.6643604040145874,57.20954132080078,,,,107.14813232421875,3.230501413345337,0.5210309624671936,3.089782238006592
2012-02-29,75.12085723876953,,,,,1.650762915611267,56.9531135559082,,,,106.72750091552734,3.190920114517212,0.5141836404800415,3.04891037940979
2012-03-01,74.96927642822266,,,,,1.6750545501708984,57.40406799316406,,,,107.280517578125,3.2403972148895264,0.5266882181167603,3.103145122528076
2012-03-02,75.1324234008789,,,,,1.6732211112976074,57.35986328125,,,,106.95339965820312,3.2206063270568848,0.5250999927520752,3.074848175048828
2012-03-05,75.02365112304688,,,,,1.6396104097366333,56.76741027832031,,,,106.51719665527344,3.1949949264526367,0.508724570274353,3.034761667251587
2012-03-06,75.17322540283203,,,,,1.6067626476287842,56.21037292480469,,,,104.9593505859375,3.097207546234131,0.4941358268260956,2.899569272994995
2012-03-07,75.105224609375,,,,,1.630443811416626,56.64363098144531,,,,105.6915512084961,3.1396982669830322,0.5053507685661316,2.9616641998291016
2012-03-08,74.93525695800781,,,,,1.6663466691970825,57.253746032714844,,,,106.74309539794922,3.201979875564575,0.5213786959648132,3.0504822731018066
2012-03-09,74.92166900634766,,,,,1.6804019212722778,57.49248123168945,,,,107.15591430664062,3.2258448600769043,0.5276800990104675,3.0846736431121826
2012-03-12,74.98968505859375,,,,,1.681777000427246,57.519012451171875,,,,107.16370391845703,3.2281737327575684,0.5285244584083557,3.085852861404419
2012-03-13,74.738037109375,,,,,1.7434990406036377,58.58893585205078,,,,109.09541320800781,3.3463335037231445,0.5582975149154663,3.2552361488342285
2012-03-14,74.33010864257812,,,,,1.7570960521697998,58.79230499267578,,,,108.97859191894531,3.3381855487823486,0.564549446105957,3.241873264312744
2012-03-15,74.29615020751953,,,,,1.7653464078903198,58.96030807495117,,,,109.60951232910156,3.3731095790863037,0.5688661336898804,3.2949299812316895
2012-03-16,74.30287170410156,,,,,1.7624430656433105,58.91865539550781,,,,109.76126861572266,3.3864970207214355,0.567625880241394,3.3165438175201416
2012-03-19,74.06498718261719,,,,,1.7900959253311157,59.334983825683594,,,,110.1915512084961,3.4121086597442627,0.5799818634986877,3.352308511734009
2012-03-20,74.17376708984375,,,,,1.7952908277511597,59.44125747680664,,,,109.87080383300781,3.392317056655884,0.5831573605537415,3.320474863052368
2012-03-21,74.35057830810547,,,,,1.796207070350647,59.45010757446289,,,,109.69087219238281,3.379307270050049,0.5829592347145081,3.3063271045684814
2012-03-22,74.41851043701172,,,,,1.7878050804138184,59.32612991333008,,,,108.90072631835938,3.3314647674560547,0.5794358849525452,3.2324421405792236
2012-03-23,74.58851623535156,,,,,1.787346363067627,59.290687561035156,,,,109.25279998779297,3.3530521392822266,0.5786421895027161,3.2642745971679688
2012-03-26,74.53411102294922,,,,,1.8486099243164062,60.32698440551758,,,,110.7861557006836,3.445819854736328,0.6088624596595764,3.400254487991333
2012-03-27,74.61569213867188,,,,,1.853193759918213,60.41555404663086,,,,110.44195556640625,3.4253993034362793,0.6111936569213867,3.369992971420288
2012-03-28,74.60213470458984,,,,,1.8385273218154907,60.1764030456543,,,,109.89429473876953,3.3915598392486572,0.6040481328964233,3.320474863052368
2012-03-29,74.80604553222656,,,,,1.8266098499298096,59.94612121582031,,,,109.70649719238281,3.3787240982055664,0.597845733165741,3.302396297454834
2012-03-30,74.69050598144531,,,,,1.8172907829284668,59.830989837646484,,,,110.16030883789062,3.4049794673919678,0.5936776995658875,3.3322653770446777
2012-04-02,74.69934844970703,,,,,1.854416012763977,60.45100021362305,,,,110.966064453125,3.4545724391937256,0.6117891073226929,3.4147956371307373
2012-04-03,74.37906646728516,,,,,1.8547215461730957,60.43328857421875,,,,110.51229858398438,3.4306509494781494,0.6118398308753967,3.3747096061706543
2012-04-04,74.53580474853516,,,,,1.8044575452804565,59.60954666137695,,,,109.41704559326172,3.355968952178955,0.5868796706199646,3.2768516540527344
2012-04-05,74.7061767578125,,,,,1.8252350091934204,59.9815559387207,,,,109.3622817993164,3.356553316116333,0.597598135471344,3.2693841457366943
2012-04-09,75.03324890136719,,,,,1.7988048791885376,59.529815673828125,,,,108.1340560913086,3.284205675125122,0.5838527083396912,3.1620945930480957
2012-04-10,75.04007720947266,,,,,1.739373803138733,58.5732307434082,,,,106.31903076171875,3.1692676544189453,0.555666983127594,2.9997849464416504
2012-04-11,75.04688262939453,,,,,1.757707118988037,58.856693267822266,,,,107.17958068847656,3.2159430980682373,0.56370609998703,3.0630581378936768
2012-04-12,74.97188568115234,,,,,1.7963603734970093,59.529815673828125,,,,108.5799560546875,3.3081271648406982,0.5826112627983093,3.1962857246398926
2012-04-13,75.20364379882812,,,,,1.7430399656295776,58.62638854980469,,,,107.28912353515625,3.2246954441070557,0.5562625527381897,3.0744552612304688
2012-04-16,75.21723175048828,,,,,1.7059160470962524,57.970943450927734,,,,107.2187271118164,3.2188611030578613,0.5387462973594666,3.065809488296509
2012-04-17,75.23091125488281,,,,,1.7728322744369507,59.14896774291992,,,,108.80685424804688,3.3180458545684814,0.5705040097236633,3.2041451930999756
2012-04-18,75.32624053955078,,,,,1.7629019021987915,58.99840545654297,,,,108.43920135498047,3.294708013534546,0.5663357973098755,3.173884868621826
2012-04-19,75.27172088623047,,,,,1.726540446281433,58.33408737182617,,,,107.74285125732422,3.2562005519866943,0.5480249524116516,3.1149351596832275
2012-04-20,75.28541564941406,,,,,1.7147765159606934,58.1746711730957,,,,107.92280578613281,3.2637853622436523,0.5421199798583984,3.127904176712036
2012-04-23,75.36034393310547,,,,,1.68544340133667,57.64323043823242,,,,107.01531219482422,3.2066075801849365,0.528474748134613,3.051661491394043
2012-04-24,75.25132751464844,,,,,1.6652768850326538,57.333248138427734,,,,107.422119140625,3.232862949371338,0.5191454887390137,3.087031602859497
2012-04-25,75.28541564941406,,,,,1.7537356615066528,58.856693267822266,,,,108.89289093017578,3.3238799571990967,0.5603809356689453,3.2147576808929443
2012-04-26,75.40120697021484,,,,,1.7746655941009521,59.20211410522461,,,,109.65177154541016,3.3676393032073975,0.5704050064086914,3.2784230709075928
2012-04-27,75.3944091796875,,,,,1.795749545097351,59.5564079284668,,,,109.83170318603516,3.3810577392578125,0.5801799893379211,3.2933578491210938
2012-04-30,75.36717224121094,,,,,1.7705402374267578,59.13127136230469,,,,109.42488098144531,3.350135564804077,0.5681220293045044,3.252878427505493
2012-05-01,75.33985900878906,,,,,1.7757353782653809,59.22870635986328,,,,110.10553741455078,3.3921420574188232,0.5713480710983276,3.3141870498657227
2012-05-02,75.41500091552734,,,,,1.7839847803115845,59.3969841003418,,,,109.77693939208984,3.3734726905822754,0.5751190781593323,3.2882485389709473
2012-05-03,75.49687957763672,,,,,1.7468606233596802,58.768104553222656,,,,108.93984985351562,3.3227128982543945,0.5572551488876343,3.2159359455108643
2012-05-04,75.57200622558594,,,,,1.6602352857589722,57.306644439697266,,,,107.17958068847656,3.2153594493865967,0.5163663625717163,3.057556629180908
2012-05-07,75.59934997558594,,,,,1.6625269651412964,57.35979461669922,,,,107.2578353881836,3.217693567276001,0.5171104669570923,3.0618793964385986
2012-05-08,75.6539077758789,,,,,1.6499991416931152,57.14720916748047,,,,106.82755279541016,3.193772792816162,0.5114044547080994,3.025329828262329
2012-05-09,75.67448425292969,,,,,1.6444990634918213,56.97008514404297,,,,106.19385528564453,3.1535143852233887,0.5085756778717041,2.9691312313079834
2012-05-10,75.59934997558594,,,,,1.632277011871338,56.85492706298828,,,,106.4129409790039,3.1651837825775146,0.5033652186393738,2.9883873462677
2012-05-11,75.6539077758789,,,,,1.633194088935852,56.846073150634766,,,,106.09217071533203,3.148263454437256,0.5028697848320007,2.9608771800994873
2012-05-14,75.82469177246094,,,,,1.603249430656433,56.31464385986328,,,,104.91865539550781,3.078833818435669,0.488974928855896,2.8638064861297607
2012-05-15,75.78372192382812,,,,,1.5916386842727661,56.128639221191406,,,,104.31623840332031,3.0455777645111084,0.48470762372016907,2.815467357635498
2012-05-16,75.77006530761719,,,,,1.5699434280395508,55.74777603149414,,,,103.91725158691406,3.0210726261138916,0.4741874635219574,2.782849073410034
2012-05-17,75.81784057617188,,,,,1.5036382675170898,54.569759368896484,,,,102.3760757446289,2.9294722080230713,0.44500967860221863,2.653549909591675
2012-05-18,75.79735565185547,,,,,1.4657495021820068,53.86117172241211,,,,101.4998550415039,2.8775453567504883,0.4271458089351654,2.587918996810913
2012-05-21,75.78372192382812,,,,,1.5445829629898071,55.36689758300781,,,,103.24445343017578,2.9773147106170654,0.4630727767944336,2.723505735397339
2012-05-22,75.59934997558594,,,,,1.5418322086334229,55.3049201965332,,,,103.42438507080078,2.98781681060791,0.46138548851013184,2.7266485691070557
2012-05-23,75.68810272216797,,,,,1.5503883361816406,55.41118621826172,,,,103.47917175292969,2.9936509132385254,0.4639655351638794,2.7380459308624268
2012-05-24,75.62667846679688,,,,,1.5302212238311768,55.048038482666016,,,,103.68256378173828,3.0053205490112305,0.4556289315223694,2.7569098472595215
2012-05-25,75.7426986694336,,,,,1.5241104364395142,54.97719192504883,,,,103.34616088867188,2.983149528503418,0.453048974275589,2.732151508331299
2012-05-29,75.7017593383789,,,,,1.5623053312301636,55.676910400390625,,,,104.59788513183594,3.0566625595092773,0.4699200987815857,2.8284356594085693
2012-05-30,75.9543685913086,,,,,1.5369435548782349,55.20749282836914,,,,103.08016967773438,2.9668116569519043,0.458507239818573,2.70385479927063
2012-05-31,76.1797103881836,,,,,1.5238051414489746,54.96833801269531,,,,102.8532943725586,2.969146490097046,0.4519571363925934,2.6885268688201904
2012-06-01,76.37003326416016,,,,,1.4419162273406982,53.506866455078125,,,,100.26377868652344,2.804615020751953,0.4164273738861084,2.4845590591430664
2012-06-04,76.19207763671875,,,,,1.463304877281189,53.91429138183594,,,,100.21684265136719,2.804615020751953,0.42535945773124695,2.4837727546691895
2012-06-05,76.03467559814453,,,,,1.476138710975647,54.1357536315918,,,,100.9757080078125,2.841372489929199,0.4312150180339813,2.531719446182251
2012-06-06,75.80884552001953,,,,,1.5448875427246094,55.37575149536133,,,,103.24445343017578,2.9732303619384766,0.46069085597991943,2.7109286785125732
2012-06-07,75.92523193359375,,,,,1.53113853931427,55.15433883666992,,,,103.30705261230469,2.9732303619384766,0.4555298984050751,2.709749221801758
2012-06-08,75.89093780517578,,,,,1.5623053312301636,55.685768127441406,,,,104.12849426269531,3.023406982421875,0.46892836689949036,2.775773763656616
2012-06-11,75.95938110351562,,,,,1.512499213218689,54.74689865112305,,,,102.80635070800781,2.9481427669525146,0.4464987516403198,2.672807455062866
2012-06-12,75.89787292480469,,,,,1.5445829629898071,55.41118621826172,,,,103.9876708984375,3.015237808227539,0.46059179306030273,2.767519950866699
2012-06-13,76.09626770019531,,,,,1.5238051414489746,55.03034210205078,,,,103.32272338867188,2.9749813079833984,0.451559841632843,2.710141658782959
2012-06-14,76.04148864746094,,,,,1.5354161262512207,55.234039306640625,,,,104.41796112060547,3.036824941635132,0.4566217064857483,2.797389030456543
2012-06-15,76.21949005126953,,,,,1.5729988813400269,55.920291900634766,,,,105.48584747314453,3.0980875492095947,0.4734928607940674,2.877561092376709
2012-06-18,76.19890594482422,,,,,1.6026382446289062,56.44408416748047,,,,105.69029235839844,3.1109225749969482,0.48570048809051514,2.8952465057373047
2012-06-19,76.10995483398438,,,,,1.6353323459625244,57.02999496459961,,,,106.71265411376953,3.173936367034912,0.5016788840293884,2.981313705444336
2012-06-20,75.99360656738281,,,,,1.6399163007736206,57.07438659667969,,,,106.53959655761719,3.1633050441741943,0.5034650564193726,2.9658241271972656
2012-06-21,76.09626770019531,,,,,1.5564988851547241,55.65394973754883,,,,104.14901733398438,3.0202085971832275,0.46575185656547546,2.767289876937866
2012-06-22,75.98678588867188,,,,,1.5885828733444214,56.23988723754883,,,,104.95111083984375,3.0616774559020996,0.48024222254753113,2.83058500289917
2012-06-25,76.22628021240234,,,,,1.5268608331680298,55.15681838989258,,,,103.26826477050781,2.9670586585998535,0.45175889134407043,2.6922004222869873
2012-06-26,76.14423370361328,,,,,1.547638177871704,55.503028869628906,,,,103.78726196289062,2.9968459606170654,0.46049177646636963,2.7358386516571045
2012-06-27,76.17839050292969,,,,,1.5656660795211792,55.84040832519531,,,,104.72311401367188,3.0505800247192383,0.46892836689949036,2.8113205432891846
2012-06-28,76.26738739013672,,,,,1.5320549011230469,55.21894836425781,,,,104.42425537109375,3.0342259407043457,0.45205622911453247,2.7849810123443604
2012-06-29,76.16468048095703,,,,,1.626776933670044,56.9589729309082,,,,107.0271987915039,3.184915781021118,0.4962197244167328,2.9968814849853516
2012-07-02,76.3106918334961,,,,,1.6371657848358154,57.127655029296875,,,,107.34960174560547,3.203605890274048,0.5001897215843201,3.018505096435547
2012-07-03,76.25593566894531,,,,,1.6640545129776,57.60703659057617,,,,108.05734252929688,3.247410535812378,0.5120989680290222,3.0794408321380615
2012-07-05,76.45471954345703,,,,,1.6658878326416016,57.642555236816406,,,,107.56980895996094,3.217623472213745,0.5138853192329407,3.036196231842041
2012-07-06,76.5096206665039,,,,,1.6240274906158447,56.9234619140625,,,,106.54747772216797,3.1545441150665283,0.4936395585536957,2.950099229812622
2012-07-09,76.66045379638672,,,,,1.6194432973861694,56.81694030761719,,,,106.413818359375,3.1451990604400635,0.4919523596763611,2.941056728363037
2012-07-10,76.69475555419922,,,,,1.5870546102523804,56.25764083862305,,,,105.48584747314453,3.095552921295166,0.4768674969673157,2.863215208053589
2012-07-11,76.6878662109375,,,,,1.5687215328216553,55.946922302246094,,,,105.5015640258789,3.0949692726135254,0.47031736373901367,2.862035036087036
2012-07-12,76.82503509521484,,,,,1.540916085243225,55.42313766479492,,,,104.99049377441406,3.066350221633911,0.45672088861465454,2.8250815868377686
2012-07-13,76.8524169921875,,,,,1.5855271816253662,56.266510009765625,,,,106.75199127197266,3.160383939743042,0.4765693247318268,2.964251756668091
2012-07-16,76.9141845703125,,,,,1.5775831937789917,56.10672378540039,,,,106.50031280517578,3.1510398387908936,0.4729965329170227,2.939483880996704
2012-07-17,76.88678741455078,,,,,1.5925543308258057,56.399681091308594,,,,107.23165130615234,3.1930928230285645,0.48024222254753113,3.0027787685394287
2012-07-18,77.03761291503906,,,,,1.6365549564361572,57.163169860839844,,,,108.02588653564453,3.239234209060669,0.4997923970222473,3.0711846351623535
2012-07-19,76.97588348388672,,,,,1.6719993352890015,57.79348373413086,,,,108.30899047851562,3.2555880546569824,0.5160690546035767,3.092020034790039
2012-07-20,77.0855712890625,,,,,1.6295273303985596,57.02999496459961,,,,107.31813049316406,3.1977643966674805,0.4962197244167328,3.00828218460083
2012-07-23,77.15412139892578,,,,,1.5910272598266602,56.337520599365234,,,,106.23294830322266,3.135270118713379,0.4778602421283722,2.916288137435913
2012-07-24,77.25016784667969,,,,,1.563832402229309,55.89365005493164,,,,105.32073974609375,3.0856242179870605,0.46694281697273254,2.844738483428955
2012-07-25,77.2775650024414,,,,,1.542138695716858,55.52079772949219,,,,105.34429168701172,3.0791988372802734,0.45652270317077637,2.842378854751587
2012-07-26,77.22960662841797,,,,,1.581860899925232,56.25764083862305,,,,107.0822525024414,3.1767377853393555,0.4743865430355072,2.981942892074585
2012-07-27,76.99644470214844,,,,,1.6613050699234009,57.58928298950195,,,,109.05607604980469,3.30056095123291,0.5103124380111694,3.1525633335113525
2012-07-30,77.12675476074219,,,,,1.6561106443405151,57.5449104309082,,,,109.05607604980469,3.297640085220337,0.5072361826896667,3.1454873085021973
2012-07-31,77.20218658447266,,,,,1.6533604860305786,57.52714157104492,,,,108.29324340820312,3.265516757965088,0.5075333714485168,3.102242946624756
2012-08-01,77.11283111572266,,,,,1.6448049545288086,57.358482360839844,,,,108.1988754272461,3.247995376586914,0.5025716423988342,3.0786545276641846
2012-08-02,77.12657928466797,,,,,1.633499026298523,57.1542854309082,,,,107.45185852050781,3.204190254211426,0.4973113238811493,3.0102484226226807
2012-08-03,76.94111633300781,,,,,1.6936938762664795,58.23736572265625,,,,109.5829849243164,3.3280117511749268,0.5255964398384094,3.1887311935424805
2012-08-06,77.05790710449219,,,,,1.7208877801895142,58.681251525878906,,,,109.79525756835938,3.339693069458008,0.5374067425727844,3.204458236694336
2012-08-07,76.85176086425781,,,,,1.7499158382415771,59.169517517089844,,,,110.34574127197266,3.371816635131836,0.550705075263977,3.2528138160705566
2012-08-08,76.75559997558594,,,,,1.7465546131134033,59.14287185668945,,,,110.47940063476562,3.3823301792144775,0.5498114228248596,3.2669661045074463
2012-08-09,76.7349624633789,,,,,1.7572495937347412,59.3204231262207,,,,110.57378387451172,3.389922857284546,0.5544759035110474,3.2760088443756104
2012-08-10,76.85863494873047,,,,,1.7609161138534546,59.355926513671875,,,,110.75465393066406,3.399851083755493,0.5567588806152344,3.2905545234680176
2012-08-13,76.85176086425781,,,,,1.7685543298721313,59.497982025146484,,,,110.6996078491211,3.399851083755493,0.5601332783699036,3.286231279373169
2012-08-14,76.67312622070312,,,,,1.7706937789916992,59.52464294433594,,,,110.71533966064453,3.3969316482543945,0.5609270334243774,3.2885894775390625
2012-08-15,76.42578887939453,,,,,1.7795544862747192,59.675537109375,,,,110.84117126464844,3.4004359245300293,0.5648970603942871,3.2972378730773926
2012-08-16,76.32960510253906,,,,,1.8211102485656738,60.385738372802734,,,,111.65898132324219,3.4535858631134033,0.5851428508758545,3.368396282196045
2012-08-17,76.41895294189453,,,,,1.8369989395141602,60.6520881652832,,,,111.80841827392578,3.4646832942962646,0.5931810140609741,3.3849077224731445
2012-08-20,76.39143371582031,,,,,1.84311044216156,60.740867614746094,,,,111.8162612915039,3.4646832942962646,0.5954639911651611,3.386086940765381
2012-08-21,76.49455261230469,,,,,1.8290547132492065,60.50117111206055,,,,111.47814178466797,3.4419050216674805,0.5886165499687195,3.355027914047241
2012-08-22,76.82431030273438,,,,,1.8428049087524414,60.74973678588867,,,,111.52532958984375,3.443657398223877,0.5949676036834717,3.355027914047241
2012-08-23,76.8792495727539,,,,,1.8137763738632202,60.252601623535156,,,,110.61314392089844,3.3893394470214844,0.581768274307251,3.2767953872680664
2012-08-24,76.82431030273438,,,,,1.8345543146133423,60.625431060791016,,,,111.28152465820312,3.4302234649658203,0.5920893549919128,3.3369455337524414
2012-08-27,76.92730712890625,,,,,1.8409717082977295,60.723087310791016,,,,111.30516815185547,3.4302234649658203,0.5949676036834717,3.3369455337524414
2012-08-28,76.98916625976562,,,,,1.8409717082977295,60.723087310791016,,,,111.19503784179688,3.426135540008545,0.594868540763855,3.32672381401062
2012-08-29,76.91361236572266,,,,,1.8406652212142944,60.723087310791016,,,,111.28152465820312,3.4284720420837402,0.5950666666030884,3.333406925201416
2012-08-30,76.96172332763672,,,,,1.803998589515686,60.11052703857422,,,,110.47940063476562,3.3805770874023438,0.5769054889678955,3.261462688446045
2012-08-31,77.20218658447266,,,,,1.8293603658676147,60.51004409790039,,,,111.00630187988281,3.416205644607544,0.58921217918396,3.304708480834961
2012-09-04,77.1877212524414,,,,,1.8247764110565186,60.44786834716797,,,,110.90409088134766,3.393427610397339,0.5867300033569336,3.2889816761016846
2012-09-05,77.1877212524414,,,,,1.8201935291290283,60.385738372802734,,,,110.8096923828125,3.397515058517456,0.5840510725975037,3.290161609649658
2012-09-06,77.0086898803711,,,,,1.8999431133270264,61.72628402709961,,,,113.05876159667969,3.5359396934509277,0.622657060623169,3.4879093170166016
2012-09-07,77.02252197265625,,,,,1.894749402999878,61.63752365112305,,,,113.49915313720703,3.566894769668579,0.6199770569801331,3.534299850463867
2012-09-10,77.03628540039062,,,,,1.847693920135498,60.84736633300781,,,,112.85430145263672,3.5248420238494873,0.5971512198448181,3.4729695320129395
2012-09-11,76.94676971435547,,,,,1.8415827751159668,60.74973678588867,,,,113.16887664794922,3.5435328483581543,0.5945711135864258,3.4997036457061768
2012-09-12,76.80216979980469,,,,,1.853193759918213,60.927276611328125,,,,113.54634857177734,3.566894769668579,0.5997314453125,3.533120632171631
2012-09-13,76.98117065429688,,,,,1.9005545377731323,61.75288772583008,,,,115.2763900756836,3.6796209812164307,0.6236488819122314,3.702955484390259
2012-09-14,76.6645278930664,,,,,1.9363045692443848,62.30332946777344,,,,115.7875747680664,3.707070827484131,0.6396273970603943,3.7485597133636475
2012-09-17,76.78845977783203,,,,,1.9375271797180176,62.32994079589844,,,,115.39431762695312,3.685460329055786,0.6408182382583618,3.7151424884796143
2012-09-18,76.83663177490234,,,,,1.941193699836731,62.383201599121094,,,,115.29996490478516,3.68137264251709,0.6420093178749084,3.7017757892608643
2012-09-19,76.9880599975586,,,,,1.9473047256469727,62.49863052368164,,,,115.36286926269531,3.68137264251709,0.646276593208313,3.7076737880706787
2012-09-20,76.93987274169922,,,,,1.9442493915557861,62.43646240234375,,,,115.37074279785156,3.683124303817749,0.6447883248329163,3.707279682159424
2012-09-21,77.0638198852539,,,,,1.9457769393920898,62.454254150390625,,,,115.32251739501953,3.6772849559783936,0.6447883248329163,3.699416399002075
2012-09-24,77.14639282226562,,,,,1.9201103448867798,62.08924102783203,,,,115.14862060546875,3.665017604827881,0.6328791379928589,3.683298110961914
2012-09-25,77.27030181884766,,,,,1.8672493696212769,61.21678161621094,,,,113.92315673828125,3.5970215797424316,0.6074724197387695,3.570075035095215
2012-09-26,77.34603881835938,,,,,1.8382211923599243,60.71820831298828,,,,113.28279876708984,3.550208806991577,0.5914937257766724,3.5063867568969727
2012-09-27,77.2978744506836,,,,,1.8877207040786743,61.55509948730469,,,,114.35008239746094,3.618088960647583,0.6166035532951355,3.609389305114746
2012-09-28,77.40796661376953,,,,,1.8586938381195068,61.047603607177734,,,,113.8204116821289,3.5823936462402344,0.601815938949585,3.5531702041625977
2012-10-01,77.37830352783203,,,,,1.8501380681991577,60.95857620239258,,,,114.12083435058594,3.6022884845733643,0.5992348790168762,3.5767581462860107
2012-10-02,77.4404296875,,,,,1.8629714250564575,61.13664627075195,,,,114.23944854736328,3.6081387996673584,0.6031057238578796,3.5924839973449707
2012-10-03,77.41281127929688,,,,,1.88405442237854,61.52838134765625,,,,114.70590209960938,3.637397527694702,0.6145187020301819,3.636122703552246
2012-10-04,77.3024673461914,,,,,1.8981101512908936,61.74205017089844,,,,115.52806854248047,3.694744825363159,0.62166428565979,3.717895269393921
2012-10-05,77.14382934570312,,,,,1.877026915550232,61.41265106201172,,,,115.5359878540039,3.690063953399658,0.6109461188316345,3.7135703563690186
2012-10-08,77.2611083984375,,,,,1.8452491760253906,60.851749420166016,,,,115.14070129394531,3.664315700531006,0.5947693586349487,3.673863410949707
2012-10-09,77.17835235595703,,,,,1.786887764930725,59.88134765625,,,,114.00221252441406,3.5946810245513916,0.5642026662826538,3.5681092739105225
2012-10-10,77.3024673461914,,,,,1.7685543298721313,59.578609466552734,,,,113.27490997314453,3.5490376949310303,0.557354211807251,3.5044219493865967
2012-10-11,77.39905548095703,,,,,1.7548048496246338,59.39167785644531,,,,113.3381576538086,3.550208806991577,0.5523924827575684,3.5079593658447266
2012-10-12,77.46107482910156,,,,,1.753887414932251,59.36496353149414,,,,112.96659851074219,3.5273869037628174,0.5522932410240173,3.4651081562042236
2012-10-15,77.50245666503906,,,,,1.778638243675232,59.80120086669922,,,,113.90740966796875,3.5823936462402344,0.5633089542388916,3.5590667724609375
2012-10-16,77.37830352783203,,,,,1.8302768468856812,60.6469841003418,,,,115.06167602539062,3.6555378437042236,0.587821900844574,3.664820909500122
2012-10-17,77.13697814941406,,,,,1.8290547132492065,60.61137771606445,,,,115.58338928222656,3.691818952560425,0.5860354900360107,3.7135703563690186
2012-10-18,77.10939025878906,,,,,1.787194013595581,59.90803909301758,,,,115.28302001953125,3.6742632389068604,0.565989077091217,3.686443567276001
2012-10-19,77.20594024658203,,,,,1.701027274131775,58.474666595458984,,,,113.36189270019531,3.547868251800537,0.5250999927520752,3.493807077407837
2012-10-22,77.10247039794922,,,,,1.7193604707717896,58.77737045288086,,,,113.37767028808594,3.5496232509613037,0.5333374738693237,3.5012764930725098
2012-10-23,77.27487182617188,,,,,1.685138463973999,58.21647644042969,,,,111.80439758300781,3.450730323791504,0.5175572633743286,3.3581740856170654
2012-10-24,77.21966552734375,,,,,1.6704720258712769,58.0117073059082,,,,111.48816680908203,3.4331748485565186,0.512397289276123,3.3290812969207764
2012-10-25,77.0542221069336,,,,,1.6726099252700806,58.0117073059082,,,,111.81230926513672,3.448974847793579,0.512397289276123,3.3569958209991455
2012-10-26,77.2611083984375,,,,,1.6823879480361938,58.18084716796875,,,,111.74906921386719,3.444878101348877,0.5177563428878784,3.350311279296875
2012-10-31,77.37142944335938,,,,,1.6613050699234009,57.82473373413086,,,,111.74906921386719,3.433760166168213,0.5077326893806458,3.3412694931030273
2012-11-01,77.26982879638672,,,,,1.708971381187439,58.64383316040039,,,,112.91917419433594,3.518609046936035,0.5292683243751526,3.455672264099121
2012-11-02,77.31822204589844,,,,,1.6680272817611694,58.02060317993164,,,,111.91510009765625,3.4542412757873535,0.5099154114723206,3.357780694961548
2012-11-05,77.44956970214844,,,,,1.6936938762664795,58.4034309387207,,,,112.14439392089844,3.46886944770813,0.5224199891090393,3.382549285888672
2012-11-06,77.2283706665039,,,,,1.701027274131775,58.51028060913086,,,,113.02195739746094,3.52036452293396,0.5255964398384094,3.457245349884033
2012-11-07,77.40803527832031,,,,,1.6194432973861694,57.13031768798828,,,,110.4604263305664,3.36529541015625,0.4878830909729004,3.226473808288574
2012-11-08,77.5047836303711,,,,,1.5717769861221313,56.231101989746094,,,,109.1322250366211,3.2798616886138916,0.46505725383758545,3.1053876876831055
2012-11-09,77.46333312988281,,,,,1.5836939811706543,56.471500396728516,,,,109.22713470458984,3.2862982749938965,0.47011926770210266,3.111677646636963
2012-11-12,77.44264221191406,,,,,1.5809437036514282,56.46259689331055,,,,109.31407928466797,3.291564464569092,0.4708137810230255,3.123472213745117
2012-11-13,77.58082580566406,,,,,1.5610827207565308,56.07085418701172,,,,108.9345703125,3.2710838317871094,0.46059179306030273,3.0947723388671875
2012-11-14,77.60159301757812,,,,,1.522583246231079,55.41204071044922,,,,107.46411895751953,3.182138681411743,0.44411700963974,2.968576431274414
2012-11-15,77.52552795410156,,,,,1.5112767219543457,55.22509002685547,,,,107.28230285644531,3.1698498725891113,0.44014692306518555,2.9512782096862793
2012-11-16,77.5532455444336,,,,,1.5241104364395142,55.4654541015625,,,,107.81198120117188,3.19793701171875,0.4451097249984741,2.993736982345581
2012-11-19,77.60850524902344,,,,,1.5974432229995728,56.78310775756836,,,,109.99398803710938,3.3278448581695557,0.47716477513313293,3.171041250228882
2012-11-20,77.46333312988281,,,,,1.5983610153198242,56.80091094970703,,,,110.04142761230469,3.3360371589660645,0.4772648215293884,3.1855874061584473
2012-11-21,77.33202362060547,,,,,1.6059988737106323,56.91664505004883,,,,110.24691772460938,3.347740888595581,0.4806384742259979,3.2024929523468018
2012-11-23,77.38040924072266,,,,,1.6536656618118286,57.78023910522461,,,,111.74906921386719,3.436685562133789,0.5026705861091614,3.327902317047119
2012-11-26,77.40803527832031,,,,,1.670165777206421,58.02952575683594,,,,111.51190185546875,3.4267385005950928,0.5091215968132019,3.3086400032043457
2012-11-27,77.51171112060547,,,,,1.6570271253585815,57.833648681640625,,,,110.94268035888672,3.3939690589904785,0.5033652186393738,3.2622485160827637
2012-11-28,77.52552795410156,,,,,1.68544340133667,58.33221435546875,,,,111.83606719970703,3.4390265941619873,0.5168628692626953,3.3345866203308105
2012-11-29,77.62237548828125,,,,,1.7053052186965942,58.679420471191406,,,,112.35779571533203,3.4758920669555664,0.5257947444915771,3.385693073272705
2012-11-30,77.58082580566406,,,,,1.7013325691223145,58.58150100708008,,,,112.38156127929688,3.4659438133239746,0.5239092111587524,3.3750789165496826
2012-12-03,77.59196472167969,,,,,1.695527195930481,58.465763092041016,,,,111.8281021118164,3.4390265941619873,0.5213291049003601,3.331047534942627
2012-12-04,77.64065551757812,,,,,1.6884989738464355,58.43014907836914,,,,111.6700439453125,3.429079055786133,0.517954409122467,3.314537286758423
2012-12-05,77.71011352539062,,,,,1.6530543565750122,57.78023910522461,,,,111.86768341064453,3.4437081813812256,0.5019760727882385,3.3322269916534424
2012-12-06,77.70320892333984,,,,,1.6741381883621216,58.15414810180664,,,,112.24716186523438,3.4624335765838623,0.511206328868866,3.3691816329956055
2012-12-07,77.63369750976562,,,,,1.6539716720581055,57.806941986083984,,,,112.58711242675781,3.4881813526153564,0.502472460269928,3.3986668586730957
2012-12-10,77.6475601196289,,,,,1.6643604040145874,57.976097106933594,,,,112.634521484375,3.4905214309692383,0.5069379210472107,3.408496141433716
2012-12-11,77.61978912353516,,,,,1.7080544233322144,58.73283767700195,,,,113.40139770507812,3.536749839782715,0.5264891982078552,3.4745430946350098
2012-12-12,77.40425109863281,,,,,1.698887586593628,58.60822296142578,,,,113.45674133300781,3.5402607917785645,0.5229164361953735,3.4824059009552
2012-12-13,77.27908325195312,,,,,1.6729159355163574,58.14524459838867,,,,112.76105499267578,3.5016398429870605,0.5111061930656433,3.4218626022338867
2012-12-14,77.41818237304688,,,,,1.6417495012283325,57.59328079223633,,,,112.342041015625,3.472381114959717,0.49661704897880554,3.3754725456237793
2012-12-17,77.23043060302734,,,,,1.6866658926010132,58.35893249511719,,,,113.66228485107422,3.5519638061523438,0.5159698128700256,3.4945929050445557
2012-12-18,77.04966735839844,,,,,1.7364717721939087,59.24922180175781,,,,114.92720794677734,3.633887529373169,0.5398876070976257,3.616858720779419
2012-12-19,77.18177032470703,,,,,1.7211939096450806,58.991024017333984,,,,114.07342529296875,3.577126979827881,0.5321465730667114,3.5409836769104004
2012-12-20,77.1886978149414,,,,,1.7199716567993164,58.991024017333984,,,,114.72958374023438,3.619842529296875,0.5325428247451782,3.594449043273926
2012-12-21,77.25823974609375,,,,,1.6860545873641968,58.370609283447266,,,,113.68815612792969,3.553133964538574,0.5159698128700256,3.5004899501800537
2012-12-24,77.26519775390625,,,,,1.676888108253479,58.25423812866211,,,,113.33787536621094,3.530898094177246,0.5116025805473328,3.4540998935699463
2012-12-26,77.36971282958984,,,,,1.650327205657959,57.74395751953125,,,,112.86013793945312,3.4981842041015625,0.49949514865875244,3.415839910507202
2012-12-27,77.4114990234375,,,,,1.6442066431045532,57.65439987182617,,,,112.70885467529297,3.4952540397644043,0.4967159926891327,3.4075818061828613
2012-12-28,77.52994537353516,,,,,1.6120750904083252,57.0993537902832,,,,111.49069213867188,3.4178683757781982,0.4823257327079773,3.2900116443634033
2012-12-31,77.39059448242188,,,,,1.6772562265396118,58.307960510253906,,,,113.38562774658203,3.538050651550293,0.5137864351272583,3.4701027870178223
2013-01-02,77.3000259399414,,,,,1.785584568977356,60.1611213684082,,,,116.29168701171875,3.7104082107543945,0.561720609664917,3.728050947189331
2013-01-03,77.1050033569336,,,,,1.7690600156784058,59.84779357910156,,,,116.0289535522461,3.6922357082366943,0.5535832643508911,3.6977734565734863
2013-01-04,77.18856048583984,,,,,1.7562074661254883,59.65083312988281,,,,116.53849792480469,3.7244789600372314,0.5481248497962952,3.75321626663208
2013-01-07,77.1467514038086,,,,,1.7595731019973755,59.668758392333984,,,,116.2200927734375,3.7068920135498047,0.5487204790115356,3.725691795349121
2013-01-08,77.2164306640625,,,,,1.7546766996383667,59.552337646484375,,,,115.88563537597656,3.6846139430999756,0.5455440282821655,3.6847968101501465
2013-01-09,77.1607437133789,,,,,1.7626330852508545,59.77617263793945,,,,116.18021392822266,3.7051331996917725,0.5511023998260498,3.717827081680298
2013-01-10,77.15372467041016,,,,,1.784360647201538,60.13425827026367,,,,117.1038589477539,3.759655475616455,0.5608280301094055,3.798435926437378
2013-01-11,77.23039245605469,,,,,1.790174126625061,60.21486282348633,,,,117.09583282470703,3.762584924697876,0.5629116296768188,3.8066937923431396
2013-01-14,77.3000259399414,,,,,1.7733440399169922,59.94628143310547,,,,117.01624298095703,3.7537925243377686,0.555666983127594,3.789785146713257
2013-01-15,77.32090759277344,,,,,1.7565124034881592,59.65083312988281,,,,117.09583282470703,3.7602407932281494,0.5474295020103455,3.798435926437378
2013-01-16,77.36270141601562,,,,,1.769977331161499,59.892555236816406,,,,117.0799331665039,3.759068489074707,0.5535832643508911,3.7980425357818604
2013-01-17,77.19554901123047,,,,,1.7861965894699097,60.179039001464844,,,,117.83638763427734,3.8065543174743652,0.562117874622345,3.8676414489746094
2013-01-18,77.28611755371094,,,,,1.7797698974609375,60.04473876953125,,,,118.0990219116211,3.825315237045288,0.5589423775672913,3.9014580249786377
2013-01-22,77.2442855834961,,,,,1.7861965894699097,60.14322280883789,,,,118.73604583740234,3.8651814460754395,0.5612250566482544,3.9565083980560303
2013-01-23,77.32789611816406,,,,,1.8039451837539673,60.51028060913086,,,,118.92711639404297,3.87631893157959,0.570355236530304,3.9745967388153076
2013-01-24,77.22338104248047,,,,,1.756819486618042,59.677696228027344,,,,118.95896911621094,3.87925124168396,0.54762864112854,3.9808883666992188
2013-01-25,77.0352554321289,,,,,1.7745682001113892,59.982078552246094,,,,119.62775421142578,3.9249792098999023,0.5557659268379211,4.048519611358643
2013-01-28,76.92377471923828,,,,,1.7819124460220337,60.116371154785156,,,,119.48448944091797,3.9173567295074463,0.5597360134124756,4.033576965332031
2013-01-29,76.8750228881836,,,,,1.7751801013946533,60.125328063964844,,,,119.95413970947266,3.9454989433288574,0.5597360134124756,4.080761909484863
2013-01-30,76.84017944335938,,,,,1.7767096757888794,59.99998474121094,,,,119.48448944091797,3.915599822998047,0.5566598176956177,4.037115573883057
2013-01-31,76.90985107421875,,,,,1.7663049697875977,59.86570358276367,,,,119.18984985351562,3.90152907371521,0.5530868768692017,4.004086017608643
2013-02-01,76.74305725097656,,,,,1.8076176643371582,60.572967529296875,,,,120.41600799560547,3.9718809127807617,0.5712481141090393,4.126377105712891
2013-02-04,76.95941162109375,,,,,1.7442724704742432,59.516563415527344,,,,119.06248474121094,3.8862850666046143,0.5421704053878784,3.98875093460083
2013-02-05,76.79890441894531,,,,,1.7984371185302734,60.393898010253906,,,,120.26468658447266,3.964843511581421,0.565989077091217,4.10867977142334
2013-02-06,76.93151092529297,,,,,1.7849726676940918,60.19694137573242,,,,120.3522720336914,3.9695351123809814,0.5607287883758545,4.116939544677734
2013-02-07,76.95941162109375,,,,,1.7886443138122559,60.25065612792969,,,,120.19306182861328,3.9613263607025146,0.562117874622345,4.10474967956543
2013-02-08,76.9803695678711,,,,,1.8250595331192017,60.86835479736328,,,,120.86185455322266,4.001191139221191,0.5791882276535034,4.170022010803223
2013-02-11,76.90359497070312,,,,,1.8253663778305054,60.886268615722656,,,,120.83795166015625,4.000606060028076,0.5789890289306641,4.16412353515625
2013-02-12,76.8896484375,,,,,1.8103710412979126,60.6356086730957,,,,121.03704071044922,4.013501167297363,0.5722408294677734,4.184571743011475
2013-02-13,76.81282806396484,,,,,1.8232238292694092,60.85049057006836,,,,121.1405258178711,4.021125316619873,0.5788900256156921,4.1991190910339355
2013-02-14,76.95247650146484,,,,,1.8210821151733398,60.83256912231445,,,,121.251953125,4.029919624328613,0.5776990652084351,4.212094783782959
2013-02-15,76.95941162109375,,,,,1.8122071027755737,60.653526306152344,,,,121.10871124267578,4.020539283752441,0.5727372169494629,4.198726654052734
2013-02-19,76.86870574951172,,,,,1.8376067876815796,61.09219741821289,,,,122.0163803100586,4.076820373535156,0.585241973400116,4.282088279724121
2013-02-20,76.91753387451172,,,,,1.7809938192367554,60.15217590332031,,,,120.49559783935547,3.9742255210876465,0.5585452318191528,4.123623371124268
2013-02-21,76.95941162109375,,,,,1.7427427768707275,59.5075798034668,,,,119.76306915283203,3.928497791290283,0.54038405418396,4.051663875579834
2013-02-22,77.00133514404297,,,,,1.7773218154907227,60.10741424560547,,,,120.93352508544922,4.002950191497803,0.5562625527381897,4.170022010803223
2013-02-25,77.29448699951172,,,,,1.7329503297805786,59.36434555053711,,,,118.6325454711914,3.855799913406372,0.5355201959609985,3.9344875812530518
2013-02-26,77.27352905273438,,,,,1.745496392250061,59.588165283203125,,,,119.44461822509766,3.904459238052368,0.5419712066650391,4.014703273773193
2013-02-27,77.29448699951172,,,,,1.7806882858276367,60.19694137573242,,,,120.94943237304688,4.002364635467529,0.5584459900856018,4.163335800170898
2013-02-28,77.36434936523438,,,,,1.7748737335205078,60.071598052978516,,,,120.71056365966797,3.9859488010406494,0.5563614964485168,4.146822929382324
2013-03-01,77.39157104492188,,,,,1.7892568111419678,60.322242736816406,,,,121.10871124267578,4.011745929718018,0.562117874622345,4.1857500076293945
2013-03-04,77.33565521240234,,,,,1.805781602859497,60.590843200683594,,,,121.75357818603516,4.053369522094727,0.5693626403808594,4.240800380706787
2013-03-05,77.27266693115234,,,,,1.8602516651153564,61.48607635498047,,,,122.8443603515625,4.1272382736206055,0.594372034072876,4.358763217926025
2013-03-06,77.18878173828125,,,,,1.8498473167419434,61.33391571044922,,,,123.01161193847656,4.140720367431641,0.5906012058258057,4.3811774253845215
2013-03-07,77.02790069580078,,,,,1.8602516651153564,61.49505615234375,,,,123.23448181152344,4.158308982849121,0.5957618951797485,4.405555248260498
2013-03-08,76.80411529541016,,,,,1.8623929023742676,61.56669235229492,,,,123.75997161865234,4.192896842956543,0.5964566469192505,4.460998058319092
2013-03-11,76.84606170654297,,,,,1.875245451927185,61.7457275390625,,,,124.22972106933594,4.222209930419922,0.6026095151901245,4.508184909820557
2013-03-12,76.98594665527344,,,,,1.8620878458023071,61.521934509277344,,,,123.95108795166016,4.202863693237305,0.5952657461166382,4.476335525512695
2013-03-13,76.92298889160156,,,,,1.8556610345840454,61.441349029541016,,,,124.12618255615234,4.212244033813477,0.5933802127838135,4.494029521942139
2013-03-14,77.00691986083984,,,,,1.8688195943832397,61.647274017333984,,,,124.7870864868164,4.25738525390625,0.5994340777397156,4.567559719085693
2013-03-15,77.07689666748047,,,,,1.8584157228469849,61.475868225097656,,,,124.6223373413086,4.2462477684021,0.5937765836715698,4.54986572265625
2013-03-18,77.14679718017578,,,,,1.8486231565475464,61.341285705566406,,,,123.93460083007812,4.201691627502441,0.5897074341773987,4.471224784851074
2013-03-19,77.2586669921875,,,,,1.843420147895813,61.22462463378906,,,,123.64667510986328,4.180585861206055,0.5873255729675293,4.442124843597412
2013-03-20,77.17478942871094,,,,,1.8664523363113403,61.65531539916992,,,,124.51036834716797,4.234664440155029,0.5985404253005981,4.53395414352417
2013-03-21,77.18878173828125,,,,,1.8268909454345703,60.95542526245117,,,,123.44674682617188,4.166627883911133,0.5793864130973816,4.418726444244385
2013-03-22,77.2166976928711,,,,,1.8609318733215332,61.54764175415039,,,,124.43846893310547,4.229384422302246,0.5953649282455444,4.520975112915039
2013-03-25,77.18878173828125,,,,,1.846518635749817,61.32329559326172,,,,123.91856384277344,4.2006449699401855,0.5893111228942871,4.476142406463623
2013-03-26,77.27971649169922,,,,,1.8679860830307007,61.65531539916992,,,,124.91024017333984,4.264575958251953,0.59834223985672,4.579571723937988
2013-03-27,77.44053649902344,,,,,1.8725860118865967,61.7360954284668,,,,124.91024017333984,4.260470867156982,0.6015176773071289,4.573671340942383
2013-03-28,77.44053649902344,,,,,1.882706642150879,61.888633728027344,,,,125.29415893554688,4.280410289764404,0.6049914360046387,4.6043477058410645
2013-04-01,77.51063537597656,,,,,1.8557193279266357,61.46688461303711,,,,124.79825592041016,4.254018783569336,0.5932801961898804,4.560302257537842
2013-04-02,77.42646026611328,,,,,1.8851604461669922,61.95146942138672,,,,125.41407012939453,4.297421455383301,0.6066786646842957,4.624403953552246
2013-04-03,77.51063537597656,,,,,1.850812315940857,61.386138916015625,,,,124.14250183105469,4.20944356918335,0.5906012058258057,4.482828140258789
2013-04-04,77.72794342041016,,,,,1.8523451089859009,61.40410232543945,,,,124.6463394165039,4.244046688079834,0.5908983945846558,4.543391704559326
2013-04-05,77.95231628417969,,,,,1.8207577466964722,60.89259338378906,,,,124.08648681640625,4.205338001251221,0.576409101486206,4.4785027503967285
2013-04-08,77.8190689086914,,,,,1.8403854370117188,61.21565246582031,,,,124.92623138427734,4.263401985168457,0.585241973400116,4.561875343322754
2013-04-09,77.84709930419922,,,,,1.8636927604675293,61.62837600708008,,,,125.35809326171875,4.29038143157959,0.5967537760734558,4.621257781982422
2013-04-10,77.68592071533203,,,,,1.9372961521148682,62.830810546875,,,,126.89360809326172,4.398888111114502,0.6316882371902466,4.793900966644287
2013-04-11,77.69993591308594,,,,,1.9336155652999878,62.80388259887695,,,,127.30941009521484,4.426455020904541,0.6305962800979614,4.839520454406738
2013-04-12,77.95231628417969,,,,,1.9320814609527588,62.75904846191406,,,,126.99754333496094,4.403581142425537,0.6299018263816833,4.800587177276611
2013-04-15,77.98728942871094,,,,,1.8563323020935059,61.52071762084961,,,,124.05452728271484,4.201232433319092,0.5915939211845398,4.473783493041992
2013-04-16,77.98728942871094,,,,,1.9060145616531372,62.33729553222656,,,,125.88587951660156,4.3208818435668945,0.6163052916526794,4.659404754638672
2013-04-17,77.98728942871094,,,,,1.8314908742904663,61.116920471191406,,,,124.04651641845703,4.194191932678223,0.5802801251411438,4.457659721374512
2013-04-18,77.97329711914062,,,,,1.7799686193466187,60.27342987060547,,,,123.2707290649414,4.140820026397705,0.5551705360412598,4.375467300415039
2013-04-19,77.98033142089844,,,,,1.8293448686599731,61.09894943237305,,,,124.3424301147461,4.208855628967285,0.5781953930854797,4.487940788269043
2013-04-22,78.07849884033203,,,,,1.864612340927124,61.72712707519531,,,,124.89421844482422,4.254018783569336,0.5959603190422058,4.553617000579834
2013-04-23,78.04339599609375,,,,,1.9008007049560547,62.31937789916992,,,,126.18183135986328,4.340823173522949,0.6135260462760925,4.690472602844238
2013-04-24,78.02938842773438,,,,,1.8992676734924316,62.29241180419922,,,,126.26182556152344,4.351966857910156,0.6120378375053406,4.699517726898193
2013-04-25,77.99430084228516,,,,,1.9195083379745483,62.62443161010742,,,,126.77359771728516,4.382465362548828,0.6219626665115356,4.758114337921143
2013-04-26,78.155517578125,,,,,1.9087741374969482,62.427040100097656,,,,126.5496597290039,4.3660430908203125,0.6167025566101074,4.727833271026611
2013-04-29,78.20462799072266,,,,,1.9434293508529663,63.001312255859375,,,,127.39741516113281,4.4211745262146,0.6330773830413818,4.8233962059021
2013-04-30,78.19059753417969,,,,,1.9704171419143677,63.458946228027344,,,,127.70130157470703,4.445809364318848,0.6469719409942627,4.855250835418701
2013-05-01,78.22713470458984,,,,,1.953856348991394,63.162841796875,,,,126.58170318603516,4.365456581115723,0.638734757900238,4.725864410400391
2013-05-02,78.2341537475586,,,,,2.002311944961548,63.961463928222656,,,,127.75731658935547,4.4440507888793945,0.6618586182594299,4.86075496673584
2013-05-03,77.94622039794922,,,,,2.0498461723327637,64.7152328491211,,,,129.05287170410156,4.53085470199585,0.6849817037582397,5.007444858551025
2013-05-06,77.81981658935547,,,,,2.0648751258850098,64.96646881103516,,,,129.38070678710938,4.561939716339111,0.6938146352767944,5.048343181610107
2013-05-07,77.77764129638672,,,,,2.0624210834503174,64.93057250976562,,,,130.0365447998047,4.60592794418335,0.6921272277832031,5.12227725982666
2013-05-08,77.84791564941406,,,,,2.082967519760132,65.2446517944336,,,,130.62832641601562,4.648158550262451,0.7029455900192261,5.193851947784424
2013-05-09,77.74259185791016,,,,,2.078981637954712,65.15489959716797,,,,130.26046752929688,4.625284671783447,0.7004637718200684,5.152952194213867
2013-05-10,77.5880355834961,,,,,2.1010630130767822,65.54971313476562,,,,130.68435668945312,4.654024600982666,0.7123730182647705,5.201717853546143
2013-05-13,77.51780700683594,,,,,2.1081159114837646,65.63048553466797,,,,130.7882843017578,4.65988826751709,0.7151520848274231,5.210369110107422
2013-05-14,77.33518981933594,,,,,2.129276990890503,65.971435546875,,,,132.13978576660156,4.757837772369385,0.7256723046302795,5.374753475189209
2013-05-15,77.44756317138672,,,,,2.137557029724121,66.10603332519531,,,,132.85159301757812,4.807693004608154,0.731031596660614,5.457339286804199
2013-05-16,77.65824890136719,,,,,2.1338772773742676,66.03428649902344,,,,132.22779846191406,4.762529373168945,0.7283515930175781,5.379865646362305
2013-05-17,77.46864318847656,,,,,2.172825813293457,66.67141723632812,,,,133.5073699951172,4.855785846710205,0.7488954663276672,5.540711402893066
2013-05-20,77.39141845703125,,,,,2.1666924953460693,66.57269287109375,,,,133.4993438720703,4.852852821350098,0.7455208897590637,5.539137363433838
2013-05-21,77.45462799072266,,,,,2.17067813873291,66.64445495605469,,,,133.6913604736328,4.869862079620361,0.7483000755310059,5.561161994934082
2013-05-22,77.19473266601562,,,,,2.136024236679077,66.06121826171875,,,,132.69967651367188,4.7865753173828125,0.7300387620925903,5.432562351226807
2013-05-23,77.16666412353516,,,,,2.122530221939087,65.90863037109375,,,,132.3157958984375,4.769567012786865,0.7220996022224426,5.389305114746094
2013-05-24,77.16666412353516,,,,,2.122223138809204,65.87281036376953,,,,132.20376586914062,4.7566633224487305,0.7217022776603699,5.370033264160156
2013-05-28,76.68915557861328,,,,,2.1492109298706055,66.3034896850586,,,,132.9955291748047,4.809451103210449,0.7365887761116028,5.46992301940918
2013-05-29,76.79448699951172,,,,,2.128357172012329,65.98941802978516,,,,132.13182067871094,4.753145694732666,0.725473165512085,5.398349761962891
2013-05-30,76.77339172363281,,,,,2.150438070297241,66.33940887451172,,,,132.61965942382812,4.785989761352539,0.73728346824646,5.423123359680176
2013-05-31,76.62591552734375,,,,,2.110569715499878,65.72920227050781,,,,130.7163543701172,4.648158550262451,0.7162440419197083,5.185593128204346
2013-06-03,76.66466522216797,,,,,2.1194632053375244,65.84585571289062,,,,131.43609619140625,4.697425842285156,0.7204121947288513,5.268965244293213
2013-06-04,76.49578094482422,,,,,2.0973825454711914,65.50489044189453,,,,130.80426025390625,4.656957626342773,0.7095947861671448,5.199357032775879
2013-06-05,76.45356750488281,,,,,2.044020414352417,64.65240478515625,,,,128.972900390625,4.522642135620117,0.6824016571044922,4.966937065124512
2013-06-06,76.65055847167969,,,,,2.0590474605560303,64.96646881103516,,,,130.1405029296875,4.602410793304443,0.6907381415367126,5.108119487762451
2013-06-07,76.41133117675781,,,,,2.117316246032715,65.85479736328125,,,,131.7958984375,4.7167816162109375,0.7196184992790222,5.304751396179199
2013-06-10,76.25658416748047,,,,,2.1203837394714355,65.88175201416016,,,,131.7958984375,4.7167816162109375,0.7199159264564514,5.305145263671875
2013-06-11,76.26360321044922,,,,,2.0777556896209717,65.2266845703125,,,,130.43641662597656,4.624109745025635,0.6990746259689331,5.147053241729736
2013-06-12,76.13692474365234,,,,,2.029299020767212,64.47293090820312,,,,129.3567657470703,4.549623489379883,0.6748586893081665,5.012556552886963
2013-06-13,76.50984954833984,,,,,2.078981637954712,65.2895278930664,,,,131.3240966796875,4.684523105621338,0.6990746259689331,5.244582653045654
2013-06-14,76.531005859375,,,,,2.0535266399383545,64.8587875366211,,,,130.50035095214844,4.625284671783447,0.6867679953575134,5.146267414093018
2013-06-17,76.47461700439453,,,,,2.091249942779541,65.48692321777344,,,,131.508056640625,4.69625186920166,0.7058228254318237,5.2650322914123535
2013-06-18,76.44654846191406,,,,,2.125903367996216,66.02532958984375,,,,132.5476531982422,4.766636371612549,0.7224960923194885,5.38537073135376
2013-06-19,75.93294525146484,,,,,2.0783684253692627,65.2895278930664,,,,130.7163543701172,4.63877534866333,0.6997691988945007,5.168290138244629
2013-06-20,75.42642211914062,,,,,1.9768575429916382,63.73714828491211,,,,127.47738647460938,4.409445762634277,0.6481629610061646,4.778956413269043
2013-06-21,75.00425720214844,,,,,1.9596830606460571,63.39866256713867,,,,127.88656616210938,4.433492660522461,0.6390318870544434,4.8182830810546875
2013-06-24,74.7017593383789,,,,,1.9201217889785767,62.76856231689453,,,,126.27059936523438,4.323816299438477,0.6192824244499207,4.637381076812744
2013-06-25,74.78614044189453,,,,,1.9468024969100952,63.227630615234375,,,,127.484619140625,4.407098293304443,0.6324818730354309,4.776595592498779
2013-06-26,75.10276794433594,,,,,1.9799237251281738,63.794715881347656,,,,128.74685668945312,4.490621566772461,0.6497502326965332,4.911542892456055
2013-06-27,75.41934967041016,,,,,1.999550461769104,64.06478118896484,,,,129.50254821777344,4.542857646942139,0.6569949984550476,5.005178928375244
2013-06-28,75.42642211914062,,,,,2.001391649246216,64.15482330322266,,,,128.9718780517578,4.503532409667969,0.6587812900543213,4.914690017700195
2013-07-01,75.53068542480469,,,,,2.0302183628082275,64.5508804321289,,,,129.7276611328125,4.554007530212402,0.6728742718696594,5.026422500610352
2013-07-02,75.53068542480469,,,,,2.0308330059051514,64.577880859375,,,,129.60708618164062,4.542857646942139,0.6731724739074707,5.006750583648682
2013-07-03,75.42495727539062,,,,,2.048006534576416,64.83893585205078,,,,129.66334533691406,4.553422451019287,0.6823025345802307,5.022488594055176
2013-07-05,74.60035705566406,,,,,2.0777556896209717,65.33401489257812,,,,131.06228637695312,4.653201103210449,0.6973873972892761,5.179072856903076
2013-07-08,74.98799133300781,,,,,2.081435203552246,65.39704895019531,,,,131.80992126464844,4.7042646408081055,0.6996701955795288,5.266413688659668
2013-07-09,75.0655288696289,,,,,2.106889009475708,65.79312133789062,,,,132.7585906982422,4.77352237701416,0.7124730348587036,5.37263822555542
2013-07-10,74.86815643310547,,,,,2.1323442459106445,66.17118072509766,,,,132.80686950683594,4.775869846343994,0.7244814038276672,5.383655071258545
2013-07-11,75.36861419677734,,,,,2.22036075592041,67.48538208007812,,,,134.61575317382812,4.906755447387695,0.7696375846862793,5.61105489730835
2013-07-12,75.28401947021484,,,,,2.2366151809692383,67.7824478149414,,,,134.67201232910156,4.905580997467041,0.777675986289978,5.612631320953369
2013-07-15,75.44613647460938,,,,,2.247042417526245,67.93550109863281,,,,135.18658447265625,4.951949119567871,0.7837296724319458,5.6858062744140625
2013-07-16,75.56597137451172,,,,,2.241215229034424,67.84551239013672,,,,134.6801300048828,4.910276412963867,0.780653178691864,5.616562366485596
2013-07-17,75.7280502319336,,,,,2.251336097717285,68.01651763916016,,,,135.02577209472656,4.936689376831055,0.7862105369567871,5.655121326446533
2013-07-18,75.58708190917969,,,,,2.239988327026367,67.84551239013672,,,,135.76544189453125,4.989513397216797,0.7804549932479858,5.747182369232178
2013-07-19,75.78445434570312,,,,,2.194599151611328,67.14334869384766,,,,136.00662231445312,5.010644435882568,0.7567355036735535,5.784949779510498
2013-07-22,75.88314056396484,,,,,2.205334186553955,67.34140014648438,,,,136.27194213867188,5.028250694274902,0.7621938586235046,5.814850807189941
2013-07-23,75.84085845947266,,,,,2.17497181892395,66.84630584716797,,,,135.9824981689453,5.007120132446289,0.7452237010002136,5.780229568481445
2013-07-24,75.59413146972656,,,,,2.188159942626953,67.06233215332031,,,,135.48403930664062,4.969557762145996,0.7522690892219543,5.716495037078857
2013-07-25,75.62235260009766,,,,,2.214226722717285,67.48538208007812,,,,135.81365966796875,4.988924980163574,0.765865683555603,5.751902103424072
2013-07-26,75.6012191772461,,,,,2.238147497177124,67.84551239013672,,,,135.95843505859375,4.9994916915893555,0.7785695791244507,5.770787239074707
2013-07-29,75.6012191772461,,,,,2.2301740646362305,67.719482421875,,,,135.54034423828125,4.970730781555176,0.7749967575073242,5.713346004486084
2013-07-30,75.57298278808594,,,,,2.252868890762329,68.07951354980469,,,,135.54034423828125,4.971905708312988,0.7865086793899536,5.720427989959717
2013-07-31,75.62940216064453,,,,,2.262681722640991,68.20555877685547,,,,135.6367950439453,4.972492694854736,0.7914706468582153,5.721215724945068
2013-08-01,75.20214080810547,,,,,2.3074584007263184,68.89867401123047,,,,137.20458984375,5.092226982116699,0.8155874013900757,5.924224376678467
2013-08-02,75.45639038085938,,,,,2.3344454765319824,69.2857666015625,,,,137.437744140625,5.110422134399414,0.8291839361190796,5.954912185668945
2013-08-05,75.4916763305664,,,,,2.337819814682007,69.33078002929688,,,,137.23667907714844,5.096334457397461,0.8309703469276428,5.932091236114502
2013-08-06,75.41400909423828,,,,,2.3099122047424316,68.91668701171875,,,,136.45681762695312,5.041749477386475,0.8161828517913818,5.835309982299805
2013-08-07,75.51288604736328,,,,,2.3013243675231934,68.7906723022461,,,,136.01467895507812,5.007120132446289,0.8115182518959045,5.772360801696777
2013-08-08,75.61880493164062,,,,,2.322178363800049,69.13273620605469,,,,136.5131072998047,5.034707546234131,0.8223356604576111,5.835309982299805
2013-08-09,75.6682357788086,,,,,2.305311441421509,68.85366821289062,,,,136.1192626953125,5.008295059204102,0.8135029077529907,5.784949779510498
2013-08-12,75.61880493164062,,,,,2.3138983249664307,69.01570892333984,,,,135.95843505859375,4.997730731964111,0.8185646533966064,5.758984565734863
2013-08-13,75.3151626586914,,,,,2.3396599292755127,69.40277862548828,,,,136.3603973388672,5.029423713684082,0.8321613669395447,5.820357799530029
2013-08-14,75.21624755859375,,,,,2.3234055042266846,69.1417007446289,,,,135.66094970703125,4.9801225662231445,0.8229310512542725,5.726722717285156
2013-08-15,74.94793701171875,,,,,2.246121644973755,67.97151947021484,,,,133.7635955810547,4.832214832305908,0.7816458940505981,5.477290630340576
2013-08-16,74.73607635498047,,,,,2.241828203201294,67.94450378417969,,,,133.32144165039062,4.806390762329102,0.778866708278656,5.431652545928955
2013-08-19,74.5030517578125,,,,,2.2347753047943115,67.8274917602539,,,,132.4691925048828,4.744174957275391,0.7757903933525085,5.329362392425537
2013-08-20,74.72195434570312,,,,,2.2544031143188477,68.12454223632812,,,,133.12039184570312,4.787609100341797,0.7864096164703369,5.40411376953125
2013-08-21,74.44647979736328,,,,,2.2387619018554688,67.8904800415039,,,,132.30038452148438,4.728914260864258,0.7785695791244507,5.30418062210083
2013-08-22,74.53833770751953,,,,,2.281083345413208,68.5566177368164,,,,133.50631713867188,4.813434600830078,0.8007998466491699,5.44109582901001
2013-08-23,74.78549194335938,,,,,2.3135921955108643,69.01570892333984,,,,133.95645141601562,4.845127105712891,0.817671000957489,5.499322414398193
2013-08-26,74.91964721679688,,,,,2.314204692840576,69.05171966552734,,,,133.45806884765625,4.812260150909424,0.8183656334877014,5.447390556335449
2013-08-27,75.117431640625,,,,,2.2185206413269043,67.6384506225586,,,,131.31149291992188,4.654376029968262,0.7668585181236267,5.171988487243652
2013-08-28,74.97615051269531,,,,,2.2384555339813232,67.89949798583984,,,,131.7777557373047,4.686069011688232,0.7767830491065979,5.227071285247803
2013-08-29,75.1244888305664,,,,,2.2688167095184326,68.37657928466797,,,,131.98680114746094,4.701916217803955,0.792860746383667,5.257758617401123
2013-08-30,75.00443267822266,,,,,2.2390689849853516,67.93550109863281,,,,131.56875610351562,4.670220851898193,0.7780731320381165,5.194021701812744
2013-09-03,74.81905364990234,,,,,2.2623767852783203,68.32259368896484,,,,132.1636962890625,4.711894512176514,0.7908751964569092,5.272708415985107
2013-09-04,74.71294403076172,,,,,2.3132851123809814,69.05171966552734,,,,133.2570343017578,4.79230260848999,0.8166791200637817,5.405685901641846
2013-09-05,74.21054077148438,,,,,2.321258544921875,69.16876220703125,,,,133.42588806152344,4.798172473907471,0.8202520608901978,5.414341926574707
2013-09-06,74.4865493774414,,,,,2.326472043991089,69.24974060058594,,,,133.49020385742188,4.8052167892456055,0.8232293128967285,5.428506374359131
2013-09-09,74.63508605957031,,,,,2.379833698272705,70.05987548828125,,,,134.76852416992188,4.902646541595459,0.8522080779075623,5.591384410858154
2013-09-10,74.50064849853516,,,,,2.404062271118164,70.40193939208984,,,,135.76544189453125,4.97307825088501,0.8651099801063538,5.712559700012207
2013-09-11,74.75537872314453,,,,,2.3951683044433594,70.26692199707031,,,,136.19155883789062,5.002424716949463,0.860743522644043,5.766066551208496
2013-09-12,74.67044067382812,,,,,2.390568494796753,70.22193145751953,,,,135.8297882080078,4.981296062469482,0.8568726181983948,5.72750997543335
2013-09-13,74.77657318115234,,,,,2.394861936569214,70.26692199707031,,,,136.1352996826172,4.997730731964111,0.8596517443656921,5.75740909576416
2013-09-16,74.93225860595703,,,,,2.381061315536499,70.077880859375,,,,136.92318725585938,5.0593581199646,0.8524072170257568,5.86284875869751
2013-09-17,75.00301361083984,,,,,2.4135689735412598,70.54600524902344,,,,137.53416442871094,5.103376865386963,0.8694764971733093,5.9328789710998535
2013-09-18,75.63267517089844,,,,,2.4709184169769287,71.39215087890625,,,,139.1260223388672,5.220765113830566,0.9014332294464111,6.142181873321533
2013-09-19,75.54073333740234,,,,,2.4822654724121094,71.56317901611328,,,,138.89285278320312,5.204916954040527,0.9069905281066895,6.120936393737793
2013-09-20,75.54073333740234,,,,,2.464477300643921,71.3176040649414,,,,137.92178344726562,5.126269817352295,0.8970668315887451,5.979301929473877
2013-09-23,75.59733581542969,,,,,2.4540507793426514,71.17312622070312,,,,137.2835693359375,5.085183143615723,0.8920049071311951,5.900619029998779
2013-09-24,75.77420043945312,,,,,2.4549710750579834,71.17312622070312,,,,136.96043395996094,5.058183670043945,0.8922030925750732,5.862061977386475
2013-09-25,75.8803482055664,,,,,2.440250873565674,70.92932891845703,,,,136.56454467773438,5.033862590789795,0.8837676048278809,5.80829381942749
2013-09-26,75.86614227294922,,,,,2.4764387607574463,71.48007202148438,,,,137.08966064453125,5.065586566925049,0.9040132164955139,5.8736348152160645
2013-09-27,75.90859985351562,,,,,2.4709184169769287,71.38980865478516,,,,136.45956420898438,5.023285388946533,0.8997458815574646,5.794909477233887
2013-09-30,75.84493255615234,,,,,2.4531307220458984,71.21826934814453,,,,135.7324676513672,4.972759246826172,0.89408940076828,5.692567825317383
2013-10-01,75.78895568847656,,,,,2.508026361465454,71.94055938720703,,,,136.80694580078125,5.046786785125732,0.9208853840827942,5.836633205413818
2013-10-02,75.8882064819336,,,,,2.5052669048309326,71.91349029541016,,,,136.67770385742188,5.030335426330566,0.9191980361938477,5.813017845153809
2013-10-03,75.94486236572266,,,,,2.447610378265381,71.0738296508789,,,,135.41732788085938,4.946907997131348,0.8872414231300354,5.660290718078613
2013-10-04,75.8810806274414,,,,,2.488398790359497,71.68778228759766,,,,136.44337463378906,5.0150604248046875,0.910067081451416,5.781527519226074
2013-10-07,75.86688995361328,,,,,2.4473037719726562,71.09188079833984,,,,135.26385498046875,4.932220935821533,0.8875395655632019,5.6374592781066895
2013-10-08,75.83147430419922,,,,,2.355912923812866,69.71951293945312,,,,133.68849182128906,4.817066669464111,0.8373213410377502,5.43513822555542
2013-10-09,75.7747573852539,,,,,2.3387386798858643,69.50282287597656,,,,133.78538513183594,4.817654132843018,0.828092098236084,5.4390764236450195
2013-10-10,75.85983276367188,,,,,2.4356496334075928,70.97452545166016,,,,136.66961669921875,5.025635242462158,0.8806911706924438,5.792548179626465
2013-10-11,75.8882064819336,,,,,2.475825309753418,71.53429412841797,,,,137.5501708984375,5.093201160430908,0.9005396366119385,5.909848213195801
2013-10-14,75.74639892578125,,,,,2.509866237640381,72.03987884521484,,,,138.0995635986328,5.136088848114014,0.9191980361938477,5.986998081207275
2013-10-15,75.71099090576172,,,,,2.491159439086914,71.76000213623047,,,,137.09774780273438,5.0620622634887695,0.9093724489212036,5.849229335784912
2013-10-16,76.03706359863281,,,,,2.547281503677368,72.57256317138672,,,,139.01246643066406,5.200716018676758,0.9404357671737671,6.094850540161133
2013-10-17,76.24964904785156,,,,,2.576416254043579,72.9878921508789,,,,139.94151306152344,5.270631790161133,0.9556204676628113,6.219234943389893
2013-10-18,76.3772201538086,,,,,2.6595265865325928,74.1706771850586,,,,140.8867645263672,5.340546131134033,1.0028603076934814,6.329448699951172
2013-10-21,76.30635070800781,,,,,2.6705660820007324,74.33316802978516,,,,140.8948211669922,5.341132640838623,1.0086170434951782,6.345192909240723
2013-10-22,76.57568359375,,,,,2.6751673221588135,74.4415054321289,,,,141.7108154296875,5.401059627532959,1.0120903253555298,6.44911003112793
2013-10-23,76.55443572998047,,,,,2.6472582817077637,73.99005126953125,,,,141.03216552734375,5.353471279144287,0.9958139657974243,6.36408805847168
2013-10-24,76.5260009765625,,,,,2.6693406105041504,74.31507110595703,,,,141.50064086914062,5.3910722732543945,1.0082193613052368,6.4223432540893555
2013-10-25,76.55443572998047,,,,,2.706448554992676,74.84779357910156,,,,142.1470489501953,5.433372497558594,1.0283664464950562,6.505791664123535
2013-10-28,76.51895904541016,,,,,2.709207773208618,74.8658447265625,,,,142.3732452392578,5.454523086547852,1.0304510593414307,6.5333452224731445
2013-10-29,76.611083984375,,,,,2.7168753147125244,74.99226379394531,,,,143.13265991210938,5.513862133026123,1.0354126691818237,6.651431083679199
2013-10-30,76.46935272216797,,,,,2.712275266647339,74.9200668334961,,,,142.4216766357422,5.456874370574951,1.032137155532837,6.544367790222168
2013-10-31,76.47643280029297,,,,,2.7000081539154053,74.74848175048828,,,,142.01776123046875,5.423973560333252,1.025488018989563,6.47587776184082
2013-11-01,76.29185485839844,,,,,2.700927972793579,74.76656341552734,,,,142.3571014404297,5.44512414932251,1.024991512298584,6.528622627258301
2013-11-04,76.3698959350586,,,,,2.7073681354522705,74.8749008178711,,,,142.85794067382812,5.487425327301025,1.0299545526504517,6.601049900054932
2013-11-05,76.14276123046875,,,,,2.715035915374756,74.95616149902344,,,,142.40557861328125,5.4562883377075195,1.0343208312988281,6.538070201873779
2013-11-06,76.26345825195312,,,,,2.7135019302368164,74.9381103515625,,,,143.13265991210938,5.5079874992370605,1.0325343608856201,6.63096284866333
2013-11-07,76.32025909423828,,,,,2.6119909286499023,73.52959442138672,,,,141.32296752929688,5.367571830749512,0.9752707481384277,6.380621433258057
2013-11-08,75.84452819824219,,,,,2.682527780532837,74.52276611328125,,,,143.22958374023438,5.51033878326416,1.013777732849121,6.635687828063965
2013-11-11,75.80191802978516,,,,,2.674246072769165,74.40540313720703,,,,143.25381469726562,5.513862133026123,1.0089142322540283,6.636475563049316
2013-11-12,75.77349090576172,,,,,2.6813008785247803,74.52276611328125,,,,142.96302795410156,5.490949630737305,1.0138769149780273,6.608920574188232
2013-11-13,75.97234344482422,,,,,2.746929883956909,75.42565155029297,,,,144.1101531982422,5.580254554748535,1.0501999855041504,6.754560947418213
2013-11-14,76.20662689208984,,,,,2.7619564533233643,75.6603775024414,,,,144.82920837402344,5.638418674468994,1.0583373308181763,6.863200664520264
2013-11-15,76.22796630859375,,,,,2.772691488265991,75.80484008789062,,,,145.45933532714844,5.685417652130127,1.0656821727752686,6.952947616577148
2013-11-18,76.37704467773438,,,,,2.7217819690704346,75.06450653076172,,,,144.95042419433594,5.647231101989746,1.0362064838409424,6.8891801834106445
2013-11-19,76.17115020751953,,,,,2.7030746936798096,74.84779357910156,,,,144.63526916503906,5.619029998779297,1.0259844064712524,6.837223529815674
2013-11-20,75.95813751220703,,,,,2.6926474571228027,74.66724395751953,,,,144.18289184570312,5.587892055511475,1.0188391208648682,6.776604175567627
2013-11-21,76.03620147705078,,,,,2.743556499481201,75.42565155029297,,,,145.34625244140625,5.676019191741943,1.0500011444091797,6.9316911697387695
2013-11-22,76.14276123046875,,,,,2.774836778640747,75.8319320678711,,,,146.0733184814453,5.728307723999023,1.0665746927261353,7.030096530914307
2013-11-25,76.19954681396484,,,,,2.787104606628418,76.01249694824219,,,,145.9279327392578,5.726544380187988,1.0736218690872192,7.026947021484375
2013-11-26,76.2208480834961,,,,,2.816239833831787,76.4097900390625,,,,145.9683074951172,5.723020553588867,1.0913864374160767,7.015927791595459
2013-11-27,76.25629425048828,,,,,2.854881763458252,76.94245910644531,,,,146.32379150390625,5.745934009552002,1.113220453262329,7.066310882568359
2013-11-29,76.28471374511719,,,,,2.8864691257476807,77.40290069580078,,,,146.22683715820312,5.737122058868408,1.1314804553985596,7.050563812255859
2013-12-02,75.99518585205078,,,,,2.8717479705810547,77.1772232055664,,,,145.8471221923828,5.7153825759887695,1.124433994293213,7.000180244445801
2013-12-03,76.08769226074219,,,,,2.8671488761901855,77.11402130126953,,,,145.2169647216797,5.669557094573975,1.1211599111557007,6.920670032501221
2013-12-04,75.88851928710938,,,,,2.872668981552124,77.18621063232422,,,,145.2008514404297,5.657805442810059,1.1240378618240356,6.897840976715088
2013-12-05,75.72484588623047,,,,,2.867455005645752,77.08692169189453,,,,144.56265258789062,5.611391544342041,1.1205641031265259,6.819902420043945
2013-12-06,75.8529052734375,,,,,2.90762996673584,77.64668273925781,,,,146.17831420898438,5.737707138061523,1.1436880826950073,7.037181377410889
2013-12-09,75.94541931152344,,,,,2.9303252696990967,77.96272277832031,,,,146.5500030517578,5.762384414672852,1.157383680343628,7.089928150177002
2013-12-10,76.06636047363281,,,,,2.926950693130493,77.9085464477539,,,,146.0248565673828,5.721259117126465,1.1552989482879639,7.021435737609863
2013-12-11,75.94541931152344,,,,,2.852121114730835,76.90632629394531,,,,144.38485717773438,5.592590808868408,1.112128496170044,6.776604175567627
2013-12-12,75.83155822753906,,,,,2.838320732116699,76.70771026611328,,,,143.908203125,5.559103488922119,1.1030972003936768,6.718347072601318
2013-12-13,75.86715698242188,,,,,2.82912015914917,76.60840606689453,,,,143.89202880859375,5.5544023513793945,1.0978373289108276,6.701818466186523
2013-12-16,75.92408752441406,,,,,2.8600943088531494,77.03276062011719,,,,144.7887725830078,5.624316692352295,1.1166930198669434,6.829348087310791
2013-12-17,76.0521469116211,,,,,2.8499741554260254,76.8792724609375,,,,144.32826232910156,5.5820159912109375,1.109647512435913,6.761646270751953
2013-12-18,76.01654815673828,,,,,2.9162168502807617,77.77308654785156,,,,146.79238891601562,5.7711968421936035,1.147955298423767,7.112758636474609
2013-12-19,75.88851928710938,,,,,2.8972036838531494,77.556396484375,,,,146.6227264404297,5.769434452056885,1.1376341581344604,7.096226692199707
2013-12-20,76.01654815673828,,,,,2.955472707748413,78.34618377685547,,,,147.4755859375,5.82759952545166,1.1718730926513672,7.214313507080078
2013-12-23,75.98095703125,,,,,3.0180346965789795,79.1704330444336,,,,148.2634735107422,5.892812728881836,1.2097845077514648,7.3237385749816895
2013-12-24,75.87425231933594,,,,,3.022021770477295,79.20665740966797,,,,148.58839416503906,5.920100688934326,1.2114720344543457,7.378846168518066
2013-12-26,75.83148956298828,,,,,3.040729522705078,79.46931457519531,,,,149.3437957763672,5.980084419250488,1.2232810258865356,7.489847660064697
2013-12-27,75.85999298095703,,,,,3.0250885486602783,79.27008819580078,,,,149.33566284179688,5.979495048522949,1.2143492698669434,7.485124111175537
2013-12-30,75.9312973022461,,,,,3.01588773727417,79.15231323242188,,,,149.3113250732422,5.973614692687988,1.2079983949661255,7.4780378341674805
2013-12-31,75.85999298095703,,,,,3.0545287132263184,79.66858673095703,,,,150.01800537109375,6.031245708465576,1.2317174673080444,7.581955432891846
2014-01-02,75.90990447998047,,,,,3.0076074600219727,79.04364776611328,,,,148.58023071289062,5.9153947830200195,1.202936053276062,7.365464687347412
2014-01-03,75.93843841552734,,,,,2.9649789333343506,78.4730224609375,,,,148.555908203125,5.907749652862549,1.176735520362854,7.352867126464844
2014-01-06,76.03821563720703,,,,,2.940751552581787,78.18319702148438,,,,148.12538146972656,5.880699157714844,1.164231300354004,7.304058074951172
2014-01-07,76.0738754272461,,,,,2.994420289993286,78.90777587890625,,,,149.03517150878906,5.948328018188477,1.194401502609253,7.4308037757873535
2014-01-08,75.84577941894531,,,,,3.0097546577453613,79.07987213134766,,,,149.06759643554688,5.950680255889893,1.2033331394195557,7.438678741455078
2014-01-09,75.95270538330078,,,,,2.9882869720458984,78.81720733642578,,,,149.1651153564453,5.960089683532715,1.1909279823303223,7.444188117980957
2014-01-10,76.33760070800781,,,,,3.0076074600219727,79.07079315185547,,,,149.57118225097656,5.985963821411133,1.2028371095657349,7.5079545974731445
2014-01-13,76.40884399414062,,,,,2.9165239334106445,77.90239715576172,,,,147.58114624023438,5.831890106201172,1.1493442058563232,7.215886116027832
2014-01-14,76.29480743408203,,,,,3.030302047729492,79.3877944946289,,,,149.18948364257812,5.95538330078125,1.2151434421539307,7.4410400390625
2014-01-15,76.2306900024414,,,,,3.0784502029418945,80.0399398803711,,,,149.99365234375,6.02418851852417,1.2435269355773926,7.564637184143066
2014-01-16,76.40884399414062,,,,,3.0818240642547607,80.04900360107422,,,,149.79867553710938,6.004194259643555,1.246107816696167,7.533146858215332
2014-01-17,76.44450378417969,,,,,3.0456366539001465,79.59613800048828,,,,149.1651153564453,5.953619480133057,1.2239762544631958,7.43552827835083
2014-01-21,76.48015594482422,,,,,3.0916380882263184,80.20298767089844,,,,149.60372924804688,5.986550807952881,1.2513681650161743,7.50086784362793
2014-01-22,76.31620025634766,,,,,3.109731912612915,80.41129302978516,,,,149.7012481689453,5.998314380645752,1.2629790306091309,7.517402172088623
2014-01-23,76.51576232910156,,,,,3.0873451232910156,80.13957214355469,,,,148.47463989257812,5.901281833648682,1.2477947473526,7.337123394012451
2014-01-24,76.67974853515625,,,,,2.9616055488586426,78.56355285644531,,,,145.3068389892578,5.64723539352417,1.1738576889038086,6.856115818023682
2014-01-27,76.51576232910156,,,,,2.908550500869751,77.80279541015625,,,,144.59194946289062,5.587252140045166,1.1397178173065186,6.758498191833496
2014-01-28,76.64411926269531,,,,,2.9042563438415527,77.75748443603516,,,,145.4530487060547,5.654881954193115,1.1393204927444458,6.877371311187744
2014-01-29,76.8721694946289,,,,,2.8426144123077393,76.92420959472656,,,,144.055908203125,5.546674728393555,1.103394865989685,6.671901702880859
2014-01-30,76.88638305664062,,,,,2.942591428756714,78.34618377685547,,,,145.5830078125,5.665465354919434,1.1615521907806396,6.897840976715088
2014-01-31,77.02896118164062,,,,,2.9300169944763184,78.13789367675781,,,,144.73008728027344,5.59489631652832,1.1534138917922974,6.769518852233887
2014-02-03,77.29032897949219,,,,,2.7984519004821777,76.34454345703125,,,,141.47300720214844,5.338498115539551,1.0769957304000854,6.311342716217041
2014-02-04,77.10464477539062,,,,,2.8361737728118896,76.90608978271484,,,,142.46389770507812,5.416711807250977,1.098035454750061,6.438876628875732
2014-02-05,76.91185760498047,,,,,2.8214519023895264,76.70682525634766,,,,142.28515625,5.404362678527832,1.087912678718567,6.416832447052002
2014-02-06,76.87621307373047,,,,,2.8907630443573,77.68498992919922,,,,144.1614990234375,5.541970252990723,1.129595160484314,6.6648149490356445
2014-02-07,76.99752807617188,,,,,2.9941136837005615,79.07079315185547,,,,145.948486328125,5.685459136962891,1.1895387172698975,6.927755832672119
2014-02-10,77.07611846923828,,,,,3.029381275177002,79.52367401123047,,,,146.21664428710938,5.702513694763184,1.211371898651123,6.959244728088379
2014-02-11,76.92613220214844,,,,,3.0980777740478516,80.42939758300781,,,,147.8166961669922,5.8277716636657715,1.2528561353683472,7.183609962463379
2014-02-12,76.79759216308594,,,,,3.1103453636169434,80.5833969116211,,,,147.88987731933594,5.8365936279296875,1.2588106393814087,7.2032904624938965
2014-02-13,76.96182250976562,,,,,3.155734062194824,81.18114471435547,,,,148.65335083007812,5.89481258392334,1.2911639213562012,7.312716484069824
2014-02-14,76.96182250976562,,,,,3.1698408126831055,81.3442153930664,,,,149.47378540039062,5.958913803100586,1.2949360609054565,7.4237189292907715
2014-02-18,77.0118408203125,,,,,3.2008161544799805,81.74271392822266,,,,149.6524658203125,5.975965976715088,1.3151814937591553,7.456783771514893
2014-02-19,76.95471954345703,,,,,3.1572675704956055,81.18114471435547,,,,148.66151428222656,5.897165298461914,1.2864004373550415,7.30327033996582
2014-02-20,76.91185760498047,,,,,3.1830286979675293,81.56156921386719,,,,149.53875732421875,5.959499359130859,1.3050588369369507,7.424509525299072
2014-02-21,76.98326110839844,,,,,3.1741342544555664,81.45289611816406,,,,149.3681182861328,5.949501991271973,1.298309564590454,7.414271831512451
2014-02-24,76.91185760498047,,,,,3.212162733078003,81.88765716552734,,,,150.19668579101562,6.008899688720703,1.3211359977722168,7.524485111236572
2014-02-25,77.11894989013672,,,,,3.202348470687866,81.79706573486328,,,,150.1398468017578,6.010074615478516,1.3163725137710571,7.519762992858887
2014-02-26,77.28321838378906,,,,,3.197136640548706,81.72462463378906,,,,150.14797973632812,6.008310317993164,1.3120050430297852,7.520549774169922
2014-02-27,77.36174774169922,,,,,3.23945689201355,82.25484466552734,,,,150.93582153320312,6.073585510253906,1.3378092050552368,7.644933700561523
2014-02-28,77.31890869140625,,,,,3.2305636405944824,82.1639175415039,,,,151.31759643554688,6.101813793182373,1.3310600519180298,7.69374418258667
2014-03-03,77.51922607421875,,,,,3.1833345890045166,81.55452728271484,,,,150.25347900390625,6.01771879196167,1.3018823862075806,7.533932209014893
2014-03-04,77.23306274414062,,,,,3.264605760574341,82.59136962890625,,,,152.36549377441406,6.192376136779785,1.3542832136154175,7.8535542488098145
2014-03-05,77.27598571777344,,,,,3.2826998233795166,82.81873321533203,,,,152.5034942626953,6.191200256347656,1.3653984069824219,7.859063148498535
2014-03-06,77.1042251586914,,,,,3.2750329971313477,82.74598693847656,,,,152.8527374267578,6.2270731925964355,1.3602378368377686,7.931494235992432
2014-03-07,76.88960266113281,,,,,3.2431375980377197,82.33670806884766,,,,152.91778564453125,6.228836536407471,1.3407868146896362,7.9307074546813965
2014-03-10,76.88960266113281,,,,,3.248044967651367,82.40946960449219,,,,152.83656311035156,6.227659702301025,1.3435646295547485,7.924409866333008
2014-03-11,76.88251495361328,,,,,3.221669912338257,82.05477905273438,,,,152.08114624023438,6.163560390472412,1.3268917798995972,7.8063201904296875
2014-03-12,77.05418395996094,,,,,3.2440571784973145,82.36399841308594,,,,152.12176513671875,6.166501045227051,1.3417783975601196,7.811829566955566
2014-03-13,77.2545166015625,,,,,3.154200315475464,81.1998519897461,,,,150.41598510742188,6.027716159820557,1.2848129272460938,7.552039623260498
2014-03-14,77.21878051757812,,,,,3.108812093734741,80.64501953125,,,,149.99365234375,5.992432594299316,1.258413553237915,7.482761383056641
2014-03-17,77.17578125,,,,,3.1655478477478027,81.35445404052734,,,,151.35011291503906,6.097110271453857,1.2919585704803467,7.6795735359191895
2014-03-18,77.26882934570312,,,,,3.241297960281372,82.33670806884766,,,,152.43048095703125,6.1870832443237305,1.3384047746658325,7.850407600402832
2014-03-19,76.9254150390625,,,,,3.2075629234313965,81.89108276367188,,,,151.61813354492188,6.127099514007568,1.3163725137710571,7.733107089996338
2014-03-20,76.8681869506836,,,,,3.223203182220459,82.11841583251953,,,,152.5034942626953,6.18884801864624,1.3266936540603638,7.855128765106201
2014-03-21,76.97544860839844,,,,,3.14469313621521,81.13029479980469,,,,151.91201782226562,6.142978191375732,1.2780637741088867,7.767745494842529
2014-03-24,77.0899658203125,,,,,3.0919442176818848,80.41925048828125,,,,151.28382873535156,6.093580722808838,1.245908498764038,7.666977882385254
2014-03-25,77.0112533569336,,,,,3.110039472579956,80.68363952636719,,,,152.0017547607422,6.151798248291016,1.2574217319488525,7.780340194702148
2014-03-26,77.2545166015625,,,,,3.0299954414367676,79.6444091796875,,,,150.90855407714844,6.06062126159668,1.2095855474472046,7.606360912322998
2014-03-27,77.31171417236328,,,,,2.996259927749634,79.19772338867188,,,,150.59031677246094,6.040624141693115,1.188148856163025,7.561486721038818
2014-03-28,77.19729614257812,,,,,3.0088353157043457,79.35272216796875,,,,151.33277893066406,6.091212272644043,1.1958897113800049,7.667766094207764
2014-03-31,77.20448303222656,,,,,3.049929141998291,79.91788482666016,,,,152.57289123535156,6.194740295410156,1.2197082042694092,7.859063148498535
2014-04-01,77.08614349365234,,,,,3.1563470363616943,81.32170867919922,,,,153.58457946777344,6.274153232574463,1.2858046293258667,8.016514778137207
2014-04-02,76.9571304321289,,,,,3.17321515083313,81.5313720703125,,,,154.09849548339844,6.317094802856445,1.29592764377594,8.099176406860352
2014-04-03,77.0145034790039,,,,,3.12353253364563,80.88414001464844,,,,153.89453125,6.302976608276367,1.2653608322143555,8.059813499450684
2014-04-04,77.25818634033203,,,,,2.9548585414886475,78.7328109741211,,,,152.07518005371094,6.154152870178223,1.1649255752563477,7.779553413391113
2014-04-07,77.37288665771484,,,,,2.9021100997924805,77.98536682128906,,,,150.39453125,6.017093181610107,1.1299924850463867,7.512677192687988
2014-04-08,77.46607208251953,,,,,2.953019142150879,78.70545959472656,,,,151.0146026611328,6.063563823699951,1.1615521907806396,7.612657070159912
2014-04-09,77.47322082519531,,,,,3.055143356323242,80.05461883544922,,,,152.63815307617188,6.195328712463379,1.2210981845855713,7.8574910163879395
2014-04-10,77.65245056152344,,,,,2.866535186767578,77.57514190673828,,,,149.4318084716797,5.932386875152588,1.1083563566207886,7.359164237976074
2014-04-11,77.72412872314453,,,,,2.799985647201538,76.67268371582031,,,,148.08563232421875,5.827090740203857,1.069651484489441,7.159204006195068
2014-04-14,77.75282287597656,,,,,2.8426144123077393,77.27430725097656,,,,149.25233459472656,5.9176812171936035,1.0936692953109741,7.326101779937744
2014-04-15,77.75999450683594,,,,,2.860707998275757,77.52957153320312,,,,150.28033447265625,6.002387046813965,1.1045854091644287,7.4772515296936035
2014-04-16,77.80294036865234,,,,,2.935231924057007,78.55964660644531,,,,151.85491943359375,6.1206231117248535,1.1474589109420776,7.712640762329102
2014-04-17,77.55211639404297,,,,,2.9370715618133545,78.5778579711914,,,,152.0670166015625,6.138856887817383,1.1480544805526733,7.742554664611816
2014-04-21,77.54489135742188,,,,,2.9815399646759033,79.16128540039062,,,,152.5973358154297,6.185917377471924,1.174056887626648,7.830726146697998
2014-04-22,77.53057098388672,,,,,3.029689073562622,79.79024505615234,,,,153.29080200195312,6.236505508422852,1.2028371095657349,7.928343296051025
2014-04-23,77.60942840576172,,,,,2.975099563598633,79.0883560180664,,,,152.93185424804688,6.214153289794922,1.1700866222381592,7.879533290863037
2014-04-24,77.6811294555664,,,,,3.03306245803833,79.844970703125,,,,153.2418670654297,6.234151840209961,1.2046233415603638,7.926767826080322
2014-04-25,77.69547271728516,,,,,2.935231924057007,78.56874084472656,,,,151.98544311523438,6.1353302001953125,1.1464661359786987,7.7283806800842285
2014-04-28,77.64525604248047,,,,,2.9563920497894287,78.82401275634766,,,,152.46676635742188,6.17238712310791,1.1587728261947632,7.800809383392334
2014-04-29,77.6811294555664,,,,,3.0008606910705566,79.45297241210938,,,,153.17657470703125,6.225918769836426,1.184377670288086,7.910235404968262
2014-04-30,77.83879852294922,,,,,3.016808271408081,79.66264343261719,,,,153.63348388671875,6.271212100982666,1.1948975324630737,7.988961219787598
2014-05-01,77.9522705078125,,,,,3.0361287593841553,79.89965057373047,,,,153.64976501464844,6.26474142074585,1.2056162357330322,7.98502779006958
2014-05-02,78.0456314086914,,,,,3.024475336074829,79.75377655029297,,,,153.42953491210938,6.248269557952881,1.1996612548828125,7.952744960784912
2014-05-05,78.01689910888672,,,,,3.055143356323242,80.1730728149414,,,,153.7232208251953,6.272975921630859,1.2167309522628784,7.994471073150635
2014-05-06,78.0743179321289,,,,,2.9754064083099365,79.1339111328125,,,,152.3852081298828,6.165328025817871,1.1696891784667969,7.785852432250977
2014-05-07,78.0743179321289,,,,,2.95731258392334,78.90601348876953,,,,153.28268432617188,6.234739780426025,1.159170150756836,7.923619747161865
2014-05-08,78.12462615966797,,,,,2.9527111053466797,78.83309936523438,,,,153.11949157714844,6.220035076141357,1.1552000045776367,7.896852016448975
2014-05-09,78.05278778076172,,,,,2.9754064083099365,79.12483215332031,,,,153.34791564941406,6.24238920211792,1.168697476387024,7.934640884399414
2014-05-12,77.98817443847656,,,,,3.070783853530884,80.42835998535156,,,,154.8408966064453,6.360623359680176,1.2256629467010498,8.158219337463379
2014-05-13,78.11742401123047,,,,,3.074770450592041,80.4830551147461,,,,154.97964477539062,6.370037078857422,1.2282439470291138,8.18183708190918
2014-05-14,78.34004974365234,,,,,3.042569637298584,80.06373596191406,,,,154.24539184570312,6.3123884201049805,1.2099828720092773,8.06454086303711
2014-05-15,78.50521850585938,,,,,2.9965672492980957,79.43476104736328,,,,152.8910675048828,6.200033664703369,1.1819958686828613,7.844108581542969
2014-05-16,78.41902923583984,,,,,3.0352089405059814,79.9543228149414,,,,153.42137145996094,6.245916843414307,1.2040281295776367,7.934640884399414
2014-05-19,78.39031982421875,,,,,3.079064130783081,80.51042938232422,,,,153.9842987060547,6.290035247802734,1.229831576347351,8.021236419677734
2014-05-20,78.42623138427734,,,,,3.056062936782837,80.21871185302734,,,,153.01341247558594,6.202975273132324,1.216334581375122,7.865365505218506
2014-05-21,78.39750671386719,,,,,3.113719940185547,80.98441314697266,,,,154.30250549316406,6.31003475189209,1.2506722211837769,8.061386108398438
2014-05-22,78.36160278320312,,,,,3.1391725540161133,81.3399429321289,,,,154.67774963378906,6.342977523803711,1.2661547660827637,8.125938415527344
2014-05-23,78.44058227539062,,,,,3.1864020824432373,81.93244171142578,,,,155.2978515625,6.394742965698242,1.2945384979248047,8.221200942993164
2014-05-27,78.51242065429688,,,,,3.266751527786255,82.95343780517578,,,,156.25238037109375,6.473565101623535,1.3431684970855713,8.3762845993042
2014-05-28,78.72785949707031,,,,,3.244978427886963,82.69819641113281,,,,156.1381378173828,6.4618024826049805,1.3304648399353027,8.352667808532715
2014-05-29,78.68475341796875,,,,,3.2857658863067627,83.2269058227539,,,,156.94583129882812,6.5300374031066895,1.3574594259262085,8.48256778717041
2014-05-30,78.7565689086914,,,,,3.2879128456115723,83.23600769042969,,,,157.1987762451172,6.547684192657471,1.3562685251235962,8.517992973327637
2014-06-02,78.5169906616211,,,,,3.279632091522217,83.15396881103516,,,,157.3782501220703,6.563565731048584,1.3528939485549927,8.555777549743652
2014-06-03,78.30838012695312,,,,,3.278099298477173,83.11752319335938,,,,157.29664611816406,6.55886173248291,1.3509094715118408,8.542394638061523
2014-06-04,78.27954864501953,,,,,3.300180435180664,83.42745971679688,,,,157.61480712890625,6.585919380187988,1.365200400352478,8.58411693572998
2014-06-05,78.38026428222656,,,,,3.356914758682251,84.12937927246094,,,,158.64280700683594,6.668272972106934,1.4007291793823242,8.76203441619873
2014-06-06,78.33712005615234,,,,,3.394943952560425,84.61249542236328,,,,159.40158081054688,6.732977867126465,1.4233568906784058,8.886421203613281
2014-06-09,78.2651596069336,,,,,3.3897311687469482,84.54869842529297,,,,159.5647430419922,6.74768590927124,1.4207770824432373,8.910822868347168
2014-06-10,78.15006256103516,,,,,3.4001574516296387,84.69454193115234,,,,159.58103942871094,6.750038146972656,1.4289151430130005,8.917126655578613
2014-06-11,78.20761108398438,,,,,3.398317575454712,84.67631530761719,,,,159.02626037597656,6.70297908782959,1.4267317056655884,8.827376365661621
2014-06-12,78.35872650146484,,,,,3.3403544425964355,83.91057586669922,,,,157.90040588378906,6.607685565948486,1.3894155025482178,8.634504318237305
2014-06-13,78.33712005615234,,,,,3.358450174331665,84.15668487548828,,,,158.3817596435547,6.646507263183594,1.3989431858062744,8.713227272033691
2014-06-16,78.29390716552734,,,,,3.363662004470825,84.22964477539062,,,,158.51229858398438,6.655333042144775,1.4041038751602173,8.728187561035156
2014-06-17,78.15006256103516,,,,,3.3670361042022705,84.27518463134766,,,,158.95285034179688,6.690624713897705,1.4060888290405273,8.798247337341309
2014-06-18,78.35872650146484,,,,,3.4081311225891113,84.74925231933594,,,,160.11949157714844,6.789450168609619,1.431693434715271,8.998994827270508
2014-06-19,78.24353790283203,,,,,3.400771379470825,84.69454193115234,,,,160.2990264892578,6.808272838592529,1.4261361360549927,9.028914451599121
2014-06-20,78.38026428222656,,,,,3.4072108268737793,84.7941665649414,,,,160.6244354248047,6.83297872543335,1.4312975406646729,9.084017753601074
2014-06-23,78.30838012695312,,,,,3.409050941467285,84.81241607666016,,,,160.5753173828125,6.8312153816223145,1.4328842163085938,9.072996139526367
2014-06-24,78.44503021240234,,,,,3.4029176235198975,84.73016357421875,,,,159.60794067382812,6.74650764465332,1.4289151430130005,8.908464431762695
2014-06-25,78.55294799804688,,,,,3.4468441009521484,85.26945495605469,,,,160.329345703125,6.80543851852417,1.455159306526184,9.025444030761719
2014-06-26,78.70407104492188,,,,,3.449608564376831,85.31515502929688,,,,160.21463012695312,6.794841766357422,1.459129810333252,9.012052536010742
2014-06-27,78.70407104492188,,,,,3.478483200073242,85.68993377685547,,,,160.526123046875,6.821920871734619,1.4736214876174927,9.062472343444824
2014-06-30,78.71122741699219,,,,,3.4926133155822754,85.836181640625,,,,160.444091796875,6.816035270690918,1.4845411777496338,9.048290252685547
2014-07-01,78.61465454101562,,,,,3.5697152614593506,86.7776107788086,,,,161.51800537109375,6.906106948852539,1.5343692302703857,9.224751472473145
2014-07-02,78.34075164794922,,,,,3.5804662704467773,86.92383575439453,,,,161.68191528320312,6.919058322906494,1.5403245687484741,9.249173164367676
2014-07-03,78.29031372070312,,,,,3.6225504875183105,87.47228240966797,,,,162.4770965576172,6.99264669418335,1.5699046850204468,9.388607025146484
2014-07-07,78.3119125366211,,,,,3.6016623973846436,87.20719909667969,,,,161.9114532470703,6.940251350402832,1.5548174381256104,9.295650482177734
2014-07-08,78.4704818725586,,,,,3.516573429107666,86.15603637695312,,,,160.87039184570312,6.848412990570068,1.5006211996078491,9.118406295776367
2014-07-09,78.53536987304688,,,,,3.5681793689727783,86.7958755493164,,,,161.59178161621094,6.911406517028809,1.534568428993225,9.23263168334961
2014-07-10,78.5714111328125,,,,,3.5460617542266846,86.52166748046875,,,,160.9523468017578,6.856655120849609,1.5200759172439575,9.121554374694824
2014-07-11,78.67949676513672,,,,,3.588146209716797,87.07921600341797,,,,161.17367553710938,6.873727321624756,1.5464794635772705,9.16488265991211
2014-07-14,78.61465454101562,,,,,3.635143756866455,87.60021209716797,,,,161.98526000976562,6.943195819854736,1.5760586261749268,9.293288230895996
2014-07-15,78.51375579833984,,,,,3.609955310821533,87.29859924316406,,,,161.68191528320312,6.919058322906494,1.5595818758010864,9.245233535766602
2014-07-16,78.57864379882812,,,,,3.6372950077056885,87.64590454101562,,,,162.28042602539062,6.970273971557617,1.5772496461868286,9.346070289611816
2014-07-17,78.80928039550781,,,,,3.541454553604126,86.48511505126953,,,,160.4359130859375,6.810148239135742,1.5143190622329712,9.025444030761719
2014-07-18,78.7228012084961,,,,,3.649888515472412,87.85614013671875,,,,162.07540893554688,6.947906017303467,1.5859848260879517,9.300378799438477
2014-07-21,78.7516098022461,,,,,3.6415951251983643,87.74647521972656,,,,161.77215576171875,6.919058322906494,1.5802271366119385,9.243659019470215
2014-07-22,78.88140106201172,,,,,3.6910502910614014,88.30400085449219,,,,162.4770965576172,6.979694366455078,1.6115940809249878,9.36812686920166
2014-07-23,78.89574432373047,,,,,3.7362060546875,88.8707275390625,,,,162.83782958984375,7.012661933898926,1.6417697668075562,9.431150436401367
2014-07-24,78.65069580078125,,,,,3.7288339138031006,88.7701644897461,,,,162.84603881835938,7.010895729064941,1.6360118389129639,9.433506965637207
2014-07-25,78.80208587646484,,,,,3.69596529006958,88.4228744506836,,,,162.08360290527344,6.946138381958008,1.6159613132476807,9.304315567016602
2014-07-28,78.81647491455078,,,,,3.700265884399414,88.45027160644531,,,,162.14926147460938,6.949671745300293,1.6179471015930176,9.309828758239746
2014-07-29,78.89574432373047,,,,,3.6892073154449463,88.2948989868164,,,,161.45242309570312,6.890210151672363,1.6098074913024902,9.191665649414062
2014-07-30,78.61465454101562,,,,,3.71746826171875,88.64221954345703,,,,161.4769744873047,6.894922256469727,1.6290638446807861,9.191665649414062
2014-07-31,78.51375579833984,,,,,3.5657217502593994,86.85073852539062,,,,158.28810119628906,6.619997978210449,1.52980375289917,8.64653205871582
2014-08-01,78.809814453125,,,,,3.540226936340332,86.53079223632812,,,,157.80450439453125,6.580551624298096,1.5121349096298218,8.563026428222656
2014-08-04,78.7953872680664,,,,,3.5866103172302246,87.12493133544922,,,,158.9438934326172,6.672390460968018,1.5431044101715088,8.747361183166504
2014-08-05,78.7953872680664,,,,,3.533468246459961,86.45767974853516,,,,157.4027862548828,6.542874336242676,1.506973147392273,8.488192558288574
2014-08-06,78.8025894165039,,,,,3.5264029502868652,86.39371490478516,,,,157.45196533203125,6.544641017913818,1.5043929815292358,8.496854782104492
2014-08-07,78.95423126220703,,,,,3.5055148601531982,86.1195068359375,,,,156.5994415283203,6.473408222198486,1.4899009466171265,8.357420921325684
2014-08-08,78.98314666748047,,,,,3.554356336593628,86.74102783203125,,,,158.4110565185547,6.62411642074585,1.5216641426086426,8.648896217346191
2014-08-11,78.99031829833984,,,,,3.5973620414733887,87.25291442871094,,,,158.87017822265625,6.660617828369141,1.5492582321166992,8.731608390808105
2014-08-12,78.95423126220703,,,,,3.59213924407959,87.2163314819336,,,,158.6487579345703,6.642956256866455,1.545684576034546,8.689860343933105
2014-08-13,79.11307525634766,,,,,3.6704699993133545,88.13948822021484,,,,159.7227020263672,6.736560344696045,1.5959112644195557,8.87813663482666
2014-08-14,79.15644073486328,,,,,3.708252429962158,88.59651184082031,,,,160.4769287109375,6.797196388244629,1.6205273866653442,8.989997863769531
2014-08-15,79.35137939453125,,,,,3.742656707763672,89.026123046875,,,,160.444091796875,6.795429706573486,1.6425635814666748,8.986058235168457
2014-08-18,79.185302734375,,,,,3.8019421100616455,89.71163940429688,,,,161.7885284423828,6.908463001251221,1.6822680234909058,9.207418441772461
2014-08-19,79.07698822021484,,,,,3.8437187671661377,90.21435546875,,,,162.63290405273438,6.978518486022949,1.7112513780593872,9.352370262145996
2014-08-20,78.99031829833984,,,,,3.8458685874938965,90.21435546875,,,,163.0673370361328,7.017369747161865,1.7112513780593872,9.431150436401367
2014-08-21,79.12751770019531,,,,,3.8590779304504395,90.39714050292969,,,,163.54283142089844,7.055637836456299,1.7209792137145996,9.514652252197266
2014-08-22,79.11307525634766,,,,,3.869828462600708,90.53423309326172,,,,163.28868103027344,7.033857822418213,1.7277288436889648,9.465019226074219
2014-08-25,79.17808532714844,,,,,3.8980889320373535,90.85416412353516,,,,164.11663818359375,7.106854438781738,1.7469853162765503,9.60682201385498
2014-08-26,79.185302734375,,,,,3.9073033332824707,90.945556640625,,,,164.2232208251953,7.118042469024658,1.7529406547546387,9.632816314697266
2014-08-27,79.28638458251953,,,,,3.9076108932495117,90.96382904052734,,,,164.15765380859375,7.112154006958008,1.7531400918960571,9.622573852539062
2014-08-28,79.44526672363281,,,,,3.896245241165161,90.86329650878906,,,,164.06747436523438,7.100968837738037,1.7459931373596191,9.602093696594238
2014-08-29,79.41637420654297,,,,,3.9275777339935303,91.20149230957031,,,,164.53468322753906,7.141000270843506,1.766440510749817,9.680078506469727
2014-09-02,79.17405700683594,,,,,3.9500021934509277,91.46656036376953,,,,164.45274353027344,7.13334846496582,1.781131386756897,9.660385131835938
2014-09-03,79.26081085205078,,,,,3.9036171436309814,90.92728424072266,,,,164.36256408691406,7.128639221191406,1.7505584955215454,9.65487289428711
2014-09-04,79.1595687866211,,,,,3.8931736946105957,90.84502410888672,,,,164.12486267089844,7.103323459625244,1.7450003623962402,9.60051441192627
2014-09-05,79.11617279052734,,,,,3.936793327331543,91.30205535888672,,,,164.86257934570312,7.169847011566162,1.7719987630844116,9.736798286437988
2014-09-08,79.03665161132812,,,,,3.949388265609741,91.47569274902344,,,,164.4363250732422,7.132169723510742,1.7809323072433472,9.661962509155273
2014-09-09,78.92807006835938,,,,,3.884880542755127,90.71704864501953,,,,163.39520263671875,7.043864727020264,1.7376554012298584,9.479989051818848
2014-09-10,78.81959533691406,,,,,3.945086717605591,91.46656036376953,,,,164.01007080078125,7.0950822830200195,1.777954339981079,9.587128639221191
2014-09-11,78.74002075195312,,,,,3.942016124725342,91.39342498779297,,,,164.19866943359375,7.106854438781738,1.7765650749206543,9.608394622802734
2014-09-12,78.5808334350586,,,,,3.9002394676208496,90.92728424072266,,,,163.23948669433594,7.026203632354736,1.7485737800598145,9.445326805114746
2014-09-15,78.56639099121094,,,,,3.8234448432922363,90.04978942871094,,,,163.1165008544922,7.013250827789307,1.6959657669067383,9.42248249053955
2014-09-16,78.56639099121094,,,,,3.8907155990600586,90.83585357666016,,,,164.34617614746094,7.121572494506836,1.7418240308761597,9.636752128601074
2014-09-17,78.47958374023438,,,,,3.9048469066619873,90.97299194335938,,,,164.5674591064453,7.137467861175537,1.750360369682312,9.672201156616211
2014-09-18,78.48685455322266,,,,,3.961367130279541,91.65849304199219,,,,165.44464111328125,7.213411331176758,1.7880789041519165,9.823456764221191
2014-09-19,78.6170654296875,,,,,3.9543023109436035,91.60169982910156,,,,165.2955780029297,7.199872016906738,1.7841092348098755,9.807701110839844
2014-09-22,78.7255630493164,,,,,3.8836510181427,90.74961853027344,,,,164.01901245117188,7.090959548950195,1.735669493675232,9.568215370178223
2014-09-23,78.79791259765625,,,,,3.862149238586426,90.50222778320312,,,,163.08010864257812,7.010895729064941,1.7205822467803955,9.405940055847168
2014-09-24,78.74726104736328,,,,,3.9444732666015625,91.47340393066406,,,,164.3567352294922,7.120561122894287,1.776366949081421,9.62908935546875
2014-09-25,78.8991470336914,,,,,3.7792105674743652,89.54940795898438,,,,161.70472717285156,6.8855671882629395,1.6636062860488892,9.161664009094238
2014-09-26,78.89190673828125,,,,,3.86153507232666,90.50222778320312,,,,162.98948669433594,6.999237060546875,1.7168105840682983,9.385520935058594
2014-09-29,78.97875213623047,,,,,3.8501687049865723,90.38314819335938,,,,162.6930389404297,6.971554279327393,1.7110530138015747,9.327193260192871
2014-09-30,78.92807006835938,,,,,3.8618414402008057,90.51142883300781,,,,162.26475524902344,6.9315056800842285,1.7174062728881836,9.25073528289795
2014-10-01,79.36939239501953,,,,,3.7368202209472656,89.06381225585938,,,,160.0657958984375,6.748925685882568,1.6352185010910034,8.878687858581543
2014-10-02,79.23894500732422,,,,,3.734362840652466,89.06381225585938,,,,160.09043884277344,6.74833869934082,1.6344234943389893,8.8731689453125
2014-10-03,79.2027587890625,,,,,3.809314727783203,89.943359375,,,,161.8529510498047,6.89616584777832,1.6836574077606201,9.167179107666016
2014-10-06,79.27519226074219,,,,,3.792726516723633,89.75096893310547,,,,161.6634979248047,6.87849760055542,1.6721432209014893,9.13328742980957
2014-10-07,79.57955169677734,,,,,3.6855216026306152,88.47745513916016,,,,159.1680145263672,6.6700053215026855,1.6014692783355713,8.716313362121582
2014-10-08,79.80413818359375,,,,,3.832045555114746,90.19991302490234,,,,161.95176696777344,6.899701118469238,1.6939799785614014,9.17427921295166
2014-10-09,79.64474487304688,,,,,3.703336715698242,88.74317932128906,,,,158.73977661132812,6.623477458953857,1.6096092462539673,8.617783546447754
2014-10-10,79.70269012451172,,,,,3.5178022384643555,86.52592468261719,,,,156.92787170410156,6.475648403167725,1.4891060590744019,8.32455825805664
2014-10-13,79.93461608886719,,,,,3.4093685150146484,85.16999053955078,,,,154.3500213623047,6.260087013244629,1.419425368309021,7.913888454437256
2014-10-14,80.11576843261719,,,,,3.4078328609466553,85.17913818359375,,,,154.58885192871094,6.287768840789795,1.4220067262649536,7.954874515533447
2014-10-15,80.26067352294922,,,,,3.366670846939087,84.6294174194336,,,,153.54286193847656,6.18941068649292,1.3916332721710205,7.76096773147583
2014-10-16,80.19552612304688,,,,,3.3221302032470703,84.09803009033203,,,,153.4111328125,6.1793975830078125,1.3699936866760254,7.756239891052246
2014-10-17,80.08679962158203,,,,,3.4109044075012207,85.20661926269531,,,,155.2230224609375,6.330173015594482,1.4235942363739014,8.047887802124023
2014-10-20,80.18097686767578,,,,,3.5116586685180664,86.4801254272461,,,,156.730224609375,6.4532670974731445,1.4849371910095215,8.275690078735352
2014-10-21,80.10852813720703,,,,,3.6953511238098145,88.7523193359375,,,,159.83514404296875,6.708288669586182,1.6010721921920776,8.764391899108887
2014-10-22,80.0650634765625,,,,,3.656032085418701,88.2942123413086,,,,158.6986541748047,6.615231990814209,1.5762577056884766,8.581524848937988
2014-10-23,79.87665557861328,,,,,3.7681524753570557,89.62269592285156,,,,160.54342651367188,6.764828205108643,1.6483207941055298,8.88262939453125
2014-10-24,79.90562438964844,,,,,3.825594425201416,90.3556900024414,,,,161.7788543701172,6.863184452056885,1.6862378120422363,9.07022762298584
2014-10-27,79.93461608886719,,,,,3.8357319831848145,90.4197998046875,,,,161.55650329589844,6.8025221824646,1.6925904750823975,9.03869915008545
2014-10-28,79.81147003173828,,,,,3.9490792751312256,91.78492736816406,,,,163.40953063964844,7.004537105560303,1.7682271003723145,9.33980655670166
2014-10-29,79.63751983642578,,,,,3.9186697006225586,91.44590759277344,,,,163.1624755859375,6.987456321716309,1.7469853162765503,9.315372467041016
2014-10-30,79.7679443359375,,,,,3.9377152919769287,91.63831329345703,,,,164.2084503173828,7.076389312744141,1.7579046487808228,9.495877265930176
2014-10-31,79.7679443359375,,,,,4.04430627822876,92.90267944335938,,,,166.08627319335938,7.234819412231445,1.8303642272949219,9.808802604675293
2014-11-03,79.61695098876953,,,,,4.067650318145752,93.17755889892578,,,,166.17684936523438,7.242478847503662,1.8492234945297241,9.82457160949707
2014-11-04,79.62422943115234,,,,,4.042461395263672,92.86607360839844,,,,165.60031127929688,7.195948123931885,1.8295704126358032,9.729981422424316
2014-11-05,79.65323638916016,,,,,4.040004253387451,92.8752212524414,,,,166.64625549316406,7.286648273468018,1.8293722867965698,9.906547546386719
2014-11-06,79.51532745361328,,,,,4.06703519821167,93.16838073730469,,,,167.3134002685547,7.345545768737793,1.8450547456741333,10.031085968017578
2014-11-07,79.78394317626953,,,,,4.057819843292236,93.0859375,,,,167.46986389160156,7.356735706329346,1.840488314628601,10.057889938354492
2014-11-10,79.59522247314453,,,,,4.088845729827881,93.41577911376953,,,,167.99696350097656,7.40090799331665,1.8593482971191406,10.142230033874512
2014-11-11,79.63148498535156,,,,,4.112191677093506,93.70895385742188,,,,168.1617431640625,7.415042400360107,1.8770170211791992,10.172183990478516
2014-11-12,79.63873291015625,,,,,4.1275506019592285,93.87384033203125,,,,167.9805145263672,7.40208625793457,1.8873398303985596,10.143016815185547
2014-11-13,79.67501831054688,,,,,4.161953926086426,94.27699279785156,,,,168.1699676513672,7.413276195526123,1.9115595817565918,10.172972679138184
2014-11-14,79.74764251708984,,,,,4.186835289001465,94.5701675415039,,,,168.2111053466797,7.419754981994629,1.9292277097702026,10.18400764465332
2014-11-17,79.65323638916016,,,,,4.161032676696777,94.28617858886719,,,,168.31820678710938,7.429177284240723,1.9111626148223877,10.20371150970459
2014-11-18,79.7258529663086,,,,,4.2258477210998535,94.99165344238281,,,,169.29002380371094,7.513988018035889,1.9540430307388306,10.377913475036621
2014-11-19,79.53707885742188,,,,,4.186835289001465,94.56099700927734,,,,169.0182647705078,7.487485885620117,1.9292277097702026,10.325098991394043
2014-11-20,79.68231201171875,,,,,4.224619388580322,94.98248291015625,,,,169.3147430419922,7.516345024108887,1.9548362493515015,10.378702163696289
2014-11-21,79.77664947509766,,,,,4.240285873413086,95.16573333740234,,,,170.22067260742188,7.591731548309326,1.968932032585144,10.553690910339355
2014-11-24,79.80570983886719,,,,,4.307863712310791,95.90782165527344,,,,170.69837951660156,7.6406168937683105,2.013401508331299,10.635666847229004
2014-11-25,79.97991180419922,,,,,4.320765495300293,96.05442810058594,,,,170.57484436035156,7.632960796356201,2.0199520587921143,10.62620735168457
2014-11-26,80.04524230957031,,,,,4.376979351043701,96.6774673461914,,,,171.01132202148438,7.667118072509766,2.061244249343872,10.69714641571045
2014-11-28,80.29203033447266,,,,,4.415989875793457,97.12638092041016,,,,170.64895629882812,7.635313034057617,2.0920157432556152,10.626994132995605
2014-12-01,80.111572265625,,,,,4.315235614776611,96.02692413330078,,,,169.4630126953125,7.52812385559082,2.0147902965545654,10.410229682922363
2014-12-02,79.95149993896484,,,,,4.349639892578125,96.4117431640625,,,,170.558349609375,7.619412422180176,2.036428928375244,10.595464706420898
2014-12-03,79.87870788574219,,,,,4.3671488761901855,96.58580017089844,,,,171.2172393798828,7.682433128356934,2.054891347885132,10.731042861938477
2014-12-04,80.11884307861328,,,,,4.3603925704956055,96.53999328613281,,,,171.02781677246094,7.661229133605957,2.0487380027770996,10.689266204833984
2014-12-05,79.77677917480469,,,,,4.362541675567627,96.5491714477539,,,,171.30784606933594,7.691267490386963,2.0501272678375244,10.736559867858887
2014-12-08,79.97327423095703,,,,,4.297728538513184,95.86200714111328,,,,170.16299438476562,7.5870208740234375,2.00585675239563,10.527677536010742
2014-12-09,80.09698486328125,,,,,4.329366683959961,96.16438293457031,,,,170.04774475097656,7.573474884033203,2.0253124237060547,10.496149063110352
2014-12-10,80.23530578613281,,,,,4.191136837005615,94.65263366699219,,,,167.32168579101562,7.3331780433654785,1.9272428750991821,9.999561309814453
2014-12-11,80.20613098144531,,,,,4.231376647949219,95.1015625,,,,168.1699676513672,7.399731636047363,1.957417607307434,10.137499809265137
2014-12-12,80.46087646484375,,,,,4.139223098754883,94.06624603271484,,,,165.4521026611328,7.167089939117432,1.8927000761032104,9.655885696411133
2014-12-15,80.2425308227539,,,,,4.054749965667725,93.09508514404297,,,,164.31556701660156,7.060487270355225,1.8359233140945435,9.439911842346191
2014-12-16,80.43903350830078,,,,,3.9211268424987793,91.60169982910156,,,,162.99774169921875,6.949174404144287,1.7448019981384277,9.22945499420166
2014-12-17,80.33716583251953,,,,,4.060585021972656,93.26920318603516,,,,166.19332885742188,7.230108737945557,1.8385037183761597,9.788311004638672
2014-12-18,80.1261215209961,,,,,4.261170864105225,95.51387023925781,,,,170.3031005859375,7.585253715515137,1.9732989072799683,10.48590087890625
2014-12-19,80.25712585449219,,,,,4.289741039276123,95.93414306640625,,,,171.02767944335938,7.647092819213867,1.9953347444534302,10.621476173400879
2014-12-22,80.3808364868164,,,,,4.319246768951416,96.1732406616211,,,,171.8144073486328,7.714599609375,2.0137410163879395,10.762799263000488
2014-12-23,80.0096435546875,,,,,4.290969371795654,95.83297729492188,,,,172.0462646484375,7.7399702072143555,1.9944812059402466,10.821974754333496
2014-12-24,80.09656524658203,,,,,4.295887470245361,95.91573333740234,,,,172.06288146972656,7.739382743835449,1.9986509084701538,10.821187973022461
2014-12-26,80.13308715820312,,,,,4.356744289398193,96.59626770019531,,,,172.61776733398438,7.791898727416992,2.039155960083008,10.917454719543457
2014-12-29,80.30107879638672,,,,,4.354899883270264,96.5778579711914,,,,172.8495635986328,7.806056499481201,2.039553165435791,10.956910133361816
2014-12-30,80.38864135742188,,,,,4.293121337890625,95.93414306640625,,,,171.9220428466797,7.726402759552002,1.9974595308303833,10.788837432861328
2014-12-31,80.41055297851562,,,,,4.2027587890625,94.95013427734375,,,,170.21609497070312,7.5712103843688965,1.9349147081375122,10.463740348815918
2015-01-02,80.63691711425781,,,,,4.185240268707275,94.66508483886719,,,,170.12503051757812,7.5611796379089355,1.9190306663513184,10.435335159301758
2015-01-05,80.81220245361328,,,,,4.057687759399414,93.27647399902344,,,,167.05259704589844,7.285616874694824,1.8326594829559326,9.87352466583252
2015-01-06,81.01663970947266,,,,,3.95072865486145,92.02580261230469,,,,165.47915649414062,7.1546196937561035,1.7599886655807495,9.606034278869629
2015-01-07,81.00202941894531,,,,,4.049388885498047,93.21209716796875,,,,167.5411834716797,7.332821369171143,1.8276950120925903,9.96032428741455
2015-01-08,80.87791442871094,,,,,4.204295635223389,94.99612426757812,,,,170.5142364501953,7.590683460235596,1.9319361448287964,10.485837936401367
2015-01-09,81.07506561279297,,,,,4.150202751159668,94.37079620361328,,,,169.14781188964844,7.459688186645508,1.8928217887878418,10.22860336303711
2015-01-12,81.14077758789062,,,,,4.064756870269775,93.38679504394531,,,,167.82276916503906,7.34462308883667,1.8346447944641113,9.9816255569458
2015-01-13,81.16268157958984,,,,,4.058610439300537,93.35922241210938,,,,167.35072326660156,7.306859493255615,1.833055853843689,9.899564743041992
2015-01-14,81.35985565185547,,,,,4.018346786499023,92.84420776367188,,,,166.3404083251953,7.215989112854004,1.8048614263534546,9.725972175598145
2015-01-15,81.73226165771484,,,,,3.9123101234436035,91.63955688476562,,,,164.81663513183594,7.0849928855896,1.733183741569519,9.460055351257324
2015-01-16,81.41825103759766,,,,,4.004515647888184,92.71546936035156,,,,166.97802734375,7.266143321990967,1.7949334383010864,9.81276798248291
2015-01-20,81.55692291259766,,,,,4.066293239593506,93.45116424560547,,,,167.3341522216797,7.299777030944824,1.8346447944641113,9.890881538391113
2015-01-21,81.41097259521484,,,,,4.107480049133301,93.92938232421875,,,,168.1788787841797,7.371766567230225,1.8628393411636353,10.036073684692383
2015-01-22,81.36710357666016,,,,,4.259311199188232,95.6674575805664,,,,170.67987060546875,7.591272830963135,1.9664844274520874,10.488993644714355
2015-01-23,81.57159423828125,,,,,4.2777533531188965,95.87895965576172,,,,169.7440948486328,7.505712509155273,1.9795899391174316,10.305930137634277
2015-01-26,81.53507995605469,,,,,4.269147872924805,95.76861572265625,,,,170.14154052734375,7.54229736328125,1.9752211570739746,10.39194107055664
2015-01-27,81.49128723144531,,,,,4.050310134887695,93.28563690185547,,,,167.8972930908203,7.344033241271973,1.8223341703414917,9.977680206298828
2015-01-28,81.83448791503906,,,,,4.0060529708862305,92.80743408203125,,,,165.74411010742188,7.152851104736328,1.790963053703308,9.57131290435791
2015-01-29,81.76874542236328,,,,,4.079509258270264,93.69947052001953,,,,167.2761993408203,7.289746284484863,1.8427859544754028,9.855374336242676
2015-01-30,82.06087493896484,,,,,4.019882678985596,92.97297668457031,,,,165.17266845703125,7.105644226074219,1.8004937171936035,9.47268009185791
2015-02-02,82.05795288085938,,,,,4.088117599487305,93.78225708007812,,,,167.21824645996094,7.2744059562683105,1.8477495908737183,9.819076538085938
2015-02-03,81.7434310913086,,,,,4.16649055480957,94.68343353271484,,,,169.6364288330078,7.486240386962891,1.8981828689575195,10.248327255249023
2015-02-04,81.86775970458984,,,,,4.156964302062988,94.60070037841797,,,,168.99046325683594,7.429594039916992,1.8932180404663086,10.132339477539062
2015-02-05,81.69953918457031,,,,,4.2298054695129395,95.41915893554688,,,,170.69644165039062,7.586554050445557,1.9434528350830078,10.447962760925293
2015-02-06,81.22416687011719,,,,,4.178478240966797,94.83977508544922,,,,170.224365234375,7.53875732421875,1.9081096649169922,10.355644226074219
2015-02-09,81.20952606201172,,,,,4.151432037353516,94.53628540039062,,,,169.4625244140625,7.47030782699585,1.8870632648468018,10.214399337768555
2015-02-10,81.12176513671875,,,,,4.281135082244873,96.00768280029297,,,,171.26783752441406,7.626088619232178,1.9774060249328613,10.543437957763672
2015-02-11,81.08517456054688,,,,,4.3130998611450195,96.3571548461914,,,,171.36715698242188,7.638480186462402,1.999644160270691,10.560798645019531
2015-02-12,81.0998306274414,,,,,4.411452770233154,97.4791030883789,,,,173.01522827148438,7.783637523651123,2.0695345401763916,10.862220764160156
2015-02-13,81.00475311279297,,,,,4.486753463745117,98.31592559814453,,,,173.72740173339844,7.847365379333496,2.1217546463012695,11.00267219543457
2015-02-17,80.67562866210938,,,,,4.495668411254883,98.40788269042969,,,,174.000732421875,7.87746000289917,2.1275131702423096,11.059481620788574
2015-02-18,80.90239715576172,,,,,4.508884429931641,98.54583740234375,,,,174.0172576904297,7.875689506530762,2.1366469860076904,11.048437118530273
2015-02-19,80.8365478515625,,,,,4.5528364181518555,99.03324127197266,,,,173.89308166503906,7.866839408874512,2.1688122749328613,11.027134895324707
2015-02-20,80.85115814208984,,,,,4.613384246826172,99.69536590576172,,,,174.93650817871094,7.957121849060059,2.2105085849761963,11.227555274963379
2015-02-23,80.99742889404297,,,,,4.624142169952393,99.7965087890625,,,,174.9116668701172,7.954756259918213,2.219245433807373,11.219664573669434
2015-02-24,81.35578918457031,,,,,4.629981994628906,99.87008666992188,,,,175.4085693359375,8.001373291015625,2.223811626434326,11.314350128173828
2015-02-25,81.41435241699219,,,,,4.606007099151611,99.62178039550781,,,,175.259521484375,7.982488632202148,2.205941915512085,11.277263641357422
2015-02-26,81.12176513671875,,,,,4.652724742889404,100.12755584716797,,,,175.05242919921875,7.965378761291504,2.2394983768463135,11.240179061889648
2015-02-27,81.32659912109375,,,,,4.612155437469482,99.6861572265625,,,,174.4561309814453,7.915811061859131,2.209913492202759,11.128921508789062
2015-03-02,80.91341400146484,,,,,4.695138931274414,100.58737182617188,,,,175.55758666992188,8.011404991149902,2.269479513168335,11.337236404418945
2015-03-03,80.8108139038086,,,,,4.649036407470703,100.11835479736328,,,,174.83712768554688,7.943544864654541,2.2369158267974854,11.196784019470215
2015-03-04,80.85481262207031,,,,,4.615536212921143,99.73213958740234,,,,174.1000518798828,7.879817008972168,2.212097406387329,11.049224853515625
2015-03-05,80.89141082763672,,,,,4.629673957824707,99.90685272216797,,,,174.29054260253906,7.893979072570801,2.2218263149261475,11.087891578674316
2015-03-06,80.36398315429688,,,,,4.522713661193848,98.77574157714844,,,,171.83926391601562,7.67329216003418,2.14538311958313,10.612085342407227
2015-03-09,80.56906127929688,,,,,4.547918319702148,99.06080627441406,,,,172.5514678955078,7.736432075500488,2.166032075881958,10.751749992370605
2015-03-10,80.7595443725586,,,,,4.3847126960754395,97.22161102294922,,,,169.7523193359375,7.48328971862793,2.0461061000823975,10.226237297058105
2015-03-11,80.92068481445312,,,,,4.331540584564209,96.6606216430664,,,,169.35484313964844,7.450835704803467,2.010167360305786,10.151275634765625
2015-03-12,80.98664855957031,,,,,4.390244483947754,97.29515075683594,,,,171.5080108642578,7.637299060821533,2.0486862659454346,10.538704872131348
2015-03-13,80.83279418945312,,,,,4.349674224853516,96.87213134765625,,,,170.45628356933594,7.547609329223633,2.0222790241241455,10.344595909118652
2015-03-16,81.0086441040039,,,,,4.464317321777344,98.12281799316406,,,,172.73362731933594,7.747052192687988,2.0997154712677,10.766742706298828
2015-03-17,80.99393463134766,,,,,4.4753828048706055,98.27914428710938,,,,172.22012329101562,7.696897506713867,2.1114296913146973,10.663375854492188
2015-03-18,81.58736419677734,,,,,4.564822196960449,99.24471282958984,,,,174.29054260253906,7.880409240722656,2.1721878051757812,11.038180351257324
2015-03-19,81.3016586303711,,,,,4.577116012573242,99.3918685913086,,,,173.4955291748047,7.807240962982178,2.182711124420166,10.890626907348633
2015-03-20,81.55074310302734,,,,,4.6401238441467285,100.03527069091797,,,,175.02696228027344,7.945316791534424,2.2279813289642334,11.178634643554688
2015-03-23,81.5654067993164,,,,,4.617072582244873,99.8416976928711,,,,174.6858673095703,7.919943332672119,2.209317445755005,11.11866569519043
2015-03-24,81.78514862060547,,,,,4.584184169769287,99.48223114013672,,,,173.70433044433594,7.823759078979492,2.186880588531494,10.922975540161133
2015-03-25,81.63131713867188,,,,,4.373814105987549,97.20556640625,,,,171.158935546875,7.600063323974609,2.034395456314087,10.44213581085205
2015-03-26,81.33826446533203,,,,,4.344598293304443,96.87370300292969,,,,170.7513427734375,7.565185070037842,2.0177154541015625,10.373422622680664
2015-03-27,81.4554672241211,,,,,4.3799662590026855,97.26081848144531,,,,171.1422882080078,7.595333576202393,2.0371758937835693,10.436610221862793
2015-03-30,81.4920883178711,,,,,4.4866719245910645,98.37613677978516,,,,173.2301788330078,7.7821431159973145,2.110450029373169,10.822037696838379
2015-03-31,81.63131713867188,,,,,4.3836541175842285,97.3345947265625,,,,171.71621704101562,7.643810272216797,2.0451180934906006,10.540865898132324
2015-04-01,81.89630889892578,,,,,4.338449954986572,96.82762908935547,,,,171.10902404785156,7.593562126159668,2.010566473007202,10.430290222167969
2015-04-02,81.78614807128906,,,,,4.342755317687988,96.89213562011719,,,,171.72454833984375,7.638489246368408,2.013942241668701,10.524279594421387
2015-04-06,81.83753204345703,,,,,4.414096832275391,97.6848373413086,,,,172.88076782226562,7.744899749755859,2.062394618988037,10.748587608337402
2015-04-07,81.85227966308594,,,,,4.398721694946289,97.51892852783203,,,,172.42327880859375,7.708250999450684,2.0528628826141357,10.658549308776855
2015-04-08,81.85958862304688,,,,,4.468529224395752,98.2931900024414,,,,173.0055694580078,7.754950523376465,2.1017117500305176,10.771490097045898
2015-04-09,81.6540756225586,,,,,4.5244975090026855,98.91071319580078,,,,173.7708740234375,7.825300216674805,2.140831232070923,10.91760540008545
2015-04-10,81.6540756225586,,,,,4.560784339904785,99.31629180908203,,,,174.71920776367188,7.906290531158447,2.166447401046753,11.088207244873047
2015-04-13,81.74214172363281,,,,,4.537413597106934,99.06744384765625,,,,173.92892456054688,7.838304042816162,2.1503632068634033,10.943673133850098
2015-04-14,81.83021545410156,,,,,4.512196063995361,98.78170013427734,,,,174.26165771484375,7.866087913513184,2.1318955421447754,11.002117156982422
2015-04-15,81.94032287597656,,,,,4.565089225769043,99.39925384521484,,,,175.04356384277344,7.935847282409668,2.1696243286132812,11.147441864013672
2015-04-16,81.89630889892578,,,,,4.554019451141357,99.2610092163086,,,,174.99365234375,7.930525779724121,2.1620781421661377,11.137177467346191
2015-04-17,81.96236419677734,,,,,4.413790225982666,97.71249389648438,,,,172.98060607910156,7.748446941375732,2.061004161834717,10.752533912658691
2015-04-20,81.90361022949219,,,,,4.545101165771484,99.17804718017578,,,,174.56114196777344,7.890328407287598,2.1531424522399902,11.044763565063477
2015-04-21,81.8155517578125,,,,,4.582617282867432,99.60202026367188,,,,174.35317993164062,7.870820045471191,2.1807446479797363,11.007645606994629
2015-04-22,81.57337188720703,,,,,4.632127285003662,100.14586639404297,,,,175.20997619628906,7.94707727432251,2.216090440750122,11.167977333068848
2015-04-23,81.69811248779297,,,,,4.669337272644043,100.52379608154297,,,,175.65090942382812,7.986687660217285,2.2427000999450684,11.25248908996582
2015-04-24,81.83753204345703,,,,,4.792960166931152,101.88793182373047,,,,176.05844116210938,8.022748947143555,2.330470323562622,11.333048820495605
2015-04-27,81.8669204711914,,,,,4.771125316619873,101.62984466552734,,,,175.326416015625,7.955358028411865,2.3155767917633057,11.183773040771484
2015-04-28,81.55133056640625,,,,,4.748676300048828,101.42705535888672,,,,175.8837127685547,8.006787300109863,2.300485610961914,11.28645133972168
2015-04-29,81.36781311035156,,,,,4.691786766052246,100.79105377197266,,,,175.16006469726562,7.9388041496276855,2.2565999031066895,11.149022102355957
2015-04-30,81.36781311035156,,,,,4.540794849395752,99.2057113647461,,,,173.40487670898438,7.78450870513916,2.1505606174468994,10.814138412475586
2015-05-01,81.13691711425781,,,,,4.664416790008545,100.51457214355469,,,,175.28480529785156,7.948261260986328,2.237537145614624,11.160079002380371
2015-05-04,80.98255920410156,,,,,4.677025318145752,100.68048095703125,,,,175.78392028808594,7.999104022979736,2.2454795837402344,11.268282890319824
2015-05-05,80.90896606445312,,,,,4.528494358062744,99.03974914550781,,,,173.7708740234375,7.812887668609619,2.1390442848205566,10.867060661315918
2015-05-06,80.63690948486328,,,,,4.46791410446167,98.3576889038086,,,,173.05545043945312,7.7460808753967285,2.093372344970703,10.736738204956055
2015-05-07,80.83541870117188,,,,,4.5165019035339355,98.9476089477539,,,,173.74595642089844,7.806971073150635,2.1293134689331055,10.867060661315918
2015-05-08,81.10011291503906,,,,,4.627514839172363,100.1827392578125,,,,176.03350830078125,8.015066146850586,2.2073535919189453,11.289608001708984
2015-05-11,80.58540344238281,,,,,4.5899977684021,99.79560852050781,,,,175.1933135986328,7.93466329574585,2.1831281185150146,11.134013175964355
2015-05-12,80.57807922363281,,,,,4.551558494567871,99.34393310546875,,,,174.66925048828125,7.887370586395264,2.1549296379089355,11.027389526367188
2015-05-13,80.57072448730469,,,,,4.569086074829102,99.54672241210938,,,,174.7025146484375,7.89210319519043,2.166050434112549,11.04002857208252
2015-05-14,80.69576263427734,,,,,4.701318740844727,101.00306701660156,,,,176.52427673339844,8.054670333862305,2.2619619369506836,11.385967254638672
2015-05-15,81.0339584350586,,,,,4.703471660614014,101.00306701660156,,,,176.71556091308594,8.072406768798828,2.261763095855713,11.419928550720215
2015-05-18,80.72509765625,,,,,4.743756294250488,101.44548797607422,,,,177.26461791992188,8.120292663574219,2.2895631790161133,11.525765419006348
2015-05-19,80.44567108154297,,,,,4.731148719787598,101.33489990234375,,,,177.2063446044922,8.113789558410645,2.283010721206665,11.509967803955078
2015-05-20,80.57072448730469,,,,,4.736374855041504,101.3993911743164,,,,177.08163452148438,8.102560043334961,2.286783456802368,11.48864459991455
2015-05-21,80.82071685791016,,,,,4.787423133850098,101.9247817993164,,,,177.59735107421875,8.152213096618652,2.322725296020508,11.586581230163574
2015-05-22,80.73246765136719,,,,,4.781272888183594,101.82341003417969,,,,177.17312622070312,8.114381790161133,2.3163704872131348,11.50601863861084
2015-05-26,80.9310302734375,,,,,4.666875839233398,100.65279388427734,,,,175.2681884765625,7.941760540008545,2.236147165298462,11.14112377166748
2015-05-27,81.01193237304688,,,,,4.816945552825928,102.27503967285156,,,,176.9318389892578,8.08245849609375,2.34377384185791,11.439675331115723
2015-05-28,80.98255920410156,,,,,4.79603385925293,102.04463195800781,,,,176.73220825195312,8.068269729614258,2.326497793197632,11.409660339355469
2015-05-29,81.01193237304688,,,,,4.7419114112854,101.4363021850586,,,,175.6342315673828,7.964223384857178,2.287180185317993,11.185355186462402
2015-06-01,80.7879638671875,,,,,4.7683563232421875,101.7773208618164,,,,175.99191284179688,7.997325420379639,2.307236909866333,11.258015632629395
2015-06-02,80.47113800048828,,,,,4.739449977874756,101.45470428466797,,,,175.81719970703125,7.985506534576416,2.2861876487731934,11.22642707824707
2015-06-03,80.15435791015625,,,,,4.767127513885498,101.75888061523438,,,,176.28306579589844,8.030436515808105,2.306243658065796,11.313302993774414
2015-06-04,80.32380676269531,,,,,4.698243141174316,100.98461151123047,,,,174.79400634765625,7.901559352874756,2.2560043334960938,11.051084518432617
2015-06-05,79.97021484375,,,,,4.673642158508301,100.7449722290039,,,,174.49462890625,7.866087913513184,2.2389261722564697,10.980003356933594
2015-06-08,80.08809661865234,,,,,4.57954216003418,99.72187042236328,,,,173.42149353027344,7.764409065246582,2.1704185009002686,10.774650573730469
2015-06-09,79.85966491699219,,,,,4.56478214263916,99.55595397949219,,,,173.3965301513672,7.764409065246582,2.159695625305176,10.75727653503418
2015-06-10,79.66079711914062,,,,,4.68286657333374,100.92011260986328,,,,175.47610473632812,7.9453043937683105,2.2452807426452637,11.153759956359863
2015-06-11,80.08809661865234,,,,,4.699474334716797,101.06758117675781,,,,176.0418243408203,7.994964599609375,2.2575933933258057,11.254857063293457
2015-06-12,79.9923095703125,,,,,4.622594356536865,100.23802947998047,,,,174.6941680908203,7.879095077514648,2.200204849243164,10.989480018615723
2015-06-15,80.08809661865234,,,,,4.578927516937256,99.74028015136719,,,,173.94558715820312,7.8046064376831055,2.169822931289673,10.844156265258789
2015-06-16,80.22064971923828,,,,,4.625054359436035,100.28413391113281,,,,174.89385986328125,7.890918731689453,2.202984571456909,11.03528881072998
2015-06-17,80.22803497314453,,,,,4.650886058807373,100.56063079833984,,,,175.1766815185547,7.91693115234375,2.221451997756958,11.088994979858398
2015-06-18,80.20597076416016,,,,,4.783117771148682,102.02618408203125,,,,176.99842834472656,8.075364112854004,2.315378189086914,11.415976524353027
2015-06-19,80.4563980102539,,,,,4.737605094909668,101.52178955078125,,,,176.21267700195312,7.983141899108887,2.2800309658050537,11.218526840209961
2015-06-22,80.05860137939453,,,,,4.807719707489014,102.27007293701172,,,,177.11544799804688,8.095463752746582,2.3350369930267334,11.447571754455566
2015-06-23,79.87445831298828,,,,,4.8163299560546875,102.35325622558594,,,,177.2408447265625,8.102560043334961,2.340794801712036,11.472845077514648
2015-06-24,79.99967193603516,,,,,4.768973350524902,101.82664489746094,,,,175.9535675048828,7.98395299911499,2.3048534393310547,11.220843315124512
2015-06-25,79.91128540039062,,,,,4.7462158203125,101.6233901977539,,,,175.41856384277344,7.933053493499756,2.2897627353668213,11.110246658325195
2015-06-26,79.71966552734375,,,,,4.688403606414795,100.9489517211914,,,,175.3851776123047,7.934237003326416,2.2472667694091797,11.111825942993164
2015-06-29,80.19119262695312,,,,,4.468837261199951,98.56544494628906,,,,171.707275390625,7.611093044281006,2.0884077548980713,10.418225288391113
2015-06-30,80.13963317871094,,,,,4.498971462249756,98.91650390625,,,,172.0667266845703,7.638316631317139,2.112236499786377,10.490903854370117
2015-07-01,79.93739318847656,,,,,4.567241191864014,99.7017593383789,,,,173.44590759277344,7.751950263977051,2.1555256843566895,10.724739074707031
2015-07-02,80.0481185913086,,,,,4.570932388305664,99.72949981689453,,,,173.28707885742188,7.7401123046875,2.1636672019958496,10.691556930541992
2015-07-06,80.33602142333984,,,,,4.5494065284729,99.49855041503906,,,,172.79396057128906,7.6939496994018555,2.145397901535034,10.604660987854004
2015-07-07,80.44676208496094,,,,,4.567241191864014,99.74796295166016,,,,173.88055419921875,7.782726287841797,2.156320333480835,10.794257164001465
2015-07-08,80.638671875,,,,,4.410407066345215,98.01112365722656,,,,170.96334838867188,7.529417037963867,2.048295021057129,10.26022720336914
2015-07-09,80.34339141845703,,,,,4.4042582511901855,97.9557113647461,,,,171.2725830078125,7.551907539367676,2.0423378944396973,10.310787200927734
2015-07-10,80.0038070678711,,,,,4.5420241355896,99.45235443115234,,,,173.4291534423828,7.74484920501709,2.137256622314453,10.702616691589355
2015-07-13,79.88573455810547,,,,,4.696398735046387,101.19842529296875,,,,175.3433837890625,7.915297508239746,2.2464725971221924,11.051786422729492
2015-07-14,80.01860046386719,,,,,4.759132385253906,101.86360168457031,,,,176.10403442382812,7.987503528594971,2.2915492057800293,11.206620216369629
2015-07-15,80.232666015625,,,,,4.770201683044434,101.97444915771484,,,,176.04551696777344,7.980398654937744,2.302471160888672,11.186083793640137
2015-07-16,80.29908752441406,,,,,4.903049945831299,103.41565704345703,,,,177.4581756591797,8.1011381149292,2.3924248218536377,11.440455436706543
2015-07-17,80.30647277832031,,,,,5.045738220214844,104.94001007080078,,,,177.60862731933594,8.117708206176758,2.5018393993377686,11.476797103881836
2015-07-20,80.16620635986328,,,,,5.084484100341797,105.30030822753906,,,,177.70057678222656,8.127179145812988,2.529838800430298,11.500495910644531
2015-07-21,80.29908752441406,,,,,5.074643611907959,105.23562622070312,,,,176.99842834472656,8.059711456298828,2.522887945175171,11.355137825012207
2015-07-22,80.33602142333984,,,,,4.964553356170654,104.04388427734375,,,,176.6807403564453,8.025381088256836,2.440082550048828,11.287201881408691
2015-07-23,80.56475830078125,,,,,4.922730922698975,103.65585327148438,,,,175.68609619140625,7.943708419799805,2.4108924865722656,11.1007661819458
2015-07-24,80.550048828125,,,,,4.829245567321777,102.63961029052734,,,,173.86380004882812,7.774439334869385,2.3423843383789062,10.76423454284668
2015-07-27,80.65340423583984,,,,,4.7462158203125,101.78968048095703,,,,172.8524627685547,7.684478759765625,2.2822163105010986,10.571476936340332
2015-07-28,80.57220458984375,,,,,4.8280158042907715,102.66730499267578,,,,174.9755859375,7.869137287139893,2.3423843383789062,10.956991195678711
2015-07-29,80.50574493408203,,,,,4.867992877960205,103.05534362792969,,,,176.1792449951172,7.979215621948242,2.368596076965332,11.182926177978516
2015-07-30,80.51316833496094,,,,,4.911661148071289,103.54499053955078,,,,176.22105407714844,7.98395299911499,2.4015588760375977,11.184502601623535
2015-07-31,80.8305892944336,,,,,4.899975299835205,103.42487335205078,,,,175.9535675048828,7.960275650024414,2.394212245941162,11.138684272766113
2015-08-03,80.91414642333984,,,,,4.872912883758545,103.1015625,,,,175.3600616455078,7.903459072113037,2.3721704483032227,11.017027854919434
2015-08-04,80.67747497558594,,,,,4.850156307220459,102.90753936767578,,,,175.017333984375,7.870317459106445,2.356879949569702,10.956991195678711
2015-08-05,80.52957916259766,,,,,4.9239606857299805,103.70205688476562,,,,175.59413146972656,7.92950439453125,2.412083625793457,11.064424514770508
2015-08-06,80.625732421875,,,,,4.770201683044434,102.03912353515625,,,,174.1564483642578,7.808767795562744,2.2963151931762695,10.82269287109375
2015-08-07,80.76622772216797,,,,,4.75421142578125,101.90975952148438,,,,173.82203674316406,7.769706726074219,2.287180185317993,10.729475975036621
2015-08-10,80.66266632080078,,,,,4.861842155456543,103.07382202148438,,,,176.0120849609375,7.961460113525391,2.3644254207611084,11.130785942077637
2015-08-11,80.92899322509766,,,,,4.740065574645996,101.75272369384766,,,,174.4238739013672,7.813499450683594,2.27427339553833,10.832178115844727
2015-08-12,80.87711334228516,,,,,4.7683563232421875,102.10379028320312,,,,174.63287353515625,7.831256866455078,2.2943294048309326,10.86219310760498
2015-08-13,80.70706176757812,,,,,4.75113582611084,101.93749237060547,,,,174.41549682617188,7.815867900848389,2.284003257751465,10.830595970153809
2015-08-14,80.67008209228516,,,,,4.766512393951416,102.09455108642578,,,,175.05078125,7.870317459106445,2.2963151931762695,10.94434928894043
2015-08-17,80.81061553955078,,,,,4.845851421356201,102.94449615478516,,,,176.0287628173828,7.960275650024414,2.3527095317840576,11.129202842712402
2015-08-18,80.66266632080078,,,,,4.799108505249023,102.41791534423828,,,,175.51893615722656,7.91174840927124,2.3151795864105225,11.03282642364502
2015-08-19,80.91414642333984,,,,,4.734531879425049,101.74349212646484,,,,174.13134765625,7.7862749099731445,2.2716920375823975,10.776877403259277
2015-08-20,81.03985595703125,,,,,4.474987030029297,98.92574310302734,,,,170.49520874023438,7.463130950927734,2.0846338272094727,10.09591293334961
2015-08-21,81.18045806884766,,,,,4.09120512008667,94.6021499633789,,,,165.36289978027344,6.997942924499512,1.8252962827682495,9.149519920349121
2015-08-24,81.15086364746094,,,,,3.7830727100372314,90.962158203125,,,,158.39999389648438,6.419121742248535,1.609048843383789,8.09569263458252
2015-08-25,80.9585189819336,,,,,3.73879075050354,90.62035369873047,,,,156.53598022460938,6.265240669250488,1.5878010988235474,7.716501712799072
2015-08-26,80.581298828125,,,,,4.113345623016357,95.18413543701172,,,,162.54595947265625,6.750553131103516,1.8169560432434082,8.626556396484375
2015-08-27,80.69224548339844,,,,,4.3199968338012695,97.59540557861328,,,,166.5665740966797,7.078434467315674,1.9589364528656006,9.271178245544434
2015-08-28,80.61832427978516,,,,,4.324918746948242,97.57691955566406,,,,166.5749053955078,7.0772504806518555,1.9573488235473633,9.272758483886719
2015-08-31,80.55915069580078,,,,,4.213597297668457,96.36669921875,,,,165.22915649414062,6.967165946960449,1.8846704959869385,9.03734302520752
2015-09-01,80.7977523803711,,,,,3.9589731693267822,93.35491943359375,,,,160.29742431640625,6.544593334197998,1.7136975526809692,8.23472785949707
2015-09-02,80.69403839111328,,,,,4.173619270324707,95.9879150390625,,,,163.34005737304688,6.797900676727295,1.8530974388122559,8.692916870117188
2015-09-03,80.81257629394531,,,,,4.12810754776001,95.51675415039062,,,,163.45712280273438,6.8085527420043945,1.8225159645080566,8.707131385803223
2015-09-04,80.98306274414062,,,,,4.031545639038086,94.38040161132812,,,,160.9828643798828,6.602592468261719,1.7615538835525513,8.320045471191406
2015-09-08,80.79039001464844,,,,,4.25787878036499,97.0411148071289,,,,165.02854919433594,6.939943790435791,1.9110805988311768,8.947287559509277
2015-09-09,80.82001495361328,,,,,4.164393901824951,95.95097351074219,,,,162.82180786132812,6.747001647949219,1.8445578813552856,8.58389663696289
2015-09-10,80.73107147216797,,,,,4.251113414764404,96.99491119384766,,,,163.70785522460938,6.819207668304443,1.9035342931747437,8.722932815551758
2015-09-11,80.827392578125,,,,,4.299088001251221,97.53074645996094,,,,164.4518280029297,6.879575729370117,1.9343136548995972,8.846172332763672
2015-09-14,80.84967041015625,,,,,4.272639274597168,97.2350845336914,,,,163.84156799316406,6.829859256744385,1.9170377254486084,8.737150192260742
2015-09-15,80.48654174804688,,,,,4.3716607093811035,98.38065338134766,,,,165.88949584960938,7.000309467315674,1.9839571714401245,9.081586837768555
2015-09-16,80.41976928710938,,,,,4.422708034515381,98.9349365234375,,,,167.32717895507812,7.125781059265137,2.0171196460723877,9.302778244018555
2015-09-17,80.92377471923828,,,,,4.427013397216797,98.97195434570312,,,,166.951171875,7.090270519256592,2.022679328918457,9.255378723144531
2015-09-18,80.99044036865234,,,,,4.304006099700928,97.56427001953125,,,,164.2228240966797,6.860636234283447,1.93709397315979,8.792448997497559
2015-09-21,80.77557373046875,,,,,4.3292236328125,97.86988067626953,,,,165.07147216796875,6.925738334655762,1.9535751342773438,8.928328514099121
2015-09-22,80.96827697753906,,,,,4.200681686401367,96.40664672851562,,,,162.9288787841797,6.751736164093018,1.8673944473266602,8.585477828979492
2015-09-23,80.90154266357422,,,,,4.203140735626221,96.48075103759766,,,,162.66842651367188,6.722144603729248,1.870373010635376,8.530179023742676
2015-09-24,81.00527954101562,,,,,4.177309036254883,96.12881469726562,,,,162.08026123046875,6.684267044067383,1.8487275838851929,8.45591926574707
2015-09-25,80.8644790649414,,,,,4.103505611419678,95.31385040283203,,,,162.03831481933594,6.674796104431152,1.8038502931594849,8.43380069732666
2015-09-28,81.05722045898438,,,,,3.86979341506958,92.60037994384766,,,,157.97152709960938,6.337447643280029,1.6483664512634277,7.795497894287109
2015-09-29,81.18314361572266,,,,,3.8316609859466553,92.11884307861328,,,,158.06393432617188,6.345732688903809,1.6239417791366577,7.81287956237793
2015-09-30,81.21277618408203,,,,,4.000794887542725,94.2396011352539,,,,161.01316833496094,6.58128547668457,1.7313703298568726,8.256848335266113
2015-10-01,81.27594757080078,,,,,4.037696838378906,94.66561889648438,,,,161.43328857421875,6.6191630363464355,1.7555968761444092,8.323205947875977
2015-10-02,81.52095031738281,,,,,4.179155349731445,96.32328796386719,,,,163.8447265625,6.8156561851501465,1.8467425107955933,8.670794486999512
2015-10-05,81.21656036376953,,,,,4.302777290344238,97.70318603515625,,,,166.76039123535156,7.055944919586182,1.9309372901916504,9.147939682006836
2015-10-06,81.4170150756836,,,,,4.2621846199035645,97.24011993408203,,,,166.18899536132812,7.007411479949951,1.9033360481262207,9.053146362304688
2015-10-07,81.3575668334961,,,,,4.310157775878906,97.8235855102539,,,,167.55014038085938,7.122228622436523,1.9339160919189453,9.286979675292969
2015-10-08,81.24622344970703,,,,,4.344598293304443,98.21250915527344,,,,169.06259155273438,7.251250743865967,1.9575470685958862,9.52713394165039
2015-10-09,81.17945098876953,,,,,4.380886077880859,98.65708923339844,,,,169.16343688964844,7.258354187011719,1.9813759326934814,9.544511795043945
2015-10-12,81.38729095458984,,,,,4.406101226806641,98.89785766601562,,,,169.32310485839844,7.271373271942139,1.998056173324585,9.585589408874512
2015-10-13,81.39472198486328,,,,,4.345215320587158,98.25884246826172,,,,168.2559814453125,7.182597637176514,1.9589364528656006,9.394413948059082
2015-10-14,81.69918823242188,,,,,4.335374355316162,98.1014404296875,,,,167.4493408203125,7.106842517852783,1.950596570968628,9.250638008117676
2015-10-15,81.58781433105469,,,,,4.477447509765625,99.71281433105469,,,,170.02049255371094,7.32937479019165,2.0459117889404297,9.672484397888184
2015-10-16,81.50606536865234,,,,,4.516809463500977,100.12954711914062,,,,170.79348754882812,7.388558387756348,2.0713303089141846,9.803624153137207
2015-10-19,81.58781433105469,,,,,4.567855358123779,100.7037124633789,,,,170.87744140625,7.396842956542969,2.1084635257720947,9.824163436889648
2015-10-20,81.42442321777344,,,,,4.520498275756836,100.18512725830078,,,,170.65904235839844,7.38027286529541,2.073514699935913,9.781503677368164
2015-10-21,81.61748504638672,,,,,4.4633002281188965,99.57389068603516,,,,169.60035705566406,7.295048236846924,2.040154457092285,9.610869407653809
2015-10-22,81.63237762451172,,,,,4.645966529846191,101.6020736694336,,,,172.46548461914062,7.531785488128662,2.161085844039917,10.086434364318848
2015-10-23,81.49125671386719,,,,,4.905510902404785,104.44517517089844,,,,174.35604858398438,7.705784797668457,2.340794801712036,10.421385765075684
2015-10-26,81.5284194946289,,,,,4.9128899574279785,104.50999450683594,,,,173.92752075195312,7.667909145355225,2.347745895385742,10.355029106140137
2015-10-27,81.64716339111328,,,,,4.9294962882995605,104.72303771972656,,,,173.59141540527344,7.633582592010498,2.3630361557006836,10.279191017150879
2015-10-28,81.40215301513672,,,,,5.012526035308838,105.59353637695312,,,,175.5659637451172,7.807583332061768,2.4178428649902344,10.63468074798584
2015-10-29,81.05321502685547,,,,,4.997150421142578,105.42684936523438,,,,175.4650421142578,7.801666736602783,2.408906936645508,10.633099555969238
2015-10-30,81.26850891113281,,,,,4.953484058380127,104.95454406738281,,,,174.70884704589844,7.729461193084717,2.375943183898926,10.468783378601074
2015-11-02,81.10855102539062,,,,,5.066648483276367,106.13994598388672,,,,176.77586364746094,7.909379959106445,2.4569613933563232,10.843232154846191
2015-11-03,80.95976257324219,,,,,5.100474834442139,106.51038360595703,,,,177.2884521484375,7.956728935241699,2.480394124984741,10.93645191192627
2015-11-04,80.95976257324219,,,,,5.101705551147461,106.5196304321289,,,,176.75071716308594,7.91174840927124,2.481386184692383,10.857454299926758
2015-11-05,80.92254638671875,,,,,5.067263126373291,106.23251342773438,,,,176.57423400878906,7.893992900848389,2.459543228149414,10.813213348388672
2015-11-06,80.53571319580078,,,,,5.079565525054932,106.30659484863281,,,,176.48178100585938,7.888072967529297,2.467684745788574,10.791092872619629
2015-11-09,80.483642578125,,,,,4.971933364868164,105.1767807006836,,,,174.8349151611328,7.741298198699951,2.388254404067993,10.494062423706055
2015-11-10,80.63240814208984,,,,,4.94179630279541,104.90823364257812,,,,175.23822021484375,7.767337799072266,2.3713762760162354,10.549360275268555
2015-11-11,80.5282211303711,,,,,4.931957244873047,104.77854919433594,,,,174.54925537109375,7.712888717651367,2.360851526260376,10.435606002807617
2015-11-12,80.60265350341797,,,,,4.834780216217041,103.7598648071289,,,,172.1126708984375,7.498640537261963,2.2923431396484375,10.004278182983398
2015-11-13,80.7588882446289,,,,,4.646581172943115,101.72245788574219,,,,170.1800994873047,7.328190326690674,2.1575112342834473,9.666166305541992
2015-11-16,80.82583618164062,,,,,4.778812885284424,103.1856689453125,,,,172.76795959472656,7.549540996551514,2.2474660873413086,10.103816032409668
2015-11-17,80.88540649414062,,,,,4.784963607788086,103.25054168701172,,,,172.64195251464844,7.5329694747924805,2.2552103996276855,10.06905746459961
2015-11-18,80.82583618164062,,,,,4.96578311920166,105.23234558105469,,,,175.38111877441406,7.7791748046875,2.3844821453094482,10.552521705627441
2015-11-19,80.863037109375,,,,,4.974392890930176,105.30644989013672,,,,175.2298126220703,7.7649688720703125,2.388056755065918,10.536720275878906
2015-11-20,80.81098937988281,,,,,5.040202617645264,106.01954650878906,,,,175.868408203125,7.821789741516113,2.4355154037475586,10.652059555053711
2015-11-23,80.833251953125,,,,,5.013140678405762,105.71392059326172,,,,175.66676330566406,7.8052167892456055,2.415856122970581,10.606242179870605
2015-11-24,80.90768432617188,,,,,5.006990909576416,105.6213150024414,,,,175.90199279785156,7.822969913482666,2.408311367034912,10.656800270080566
2015-11-25,80.94488525390625,,,,,5.011909484863281,105.71392059326172,,,,175.87681579589844,7.824155330657959,2.413673162460327,10.644160270690918
2015-11-27,80.92254638671875,,,,,5.027901649475098,105.8620834350586,,,,176.07846069335938,7.8371734619140625,2.4224090576171875,10.674177169799805
2015-11-30,80.95233917236328,,,,,5.000840663909912,105.59353637695312,,,,175.34747314453125,7.7756242752075195,2.4071204662323,10.554100036621094
2015-12-01,81.2359848022461,,,,,5.101091384887695,106.64927673339844,,,,177.01956176757812,7.922399520874023,2.4786062240600586,10.852713584899902
2015-12-02,81.1389389038086,,,,,5.0408172607421875,105.99178314208984,,,,175.21310424804688,7.759052753448486,2.4335296154022217,10.508284568786621
2015-12-03,80.54176330566406,,,,,4.8673787117004395,104.19513702392578,,,,172.7595977783203,7.537703514099121,2.3094210624694824,10.070635795593262
2015-12-04,80.80302429199219,,,,,5.091864585876465,106.63076782226562,,,,176.12890625,7.8324408531188965,2.4680817127227783,10.659957885742188
2015-12-07,80.92243957519531,,,,,5.048198223114014,106.14918518066406,,,,175.06187438964844,7.736563682556152,2.4378979206085205,10.465624809265137
2015-12-08,80.95232391357422,,,,,5.050043106079102,106.15845489501953,,,,173.88551330566406,7.634766101837158,2.4380974769592285,10.253911018371582
2015-12-09,80.95232391357422,,,,,4.895668983459473,104.54704284667969,,,,172.53269958496094,7.5140299797058105,2.324512481689453,10.020078659057617
2015-12-10,80.93736267089844,,,,,4.938106536865234,105.01936340332031,,,,172.97805786132812,7.553091049194336,2.3574750423431396,10.078536987304688
2015-12-11,81.1389389038086,,,,,4.713005065917969,102.60223388671875,,,,169.62551879882812,7.252434730529785,2.195836067199707,9.48763370513916
2015-12-14,80.75823211669922,,,,,4.786194324493408,103.38017272949219,,,,170.48255920410156,7.334108352661133,2.2450826168060303,9.651946067810059
2015-12-15,80.76570129394531,,,,,4.841546535491943,104.0099105834961,,,,172.27223205566406,7.490355014801025,2.2832090854644775,9.948980331420898
2015-12-16,80.62381744384766,,,,,4.977468967437744,105.5564956665039,,,,174.79295349121094,7.703420639038086,2.384084701538086,10.383465766906738
2015-12-17,80.73579406738281,,,,,4.8397016525268555,104.01917266845703,,,,172.12940979003906,7.478517532348633,2.284797191619873,9.922119140625
2015-12-18,80.90753173828125,,,,,4.660110950469971,102.02381896972656,,,,169.0629425048828,7.195618629455566,2.159298896789551,9.359657287597656
2015-12-21,80.83287048339844,,,,,4.756057262420654,103.15713500976562,,,,170.45758056640625,7.317537784576416,2.223437786102295,9.615607261657715
2015-12-22,80.773193359375,,,,,4.817965507507324,103.83524322509766,,,,172.00433349609375,7.45100212097168,2.2655351161956787,9.873856544494629
2015-12-23,80.75823211669922,,,,,4.8905839920043945,104.60624694824219,,,,174.1343231201172,7.632676124572754,2.317363739013672,10.234862327575684
2015-12-24,80.797119140625,,,,,4.886890888214111,104.58765411376953,,,,173.84689331054688,7.601804256439209,2.3125975131988525,10.163610458374023
2015-12-28,80.797119140625,,,,,4.877660751342773,104.53190612792969,,,,173.44967651367188,7.5780558586120605,2.312002420425415,10.117691993713379
2015-12-29,80.59518432617188,,,,,5.0308942794799805,106.1761245727539,,,,175.30075073242188,7.7347941398620605,2.417445182800293,10.435949325561523
2015-12-30,80.5801773071289,,,,,4.944122791290283,105.2193374633789,,,,174.0581512451172,7.631487846374512,2.3556885719299316,10.21902847290039
2015-12-31,80.797119140625,,,,,4.822272777557373,103.9095458984375,,,,172.31704711914062,7.480688571929932,2.2683165073394775,9.915022850036621
2016-01-04,80.76719665527344,,,,,4.621038436889648,101.71729278564453,,,,169.90817260742188,7.265765190124512,2.129711151123047,9.48751449584961
2016-01-05,80.80457305908203,,,,,4.59642219543457,101.54081726074219,,,,170.1954803466797,7.297826766967773,2.1106479167938232,9.539767265319824
2016-01-06,81.11134338378906,,,,,4.513341903686523,100.56541442871094,,,,168.0486297607422,7.101905822753906,2.054054021835327,9.177173614501953
2016-01-07,81.10380554199219,,,,,4.232105731964111,97.41636657714844,,,,164.01690673828125,6.763491630554199,1.858656883239746,8.515327453613281
2016-01-08,81.28336334228516,,,,,4.158257007598877,96.61746978759766,,,,162.21656799316406,6.618628025054932,1.8147716522216797,8.231905937194824
2016-01-11,81.05144500732422,,,,,4.1877970695495605,96.91475677490234,,,,162.37713623046875,6.622191905975342,1.8306578397750854,8.246155738830566
2016-01-12,81.23098754882812,,,,,4.28502893447876,98.03878021240234,,,,163.68727111816406,6.725496292114258,1.892414927482605,8.458327293395996
2016-01-13,81.41802978515625,,,,,3.986560821533203,94.6574478149414,,,,159.60476684570312,6.395394802093506,1.6944355964660645,7.8202314376831055
2016-01-14,81.38812255859375,,,,,4.153949737548828,96.67324829101562,,,,162.22500610351562,6.604377269744873,1.8040482997894287,8.201825141906738
2016-01-15,81.48534393310547,,,,,3.8967125415802,93.67280578613281,,,,158.7426300048828,6.318212032318115,1.6382392644882202,7.665063381195068
2016-01-19,81.40308380126953,,,,,3.9133284091949463,93.87715911865234,,,,158.9539794921875,6.333649158477783,1.645189881324768,7.709395408630371
2016-01-20,81.47032165527344,,,,,3.891173839569092,93.58918762207031,,,,156.9169921875,6.184035301208496,1.6302963495254517,7.416473865509033
2016-01-21,81.35816192626953,,,,,3.900405168533325,93.68208312988281,,,,157.7960205078125,6.248157501220703,1.636253833770752,7.524142742156982
2016-01-22,81.41802978515625,,,,,4.12256383895874,96.39453125,,,,161.03326416015625,6.50107479095459,1.7772409915924072,7.999151706695557
2016-01-25,81.37310028076172,,,,,4.002561569213867,94.9639892578125,,,,158.59898376464844,6.309900283813477,1.6972160339355469,7.642895221710205
2016-01-26,81.47784423828125,,,,,4.073332786560059,95.81861114501953,,,,160.76275634765625,6.4725751876831055,1.745667576789856,7.946900367736816
2016-01-27,81.49281311035156,,,,,3.869019031524658,93.43126678466797,,,,159.0131072998047,6.336026668548584,1.615799903869629,7.687229156494141
2016-01-28,81.56014251708984,,,,,3.9760992527008057,94.75035095214844,,,,159.8414764404297,6.403705596923828,1.6795424222946167,7.807565212249756
2016-01-29,81.79953002929688,,,,,4.142871856689453,96.72897338867188,,,,163.73794555664062,6.70530891418457,1.7889572381973267,8.390244483947754
2016-02-01,81.7005615234375,,,,,4.159487724304199,96.98905181884766,,,,163.67880249023438,6.711246967315674,1.7990845441818237,8.364912986755371
2016-02-02,81.94795227050781,,,,,3.9834845066070557,94.88970184326172,,,,160.72894287109375,6.459515571594238,1.684903860092163,7.916816711425781
2016-02-03,81.9404296875,,,,,3.9471747875213623,94.43450927734375,,,,161.69253540039062,6.540257453918457,1.6610753536224365,8.049819946289062
2016-02-04,82.02291107177734,,,,,3.945944309234619,94.42523193359375,,,,161.94607543945312,6.559257507324219,1.658096432685852,8.084653854370117
2016-02-05,81.94795227050781,,,,,3.6690146923065186,91.14616394042969,,,,158.8610382080078,6.315835952758789,1.4875214099884033,7.622312068939209
2016-02-08,82.26274871826172,,,,,3.5576272010803223,89.75272369384766,,,,156.7225799560547,6.140101909637451,1.41960871219635,7.308805465698242
2016-02-09,82.25529479980469,,,,,3.5336267948150635,89.47403717041016,,,,156.73097229003906,6.134163856506348,1.4031264781951904,7.307223320007324
2016-02-10,82.45769500732422,,,,,3.5637805461883545,89.81775665283203,,,,156.59576416015625,6.127040386199951,1.4198070764541626,7.299304962158203
2016-02-11,82.5101318359375,,,,,3.557011604309082,89.68772888183594,,,,154.55877685546875,5.977425575256348,1.4164317846298218,7.034882545471191
2016-02-12,82.28524017333984,,,,,3.659167766571045,91.05321502685547,,,,157.74530029296875,6.214909076690674,1.476798176765442,7.446559906005859
2016-02-16,82.0828628540039,,,,,3.818556785583496,93.10617065429688,,,,160.40773010253906,6.420330047607422,1.5750926733016968,7.815483570098877
2016-02-17,82.03789520263672,,,,,3.9964067935943604,95.21484375,,,,163.0279541015625,6.632875919342041,1.6839115619659424,8.203408241271973
2016-02-18,82.28524017333984,,,,,3.9077892303466797,94.12798309326172,,,,162.36021423339844,6.579443454742432,1.626721978187561,8.102069854736328
2016-02-19,82.3002700805664,,,,,3.9305593967437744,94.4066162109375,,,,162.2841796875,6.5723185539245605,1.6436007022857666,8.100488662719727
2016-02-22,82.32274627685547,,,,,4.056717395782471,95.93938446044922,,,,164.63392639160156,6.7611165046691895,1.721242904663086,8.440910339355469
2016-02-23,82.33773040771484,,,,,3.9231741428375244,94.3602294921875,,,,162.5546417236328,6.600815773010254,1.635459065437317,8.133736610412598
2016-02-24,82.3676986694336,,,,,3.99825382232666,95.26127624511719,,,,163.2984619140625,6.656625747680664,1.6841098070144653,8.24140739440918
2016-02-25,82.57759094238281,,,,,4.074563026428223,96.19947814941406,,,,165.2762908935547,6.815738677978516,1.7305761575698853,8.53116226196289
2016-02-26,82.42767333984375,,,,,4.065330982208252,96.07872772216797,,,,164.89590454101562,6.7836785316467285,1.7266044616699219,8.480493545532227
2016-02-29,82.52516174316406,,,,,3.9927151203155518,95.21484375,,,,163.60275268554688,6.663748264312744,1.6809332370758057,8.2493257522583
2016-03-01,82.27802276611328,,,,,4.246876239776611,98.27100372314453,,,,167.44854736328125,6.99266242980957,1.8417783975601196,8.862086296081543
2016-03-02,82.18790435791016,,,,,4.25118350982666,98.30817413330078,,,,168.20069885253906,7.0555949211120605,1.843763828277588,8.984007835388184
2016-03-03,82.28550720214844,,,,,4.236412048339844,98.12235260009766,,,,168.86012268066406,7.104279041290283,1.8334383964538574,9.075837135314941
2016-03-04,82.15782928466797,,,,,4.240106105804443,98.15953063964844,,,,169.4094696044922,7.147025108337402,1.8366150856018066,9.17242431640625
2016-03-07,82.13533020019531,,,,,4.189026832580566,97.55569458007812,,,,169.54470825195312,7.168397903442383,1.8024606704711914,9.191427230834961
2016-03-08,82.33809661865234,,,,,4.115794658660889,96.74755096435547,,,,167.69366455078125,7.004537105560303,1.7548025846481323,8.885835647583008
2016-03-09,82.3005142211914,,,,,4.169950485229492,97.36991119384766,,,,168.52194213867188,7.07578182220459,1.7883614301681519,9.02358627319336
2016-03-10,82.33809661865234,,,,,4.159487724304199,97.22128295898438,,,,168.65721130371094,7.082906246185303,1.7816102504730225,9.039420127868652
2016-03-11,82.18790435791016,,,,,4.3016462326049805,98.92121887207031,,,,171.3788299560547,7.318012714385986,1.8739473819732666,9.481180191040039
2016-03-14,82.23294067382812,,,,,4.314568519592285,99.08842468261719,,,,171.15907287597656,7.293076038360596,1.8848683834075928,9.446344375610352
2016-03-15,82.15782928466797,,,,,4.312723159790039,99.0512924194336,,,,170.88014221191406,7.277640342712402,1.8836771249771118,9.403594970703125
2016-03-16,82.5108413696289,,,,,4.389033317565918,99.93373107910156,,,,171.8690643310547,7.3607587814331055,1.9317325353622437,9.573015213012695
2016-03-17,82.6836166381836,,,,,4.384108066558838,99.87800598144531,,,,172.9594268798828,7.44981575012207,1.926171898841858,9.75035285949707
2016-03-18,82.75123596191406,,,,,4.400725841522217,100.0345458984375,,,,173.6391143798828,7.510373592376709,1.937292456626892,9.86435317993164
2016-03-21,82.5709457397461,,,,,4.432725429534912,100.42588806152344,,,,173.885498046875,7.52937126159668,1.9603272676467896,9.900772094726562
2016-03-22,82.51838684082031,,,,,4.45734167098999,100.73329162597656,,,,173.7920379638672,7.51987361907959,1.9778016805648804,9.891273498535156
2016-03-23,82.6986312866211,,,,,4.379802227020264,99.90409851074219,,,,172.64512634277344,7.40944242477417,1.930739164352417,9.696516990661621
2016-03-24,82.7061767578125,,,,,4.382262706756592,99.93206024169922,,,,172.56863403320312,7.39994478225708,1.9301438331604004,9.672767639160156
2016-03-28,82.76624298095703,,,,,4.37118673324585,99.79232025146484,,,,172.6705322265625,7.405882358551025,1.9231932163238525,9.696516990661621
2016-03-29,83.01409149169922,,,,,4.505341529846191,101.39478302001953,,,,174.26780700683594,7.551932334899902,2.015133857727051,9.972023963928223
2016-03-30,82.98404693603516,,,,,4.55580472946167,101.8885726928711,,,,175.03240966796875,7.612492084503174,2.045316696166992,10.090776443481445
2016-03-31,83.24697875976562,,,,,4.541651725769043,101.73949432373047,,,,174.60763549804688,7.5780558586120605,2.0334019660949707,10.02269172668457
2016-04-01,83.17321014404297,,,,,4.63519287109375,102.82025146484375,,,,175.79705810546875,7.675422668457031,2.101116418838501,10.2095308303833
2016-04-04,83.25597381591797,,,,,4.598268508911133,102.42893981933594,,,,175.22784423828125,7.626739501953125,2.0751020908355713,10.116106986999512
2016-04-05,83.36888122558594,,,,,4.515190601348877,101.44136047363281,,,,173.4776611328125,7.475938320159912,2.019303560256958,9.82002067565918
2016-04-06,83.35381317138672,,,,,4.66042423248291,103.10907745361328,,,,175.37225341796875,7.632676124572754,2.11600923538208,10.125611305236816
2016-04-07,83.53443908691406,,,,,4.520111560821533,101.62771606445312,,,,173.27377319335938,7.44981575012207,2.024665355682373,9.7725191116333
2016-04-08,83.4516372680664,,,,,4.520111560821533,101.5531997680664,,,,173.74105834960938,7.496124744415283,2.019899606704712,9.850103378295898
2016-04-11,83.51188659667969,,,,,4.485035419464111,101.18048095703125,,,,173.33319091796875,7.455752849578857,1.9982542991638184,9.774102210998535
2016-04-12,83.37637329101562,,,,,4.561959743499756,102.0283432006836,,,,174.94744873046875,7.599429607391357,2.044919729232788,10.05594253540039
2016-04-13,83.4140625,,,,,4.6776556968688965,103.3327407836914,,,,176.7146453857422,7.746666431427002,2.1247472763061523,10.350447654724121
2016-04-14,83.27107238769531,,,,,4.67703914642334,103.34200286865234,,,,176.7230682373047,7.747855186462402,2.126136064529419,10.35836410522461
2016-04-15,83.50433349609375,,,,,4.652424335479736,103.08114624023438,,,,176.5277099609375,7.726482391357422,2.109853506088257,10.310861587524414
2016-04-18,83.49684143066406,,,,,4.701654434204102,103.63084411621094,,,,177.7681427001953,7.836911678314209,2.1410293579101562,10.537284851074219
2016-04-19,83.48933410644531,,,,,4.643807888031006,102.99727630615234,,,,178.328857421875,7.883219242095947,2.1040945053100586,10.637038230895996
2016-04-20,83.28610229492188,,,,,4.649346351623535,103.08114624023438,,,,178.49876403808594,7.901031494140625,2.1092581748962402,10.662369728088379
2016-04-21,83.17321014404297,,,,,4.6518073081970215,103.0904541015625,,,,177.53871154785156,7.814350128173828,2.109853506088257,10.494534492492676
2016-04-22,83.18070983886719,,,,,4.513341903686523,101.53456115722656,,,,177.53871154785156,7.821475982666016,2.014338970184326,10.500866889953613
2016-04-25,83.0904312133789,,,,,4.5127272605896,101.53456115722656,,,,177.2328338623047,7.785853385925293,2.0127508640289307,10.439114570617676
2016-04-26,83.05276489257812,,,,,4.471497058868408,101.04075622558594,,,,177.49623107910156,7.814350128173828,1.9851480722427368,10.496118545532227
2016-04-27,83.30113220214844,,,,,4.394571304321289,100.23017120361328,,,,177.86155700683594,7.847597122192383,1.9374905824661255,10.551533699035645
2016-04-28,83.46672821044922,,,,,4.29241418838501,99.01900482177734,,,,176.24734497070312,7.708669662475586,1.8687841892242432,10.272863388061523
2016-04-29,83.45922088623047,,,,,4.243798732757568,98.4972915649414,,,,175.2957763671875,7.623177528381348,1.8389979600906372,10.103442192077637
2016-05-02,83.40264129638672,,,,,4.322567939758301,99.42896270751953,,,,176.6890869140625,7.73716926574707,1.8876491785049438,10.32828140258789
2016-05-03,83.55349731445312,,,,,4.244412899017334,98.506591796875,,,,175.15135192871094,7.602991104125977,1.8374090194702148,10.062274932861328
2016-05-04,83.59117126464844,,,,,4.189026832580566,97.87305450439453,,,,174.1743621826172,7.513934135437012,1.8010700941085815,9.884941101074219
2016-05-05,83.80229949951172,,,,,4.188412189483643,97.84507751464844,,,,174.14036560058594,7.51987361907959,1.8000777959823608,9.892854690551758
2016-05-06,83.67414855957031,,,,,4.231489658355713,98.36682891845703,,,,174.7775421142578,7.56855583190918,1.8260903358459473,9.989442825317383
2016-05-09,83.72689819335938,,,,,4.253643035888672,98.6463394165039,,,,174.92202758789062,7.586367607116699,1.8421748876571655,10.027441024780273
2016-05-10,83.76457977294922,,,,,4.370569705963135,99.99726867675781,,,,177.09698486328125,7.766855239868164,1.9194203615188599,10.390031814575195
2016-05-11,83.76457977294922,,,,,4.293029308319092,99.09357452392578,,,,175.44021606445312,7.625553607940674,1.8669971227645874,10.105024337768555
2016-05-12,83.68916320800781,,,,,4.253643035888672,98.65564727783203,,,,175.49118041992188,7.630302429199219,1.840785264968872,10.103442192077637
2016-05-13,83.84748077392578,,,,,4.224104881286621,98.29228973388672,,,,173.96194458007812,7.496124744415283,1.8185452222824097,9.835854530334473
2016-05-16,83.70426940917969,,,,,4.326261520385742,99.52213287353516,,,,175.6781463623047,7.640988349914551,1.8886412382125854,10.127190589904785
2016-05-17,83.59117126464844,,,,,4.219182014465332,98.27366638183594,,,,174.03839111328125,7.5044355392456055,1.816161870956421,9.85168743133545
2016-05-18,83.24431610107422,,,,,4.248721122741699,98.6277084350586,,,,174.08935546875,7.506810188293457,1.83681321144104,9.86435317993164
2016-05-19,83.2970962524414,,,,,4.205642223358154,98.11528778076172,,,,173.48617553710938,7.454564094543457,1.8078221082687378,9.75985336303711
2016-05-20,83.3498764038086,,,,,4.2942609786987305,99.196044921875,,,,174.58213806152344,7.540058135986328,1.8681883811950684,9.937192916870117
2016-05-23,83.33478546142578,,,,,4.282567977905273,99.06559753417969,,,,174.34426879882812,7.521059989929199,1.8590545654296875,9.888102531433105
2016-05-24,83.28949737548828,,,,,4.45734167098999,101.0500717163086,,,,176.6042022705078,7.7146100997924805,1.972837209701538,10.279194831848145
2016-05-25,83.30460357666016,,,,,4.5213422775268555,101.77678680419922,,,,177.80209350585938,7.815537929534912,2.0153324604034424,10.485032081604004
2016-05-26,83.43281555175781,,,,,4.546574592590332,102.0749282836914,,,,177.85304260253906,7.823848724365234,2.0322105884552,10.496118545532227
2016-05-27,83.41770935058594,,,,,4.5933451652526855,102.60598754882812,,,,178.61769104003906,7.887968063354492,2.062790870666504,10.624370574951172
2016-05-31,83.47052001953125,,,,,4.611806869506836,102.8016128540039,,,,178.27789306640625,7.865408897399902,2.0751020908355713,10.573701858520508
2016-06-01,83.4236831665039,,,,,4.609346389770508,102.81094360351562,,,,178.6431427001953,7.897468566894531,2.075897455215454,10.632284164428711
2016-06-02,83.63520812988281,,,,,4.631499767303467,103.0252456665039,,,,179.18692016601562,7.943779468536377,2.0876128673553467,10.735203742980957
2016-06-03,84.08853149414062,,,,,4.585959434509277,102.54077911376953,,,,178.65170288085938,7.893908977508545,2.059018135070801,10.64178466796875
2016-06-06,83.9752197265625,,,,,4.617345809936523,102.91342163085938,,,,179.56076049804688,7.978211879730225,2.0810599327087402,10.798542022705078
2016-06-07,84.05074310302734,,,,,4.598884582519531,102.65255737304688,,,,179.84109497070312,7.998402118682861,2.066366195678711,10.838120460510254
2016-06-08,84.08097076416016,,,,,4.611191749572754,102.82960510253906,,,,180.42730712890625,8.049457550048828,2.07550048828125,10.945789337158203
2016-06-09,84.14138793945312,,,,,4.595191478729248,102.6618881225586,,,,180.180908203125,8.028084754943848,2.066366195678711,10.904626846313477
2016-06-10,84.25476837158203,,,,,4.492419719696045,101.49728393554688,,,,178.47329711914062,7.879658222198486,1.9968650341033936,10.591117858886719
2016-06-13,84.3227310180664,,,,,4.41426420211792,100.64942932128906,,,,177.09698486328125,7.756168842315674,1.9456324577331543,10.35519790649414
2016-06-14,84.28495025634766,,,,,4.418571472167969,100.64942932128906,,,,176.74862670898438,7.726482391357422,1.9466255903244019,10.298195838928223
2016-06-15,84.4662857055664,,,,,4.391493320465088,100.3606185913086,,,,176.50221252441406,7.701547145843506,1.9291504621505737,10.242780685424805
2016-06-16,84.51919555664062,,,,,4.4179558753967285,100.65878295898438,,,,177.0289306640625,7.750229835510254,1.9430513381958008,10.336196899414062
2016-06-17,84.4587173461914,,,,,4.315798759460449,99.4789047241211,,,,176.3697052001953,7.688486099243164,1.8765285015106201,10.21902847290039
2016-06-20,84.22452545166016,,,,,4.365647315979004,100.10481262207031,,,,177.50547790527344,7.785853385925293,1.910286784172058,10.415365219116211
2016-06-21,84.16407775878906,,,,,4.393956184387207,100.42243957519531,,,,178.0093536376953,7.830971717834473,1.929349422454834,10.502449989318848
2016-06-22,84.21697998046875,,,,,4.3724045753479,100.1795425415039,,,,177.718994140625,7.804459095001221,1.916839599609375,10.444267272949219
2016-06-23,84.07341003417969,,,,,4.495553493499756,101.60880279541016,,,,180.03338623046875,8.004207611083984,1.9976588487625122,10.858046531677246
2016-06-24,84.52674865722656,,,,,4.130417346954346,97.42375946044922,,,,173.5684814453125,7.4227986335754395,1.7530156373977661,9.678543090820312
2016-06-27,84.86669921875,,,,,3.9709386825561523,95.49005889892578,,,,170.4599609375,7.161221027374268,1.6509476900100708,9.155380249023438
2016-06-28,84.97248840332031,,,,,4.137804985046387,97.58258056640625,,,,173.5343780517578,7.418041229248047,1.7544052600860596,9.651593208312988
2016-06-29,84.91204833984375,,,,,4.282505512237549,99.31076049804688,,,,176.48922729492188,7.677239418029785,1.845550775527954,10.157319068908691
2016-06-30,85.08580017089844,,,,,4.381640911102295,100.45980834960938,,,,178.89755249023438,7.878179550170898,1.91266930103302,10.552070617675781
2016-07-01,85.26895141601562,,,,,4.42535924911499,100.96424102783203,,,,179.27328491210938,7.915032386779785,1.9388806819915771,10.626581192016602
2016-07-05,85.49608612060547,,,,,4.369942665100098,100.34770202636719,,,,177.9837188720703,7.803271770477295,1.9045276641845703,10.410975456237793
2016-07-06,85.6550064086914,,,,,4.4407525062561035,101.16975402832031,,,,179.05126953125,7.896011829376221,1.9494050741195679,10.585363388061523
2016-07-07,85.59449005126953,,,,,4.469076156616211,101.46869659423828,,,,178.94020080566406,7.882933616638184,1.9678727388381958,10.563169479370117
2016-07-08,85.72312927246094,,,,,4.607003688812256,103.03805541992188,,,,181.60470581054688,8.119540214538574,2.058819532394409,11.03084659576416
2016-07-11,85.49608612060547,,,,,4.66118860244751,103.62657165527344,,,,182.24522399902344,8.180174827575684,2.0939671993255615,11.149746894836426
2016-07-12,85.23867797851562,,,,,4.705522060394287,104.14974212646484,,,,183.56893920898438,8.296696662902832,2.1269307136535645,11.393891334533691
2016-07-13,85.35981750488281,,,,,4.6852030754089355,103.89750671386719,,,,183.5433349609375,8.291942596435547,2.1120376586914062,11.395474433898926
2016-07-14,85.28411102294922,,,,,4.744314193725586,104.60748291015625,,,,184.5681610107422,8.383490562438965,2.1549296379089355,11.571449279785156
2016-07-15,84.97376251220703,,,,,4.730768203735352,104.43930053710938,,,,184.3205108642578,8.3656587600708,2.142817258834839,11.536572456359863
2016-07-18,84.98890686035156,,,,,4.793572425842285,105.130615234375,,,,184.81578063964844,8.409648895263672,2.1855108737945557,11.630107879638672
2016-07-19,85.16300964355469,,,,,4.757859230041504,104.74759674072266,,,,184.62794494628906,8.389435768127441,2.1628732681274414,11.588889122009277
2016-07-20,85.08734130859375,,,,,4.869927406311035,105.9713363647461,,,,185.39651489257812,8.461965560913086,2.236941337585449,11.737910270690918
2016-07-21,85.16300964355469,,,,,4.84837532043457,105.72846984863281,,,,184.69625854492188,8.3930025100708,2.223637104034424,11.601570129394531
2016-07-22,85.1781234741211,,,,,4.8865509033203125,106.16753387451172,,,,185.52464294433594,8.475043296813965,2.249451160430908,11.758520126342773
2016-07-25,85.07975006103516,,,,,4.889013767242432,106.17688751220703,,,,185.02078247070312,8.429862976074219,2.251436710357666,11.669742584228516
2016-07-26,85.07975006103516,,,,,4.901329517364502,106.2983169555664,,,,185.1061553955078,8.431052207946777,2.2589828968048096,11.674495697021484
2016-07-27,85.32955932617188,,,,,4.964135646820068,107.03629302978516,,,,184.9097900390625,8.413215637207031,2.3030664920806885,11.64596176147461
2016-07-28,85.32194519042969,,,,,5.002310752868652,107.40996551513672,,,,185.123291015625,8.431052207946777,2.3280868530273438,11.684006690979004
2016-07-29,85.54903411865234,,,,,5.021399974822998,107.64349365234375,,,,185.4221649169922,8.460775375366211,2.3433773517608643,11.726815223693848
2016-08-01,85.34957122802734,,,,,5.0737385749816895,108.21334075927734,,,,185.26840209960938,8.444130897521973,2.380112886428833,11.698277473449707
2016-08-02,85.09929656982422,,,,,4.996770858764648,107.3912582397461,,,,184.08132934570312,8.339500427246094,2.326497793197632,11.473160743713379
2016-08-03,85.19036865234375,,,,,5.031867504119873,107.74626159667969,,,,184.619384765625,8.389435768127441,2.3485395908355713,11.576204299926758
2016-08-04,85.34957122802734,,,,,5.05957555770874,108.05452728271484,,,,184.81578063964844,8.400140762329102,2.369589328765869,11.617424011230469
2016-08-05,85.06147003173828,,,,,5.155632019042969,109.0914306640625,,,,186.32740783691406,8.53449535369873,2.4380974769592285,11.901205062866211
2016-08-08,85.114501953125,,,,,5.145780086517334,108.97000885009766,,,,186.21636962890625,8.530926704406738,2.4303531646728516,11.877421379089355
2016-08-09,85.33441162109375,,,,,5.169178009033203,109.22222900390625,,,,186.32740783691406,8.535684585571289,2.4464375972747803,11.890104293823242
2016-08-10,85.43302154541016,,,,,5.142701148986816,108.94197845458984,,,,185.86627197265625,8.498826026916504,2.4275729656219482,11.804495811462402
2016-08-11,85.20550537109375,,,,,5.1858038902282715,109.40906524658203,,,,186.7288055419922,8.572540283203125,2.4589478969573975,11.974126815795898
2016-08-12,85.41026306152344,,,,,5.192577362060547,109.4837875366211,,,,186.56654357910156,8.558271408081055,2.463514566421509,11.939250946044922
2016-08-15,85.25861358642578,,,,,5.236910343170166,109.95087432861328,,,,187.1045379638672,8.60702133178711,2.4944920539855957,12.050225257873535
2016-08-16,85.20550537109375,,,,,5.179645538330078,109.34370422363281,,,,186.13949584960938,8.521414756774902,2.455174207687378,11.852056503295898
2016-08-17,85.36479949951172,,,,,5.195040225982666,109.53985595703125,,,,186.48968505859375,8.547571182250977,2.4666924476623535,11.915468215942383
2016-08-18,85.48612213134766,,,,,5.199965000152588,109.56787109375,,,,186.90809631347656,8.587996482849121,2.4690749645233154,11.999490737915039
2016-08-19,85.29660034179688,,,,,5.19565486907959,109.53985595703125,,,,186.63485717773438,8.56540584564209,2.465698719024658,11.94400691986084
2016-08-22,85.42539978027344,,,,,5.201813220977783,109.62391662597656,,,,186.62632751464844,8.56183910369873,2.4680817127227783,11.940834045410156
2016-08-23,85.44819641113281,,,,,5.219667911529541,109.82009887695312,,,,187.00209045410156,8.590375900268555,2.482776403427124,12.009004592895508
2016-08-24,85.41788482666016,,,,,5.151322841644287,109.11016845703125,,,,186.04554748535156,8.511902809143066,2.4349193572998047,11.839374542236328
2016-08-25,85.32685852050781,,,,,5.134079456329346,108.9326400756836,,,,185.91746520996094,8.49644660949707,2.4234023094177246,11.79022216796875
2016-08-26,85.19036865234375,,,,,5.150089740753174,109.0914306640625,,,,185.56732177734375,8.461965560913086,2.435119152069092,11.734740257263184
2016-08-29,85.42539978027344,,,,,5.1648688316345215,109.24092864990234,,,,186.4811248779297,8.542816162109375,2.4418704509735107,11.902788162231445
2016-08-30,85.37995910644531,,,,,5.131002426147461,108.88593292236328,,,,186.17369079589844,8.513091087341309,2.419828176498413,11.839374542236328
2016-08-31,85.36479949951172,,,,,5.117455959320068,108.77381896972656,,,,185.64418029785156,8.469099044799805,2.413473606109619,11.739493370056152
2016-09-01,85.4392318725586,,,,,5.1439337730407715,109.05406951904297,,,,185.65272521972656,8.46672248840332,2.424196720123291,11.749008178710938
2016-09-02,85.32526397705078,,,,,5.176568508148193,109.40906524658203,,,,186.48968505859375,8.541627883911133,2.4525930881500244,11.899616241455078
2016-09-06,85.5075912475586,,,,,5.2418365478515625,110.09099578857422,,,,187.0532989501953,8.595131874084473,2.498065710067749,12.013763427734375
2016-09-07,85.55315399169922,,,,,5.250455379486084,110.15637969970703,,,,187.03622436523438,8.596323013305664,2.5026333332061768,12.010590553283691
2016-09-08,85.2568588256836,,,,,5.1870341300964355,109.51182556152344,,,,186.60919189453125,8.55589485168457,2.459742307662964,11.920226097106934
2016-09-09,84.88455963134766,,,,,4.9241108894348145,106.75604248046875,,,,182.1427459716797,8.139751434326172,2.273280620574951,11.070479393005371
2016-09-12,84.9530029296875,,,,,5.098367691040039,108.67106628417969,,,,184.75601196289062,8.376358032226562,2.389843702316284,11.531816482543945
2016-09-13,84.71745300292969,,,,,5.010931491851807,107.69953155517578,,,,182.1000518798828,8.134998321533203,2.3334479331970215,11.032430648803711
2016-09-14,84.82384490966797,,,,,5.061422824859619,108.21334075927734,,,,182.03173828125,8.121915817260742,2.3634321689605713,11.016578674316406
2016-09-15,84.87702941894531,,,,,5.2178215980529785,109.89482116699219,,,,183.8507537841797,8.291942596435547,2.47304630279541,11.351086616516113
2016-09-16,84.93780517578125,,,,,5.2110490798950195,109.84239196777344,,,,183.14007568359375,8.224169731140137,2.4702658653259277,11.222673416137695
2016-09-19,84.86947631835938,,,,,5.164252758026123,109.36474609375,,,,183.17446899414062,8.226547241210938,2.4378979206085205,11.219502449035645
2016-09-20,84.8998031616211,,,,,5.183341026306152,109.57081604003906,,,,183.1830291748047,8.228925704956055,2.451401472091675,11.233770370483398
2016-09-21,85.11255645751953,,,,,5.283706188201904,110.64776611328125,,,,185.24295043945312,8.406357765197754,2.5226902961730957,11.606871604919434
2016-09-22,85.28729248046875,,,,,5.369911193847656,111.52808380126953,,,,186.41024780273438,8.517032623291016,2.581666946411133,11.816174507141113
2016-09-23,85.26449584960938,,,,,5.299715042114258,110.81634521484375,,,,185.38888549804688,8.421826362609863,2.5351998805999756,11.632241249084473
2016-09-26,85.37085723876953,,,,,5.2122802734375,109.88920593261719,,,,183.88682556152344,8.28735637664795,2.4722516536712646,11.345239639282227
2016-09-27,85.47721099853516,,,,,5.313262462615967,110.97557067871094,,,,185.0284423828125,8.388505935668945,2.542349338531494,11.55930233001709
2016-09-28,85.49999237060547,,,,,5.333582878112793,111.16285705566406,,,,185.9468231201172,8.47181224822998,2.556248426437378,11.725794792175293
2016-09-29,85.49999237060547,,,,,5.252920627593994,110.3574447631836,,,,184.26449584960938,8.320676803588867,2.5020382404327393,11.40866756439209
2016-09-30,85.40882873535156,,,,,5.328655242919922,111.18157958984375,,,,185.65493774414062,8.445629119873047,2.553468704223633,11.67663860321045
2016-10-03,85.31217193603516,,,,,5.315725803375244,111.02236938476562,,,,185.20864868164062,8.396839141845703,2.547710418701172,11.565645217895508
2016-10-04,85.02299499511719,,,,,5.301563262939453,110.85382080078125,,,,184.26449584960938,8.323055267333984,2.5332136154174805,11.405494689941406
2016-10-05,84.90878295898438,,,,,5.336661338806152,111.24712371826172,,,,185.07984924316406,8.389698028564453,2.5596253871917725,11.556130409240723
2016-10-06,84.90878295898438,,,,,5.33296537399292,111.1909408569336,,,,185.20864868164062,8.403977394104004,2.5556533336639404,11.575159072875977
2016-10-07,84.92402648925781,,,,,5.308953285217285,110.94744873046875,,,,184.57351684570312,8.342095375061035,2.5389723777770996,11.449892044067383
2016-10-10,84.88597869873047,,,,,5.372373580932617,111.64981842041016,,,,185.53480529785156,8.425398826599121,2.5844461917877197,11.622726440429688
2016-10-11,84.7565689086914,,,,,5.2178215980529785,110.05778503417969,,,,183.19155883789062,8.220714569091797,2.4776134490966797,11.199360847473145
2016-10-12,84.78703308105469,,,,,5.214127063751221,109.96412658691406,,,,183.4319610595703,8.238566398620605,2.4724502563476562,11.240589141845703
2016-10-13,84.90878295898438,,,,,5.176568508148193,109.57081604003906,,,,182.8310546875,8.181445121765137,2.4434587955474854,11.126421928405762
2016-10-14,84.76416778564453,,,,,5.184571743011475,109.70188903808594,,,,182.9254913330078,8.189773559570312,2.449018716812134,11.13752269744873
2016-10-17,84.90878295898438,,,,,5.15809440612793,109.40220642089844,,,,182.29037475585938,8.136222839355469,2.432140350341797,11.02969741821289
2016-10-18,85.04580688476562,,,,,5.24922513961792,110.3761978149414,,,,183.4319610595703,8.22785472869873,2.4944920539855957,11.218388557434082
2016-10-19,85.09146881103516,,,,,5.2461466789245605,110.3668212890625,,,,183.92111206054688,8.268318176269531,2.4954848289489746,11.311943054199219
2016-10-20,85.0610122680664,,,,,5.236294746398926,110.2356948852539,,,,183.5778045654297,8.244515419006348,2.4849600791931152,11.250102996826172
2016-10-21,85.11433410644531,,,,,5.275701522827148,110.64776611328125,,,,183.6636505126953,8.246893882751465,2.5119669437408447,11.256446838378906
2016-10-24,84.98487854003906,,,,,5.401930332183838,111.97761535644531,,,,184.4447479248047,8.314725875854492,2.6035091876983643,11.399151802062988
2016-10-25,84.98487854003906,,,,,5.364370346069336,111.62171936035156,,,,183.82675170898438,8.264742851257324,2.577496290206909,11.30242919921875
2016-10-26,84.81745910644531,,,,,5.294790744781494,110.8631820678711,,,,183.4577178955078,8.229046821594238,2.5280513763427734,11.231075286865234
2016-10-27,84.60433197021484,,,,,5.2479939460754395,110.3574447631836,,,,182.9683837890625,8.188586235046387,2.4927048683166504,11.135937690734863
2016-10-28,84.60433197021484,,,,,5.17533540725708,109.66442108154297,,,,182.4276885986328,8.137410163879395,2.4496142864227295,11.028114318847656
2016-10-31,84.71088409423828,,,,,5.1654839515686035,109.5614242553711,,,,182.43629455566406,8.135031700134277,2.4357142448425293,11.020184516906738
2016-11-01,84.66513061523438,,,,,5.091594696044922,108.7373046875,,,,181.11444091796875,8.023172378540039,2.385673761367798,10.798195838928223
2016-11-02,84.76426696777344,,,,,5.007237434387207,107.86634826660156,,,,180.02439880371094,7.922014236450195,2.323519229888916,10.592060089111328
2016-11-03,84.64990234375,,,,,4.911181926727295,106.80810546875,,,,179.20040893554688,7.849424839019775,2.2565999031066895,10.45094108581543
2016-11-04,84.82526397705078,,,,,4.87362003326416,106.43352508544922,,,,179.00296020507812,7.828005313873291,2.2309842109680176,10.401786804199219
2016-11-07,84.72615051269531,,,,,5.109452724456787,108.9620590209961,,,,182.9512481689453,8.168351173400879,2.390835762023926,11.08678150177002
2016-11-08,84.58887481689453,,,,,5.17533540725708,109.67382049560547,,,,183.7752685546875,8.242132186889648,2.4377002716064453,11.237417221069336
2016-11-09,83.80345916748047,,,,,5.219053745269775,110.1795425415039,,,,185.72364807128906,8.426589965820312,2.4718546867370605,11.61955738067627
2016-11-10,83.46033477783203,,,,,5.0497236251831055,108.4001693725586,,,,186.18710327148438,8.463480949401855,2.3542990684509277,11.690908432006836
2016-11-11,83.30782318115234,,,,,5.055266857147217,108.44700622558594,,,,185.7578887939453,8.425398826599121,2.3523130416870117,11.613214492797852
2016-11-14,82.97235107421875,,,,,4.954283237457275,107.35130310058594,,,,185.9038543701172,8.439682006835938,2.2728829383850098,11.635411262512207
2016-11-15,83.0333251953125,,,,,5.092210292816162,108.84033203125,,,,187.35447692871094,8.568202018737793,2.378127336502075,11.906558990478516
2016-11-16,83.2163314819336,,,,,5.150705814361572,109.48648834228516,,,,187.00254821777344,8.538451194763184,2.4168496131896973,11.846301078796387
2016-11-17,82.9036865234375,,,,,5.22459602355957,110.28252410888672,,,,187.96388244628906,8.626511573791504,2.4728474617004395,12.019137382507324
2016-11-18,82.63680267333984,,,,,5.1870341300964355,109.87044525146484,,,,187.54327392578125,8.588431358337402,2.4450464248657227,11.939854621887207
2016-11-21,82.70541381835938,,,,,5.291710376739502,111.01300048828125,,,,188.95945739746094,8.70981502532959,2.5185203552246094,12.207826614379883
2016-11-22,82.78166961669922,,,,,5.326192855834961,111.35015869140625,,,,189.3285675048828,8.74789810180664,2.5411577224731445,12.279181480407715
2016-11-23,82.49190521240234,,,,,5.283091068267822,110.900634765625,,,,189.43157958984375,8.757416725158691,2.5105764865875244,12.30138111114502
2016-11-25,82.48426818847656,,,,,5.315725803375244,111.25652313232422,,,,190.13540649414062,8.821678161621094,2.5348029136657715,12.44250202178955
2016-11-28,82.7740249633789,,,,,5.292943477630615,111.00365447998047,,,,189.2427520751953,8.745518684387207,2.5207037925720215,12.266493797302246
2016-11-29,82.86552429199219,,,,,5.328040599822998,111.38762664794922,,,,189.61181640625,8.774080276489258,2.5449295043945312,12.336265563964844
2016-11-30,82.53766632080078,,,,,5.195040225982666,110.03903198242188,,,,189.15687561035156,8.722904205322266,2.462522268295288,12.237954139709473
2016-12-01,82.26565551757812,,,,,5.020784378051758,108.13794708251953,,,,188.46165466308594,8.657454490661621,2.3272929191589355,12.096830368041992
2016-12-02,82.525390625,,,,,5.036177635192871,108.35334777832031,,,,188.5561065673828,8.671733856201172,2.336625099182129,12.11902904510498
2016-12-05,82.59417724609375,,,,,5.113762378692627,109.19619750976562,,,,189.68911743164062,8.774080276489258,2.3906376361846924,12.323578834533691
2016-12-06,82.57886505126953,,,,,5.1402387619018555,109.4583969116211,,,,190.28990173339844,8.831197738647461,2.4079136848449707,12.459946632385254
2016-12-07,82.79281616210938,,,,,5.268928527832031,110.84442138671875,,,,192.77899169921875,9.056112289428711,2.497272491455078,12.935638427734375
2016-12-08,82.64002227783203,,,,,5.286784648895264,111.04110717773438,,,,193.25111389160156,9.108477592468262,2.5125629901885986,13.033945083618164
2016-12-09,82.38788604736328,,,,,5.369294166564941,111.91204833984375,,,,194.4184112548828,9.212010383605957,2.571340560913086,13.267034530639648
2016-12-12,82.31153106689453,,,,,5.320035934448242,111.40636444091797,,,,194.19529724121094,9.191779136657715,2.5355966091156006,13.230566024780273
2016-12-13,82.41849517822266,,,,,5.454882621765137,112.81110382080078,,,,195.49130249023438,9.31553840637207,2.63468599319458,13.482682228088379
2016-12-14,81.96774291992188,,,,,5.430254936218262,112.57695007324219,,,,193.87770080566406,9.164407730102539,2.6154234409332275,13.175067901611328
2016-12-15,81.86840057373047,,,,,5.447495460510254,112.75489044189453,,,,194.67596435546875,9.231047630310059,2.631309986114502,13.309846878051758
2016-12-16,81.92191314697266,,,,,5.411165714263916,112.33692932128906,,,,194.29515075683594,9.203675270080566,2.599339246749878,13.252763748168945
2016-12-19,82.13578033447266,,,,,5.454268455505371,112.79717254638672,,,,194.7182159423828,9.233427047729492,2.6311116218566895,13.325704574584961
2016-12-20,82.05941772460938,,,,,5.4967546463012695,113.2292251586914,,,,195.46934509277344,9.303641319274902,2.6628832817077637,13.46682357788086
2016-12-21,82.23509979248047,,,,,5.484986782073975,113.14472961425781,,,,194.92538452148438,9.262417793273926,2.6535496711730957,13.366930961608887
2016-12-22,82.23432159423828,,,,,5.453563213348389,112.8253402709961,,,,194.58876037597656,9.229055404663086,2.630516529083252,13.30350399017334
2016-12-23,82.25733947753906,,,,,5.459723949432373,112.9004898071289,,,,194.87364196777344,9.251693725585938,2.638657331466675,13.343146324157715
2016-12-27,82.1960678100586,,,,,5.520106792449951,113.48283386230469,,,,195.3571319580078,9.2957763671875,2.677180767059326,13.444626808166504
2016-12-28,82.32624053955078,,,,,5.432612895965576,112.59992980957031,,,,193.7425994873047,9.148037910461426,2.6152255535125732,13.12432861328125
2016-12-29,82.57891845703125,,,,,5.414130210876465,112.44025421142578,,,,193.69944763183594,9.138504028320312,2.6025168895721436,13.102131843566895
2016-12-30,82.74738311767578,,,,,5.306302547454834,111.28494262695312,,,,192.991455078125,9.071778297424316,2.526463031768799,12.96734619140625
2017-01-03,82.83161926269531,,,,,5.3981099128723145,112.28057861328125,,,,194.46783447265625,9.205225944519043,2.5876238346099854,13.248005867004395
2017-01-04,82.85457611083984,,,,,5.4547953605651855,112.8911361694336,,,,195.624755859375,9.313647270202637,2.6317074298858643,13.484268188476562
2017-01-05,83.19921112060547,,,,,5.515793800354004,113.52981567382812,,,,195.46934509277344,9.296968460083008,2.6783721446990967,13.443038940429688
2017-01-06,82.9235610961914,,,,,5.61253023147583,114.5254135131836,,,,196.1687469482422,9.36488151550293,2.7462844848632812,13.595260620117188
2017-01-09,83.0613784790039,,,,,5.6501145362854,114.90113830566406,,,,195.5211944580078,9.302926063537598,2.774085521697998,13.46682357788086
2017-01-10,83.03842163085938,,,,,5.674761772155762,115.15473937988281,,,,195.5211944580078,9.30173397064209,2.789971113204956,13.444626808166504
2017-01-11,83.13798522949219,,,,,5.701255798339844,115.4647216796875,,,,196.07376098632812,9.35296630859375,2.8114163875579834,13.554033279418945
2017-01-12,83.1685562133789,,,,,5.684004783630371,115.28622436523438,,,,195.5816192626953,9.310072898864746,2.797119617462158,13.465237617492676
2017-01-13,83.02306365966797,,,,,5.72467041015625,115.68072509765625,,,,196.0305938720703,9.349390029907227,2.8292887210845947,13.549278259277344
2017-01-17,83.306396484375,,,,,5.6889328956604,115.33321380615234,,,,195.33987426757812,9.282668113708496,2.802680492401123,13.424013137817383
2017-01-18,82.94651794433594,,,,,5.714811325073242,115.56803131103516,,,,195.7715606689453,9.321986198425293,2.8217434883117676,13.493780136108398
2017-01-19,82.73210906982422,,,,,5.705569267272949,115.51165008544922,,,,195.0463104248047,9.257648468017578,2.814197301864624,13.35265827178955
2017-01-20,82.76276397705078,,,,,5.730831146240234,115.76528930664062,,,,195.76290893554688,9.312458992004395,2.8324661254882812,13.490607261657715
2017-01-23,82.99246215820312,,,,,5.739457130432129,115.85919952392578,,,,195.25350952148438,9.271946907043457,2.838819742202759,13.385957717895508
2017-01-24,82.8622817993164,,,,,5.817707538604736,116.6387939453125,,,,196.5054168701172,9.381559371948242,2.897995710372925,13.641246795654297
2017-01-25,82.64022064208984,,,,,5.93354606628418,117.81289672851562,,,,198.206298828125,9.541219711303711,2.982588291168213,13.972644805908203
2017-01-26,82.6938247680664,,,,,5.942788124084473,117.93502044677734,,,,197.99908447265625,9.530491828918457,2.9948999881744385,13.94092845916748
2017-01-27,82.76276397705078,,,,,5.965585231781006,118.1604232788086,,,,197.68829345703125,9.505471229553223,3.0091965198516846,13.891773223876953
2017-01-30,82.724365234375,,,,,5.876242637634277,117.23994445800781,,,,196.46224975585938,9.391096115112305,2.940887689590454,13.641246795654297
2017-01-31,82.9235610961914,,,,,5.851597785949707,117.00511932373047,,,,196.4450225830078,9.38632583618164,2.9246041774749756,13.633316993713379
2017-02-01,82.80690002441406,,,,,5.931081295013428,117.81289672851562,,,,196.5226593017578,9.38870906829834,2.98020601272583,13.641246795654297
2017-02-02,82.85292053222656,,,,,5.9206061363220215,117.70956420898438,,,,196.6522216796875,9.393475532531738,2.972659111022949,13.660271644592285
2017-02-03,82.87596893310547,,,,,5.951414108276367,118.04772186279297,,,,198.0076904296875,9.525727272033691,2.998473644256592,13.934588432312012
2017-02-06,83.11383056640625,,,,,5.967432975769043,118.18860626220703,,,,197.65374755859375,9.492365837097168,3.009594678878784,13.875919342041016
2017-02-07,83.19825744628906,,,,,6.010564804077148,118.62063598632812,,,,197.66238403320312,9.49593734741211,3.040571689605713,13.86640453338623
2017-02-08,83.43608093261719,,,,,6.03336238861084,118.81793212890625,,,,197.9213409423828,9.520962715148926,3.057649612426758,13.921903610229492
2017-02-09,83.23657989501953,,,,,6.075260162353516,119.2499771118164,,,,199.09556579589844,9.622238159179688,3.089420795440674,14.159747123718262
2017-02-10,83.22123718261719,,,,,6.114077091217041,119.64447784423828,,,,199.88121032714844,9.697300910949707,3.1200013160705566,14.326240539550781
2017-02-13,83.0984878540039,,,,,6.183701992034912,120.32076263427734,,,,200.9691162109375,9.805718421936035,3.1748080253601074,14.545059204101562
2017-02-14,82.914306640625,,,,,6.223135948181152,120.724609375,,,,201.77207946777344,9.889123916625977,3.204594135284424,14.732165336608887
2017-02-15,82.78388214111328,,,,,6.294612407684326,121.43848419189453,,,,202.8253631591797,9.986824035644531,3.259798288345337,14.952567100524902
2017-02-16,82.9603500366211,,,,,6.292762279510498,121.4009017944336,,,,202.65269470214844,9.974910736083984,3.2570180892944336,14.924029350280762
2017-02-17,83.1445083618164,,,,,6.347599029541016,121.92688751220703,,,,202.97215270996094,9.995162963867188,3.297924757003784,14.982694625854492
2017-02-21,83.13684844970703,,,,,6.407983303070068,122.52803802490234,,,,204.1808624267578,10.115500450134277,3.3503479957580566,15.241151809692383
2017-02-22,83.19054412841797,,,,,6.413527965545654,122.57498931884766,,,,203.99957275390625,10.102394104003906,3.350745677947998,15.214197158813477
2017-02-23,83.32866668701172,,,,,6.367316722869873,122.11474609375,,,,204.13771057128906,10.120265007019043,3.3146047592163086,15.2522554397583
2017-02-24,83.63558959960938,,,,,6.387033462524414,122.34957122802734,,,,204.39675903320312,10.13813591003418,3.3324759006500244,15.302993774414062
2017-02-27,83.48210144042969,,,,,6.404902458190918,122.49984741210938,,,,204.71617126464844,10.175073623657227,3.342405319213867,15.37117862701416
2017-02-28,83.4590835571289,,,,,6.364237308502197,122.12415313720703,,,,204.1636199951172,10.121458053588867,3.3161938190460205,15.257011413574219
2017-03-01,83.06697082519531,,,,,6.50225305557251,123.45787811279297,,,,207.0214080810547,10.389535903930664,3.423424005508423,15.87224006652832
2017-03-02,82.9131851196289,,,,,6.438173294067383,122.83796691894531,,,,205.7177734375,10.273963928222656,3.3694112300872803,15.602676391601562
2017-03-03,82.97472381591797,,,,,6.460355758666992,123.06338500976562,,,,205.8472137451172,10.279921531677246,3.38688588142395,15.616951942443848
2017-03-06,82.936279296875,,,,,6.432629108428955,122.79100036621094,,,,205.23422241210938,10.216773986816406,3.3634543418884277,15.480585098266602
2017-03-07,82.82861328125,,,,,6.406750202178955,122.58440399169922,,,,204.62123107910156,10.160776138305664,3.346774101257324,15.342636108398438
2017-03-08,82.62873840332031,,,,,6.4301629066467285,122.80043029785156,,,,204.2413330078125,10.115500450134277,3.363851547241211,15.242738723754883
2017-03-09,82.37501525878906,,,,,6.4387898445129395,122.89434051513672,,,,204.50033569335938,10.141712188720703,3.3741767406463623,15.296651840209961
2017-03-10,82.498046875,,,,,6.4942426681518555,123.41094970703125,,,,205.21693420410156,10.204861640930176,3.411112070083618,15.447291374206543
2017-03-13,82.35963439941406,,,,,6.513960838317871,123.61756896972656,,,,205.32052612304688,10.220351219177246,3.430968999862671,15.47107219696045
2017-03-14,82.3904037475586,,,,,6.480072498321533,123.31700897216797,,,,204.5348663330078,10.146477699279785,3.405552387237549,15.312508583068848
2017-03-15,82.8670883178711,,,,,6.560788631439209,124.07783508300781,,,,206.30482482910156,10.313284873962402,3.4651243686676025,15.675613403320312
2017-03-16,82.7748031616211,,,,,6.555859565734863,123.99327087402344,,,,205.8990020751953,10.278729438781738,3.4631383419036865,15.61378002166748
2017-03-17,82.95165252685547,,,,,6.5435357093811035,123.94998931884766,,,,205.53744506835938,10.239413261413574,3.4547977447509766,15.510708808898926
2017-03-20,83.07467651367188,,,,,6.557706832885742,124.06291961669922,,,,205.31199645996094,10.21439266204834,3.4651243686676025,15.466313362121582
2017-03-21,83.24380493164062,,,,,6.363003253936768,122.18048858642578,,,,202.6758575439453,9.952269554138184,3.3106329441070557,14.878042221069336
2017-03-22,83.3591537475586,,,,,6.446137428283691,123.0087661743164,,,,203.15277099609375,9.999860763549805,3.3757660388946533,14.968423843383789
2017-03-23,83.38224792480469,,,,,6.41594123840332,122.69813537597656,,,,202.9359588623047,9.976007461547852,3.3487589359283447,14.917683601379395
2017-03-24,83.31300354003906,,,,,6.434429168701172,122.95230865478516,,,,202.7886199951172,9.964079856872559,3.3670287132263184,14.887557029724121
2017-03-27,83.51294708251953,,,,,6.460313320159912,123.14995574951172,,,,202.58045959472656,9.93783950805664,3.384899854660034,14.833647727966309
2017-03-28,83.32068634033203,,,,,6.5373454093933105,123.90292358398438,,,,204.05458068847656,10.079776763916016,3.44844388961792,15.142842292785645
2017-03-29,83.50524139404297,,,,,6.598355770111084,124.4770736694336,,,,204.24539184570312,10.104822158813477,3.4941158294677734,15.212613105773926
2017-03-30,83.35143280029297,,,,,6.616842746734619,124.68415832519531,,,,204.89578247070312,10.159688949584961,3.5115904808044434,15.33153247833252
2017-03-31,83.4129638671875,,,,,6.610065460205078,124.59943389892578,,,,204.41879272460938,10.119132995605469,3.5032505989074707,15.223712921142578
2017-04-03,83.72270202636719,,,,,6.600204944610596,124.52418518066406,,,,204.0633087158203,10.082158088684082,3.4957048892974854,15.165043830871582
2017-04-04,83.64568328857422,,,,,6.618692398071289,124.72177124023438,,,,204.19332885742188,10.098856925964355,3.5115904808044434,15.190413475036621
2017-04-05,83.73808288574219,,,,,6.5681586265563965,124.21355438232422,,,,203.5863494873047,10.034449577331543,3.4714784622192383,15.036606788635254
2017-04-06,83.73040771484375,,,,,6.57432222366333,124.27942657470703,,,,204.1586456298828,10.080964088439941,3.4742584228515625,15.160284996032715
2017-04-07,83.5455093383789,,,,,6.56754207611084,124.21355438232422,,,,203.9505615234375,10.063077926635742,3.4702866077423096,15.115886688232422
2017-04-10,83.65335083007812,,,,,6.573705196380615,124.2606201171875,,,,204.07192993164062,10.075006484985352,3.4742584228515625,15.139671325683594
2017-04-11,83.89217376708984,,,,,6.517625331878662,123.72407531738281,,,,203.8291473388672,10.052340507507324,3.430572509765625,15.085760116577148
2017-04-12,84.07708740234375,,,,,6.4633941650390625,123.22525024414062,,,,202.9359588623047,9.968850135803223,3.3852972984313965,14.895483016967773
2017-04-13,84.18492889404297,,,,,6.408545017242432,122.73583984375,,,,201.61795043945312,9.841226577758789,3.345184803009033,14.611656188964844
2017-04-17,84.13870239257812,,,,,6.51331090927124,123.75236511230469,,,,203.40420532226562,10.008212089538574,3.424614906311035,14.981112480163574
2017-04-18,84.47771453857422,,,,,6.496671676635742,123.56410217285156,,,,202.79725646972656,9.942609786987305,3.4146862030029297,14.83840560913086
2017-04-19,84.34673309326172,,,,,6.515159606933594,123.76175689697266,,,,202.42440795898438,9.90921401977539,3.426600456237793,14.762290954589844
2017-04-20,84.21575164794922,,,,,6.618692398071289,124.79710388183594,,,,204.07192993164062,10.063077926635742,3.509603977203369,15.10637378692627
2017-04-21,84.2388687133789,,,,,6.618692398071289,124.76889038085938,,,,203.4215545654297,10.007017135620117,3.50801682472229,14.979522705078125
2017-04-24,84.1156005859375,,,,,6.7783050537109375,126.27481842041016,,,,205.65879821777344,10.21932315826416,3.6355016231536865,15.455216407775879
2017-04-25,83.8382339477539,,,,,6.8769073486328125,127.18782043457031,,,,206.85545349121094,10.336210250854492,3.7161221504211426,15.726359367370605
2017-04-26,83.9460678100586,,,,,6.857186794281006,127.00902557373047,,,,206.72537231445312,10.330245971679688,3.6998391151428223,15.704156875610352
2017-04-27,84.0231704711914,,,,,6.937301158905029,127.77139282226562,,,,206.89886474609375,10.343367576599121,3.7645742893218994,15.742212295532227
2017-04-28,84.1695327758789,,,,,6.961951732635498,127.99726104736328,,,,206.44789123535156,10.306394577026367,3.786020278930664,15.645486831665039
2017-05-01,83.95254516601562,,,,,7.0796589851379395,129.1361541748047,,,,206.96820068359375,10.349331855773926,3.881335735321045,15.743800163269043
2017-05-02,84.06839752197266,,,,,7.108623504638672,129.35267639160156,,,,207.0462646484375,10.356488227844238,3.904371500015259,15.770759582519531
2017-05-03,83.98340606689453,,,,,7.062404155731201,128.9385223388672,,,,206.79478454589844,10.331440925598145,3.86584734916687,15.720015525817871
2017-05-04,83.91397857666016,,,,,7.067333698272705,128.9855499267578,,,,207.0375518798828,10.351716041564941,3.869818925857544,15.750142097473145
2017-05-05,83.92938995361328,,,,,7.117867469787598,129.4561309814453,,,,207.8526153564453,10.441171646118164,3.911916971206665,15.94834041595459
2017-05-08,83.76726531982422,,,,,7.148680686950684,129.73851013183594,,,,207.81797790527344,10.434016227722168,3.9353480339050293,15.938837051391602
2017-05-09,83.77499389648438,,,,,7.199214935302734,130.1903533935547,,,,207.62716674804688,10.412546157836914,3.978637933731079,15.896024703979492
2017-05-10,83.7981185913086,,,,,7.205377101898193,130.265625,,,,208.00009155273438,10.444750785827637,3.9849905967712402,15.968961715698242
2017-05-11,83.79043579101562,,,,,7.193669319152832,130.16209411621094,,,,207.57521057128906,10.405387878417969,3.9754602909088135,15.881752967834473
2017-05-12,84.09932708740234,,,,,7.226329803466797,130.45391845703125,,,,207.2283477783203,10.3767671585083,4.001276016235352,15.802471160888672
2017-05-15,84.06839752197266,,,,,7.270702362060547,130.86801147460938,,,,208.37295532226562,10.474567413330078,4.038606643676758,16.037139892578125
2017-05-16,84.17648315429688,,,,,7.333560466766357,131.41390991210938,,,,208.18218994140625,10.462640762329102,4.089443206787109,16.002256393432617
2017-05-17,84.60887145996094,,,,,6.957637786865234,128.07257080078125,,,,204.48818969726562,10.095279693603516,3.7800631523132324,15.160284996032715
2017-05-18,84.56253814697266,,,,,7.075962543487549,129.19264221191406,,,,205.31199645996094,10.16684627532959,3.8757760524749756,15.31726360321045
2017-05-19,84.56253814697266,,,,,7.1394362449646,129.73851013183594,,,,206.64736938476562,10.301621437072754,3.9226396083831787,15.615363121032715
2017-05-22,84.50850677490234,,,,,7.259608268737793,130.83035278320312,,,,207.6965789794922,10.403003692626953,4.024309158325195,15.865899085998535
2017-05-23,84.34636688232422,,,,,7.271317481994629,130.9622039794922,,,,208.1561737060547,10.44832706451416,4.034239292144775,15.965791702270508
2017-05-24,84.49302673339844,,,,,7.340339660644531,131.5645294189453,,,,208.64175415039062,10.494845390319824,4.08983850479126,16.056175231933594
2017-05-25,84.53164672851562,,,,,7.4617438316345215,132.68460083007812,,,,209.6389923095703,10.589068412780762,4.1974663734436035,16.282917022705078
2017-05-26,84.50081634521484,,,,,7.487627029418945,132.91983032226562,,,,209.59561157226562,10.593838691711426,4.215339183807373,16.290843963623047
2017-05-30,84.66294860839844,,,,,7.501801013946533,133.03277587890625,,,,209.41351318359375,10.573563575744629,4.224076271057129,16.251205444335938
2017-05-31,84.74786376953125,,,,,7.492557525634766,132.98577880859375,,,,209.3614959716797,10.568793296813965,4.218912124633789,16.2242488861084
2017-06-01,84.70915222167969,,,,,7.557880878448486,133.50344848632812,,,,211.02639770507812,10.72742748260498,4.269351959228516,16.60321807861328
2017-06-02,84.9876937866211,,,,,7.721808910369873,135.0282440185547,,,,211.728759765625,10.797798156738281,4.415103435516357,16.763370513916016
2017-06-05,84.85614013671875,,,,,7.720573902130127,135.00001525878906,,,,211.5726776123047,10.789447784423828,4.411529541015625,16.741172790527344
2017-06-06,85.02638244628906,,,,,7.663878917694092,134.46351623535156,,,,210.8962860107422,10.726232528686523,4.361488342285156,16.59052848815918
2017-06-07,84.92581939697266,,,,,7.718726634979248,134.99057006835938,,,,211.28652954101562,10.75605297088623,4.409146785736084,16.665056228637695
2017-06-08,84.8407211303711,,,,,7.736598014831543,135.1317901611328,,,,211.3905792236328,10.769172668457031,4.421061038970947,16.685670852661133
2017-06-09,84.77110290527344,,,,,7.347733974456787,131.75277709960938,,,,211.06973266601562,10.734582901000977,4.101356029510498,16.615907669067383
2017-06-12,84.77110290527344,,,,,7.266387939453125,131.04678344726562,,,,211.02639770507812,10.72742748260498,4.027089595794678,16.59370231628418
2017-06-13,84.79426574707031,,,,,7.384093284606934,132.1103973388672,,,,212.0582733154297,10.828810691833496,4.121214866638184,16.8331356048584
2017-06-14,85.06510162353516,,,,,7.318153381347656,131.53628540039062,,,,211.78952026367188,10.809725761413574,4.066009998321533,16.774463653564453
2017-06-15,85.01092529296875,,,,,7.249748229980469,130.95272827148438,,,,211.38194274902344,10.763209342956543,4.011204242706299,16.668230056762695
2017-06-16,85.06510162353516,,,,,7.197366237640381,130.3845977783203,,,,211.42813110351562,10.764402389526367,3.9631495475769043,16.668230056762695
2017-06-19,84.94902801513672,,,,,7.428465843200684,132.56475830078125,,,,213.188232421875,10.9385404586792,4.154972553253174,17.090011596679688
2017-06-20,85.08056640625,,,,,7.314455986022949,131.5265350341797,,,,211.75050354003906,10.797798156738281,4.060848712921143,16.763370513916016
2017-06-21,85.09605407714844,,,,,7.4572529792785645,132.8289337158203,,,,211.69822692871094,10.787293434143066,4.1788010597229,16.728479385375977
2017-06-22,85.1346664428711,,,,,7.45170783996582,132.79122924804688,,,,211.60238647460938,10.7765474319458,4.174035549163818,16.709457397460938
2017-06-23,85.15022277832031,,,,,7.506557941436768,133.30087280273438,,,,211.85508728027344,10.806395530700684,4.220898628234863,16.780807495117188
2017-06-26,85.22758483886719,,,,,7.4393815994262695,132.67796325683594,,,,211.9945068359375,10.81117057800293,4.164900302886963,16.795080184936523
2017-06-27,84.97228240966797,,,,,7.169442176818848,130.27130126953125,,,,210.28663635253906,10.64522933959961,3.935746192932129,16.40501594543457
2017-06-28,85.00318145751953,,,,,7.3691229820251465,132.14944458007812,,,,212.1687469482422,10.823107719421387,4.100959300994873,16.817279815673828
2017-06-29,84.8407211303711,,,,,7.115823268890381,129.85606384277344,,,,210.30406188964844,10.64522933959961,3.892059087753296,16.39232635498047
2017-06-30,84.73236846923828,,,,,7.1071953773498535,129.90321350097656,,,,210.69618225097656,10.6786527633667,3.8785560131073,16.47002410888672
2017-07-03,84.58116912841797,,,,,6.970991611480713,128.53472900390625,,,,211.05340576171875,10.716856002807617,3.772913932800293,16.550891876220703
2017-07-05,84.62767791748047,,,,,7.106578350067139,129.79937744140625,,,,211.54139709472656,10.756253242492676,3.8805415630340576,16.658716201782227
2017-07-06,84.46489715576172,,,,,6.976538181304932,128.6291046142578,,,,209.60694885253906,10.567630767822266,3.7780773639678955,16.214733123779297
2017-07-07,84.4338607788086,,,,,7.12198543548584,130.01649475097656,,,,210.9662628173828,10.700145721435547,3.8912649154663086,16.51283836364746
2017-07-10,84.47264862060547,,,,,7.2205939292907715,130.8658905029297,,,,211.19285583496094,10.722827911376953,3.972679376602173,16.558822631835938
2017-07-11,84.5501937866211,,,,,7.260036945343018,131.23399353027344,,,,211.0359649658203,10.700145721435547,4.005246162414551,16.520767211914062
2017-07-12,84.80602264404297,,,,,7.4356842041015625,132.79122924804688,,,,212.62185668945312,10.863696098327637,4.147823333740234,16.893386840820312
2017-07-13,84.7130355834961,,,,,7.466498374938965,133.08377075195312,,,,212.97911071777344,10.895928382873535,4.17522668838501,16.972673416137695
2017-07-14,84.79829406738281,,,,,7.579898357391357,134.1314239501953,,,,213.97250366210938,10.993820190429688,4.273322582244873,17.197830200195312
2017-07-17,84.8370361328125,,,,,7.587911128997803,134.19749450683594,,,,213.94635009765625,10.997404098510742,4.275704860687256,17.19941520690918
2017-07-18,85.03083801269531,,,,,7.691448211669922,135.0940704345703,,,,214.05963134765625,11.009339332580566,4.360694408416748,17.22637367248535
2017-07-19,85.0541763305664,,,,,7.780196189880371,135.88685607910156,,,,215.21852111816406,11.12394905090332,4.440522193908691,17.505441665649414
2017-07-20,85.07742309570312,,,,,7.7999186515808105,136.0662078857422,,,,215.3143768310547,11.12991714477539,4.457202434539795,17.518131256103516
2017-07-21,85.22473907470703,,,,,7.788824558258057,136.00953674316406,,,,215.1226806640625,11.11678695678711,4.450450420379639,17.483243942260742
2017-07-24,85.14720153808594,,,,,7.857849597930908,136.63247680664062,,,,215.07037353515625,11.106040000915527,4.508433818817139,17.46580696105957
2017-07-25,84.84477996826172,,,,,7.8245697021484375,136.28321838378906,,,,215.59326171875,11.153791427612305,4.478250503540039,17.570451736450195
2017-07-26,85.00760650634766,,,,,7.8726420402526855,136.7267608642578,,,,215.60189819335938,11.164536476135254,4.5183634757995605,17.58472442626953
2017-07-27,84.88353729248047,,,,,7.780196189880371,135.86795043945312,,,,215.4014892578125,11.141858100891113,4.437741756439209,17.543498992919922
2017-07-28,85.0541763305664,,,,,7.759243011474609,135.75473022460938,,,,215.14883422851562,11.11081600189209,4.423444747924805,17.46104621887207
2017-07-31,85.0153579711914,,,,,7.690216541290283,135.17901611328125,,,,215.02685546875,11.100072860717773,4.3658576011657715,17.437255859375
2017-08-01,85.2484359741211,,,,,7.723496913909912,135.49046325683594,,,,215.50611877441406,11.141858100891113,4.394452095031738,17.540328979492188
2017-08-02,85.1863021850586,,,,,7.765405178070068,135.85853576660156,,,,215.61062622070312,11.152597427368164,4.426621437072754,17.560945510864258
2017-08-03,85.35726928710938,,,,,7.7136359214782715,135.3300018310547,,,,215.19239807128906,11.117979049682617,4.380552768707275,17.47848892211914
2017-08-04,85.21739196777344,,,,,7.733358383178711,135.57542419433594,,,,215.58450317382812,11.152597427368164,4.397630214691162,17.553016662597656
2017-08-07,85.2095947265625,,,,,7.827035427093506,136.43426513671875,,,,215.98532104492188,11.189611434936523,4.475471019744873,17.646562576293945
2017-08-08,85.13194274902344,,,,,7.804849147796631,136.1982879638672,,,,215.4538116455078,11.141858100891113,4.458791255950928,17.537155151367188
2017-08-09,85.2095947265625,,,,,7.782660961151123,136.01895141601562,,,,215.4451141357422,11.128724098205566,4.4413161277771,17.51020622253418
2017-08-10,85.29507446289062,,,,,7.4449286460876465,133.1026611328125,,,,212.40402221679688,10.82430362701416,4.152985572814941,16.782390594482422
2017-08-11,85.36502838134766,,,,,7.557096004486084,134.11256408691406,,,,212.71771240234375,10.84579086303711,4.247905254364014,16.845821380615234
2017-08-14,85.32617950439453,,,,,7.753078937530518,135.83966064453125,,,,214.82640075683594,11.06425666809082,4.413119316101074,17.340539932250977
2017-08-15,85.20185852050781,,,,,7.762940406799316,135.9340362548828,,,,214.80027770996094,11.061869621276855,4.421061038970947,17.337369918823242
2017-08-16,85.35726928710938,,,,,7.792522430419922,136.16998291015625,,,,215.17495727539062,11.096489906311035,4.444096088409424,17.41506004333496
2017-08-17,85.48158264160156,,,,,7.474510669708252,133.38580322265625,,,,211.82015991210938,10.752673149108887,4.170856952667236,16.609560012817383
2017-08-18,85.42716979980469,,,,,7.454790115356445,133.29141235351562,,,,211.48912048339844,10.71566390991211,4.156163215637207,16.516002655029297
2017-08-21,85.48932647705078,,,,,7.446160793304443,133.12155151367188,,,,211.6546630859375,10.733570098876953,4.148617744445801,16.56674575805664
2017-08-22,85.41166687011719,,,,,7.668030261993408,135.15069580078125,,,,213.867919921875,10.947261810302734,4.3332905769348145,17.05512809753418
2017-08-23,85.60590362548828,,,,,7.610098361968994,134.66937255859375,,,,213.1011199951172,10.876829147338867,4.284839630126953,16.885456085205078
2017-08-24,85.49710845947266,,,,,7.570653438568115,134.27296447753906,,,,212.60447692871094,10.827880859375,4.249096393585205,16.76971435546875
2017-08-25,85.55925750732422,,,,,7.536140441894531,133.98983764648438,,,,213.1011199951172,10.874438285827637,4.22050142288208,16.88070297241211
2017-08-28,85.59032440185547,,,,,7.5743513107299805,134.40509033203125,,,,213.10983276367188,10.879215240478516,4.257437229156494,16.88387680053711
2017-08-29,85.71464538574219,,,,,7.637214660644531,134.93362426757812,,,,213.35385131835938,10.894734382629395,4.3098602294921875,16.931442260742188
2017-08-30,85.69914245605469,,,,,7.819639205932617,136.51918029785156,,,,214.36459350585938,10.99979019165039,4.459187030792236,17.183557510375977
2017-08-31,85.81565856933594,,,,,7.965086936950684,137.98208618164062,,,,215.65423583984375,11.134690284729004,4.585879325866699,17.47373390197754
2017-09-01,85.62098693847656,,,,,7.9638543128967285,137.7932586669922,,,,215.95921325683594,11.1693115234375,4.582701206207275,17.568872451782227
2017-09-05,85.97136688232422,,,,,7.817173957824707,136.55697631835938,,,,214.4081268310547,11.004566192626953,4.459982395172119,17.170875549316406
2017-09-06,85.87796020507812,,,,,7.862781047821045,136.9722137451172,,,,215.14013671875,11.076193809509277,4.498504161834717,17.345293045043945
2017-09-07,86.08816528320312,,,,,7.900990962982178,137.29310607910156,,,,215.1139678955078,11.073810577392578,4.52630615234375,17.332612991333008
2017-09-08,85.9869613647461,,,,,7.766637325286865,136.10394287109375,,,,214.86126708984375,11.042766571044922,4.414708137512207,17.25967025756836
2017-09-11,85.75338745117188,,,,,7.934272289276123,137.6706085205078,,,,217.15296936035156,11.27078914642334,4.555298328399658,17.80354881286621
2017-09-12,85.62879180908203,,,,,7.978647232055664,138.00091552734375,,,,217.88490295410156,11.351964950561523,4.593821048736572,17.99857521057129
2017-09-13,85.54315948486328,,,,,8.000832557678223,138.18971252441406,,,,217.989501953125,11.365097045898438,4.612884044647217,18.03188133239746
2017-09-14,85.58989715576172,,,,,7.904690265655518,137.3780517578125,,,,217.91976928710938,11.356742858886719,4.535043716430664,18.006505966186523
2017-09-15,85.57427215576172,,,,,7.955226898193359,137.8499298095703,,,,218.21315002441406,11.390170097351074,4.57158088684082,18.085784912109375
2017-09-18,85.5353775024414,,,,,7.937970161437988,137.6692657470703,,,,218.67724609375,11.43433952331543,4.560461044311523,18.182512283325195
2017-09-19,85.4886245727539,,,,,7.965086936950684,137.90574645996094,,,,218.89617919921875,11.451050758361816,4.579919815063477,18.225318908691406
2017-09-20,85.41854858398438,,,,,7.918247699737549,137.48011779785156,,,,218.97494506835938,11.460603713989258,4.541794776916504,18.253864288330078
2017-09-21,85.40299987792969,,,,,7.814709186553955,136.6383056640625,,,,218.3883056640625,11.397330284118652,4.4544219970703125,18.098474502563477
2017-09-22,85.46529388427734,,,,,7.802382469177246,136.50592041015625,,,,218.43209838867188,11.402106285095215,4.443302154541016,18.107982635498047
2017-09-25,85.66771697998047,,,,,7.639678955078125,135.06820678710938,,,,217.9854278564453,11.354352951049805,4.3039021492004395,17.995405197143555
2017-09-26,85.6365966796875,,,,,7.676657199859619,135.41818237304688,,,,218.11683654785156,11.366292953491211,4.3332905769348145,18.027116775512695
2017-09-27,85.38740539550781,,,,,7.8134765625,136.6383056640625,,,,218.96624755859375,11.454717636108398,4.45084810256958,18.222150802612305
2017-09-28,85.39521789550781,,,,,7.806081295013428,136.59100341796875,,,,219.22891235351562,11.48100471496582,4.443302154541016,18.291919708251953
2017-09-29,85.32514190673828,,,,,7.915782928466797,137.57467651367188,,,,219.99954223632812,11.559871673583984,4.537426471710205,18.467926025390625
2017-10-02,85.37741088867188,,,,,7.92687463760376,137.69764709472656,,,,220.95404052734375,11.653076171875,4.550134181976318,18.70260238647461
2017-10-03,85.44764709472656,,,,,7.966317653656006,137.99085998535156,,,,221.42691040039062,11.70923900604248,4.578730583190918,18.83738136291504
2017-10-04,85.42423248291016,,,,,7.977413177490234,138.12330627441406,,,,221.68966674804688,11.737919807434082,4.590644359588623,18.897632598876953
2017-10-05,85.38521575927734,,,,,8.135186195373535,139.4758758544922,,,,223.00323486328125,11.869361877441406,4.72289514541626,19.222694396972656
2017-10-06,85.2603759765625,,,,,8.15244197845459,139.6650390625,,,,222.74920654296875,11.846657752990723,4.739973068237305,19.17353630065918
2017-10-09,85.37741088867188,,,,,8.137648582458496,139.50424194335938,,,,222.38140869140625,11.80722427368164,4.728056907653809,19.078401565551758
2017-10-10,85.38521575927734,,,,,8.1487455368042,139.60829162597656,,,,222.9681396484375,11.865777015686035,4.737986087799072,19.20683479309082
2017-10-11,85.40084075927734,,,,,8.198046684265137,140.02444458007812,,,,223.31837463378906,11.899237632751465,4.779290676116943,19.297216415405273
2017-10-12,85.50223541259766,,,,,8.167234420776367,139.76907348632812,,,,222.9856414794922,11.86099624633789,4.753475666046143,19.214759826660156
2017-10-13,85.7129135131836,,,,,8.226399421691895,140.30824279785156,,,,223.25711059570312,11.89206600189209,4.806694030761719,19.265506744384766
2017-10-16,85.6270980834961,,,,,8.283098220825195,140.79058837890625,,,,223.55484008789062,11.92552375793457,4.8563361167907715,19.349538803100586
2017-10-17,85.59586334228516,,,,,8.301589012145996,140.97030639648438,,,,223.7124481201172,11.942255973815918,4.873414039611816,19.39076805114746
2017-10-18,85.46326446533203,,,,,8.283098220825195,140.80010986328125,,,,223.93138122558594,11.95778751373291,4.854746341705322,19.446264266967773
2017-10-19,85.52566528320312,,,,,8.22146987915039,140.27984619140625,,,,223.99266052246094,11.963762283325195,4.801132678985596,19.46370506286621
2017-10-20,85.2759780883789,,,,,8.26337718963623,140.658203125,,,,225.14865112304688,12.088038444519043,4.836082935333252,19.742780685424805
2017-10-23,85.36961364746094,,,,,8.156139373779297,139.74069213867188,,,,224.2728729248047,11.994831085205078,4.74592924118042,19.52713394165039
2017-10-24,85.19017028808594,,,,,8.186956405639648,139.9771728515625,,,,224.66696166992188,12.031874656677246,4.77015495300293,19.61910057067871
2017-10-25,85.13560485839844,,,,,8.12039566040039,139.447509765625,,,,223.55484008789062,11.914769172668457,4.71217155456543,19.34636688232422
2017-10-26,85.04193115234375,,,,,8.073554992675781,139.00294494628906,,,,223.84384155273438,11.942255973815918,4.66848611831665,19.386011123657227
2017-10-27,85.22918701171875,,,,,8.529620170593262,143.05120849609375,,,,225.67398071289062,12.133443832397461,5.070796489715576,19.87914276123047
2017-10-30,85.46326446533203,,,,,8.576457023620605,143.37278747558594,,,,224.83340454101562,12.047407150268555,5.106938362121582,19.658740997314453
2017-10-31,85.40863800048828,,,,,8.638090133666992,143.91189575195312,,,,225.18365478515625,12.083258628845215,5.160949230194092,19.730091094970703
2017-11-01,85.44615173339844,,,,,8.634391784667969,143.86463928222656,,,,225.48135375976562,12.115518569946289,5.154197692871094,19.831573486328125
2017-11-02,85.4930419921875,,,,,8.594947814941406,143.59031677246094,,,,225.56893920898438,12.122688293457031,5.127986907958984,19.844266891479492
2017-11-03,85.57125854492188,,,,,8.757652282714844,144.9712677001953,,,,226.32200622558594,12.199169158935547,5.270960330963135,20.02344512939453
2017-11-06,85.64942932128906,,,,,8.819281578063965,145.463134765625,,,,226.67233276367188,12.231427192687988,5.324574947357178,20.10430335998535
2017-11-07,85.67291259765625,,,,,8.829141616821289,145.5482177734375,,,,226.51467895507812,12.227846145629883,5.333313465118408,20.086862564086914
2017-11-08,85.61814880371094,,,,,8.901865005493164,146.1346893310547,,,,226.89999389648438,12.2672758102417,5.400034427642822,20.1851749420166
2017-11-09,85.55561828613281,,,,,8.80325698852539,145.36851501464844,,,,226.07681274414062,12.174071311950684,5.313455104827881,19.953676223754883
2017-11-10,85.21160888671875,,,,,8.805721282958984,145.35910034179688,,,,226.00677490234375,12.163320541381836,5.311866283416748,19.92671775817871
2017-11-13,85.21160888671875,,,,,8.824209213256836,145.53875732421875,,,,226.2169647216797,12.183629989624023,5.327752113342285,19.97903823852539
2017-11-14,85.29761505126953,,,,,8.763814926147461,145.00909423828125,,,,225.69151306152344,12.127469062805176,5.274136066436768,19.853776931762695
2017-11-15,85.46176147460938,,,,,8.672601699829102,144.32810974121094,,,,224.56190490722656,12.00439167022705,5.196692943572998,19.546161651611328
2017-11-16,85.36798095703125,,,,,8.89816951751709,146.17250061035156,,,,226.4709014892578,12.200362205505371,5.391295433044434,20.013927459716797
2017-11-17,85.46176147460938,,,,,8.830373764038086,145.6144256591797,,,,225.8053436279297,12.133443832397461,5.330929756164551,19.8648738861084
2017-11-20,85.41484832763672,,,,,8.815582275390625,145.50096130371094,,,,226.19065856933594,12.169294357299805,5.317824363708496,19.948915481567383
2017-11-21,85.50089263916016,,,,,9.002939224243164,147.08055114746094,,,,227.6705780029297,12.327024459838867,5.485420227050781,20.33580780029297
2017-11-22,85.64942932128906,,,,,9.02759075164795,147.26026916503906,,,,227.46920776367188,12.309102058410645,5.507264614105225,20.275558471679688
2017-11-24,85.6337890625,,,,,9.09415054321289,147.7993927001953,,,,227.9945831298828,12.362874031066895,5.569220542907715,20.405582427978516
2017-11-27,85.6337890625,,,,,9.084290504455566,147.7332000732422,,,,227.8808135986328,12.353312492370605,5.560084819793701,20.392892837524414
2017-11-28,85.6337890625,,,,,9.129897117614746,148.11151123046875,,,,230.19252014160156,12.593499183654785,5.600990295410156,20.99701690673828
2017-11-29,85.42271423339844,,,,,8.816817283630371,145.52935791015625,,,,230.05247497558594,12.585131645202637,5.313057899475098,20.958969116210938
2017-11-30,85.28195190429688,,,,,8.958564758300781,146.74948120117188,,,,232.06658935546875,12.79305362701416,5.444911956787109,21.480642318725586
2017-12-01,85.52562713623047,,,,,8.882143020629883,146.12527465820312,,,,231.58485412597656,12.742866516113281,5.37223482131958,21.363306045532227
2017-12-04,85.51777648925781,,,,,8.677533149719238,144.441650390625,,,,231.30474853515625,12.711797714233398,5.186765670776367,21.280853271484375
2017-12-05,85.60397338867188,,,,,8.679996490478516,144.5362091064453,,,,230.47279357910156,12.624565124511719,5.194311141967773,21.05727767944336
2017-12-06,85.69019317626953,,,,,8.758883476257324,145.18881225585938,,,,230.51654052734375,12.625761985778809,5.263017654418945,21.05727767944336
2017-12-07,85.58049011230469,,,,,8.820512771606445,145.68064880371094,,,,231.24334716796875,12.703432083129883,5.315043926239014,21.255481719970703
2017-12-08,85.54913330078125,,,,,8.89816951751709,146.3238525390625,,,,232.50440979003906,12.838459968566895,5.38533878326416,21.596391677856445
2017-12-11,85.51777648925781,,,,,9.03622055053711,147.4589080810547,,,,233.20489501953125,12.919717788696289,5.508852005004883,21.804109573364258
2017-12-12,85.47862243652344,,,,,9.010334014892578,147.26026916503906,,,,233.6165313720703,12.966320037841797,5.48820161819458,21.910348892211914
2017-12-13,85.72152709960938,,,,,9.042381286621094,147.5440216064453,,,,233.59027099609375,12.956759452819824,5.515604496002197,21.89766502380371
2017-12-14,85.74504089355469,,,,,9.028826713562012,147.43997192382812,,,,232.6356964111328,12.851604461669922,5.507660388946533,21.62968635559082
2017-12-15,85.76853942871094,,,,,9.226041793823242,149.1141357421875,,,,234.57301330566406,13.065499305725098,5.6867756843566895,22.156118392944336
2017-12-18,85.65884399414062,,,,,9.38504409790039,150.36431884765625,,,,236.0605010986328,13.22442626953125,5.832925796508789,22.579484939575195
2017-12-19,85.40809631347656,,,,,9.27904224395752,149.47335815429688,,,,235.15382385253906,13.133609771728516,5.738007545471191,22.321027755737305
2017-12-20,85.2122802734375,,,,,9.255622863769531,149.31219482421875,,,,235.03065490722656,13.113296508789062,5.714178562164307,22.281381607055664
2017-12-21,85.28748321533203,,,,,9.256856918334961,149.3311767578125,,,,235.51473999023438,13.15870475769043,5.711398124694824,22.39714241027832
2017-12-22,85.32662963867188,,,,,9.234667778015137,149.16055297851562,,,,235.453125,13.152731895446777,5.6923346519470215,22.37652587890625
2017-12-26,85.397216796875,,,,,9.134828567504883,148.3549041748047,,,,235.17152404785156,13.119341850280762,5.6001973152160645,22.289318084716797
2017-12-27,85.66365814208984,,,,,9.136062622070312,148.37387084960938,,,,235.2859649658203,13.13489818572998,5.6001973152160645,22.336885452270508
2017-12-28,85.60099029541016,,,,,9.154548645019531,148.553955078125,,,,235.77001953125,13.183963775634766,5.615287780761719,22.439952850341797
2017-12-29,85.68716430664062,,,,,9.038686752319336,147.63455200195312,,,,234.8810577392578,13.09540843963623,5.509250640869141,22.222721099853516
2018-01-02,85.5617904663086,,,,,9.351766586303711,150.22210693359375,,,,236.5621337890625,13.27252197265625,5.792019367218018,22.677797317504883
2018-01-03,85.56958770751953,,,,,9.534191131591797,151.68185424804688,,,,238.05845642089844,13.431676864624023,5.961602210998535,23.091650009155273
2018-01-04,85.5147705078125,,,,,9.568703651428223,151.94717407226562,,,,239.06178283691406,13.551348686218262,5.996551513671875,23.383405685424805
2018-01-05,85.45991516113281,,,,,9.758525848388672,153.4732208251953,,,,240.65492248535156,13.721280097961426,6.177651882171631,23.840068817138672
2018-01-08,85.43637084960938,,,,,9.83125114440918,154.07034301757812,,,,241.0950469970703,13.772736549377441,6.246357440948486,23.9589900970459
2018-01-09,85.20128631591797,,,,,9.83987808227539,154.079833984375,,,,241.64077758789062,13.834965705871582,6.251123905181885,24.128652572631836
2018-01-10,85.20128631591797,,,,,9.785643577575684,153.7196502685547,,,,241.2710418701172,13.79068660736084,6.206643104553223,24.016075134277344
2018-01-11,85.24043273925781,,,,,9.92122745513916,154.77175903320312,,,,243.03140258789062,13.983355522155762,6.330950736999512,24.51237678527832
2018-01-12,85.22476959228516,,,,,10.061745643615723,155.9091033935547,,,,244.61569213867188,14.168842315673828,6.465186595916748,24.996002197265625
2018-01-16,85.24828338623047,,,,,10.005045890808105,155.46368408203125,,,,243.7794952392578,14.070713996887207,6.415146350860596,24.735958099365234
2018-01-17,85.15424346923828,,,,,10.22075366973877,157.14132690429688,,,,246.10311889648438,14.342362403869629,6.617295265197754,25.446325302124023
2018-01-18,84.96615600585938,,,,,10.224452018737793,157.1697998046875,,,,245.68948364257812,14.29210090637207,6.623649597167969,25.330564498901367
2018-01-19,84.78587341308594,,,,,10.289779663085938,157.6626434326172,,,,246.80731201171875,14.416557312011719,6.687192440032959,25.641355514526367
2018-01-22,84.75455474853516,,,,,10.507948875427246,159.34976196289062,,,,248.8141632080078,14.647520065307617,6.896092891693115,26.270854949951172
2018-01-23,84.95831298828125,,,,,10.679280281066895,160.667236328125,,,,249.34217834472656,14.709748268127441,7.070838928222656,26.454790115356445
2018-01-24,84.87212371826172,,,,,10.548624992370605,159.62464904785156,,,,249.245361328125,14.701369285583496,6.927468776702881,26.405630111694336
2018-01-25,85.09156036376953,,,,,10.535067558288574,159.5678253173828,,,,249.3510284423828,14.707352638244629,6.918730735778809,26.440513610839844
2018-01-26,84.93480682373047,,,,,10.843216896057129,162.01319885253906,,,,252.2378692626953,15.043625831604004,7.2277140617370605,27.342742919921875
2018-01-29,84.78587341308594,,,,,10.745843887329102,161.2264862060547,,,,250.56561279296875,14.842578887939453,7.131999969482422,26.78301429748535
2018-01-30,84.65264892578125,,,,,10.573277473449707,159.89952087402344,,,,247.99551391601562,14.529046058654785,6.949709415435791,25.9505558013916
2018-01-31,84.72323608398438,,,,,10.650933265686035,160.56301879882812,,,,248.1187744140625,14.557768821716309,7.035492420196533,26.270854949951172
2018-02-01,84.45767974853516,,,,,10.47467041015625,159.19808959960938,,,,247.8369903564453,14.5194730758667,6.859556198120117,25.902984619140625
2018-02-02,84.20634460449219,,,,,10.050654411315918,156.02284240722656,,,,242.4417266845703,13.888815879821777,6.440562725067139,24.22854995727539
2018-02-05,84.54405975341797,,,,,9.272882461547852,149.8714599609375,,,,232.30215454101562,12.760333061218262,5.697099685668945,21.249130249023438
2018-02-06,84.30056762695312,,,,,9.74496841430664,153.84286499023438,,,,236.87899780273438,13.222258567810059,6.136349201202393,22.476421356201172
2018-02-07,84.112060546875,,,,,9.495984077453613,151.8523712158203,,,,235.5940399169922,13.06908130645752,5.893688201904297,22.051467895507812
2018-02-08,83.9706802368164,,,,,8.704648971557617,145.44503784179688,,,,226.7571258544922,12.103350639343262,5.163332462310791,19.595317840576172
2018-02-09,83.86071014404297,,,,,8.990612983703613,147.95677185058594,,,,230.1633758544922,12.470736503601074,5.406387805938721,20.503887176513672
2018-02-12,83.88426971435547,,,,,9.318486213684082,150.5823516845703,,,,233.54322814941406,12.809401512145996,5.709015846252441,21.307804107666016
2018-02-13,83.90782928466797,,,,,9.402302742004395,151.35951232910156,,,,234.1240997314453,12.882396697998047,5.778515815734863,21.494909286499023
2018-02-14,83.62506103515625,,,,,9.762224197387695,154.1935272216797,,,,237.28387451171875,13.231832504272461,6.11688756942749,22.378110885620117
2018-02-15,83.72718048095703,,,,,10.112283706665039,157.05601501464844,,,,240.3117218017578,13.559723854064941,6.4365925788879395,23.19630241394043
2018-02-16,83.89210510253906,,,,,10.037092208862305,156.3546142578125,,,,240.38211059570312,13.56810188293457,6.364707946777344,23.213743209838867
2018-02-20,83.80574035644531,,,,,10.061745643615723,156.6674041748047,,,,238.87704467773438,13.405354499816895,6.396480560302734,22.80464744567871
2018-02-21,83.53865051269531,,,,,10.002582550048828,156.22189331054688,,,,237.6887969970703,13.256962776184082,6.338893890380859,22.439952850341797
2018-02-22,83.5464859008789,,,,,10.01367473602295,156.20297241210938,,,,237.99685668945312,13.28687858581543,6.340085506439209,22.531917572021484
2018-02-23,83.75857543945312,,,,,10.40933895111084,159.3971405029297,,,,241.7903594970703,13.715295791625977,6.717773914337158,23.60539436340332
2018-02-26,83.8214111328125,,,,,10.682978630065918,161.51080322265625,,,,244.5980224609375,14.03600788116455,6.9874372482299805,24.425168991088867
2018-02-27,83.64076232910156,,,,,10.41673755645752,159.51089477539062,,,,241.54388427734375,13.681787490844727,6.737234592437744,23.481714248657227
2018-02-28,83.86856842041016,,,,,10.286079406738281,158.48727416992188,,,,239.09710693359375,13.38261604309082,6.601806640625,22.715852737426758
2018-03-01,83.94332885742188,,,,,9.960672378540039,155.89962768554688,,,,235.6204071044922,13.020018577575684,6.284087657928467,21.79142189025879
2018-03-02,83.80955505371094,,,,,10.134469032287598,157.33087158203125,,,,236.8349609375,13.152849197387695,6.456847190856934,22.127582550048828
2018-03-05,83.76226806640625,,,,,10.353875160217285,159.07496643066406,,,,239.5723876953125,13.4520263671875,6.659393787384033,22.87441635131836
2018-03-06,83.77801513671875,,,,,10.440155029296875,159.74789428710938,,,,240.1796417236328,13.519042015075684,6.743587970733643,23.055177688598633
2018-03-07,83.76226806640625,,,,,10.486994743347168,160.1175537109375,,,,240.09164428710938,13.5034818649292,6.7940263748168945,23.029815673828125
2018-03-08,83.89612579345703,,,,,10.604092597961426,160.9990234375,,,,241.25350952148438,13.630331039428711,6.895299911499023,23.337417602539062
2018-03-09,83.7386474609375,,,,,11.007155418395996,164.12684631347656,,,,245.45187377929688,14.098238945007324,7.296816349029541,24.552021026611328
2018-03-12,83.78589630126953,,,,,11.10822868347168,164.99887084960938,,,,245.1437530517578,14.07190990447998,7.406033039093018,24.464815139770508
2018-03-13,83.89612579345703,,,,,10.834589958190918,162.75253295898438,,,,243.55947875976562,13.89240550994873,7.137163162231445,23.993873596191406
2018-03-14,84.03779602050781,,,,,10.82596206665039,162.72410583496094,,,,242.3096923828125,13.745214462280273,7.112936496734619,23.610153198242188
2018-03-15,84.04566955566406,,,,,10.796379089355469,162.58193969726562,,,,242.0455780029297,13.716496467590332,7.081164836883545,23.526113510131836
2018-03-16,83.99842834472656,,,,,10.744609832763672,162.09854125976562,,,,242.3080596923828,13.74162483215332,7.034301280975342,23.606983184814453
2018-03-19,83.91183471679688,,,,,10.288548469543457,158.6399383544922,,,,239.02955627441406,13.373041152954102,6.592672824859619,22.64449691772461
2018-03-20,83.77801513671875,,,,,10.346477508544922,159.16212463378906,,,,239.4360809326172,13.414926528930664,6.6411237716674805,22.745975494384766
2018-03-21,83.77013397216797,,,,,10.250335693359375,158.46905517578125,,,,238.9765625,13.35500431060791,6.545013904571533,22.628881454467773
2018-03-22,83.92758178710938,,,,,9.740036964416504,154.55763244628906,,,,233.0028076171875,12.692289352416992,6.06684684753418,21.12632179260254
2018-03-23,83.92758178710938,,,,,9.222343444824219,150.4847869873047,,,,228.0364532470703,12.145816802978516,5.5767645835876465,19.56187629699707
2018-03-26,83.89612579345703,,,,,9.916298866271973,156.0766143798828,,,,234.27528381347656,12.81692123413086,6.204260349273682,21.181854248046875
2018-03-27,84.14014434814453,,,,,9.261787414550781,151.0260009765625,,,,230.28988647460938,12.362726211547852,5.6093316078186035,20.069612503051758
2018-03-28,84.18740844726562,,,,,9.059638977050781,149.28866577148438,,,,229.60940551757812,12.300411224365234,5.415918827056885,19.901426315307617
2018-03-29,84.43146514892578,,,,,9.392441749572754,152.02281188964844,,,,232.54322814941406,12.640755653381348,5.715766429901123,20.742351531982422
2018-04-02,84.3470230102539,,,,,8.85256290435791,147.63674926757812,,,,227.52391052246094,12.070317268371582,5.208211421966553,19.319114685058594
2018-04-03,84.25233459472656,,,,,9.042381286621094,149.2981414794922,,,,230.4401092529297,12.369918823242188,5.382955551147461,20.050565719604492
2018-04-04,84.28385162353516,,,,,9.276577949523926,151.65255737304688,,,,232.9055633544922,12.647947311401367,5.637528419494629,20.74711036682129
2018-04-05,84.16552734375,,,,,9.426956176757812,152.51649475097656,,,,234.74365234375,12.830103874206543,5.726093292236328,21.16915512084961
2018-04-06,84.3548812866211,,,,,8.972124099731445,148.70001220703125,,,,229.51223754882812,12.263258934020996,5.298761367797852,19.776081085205078
2018-04-09,84.42591857910156,,,,,9.076894760131836,149.74436950683594,,,,230.64332580566406,12.363926887512207,5.404799938201904,20.012489318847656
2018-04-10,84.36277770996094,,,,,9.476258277893066,153.0481719970703,,,,234.31063842773438,12.762993812561035,5.761836051940918,20.9676513671875
2018-04-11,84.4338150024414,,,,,9.377650260925293,152.1652069091797,,,,233.0823211669922,12.63596248626709,5.664931297302246,20.65667152404785
2018-04-12,84.24443817138672,,,,,9.592127799987793,153.9975128173828,,,,234.99993896484375,12.831302642822266,5.863507270812988,21.14694595336914
2018-04-13,84.26808166503906,,,,,9.502142906188965,153.20004272460938,,,,234.31063842773438,12.762993812561035,5.776531219482422,20.9628963470459
2018-04-16,84.28385162353516,,,,,9.63649845123291,154.36778259277344,,,,236.2371063232422,12.967921257019043,5.904016017913818,21.46744728088379
2018-04-17,84.30758666992188,,,,,10.046955108642578,157.69058227539062,,,,238.76443481445312,13.241156578063965,6.281704425811768,22.16399574279785
2018-04-18,84.07086181640625,,,,,10.093794822692871,158.01333618164062,,,,238.94126892089844,13.262728691101074,6.325389862060547,22.21000862121582
2018-04-19,83.86571502685547,,,,,9.92246150970459,156.5608367919922,,,,237.61566162109375,13.108134269714355,6.153424263000488,21.821273803710938
2018-04-20,83.63692474365234,,,,,9.599517822265625,154.08291625976562,,,,235.600830078125,12.892423629760742,5.858344078063965,21.272294998168945
2018-04-23,83.59742736816406,,,,,9.547750473022461,153.6937255859375,,,,235.56552124023438,12.884033203125,5.812273979187012,21.26276397705078
2018-04-24,83.48695373535156,,,,,9.142224311828613,150.43734741210938,,,,232.39303588867188,12.541292190551758,5.441734313964844,20.410737991333008
2018-04-25,83.37649536132812,,,,,9.170575141906738,150.61776733398438,,,,232.96743774414062,12.596415519714355,5.4631805419921875,20.548778533935547
2018-04-26,83.51849365234375,,,,,9.540356636047363,153.78866577148438,,,,235.33572387695312,12.845685005187988,5.801947116851807,21.175508499145508
2018-04-27,83.62108612060547,,,,,9.556378364562988,153.88356018066406,,,,235.55662536621094,12.874444007873535,5.815451145172119,21.21041488647461
2018-04-30,83.63692474365234,,,,,9.417092323303223,152.79185485839844,,,,233.74513244628906,12.665923118591309,5.691542148590088,20.713783264160156
2018-05-01,83.56572723388672,,,,,9.624174118041992,154.53863525390625,,,,234.1604461669922,12.721051216125488,5.876613140106201,20.82802391052246
2018-05-02,83.56572723388672,,,,,9.52063274383545,153.62725830078125,,,,232.58743286132812,12.54368782043457,5.774147987365723,20.38852310180664
2018-05-03,83.66065979003906,,,,,9.514471054077148,153.60829162597656,,,,232.07492065429688,12.486164093017578,5.774545192718506,20.25048828125
2018-05-04,83.71597290039062,,,,,9.873157501220703,156.52284240722656,,,,235.0794219970703,12.80853271484375,6.09941291809082,21.04064178466797
2018-05-07,83.67642211914062,,,,,10.02846622467041,157.82350158691406,,,,235.8748016357422,12.884033203125,6.244372367858887,21.246910095214844
2018-05-08,83.58154296875,,,,,10.006279945373535,157.662109375,,,,235.8748016357422,12.887629508972168,6.223719596862793,21.253250122070312
2018-05-09,83.48663330078125,,,,,10.238009452819824,159.3804168701172,,,,238.1547088623047,13.141691207885742,6.432222843170166,21.87522315979004
2018-05-10,83.67642211914062,,,,,10.445085525512695,161.0323486328125,,,,240.38156127929688,13.381373405456543,6.632386684417725,22.474979400634766
2018-05-11,83.71597290039062,,,,,10.425365447998047,160.8804931640625,,,,241.1151123046875,13.43649673461914,6.612529754638672,22.60190773010254
2018-05-14,83.63691711425781,,,,,10.456181526184082,161.1558074951172,,,,241.22996520996094,13.467653274536133,6.641916751861572,22.69869613647461
2018-05-15,83.26521301269531,,,,,10.225682258605957,159.3710174560547,,,,239.568603515625,13.283101081848145,6.427061080932617,22.213176727294922
2018-05-16,83.1702880859375,,,,,10.362504005432129,160.42477416992188,,,,240.57595825195312,13.399343490600586,6.545410633087158,22.49560546875
2018-05-17,83.05956268310547,,,,,10.274985313415527,159.8076629638672,,,,240.372802734375,13.37537956237793,6.471540927886963,22.44165802001953
2018-05-18,83.27313232421875,,,,,10.168983459472656,158.981689453125,,,,239.7718505859375,13.310663223266602,6.367884635925293,22.26712989807129
2018-05-21,83.281005859375,,,,,10.287311553955078,159.87408447265625,,,,241.57447814941406,13.50121021270752,6.479088306427002,22.76534080505371
2018-05-22,83.281005859375,,,,,10.257729530334473,159.6652069091797,,,,240.9029998779297,13.424513816833496,6.445329666137695,22.571760177612305
2018-05-23,83.5103988647461,,,,,10.429062843322754,161.01339721679688,,,,241.5657958984375,13.502408981323242,6.607367038726807,22.74629783630371
2018-05-24,83.73969268798828,,,,,10.419200897216797,160.9658660888672,,,,241.07089233398438,13.447282791137695,6.601806640625,22.619365692138672
2018-05-25,83.92156219482422,,,,,10.441386222839355,161.1273193359375,,,,240.49652099609375,13.377774238586426,6.618486404418945,22.42896842956543
2018-05-29,84.47514343261719,,,,,10.347709655761719,160.41526794433594,,,,237.73056030273438,13.080573081970215,6.533893585205078,21.691165924072266
2018-05-30,84.26163482666016,,,,,10.491925239562988,161.56398010253906,,,,240.9029998779297,13.411331176757812,6.67329216003418,22.519407272338867
2018-05-31,84.19046783447266,,,,,10.47836685180664,161.4595489501953,,,,239.4273223876953,13.224377632141113,6.658995151519775,22.052934646606445
2018-06-01,84.08658599853516,,,,,10.807472229003906,163.99435424804688,,,,241.77783203125,13.502408981323242,6.968772888183594,22.747882843017578
2018-06-04,83.8884506225586,,,,,10.992362976074219,165.47540283203125,,,,242.9266357421875,13.633036613464355,7.147488594055176,23.071557998657227
2018-06-05,83.95185852050781,,,,,11.063854217529297,165.98805236816406,,,,243.1033477783203,13.66659164428711,7.221358776092529,23.138200759887695
2018-06-06,83.76163482666016,,,,,11.195743560791016,166.9564208984375,,,,245.13584899902344,13.88709545135498,7.340504169464111,23.718915939331055
2018-06-07,83.9439468383789,,,,,11.020712852478027,165.59878540039062,,,,245.10935974121094,13.870318412780762,7.170126438140869,23.68559455871582
2018-06-08,83.82499694824219,,,,,11.00961971282959,165.6083221435547,,,,245.83389282226562,13.954209327697754,7.165359973907471,23.87123680114746
2018-06-11,83.73783874511719,,,,,11.068784713745117,166.0545196533203,,,,246.1609344482422,13.987761497497559,7.221358776092529,23.971193313598633
2018-06-12,83.76163482666016,,,,,11.185881614685059,166.92796325683594,,,,246.47911071777344,14.032102584838867,7.3357367515563965,24.075916290283203
2018-06-13,83.682373046875,,,,,11.176019668579102,166.91845703125,,,,245.6925506591797,13.92185115814209,7.327397346496582,23.799835205078125
2018-06-14,83.89636993408203,,,,,11.408981323242188,168.60838317871094,,,,246.3111572265625,14.002144813537598,7.550197601318359,23.9997501373291
2018-06-15,83.92811584472656,,,,,11.328862190246582,168.01974487304688,,,,245.9969024658203,13.963793754577637,7.475136756896973,23.89979362487793
2018-06-18,83.9439468383789,,,,,11.315305709838867,167.92269897460938,,,,245.49095153808594,13.905072212219238,7.458456516265869,23.728435516357422
2018-06-19,84.0311279296875,,,,,11.2462797164917,167.44696044921875,,,,244.5500946044922,13.797216415405273,7.391734600067139,23.466636657714844
2018-06-20,83.87257385253906,,,,,11.40651798248291,168.63626098632812,,,,244.96725463867188,13.843910217285156,7.546623229980469,23.56097984313965
2018-06-21,83.89636993408203,,,,,11.204371452331543,167.1710968017578,,,,243.4315643310547,13.665054321289062,7.351226329803467,23.132165908813477
2018-06-22,83.97563934326172,,,,,11.132879257202148,166.80001831054688,,,,243.87545776367188,13.708270072937012,7.277355670928955,23.241750717163086
2018-06-25,83.92811584472656,,,,,10.648466110229492,163.04197692871094,,,,240.5556182861328,13.336152076721191,6.812692642211914,22.317411422729492
2018-06-26,84.06282043457031,,,,,10.738448143005371,163.7079620361328,,,,241.08822631835938,13.390170097351074,6.887753963470459,22.4365234375
2018-06-27,84.21343231201172,,,,,10.433992385864258,161.48170471191406,,,,239.09097290039062,13.164499282836914,6.611339092254639,21.87430763244629
2018-06-28,84.20549011230469,,,,,10.623814582824707,162.87071228027344,,,,240.4580078125,13.320548057556152,6.773374080657959,22.265005111694336
2018-06-29,84.2768325805664,,,,,10.65709400177002,163.3083953857422,,,,240.80419921875,13.358959197998047,6.804351806640625,22.336475372314453
2018-07-02,84.19660949707031,,,,,10.817333221435547,164.4025421142578,,,,241.31893920898438,13.42137622833252,6.956856727600098,22.46035385131836
2018-07-03,84.37139892578125,,,,,10.564647674560547,162.49969482421875,,,,240.4668426513672,13.307344436645508,6.717376232147217,22.203060150146484
2018-07-05,84.4508056640625,,,,,10.827191352844238,164.51666259765625,,,,242.42852783203125,13.528212547302246,6.964006423950195,22.76052474975586
2018-07-06,84.53822326660156,,,,,11.153833389282227,167.0759735107422,,,,244.47906494140625,13.743081092834473,7.277355670928955,23.308448791503906
2018-07-09,84.4587631225586,,,,,11.360912322998047,168.57916259765625,,,,246.680419921875,13.997559547424316,7.479902267456055,23.951677322387695
2018-07-10,84.39523315429688,,,,,11.378167152404785,168.7028350830078,,,,247.56809997558594,14.088787078857422,7.497774124145508,24.204195022583008
2018-07-11,84.42698669433594,,,,,11.264769554138184,167.84657287597656,,,,245.75723266601562,13.894326210021973,7.388162136077881,23.694387435913086
2018-07-12,84.5302505493164,,,,,11.63454818725586,170.7388458251953,,,,247.9853057861328,14.135601997375488,7.752743721008301,24.29949188232422
2018-07-13,84.6097183227539,,,,,11.65796947479248,170.8815460205078,,,,248.18055725097656,14.157211303710938,7.775381565093994,24.347137451171875
2018-07-16,84.5143814086914,,,,,11.607431411743164,170.472412109375,,,,247.958740234375,14.130800247192383,7.722956657409668,24.294729232788086
2018-07-17,84.48261260986328,,,,,11.75287914276123,171.5094757080078,,,,248.96165466308594,14.25563907623291,7.865931034088135,24.59966278076172
2018-07-18,84.4587631225586,,,,,11.701108932495117,171.18600463867188,,,,249.48544311523438,14.308453559875488,7.815889835357666,24.73783302307129
2018-07-19,84.58586883544922,,,,,11.586479187011719,170.3297119140625,,,,248.54454040527344,14.20162296295166,7.700318336486816,24.451963424682617
2018-07-20,84.4190444946289,,,,,11.571685791015625,170.29168701171875,,,,248.260498046875,14.1668119430542,7.6895976066589355,24.366191864013672
2018-07-23,84.12513732910156,,,,,11.6444091796875,170.83401489257812,,,,248.72213745117188,14.217230796813965,7.756317138671875,24.50913429260254
2018-07-24,84.24427795410156,,,,,11.745481491088867,171.53802490234375,,,,249.9735870361328,14.349267959594727,7.855207920074463,24.84265899658203
2018-07-25,84.252197265625,,,,,12.067192077636719,173.9355926513672,,,,252.10406494140625,14.610950469970703,8.182854652404785,25.51923370361328
2018-07-26,84.20462036132812,,,,,11.717132568359375,171.30015563964844,,,,251.50941467285156,14.522123336791992,7.825422763824463,25.276235580444336
2018-07-27,84.26809692382812,,,,,11.39418888092041,168.98828125,,,,249.8050079345703,14.328862190246582,7.498965740203857,24.785484313964844
2018-07-30,84.18070983886719,,,,,11.067551612854004,166.6002197265625,,,,248.50021362304688,14.168012619018555,7.176083564758301,24.37095832824707
2018-07-31,84.252197265625,,,,,11.19450855255127,167.87510681152344,,,,249.72511291503906,14.30605411529541,7.319056510925293,24.73307228088379
2018-08-01,84.16544342041016,,,,,11.31283950805664,168.51255798339844,,,,249.30789184570312,14.271245002746582,7.4191389083862305,24.63301658630371
2018-08-02,84.19728088378906,,,,22.840530395507812,11.620988845825195,170.80545043945312,,,,250.66604614257812,14.405686378479004,7.714617729187012,24.99512481689453
2018-08-03,84.38040161132812,,,,22.94972801208496,11.687551498413086,171.32870483398438,,,,251.7400665283203,14.544928550720215,7.78372049331665,25.333406448364258
2018-08-06,84.43614959716797,,,,23.00432777404785,11.83299732208252,172.33717346191406,,,,252.66331481933594,14.649360656738281,7.926696300506592,25.609756469726562
2018-08-07,84.28485107421875,,,,23.13172721862793,11.903254508972168,172.96511840820312,,,,253.49765014648438,14.734590530395508,8.004138946533203,25.838457107543945
2018-08-08,84.28485107421875,,,,23.122629165649414,11.924210548400879,173.1743927001953,,,,253.39114379882812,14.721384048461914,8.025585174560547,25.78128433227539
2018-08-09,84.40437316894531,,,,23.149927139282227,11.914349555969238,173.0697479248047,,,,253.04501342773438,14.68177318572998,8.018436431884766,25.681222915649414
2018-08-10,84.58747100830078,,,,23.00432777404785,11.736856460571289,171.74732971191406,,,,251.3495635986328,14.47770881652832,7.831379413604736,25.16188621520996
2018-08-13,84.6352310180664,,,,22.94972801208496,11.715900421142578,171.55709838867188,,,,250.4086151123047,14.364871978759766,7.808743000030518,24.89506721496582
2018-08-14,84.55561065673828,,,,23.040733337402344,11.857650756835938,172.6321258544922,,,,252.00645446777344,14.553330421447754,7.952905654907227,25.361997604370117
2018-08-15,84.67505645751953,,,,22.8951358795166,11.572919845581055,170.52005004882812,,,,250.12452697753906,14.333662033081055,7.663385391235352,24.80453872680664
2018-08-16,84.7228012084961,,,,23.095327377319336,11.63701343536377,171.0813446044922,,,,252.14845275878906,14.567734718322754,7.7336812019348145,25.366762161254883
2018-08-17,84.77059173583984,,,,23.16812515258789,11.643178939819336,171.1194305419922,,,,253.0361328125,14.656563758850098,7.732489109039307,25.614519119262695
2018-08-20,84.93780517578125,,,,23.250024795532227,11.625921249389648,170.96717834472656,,,,253.57757568359375,14.727388381958008,7.717000961303711,25.809871673583984
2018-08-21,84.8661880493164,,,,23.29552459716797,11.70604133605957,171.5950927734375,,,,254.1722869873047,14.78620433807373,7.796825885772705,25.952810287475586
2018-08-22,84.93780517578125,,,,23.27732276916504,11.792325019836426,172.26104736328125,,,,254.02139282226562,14.775402069091797,7.8873772621154785,25.938518524169922
2018-08-23,84.89004516601562,,,,23.24092674255371,11.75780963897705,172.01373291015625,,,,253.68408203125,14.72978687286377,7.848059177398682,25.790813446044922
2018-08-24,84.985595703125,,,,23.38652992248535,11.97351360321045,173.612060546875,,,,255.2108154296875,14.906242370605469,8.066094398498535,26.257747650146484
2018-08-27,84.87413787841797,,,,23.52301788330078,12.215105056762695,175.38169860839844,,,,257.22576904296875,15.135515213012695,8.309147834777832,26.86760902404785
2018-08-28,84.7148666381836,,,,23.495718002319336,12.253316879272461,175.63856506347656,,,,257.3500671386719,15.153517723083496,8.346084594726562,26.905733108520508
2018-08-29,84.69892883300781,,,,23.6140193939209,12.53681468963623,177.66506958007812,,,,258.7348327636719,15.319167137145996,8.637988090515137,27.34407615661621
2018-08-30,84.73875427246094,,,,23.559423446655273,12.483814239501953,177.35108947753906,,,,257.6874694824219,15.18472957611084,8.589138984680176,26.991497039794922
2018-08-31,84.73077392578125,,,,23.495718002319336,12.513395309448242,177.5794219970703,,,,257.6962890625,15.185932159423828,8.61416244506836,26.981962203979492
2018-09-04,84.6366195678711,,,,23.468427658081055,12.412322998046875,176.81834411621094,,,,257.25250244140625,15.141512870788574,8.511695861816406,26.862850189208984
2018-09-05,84.59674072265625,,,,23.468427658081055,12.090612411499023,174.53492736816406,,,,256.5600891113281,15.045483589172363,8.173323631286621,26.643674850463867
2018-09-06,84.7403793334961,,,,23.29552459716797,11.872443199157715,172.97463989257812,,,,255.78793334960938,14.960260391235352,7.9505228996276855,26.386390686035156
2018-09-07,84.43714141845703,,,,23.304622650146484,11.798484802246094,172.30862426757812,,,,255.29078674316406,14.894240379333496,7.871888160705566,26.214862823486328
2018-09-10,84.51690673828125,,,,23.29552459716797,11.852720260620117,172.8889923095703,,,,255.7346954345703,14.94465160369873,7.94099235534668,26.362567901611328
2018-09-11,84.37325286865234,,,,23.368322372436523,12.032681465148926,174.22097778320312,,,,256.5778503417969,15.052688598632812,8.117323875427246,26.63890838623047
2018-09-12,84.42914581298828,,,,23.313724517822266,11.968585014343262,173.7072296142578,,,,256.6399230957031,15.057488441467285,8.047030448913574,26.643674850463867
2018-09-13,84.48503875732422,,,,23.313724517822266,12.202780723571777,175.56246948242188,,,,258.1578674316406,15.221938133239746,8.285321235656738,27.082019805908203
2018-09-14,84.32540893554688,,,,23.47752571105957,12.138684272766113,175.04869079589844,,,,258.2023010253906,15.230341911315918,8.222174644470215,27.110607147216797
2018-09-17,84.32540893554688,,,,23.395618438720703,11.7960205078125,172.52748107910156,,,,256.8352966308594,15.064691543579102,7.875462055206299,26.65797233581543
2018-09-18,84.14185333251953,,,,23.45932960510254,11.984609603881836,173.95455932617188,,,,258.2288818359375,15.226738929748535,8.062519073486328,27.0867919921875
2018-09-19,83.98223876953125,,,,23.441125869750977,11.969817161560059,173.82139587402344,,,,258.5040283203125,15.257950782775879,8.044647216796875,27.177310943603516
2018-09-20,84.09395599365234,,,,23.623117446899414,12.218804359436035,175.74322509765625,,,,260.5989685058594,15.495622634887695,8.297235488891602,27.811006546020508
2018-09-21,84.1578140258789,,,,23.595823287963867,12.094310760498047,174.7823028564453,,,,260.3608703613281,15.47641658782959,8.164983749389648,27.734771728515625
2018-09-24,84.07799530029297,,,,23.513925552368164,12.153475761413574,175.26841735839844,,,,259.4958801269531,15.374385833740234,8.235278129577637,27.47748374938965
2018-09-25,84.03813171386719,,,,23.568649291992188,12.19168758392334,175.50668334960938,,,,259.2552185058594,15.337176322937012,8.268640518188477,27.36789321899414
2018-09-26,84.23760223388672,,,,23.513927459716797,12.200316429138184,175.630615234375,,,,258.4794006347656,15.24105167388916,8.26030158996582,27.114253997802734
2018-09-27,84.29344177246094,,,,23.486557006835938,12.407389640808105,177.117431640625,,,,259.2016296386719,15.326361656188965,8.489058494567871,27.333568572998047
2018-09-28,84.2056884765625,,,,23.46831512451172,12.409858703613281,177.0792999267578,,,,259.2284851074219,15.32155704498291,8.475953102111816,27.30496597290039
2018-10-01,84.18325805664062,,,,23.577768325805664,12.450531959533691,177.44149780273438,,,,260.12896728515625,15.42849063873291,8.524802207946777,27.614866256713867
2018-10-02,84.27930450439453,,,,23.568649291992188,12.392601013183594,177.04115295410156,,,,259.9774169921875,15.411672592163086,8.475953102111816,27.586259841918945
2018-10-03,83.87936401367188,,,,23.550399780273438,12.428348541259766,177.23182678222656,,,,260.1200866699219,15.434496879577637,8.500971794128418,27.624401092529297
2018-10-04,83.63935852050781,,,,23.27677345275879,11.946396827697754,173.82919311523438,,,,258.08709716796875,15.190592765808105,8.016053199768066,26.96168327331543
2018-10-05,83.4553451538086,,,,23.13084602355957,11.66043472290039,171.70372009277344,,,,256.64263916015625,15.022381782531738,7.714617729187012,26.532588958740234
2018-10-08,83.42335510253906,,,,23.13084602355957,11.510056495666504,170.65530395507812,,,,256.64263916015625,15.001957893371582,7.576409816741943,26.489673614501953
2018-10-09,83.54335021972656,,,,23.11259651184082,11.574151992797852,171.20811462402344,,,,256.2680358886719,14.967114448547363,7.634791374206543,26.384784698486328
2018-10-10,83.51935577392578,,,,22.437646865844727,10.56588077545166,163.6785125732422,,,,248.15379333496094,14.00590991973877,6.6446990966796875,23.84356689453125
2018-10-11,83.767333984375,,,,22.26434326171875,10.300870895385742,161.64840698242188,,,,242.6878662109375,13.391944885253906,6.375431060791016,22.298812866210938
2018-10-12,83.7914047241211,,,,22.145774841308594,10.872798919677734,166.14707946777344,,,,246.05838012695312,13.769214630126953,6.91396427154541,23.199920654296875
2018-10-15,83.73534393310547,,,,22.273468017578125,10.596697807312012,164.1360321044922,,,,244.6762237548828,13.617826461791992,6.653038024902344,22.808963775634766
2018-10-16,83.78331756591797,,,,22.592702865600586,11.21299934387207,168.9110870361328,,,,250.0263214111328,14.200555801391602,7.226124286651611,24.23929214477539
2018-10-17,83.6153564453125,,,,22.61094093322754,11.226554870605469,168.97779846191406,,,,250.0708770751953,14.200555801391602,7.2499518394470215,24.291736602783203
2018-10-18,83.55933380126953,,,,22.583576202392578,10.724888801574707,165.0605010986328,,,,246.45962524414062,13.796852111816406,6.747162342071533,23.247602462768555
2018-10-19,83.48737335205078,,,,22.501493453979492,10.684213638305664,164.90798950195312,,,,246.32589721679688,13.770417213439941,6.719758987426758,23.18085289001465
2018-10-22,83.47137451171875,,,,22.236980438232422,10.796379089355469,165.7563018798828,,,,245.2201385498047,13.646663665771484,6.821033477783203,22.8900146484375
2018-10-23,83.57537078857422,,,,22.21873664855957,10.726118087768555,165.14630126953125,,,,243.97178649902344,13.502481460571289,6.745971202850342,22.499059677124023
2018-10-24,83.7914047241211,,,,21.799175262451172,9.730177879333496,157.5880889892578,,,,236.5798797607422,12.689065933227539,5.82855749130249,20.439390182495117
2018-10-25,83.71935272216797,,,,22.00895118713379,10.387152671813965,163.03993225097656,,,,240.82418823242188,13.13842487335205,6.426664352416992,21.57411766052246
2018-10-26,83.91133117675781,,,,21.653234481811523,9.889181137084961,158.84617614746094,,,,236.58872985839844,12.672245025634766,5.92744779586792,20.4012508392334
2018-10-29,83.82331848144531,,,,21.498180389404297,9.508306503295898,155.57701110839844,,,,235.2779541015625,12.531669616699219,5.610522270202637,20.048433303833008
2018-10-30,83.70335388183594,,,,21.717086791992188,9.758525848388672,158.14088439941406,,,,238.76443481445312,12.898123741149902,5.827365398406982,20.978139877319336
2018-10-31,83.6633529663086,,,,22.07280158996582,10.207195281982422,161.8580780029297,,,,241.31459045410156,13.174471855163574,6.22054386138916,21.631328582763672
2018-11-01,83.8747329711914,,,,22.145774841308594,10.501786231994629,163.99302673339844,,,,243.88270568847656,13.438802719116211,6.492193222045898,22.308349609375
2018-11-02,83.62555694580078,,,,21.881261825561523,10.185007095336914,161.43870544433594,,,,242.43820190429688,13.292222023010254,6.201480388641357,21.869718551635742
2018-11-05,83.68184661865234,,,,22.06368637084961,10.114749908447266,161.03836059570312,,,,243.7757110595703,13.432793617248535,6.140716075897217,22.27020835876465
2018-11-06,83.68986511230469,,,,22.136646270751953,10.26882266998291,162.25836181640625,,,,245.31826782226562,13.599806785583496,6.2705841064453125,22.67069435119629
2018-11-07,83.76219940185547,,,,22.42852020263672,10.903614044189453,167.3480224609375,,,,250.57029724121094,14.174123764038086,6.8472442626953125,24.110565185546875
2018-11-08,83.6094970703125,,,,22.556215286254883,10.770493507385254,166.28053283691406,,,,250.11541748046875,14.122456550598145,6.730483055114746,23.967533111572266
2018-11-09,83.71400451660156,,,,22.401155471801758,10.404410362243652,163.4783477783203,,,,247.67239379882812,13.864134788513184,6.388537406921387,23.304811477661133
2018-11-12,83.85062408447266,,,,22.401155471801758,9.78934097290039,158.5316925048828,,,,243.0445556640625,13.32105541229248,5.827365398406982,21.950769424438477
2018-11-13,83.88278198242188,,,,22.12752914428711,9.793039321899414,158.66513061523438,,,,242.5897216796875,13.27900218963623,5.824982166290283,21.84111213684082
2018-11-14,83.89082336425781,,,,22.036319732666016,9.629103660583496,157.4546356201172,,,,240.9311981201172,13.08556079864502,5.677243709564209,21.364336013793945
2018-11-15,83.9953384399414,,,,22.109291076660156,9.971766471862793,160.2091522216797,,,,243.4457550048828,13.36070442199707,5.981061935424805,22.046125411987305
2018-11-16,84.1319808959961,,,,22.109291076660156,9.905205726623535,159.6468505859375,,,,244.07879638671875,13.430391311645508,5.915532112121582,22.203460693359375
2018-11-19,84.12399291992188,,,,21.999835968017578,9.253158569335938,154.4618682861328,,,,239.95034790039062,12.976223945617676,5.348404407501221,21.116409301757812
2018-11-20,84.091796875,,,,21.525543212890625,8.92898178100586,151.6978302001953,,,,235.5098419189453,12.496826171875,5.051734447479248,19.914936065673828
2018-11-21,84.1480484008789,,,,21.698843002319336,9.055940628051758,152.85110473632812,,,,236.31236267089844,12.574922561645508,5.164921283721924,20.105642318725586
2018-11-23,84.12399291992188,,,,21.698843002319336,8.924054145812988,151.7454833984375,,,,234.73397827148438,12.41872787475586,5.050542831420898,19.70038604736328
2018-11-26,84.10791015625,,,,21.744447708129883,9.33574390411377,155.25299072265625,,,,238.52374267578125,12.800806045532227,5.397253036499023,20.630098342895508
2018-11-27,84.1319808959961,,,,21.753568649291992,9.402302742004395,155.77716064453125,,,,239.3262176513672,12.88491153717041,5.45325231552124,20.830339431762695
2018-11-28,84.29280090332031,,,,22.164012908935547,9.993950843811035,160.79054260253906,,,,244.8367919921875,13.465235710144043,5.970341205596924,22.25590705871582
2018-11-29,84.3329849243164,,,,22.164012908935547,9.934789657592773,160.26634216308594,,,,244.30174255371094,13.420780181884766,5.915532112121582,22.112873077392578
2018-11-30,84.30886840820312,,,,22.401155471801758,10.087630271911621,161.42916870117188,,,,245.79095458984375,13.588990211486816,6.03944206237793,22.5562744140625
2018-12-03,84.44666290283203,,,,22.401155471801758,10.422897338867188,164.25038146972656,,,,249.04550170898438,13.935022354125977,6.34921932220459,23.395402908325195
2018-12-04,84.67227172851562,,,,22.21873664855957,9.624174118041992,157.95025634765625,,,,240.97576904296875,13.049514770507812,5.651033401489258,21.173622131347656
2018-12-06,84.88174438476562,,,,21.872142791748047,9.762224197387695,159.0653839111328,,,,240.61021423339844,13.009866714477539,5.733242034912109,21.040122985839844
2018-12-07,84.99459838867188,,,,21.735326766967773,9.108943939208984,153.8137664794922,,,,235.01937866210938,12.388689041137695,5.172069549560547,19.56688690185547
2018-12-10,85.0510025024414,,,,21.735326766967773,9.303693771362305,155.42454528808594,,,,235.46524047851562,12.421128273010254,5.334106922149658,19.657482147216797
2018-12-11,85.07512664794922,,,,21.689725875854492,9.361625671386719,155.93922424316406,,,,235.5187530517578,12.431943893432617,5.391295433044434,19.652708053588867
2018-12-12,85.01073455810547,,,,21.780927658081055,9.528029441833496,157.31166076660156,,,,236.70468139648438,12.559305191040039,5.527121543884277,19.962610244750977
2018-12-13,85.03485107421875,,,,21.762691497802734,9.536657333374023,157.359375,,,,236.62435913085938,12.549688339233398,5.528313636779785,19.93877410888672
2018-12-14,85.0590591430664,,,,21.425214767456055,9.043618202209473,153.52784729003906,,,,232.2551727294922,12.076300621032715,5.111306667327881,18.823116302490234
2018-12-17,85.2040786743164,,,,21.033010482788086,8.663972854614258,150.04896545410156,,,,227.69873046875,11.589690208435059,4.781275272369385,17.683618545532227
2018-12-18,85.454345703125,,,,21.10597801208496,8.758883476257324,150.99253845214844,,,,227.44908142089844,11.575268745422363,4.8611016273498535,17.650251388549805
2018-12-19,85.53511810302734,,,,20.868831634521484,8.344728469848633,147.2849578857422,,,,224.04286193847656,11.223233222961426,4.509625434875488,16.839725494384766
2018-12-20,85.454345703125,,,,20.47663116455078,8.094511032104492,145.14993286132812,,,,220.3958740234375,10.863983154296875,4.328525543212891,16.014904022216797
2018-12-21,85.41403198242188,,,,20.166513442993164,7.573119163513184,140.65127563476562,,,,215.88006591796875,10.403807640075684,3.910327672958374,15.008909225463867
2018-12-24,85.47052764892578,,,,19.737171173095703,7.213199138641357,137.1633758544922,,,,210.17587280273438,9.829489707946777,3.6208064556121826,13.826502799987793
2018-12-26,85.3090591430664,,,,20.49698829650879,8.101282119750977,145.72772216796875,,,,220.79501342773438,10.823258399963379,4.2783002853393555,15.862010955810547
2018-12-27,85.44630432128906,,,,20.634315490722656,8.169121742248535,146.29168701171875,,,,222.49012756347656,11.036520004272461,4.339144706726074,16.283079147338867
2018-12-28,85.76115417480469,,,,20.707551956176758,8.159252166748047,146.2151641845703,,,,222.20310974121094,10.982300758361816,4.321249961853027,16.20652961730957
2018-12-31,85.97918701171875,,,,20.854019165039062,8.287531852722168,147.44822692871094,,,,224.14932250976562,11.183511734008789,4.419081211090088,16.641948699951172
2019-01-02,86.04373168945312,,,,20.963871002197266,8.349204063415527,148.04087829589844,,,,224.38253784179688,11.196765899658203,4.48231315612793,16.675447463989258
2019-01-03,86.3990249633789,,,,20.616003036499023,7.789219379425049,143.20428466796875,,,,219.0281524658203,10.643733978271484,4.048038959503174,15.431366920471191
2019-01-04,86.14065551757812,,,,21.14696502685547,8.487350463867188,149.33123779296875,,,,226.36465454101562,11.37749195098877,4.565826892852783,17.000816345214844
2019-01-07,85.99535369873047,,,,21.275129318237305,8.658797264099121,151.1090850830078,,,,228.1494903564453,11.542560577392578,4.711379528045654,17.388402938842773
2019-01-08,85.9307632446289,,,,21.403291702270508,8.83148193359375,152.47596740722656,,,,230.29296875,11.75461483001709,4.84738826751709,17.871681213378906
2019-01-09,86.00340270996094,,,,21.47652816772461,8.963459968566895,153.71856689453125,,,,231.36929321289062,11.863052368164062,4.961921691894531,18.120492935180664
2019-01-10,85.9065170288086,,,,21.558916091918945,9.0090970993042,154.1582489013672,,,,232.18545532226562,11.954620361328125,5.0096435546875,18.340595245361328
2019-01-11,86.02761840820312,,,,21.58638572692871,8.954826354980469,153.59426879882812,,,,232.27511596679688,11.949803352355957,4.949991226196289,18.326242446899414
2019-01-14,85.9065170288086,,,,21.47652816772461,8.792012214660645,152.23704528808594,,,,230.85801696777344,11.816064834594727,4.821140766143799,18.015222549438477
2019-01-15,85.92264556884766,,,,21.677932739257812,9.1386079788208,155.20968627929688,,,,233.50384521484375,12.085952758789062,5.088385581970215,18.622909545898438
2019-01-16,85.99535369873047,,,,21.742013931274414,9.13614273071289,155.18101501464844,,,,234.06890869140625,12.132939338684082,5.09554386138916,18.732961654663086
2019-01-17,85.9307632446289,,,,21.742013931274414,9.265656471252441,156.40447998046875,,,,235.8447265625,12.311259269714355,5.214848041534424,19.163604736328125
2019-01-18,85.86612701416016,,,,22.053264617919922,9.445738792419434,157.95289611816406,,,,238.98379516601562,12.636571884155273,5.358016014099121,19.914836883544922
2019-01-22,85.93881225585938,,,,21.778627395629883,9.085572242736816,154.78904724121094,,,,235.7550048828125,12.308853149414062,5.062138080596924,19.120540618896484
2019-01-23,86.02761840820312,,,,21.86101531982422,9.096673011779785,154.9898223876953,,,,236.2483367919922,12.34138298034668,5.066910743713379,19.211462020874023
2019-01-24,86.17296600341797,,,,21.934255599975586,9.206448554992676,155.9934844970703,,,,236.3739013671875,12.36186408996582,5.156390190124512,19.264087677001953
2019-01-25,86.1325912475586,,,,22.071571350097656,9.438335418701172,157.8573455810547,,,,238.37396240234375,12.565485954284668,5.340120315551758,19.733013153076172
2019-01-28,86.08416748046875,,,,21.897632598876953,9.196581840515137,155.90744018554688,,,,236.56222534179688,12.384757995605469,5.1432647705078125,19.297582626342773
2019-01-29,86.3102035522461,,,,21.906787872314453,9.016496658325195,154.4354248046875,,,,236.2483367919922,12.340178489685059,4.997712135314941,19.211462020874023
2019-01-30,86.50397491455078,,,,22.245512008666992,9.492607116699219,158.36390686035156,,,,239.98831176757812,12.72934627532959,5.3723320960998535,20.11580467224121
2019-01-31,86.76234436035156,,,,22.49267578125,9.765201568603516,160.7344207763672,,,,242.09605407714844,12.942606925964355,5.60855770111084,20.618223190307617
2019-02-01,86.58267211914062,,,,22.437753677368164,9.675158500671387,160.0557861328125,,,,242.21263122558594,12.96911334991455,5.5369744300842285,20.646934509277344
2019-02-04,86.50977325439453,,,,22.547611236572266,9.913214683532715,162.04393005371094,,,,243.9166717529297,13.151049613952637,5.739794731140137,21.087142944335938
2019-02-05,86.69597625732422,,,,22.666614532470703,10.09206485748291,163.47767639160156,,,,244.93902587890625,13.257075309753418,5.891312599182129,21.359882354736328
2019-02-06,86.64739227294922,,,,22.648305892944336,10.025459289550781,162.99021911621094,,,,244.6162567138672,13.212496757507324,5.844783782958984,21.254610061645508
2019-02-07,86.6878890991211,,,,22.4743709564209,9.755334854125977,160.80136108398438,,,,242.28439331054688,12.963089942932129,5.606171607971191,20.642147064208984
2019-02-08,86.88215637207031,,,,22.483524322509766,9.78616714477539,161.11676025390625,,,,242.580322265625,12.989595413208008,5.634805679321289,20.71870231628418
2019-02-11,86.79309844970703,,,,22.529300689697266,9.773836135864258,160.96380615234375,,,,242.7148895263672,13.00405502319336,5.621680736541748,20.752199172973633
2019-02-12,86.80928802490234,,,,22.767316818237305,10.066162109375,163.3439178466797,,,,245.83607482910156,13.342621803283691,5.865065097808838,21.546499252319336
2019-02-13,86.65550231933594,,,,22.803932189941406,10.072330474853516,163.4585723876953,,,,246.6342010498047,13.419730186462402,5.876994609832764,21.737890243530273
2019-02-14,86.7850341796875,,,,22.803932189941406,10.089597702026367,163.65933227539062,,,,246.08714294433594,13.354668617248535,5.8984694480896,21.58955955505371
2019-02-15,86.84978485107422,,,,23.005334854125977,10.18457317352295,164.34751892089844,,,,248.76876831054688,13.646246910095215,5.968860626220703,22.283370971679688
2019-02-19,86.8983383178711,,,,23.069419860839844,10.217873573303223,164.67251586914062,,,,249.19935607910156,13.69684886932373,6.004652500152588,22.393423080444336
2019-02-20,86.90641784667969,,,,23.078567504882812,10.216645240783691,164.64382934570312,,,,249.7016143798828,13.746248245239258,5.999880313873291,22.527402877807617
2019-02-21,86.71211242675781,,,,22.977867126464844,10.132767677307129,164.04164123535156,,,,248.8136749267578,13.646246910095215,5.9318766593933105,22.278587341308594
2019-02-22,86.93070983886719,,,,23.142654418945312,10.286949157714844,165.2555694580078,,,,250.35629272460938,13.812517166137695,6.060726165771484,22.699665069580078
2019-02-25,86.90641784667969,,,,23.170114517211914,10.360957145690918,165.8577880859375,,,,250.69708251953125,13.860709190368652,6.127537250518799,22.795358657836914
2019-02-26,87.00357055664062,,,,23.19757843017578,10.379456520080566,166.02981567382812,,,,250.5177459716797,13.825769424438477,6.146626949310303,22.72358512878418
2019-02-27,86.81737518310547,,,,23.133501052856445,10.362191200256348,165.92465209960938,,,,250.4101104736328,13.816130638122559,6.127537250518799,22.685304641723633
2019-02-28,86.66363525390625,,,,23.051109313964844,10.314085006713867,165.54234313964844,,,,249.9436492919922,13.746248245239258,6.089359283447266,22.53219223022461
2019-03-01,86.52320861816406,,,,23.151805877685547,10.46456241607666,166.68936157226562,,,,251.5043182373047,13.941434860229492,6.211050987243652,22.981971740722656
2019-03-04,86.62871551513672,,,,23.078567504882812,10.45963191986084,166.71803283691406,,,,250.58944702148438,13.826973915100098,6.212244033813477,22.709230422973633
2019-03-05,86.68553924560547,,,,23.106035232543945,10.474431991577148,166.84230041503906,,,,250.24867248535156,13.787212371826172,6.227754592895508,22.61353302001953
2019-03-06,86.81534576416016,,,,22.996187210083008,10.35108757019043,165.89596557617188,,,,248.73289489746094,13.611307144165039,6.120378494262695,22.19724464416504
2019-03-07,87.05879211425781,,,,22.849706649780273,10.099466323852539,163.86001586914062,,,,246.65213012695312,13.387201309204102,5.89727783203125,21.642192840576172
2019-03-08,87.17235565185547,,,,22.822246551513672,10.06369400024414,163.6114959716797,,,,246.158935546875,13.33177661895752,5.8638715744018555,21.50821304321289
2019-03-11,87.18048858642578,,,,23.124351501464844,10.48430061340332,167.0143280029297,,,,249.72860717773438,13.72456169128418,6.230139255523682,22.446056365966797
2019-03-12,87.34275817871094,,,,23.215896606445312,10.602712631225586,167.93194580078125,,,,250.67019653320312,13.811309814453125,6.331550598144531,22.675735473632812
2019-03-13,87.30216979980469,,,,23.362361907958984,10.756892204284668,169.19363403320312,,,,252.32943725585938,14.00047492980957,6.468751907348633,23.125520706176758
2019-03-14,87.17235565185547,,,,23.334897994995117,10.716188430786133,168.9069061279297,,,,252.1680450439453,13.981196403503418,6.440117359161377,23.077672958374023
2019-03-15,87.3914794921875,,,,23.44474983215332,10.899972915649414,170.47450256347656,,,,253.41387939453125,14.116140365600586,6.599987983703613,23.412614822387695
2019-03-18,87.37525939941406,,,,23.53629493713379,10.956710815429688,170.8804931640625,,,,254.3326873779297,14.222168922424316,6.659640312194824,23.675783157348633
2019-03-19,87.32655334472656,,,,23.499679565429688,11.035652160644531,171.4550323486328,,,,254.3957061767578,14.22578239440918,6.7264509201049805,23.690139770507812
2019-03-20,87.6835708618164,,,,23.53629493713379,11.126126289367676,172.13491821289062,,,,253.63009643554688,14.119556427001953,6.804027557373047,23.442768096923828
2019-03-21,87.69978332519531,,,,23.756006240844727,11.468033790588379,174.82571411132812,,,,256.49481201171875,14.44306468963623,7.119106292724609,24.2146053314209
2019-03-22,88.13798522949219,,,,23.45391082763672,10.954557418823242,170.98583984375,,,,251.55812072753906,13.885377883911133,6.653649806976318,22.83393096923828
2019-03-25,88.30028533935547,,,,23.44474983215332,10.926165580749512,170.66021728515625,,,,251.36886596679688,13.869686126708984,6.611877918243408,22.776391983032227
2019-03-26,88.31649780273438,,,,23.573366165161133,11.02491283416748,171.4550323486328,,,,253.24270629882812,14.065237045288086,6.70258092880249,23.255800247192383
2019-03-27,88.50312805175781,,,,23.51824951171875,10.894074440002441,170.35379028320312,,,,251.9185333251953,13.9240083694458,6.5712995529174805,22.929807662963867
2019-03-28,88.51122283935547,,,,23.600927352905273,10.928635597229004,170.74642944335938,,,,252.87330627441406,14.037474632263184,6.613069534301758,23.174301147460938
2019-03-29,88.50312805175781,,,,23.711170196533203,11.100205421447754,172.03916931152344,,,,254.4677734375,14.21975040435791,6.7622551918029785,23.624940872192383
2019-04-01,88.09806823730469,,,,23.894906997680664,11.397676467895508,174.31822204589844,,,,257.4856262207031,14.538423538208008,7.028401851654053,24.449512481689453
2019-04-02,88.19568634033203,,,,23.91328239440918,11.468033790588379,174.9788818359375,,,,257.6117248535156,14.549286842346191,7.105978012084961,24.444717407226562
2019-04-03,88.0329818725586,,,,23.91328239440918,11.600104331970215,175.98440551757812,,,,258.01708984375,14.602402687072754,7.228906631469727,24.588539123535156
2019-04-04,88.09806823730469,,,,23.95921516418457,11.590230941772461,175.91737365722656,,,,258.7017517089844,14.669999122619629,7.218163967132568,24.74674415588379
2019-04-05,88.16313934326172,,,,24.051084518432617,11.703787803649902,176.8270721435547,,,,259.95391845703125,14.795540809631348,7.326770305633545,25.067941665649414
2019-04-08,88.12247467041016,,,,24.051084518432617,11.76426887512207,177.27711486816406,,,,260.1521911621094,14.829337120056152,7.384057998657227,25.163818359375
2019-04-09,88.1712646484375,,,,23.95921516418457,11.681568145751953,176.65472412109375,,,,258.81884765625,14.671205520629883,7.302901744842529,24.76112174987793
2019-04-10,88.34208679199219,,,,24.051084518432617,11.807470321655273,177.60269165039062,,,,259.70172119140625,14.766566276550293,7.421056747436523,25.015207290649414
2019-04-11,88.2363052368164,,,,24.060266494750977,11.749458312988281,177.1813507080078,,,,259.629638671875,14.75932502746582,7.364963054656982,24.9864444732666
2019-04-12,88.0655288696289,,,,24.133764266967773,11.845734596252441,177.94741821289062,,,,261.38629150390625,14.95728874206543,7.455667018890381,25.48981285095215
2019-04-15,88.04924011230469,,,,24.14295196533203,11.846968650817871,177.9761962890625,,,,261.2151184082031,14.937976837158203,7.461635589599609,25.422698974609375
2019-04-16,87.89469909667969,,,,24.11539077758789,11.92719841003418,178.58897399902344,,,,261.38629150390625,14.952463150024414,7.5344367027282715,25.494606018066406
2019-04-17,87.88658905029297,,,,24.078643798828125,12.007426261901855,179.21144104003906,,,,260.7467041015625,14.881241798400879,7.609626293182373,25.274084091186523
2019-04-18,88.0004653930664,,,,24.12458038330078,12.03334903717041,179.44125366210938,,,,261.2601013183594,14.931941032409668,7.633495807647705,25.408315658569336
2019-04-22,87.89469909667969,,,,24.14295196533203,12.104939460754395,179.94879150390625,,,,261.4853210449219,14.953670501708984,7.697942733764648,25.48981285095215
2019-04-23,88.04924011230469,,,,24.3542423248291,12.40981674194336,182.2373809814453,,,,263.8365173339844,15.22647762298584,7.990346431732178,26.141799926757812
2019-04-24,88.25260925292969,,,,24.37261962890625,12.330821990966797,181.66287231445312,,,,263.25103759765625,15.157670974731445,7.912772178649902,25.98839569091797
2019-04-25,88.24446868896484,,,,24.363433837890625,12.414753913879395,182.4001922607422,,,,263.0887756347656,15.13111686706543,8.001087188720703,25.906898498535156
2019-04-26,88.42340850830078,,,,24.455303192138672,12.4517822265625,182.56298828125,,,,264.31402587890625,15.274759292602539,8.029730796813965,26.280832290649414
2019-04-29,88.26889038085938,,,,24.482868194580078,12.488811492919922,182.91729736328125,,,,264.728271484375,15.31338882446289,8.072696685791016,26.37191390991211
2019-04-30,88.32579040527344,,,,24.528799057006836,12.303665161132812,181.50003051757812,,,,264.86346435546875,15.317008018493652,7.887704849243164,26.415058135986328
2019-05-01,88.38287353515625,,,,24.381813049316406,12.208623886108398,180.91590881347656,,,,262.8726501464844,15.105767250061035,7.797003269195557,25.820600509643555
2019-05-02,88.18718719482422,,,,24.271564483642578,12.116048812866211,180.13070678710938,,,,262.3050537109375,15.033339500427246,7.701524257659912,25.66240119934082
2019-05-03,88.33397674560547,,,,24.519615173339844,12.496217727661133,183.00347900390625,,,,264.87249755859375,15.315802574157715,8.06434154510498,26.38629913330078
2019-05-06,88.44816589355469,,,,24.44611358642578,12.350567817687988,181.88311767578125,,,,263.7824401855469,15.189057350158691,7.919929027557373,26.074684143066406
2019-05-07,88.55410766601562,,,,24.11539077758789,11.854375839233398,178.34002685546875,,,,259.37738037109375,14.683277130126953,7.4592485427856445,24.770713806152344
2019-05-08,88.53778839111328,,16.458234786987305,,24.069456100463867,11.782783508300781,177.88998413085938,,,,259.0171203613281,14.64223575592041,7.393605709075928,24.655654907226562
2019-05-09,88.58668518066406,,16.467449188232422,,24.023523330688477,11.674164772033691,176.93240356445312,,,,258.23333740234375,14.545666694641113,7.276646137237549,24.4063663482666
2019-05-10,88.60299682617188,,16.470081329345703,,24.078643798828125,11.697616577148438,177.15264892578125,,,,259.5305480957031,14.676037788391113,7.296934604644775,24.75153923034668
2019-05-13,88.74979400634766,,16.349632263183594,,23.637676239013672,10.87679672241211,171.0049285888672,,,,253.00836181640625,13.952975273132324,6.5426554679870605,22.92021942138672
2019-05-14,88.82315826416016,,16.443098068237305,,23.821414947509766,11.116251945495605,172.8818359375,,,,255.29661560058594,14.202849388122559,6.747934341430664,23.495500564575195
2019-05-15,88.97806549072266,,16.648454666137695,,23.986774444580078,11.419894218444824,175.32366943359375,,,,256.79205322265625,14.357357025146484,7.028401851654053,23.902996063232422
2019-05-16,88.87207794189453,,16.827482223510742,,24.14295196533203,11.651946067810059,177.08560180664062,,,,259.1700439453125,14.625337600708008,7.248002529144287,24.550188064575195
2019-05-17,88.89656829833984,,16.880136489868164,,24.051084518432617,11.41372299194336,175.27578735351562,,,,257.4946594238281,14.44185733795166,7.022434234619141,24.089956283569336
2019-05-20,88.77424621582031,,16.77153778076172,,23.876537322998047,11.037256240844727,172.31683349609375,,,,255.79208374023438,14.252338409423828,6.6703572273254395,23.624940872192383
2019-05-21,88.76608276367188,,16.78996467590332,,24.023523330688477,11.258199691772461,174.1171112060547,,,,258.09820556640625,14.497383117675781,6.8708624839782715,24.23377799987793
2019-05-22,88.91285705566406,,16.800495147705078,,24.023523330688477,11.158220291137695,173.34149169921875,,,,257.3055114746094,14.414092063903809,6.781351089477539,24.027639389038086
2019-05-23,89.17375946044922,,16.708345413208008,,23.803037643432617,10.811376571655273,170.68898010253906,,,,254.16146850585938,14.059202194213867,6.461497783660889,23.164714813232422
2019-05-24,89.20639038085938,,16.743234634399414,,23.867345809936523,10.796565055847168,170.60276794433594,,,,254.73806762695312,14.108694076538086,6.451951026916504,23.255800247192383
2019-05-28,89.33679962158203,,16.847888946533203,,23.7479190826416,10.715100288391113,169.9612274169922,,,,252.36891174316406,13.846752166748047,6.382728099822998,22.63257598876953
2019-05-29,89.36125183105469,,16.780094146728516,,23.58255386352539,10.54352855682373,168.56309509277344,,,,250.67527770996094,13.668098449707031,6.222803115844727,22.18194007873535
2019-05-30,89.59771728515625,,16.814979553222656,,23.656047821044922,10.633635520935059,169.271728515625,,,,251.3599090576172,13.727248191833496,6.2967987060546875,22.340139389038086
2019-05-31,90.01356506347656,,16.68267822265625,,23.48150062561035,10.27815055847168,166.57138061523438,,,,247.97280883789062,13.360285758972168,5.993655681610107,21.42447853088379
2019-06-03,90.22606658935547,,16.624099731445312,,23.444751739501953,9.846138954162598,162.9038543701172,,,,247.34231567382812,13.285444259643555,5.610547065734863,21.251903533935547
2019-06-04,90.14431762695312,,16.651744842529297,,23.848970413208008,10.384303092956543,167.49061584472656,,,,252.71121215820312,13.860029220581055,6.065263748168945,22.63257598876953
2019-06-05,90.09530639648438,,16.714929580688477,,24.0327091217041,10.537359237670898,168.73548889160156,,,,254.90023803710938,14.099037170410156,6.198932647705078,23.203067779541016
2019-06-06,90.07894897460938,,16.691892623901367,,24.152135848999023,10.699055671691895,170.0760955810547,,,,256.5578308105469,14.284929275512695,6.3421502113342285,23.64411735534668
2019-06-07,90.33229064941406,,16.82090187072754,,24.436927795410156,11.108843803405762,173.36058044433594,,,,259.1250915527344,14.563773155212402,6.703774929046631,24.35842514038086
2019-06-10,90.09530639648438,,16.735994338989258,,24.501237869262695,11.363114356994629,175.381103515625,,,,260.3143005371094,14.70621395111084,6.94843864440918,24.694002151489258
2019-06-11,90.07894897460938,,16.701766967773438,,24.482868194580078,11.402613639831543,175.62051391601562,,,,260.2511901855469,14.695347785949707,6.974695205688477,24.674833297729492
2019-06-12,90.19338989257812,,16.774824142456055,,24.464488983154297,11.276713371276855,174.60549926757812,,,,259.79180908203125,14.643444061279297,6.856540679931641,24.54059600830078
2019-06-13,90.38948059082031,,16.87421417236328,,24.53798484802246,11.407549858093262,175.63963317871094,,,,260.8638000488281,14.77139663696289,6.9687275886535645,24.861799240112305
2019-06-14,90.364990234375,,16.953857421875,,24.565540313720703,11.293993949890137,174.89276123046875,,,,260.5755310058594,14.719490051269531,6.878023147583008,24.737154006958008
2019-06-17,90.34046936035156,,16.948591232299805,,24.565540313720703,11.437175750732422,175.9460906982422,,,,260.67462158203125,14.742425918579102,7.0033392906188965,24.78030014038086
2019-06-18,90.58562469482422,,17.077598571777344,,24.776840209960938,11.770442008972168,178.50283813476562,,,,263.40411376953125,15.02609920501709,7.306482791900635,25.513782501220703
2019-06-19,90.896240234375,,17.138153076171875,,24.923830032348633,11.856840133666992,179.1731719970703,,,,263.99871826171875,15.113008499145508,7.392413139343262,25.72472381591797
2019-06-20,91.05150604248047,,17.108537673950195,,25.162691116333008,12.072846412658691,180.83934020996094,,,,266.52105712890625,15.388230323791504,7.595304489135742,26.43903160095215
2019-06-21,90.81449127197266,,16.833412170410156,,25.07082176208496,12.043224334716797,180.57119750976562,,,,266.1335754394531,15.349601745605469,7.56069278717041,26.338356018066406
2019-06-24,90.97794342041016,,16.876850128173828,,25.05699348449707,12.039521217346191,180.57701110839844,,,,265.8076477050781,15.310973167419434,7.558306694030762,26.232891082763672
2019-06-25,90.9942626953125,,16.903175354003906,,24.881834030151367,11.622271537780762,177.4771270751953,,,,263.20068359375,15.004450798034668,7.171618461608887,25.468915939331055
2019-06-26,90.78994750976562,,16.72480583190918,,24.798860549926758,11.725996017456055,178.302490234375,,,,262.9381103515625,14.966952323913574,7.262322902679443,25.358476638793945
2019-06-27,91.0433349609375,,16.82694435119629,,24.927932739257812,11.819843292236328,178.9838409423828,,,,263.8705749511719,15.081869125366211,7.341093063354492,25.64177894592285
2019-06-28,91.00241088867188,,16.906023025512695,,25.038551330566406,11.85565185546875,179.21421813964844,,,,265.2283935546875,15.242752075195312,7.3721232414245605,26.001922607421875
2019-07-01,91.06958770751953,,16.975215911865234,,25.176836013793945,12.163127899169922,181.6326141357422,,,,267.6361999511719,15.495566368103027,7.665719985961914,26.678977966308594
2019-07-02,91.23343658447266,,17.130075454711914,,25.305906295776367,12.261917114257812,182.35238647460938,,,,268.333251953125,15.579030990600586,7.758810520172119,26.933475494384766
2019-07-03,91.38089752197266,,17.28691291809082,,25.48105812072754,12.436025619506836,183.72479248046875,,,,270.4785461425781,15.819751739501953,7.930671691894531,27.528905868530273
2019-07-05,90.99591064453125,,17.116235733032227,,25.3612117767334,12.395277976989746,183.3504638671875,,,,270.1708679199219,15.781046867370605,7.879353046417236,27.408859252929688
2019-07-08,90.94677734375,,17.079994201660156,,25.26902961730957,12.212522506713867,182.06451416015625,,,,268.6862487792969,15.605643272399902,7.71345853805542,27.000703811645508
2019-07-09,90.92219543457031,,17.060882568359375,,25.296682357788086,12.336006164550781,182.97622680664062,,,,269.021240234375,15.656445503234863,7.829226970672607,27.091934204101562
2019-07-10,90.98770904541016,,17.034521102905273,,25.416532516479492,12.576797485351562,184.7996826171875,,,,270.306640625,15.789507865905762,8.060760498046875,27.476085662841797
2019-07-11,90.65186309814453,,16.89218521118164,,25.40730857849121,12.55704116821289,184.6652374267578,,,,270.94036865234375,15.859673500061035,8.03927993774414,27.644145965576172
2019-07-12,90.75017547607422,,16.9356746673584,,25.51793670654297,12.701515197753906,185.7305450439453,,,,272.1532287597656,16.007246017456055,8.174141883850098,28.033100128173828
2019-07-15,90.88123321533203,,17.024639129638672,,25.554807662963867,12.77190113067627,186.32554626464844,,,,272.2437438964844,16.015710830688477,8.243364334106445,28.037900924682617
2019-07-16,90.78291320800781,,17.018051147460938,,25.453405380249023,12.64471435546875,185.36585998535156,,,,271.3657531738281,15.90684700012207,8.126402854919434,27.759389877319336
2019-07-17,91.0204849243164,,17.083946228027344,,25.370437622070312,12.523700714111328,184.4541473388672,,,,269.5190734863281,15.68790054321289,8.005861282348633,27.20718002319336
2019-07-18,91.16790771484375,,17.083946228027344,,25.453405380249023,12.563215255737305,184.6652374267578,,,,270.5057678222656,15.802814483642578,8.040471076965332,27.48569107055664
2019-07-19,91.06143951416016,,17.07340431213379,,25.31511688232422,12.349588394165039,183.31210327148438,,,,269.0030822753906,15.622580528259277,7.845934867858887,27.015106201171875
2019-07-22,91.17611694335938,,17.110305786132812,,25.388872146606445,12.561979293823242,184.7708740234375,,,,269.6639404296875,15.697576522827148,8.030925750732422,27.21198081970215
2019-07-23,91.08600616455078,,17.216398239135742,,25.499500274658203,12.720038414001465,185.98007202148438,,,,271.5920715332031,15.918943405151367,8.186076164245605,27.76899528503418
2019-07-24,91.2170639038086,,17.36269187927246,,25.62856101989746,12.896622657775879,187.2852325439453,,,,272.868408203125,16.06410026550293,8.360326766967773,28.153139114379883
2019-07-25,91.07781219482422,,17.209808349609375,,25.499500274658203,12.64718246459961,185.5098114013672,,,,271.5649108886719,15.910476684570312,8.12162971496582,27.735382080078125
2019-07-26,91.09420013427734,,17.33172035217285,,25.683881759643555,12.90156078338623,187.4196319580078,,,,273.3844299316406,16.122159957885742,8.362712860107422,28.301998138427734
2019-07-29,91.13516235351562,,17.307334899902344,,25.66543960571289,12.822529792785645,186.7766571044922,,,,272.8865051269531,16.068937301635742,8.285133361816406,28.157943725585938
2019-07-30,91.12696838378906,,17.197946548461914,,25.573240280151367,12.703985214233398,185.97047424316406,,,,272.216552734375,15.989103317260742,8.174141883850098,27.956270217895508
2019-07-31,91.16790771484375,,17.27570915222168,,25.370437622070312,12.366876602172852,183.3984832763672,,,,269.2384033203125,15.62620735168457,7.829226970672607,26.99109649658203
2019-08-01,91.8822021484375,,17.414094924926758,,25.296682357788086,12.227339744567871,182.48672485351562,,,,266.8939208984375,15.347990036010742,7.719426155090332,26.309240341186523
2019-08-02,91.91500091552734,,17.282957077026367,,25.158403396606445,11.87170696258545,179.79962158203125,,,,264.8843688964844,15.149603843688965,7.366156101226807,25.737821578979492
2019-08-05,92.31734466552734,,17.028593063354492,,24.614486694335938,11.011026382446289,173.44639587402344,,,,256.91851806640625,14.23995304107666,6.592781066894531,23.44734764099121
2019-08-06,92.5636978149414,,17.29547691345215,,24.909486770629883,11.334552764892578,175.87440490722656,,,,260.52130126953125,14.610105514526367,6.863701343536377,24.345291137695312
2019-08-07,92.5143814086914,,17.350830078125,,24.955577850341797,11.432104110717773,176.82455444335938,,,,260.6751403808594,14.618573188781738,6.963953018188477,24.39811134338379
2019-08-08,92.60472106933594,,17.52480125427246,,25.333560943603516,11.948266983032227,180.6729736328125,,,,265.7895812988281,15.17742919921875,7.424635887145996,25.80024528503418
2019-08-09,92.48155975341797,,17.37323570251465,,25.213712692260742,11.721056938171387,178.97425842285156,,,,263.97918701171875,14.981466293334961,7.205036640167236,25.272043228149414
2019-08-12,92.81816864013672,,17.621015548706055,,25.01089859008789,11.454331398010254,176.92051696777344,,,,260.76568603515625,14.620993614196777,6.963953018188477,24.340484619140625
2019-08-13,92.68685150146484,,17.70799446105957,,25.28746795654297,11.968023300170898,180.7977294921875,,,,264.82098388671875,15.060091972351074,7.421056747436523,25.464113235473633
2019-08-14,92.97420501708984,,17.959068298339844,,24.780420303344727,11.223418235778809,175.3945770263672,,,,256.9908752441406,14.178263664245605,6.756288528442383,23.231260299682617
2019-08-15,93.4011459350586,,18.269445419311523,,24.863393783569336,11.208600044250488,175.19305419921875,,,,257.6697998046875,14.254467964172363,6.727645397186279,23.404129028320312
2019-08-16,93.32725524902344,,18.218040466308594,,25.158403396606445,11.562997817993164,178.00497436523438,,,,261.4717102050781,14.671796798706055,7.037949085235596,24.426921844482422
2019-08-19,93.0809097290039,,18.067138671875,,25.370437622070312,11.916160583496094,180.83607482910156,,,,264.6219482421875,15.026224136352539,7.367349624633789,25.3056583404541
2019-08-20,93.33545684814453,,18.148193359375,,25.250593185424805,11.755630493164062,179.43492126464844,,,,262.5942077636719,14.787922859191895,7.215777397155762,24.71502685546875
2019-08-21,93.28620910644531,,18.11853790283203,,25.388872146606445,11.959379196166992,181.02804565429688,,,,264.7305603027344,15.02138614654541,7.399573802947998,25.315258026123047
2019-08-22,93.03985595703125,,18.020355224609375,,25.35199546813965,11.881585121154785,180.442626953125,,,,264.64898681640625,15.008079528808594,7.32796573638916,25.281644821166992
2019-08-23,93.41755676269531,,18.073070526123047,,24.798860549926758,11.133275985717773,174.732421875,,,,257.850830078125,14.233903884887695,6.657229423522949,23.317697525024414
2019-08-26,93.37651824951172,,18.17455291748047,,25.09386444091797,11.458036422729492,177.37161254882812,,,,260.7022705078125,14.545995712280273,6.926955223083496,24.08119010925293
2019-08-27,93.67208862304688,,18.41309928894043,,25.084644317626953,11.418521881103516,176.99729919433594,,,,259.6794128417969,14.431077003479004,6.885183334350586,23.817087173461914
2019-08-28,93.68031311035156,,18.480314254760742,,25.20449447631836,11.48520565032959,177.63067626953125,,,,261.50799560546875,14.633088111877441,6.954406261444092,24.311674118041992
2019-08-29,93.62278747558594,,18.475706100463867,,25.47183609008789,11.837130546569824,180.34664916992188,,,,264.8481140136719,15.00929069519043,7.27067756652832,25.22882652282715
2019-08-30,93.70491027832031,,18.568620681762695,,25.47183609008789,11.784032821655273,179.91481018066406,,,,264.7305603027344,14.994771957397461,7.219357967376709,25.20481300354004
2019-09-03,93.68269348144531,,18.655603408813477,,25.333560943603516,11.550649642944336,178.16812133789062,,,,263.1826171875,14.819374084472656,7.009305000305176,24.75824737548828
2019-09-04,93.84728240966797,,18.6925048828125,,25.62856101989746,11.884055137634277,180.74012756347656,,,,266.16973876953125,15.147187232971191,7.30409574508667,25.56975555419922
2019-09-05,93.44400787353516,,18.333364486694336,,25.831371307373047,12.321187973022461,184.05108642578125,,,,269.5915222167969,15.543952941894531,7.707491874694824,26.563735961914062
2019-09-06,93.54277038574219,,18.419031143188477,,25.868253707885742,12.292786598205566,183.86874389648438,,,,269.7996826171875,15.5645170211792,7.686009407043457,26.630962371826172
2019-09-09,93.14778900146484,,18.098770141601562,,25.757631301879883,12.234748840332031,183.48486328125,,,,269.9355163574219,15.575403213500977,7.637076377868652,26.65016746520996
2019-09-10,92.64578247070312,,17.83978843688965,,25.619340896606445,12.176712036132812,182.9569854736328,,,,269.8721008300781,15.577824592590332,7.573821544647217,26.65016746520996
2019-09-11,92.66223907470703,,17.914915084838867,,25.794504165649414,12.395277976989746,184.6748504638672,,,,271.7911682128906,15.790718078613281,7.777907848358154,27.216785430908203
2019-09-12,92.51411437988281,,17.777849197387695,,25.877473831176758,12.48788833618164,185.44264221191406,,,,272.7325439453125,15.900798797607422,7.874578475952148,27.4472713470459
2019-09-13,91.96279907226562,,17.433862686157227,,25.720754623413086,12.406389236450195,184.78045654296875,,,,272.5516052246094,15.872973442077637,7.79103422164917,27.38484764099121
2019-09-16,92.20967864990234,,17.680316925048828,,25.711532592773438,12.281671524047852,183.95510864257812,,,,271.7098083496094,15.773781776428223,7.683620929718018,27.14955711364746
2019-09-17,92.34956359863281,,17.698774337768555,,25.812942504882812,12.398983001708984,184.83802795410156,,,,272.3976745605469,15.848783493041992,7.785067558288574,27.360836029052734
2019-09-18,92.45653533935547,,17.80025291442871,,25.831371307373047,12.397747039794922,184.7613067626953,,,,272.5606689453125,15.871766090393066,7.780294418334961,27.404050827026367
2019-09-19,92.58821868896484,,17.812772750854492,,25.849817276000977,12.43355655670166,185.06834411621094,,,,272.5426025390625,15.862089157104492,7.814904689788818,27.360836029052734
2019-09-20,92.92559814453125,,18.001237869262695,,25.831371307373047,12.170536994934082,183.110595703125,,,,271.2547912597656,15.698785781860352,7.569047451019287,26.952682495117188
2019-09-23,92.96672058105469,,18.057254791259766,,25.831371307373047,12.177946090698242,183.1913604736328,,,,271.19122314453125,15.702418327331543,7.57620906829834,26.97669219970703
2019-09-24,93.22183227539062,,18.187068939208984,,25.68366813659668,11.847007751464844,180.75839233398438,,,,269.063232421875,15.452018737792969,7.276646137237549,26.314041137695312
2019-09-25,92.83509826660156,,18.105358123779297,,25.77598762512207,12.114972114562988,182.7874298095703,,,,270.65460205078125,15.62620735168457,7.509373664855957,26.775012969970703
2019-09-26,92.99147033691406,,18.212112426757812,,25.729825973510742,12.02606201171875,182.11434936523438,,,,270.0907897949219,15.569352149963379,7.434185028076172,26.611751556396484
2019-09-27,93.10665130615234,,18.19099235534668,,25.62826919555664,11.738344192504883,179.85447692871094,,,,268.6357727050781,15.39758586883545,7.164458751678467,26.160377502441406
2019-09-30,93.13130187988281,,18.284725189208984,,25.748289108276367,11.944561958312988,181.56617736816406,,,,269.88165283203125,15.537904739379883,7.355415344238281,26.539724349975586
2019-10-01,93.3003921508789,,18.27680206298828,,25.508251190185547,11.748222351074219,180.0852508544922,,,,266.6715087890625,15.168962478637695,7.177585601806641,25.588964462280273
2019-10-02,93.36640167236328,,18.303207397460938,,25.138973236083984,11.344432830810547,176.98880004882812,,,,261.9607849121094,14.635506629943848,6.809995651245117,24.22524642944336
2019-10-03,93.72929382324219,,18.410140991210938,,25.379003524780273,11.597572326660156,178.93128967285156,,,,264.10699462890625,14.859291076660156,7.034369468688965,24.801462173461914
2019-10-04,93.87777709960938,,18.478790283203125,,25.729825973510742,11.939623832702637,181.56617736816406,,,,267.6809387207031,15.259682655334473,7.330350399017334,25.79544448852539
2019-10-07,93.62205505371094,,18.39364242553711,,25.619043350219727,11.859359741210938,181.01806640625,,,,266.52587890625,15.13509464263916,7.262322902679443,25.468915939331055
2019-10-08,93.6550521850586,,18.38637924194336,,25.27745246887207,11.491378784179688,178.30624389648438,,,,262.3882141113281,14.662121772766113,6.9317307472229,24.282865524291992
2019-10-09,93.60559844970703,,18.344791412353516,,25.388235092163086,11.737109184265137,180.0467987060547,,,,264.8799743652344,14.928243637084961,7.141781806945801,24.94071388244629
2019-10-10,93.28392791748047,,18.173168182373047,,25.471323013305664,11.90010929107666,181.441162109375,,,,266.6715087890625,15.131463050842285,7.298128604888916,25.44491195678711
2019-10-11,92.97879791259766,,18.06622886657715,,25.665199279785156,12.201408386230469,183.77796936035156,,,,269.43603515625,15.450807571411133,7.571435451507568,26.21320152282715
2019-10-14,93.13548278808594,,18.149404525756836,,25.665199279785156,12.212522506713867,183.7587127685547,,,,269.1358947753906,15.422987937927246,7.579788684844971,26.155582427978516
2019-10-15,92.83030700683594,,18.067554473876953,,25.79445457458496,12.51382064819336,186.0955047607422,,,,271.80047607421875,15.72055721282959,7.8674187660217285,26.938278198242188
2019-10-16,92.9952392578125,,18.03388786315918,,25.803686141967773,12.450846672058105,185.6339111328125,,,,271.3639221191406,15.66733455657959,7.808937072753906,26.80382537841797
2019-10-17,92.97046661376953,,17.962594985961914,,25.849842071533203,12.519996643066406,186.12432861328125,,,,272.1641540527344,15.748384475708008,7.862645149230957,27.015106201171875
2019-10-18,93.03646087646484,,17.905168533325195,,25.77598762512207,12.27796745300293,184.33572387695312,,,,270.972900390625,15.614109992980957,7.637076377868652,26.65016746520996
2019-10-21,92.78079223632812,,17.855661392211914,,25.859079360961914,12.494064331054688,185.970458984375,,,,272.809814453125,15.835476875305176,7.838775634765625,27.221586227416992
2019-10-22,92.9210205078125,,17.903846740722656,,25.81291389465332,12.294020652770996,184.4895477294922,,,,271.91864013671875,15.718141555786133,7.6573662757873535,26.928674697875977
2019-10-23,92.9952392578125,,17.92892837524414,,25.831377029418945,12.33970832824707,184.84532165527344,,,,272.7099304199219,15.811284065246582,7.693169593811035,27.159164428710938
2019-10-24,93.01997375488281,,17.983060836791992,,25.92369842529297,12.573092460632324,186.64358520507812,,,,273.1554870605469,15.86571979522705,7.913963317871094,27.27440643310547
2019-10-25,92.88801574707031,,17.969202041625977,,25.988325119018555,12.766961097717285,188.1341552734375,,,,274.2740173339844,15.99515438079834,8.094178199768066,27.629743576049805
2019-10-28,92.69005584716797,,17.87876319885254,,26.09910774230957,13.025044441223145,189.9901580810547,,,,275.8199768066406,16.175386428833008,8.341228485107422,28.090717315673828
2019-10-29,92.69830322265625,,17.87876319885254,,26.08064842224121,12.829938888549805,188.51881408691406,,,,275.7381591796875,16.157243728637695,8.149078369140625,28.037900924682617
2019-10-30,92.96221923828125,,17.96854019165039,,26.191429138183594,12.932430267333984,189.432373046875,,,,276.5838928222656,16.258852005004883,8.263652801513672,28.311601638793945
2019-10-31,93.3251724243164,,18.07811164855957,,26.17296600341797,12.952188491821289,189.51885986328125,,,,275.8471984863281,16.15966033935547,8.269620895385742,28.052303314208984
2019-11-01,93.35079193115234,,18.043787002563477,,26.41299819946289,13.1942138671875,191.2401885986328,,,,278.4026794433594,16.47054100036621,8.493995666503906,28.830204010009766
2019-11-04,93.11933135986328,,18.023988723754883,,26.41299819946289,13.346100807189941,192.42306518554688,,,,279.521240234375,16.5866641998291,8.6455659866333,29.17593002319336
2019-11-05,92.77213287353516,,17.971179962158203,,26.311447143554688,13.351041793823242,192.52879333496094,,,,279.21197509765625,16.55158805847168,8.656309127807617,29.070293426513672
2019-11-06,92.9126968383789,,18.030588150024414,,26.34837532043457,13.302882194519043,192.09608459472656,,,,279.2757263183594,16.56247329711914,8.601407051086426,29.103904724121094
2019-11-07,92.4745864868164,,17.906490325927734,,26.311447143554688,13.391789436340332,192.74037170410156,,,,280.2578430175781,16.674972534179688,8.688530921936035,29.4016170501709
2019-11-08,92.42494201660156,,17.895265579223633,,26.34837532043457,13.49798583984375,193.50967407226562,,,,280.94891357421875,16.75601577758789,8.791172981262207,29.58408546447754
2019-11-11,92.44151306152344,,17.8886661529541,,26.33914566040039,13.459705352783203,193.25006103515625,,,,280.4123229980469,16.690698623657227,8.754172325134277,29.44483184814453
2019-11-12,92.54068756103516,,17.948070526123047,,26.403766632080078,13.530091285705566,193.8077850341797,,,,281.0035400390625,16.74997329711914,8.825779914855957,29.58888816833496
2019-11-13,92.70600128173828,,17.975139617919922,,26.449932098388672,13.51156997680664,193.85586547851562,,,,281.0945129394531,16.763277053833008,8.812653541564941,29.627304077148438
2019-11-14,92.97052001953125,,18.000885009765625,,26.542247772216797,13.518978118896484,193.70199584960938,,,,281.5036926269531,16.80803108215332,8.81026554107666,29.747350692749023
2019-11-15,92.92093658447266,,17.994281768798828,,26.70842933654785,13.686915397644043,195.125244140625,,,,283.540771484375,17.053590774536133,8.976160049438477,30.39559555053711
2019-11-18,93.09454345703125,,18.000885009765625,,26.74535369873047,13.74124813079834,195.27906799316406,,,,283.7499084472656,17.07173728942871,9.022705078125,30.44841766357422
2019-11-19,93.16065979003906,,18.03388786315918,,26.74535369873047,13.772119522094727,195.56759643554688,,,,283.6679992675781,17.056007385253906,9.05970573425293,30.405197143554688
2019-11-20,93.38381958007812,,18.056991577148438,,26.74535369873047,13.605415344238281,194.39439392089844,,,,282.6131286621094,16.937463760375977,8.900971412658691,30.07867431640625
2019-11-21,93.2515640258789,,18.023326873779297,,26.680728912353516,13.54367446899414,193.96165466308594,,,,282.1584777832031,16.881820678710938,8.831748008728027,29.929821014404297
2019-11-22,93.30117797851562,,18.097257614135742,,26.726892471313477,13.563431739807129,194.08663940429688,,,,282.7860107421875,16.95077133178711,8.855618476867676,30.102685928344727
2019-11-25,93.39212799072266,,18.215415954589844,,26.91153335571289,13.882017135620117,196.38499450683594,,,,284.9776306152344,17.209632873535156,9.162344932556152,30.79414939880371
2019-11-26,93.5243911743164,,18.255020141601562,,26.994619369506836,13.933881759643555,196.75997924804688,,,,285.6232604980469,17.289470672607422,9.217243194580078,30.98622703552246
2019-11-27,93.40864562988281,,18.27812385559082,,27.0684757232666,14.126516342163086,198.13510131835938,,,,286.8963317871094,17.438261032104492,9.403425216674805,31.38957977294922
2019-11-29,93.29290008544922,,18.20947265625,,26.976154327392578,13.99315357208252,197.23123168945312,,,,285.8324890136719,17.30156898498535,9.27811050415039,31.06305503845215
2019-12-02,93.190185546875,,17.951372146606445,,26.69919776916504,13.684446334838867,195.21176147460938,,,,283.404296875,17.013673782348633,8.979740142822266,30.265949249267578
2019-12-03,93.6126937866211,,18.04511070251465,,26.66226577758789,13.485636711120605,193.68284606933594,,,,281.5036926269531,16.776578903198242,8.778043746948242,29.646512985229492
2019-12-04,93.45528411865234,,18.063594818115234,,26.74535369873047,13.622703552246094,194.66363525390625,,,,283.2406921386719,16.990690231323242,8.908129692077637,30.174713134765625
2019-12-05,93.34759521484375,,17.9843807220459,,26.74535369873047,13.674565315246582,195.0482635498047,,,,283.7499084472656,17.048751831054688,8.95467758178711,30.352378845214844
2019-12-06,93.21503448486328,,18.083393096923828,,26.91153335571289,13.95981502532959,197.13507080078125,,,,286.34173583984375,17.352373123168945,9.231565475463867,31.154279708862305
2019-12-09,93.2647705078125,,18.06028938293457,,26.858707427978516,13.842503547668457,196.24070739746094,,,,285.44140625,17.249553680419922,9.118185043334961,30.87578010559082
2019-12-10,93.23158264160156,,17.977783203125,,26.877241134643555,13.819043159484863,196.07723999023438,,,,285.1230773925781,17.202375411987305,9.097895622253418,30.755735397338867
2019-12-11,93.48015594482422,,18.033227920532227,,26.905044555664062,13.96722412109375,197.11581420898438,,,,285.93255615234375,17.300355911254883,9.235143661499023,31.015033721923828
2019-12-12,93.0824966430664,,18.033227920532227,,27.062602996826172,14.175909996032715,198.58706665039062,,,,288.3969421386719,17.59430503845215,9.446391105651855,31.812145233154297
2019-12-13,93.45528411865234,,18.207490921020508,,27.210893630981445,14.261112213134766,199.24099731445312,,,,288.5697937011719,17.616071701049805,9.531128883361816,31.864961624145508
2019-12-16,93.2647705078125,,18.222013473510742,,27.312837600708008,14.534012794494629,201.24124145507812,,,,290.55224609375,17.85679054260254,9.804434776306152,32.532405853271484
2019-12-17,93.27304077148438,,18.188350677490234,,27.28504180908203,14.550065040588379,201.35662841796875,,,,290.6158142089844,17.862842559814453,9.817564010620117,32.53721237182617
2019-12-18,93.09078216552734,,18.159305572509766,,27.238697052001953,14.571057319641113,201.51048278808594,,,,290.634033203125,17.866470336914062,9.840239524841309,32.532405853271484
2019-12-19,93.19120025634766,,18.18901252746582,,27.359174728393555,14.763690948486328,202.7702178955078,,,,291.8253479003906,18.007993698120117,10.040743827819824,32.921363830566406
2019-12-20,93.2077865600586,,18.310466766357422,,27.498197555541992,14.885939598083496,203.58761596679688,,,,293.10479736328125,18.19066047668457,10.160089492797852,33.42074203491211
2019-12-23,93.14142608642578,,18.29792594909668,,27.493545532226562,14.953856468200684,204.12535095214844,,,,293.55255126953125,18.219688415527344,10.235283851623535,33.516788482666016
2019-12-24,93.25757598876953,,18.315086364746094,,27.50284767150879,14.961268424987793,204.2313690185547,,,,293.5617980957031,18.221986770629883,10.248534202575684,33.50764846801758
2019-12-26,93.34062194824219,,18.398921966552734,,27.651716232299805,15.234278678894043,206.03353881835938,,,,295.1243896484375,18.40134048461914,10.514776229858398,33.99815368652344
2019-12-27,93.46501922607422,,18.369436264038086,,27.614498138427734,15.19721794128418,205.86009216308594,,,,295.05126953125,18.39406967163086,10.483734130859375,33.98371887207031
2019-12-30,93.46501922607422,,18.20258331298828,,27.51215934753418,14.992151260375977,204.5108642578125,,,,293.4246826171875,18.197751998901367,10.274797439575195,33.42109298706055
2019-12-31,93.24927520751953,,18.21409034729004,,27.558677673339844,15.057624816894531,204.89630126953125,,,,294.137451171875,18.278942108154297,10.333303451538086,33.666343688964844
2020-01-02,93.50653076171875,,18.454299926757812,,27.800579071044922,15.551762580871582,208.31753540039062,,,,296.88812255859375,18.607343673706055,10.845490455627441,34.5752067565918
2020-01-03,93.7803955078125,,18.414024353027344,,27.763368606567383,15.276281356811523,206.40936279296875,,,,294.6399841308594,18.331058502197266,10.550594329833984,33.82501983642578
2020-01-06,93.7057113647461,,18.450702667236328,,27.828493118286133,15.457876205444336,207.73928833007812,,,,295.76416015625,18.469200134277344,10.75117015838623,34.17607498168945
2020-01-07,93.6061019897461,,18.421937942504883,,27.72614288330078,15.450465202331543,207.71038818359375,,,,294.9325256347656,18.361352920532227,10.738040924072266,33.877925872802734
2020-01-08,93.49825286865234,,18.427690505981445,,27.837797164916992,15.683943748474121,209.2716064453125,,,,296.5043640136719,18.547969818115234,10.985177040100098,34.40208435058594
2020-01-09,93.59781646728516,,18.495290756225586,,27.9959659576416,15.961896896362305,211.04486083984375,,,,298.514892578125,18.802444458007812,11.262166976928711,35.10417938232422
2020-01-10,93.7554931640625,,18.49385643005371,,27.9959659576416,15.87789249420166,210.50518798828125,,,,297.6558837890625,18.692169189453125,11.170233726501465,34.806026458740234
2020-01-13,93.69740295410156,,18.55858039855957,,28.182048797607422,16.233673095703125,212.9337615966797,,,,299.70294189453125,18.9466552734375,11.56064224243164,35.50810241699219
2020-01-14,93.7803955078125,,18.565052032470703,,28.144834518432617,16.113845825195312,212.09532165527344,,,,299.24603271484375,18.892122268676758,11.42573070526123,35.33979415893555
2020-01-15,93.92143249511719,,18.595260620117188,,28.182048797607422,16.11631965637207,212.18203735351562,,,,299.9222106933594,18.96967887878418,11.432893753051758,35.58504867553711
2020-01-16,93.92143249511719,,18.69666290283203,,28.414648056030273,16.420207977294922,214.2154998779297,,,,302.4171142578125,19.282323837280273,11.751667022705078,36.45062255859375
2020-01-17,93.81356048583984,,18.773616790771484,,28.433263778686523,16.586984634399414,215.2755889892578,,,,303.35833740234375,19.415626525878906,11.92717456817627,36.79205322265625
2020-01-21,94.0791244506836,,18.71752166748047,,28.489086151123047,16.572160720825195,215.17921447753906,,,,302.7643737792969,19.325950622558594,11.92120361328125,36.58527755737305
2020-01-22,94.12889099121094,,18.746288299560547,,28.526294708251953,16.656160354614258,215.74781799316406,,,,302.8008728027344,19.338069915771484,12.00239086151123,36.60451889038086
2020-01-23,94.25337219238281,,18.795913696289062,,28.517000198364258,16.754989624023438,216.44171142578125,,,,303.1482238769531,19.371999740600586,12.113423347473145,36.68144607543945
2020-01-24,94.4276351928711,,18.70026397705078,,28.377437591552734,16.468393325805664,214.6202850341797,,,,300.4523010253906,19.01694107055664,11.799424171447754,35.695655822753906
2020-01-27,94.71807861328125,,18.460773468017578,,28.107616424560547,15.790184020996094,210.1871795654297,,,,295.6361999511719,18.412248611450195,11.069944381713867,33.988521575927734
2020-01-28,94.6351318359375,,18.54132080078125,,28.321609497070312,16.267030715942383,213.41563415527344,,,,298.73419189453125,18.796388626098633,11.584521293640137,35.04166030883789
2020-01-29,94.85087585449219,,18.654232025146484,,28.34021759033203,16.31767463684082,213.76255798339844,,,,298.4875183105469,18.767301559448242,11.626306533813477,34.95028305053711
2020-01-30,94.85914611816406,,18.63050079345703,,28.479778289794922,16.436267852783203,214.5238800048828,,,,299.4561767578125,18.873945236206055,11.757638931274414,35.253238677978516
2020-01-31,95.14130401611328,,18.39676284790039,,28.116918563842773,15.903837203979492,211.12196350097656,,,,294.0186767578125,18.19896697998047,11.179784774780273,33.35858154296875
2020-02-03,95.11054992675781,,18.487384796142578,,28.30299949645996,16.37697410583496,214.3118896484375,,,,296.2027893066406,18.470413208007812,11.693166732788086,34.089508056640625
2020-02-04,94.7945327758789,,18.555707931518555,,28.619340896606445,17.13053321838379,219.21722412109375,,,,300.71728515625,19.027847290039062,12.49189281463623,35.64275360107422
2020-02-05,94.65316009521484,,18.59453773498535,,28.72168731689453,17.2614803314209,219.93997192382812,,,,304.1899719238281,19.465309143066406,12.636357307434082,36.849761962890625
2020-02-06,94.71139526367188,,18.702421188354492,,28.92637062072754,17.548080444335938,221.83851623535156,,,,305.21356201171875,19.597394943237305,12.944384574890137,37.22964859008789
2020-02-07,94.98583221435547,,18.738378524780273,,28.86124610900879,17.38995933532715,220.8844451904297,,,,303.5868225097656,19.382904052734375,12.777237892150879,36.65740966796875
2020-02-10,95.09391021728516,,18.91529655456543,,29.075241088867188,17.821094512939453,223.553955078125,,,,305.853271484375,19.674945831298828,13.238089561462402,37.460472106933594
2020-02-11,94.97750091552734,,18.922489166259766,,29.093849182128906,17.821094512939453,223.59246826171875,,,,306.3832702636719,19.73554229736328,13.247639656066895,37.652835845947266
2020-02-12,94.87767791748047,,18.98649787902832,,29.177587509155273,18.170692443847656,225.7705078125,,,,308.3572082519531,19.987600326538086,13.635660171508789,38.359718322753906
2020-02-13,94.94425964355469,,18.957008361816406,,29.196189880371094,18.11016273498535,225.48141479492188,,,,308.0282287597656,19.94397735595703,13.58312702178955,38.21544647216797
2020-02-14,95.04401397705078,,19.026052474975586,,29.279922485351562,18.20652198791504,226.1270751953125,,,,308.5216979980469,20.002140045166016,13.675058364868164,38.40299987792969
2020-02-18,95.16876220703125,,19.11235237121582,,29.261322021484375,18.237403869628906,226.21380615234375,,,,307.7265625,19.897924423217773,13.698936462402344,38.10005569458008
2020-02-19,95.14384460449219,,19.248998641967773,,29.363662719726562,18.5795955657959,228.38217163085938,,,,309.1979675292969,20.082120895385742,14.095316886901855,38.643436431884766
2020-02-20,95.36002349853516,,19.28352165222168,,29.335752487182617,18.218868255615234,226.26202392578125,,,,307.92767333984375,19.92094612121582,13.694161415100098,38.13850402832031
2020-02-21,95.55127716064453,,19.26698112487793,,29.103153228759766,17.54067039489746,221.9156036376953,,,,304.7566223144531,19.49924087524414,12.910956382751465,36.96516418457031
2020-02-24,95.8590087890625,,18.940471649169922,,28.349517822265625,16.178083419799805,213.35784912109375,,,,294.649169921875,18.177154541015625,11.423344612121582,33.267215728759766
2020-02-25,96.02531433105469,,18.598857879638672,,27.493545532226562,15.304695129394531,207.55616760253906,,,,285.7208251953125,17.10712432861328,10.499256134033203,30.252103805541992
2020-02-26,95.92554473876953,,18.58806800842285,,27.465627670288086,15.436875343322754,208.6259307861328,,,,284.66973876953125,16.977462768554688,10.643719673156738,29.920297622680664
2020-02-27,95.94213104248047,,18.104055404663086,,26.516618728637695,13.891458511352539,198.17919921875,,,,271.8847351074219,15.44694709777832,9.05223560333252,25.847246170043945
2020-02-28,96.6490249633789,,18.0076847076416,,26.27471351623535,14.031052589416504,198.33343505859375,,,,270.7424011230469,15.385143280029297,9.193117141723633,25.67412757873535
2020-03-02,96.61483764648438,,18.37590980529785,,27.456329345703125,15.351637840270996,208.56809997558594,,,,282.46734619140625,16.629669189453125,10.447917938232422,28.785419464111328
2020-03-03,97.27315521240234,,18.503921508789062,,27.03764533996582,14.37200927734375,201.87986755371094,,,,274.379638671875,15.69415283203125,9.46413516998291,26.33774185180664
2020-03-04,97.19817352294922,,18.76570701599121,,27.87501335144043,15.551762580871582,210.30279541015625,,,,285.9125671386719,16.994428634643555,10.612677574157715,29.651004791259766
2020-03-05,97.49817657470703,,18.683000564575195,,27.12138557434082,14.61536979675293,203.91336059570312,,,,276.4084777832031,15.858957290649414,9.681426048278809,26.674362182617188
2020-03-06,98.2148208618164,,18.846254348754883,,26.91669464111328,14.122467994689941,200.472900390625,,,,271.8390197753906,15.342732429504395,9.1740140914917,25.342327117919922
2020-03-09,98.08983612060547,,18.277379989624023,,25.307085037231445,12.178034782409668,186.54714965820312,,,,250.6099853515625,12.954252243041992,7.310317516326904,19.422706604003906
2020-03-10,96.98147583007812,,18.459331512451172,,26.070016860961914,13.483797073364258,196.7047576904297,,,,263.5777282714844,14.28239917755127,8.448116302490234,22.490713119506836
2020-03-11,95.59819793701172,,18.178852081298828,,24.990745544433594,12.307744979858398,188.13726806640625,,,,250.7287139892578,12.864577293395996,7.361656188964844,19.177457809448242
2020-03-12,91.77326965332031,,17.469017028808594,,23.03689193725586,10.029767990112305,170.88668823242188,,,,226.73968505859375,10.408238410949707,5.34394645690918,13.613685607910156
2020-03-13,93.21488952636719,,17.940080642700195,,24.841890335083008,11.940849304199219,185.3617401123047,,,,246.12283325195312,12.32653522491455,6.786192417144775,17.39339256286621
2020-03-16,94.77326965332031,,17.89333724975586,,21.864572525024414,9.041494369506836,163.1576690673828,,,,219.191162109375,9.447273254394531,4.447319984436035,11.315083503723145
2020-03-17,92.32328033447266,,17.4833984375,,23.14853858947754,10.26077938079834,175.5318145751953,,,,231.02574157714844,10.621517181396484,5.172022819519043,13.426142692565918
2020-03-18,88.806640625,,17.27267837524414,,21.911096572875977,9.618400573730469,170.19284057617188,,,,219.3282470703125,9.532099723815918,4.693264961242676,11.36798095703125
2020-03-19,90.7899398803711,,17.505695343017578,,22.032054901123047,9.750581741333008,171.2144012451172,,,,219.7942657470703,9.526041030883789,4.801910400390625,11.295848846435547
2020-03-20,91.68992614746094,,17.77035140991211,,21.48311424255371,8.971078872680664,164.50686645507812,,,,210.32244873046875,8.66202163696289,4.2395782470703125,9.76184368133545
2020-03-23,93.86483001708984,,17.978199005126953,,21.045822143554688,9.01678466796875,164.6256561279297,,,,204.9448699951172,8.165176391601562,4.252712249755859,8.95877742767334
2020-03-24,94.639892578125,,18.206178665161133,,22.58070945739746,10.389253616333008,177.37387084960938,,,,223.51356506347656,9.707813262939453,5.200677871704102,11.464158058166504
2020-03-25,95.60652160644531,,18.089672088623047,,23.102596282958984,10.203808784484863,176.06039428710938,,,,226.85960388183594,9.980904579162598,5.080092906951904,11.910999298095703
2020-03-26,95.89823150634766,,18.18244743347168,,24.192951202392578,11.30214786529541,185.33180236816406,,,,240.10586547851562,11.156841278076172,5.907472610473633,13.988554954528809
2020-03-27,96.3065185546875,,18.248655319213867,,23.503320693969727,10.473143577575684,178.957763671875,,,,232.95413208007812,10.466830253601074,5.293801307678223,12.725630760192871
2020-03-30,96.39816284179688,,18.350849151611328,,24.388656616210938,11.274969100952148,185.46707153320312,,,,240.51954650878906,11.148335456848145,5.850164890289307,13.969271659851074
2020-03-31,96.13983917236328,,18.24217987060547,,24.00657081604004,11.067407608032227,183.88314819335938,,,,236.93447875976562,10.8009033203125,5.687793731689453,13.318530082702637
2020-04-01,95.81329345703125,,18.26376724243164,,23.093280792236328,10.143270492553711,176.070068359375,,,,226.27125549316406,9.829052925109863,4.982191562652588,11.539834976196289
2020-04-02,95.95532989501953,,18.28607749938965,,23.428770065307617,10.546036720275879,179.64340209960938,,,,231.49253845214844,10.290678024291992,5.277087688446045,12.330367088317871
2020-04-03,96.02212524414062,,18.173810958862305,,23.279661178588867,10.259406089782715,177.0937957763672,,,,228.1465606689453,9.996694564819336,5.064571857452393,11.800131797790527
2020-04-06,96.48973846435547,,18.41274070739746,,24.575048446655273,11.718504905700684,189.7550506591797,,,,243.4702606201172,11.34756851196289,6.124764442443848,14.186188697814941
2020-04-07,96.62338256835938,,18.281761169433594,,24.612327575683594,11.672792434692383,189.67782592773438,,,,243.71844482421875,11.358501434326172,6.112825393676758,14.186188697814941
2020-04-08,96.71524810791016,,18.266651153564453,,25.32991600036621,12.180573463439941,193.70506286621094,,,,251.899658203125,12.122615814208984,6.50323486328125,15.627461433410645
2020-04-09,97.91781616210938,,18.343652725219727,,25.693368911743164,12.211459159851074,193.98516845703125,,,,255.73300170898438,12.483416557312012,6.527112007141113,16.33604621887207
2020-04-13,97.45854187011719,,18.350130081176758,,25.469701766967773,12.491914749145508,196.0808868408203,,,,253.3980712890625,12.252601623535156,6.753955841064453,15.858834266662598
2020-04-14,97.50863647460938,,18.409141540527344,,26.187284469604492,13.571721076965332,204.60865783691406,,,,260.87158203125,12.985136032104492,7.63028621673584,17.30010986328125
2020-04-15,97.90947723388672,,18.476072311401367,,25.79587745666504,13.261613845825195,202.2617950439453,,,,255.32843017578125,12.427535057067871,7.3771772384643555,16.186614990234375
2020-04-16,98.03472137451172,,18.53508186340332,,25.954313278198242,13.764456748962402,205.9510955810547,,,,256.5602722167969,12.55509090423584,7.772361755371094,16.422813415527344
2020-04-17,97.91781616210938,,18.505577087402344,,26.51346778869629,13.991781234741211,207.9212646484375,,,,263.4913635253906,13.226881980895996,7.966969013214111,17.762859344482422
2020-04-20,97.77584075927734,,18.602014541625977,,26.122055053710938,13.668087005615234,205.4585418701172,,,,258.84912109375,12.759180068969727,7.709084987640381,16.808435440063477
2020-04-21,97.8259506225586,,18.671104431152344,,25.47901725769043,12.651288986206055,197.8772430419922,,,,250.98973083496094,11.9707670211792,6.856632232666016,15.256296157836914
2020-04-22,97.8259506225586,,18.766098022460938,,25.926349639892578,13.433347702026367,203.74916076660156,,,,256.5602722167969,12.513786315917969,7.463139057159424,16.287841796875
2020-04-23,98.0597915649414,,18.766098022460938,,25.926349639892578,13.369102478027344,203.31451416015625,,,,256.5419616699219,12.506499290466309,7.414188385009766,16.268564224243164
2020-04-24,98.00968933105469,,18.837345123291016,,26.27116584777832,13.808932304382324,206.52090454101562,,,,260.11773681640625,12.864869117736816,7.772361755371094,16.957862854003906
2020-04-27,97.55873107910156,,18.815753936767578,,26.55074119567871,13.976956367492676,208.18203735351562,,,,263.86834716796875,13.234170913696289,7.923989295959473,17.70501708984375
2020-04-28,97.94286346435547,,18.87333106994629,,26.457548141479492,13.479061126708984,204.260986328125,,,,262.65484619140625,13.105401039123535,7.49537467956543,17.444721221923828
2020-04-29,98.00968933105469,,18.81216049194336,,27.026031494140625,14.3982572555542,211.50424194335938,,,,269.53076171875,13.789340019226074,8.274998664855957,18.794408798217773
2020-04-30,97.79255676269531,,18.646631240844727,,26.830322265625,14.452616691589355,211.41737365722656,,,,267.02130126953125,13.520868301391602,8.32991886138916,18.268997192382812
2020-05-01,97.797607421875,,18.585460662841797,,26.159330368041992,13.579134941101074,205.4585418701172,,,,259.9523010253906,12.805343627929688,7.5825300216674805,16.803619384765625
2020-05-04,97.8812484741211,,18.585460662841797,,26.205928802490234,13.918891906738281,207.85362243652344,,,,260.6693420410156,12.887950897216797,7.8499650955200195,16.981966018676758
2020-05-05,97.8059310913086,,18.562429428100586,,26.420272827148438,14.228994369506836,210.2100830078125,,,,263.07769775390625,13.12119197845459,8.100687980651855,17.43507957458496
2020-05-06,97.41268920898438,,18.502700805664062,,26.308439254760742,14.401963233947754,211.50424194335938,,,,261.29437255859375,12.941402435302734,8.260672569274902,17.0880184173584
2020-05-07,97.71391296386719,,18.502700805664062,,26.64394187927246,14.783723831176758,214.22779846191406,,,,264.4473876953125,13.251178741455078,8.583029747009277,17.695377349853516
2020-05-08,97.45451354980469,,18.502700805664062,,26.97943687438965,15.171666145324707,217.1637420654297,,,,268.82293701171875,13.689725875854492,8.929262161254883,18.563030242919922
2020-05-11,97.16160583496094,,18.51349449157715,,26.988750457763672,15.423701286315918,219.10494995117188,,,,268.8781433105469,13.70065975189209,9.151330947875977,18.591949462890625
2020-05-12,97.41268920898438,,18.50989532470703,,26.560068130493164,14.80843448638916,214.51748657226562,,,,263.5189514160156,13.136984825134277,8.606904983520508,17.449542999267578
2020-05-13,97.57166290283203,,18.596256256103516,,26.000905990600586,14.439026832580566,211.8326416015625,,,,258.8583068847656,12.680217742919922,8.280967712402344,16.548139572143555
2020-05-14,97.87291717529297,,18.589061737060547,,26.317758560180664,14.754071235656738,214.23744201660156,,,,261.9561767578125,12.987564086914062,8.55556869506836,17.150680541992188
2020-05-15,97.93147277832031,,18.585460662841797,,26.420272827148438,14.944336891174316,215.62811279296875,,,,263.16046142578125,13.104186058044434,8.702418327331543,17.353134155273438
2020-05-18,97.78923034667969,,18.26593017578125,,27.19378089904785,15.516362190246582,219.64573669433594,,,,271.1762390136719,13.904747009277344,9.206249237060547,18.95829963684082
2020-05-19,97.8979721069336,,18.25297737121582,,26.876924514770508,15.416289329528809,219.0952606201172,,,,268.39093017578125,13.620482444763184,9.135808944702148,18.375038146972656
2020-05-20,98.1490478515625,,18.171649932861328,,27.417438507080078,16.043914794921875,223.4701690673828,,,,272.9504089355469,14.077251434326172,9.670681953430176,19.300540924072266
2020-05-21,98.2243423461914,,18.225627899169922,,27.19378089904785,15.690567016601562,221.03648376464844,,,,271.0660400390625,13.868303298950195,9.373396873474121,18.881175994873047
2020-05-22,98.27458190917969,,18.293994903564453,,27.21241569519043,15.788168907165527,221.79945373535156,,,,271.5807189941406,13.926613807678223,9.458165168762207,18.98240089416504
2020-05-26,98.11557006835938,,18.070899963378906,,27.547908782958984,15.725157737731934,221.2006072998047,,,,274.9267578125,14.284984588623047,9.418766975402832,19.710269927978516
2020-05-27,98.2577896118164,,18.15509796142578,,27.911365509033203,15.874653816223145,222.40786743164062,,,,279.0172424316406,14.695592880249023,9.551290512084961,20.57310676574707
2020-05-28,98.19087219238281,,18.03851318359375,,27.892724990844727,15.812877655029297,222.11813354492188,,,,278.5025634765625,14.646998405456543,9.490400314331055,20.47187614440918
2020-05-29,98.45028686523438,,18.070899963378906,,28.18161964416504,16.24282455444336,225.372802734375,,,,279.7435302734375,14.758761405944824,9.882002830505371,20.712902069091797
2020-06-01,98.39495086669922,,17.99892807006836,,28.18161964416504,16.415788650512695,226.04881286621094,,,,280.8742370605469,14.894820213317871,10.003782272338867,20.98765754699707
2020-06-02,98.47879028320312,,17.86939239501953,,28.27481460571289,16.619644165039062,227.56507873535156,,,,283.1998596191406,15.141427993774414,10.203164100646973,21.51789093017578
2020-06-03,98.23567199707031,,17.652050018310547,,28.53575897216797,16.76542854309082,228.58880615234375,,,,286.96875,15.547175407409668,10.341659545898438,22.38554573059082
2020-06-04,97.94226837158203,,17.581523895263672,,28.321414947509766,16.52574920654297,226.9856414794922,,,,286.21502685546875,15.451202392578125,10.131529808044434,22.168630599975586
2020-06-05,98.00091552734375,,17.581523895263672,,29.00172996520996,17.173137664794922,231.48609924316406,,,,293.55059814453125,16.250551223754883,10.73206615447998,23.87502098083496
2020-06-08,98.10991668701172,,17.682275772094727,,29.35585594177246,17.4560604095459,233.28244018554688,,,,297.0987854003906,16.65630340576172,10.97084903717041,24.7716007232666
2020-06-09,98.23567199707031,,17.667884826660156,,29.225387573242188,17.69451141357422,234.97254943847656,,,,294.88348388671875,16.402402877807617,11.215601921081543,24.231721878051758
2020-06-10,98.6380844116211,,17.711063385009766,,29.160160064697266,18.13433837890625,237.79257202148438,,,,293.23809814453125,16.211679458618164,11.62033748626709,23.812358856201172
2020-06-11,98.47042083740234,,17.660686492919922,,27.77157211303711,16.341657638549805,226.0102081298828,,,,276.3331604003906,14.33600902557373,9.909462928771973,19.65242576599121
2020-06-12,98.57101440429688,,17.682275772094727,,28.06047248840332,16.570226669311523,227.80648803710938,,,,279.6424255371094,14.690733909606934,10.124368667602539,20.370655059814453
2020-06-15,98.89796447753906,,17.682275772094727,,28.228221893310547,16.98410987854004,230.5782928466797,,,,282.2530212402344,14.951915740966797,10.481348037719727,20.94426727294922
2020-06-16,98.70515441894531,,17.64629364013672,,28.694185256958008,17.594438552856445,234.53794860839844,,,,287.6857604980469,15.528953552246094,11.035323143005371,22.144527435302734
2020-06-17,98.6213150024414,,17.575044631958008,,28.638277053833008,17.679685592651367,235.2816162109375,,,,286.4908752441406,15.398970603942871,11.142773628234863,21.855308532714844
2020-06-18,98.7219009399414,,17.516752243041992,,28.573036193847656,17.78963851928711,235.9190216064453,,,,286.60107421875,15.407472610473633,11.228734970092773,21.88422966003418
2020-06-19,98.75546264648438,,17.612468719482422,,28.423927307128906,17.76740264892578,235.8804168701172,,,,284.9632263183594,15.226465225219727,11.213213920593262,21.498605728149414
2020-06-22,98.73030090332031,,17.667884826660156,,28.582353591918945,18.208471298217773,238.70924377441406,,,,286.79132080078125,15.44027042388916,11.611982345581055,21.9565372467041
2020-06-23,98.71353912353516,,17.62470245361328,,28.820581436157227,18.498802185058594,240.7408447265625,,,,288.111572265625,15.567827224731445,11.915236473083496,22.236116409301758
2020-06-24,98.69674682617188,,17.562091827392578,,28.21333885192871,17.757518768310547,235.77783203125,,,,280.7622375488281,14.781843185424805,11.213213920593262,20.553823471069336
2020-06-25,98.81412506103516,,17.613906860351562,,28.51228904724121,18.098512649536133,238.02230834960938,,,,283.7720642089844,15.083117485046387,11.510499000549316,21.180465698242188
2020-06-26,98.9315185546875,,17.63909912109375,,27.895708084106445,17.213909149169922,232.40142822265625,,,,277.0321350097656,14.379739761352539,10.683117866516113,19.66688346862793
2020-06-29,99.01531219482422,,17.654207229614258,,28.13860511779785,17.57714080810547,234.93614196777344,,,,281.1038513183594,14.79642105102539,11.024576187133789,20.544179916381836
2020-06-30,99.09918212890625,,17.73265266418457,,28.558998107910156,18.24677085876465,239.54124450683594,,,,284.7046813964844,15.194879531860352,11.658543586730957,21.382919311523438
2020-07-01,99.15208435058594,,17.618223190307617,,28.773866653442383,18.711305618286133,242.337158203125,,,,286.6990051269531,15.388035774230957,12.075217247009277,21.778182983398438
2020-07-02,99.26963806152344,,17.62830352783203,,28.820581436157227,18.96457862854004,243.98184204101562,,,,288.2777404785156,15.549604415893555,12.331910133361816,22.1252498626709
2020-07-06,99.26122283935547,,17.746326446533203,,29.30637550354004,19.902305603027344,249.9800262451172,,,,292.72802734375,16.030672073364258,13.238089561462402,23.156797409057617
2020-07-07,99.41243743896484,,17.806777954101562,,29.138216018676758,19.620616912841797,248.25794982910156,,,,289.70892333984375,15.695382118225098,12.977812767028809,22.424108505249023
2020-07-08,99.37886047363281,,17.83700942993164,,29.231639862060547,20.129634857177734,251.52796936035156,,,,291.9247741699219,15.93834114074707,13.476869583129883,22.944700241088867
2020-07-09,99.63922882080078,,17.901777267456055,,29.24098014831543,20.464448928833008,253.6466064453125,,,,290.2628173828125,15.758554458618164,13.813552856445312,22.55425262451172
2020-07-10,99.52166748046875,,17.86939239501953,,29.53993034362793,20.769617080688477,255.37835693359375,,,,293.2266540527344,16.081695556640625,14.106060981750488,23.248376846313477
2020-07-13,99.51321411132812,,17.80462074279785,,29.278348922729492,19.9047794342041,250.1251983642578,,,,290.6875305175781,15.80957317352295,13.234505653381348,22.641021728515625
2020-07-14,99.67284393310547,,17.83700942993164,,29.549270629882812,20.195117950439453,251.89561462402344,,,,294.4545593261719,16.206815719604492,13.51507568359375,23.508678436279297
2020-07-15,99.68120574951172,,17.91257095336914,,29.848220825195312,20.239593505859375,252.40830993652344,,,,297.1598205566406,16.5165958404541,13.58193302154541,24.16423988342285
2020-07-16,99.74840545654297,,17.84420394897461,,29.661373138427734,19.956668853759766,250.68629455566406,,,,296.18115234375,16.40361785888672,13.290620803833008,23.923227310180664
2020-07-17,99.84918212890625,,17.851396560668945,,29.838876724243164,20.020915985107422,250.9765167236328,,,,297.0397644042969,16.486225128173828,13.352702140808105,24.1304988861084
2020-07-20,99.95838165283203,,17.896015167236328,,30.12848472595215,21.171140670776367,258.09698486328125,,,,299.4403381347656,16.76441764831543,14.489306449890137,24.70893669128418
2020-07-21,100.01716613769531,,18.029876708984375,,30.035064697265625,20.725133895874023,255.40744018554688,,,,300.0774230957031,16.821514129638672,14.026070594787598,24.858367919921875
2020-07-22,100.10116577148438,,18.08888816833496,,30.315330505371094,20.870922088623047,256.30718994140625,,,,301.7854309082031,17.012239456176758,14.188440322875977,25.297016143798828
2020-07-23,100.21876525878906,,18.15294075012207,,29.838876724243164,19.77011489868164,249.6124267578125,,,,298.1845703125,16.616207122802734,13.076910018920898,24.381153106689453
2020-07-24,100.18515014648438,,18.160856246948242,,29.661373138427734,19.389585494995117,247.24212646484375,,,,296.2642517089844,16.39876365661621,12.690081596374512,23.92804527282715
2020-07-27,100.11795806884766,,18.25441551208496,,29.979013442993164,20.088865280151367,251.65371704101562,,,,298.4247131347656,16.62957000732422,13.371805191040039,24.424535751342773
2020-07-28,100.18515014648438,,18.29759407043457,,29.829530715942383,19.589733123779297,248.45147705078125,,,,296.531982421875,16.426700592041016,12.869169235229492,23.97624969482422
2020-07-29,100.30277252197266,,18.348690032958984,,30.12848472595215,20.043148040771484,251.3150634765625,,,,300.178955078125,16.821514129638672,13.307336807250977,24.848724365234375
2020-07-30,100.37837219238281,,18.35588836669922,,30.12848472595215,20.244535446166992,252.630859375,,,,299.1079406738281,16.70489501953125,13.523432731628418,24.583608627319336
2020-07-31,100.42034149169922,,18.364521026611328,,30.296648025512695,20.963581085205078,257.1391906738281,,,,301.47149658203125,16.970935821533203,14.252912521362305,25.1668701171875
2020-08-03,100.4598617553711,,18.46743392944336,,30.3994083404541,21.518314361572266,260.61236572265625,,,,303.5674133300781,17.20539665222168,14.784204483032227,25.677824020385742
2020-08-04,100.6534194946289,,18.653112411499023,,30.62362289428711,21.68509864807129,261.5798645019531,,,,304.7399597167969,17.33294677734375,14.976421356201172,25.967037200927734
2020-08-05,100.4598617553711,,18.679018020629883,,30.735721588134766,21.79876708984375,262.2279357910156,,,,306.6327209472656,17.55161476135254,15.09581470489502,26.458711624145508
2020-08-06,100.60292053222656,,18.679018020629883,,31.034671783447266,22.353492736816406,265.701171875,,,,308.6824035644531,17.786073684692383,15.673664093017578,26.998584747314453
2020-08-07,100.48514556884766,,18.481107711791992,,30.866514205932617,21.85065460205078,262.63433837890625,,,,308.90399169921875,17.806730270385742,15.161477088928223,27.051605224609375
2020-08-10,100.39257049560547,,18.448720932006836,,31.04401969909668,21.65545082092285,261.5120849609375,,,,309.8273010253906,17.912416458129883,14.957321166992188,27.292625427246094
2020-08-11,100.11491394042969,,18.11119842529297,,30.642309188842773,20.847450256347656,256.5587158203125,,,,307.26983642578125,17.620861053466797,14.108447074890137,26.641876220703125
2020-08-12,99.91299438476562,,18.075218200683594,,30.903894424438477,21.89636993408203,263.0115661621094,,,,311.55389404296875,18.105566024780273,15.163867950439453,27.721633911132812
2020-08-13,99.54278564453125,,18.047147750854492,,31.025333404541016,21.982851028442383,263.6114501953125,,,,310.9906311035156,18.046043395996094,15.270124435424805,27.601125717163086
2020-08-14,99.45025634765625,,18.034914016723633,,31.015989303588867,21.942079544067383,263.3019104003906,,,,310.9998474121094,18.044832229614258,15.22594928741455,27.581846237182617
2020-08-17,99.58486938476562,,18.171649932861328,,31.015989303588867,22.428857803344727,266.3589782714844,,,,311.98785400390625,18.159021377563477,15.728585243225098,27.851778030395508
2020-08-18,99.72789764404297,,18.285362243652344,,31.268232345581055,22.866220474243164,268.9227294921875,,,,312.6618347167969,18.229482650756836,16.19063377380371,28.010852813720703
2020-08-19,99.57644653320312,,18.063701629638672,,31.08138656616211,22.56723403930664,267.11358642578125,,,,311.36004638671875,18.090991973876953,15.87424373626709,27.687894821166992
2020-08-20,99.75312042236328,,18.129911422729492,,31.23086166381836,23.1923885345459,270.8189392089844,,,,312.3293762207031,18.19789695739746,16.527311325073242,27.93854331970215
2020-08-21,99.85407257080078,,18.1248722076416,,31.380334854125977,23.501253128051758,272.6958312988281,,,,313.4373779296875,18.319379806518555,16.872356414794922,28.227767944335938
2020-08-24,99.81202697753906,,18.145023345947266,,31.53915023803711,23.8051815032959,274.39849853515625,,,,316.6135559082031,18.698400497436523,17.185157775878906,29.090600967407227
2020-08-25,99.60167694091797,,18.13566780090332,,31.688623428344727,24.175825119018555,276.5559387207031,,,,317.72137451171875,18.82959747314453,17.58631134033203,29.384641647338867
2020-08-26,99.58486938476562,,18.200439453125,,31.987585067749023,25.20127296447754,282.45745849609375,,,,320.9067687988281,19.20376205444336,18.712169647216797,30.281217575073242
2020-08-27,99.23990631103516,,18.082412719726562,,31.968896865844727,25.033241271972656,281.5770568847656,,,,321.6084289550781,19.28879737854004,18.542634963989258,30.469209671020508
2020-08-28,99.37451934814453,,18.204755783081055,,32.16507339477539,25.295166015625,283.0088195800781,,,,323.685791015625,19.529329299926758,18.82917022705078,31.066932678222656
2020-08-31,99.59324645996094,,18.247217178344727,,32.19309616088867,25.737470626831055,285.2823791503906,,,,322.51324462890625,19.395702362060547,19.264951705932617,30.715049743652344
2020-09-01,99.79972839355469,,18.308385848999023,,32.51073455810547,26.587478637695312,290.1583251953125,,,,325.5508728027344,19.755285263061523,20.26544952392578,31.592342376708984
2020-09-02,100.00202178955078,,18.405542373657227,,32.94047164916992,27.08414077758789,292.9058532714844,,,,330.2597351074219,20.32625389099121,20.837331771850586,32.95649719238281
2020-09-03,100.02729797363281,,18.276004791259766,,31.92217445373535,24.306785583496094,278.0555419921875,,,,318.89398193359375,18.931642532348633,17.637649536132812,29.53889274597168
2020-09-04,99.5300521850586,,18.122713088989258,,31.567184448242188,23.661865234375,274.35015869140625,,,,316.29034423828125,18.61336326599121,16.910558700561523,28.844764709472656
2020-09-08,99.63966369628906,,18.056507110595703,,30.604928970336914,21.405881881713867,261.163818359375,,,,307.6483459472656,17.5977783203125,14.520347595214844,26.473167419433594
2020-09-09,99.63118743896484,,18.114076614379883,,31.352312088012695,22.653717041015625,268.8356018066406,,,,313.72357177734375,18.292654037475586,15.767985343933105,28.001209259033203
2020-09-10,99.63966369628906,,18.082412719726562,,30.85717010498047,21.72463607788086,263.47607421875,,,,308.2762451171875,17.648805618286133,14.85583782196045,26.55030059814453
2020-09-11,99.75760650634766,,18.08888816833496,,30.913225173950195,21.450359344482422,261.6474914550781,,,,308.43316650390625,17.665809631347656,14.531091690063477,26.584041595458984
2020-09-14,99.76602172851562,,18.222749710083008,,31.15612030029297,22.19659423828125,266.2042236328125,,,,312.49554443359375,18.12500762939453,15.279677391052246,27.64450454711914
2020-09-15,99.77446746826172,,18.171649932861328,,31.352312088012695,22.82915496826172,269.9772644042969,,,,314.074462890625,18.31694793701172,15.929166793823242,28.059051513671875
2020-09-16,99.72392272949219,,18.002531051635742,,31.268232345581055,22.07551383972168,265.672119140625,,,,312.8279724121094,18.168745040893555,15.163867950439453,27.73609733581543
2020-09-17,99.74919891357422,,17.945676803588867,,31.015989303588867,21.41823959350586,261.52178955078125,,,,310.0765380859375,17.860179901123047,14.465429306030273,27.013046264648438
2020-09-18,99.63118743896484,,17.916889190673828,,30.707693099975586,20.85239028930664,258.18402099609375,,,,306.5068054199219,17.43985366821289,13.906678199768066,26.068265914916992
2020-09-21,99.6480712890625,,17.75352668762207,,30.464805603027344,21.03276824951172,258.8031921386719,,,,303.0954895019531,17.051118850708008,14.071436882019043,25.205429077148438
2020-09-22,99.72392272949219,,17.72689437866211,,30.713014602661133,21.786407470703125,263.6114501953125,,,,306.1823425292969,17.3961181640625,14.840316772460938,25.952577590942383
2020-09-23,99.51319885253906,,17.567848205566406,,30.02925682067871,20.447154998779297,255.56228637695312,,,,299.08172607421875,16.587055206298828,13.46612548828125,24.1497802734375
2020-09-24,99.52166748046875,,17.51459503173828,,30.188495635986328,20.652244567871094,256.7522277832031,,,,299.87884521484375,16.674522399902344,13.66312026977539,24.347414016723633
2020-09-25,99.55535888671875,,17.501636505126953,,30.516313552856445,21.63074493408203,262.7214050292969,,,,304.7268981933594,17.21147346496582,14.620635032653809,25.504291534423828
2020-09-28,99.63966369628906,,17.747045516967773,,30.919084548950195,22.498046875,268.1778564453125,,,,309.7882995605469,17.78972053527832,15.487419128417969,26.80095100402832
2020-09-29,99.65648651123047,,17.772953033447266,,30.965913772583008,22.295427322387695,266.9684753417969,,,,308.1011657714844,17.5977783203125,15.325044631958008,26.362302780151367
2020-09-30,99.496337890625,,17.698829650878906,,31.171979904174805,22.646305084228516,268.7969970703125,,,,310.4371643066406,17.850461959838867,15.628296852111816,26.95038414001465
2020-10-01,99.63311767578125,,17.802461624145508,,31.24692153930664,23.333227157592773,273.0634765625,,,,312.43017578125,18.088563919067383,16.360166549682617,27.45169448852539
2020-10-02,99.53184509277344,,17.80462074279785,,31.022113800048828,22.0186824798584,265.3818664550781,,,,309.46380615234375,17.73626708984375,15.011046409606934,26.69490623474121
2020-10-05,99.21099853515625,,17.736970901489258,,31.293743133544922,22.972469329833984,271.04144287109375,,,,314.95159912109375,18.36553955078125,15.957818031311035,28.083154678344727
2020-10-06,99.29544830322266,,17.64988899230957,,31.040847778320312,22.1199951171875,266.2042236328125,,,,310.4742736816406,17.840742111206055,15.10058879852295,26.906999588012695
2020-10-07,99.22791290283203,,17.65277099609375,,31.471712112426758,22.93046760559082,270.8092956542969,,,,315.87860107421875,18.462724685668945,15.894537925720215,28.304885864257812
2020-10-08,99.35452270507812,,17.653491973876953,,31.602840423583984,23.138023376464844,272.25079345703125,,,,318.67803955078125,18.78586769104004,16.128543853759766,29.032760620117188
2020-10-09,99.37985229492188,,17.820453643798828,,31.98687744140625,23.83977699279785,276.4107666015625,,,,321.5238952636719,19.128442764282227,16.846086502075195,29.82328987121582
2020-10-12,99.57402038574219,,17.941354751586914,,32.455196380615234,25.3050537109375,284.9436950683594,,,,326.69635009765625,19.74070930480957,18.417272567749023,31.259742736816406
2020-10-13,99.59934997558594,,17.85787582397461,,32.38026428222656,25.287750244140625,284.93408203125,,,,324.56439208984375,19.478307723999023,18.419662475585938,30.662025451660156
2020-10-14,99.65841674804688,,17.757122039794922,,32.1461067199707,24.884990692138672,282.55419921875,,,,322.5249938964844,19.245065689086914,17.964784622192383,30.107688903808594
2020-10-15,99.57402038574219,,17.654207229614258,,32.108646392822266,24.534114837646484,280.65802001953125,,,,322.12646484375,19.184328079223633,17.593473434448242,29.963075637817383
2020-10-16,99.5233383178711,,17.768638610839844,,32.08989715576172,24.27713966369629,279.1197509765625,,,,321.9317626953125,19.164884567260742,17.32365608215332,29.900415420532227
2020-10-19,99.4051742553711,,17.631181716918945,,31.649682998657227,23.459247589111328,274.5629577636719,,,,317.0373229980469,18.576919555664062,16.46284294128418,28.54590606689453
2020-10-20,99.32074737548828,,17.707462310791016,,31.705875396728516,23.60503578186035,275.1531982421875,,,,318.3072814941406,18.720264434814453,16.569103240966797,28.86404800415039
2020-10-21,99.20257568359375,,17.879467010498047,,31.621572494506836,23.545734405517578,274.9403381347656,,,,317.70465087890625,18.652238845825195,16.526119232177734,28.70979881286621
2020-10-22,99.02529907226562,,17.8765869140625,,31.668415069580078,23.553146362304688,274.93060302734375,,,,319.4473876953125,18.861183166503906,16.53447914123535,29.21110725402832
2020-10-23,99.16876220703125,,17.94351577758789,,31.818281173706055,23.659395217895508,275.4724426269531,,,,320.53204345703125,18.98023796081543,16.631189346313477,29.471405029296875
2020-10-26,99.30387878417969,,17.80462074279785,,31.340579986572266,22.910696029663086,271.34136962890625,,,,314.6086120605469,18.287792205810547,15.87304973602295,27.856599807739258
2020-10-27,99.53184509277344,,17.79598617553711,,31.312480926513672,23.264041900634766,273.4600830078125,,,,313.5240173339844,18.15659523010254,16.247936248779297,27.567380905151367
2020-10-28,99.3883285522461,,17.740568161010742,,30.357086181640625,21.462717056274414,262.798828125,,,,302.80810546875,16.922344207763672,14.341261863708496,24.737863540649414
2020-10-29,99.21099853515625,,17.767196655273438,,30.506954193115234,22.176820755004883,267.3941955566406,,,,305.88568115234375,17.260061264038086,15.070741653442383,25.475364685058594
2020-10-30,98.94085693359375,,17.697391510009766,,30.169754028320312,21.126665115356445,260.61236572265625,,,,302.6968688964844,16.890758514404297,14.022486686706543,24.665552139282227
2020-11-02,99.12016296386719,,17.70026969909668,,30.347726821899414,21.18596839904785,261.1927490234375,,,,306.0896301269531,17.2722110748291,14.027263641357422,25.513933181762695
2020-11-03,99.07784271240234,,17.73912811279297,,30.93781280517578,21.89512825012207,265.7107238769531,,,,311.49395751953125,17.877187728881836,14.732864379882812,26.849157333374023
2020-11-04,99.73741912841797,,17.68947410583496,,31.76207733154297,23.854597091674805,277.5718078613281,,,,318.45556640625,18.676536560058594,16.724308013916016,28.63749122619629
2020-11-05,99.83042907714844,,17.96582794189453,,32.34280776977539,25.109846115112305,284.8083190917969,,,,324.6664123535156,19.40784454345703,18.014928817749023,30.314960479736328
2020-11-06,99.6105728149414,,18.113361358642578,,32.211673736572266,25.15185546875,285.0211486816406,,,,324.5921936035156,19.405424118041992,18.075815200805664,30.32460594177246
2020-11-09,99.14550018310547,,17.81254005432129,,32.3896484375,24.08687400817871,279.1970520019531,,,,328.6709289550781,19.891347885131836,16.97264289855957,31.467012405395508
2020-11-10,98.98484802246094,,17.747766494750977,,32.08053207397461,23.26156997680664,274.1953125,,,,328.1888732910156,19.825742721557617,16.056913375854492,31.327226638793945
2020-11-11,99.04402923583984,,17.736970901489258,,32.41774368286133,24.291959762573242,280.32904052734375,,,,330.62689208984375,20.11730194091797,17.13620948791504,31.99725341796875
2020-11-12,99.45838165283203,,17.743450164794922,,32.36153030395508,24.062162399291992,279.01324462890625,,,,327.4195556640625,19.733421325683594,16.88548469543457,31.07175064086914
2020-11-13,99.47528839111328,,17.9320011138916,,32.689369201660156,24.50446319580078,281.4609069824219,,,,331.9524230957031,20.27765464782715,17.32843017578125,32.3587760925293
2020-11-16,99.46682739257812,,17.9384822845459,,33.00783157348633,24.83062744140625,283.6570739746094,,,,336.0960388183594,20.773300170898438,17.727195739746094,33.53493118286133
2020-11-17,99.66975402832031,,17.99892807006836,,32.932899475097656,24.67001724243164,282.7573547363281,,,,334.28839111328125,20.561920166015625,17.563631057739258,33.04326629638672
2020-11-18,99.73741912841797,,17.98453712463379,,32.63317108154297,24.321611404418945,280.6675720214844,,,,330.26531982421875,20.05413055419922,17.15650177001953,31.82371711730957
2020-11-19,99.9234390258789,,17.977340698242188,,32.820491790771484,24.689781188964844,282.8637390136719,,,,331.65582275390625,20.216909408569336,17.5815372467041,32.23344802856445
2020-11-20,100.02489471435547,,17.980941772460938,,32.68000030517578,24.373502731323242,280.9288330078125,,,,329.38470458984375,19.944799423217773,17.224557876586914,31.573068618774414
2020-11-23,99.99952697753906,,17.888824462890625,,32.820491790771484,24.371030807495117,280.9385681152344,,,,331.3591613769531,20.190189361572266,17.228139877319336,32.14668273925781
2020-11-24,99.86426544189453,,17.99101448059082,,33.23262405395508,25.067838668823242,284.88568115234375,,,,336.6986083984375,20.83161163330078,17.932546615600586,33.684364318847656
2020-11-25,99.83042907714844,,17.944955825805664,,33.18579864501953,25.381649017333984,286.6368103027344,,,,336.1795349121094,20.77086639404297,18.270423889160156,33.52529525756836
2020-11-27,99.99952697753906,,18.071617126464844,,33.41059112548828,25.831363677978516,289.2779541015625,,,,337.11572265625,20.885061264038086,18.769479751586914,33.785587310791016
2020-11-30,100.13485717773438,,17.826210021972656,,33.316925048828125,25.898080825805664,289.8680725097656,,,,335.623291015625,20.693124771118164,18.86618423461914,33.34693908691406
2020-12-01,99.81800842285156,,18.042831420898438,,33.47615051269531,26.63689613342285,293.58319091796875,,,,339.2940979003906,21.147462844848633,19.607603073120117,34.44115447998047
2020-12-02,99.7078857421875,,18.00613021850586,20.57521629333496,33.49489212036133,26.656660079956055,293.96038818359375,,,,340.0079345703125,21.232498168945312,19.686399459838867,34.6387825012207
2020-12-03,99.87732696533203,,18.125593185424805,20.84993553161621,33.56046676635742,26.718441009521484,294.3764343261719,,,,339.9152526855469,21.222782135009766,19.76639175415039,34.619503021240234
2020-12-04,99.60628509521484,,18.14646339416504,20.70232582092285,33.75715637207031,26.970474243164062,295.5760192871094,,,,342.844482421875,21.584793090820312,20.008758544921875,35.50162887573242
2020-12-07,99.75875091552734,,18.109037399291992,20.85403823852539,33.72905731201172,27.2546329498291,297.2497863769531,,,,342.1400451660156,21.504615783691406,20.347829818725586,35.32326889038086
2020-12-08,99.76722717285156,,18.0975284576416,20.69002342224121,33.797481536865234,27.422658920288086,298.25592041015625,,,,343.14117431640625,21.618812561035156,20.534080505371094,35.612483978271484
2020-12-09,99.62319946289062,,18.052907943725586,20.85403823852539,33.591278076171875,26.219303131103516,291.5030822753906,,,,340.06353759765625,21.23492431640625,19.158695220947266,34.66288757324219
2020-12-10,99.86888122558594,,18.234981536865234,20.726926803588867,33.666263580322266,26.389802932739258,292.6736145019531,,,,339.9522705078125,21.222782135009766,19.39389419555664,34.59540939331055
2020-12-11,99.97900390625,,18.127750396728516,20.77202796936035,33.525672912597656,26.293434143066406,292.0254821777344,,,,339.5536804199219,21.159608840942383,19.25778579711914,34.46526336669922
2020-12-14,99.91967010498047,,18.119117736816406,20.82041358947754,33.49755096435547,26.63689613342285,294.1442565917969,,,,338.033447265625,20.974956512451172,19.668495178222656,34.0169677734375
2020-12-15,99.97900390625,,18.32206153869629,20.911439895629883,33.86309051513672,27.229923248291016,297.2884826660156,,,,342.603515625,21.538631439208984,20.279773712158203,35.385929107666016
2020-12-16,99.93660736083984,,18.422096252441406,20.867977142333984,33.89120101928711,27.531381607055664,298.92340087890625,,,,343.14117431640625,21.609092712402344,20.62004280090332,35.55946350097656
2020-12-17,99.93238067626953,,18.55019760131836,21.07545280456543,34.10676193237305,27.889673233032227,300.8777160644531,,,,345.05999755859375,21.856914520263672,21.042686462402344,36.15718078613281
2020-12-18,99.88148498535156,,18.50126075744629,20.94506072998047,34.050533294677734,27.69693374633789,299.9682312011719,,,,343.6822204589844,21.703845977783203,20.813453674316406,35.7378044128418
2020-12-21,99.88148498535156,,18.29183578491211,21.046749114990234,33.980018615722656,27.625276565551758,299.40716552734375,,,,342.4533386230469,21.5264835357666,20.73584747314453,35.38111114501953
2020-12-22,100.0256576538086,,18.126312255859375,20.812211990356445,33.98942184448242,27.75870704650879,300.22125244140625,,,,341.8761291503906,21.4487361907959,20.899415969848633,35.144920349121094
2020-12-23,99.95787048339844,,18.300474166870117,21.193538665771484,33.80137634277344,27.481964111328125,298.70928955078125,,,,342.183349609375,21.478891372680664,20.5842227935791,35.24956512451172
2020-12-24,100.05113220214844,,18.231386184692383,21.079551696777344,34.045833587646484,27.721647262573242,300.0273742675781,,,,343.5146179199219,21.644262313842773,20.851661682128906,35.6594352722168
2020-12-28,100.06806182861328,,18.286800384521484,20.87453842163086,34.2244758605957,28.285022735595703,303.05133056640625,,,,346.4656677246094,22.02121353149414,21.477272033691406,36.56599044799805
2020-12-29,100.08499908447266,,18.43115997314453,21.436275482177734,34.2056770324707,28.336912155151367,303.32281494140625,,,,345.8046569824219,21.943397521972656,21.540544509887695,36.34898376464844
2020-12-30,100.14437103271484,,18.62920379638672,21.710994720458984,34.243282318115234,28.312206268310547,303.3323669433594,,,,346.2980651855469,21.994464874267578,21.536962509155273,36.49365997314453
2020-12-31,100.22071075439453,,18.542150497436523,21.687213897705078,34.41252517700195,28.44316291809082,304.07867431640625,,,,348.0576171875,22.21576690673828,21.70530891418457,37.06266403198242
2021-01-04,100.09351348876953,,18.570446014404297,21.623249053955078,33.980018615722656,27.642576217651367,299.78509521484375,,,,343.3191833496094,21.610218048095703,20.756147384643555,35.54369354248047
2021-01-05,99.99176025390625,,19.04052734375,22.055418014526367,34.168060302734375,28.0922908782959,302.2565612792969,,,,345.6837158203125,21.902050018310547,21.27669334411621,36.247737884521484
2021-01-06,99.49992370605469,,18.915752410888672,21.922571182250977,34.17747116088867,27.338647842407227,298.06964111328125,,,,347.75042724609375,22.167129516601562,20.39678192138672,36.92765808105469
2021-01-07,99.39817810058594,,18.84828758239746,21.70689582824707,34.63818359375,28.672964096069336,305.280517578125,,,,352.9169921875,22.818891525268555,21.87006378173828,38.55270004272461
2021-01-08,99.27945709228516,,19.045604705810547,21.653589248657227,34.751014709472656,29.394479751586914,309.2058410644531,,,,354.92791748046875,23.086402893066406,22.717742919921875,39.21331787109375
2021-01-11,99.11832427978516,,18.7742919921875,21.292766571044922,34.49714660644531,28.519763946533203,304.73773193359375,,,,352.5354309082031,22.770248413085938,21.71366310119629,38.43214797973633
2021-01-12,99.20313262939453,,18.938241958618164,21.83154296875,34.49714660644531,28.450578689575195,304.253173828125,,,,352.6098327636719,22.77268409729004,21.619342803955078,38.46107864379883
2021-01-13,99.51690673828125,,18.867145538330078,21.708534240722656,34.562965393066406,28.818750381469727,306.307861328125,,,,353.5594482421875,22.90157699584961,22.039602279663086,38.74075698852539
2021-01-14,99.32183074951172,,18.999177932739258,22.098880767822266,34.39371871948242,28.50246810913086,304.669921875,,,,352.3213195800781,22.731340408325195,21.70410919189453,38.34052658081055
2021-01-15,99.42359161376953,,18.654598236083984,21.682294845581055,34.21507263183594,28.06016731262207,302.2565612792969,,,,349.75189208984375,22.40059471130371,21.176401138305664,37.49183654785156
2021-01-19,99.55928039550781,,18.885286331176758,21.88812828063965,34.609981536865234,28.890403747558594,306.66644287109375,,,,352.4981689453125,22.755661010742188,22.094520568847656,38.37910079956055
2021-01-20,99.56777954101562,,19.14208984375,21.906166076660156,34.98606491088867,30.212366104125977,313.7997131347656,,,,357.3763122558594,23.37823486328125,23.634668350219727,39.955928802490234
2021-01-21,99.42359161376953,,19.18996810913086,22.008676528930664,35.033077239990234,30.721384048461914,316.31005859375,,,,357.7020263671875,23.424448013305664,24.222070693969727,40.047550201416016
2021-01-22,99.42359161376953,,19.01586151123047,21.67409324645996,34.9954719543457,30.52865219116211,315.39898681640625,,,,356.43603515625,23.254209518432617,24.00239372253418,39.64248275756836
2021-01-25,99.67802429199219,,19.055038452148438,21.738056182861328,35.098899841308594,31.069791793823242,318.00616455078125,,,,357.84173583984375,23.434171676635742,24.668594360351562,40.119876861572266
2021-01-26,99.64405059814453,,18.955652236938477,21.98161506652832,35.0706901550293,31.114267349243164,318.4714050292969,,,,357.2831726074219,23.363649368286133,24.69485855102539,39.93181228637695
2021-01-27,99.65251922607422,,18.687240600585938,21.731496810913086,34.2244758605957,29.43895721435547,309.593505859375,,,,348.551025390625,22.21576690673828,22.703414916992188,36.99034118652344
2021-01-28,99.58474731445312,,18.79605484008789,21.7150936126709,34.46894073486328,29.73300552368164,311.42529296875,,,,351.5485534667969,22.58299446105957,23.03771209716797,37.92100143432617
2021-01-29,99.47447967529297,,18.520389556884766,21.81268310546875,33.923606872558594,28.507408142089844,304.8733825683594,,,,344.5107116699219,21.70506477355957,21.602628707885742,35.68836975097656
2021-02-01,99.56963348388672,,18.736570358276367,21.653589248657227,34.450130462646484,29.90843963623047,312.49139404296875,,,,350.2453308105469,22.40789222717285,23.190534591674805,37.39057159423828
2021-02-02,99.416748046875,,18.856990814208984,21.653589248657227,34.88263702392578,30.889408111572266,317.58941650390625,,,,355.1978454589844,23.045059204101562,24.312807083129883,38.99150848388672
2021-02-03,99.29782104492188,,19.012962341308594,21.81104278564453,34.90144348144531,30.622549057006836,316.3294372558594,,,,355.4770812988281,23.088836669921875,24.03343391418457,39.112060546875
2021-02-04,99.25537872314453,,18.987573623657227,21.6453914642334,35.16470718383789,31.35394859313965,320.070556640625,,,,359.5173645019531,23.609268188476562,24.883499145507812,40.42367172241211
2021-02-05,99.12796020507812,,19.194318771362305,21.88730812072754,35.36216735839844,31.573869705200195,321.1561279296875,,,,360.9324645996094,23.789236068725586,25.143770217895508,40.89141845703125
2021-02-08,99.2298812866211,,19.292980194091797,22.121023178100586,35.57841110229492,31.969215393066406,323.3077697753906,,,,363.5390625,24.132139205932617,25.63566017150879,41.81725311279297
2021-02-09,99.2723617553711,,19.425006866455078,22.280933380126953,35.56901168823242,31.959335327148438,323.2399597167969,,,,363.2969970703125,24.093225479125977,25.62372398376465,41.701534271240234
2021-02-10,99.36576843261719,,19.42645835876465,22.17022705078125,35.531410217285156,31.803668975830078,322.5032958984375,,,,363.1387939453125,24.085933685302734,25.442249298095703,41.6725959777832
2021-02-11,99.24685668945312,,19.499727249145508,22.17022705078125,35.681846618652344,32.157005310058594,324.2769470214844,,,,363.72515869140625,24.16132164001465,25.852951049804688,41.846195220947266
2021-02-12,99.01751708984375,,19.706478118896484,22.26043128967285,35.82286834716797,32.51283264160156,326.0894470214844,,,,365.52191162109375,24.402082443237305,26.292314529418945,42.47789001464844
2021-02-16,98.55038452148438,,19.84068489074707,22.531051635742188,35.728858947753906,32.34480285644531,325.2074279785156,,,,365.2054138183594,24.35831069946289,26.072633743286133,42.35251998901367
2021-02-17,98.74575805664062,,19.76015853881836,22.375242233276367,35.67243957519531,32.03099060058594,323.64697265625,,,,365.2891845703125,24.37290382385254,25.709686279296875,42.39109420776367
2021-02-18,98.69479370117188,,19.630306243896484,22.588457107543945,35.47499465942383,31.739416122436523,322.2319030761719,,,,363.7344665527344,24.158889770507812,25.363449096679688,41.855838775634766
2021-02-19,98.38900756835938,,19.746374130249023,22.76148796081543,35.418575286865234,31.472557067871094,320.82659912109375,,,,363.0921630859375,24.05188751220703,25.029157638549805,41.6243782043457
2021-02-22,98.083251953125,,19.84068489074707,23.155113220214844,34.9954719543457,29.841726303100586,312.5107421875,,,,360.2994079589844,23.704116821289062,23.090246200561523,40.67925262451172
2021-02-23,98.10872650146484,,19.90814971923828,23.27320098876953,34.92966079711914,29.656404495239258,311.58038330078125,,,,360.7367858886719,23.75518798828125,22.884891510009766,40.804622650146484
2021-02-24,98.07476043701172,,20.0162353515625,23.588104248046875,35.30574417114258,30.14071273803711,314.1488037109375,,,,364.7120056152344,24.273189544677734,23.436477661132812,42.149986267089844
2021-02-25,97.17448425292969,,19.96401023864746,23.563501358032227,34.32789993286133,28.00580406188965,303.1966552734375,,,,355.92401123046875,23.10828971862793,20.98896026611328,39.126522064208984
2021-02-26,97.96432495117188,,19.343034744262695,23.080490112304688,34.130455017089844,28.302318572998047,304.4663391113281,,,,354.09002685546875,22.852937698364258,21.304153442382812,38.45143508911133
2021-03-01,97.91328430175781,,19.589685440063477,22.769689559936523,35.00486755371094,29.975154876708984,313.6253662109375,,,,362.6732482910156,23.96433448791504,23.16187858581543,41.238609313964844
2021-03-02,97.9302978515625,,19.492477416992188,22.80986976623535,34.769805908203125,29.004070281982422,308.5951843261719,,,,359.8431701660156,23.592248916625977,22.051538467407227,40.298301696777344
2021-03-03,97.572998046875,,19.626684188842773,22.895977020263672,34.31850051879883,27.33370590209961,299.6397399902344,,,,355.0768737792969,22.969669342041016,20.138893127441406,38.71182632446289
2021-03-04,97.292236328125,,19.691972732543945,22.98208236694336,33.8107795715332,26.416982650756836,294.73553466796875,,,,350.68280029296875,22.39816665649414,19.14317512512207,37.245906829833984
2021-03-05,97.22418212890625,,19.884212493896484,23.162494659423828,34.2808952331543,27.227458953857422,299.174560546875,,,,357.1341857910156,23.21773338317871,20.000402450561523,39.30976486206055
2021-03-08,96.84133911132812,,19.661500930786133,23.039487838745117,33.90480041503906,25.678165435791016,290.70367431640625,,,,355.3560791015625,22.989126205444336,18.290721893310547,38.73112487792969
2021-03-09,97.20719909667969,,19.728967666625977,22.8549747467041,34.38432312011719,27.70928955078125,302.16937255859375,,,,360.4297180175781,23.638458251953125,20.444538116455078,40.37063980102539
2021-03-10,97.36878967285156,,19.795705795288086,22.87547492980957,34.704002380371094,27.543737411499023,301.3066711425781,,,,362.6732482910156,23.932723999023438,20.27022933959961,41.108402252197266
2021-03-11,97.36029052734375,,20.132308959960938,23.113292694091797,35.14591598510742,28.82122039794922,308.2463073730469,,,,366.3503723144531,24.42397117614746,21.676651000976562,42.37662124633789
2021-03-12,96.80730438232422,,20.234594345092773,23.29780387878418,35.12710952758789,28.339384078979492,305.7457275390625,,,,366.8437805175781,24.494497299194336,21.13700294494629,42.55021286010742
2021-03-15,96.90943908691406,,20.190345764160156,23.24860191345215,35.23052215576172,28.952180862426758,309.0119323730469,,,,369.03155517578125,24.788761138916016,21.81275749206543,43.31694030761719
2021-03-16,96.87538146972656,,20.180191040039062,23.170696258544922,35.174110412597656,29.268465042114258,310.70806884765625,,,,368.5660095214844,24.727962493896484,22.170928955078125,43.16262435913086
2021-03-17,96.86685943603516,,20.334707260131836,23.133792877197266,35.30574417114258,29.500732421875,311.9874572753906,,,,369.8227844238281,24.869014739990234,22.450307846069336,43.558040618896484
2021-03-18,96.4925537109375,,19.93644142150879,22.769689559936523,34.732200622558594,27.682109832763672,302.4309997558594,,,,364.4419860839844,24.146730422973633,20.389617919921875,41.6629524230957
2021-03-19,96.56910705566406,,20.052509307861328,22.8402099609375,34.51594924926758,27.93167495727539,303.4971618652344,,,,363.76763916015625,24.05188751220703,20.64988899230957,41.44114303588867
2021-03-22,96.75627136230469,,19.97779083251953,22.789371490478516,34.760406494140625,28.93488121032715,309.1887512207031,,,,366.6723327636719,24.44342613220215,21.750673294067383,42.39109420776367
2021-03-23,97.00298309326172,,19.54978370666504,22.387540817260742,34.69459533691406,28.635900497436523,307.83984375,,,,363.7864074707031,24.06134605407715,21.466524124145508,41.435523986816406
2021-03-24,97.12210845947266,,19.514965057373047,22.469547271728516,34.45954513549805,27.687053680419922,302.6481018066406,,,,361.93707275390625,23.820415496826172,20.382450103759766,40.78432083129883
2021-03-25,97.07105255126953,,19.56864356994629,22.19072723388672,34.66594314575195,27.607980728149414,302.1240234375,,,,363.97314453125,24.07838249206543,20.272615432739258,41.45481872558594
2021-03-26,96.90943908691406,,19.874780654907227,22.445764541625977,35.2691535949707,28.430810928344727,306.6559753417969,,,,369.8385925292969,24.849842071533203,21.168045043945312,43.4855842590332
2021-03-29,96.74777221679688,,19.928464889526367,22.715564727783203,35.15605545043945,28.406099319458008,306.5686340332031,,,,369.65179443359375,24.82550621032715,21.156105041503906,43.403587341308594
2021-03-30,96.82432556152344,,19.78409767150879,22.485946655273438,35.0052604675293,28.129350662231445,305.0256042480469,,,,368.6711120605469,24.694087982177734,20.855236053466797,43.041812896728516
2021-03-31,96.84133911132812,,19.907421112060547,22.63437843322754,35.18434524536133,28.957122802734375,309.69342041015625,,,,370.16546630859375,24.898513793945312,21.79126739501953,43.57722854614258
2021-04-01,97.16683197021484,,19.93499183654785,22.543352127075195,35.514225006103516,29.972684860229492,314.97247314453125,,,,374.1628723144531,25.419315338134766,22.89921760559082,44.93269348144531
2021-04-05,96.97086334228516,,20.116350173950195,22.592554092407227,36.02318572998047,31.17357063293457,321.2608642578125,,,,379.5333251953125,26.14940071105957,24.27460479736328,46.881465911865234
2021-04-06,97.31166076660156,,20.05831527709961,22.60895538330078,35.99490737915039,31.106857299804688,321.0377197265625,,,,379.3092041015625,26.12019920349121,24.217296600341797,46.809112548828125
2021-04-07,97.15833282470703,,20.037277221679688,22.585176467895508,36.09859085083008,31.260055541992188,321.8139953613281,,,,379.7480773925781,26.183473587036133,24.396379470825195,46.99724197387695
2021-04-08,97.39686584472656,,20.05178451538086,22.49414825439453,36.258811950683594,31.917325973510742,325.1717834472656,,,,381.55072021484375,26.426837921142578,25.158098220825195,47.6387825012207
2021-04-09,97.2861099243164,,20.102567672729492,22.65406036376953,36.466163635253906,32.307743072509766,327.1416320800781,,,,384.32464599609375,26.81135368347168,25.614168167114258,48.67588424682617
2021-04-12,97.26055145263672,,20.096759796142578,22.518749237060547,36.56041717529297,32.213836669921875,326.71478271484375,,,,384.46484375,26.835683822631836,25.513883590698242,48.71929168701172
2021-04-13,97.54171752929688,,20.109092712402344,22.485946655273438,36.70180130004883,32.96501922607422,330.52850341796875,,,,385.6042175292969,26.984142303466797,26.387826919555664,49.12930679321289
2021-04-14,97.46504211425781,,20.20848274230957,22.953380584716797,36.59811782836914,32.17183303833008,326.5594787597656,,,,384.28729248046875,26.81378746032715,25.461349487304688,48.65658187866211
2021-04-15,97.8484878540039,,20.18817138671875,22.932880401611328,36.99397659301758,33.137977600097656,331.5085754394531,,,,388.41546630859375,27.378385543823242,26.586009979248047,50.21463394165039
2021-04-16,97.59286499023438,,20.29770851135254,22.961580276489258,37.08823013305664,33.22693634033203,331.8968200683594,,,,389.71380615234375,27.570646286010742,26.698246002197266,50.7548942565918
2021-04-19,97.51615142822266,,20.577728271484375,22.92877769470215,36.97512435913086,32.614139556884766,328.8594055175781,,,,387.7991027832031,27.302942276000977,25.96996307373047,49.99274444580078
2021-04-20,97.66952514648438,,20.07427406311035,23.059988021850586,36.75835418701172,32.117469787597656,326.4623718261719,,,,384.9598388671875,26.89409828186035,25.401655197143555,48.90259552001953
2021-04-21,97.76325225830078,,20.162778854370117,23.031286239624023,37.0599479675293,32.685787200927734,329.25726318359375,,,,388.6023254394531,27.395423889160156,26.04397964477539,50.25322341918945
2021-04-22,97.78881072998047,,20.05976676940918,23.27320098876953,36.78662109375,31.90003204345703,325.28814697265625,,,,385.0531921386719,26.901397705078125,25.09601402282715,48.892948150634766
2021-04-23,97.77176666259766,,20.328176498413086,23.322406768798828,37.15419387817383,32.700626373291016,329.3834533691406,,,,389.2280578613281,27.478168487548828,26.04159164428711,50.455814361572266
2021-04-26,97.68656921386719,,20.282474517822266,23.613527297973633,37.08823013305664,33.12316131591797,331.52801513671875,,,,390.0406188964844,27.59498405456543,26.557361602783203,50.77901077270508
2021-04-27,97.44798278808594,,20.413776397705078,23.82674217224121,37.144779205322266,32.81923294067383,330.0917663574219,,,,389.95648193359375,27.577945709228516,26.208740234375,50.725955963134766
2021-04-28,97.4991226196289,,20.418855667114258,23.673391342163086,37.144779205322266,32.559776306152344,328.9757995605469,,,,389.844482421875,27.54387855529785,25.938915252685547,50.653594970703125
2021-04-29,97.44798278808594,,20.538551330566406,23.933347702026367,37.28615951538086,32.83157730102539,330.1597595214844,,,,392.328857421875,27.90162467956543,26.199188232421875,51.59904098510742
2021-04-30,97.55026245117188,,20.354293823242188,24.007152557373047,36.918575286865234,32.38680648803711,327.9956970214844,,,,389.7511291503906,27.53900909423828,25.707298278808594,50.62465286254883
2021-05-03,97.61250305175781,,20.444974899291992,23.8636417388916,36.99397659301758,32.055702209472656,326.2489013671875,,,,390.5917053222656,27.650959014892578,25.287044525146484,50.95266342163086
2021-05-04,97.73199462890625,,20.287551879882812,24.019454956054688,36.85259246826172,30.896821975708008,320.3779296875,,,,388.18194580078125,27.31024742126465,23.95463752746582,50.012046813964844
2021-05-05,97.80879974365234,,20.51534080505371,24.135900497436523,36.76777648925781,30.674436569213867,319.30059814453125,,,,388.3033447265625,27.322420120239258,23.67525863647461,50.00722122192383
2021-05-06,97.82586669921875,,20.4355411529541,24.167062759399414,37.15419387817383,31.153804779052734,321.7073059082031,,,,391.4043273925781,27.76776695251465,24.193418502807617,51.213138580322266
2021-05-07,97.80023956298828,,20.718461990356445,24.28187370300293,37.41810989379883,31.643051147460938,324.3177185058594,,,,394.2528381347656,28.154722213745117,24.785598754882812,52.346710205078125
2021-05-10,97.64667510986328,,20.696699142456055,24.167062759399414,36.99397659301758,30.034461975097656,316.1273193359375,,,,390.3488464355469,27.616886138916016,22.923099517822266,50.793487548828125
2021-05-11,97.43331146240234,,20.512435913085938,24.450803756713867,36.55099105834961,29.97762680053711,315.69061279296875,,,,386.864990234375,27.127727508544922,22.80847930908203,49.462135314941406
2021-05-12,97.09202575683594,,20.217910766601562,24.94529914855957,35.815834045410156,28.42586898803711,307.51971435546875,,,,378.6460266113281,25.964445114135742,21.07253074645996,46.31227493286133
2021-05-13,97.31387329101562,,20.232418060302734,24.093257904052734,36.27766418457031,28.86569595336914,309.8971862792969,,,,383.19451904296875,26.580158233642578,21.51666831970215,47.918556213378906
2021-05-14,97.53571319580078,,20.725717544555664,24.10965919494629,36.89030456542969,30.125886917114258,316.73870849609375,,,,389.07861328125,27.39055824279785,22.915931701660156,50.13263702392578
2021-05-17,97.45037078857422,,20.75473403930664,24.306472778320312,36.73949432373047,29.762651443481445,314.81719970703125,,,,388.088623046875,27.26157569885254,22.529104232788086,49.75638961791992
2021-05-18,97.33089447021484,,20.732969284057617,24.281051635742188,36.3436393737793,29.352474212646484,312.69207763671875,,,,384.7449951171875,26.784584045410156,22.056318283081055,48.507041931152344
2021-05-19,97.19438934326172,,20.415956497192383,24.07111930847168,36.36248779296875,29.421663284301758,313.051025390625,,,,383.73626708984375,26.65073585510254,22.13749885559082,48.08739471435547
2021-05-20,97.52720642089844,,20.508085250854492,23.716032028198242,36.81489944458008,30.560773849487305,319.1065673828125,,,,387.864501953125,27.212902069091797,23.41737174987793,49.62614822387695
2021-05-21,97.56986236572266,,20.56321907043457,23.893985748291016,36.78662109375,30.214839935302734,317.3403015136719,,,,387.5469055175781,27.1788330078125,23.030548095703125,49.505558013916016
2021-05-24,97.66375732421875,,20.767066955566406,24.00223159790039,37.16363525390625,31.240280151367188,322.677734375,,,,391.4977111816406,27.719099044799805,24.183866500854492,51.02019500732422
2021-05-25,97.90267181396484,,20.788829803466797,23.70783233642578,37.17304992675781,31.32182502746582,323.1241760253906,,,,390.6290283203125,27.604719161987305,24.30086898803711,50.68736267089844
2021-05-26,97.86853790283203,,20.79100799560547,23.958768844604492,37.09765625,31.52939224243164,324.2497863769531,,,,391.4043273925781,27.706932067871094,24.546812057495117,50.98643112182617
2021-05-27,97.74908447265625,,20.95060157775879,24.072755813598633,36.81489944458008,31.302059173583984,323.0367736816406,,,,391.6097412109375,27.72396469116211,24.26027488708496,51.015377044677734
2021-05-28,97.74908447265625,,20.942623138427734,24.009613037109375,37.19190979003906,31.47502326965332,324.0556945800781,,,,392.3101806640625,27.838348388671875,24.496667861938477,51.3144416809082
2021-06-01,97.70377349853516,,20.73006820678711,24.462284088134766,37.220184326171875,31.28229331970215,322.97857666015625,,,,391.9646301269531,27.782371520996094,24.257888793945312,51.164913177490234
2021-06-02,97.83194732666016,,20.9034481048584,24.33107566833496,37.31443786621094,31.40089988708496,323.60931396484375,,,,392.5810546875,27.879718780517578,24.384445190429688,51.43021774291992
2021-06-03,97.60122680664062,,20.815670013427734,24.363876342773438,37.11650466918945,30.723857879638672,320.2419128417969,,,,391.12408447265625,27.67042350769043,23.617952346801758,50.8561897277832
2021-06-04,98.00286865234375,,20.936092376708984,24.454082489013672,37.38983917236328,31.80613899230957,325.6763000488281,,,,394.7012634277344,28.16445541381836,24.82857894897461,52.197166442871094
2021-06-07,97.93450927734375,,20.885311126708984,24.23676872253418,37.37099075317383,31.969215393066406,326.64678955078125,,,,394.3182373046875,28.120651245117188,25.048259735107422,52.11517333984375
2021-06-08,98.11393737792969,,20.92521095275879,24.396678924560547,37.49351501464844,31.993927001953125,326.802001953125,,,,394.4022216796875,28.12308120727539,25.076904296875,52.129642486572266
2021-06-09,98.31055450439453,,21.089157104492188,24.1629638671875,37.47467041015625,32.02357864379883,326.8796691894531,,,,393.8138732910156,28.03060531616211,25.105567932128906,51.883636474609375
2021-06-10,98.51561737060547,,21.018068313598633,24.191665649414062,37.65374755859375,32.695682525634766,330.2858581542969,,,,395.6445007324219,28.2885684967041,25.87444496154785,52.60236358642578
2021-06-11,98.47286987304688,,20.97091293334961,24.167062759399414,37.719722747802734,32.85382843017578,331.14959716796875,,,,396.2983093261719,28.385913848876953,26.079797744750977,52.86284255981445
2021-06-14,98.22509002685547,,20.965112686157227,24.19576644897461,37.889373779296875,33.4814453125,334.3229064941406,,,,397.18560791015625,28.524633407592773,26.810470581054688,53.23427200317383
2021-06-15,98.26776123046875,,21.122528076171875,24.149023056030273,37.644317626953125,33.03667068481445,332.1393737792969,,,,396.45709228515625,28.412681579589844,26.313804626464844,52.91107940673828
2021-06-16,97.95159149169922,,20.837432861328125,24.02437400817871,37.51235580444336,32.79945755004883,330.9263916015625,,,,394.24346923828125,28.089012145996094,26.032039642333984,52.042816162109375
2021-06-17,98.25924682617188,,20.553787231445312,23.3781681060791,37.521785736083984,33.62969970703125,335.1283264160156,,,,394.1128234863281,28.062240600585938,27.003881454467773,52.00422286987305
2021-06-18,98.52416229248047,,20.387662887573242,23.167415618896484,37.342716217041016,33.10585021972656,332.4984436035156,,,,388.79608154296875,27.312685012817383,26.359172821044922,49.91074752807617
2021-06-21,98.26776123046875,,20.609647750854492,23.228097915649414,37.65374755859375,33.50615692138672,334.56500244140625,,,,394.3620300292969,28.084144592285156,26.841510772705078,52.02351760864258
2021-06-22,98.37036895751953,,20.693071365356445,23.08540916442871,37.85166931152344,34.13377380371094,337.68365478515625,,,,396.4703674316406,28.379695892333984,27.591289520263672,52.80014419555664
2021-06-23,98.31906127929688,,20.65317153930664,23.375709533691406,37.94593048095703,34.15848159790039,337.84881591796875,,,,395.9925537109375,28.3139705657959,27.6390438079834,52.655418395996094
2021-06-24,98.35326385498047,,20.830904006958008,23.597124099731445,38.082889556884766,34.58348846435547,339.93768310546875,,,,398.3350830078125,28.645069122314453,28.147653579711914,53.576759338378906
2021-06-25,98.15670776367188,,20.798261642456055,23.59302520751953,38.158443450927734,34.50935745239258,339.5198974609375,,,,399.7500305175781,28.844701766967773,28.05929946899414,54.13147735595703
2021-06-28,98.4386978149414,,20.65752601623535,23.597124099731445,38.28122329711914,35.339599609375,343.6490478515625,,,,400.555908203125,28.963993072509766,29.052631378173828,54.48360824584961
2021-06-29,98.489990234375,,20.668405532836914,23.617624282836914,38.32844543457031,35.591636657714844,344.8926086425781,,,,400.7714538574219,28.99564552307129,29.379770278930664,54.546321868896484
2021-06-30,98.55836486816406,,20.66986083984375,23.958768844604492,38.3851203918457,35.487857818603516,344.3485107421875,,,,401.1087341308594,29.054073333740234,29.250823974609375,54.69585037231445
2021-07-01,98.50360107421875,,20.823650360107422,23.915306091308594,38.47957229614258,35.51256561279297,344.4845886230469,,,,403.32952880859375,29.363264083862305,29.26515007019043,55.61235046386719
2021-07-02,98.717529296875,,20.983245849609375,23.88004493713379,38.810157775878906,36.31315994262695,348.43878173828125,,,,406.41241455078125,29.816091537475586,30.25848960876465,56.8809814453125
2021-07-06,99.03413391113281,,20.751832962036133,23.41261100769043,38.99905776977539,36.61955642700195,349.9447021484375,,,,405.6721496582031,29.69923210144043,30.66441535949707,56.50955581665039
2021-07-07,99.20529174804688,,20.695972442626953,23.148555755615234,39.10295867919922,36.748050689697266,350.6831359863281,,,,407.10577392578125,29.908605575561523,30.860218048095703,57.141456604003906
2021-07-08,99.3165512084961,,20.530574798583984,23.215797424316406,38.772377014160156,36.352691650390625,348.5650939941406,,,,403.78863525390625,29.42412757873535,30.325345993041992,55.77635955810547
2021-07-09,98.99136352539062,,20.71483612060547,23.40359115600586,39.02739715576172,36.79252243041992,350.7413330078125,,,,408.0989990234375,30.03033447265625,30.838720321655273,57.51770782470703
2021-07-12,98.93143463134766,,20.85629653930664,23.27730369567871,39.244625091552734,37.07421112060547,352.1112976074219,,,,409.560791015625,30.26648712158203,31.22555160522461,58.16407775878906
2021-07-13,98.717529296875,,20.748931884765625,23.445415496826172,39.11240005493164,37.059383392333984,352.1112976074219,,,,408.1645812988281,30.05711555480957,31.208837509155273,57.57076644897461
2021-07-14,99.0512466430664,,20.775772094726562,23.154294967651367,39.206851959228516,37.18787384033203,352.7427978515625,,,,408.773681640625,30.132585525512695,31.378372192382812,57.76853942871094
2021-07-15,99.2651596069336,,20.656076431274414,23.20349884033203,39.00850296020508,36.66403579711914,350.26531982421875,,,,407.3775634765625,29.93051528930664,30.728885650634766,57.184879302978516
2021-07-16,99.17961120605469,,20.616899490356445,23.23219871520996,38.87627029418945,36.07594680786133,347.42840576171875,,,,404.1821594238281,29.45821189880371,29.974336624145508,55.86318588256836
2021-07-19,99.70159912109375,,20.05831527709961,22.67374038696289,38.3851203918457,35.48291778564453,344.58172607421875,,,,398.21331787109375,28.579330444335938,29.25560188293457,53.407920837402344
2021-07-20,99.60746765136719,,20.235321044921875,22.891876220703125,39.084068298339844,36.30821228027344,348.5845642089844,,,,403.91986083984375,29.402217864990234,30.22028160095215,55.68952941894531
2021-07-21,99.28231811523438,,20.598766326904297,22.91565704345703,39.036842346191406,36.841941833496094,351.27569580078125,,,,407.1901550292969,29.881824493408203,30.910358428955078,57.01122283935547
2021-07-22,99.51332092285156,,20.689443588256836,23.306005477905273,39.38631057739258,37.355892181396484,353.5977783203125,,,,408.0428771972656,30.01572608947754,31.559844970703125,57.38264465332031
2021-07-23,99.4449234008789,,20.8018856048584,23.31830406188965,39.69799041748047,38.205909729003906,357.7268981933594,,,,412.24078369140625,30.60732650756836,32.60809326171875,59.114356994628906
2021-07-26,99.35932922363281,,20.820024490356445,23.51922035217285,39.75467300415039,38.28992462158203,358.0085754394531,,,,413.25274658203125,30.763137817382812,32.74421691894531,59.558128356933594
2021-07-27,99.5903549194336,,20.685813903808594,23.26500129699707,39.68855667114258,37.449798583984375,354.0640869140625,,,,411.36932373046875,30.48072624206543,31.674457550048828,58.75739288330078
2021-07-28,99.68451690673828,,20.78738021850586,23.416711807250977,39.68855667114258,37.71665954589844,355.42425537109375,,,,411.2006530761719,30.453948974609375,32.02070236206055,58.66092300415039
2021-07-29,99.52190399169922,,20.80913734436035,23.498716354370117,39.68855667114258,37.86491775512695,356.0558166503906,,,,412.906005859375,30.7047061920166,32.17829132080078,59.38930130004883
2021-07-30,99.65882873535156,,20.822925567626953,23.281402587890625,39.63187789916992,37.45967483520508,354.2001647949219,,,,410.90081787109375,30.410125732421875,31.69595718383789,58.48727798461914
2021-08-02,99.87049865722656,,20.79100799560547,23.494619369506836,39.62244415283203,37.45473861694336,354.229248046875,,,,410.0386657714844,30.28352928161621,31.686405181884766,58.12549591064453
2021-08-03,99.90479278564453,,20.783750534057617,23.252700805664062,39.74522399902344,37.90939712524414,356.3763427734375,,,,413.3744812011719,30.772872924804688,32.23798370361328,59.54848098754883
2021-08-04,99.89619445800781,,20.548709869384766,23.141990661621094,39.764122009277344,38.032936096191406,356.8912658691406,,,,411.3412170410156,30.468557357788086,32.39797592163086,58.69951629638672
2021-08-05,99.67340087890625,,20.61037254333496,23.31584358215332,39.839683532714844,38.51231002807617,359.15509033203125,,,,413.9461669921875,30.85565185546875,33.006866455078125,59.77519226074219
2021-08-06,99.22776794433594,,20.42683982849121,23.2879638671875,39.839683532714844,38.16142272949219,357.58111572265625,,,,414.6302185058594,30.953033447265625,32.577056884765625,60.112857818603516
2021-08-09,99.04782104492188,,20.13811492919922,23.039487838745117,39.82078552246094,38.2998046875,358.2418518066406,,,,414.2928466796875,30.90677261352539,32.751373291015625,59.92472839355469
2021-08-10,98.91925048828125,,20.280296325683594,23.437213897705078,39.84912109375,37.914329528808594,356.405517578125,,,,414.80828857421875,30.967636108398438,32.261863708496094,60.108036041259766
2021-08-11,99.01358032226562,,20.279573440551758,23.64632797241211,39.69799041748047,37.79078674316406,355.7934875488281,,,,415.8389892578125,31.125883102416992,32.087562561035156,60.54698944091797
2021-08-12,99.0221176147461,,20.347763061523438,23.67913055419922,39.905792236328125,38.057647705078125,357.075927734375,,,,417.0851745605469,31.301176071166992,32.42185592651367,61.08241271972656
2021-08-13,99.38204956054688,,20.371706008911133,23.629928588867188,40.14192199707031,38.30474853515625,358.3292236328125,,,,417.84417724609375,31.422903060913086,32.74659729003906,61.42007827758789
2021-08-16,99.43344116210938,,20.512435913085938,23.535621643066406,40.18915939331055,38.33440399169922,358.484619140625,,,,418.828125,31.573848724365234,32.80390548706055,61.87832260131836
2021-08-17,99.3563232421875,,20.23894691467285,23.322406768798828,39.9530143737793,37.662296295166016,355.3271789550781,,,,416.0826416015625,31.167272567749023,31.941905975341797,60.68206024169922
2021-08-18,99.36489868164062,,19.961833953857422,23.2239990234375,39.52798843383789,36.9308967590332,351.9072265625,,,,411.5285339355469,30.473424911499023,31.013038635253906,58.68986511230469
2021-08-19,99.5362777709961,,20.076448440551758,23.039487838745117,39.66022491455078,37.29659652709961,353.6073913574219,,,,412.1658020019531,30.548892974853516,31.454784393310547,58.89727783203125
2021-08-20,99.54487609863281,,20.180912017822266,22.744266510009766,39.85857009887695,38.07247543334961,357.2702941894531,,,,415.44537353515625,31.047977447509766,32.426631927490234,60.368499755859375
2021-08-23,99.54487609863281,,20.390565872192383,22.95256233215332,40.19860076904297,39.1992301940918,362.6138000488281,,,,419.099853515625,31.595754623413086,33.87126159667969,61.91209411621094
2021-08-24,99.3991928100586,,20.341236114501953,23.158395767211914,40.27415466308594,39.441383361816406,363.7213439941406,,,,419.7652282714844,31.688270568847656,34.2055549621582,62.220802307128906
2021-08-25,99.2105941772461,,20.397092819213867,23.3634090423584,40.3780517578125,39.485870361328125,364.1391296386719,,,,420.6460266113281,31.829483032226562,34.24375915527344,62.582576751708984
2021-08-26,99.21920776367188,,20.31584358215332,23.40359115600586,40.20804214477539,39.02626037597656,361.8268737792969,,,,418.1628112792969,31.452112197875977,33.66352462768555,61.50690460205078
2021-08-27,99.49343872070312,,20.4355411529541,23.55366325378418,40.529170989990234,39.792259216308594,365.3438415527344,,,,421.9016418457031,32.004756927490234,34.64731216430664,63.08906936645508
2021-08-30,99.60482788085938,,20.464557647705078,23.426551818847656,40.76530838012695,40.686744689941406,369.44378662109375,,,,423.7568664550781,32.287174224853516,35.79584503173828,63.92839813232422
2021-08-31,99.45916748046875,,20.272321701049805,23.197757720947266,40.68975067138672,40.60273742675781,369.1427001953125,,,,423.12908935546875,32.21169662475586,35.6955680847168,63.73545837402344
2021-09-01,99.49092102050781,,20.75908660888672,23.031286239624023,40.7086296081543,40.74605178833008,369.75469970703125,,,,423.3540344238281,32.22874450683594,35.891353607177734,63.84156799316406
2021-09-02,99.5938949584961,,20.450773239135742,23.195297241210938,40.869197845458984,40.69662857055664,369.57989501953125,,,,424.6565246582031,32.42107009887695,35.84122085571289,64.37216186523438
2021-09-03,99.4222640991211,,20.522598266601562,23.146095275878906,40.76530838012695,40.95361328125,370.716552734375,,,,424.5534973144531,32.40889358520508,36.163570404052734,64.29499816894531
2021-09-07,99.1562271118164,,20.54508399963379,23.010784149169922,40.623619079589844,41.05244827270508,371.2411804199219,,,,423.0354309082031,32.1751823425293,36.31161880493164,63.6341438293457
2021-09-08,99.31929016113281,,20.479068756103516,23.067367553710938,40.53861618041992,40.785587310791016,369.9490661621094,,,,422.5200500488281,32.0997200012207,35.939117431640625,63.402626037597656
2021-09-09,99.63681030273438,,20.547260284423828,23.010784149169922,40.50083541870117,40.4643669128418,368.67633056640625,,,,420.71160888671875,31.81243133544922,35.5546760559082,62.54399108886719
2021-09-10,99.43943786621094,,20.241851806640625,23.108373641967773,40.14192199707031,39.861446380615234,365.87823486328125,,,,417.39447021484375,31.323083877563477,34.754764556884766,61.092071533203125
2021-09-13,99.5681381225586,,20.394193649291992,23.199398040771484,39.716896057128906,39.80708312988281,365.62554931640625,,,,418.4626770019531,31.456989288330078,34.675960540771484,61.50690460205078
2021-09-14,99.79129791259766,,20.374605178833008,23.252700805664062,40.113582611083984,39.574825286865234,364.5860595703125,,,,416.2044982910156,31.12832260131836,34.377479553222656,60.55181121826172
2021-09-15,99.69684600830078,,20.498655319213867,23.531518936157227,40.15137481689453,40.15796661376953,367.296630859375,,,,419.6808776855469,31.63471031188965,35.139190673828125,62.07127380371094
2021-09-16,99.5252456665039,,20.577728271484375,23.420814514160156,40.33082580566406,40.23209762573242,367.5493469238281,,,,419.0154724121094,31.5275936126709,35.20844650268555,61.723960876464844
2021-09-17,99.43943786621094,,20.284648895263672,23.31830406188965,39.93413162231445,39.2783088684082,363.19677734375,,,,414.933837890625,30.928688049316406,33.96438217163086,59.9681396484375
2021-09-20,99.62821960449219,,20.13593864440918,23.306005477905273,39.1973991394043,37.64253234863281,355.69189453125,,,,408.01519775390625,29.891563415527344,31.87504768371582,56.97745132446289
2021-09-21,99.67113494873047,,20.105466842651367,23.059988021850586,39.38631057739258,37.71665954589844,356.1295471191406,,,,407.6297912597656,29.847742080688477,31.91563606262207,56.813446044921875
2021-09-22,99.70542907714844,,20.27884864807129,23.27730369567871,39.73579025268555,38.43817138671875,359.4559631347656,,,,411.6061706542969,30.407379150390625,32.849281311035156,58.41973876953125
2021-09-23,99.21630859375,,20.30496597290039,23.465913772583008,40.094696044921875,39.13992691040039,362.772705078125,,,,416.607177734375,31.155019760131836,33.76142120361328,60.54698944091797
2021-09-24,99.04466247558594,,20.307138442993164,23.543819427490234,40.028446197509766,39.20417022705078,363.11309814453125,,,,417.29345703125,31.254867553710938,33.85693359375,60.85087966918945
2021-09-27,98.9073257446289,,20.20775604248047,23.71931266784668,39.621437072753906,38.596317291259766,360.214599609375,,,,416.0995178222656,31.08195686340332,33.04029083251953,60.32992172241211
2021-09-28,98.49542999267578,,20.011159896850586,23.650428771972656,38.80743408203125,36.39222717285156,350.0213928222656,,,,407.7144470214844,29.815589904785156,30.284751892089844,56.68803405761719
2021-09-29,98.56404113769531,,20.167129516601562,23.720134735107422,38.816890716552734,36.30326843261719,349.4476318359375,,,,408.4006652832031,29.913007736206055,30.08417510986328,56.91473388671875
2021-09-30,98.54688262939453,,20.2447509765625,23.773435592651367,38.56132125854492,35.962284088134766,348.1637268066406,,,,403.4090270996094,29.179975509643555,29.745101928710938,54.8502082824707
2021-10-01,98.84774017333984,,20.188892364501953,23.7529354095459,38.78849792480469,36.44658660888672,350.3229064941406,,,,408.20318603515625,29.86917495727539,30.287139892578125,56.803810119628906
2021-10-04,98.77897644042969,,20.061214447021484,24.076860427856445,38.59919357299805,34.93436813354492,342.96978759765625,,,,402.9389343261719,29.111785888671875,28.42464256286621,54.584903717041016
2021-10-05,98.54686737060547,,20.182361602783203,24.249069213867188,38.7979621887207,35.868385314941406,347.5995788574219,,,,407.1316223144531,29.706005096435547,29.518264770507812,56.24424743652344
2021-10-06,98.58987426757812,,20.17438507080078,24.13016128540039,38.996726989746094,36.318092346191406,349.8269348144531,,,,408.82366943359375,29.95440673828125,30.100893020629883,56.97745132446289
2021-10-07,98.3148193359375,,20.15552520751953,24.150665283203125,39.233367919921875,36.98525619506836,353.03656005859375,,,,412.358154296875,30.46582794189453,30.91514015197754,58.42456817626953
2021-10-08,98.09990692138672,,20.290456771850586,24.249069213867188,39.110313415527344,36.609676361083984,351.2761535644531,,,,411.6061706542969,30.34893035888672,30.439964294433594,58.0869026184082
2021-10-11,97.94519805908203,,20.359373092651367,24.639415740966797,38.93048095703125,36.051231384277344,348.5819396972656,,,,408.6262512207031,29.917875289916992,29.764205932617188,56.85203552246094
2021-10-12,98.30622863769531,,20.270139694213867,24.351577758789062,38.82636642456055,35.80908203125,347.3661193847656,,,,407.620361328125,29.76688575744629,29.460954666137695,56.45649337768555
2021-10-13,98.52967834472656,,20.32672882080078,24.179363250732422,39.02512741088867,36.37245559692383,350.1478576660156,,,,409.0868835449219,29.976322174072266,30.151033401489258,57.01604461669922
2021-10-14,98.71881103515625,,20.492124557495117,24.265470504760742,39.6593017578125,37.7067756652832,356.5964050292969,,,,415.96795654296875,30.97723960876465,31.815349578857422,59.890960693359375
2021-10-15,98.47813415527344,,20.66042709350586,24.54429054260254,40.00951385498047,38.18120574951172,358.84320068359375,,,,419.1358337402344,31.45456886291504,32.40514373779297,61.27054214477539
2021-10-18,98.40938568115234,,20.52984619140625,24.503284454345703,40.01897048950195,38.9521369934082,362.4516296386719,,,,420.3766784667969,31.654253005981445,33.37697982788086,61.84455490112305
2021-10-19,98.12571716308594,,20.687992095947266,24.486886978149414,40.198814392089844,39.52045440673828,365.1945495605469,,,,423.619873046875,32.12427520751953,34.11004638671875,63.253082275390625
2021-10-20,98.05696868896484,,20.759811401367188,24.507389068603516,40.293460845947266,39.42656326293945,364.71795654296875,,,,425.2836608886719,32.37267303466797,34.00259017944336,63.9621696472168
2021-10-21,97.85065460205078,,20.83526039123535,24.534448623657227,40.46384811401367,39.91086959838867,366.94525146484375,,,,426.39300537109375,32.552894592285156,34.611488342285156,64.47827911376953
2021-10-22,98.03975677490234,,20.80624008178711,24.486886978149414,40.444908142089844,39.2288818359375,363.8620300292969,,,,425.9512023925781,32.479835510253906,33.73515319824219,64.26123046875
2021-10-25,98.1343002319336,,20.885311126708984,24.568891525268555,40.61528396606445,40.02947998046875,367.5871887207031,,,,428.23553466796875,32.81103515625,34.74759292602539,65.23561096191406
2021-10-26,98.3148193359375,,20.89546775817871,24.560691833496094,40.69100570678711,40.25185012817383,368.7444763183594,,,,428.62091064453125,32.88652801513672,35.07233428955078,65.48644256591797
2021-10-27,98.64143371582031,,20.777219772338867,24.396678924560547,40.53956604003906,40.45941925048828,369.6006164550781,,,,426.7219543457031,32.579681396484375,35.34932327270508,64.59405517578125
2021-10-28,98.56407928466797,,20.769241333007812,24.22610855102539,40.77620315551758,41.373680114746094,373.70501708984375,,,,430.8393249511719,33.212867736816406,36.509803771972656,66.43671417236328
2021-10-29,98.53829956054688,,21.08843231201172,24.67877960205078,40.946571350097656,41.77891540527344,375.5432434082031,,,,431.713623046875,33.3468017578125,37.04945373535156,66.8612060546875
2021-11-01,98.47801971435547,,21.121076583862305,24.526248931884766,41.08854293823242,42.060604095458984,376.8271179199219,,,,432.4562683105469,33.46613311767578,37.414794921875,67.22298431396484
2021-11-02,98.67604064941406,,21.0441837310791,24.51968765258789,41.20212936401367,42.416419982910156,378.4028625488281,,,,434.2047119140625,33.73158264160156,37.913848876953125,68.0140609741211
2021-11-03,98.47801971435547,,20.888940811157227,24.13836097717285,41.37250900268555,43.3109016418457,382.4197692871094,,,,436.8556213378906,34.152896881103516,39.1173095703125,69.2826919555664
2021-11-04,98.80516052246094,,20.718461990356445,24.19576644897461,41.64698791503906,44.40800476074219,387.3219299316406,,,,438.9143371582031,34.45487976074219,40.576263427734375,70.21368408203125
2021-11-05,99.19258880615234,,21.01951789855957,23.96204948425293,41.83629608154297,44.4969596862793,387.69158935546875,,,,440.4371337890625,34.69596862792969,40.72670364379883,70.97581481933594
2021-11-08,99.01179504394531,,20.97381591796875,24.17526626586914,41.855228424072266,44.378353118896484,387.1663513183594,,,,440.813232421875,34.7617301940918,40.559547424316406,71.173583984375
2021-11-09,99.28726959228516,,21.124710083007812,24.035036087036133,41.75111389160156,43.750728607177734,384.50128173828125,,,,439.356201171875,34.53523635864258,39.723812103271484,70.44038391113281
2021-11-10,98.61576843261719,,21.06304168701172,24.46720314025879,41.32516860961914,42.47571563720703,378.8502502441406,,,,435.8216247558594,33.970245361328125,37.98309326171875,68.75690460205078
2021-11-11,98.43498992919922,,21.059415817260742,24.484426498413086,41.277854919433594,42.71292495727539,379.90069580078125,,,,435.9625549316406,33.99459457397461,38.29112243652344,68.8340835571289
2021-11-12,98.41775512695312,,21.09568977355957,24.253170013427734,41.49555587768555,43.60741424560547,383.8982849121094,,,,439.2527770996094,34.50114440917969,39.50651931762695,70.36321258544922
2021-11-15,98.05618286132812,,21.175485610961914,24.45244598388672,41.438751220703125,43.592586517333984,383.81072998046875,,,,439.4031982421875,34.51089096069336,39.49458312988281,70.39213562011719
2021-11-16,98.02175903320312,,21.280672073364258,24.824748992919922,41.6943244934082,44.205387115478516,386.5438232421875,,,,441.1422424316406,34.776336669921875,40.31121826171875,71.23627471923828
2021-11-17,98.25418090820312,,20.982519149780273,24.441783905029297,41.467159271240234,44.24491882324219,386.74798583984375,,,,440.0705871582031,34.61316680908203,40.358978271484375,70.69603729248047
2021-11-18,98.34028625488281,,21.110193252563477,24.408981323242188,41.57126235961914,45.15423583984375,390.75531005859375,,,,441.5652160644531,34.84452438354492,41.59347915649414,71.4051284790039
2021-11-19,98.5296630859375,,20.812768936157227,24.399959564208984,41.64698791503906,45.65336608886719,392.93402099609375,,,,440.7756042480469,34.7203254699707,42.297889709472656,71.0626449584961
2021-11-22,98.05618286132812,,20.99848175048828,24.603334426879883,41.26838302612305,44.61063003540039,388.372314453125,,,,439.5347595214844,34.5230598449707,40.83176040649414,70.43071746826172
2021-11-23,97.66879272460938,,21.22989845275879,24.8780517578125,41.37250900268555,44.19056701660156,386.60223388671875,,,,440.11761474609375,34.63508987426758,40.275394439697266,70.76355743408203
2021-11-24,97.8926010131836,,21.171859741210938,24.919876098632812,41.49555587768555,44.50190353393555,387.84710693359375,,,,441.2926025390625,34.77876281738281,40.64789962768555,71.24111938476562
2021-11-26,98.5899429321289,,20.29770851135254,23.915306091308594,41.192657470703125,42.72281265258789,380.49407958984375,,,,431.450439453125,33.27375030517578,38.40574264526367,66.60072326660156
2021-11-29,98.64158630371094,,20.22879409790039,23.851343154907227,41.30624771118164,44.62051010131836,388.7517395019531,,,,436.7427978515625,34.06278610229492,40.79117965698242,68.95951843261719
2021-11-30,98.80516052246094,,20.58788299560547,23.35684585571289,40.83298873901367,43.296077728271484,383.04241943359375,,,,428.24493408203125,32.77450180053711,39.03850555419922,65.04751586914062
2021-12-01,98.82414245605469,,19.967632293701172,23.165775299072266,40.22720718383789,41.82833480834961,376.5256042480469,,,,423.4881896972656,32.00251388549805,37.035133361816406,62.74660110473633
2021-12-02,98.8068618774414,,19.966184616088867,23.314207077026367,40.7667236328125,42.44606018066406,379.2392578125,,,,429.9745178222656,32.957149505615234,37.73236846923828,65.57808685302734
2021-12-03,99.2034683227539,,20.06194305419922,23.21661949157715,40.46384811401367,40.96843338012695,372.6448974609375,,,,426.233154296875,32.411643981933594,35.8364372253418,63.851219177246094
2021-12-06,98.85863494873047,,20.076448440551758,23.37160873413086,40.93709945678711,41.640533447265625,375.6309509277344,,,,431.28125,33.166595458984375,36.67456817626953,66.1328125
2021-12-07,98.7034683227539,,20.377506256103516,23.552021026611328,41.59020233154297,44.146080017089844,386.94256591796875,,,,440.2021484375,34.53523635864258,39.98169708251953,70.2281494140625
2021-12-08,98.44481658935547,,20.439167022705078,23.64715003967285,41.7132568359375,44.516727447509766,388.6738586425781,,,,441.3678283691406,34.713016510009766,40.538063049316406,70.84556579589844
2021-12-09,98.45343017578125,,20.341236114501953,23.523317337036133,41.476619720458984,43.202178955078125,382.95477294921875,,,,438.387939453125,34.243003845214844,38.78778839111328,69.3840103149414
2021-12-10,98.47930908203125,,20.344863891601562,23.549562454223633,41.63752746582031,44.13620376586914,387.1176452636719,,,,442.51470947265625,34.88349533081055,39.98887252807617,71.38583374023438
2021-12-13,98.82414245605469,,20.34848976135254,23.555301666259766,41.54287338256836,42.85624694824219,381.52496337890625,,,,438.5946960449219,34.28197479248047,38.26962661743164,69.4804458618164
2021-12-14,98.63448333740234,,20.384761810302734,23.535621643066406,41.022281646728516,41.99635314941406,377.5761413574219,,,,435.5771789550781,33.7924690246582,37.13064193725586,68.02371215820312
2021-12-15,98.55686950683594,,20.49357795715332,23.36996841430664,41.58074188232422,43.87428283691406,386.1839294433594,,,,442.383056640625,34.854270935058594,39.58770751953125,71.16876220703125
2021-12-16,98.6923828125,,20.500831604003906,23.338808059692383,41.37250900268555,41.63064956665039,376.25335693359375,,,,438.48193359375,34.235694885253906,36.567115783691406,69.2634048461914
2021-12-17,98.8132095336914,,20.37242889404297,23.33716583251953,41.183197021484375,41.20564651489258,374.3760681152344,,,,433.8152160644531,33.50510787963867,36.00836181640625,67.08792114257812
2021-12-20,98.66648864746094,,20.314393997192383,23.282224655151367,40.73833465576172,40.37540817260742,370.7445983886719,,,,429.2022705078125,32.78181457519531,34.93145751953125,64.93653869628906
2021-12-21,98.58882141113281,,20.446422576904297,23.445415496826172,41.51448059082031,42.184146881103516,379.0419921875,,,,436.824462890625,33.95563507080078,37.26673889160156,68.37583923339844
2021-12-22,98.67511749267578,,20.273042678833008,23.48641586303711,41.76057052612305,43.22193908691406,383.65814208984375,,,,441.192138671875,34.627784729003906,38.596763610839844,70.41626739501953
2021-12-23,98.5542984008789,,20.429738998413086,23.527420043945312,41.83629608154297,43.884159088134766,386.5506286621094,,,,443.937255859375,35.05768585205078,39.51369094848633,71.70521545410156
2021-12-27,98.60607147216797,,20.617626190185547,23.601226806640625,42.340049743652344,45.29261016845703,392.9391784667969,,,,450.2198791503906,36.04957962036133,41.40245819091797,74.72608947753906
2021-12-28,98.56292724609375,,20.92884063720703,23.601226806640625,42.207237243652344,44.921966552734375,391.11810302734375,,,,449.8520202636719,35.993534088134766,40.91534423828125,74.59099578857422
2021-12-29,98.26949310302734,,20.49357795715332,23.546913146972656,42.14083480834961,44.88242721557617,391.05963134765625,,,,450.4274597167969,36.08126449584961,40.850868225097656,74.8612289428711
2021-12-30,98.48526000976562,,20.707542419433594,23.402374267578125,42.27364730834961,44.57109451293945,389.89093017578125,,,,449.1822814941406,35.88142395019531,40.46881866455078,74.21939086914062
2021-12-31,98.45075988769531,,20.673086166381836,23.214033126831055,42.055450439453125,43.99288558959961,387.4562072753906,,,,448.0502624511719,35.671836853027344,39.71664810180664,73.62100982666016
2022-01-03,97.77758026123047,,20.859806060791016,23.380474090576172,42.055450439453125,44.907142639160156,391.1861877441406,,,,450.6444396972656,36.09346008300781,40.86281204223633,74.90948486328125
2022-01-04,97.76895141601562,,20.701135635375977,23.483842849731445,41.989036560058594,43.73097229003906,386.1123046875,,,,450.4935302734375,36.07395935058594,39.27490234375,74.84675598144531
2022-01-05,97.46690368652344,,20.659461975097656,23.47157859802246,41.11624526977539,41.01291275024414,374.25048828125,,,,441.843017578125,34.70186996459961,35.662132263183594,70.49878692626953
2022-01-06,97.36334228515625,,20.74761390686035,23.555673599243164,41.030860900878906,40.98326110839844,373.987548828125,,,,441.42791748046875,34.61900329589844,35.56422805786133,70.3057632446289
2022-01-07,97.07856750488281,,20.87583351135254,23.489973068237305,40.87907409667969,40.078895568847656,369.936279296875,,,,439.6827697753906,34.35824203491211,34.4013557434082,69.50950622558594
2022-01-10,96.99226379394531,,20.564096450805664,23.415512084960938,40.76522445678711,40.172794342041016,370.1797790527344,,,,439.13568115234375,34.26319122314453,34.52790451049805,69.19584655761719
2022-01-11,97.17349243164062,,20.560894012451172,23.485591888427734,41.192134857177734,41.35389709472656,375.7405700683594,,,,443.13543701171875,34.86759567260742,36.046566009521484,71.09716796875
2022-01-12,97.17349243164062,,20.463926315307617,23.4058780670166,40.98342514038086,41.6800651550293,377.2306213378906,,,,444.3334655761719,35.06743240356445,36.457275390625,71.72452545166016
2022-01-13,97.34610748291016,,20.314069747924805,23.261337280273438,40.803165435791016,39.56987380981445,367.793701171875,,,,438.2112121582031,34.09503173828125,33.81156921386719,68.68913269042969
2022-01-14,96.80241394042969,,20.598556518554688,23.531145095825195,40.57548522949219,40.069007873535156,370.08233642578125,,,,438.3904113769531,34.11452865600586,34.32255554199219,68.7470474243164
2022-01-18,96.2155532836914,,20.915904998779297,23.798324584960938,39.59834671020508,38.10212326049805,360.8694152832031,,,,430.626708984375,32.92523193359375,31.848783493041992,65.10846710205078
2022-01-19,96.42269134521484,,20.859806060791016,23.817598342895508,39.475006103515625,37.222469329833984,356.9058837890625,,,,426.1552734375,32.22334289550781,30.740825653076172,63.09132385253906
2022-01-20,96.4744644165039,,20.915904998779297,23.879793167114258,39.13347244262695,36.239036560058594,352.27008056640625,,,,421.4385681152344,31.516582489013672,29.551692962646484,60.987308502197266
2022-01-21,96.85420227050781,,20.6434326171875,23.761533737182617,38.42196273803711,34.19802474975586,342.5022277832031,,,,413.1654052734375,30.259037017822266,27.063575744628906,57.39698791503906
2022-01-24,96.74199676513672,,20.548072814941406,23.821104049682617,38.40298843383789,34.613136291503906,344.0701599121094,,,,414.9200744628906,30.517364501953125,27.455181121826172,58.111183166503906
2022-01-25,96.64705657958984,,20.755624771118164,23.949872970581055,38.01402282714844,32.88347625732422,336.09405517578125,,,,409.8542785644531,29.766742706298828,25.430309295654297,55.94927215576172
2022-01-26,96.10337829589844,,20.883846282958984,24.281003952026367,37.644039154052734,32.93783187866211,335.5682067871094,,,,408.8260803222656,29.644887924194336,25.382553100585938,55.59217071533203
2022-01-27,96.42269134521484,,20.87583351135254,24.500003814697266,37.69146728515625,32.17183303833008,332.1888427734375,,,,406.8072509765625,29.32806396484375,24.623228073120117,54.733192443847656
2022-01-28,96.49174499511719,,21.036109924316406,24.49299430847168,38.52632141113281,34.23261260986328,342.6093444824219,,,,416.9105224609375,30.780574798583984,26.92030906677246,58.767486572265625
2022-01-31,96.48310089111328,,20.755624771118164,24.383493423461914,39.418087005615234,36.426822662353516,353.5654296875,,,,424.41949462890625,31.891895294189453,29.527814865112305,61.92350387573242
2022-02-01,96.44940948486328,,20.763639450073242,24.490365982055664,39.64577102661133,36.86171340942383,355.97088623046875,,,,427.28729248046875,32.33057403564453,30.091339111328125,63.284339904785156
2022-02-02,96.55311584472656,,20.79008674621582,24.580595016479492,39.91140365600586,37.47945022583008,358.86328125,,,,431.4379577636719,32.954471588134766,30.802907943725586,65.03125762939453
2022-02-03,96.1642074584961,,20.81171989440918,24.692724227905273,38.905792236328125,34.405582427978516,344.31353759765625,,,,421.29705810546875,31.40447425842285,27.097009658813477,60.45648193359375
2022-02-04,95.55921936035156,,21.04412078857422,25.031734466552734,38.981689453125,35.285240173339844,348.6570739746094,,,,423.27813720703125,31.7115478515625,28.03303337097168,61.2961540222168
2022-02-07,95.64562225341797,,20.803709030151367,24.821495056152344,38.83938217163086,34.731746673583984,345.8523254394531,,,,421.9196472167969,31.492212295532227,27.397872924804688,60.66880798339844
2022-02-08,95.35179901123047,,20.731584548950195,24.893327713012695,39.24730682373047,35.51256561279297,349.7380676269531,,,,425.39111328125,32.003997802734375,28.32912254333496,62.12619400024414
2022-02-09,95.41231536865234,,20.907888412475586,24.834636688232422,39.84500503540039,37.01984786987305,357.1492919921875,,,,431.61724853515625,32.92034912109375,30.086565017700195,64.85752868652344
2022-02-10,94.5307846069336,,20.955968856811523,25.036991119384766,38.91529083251953,35.33465576171875,349.066162109375,,,,423.8629150390625,31.76028823852539,28.09034538269043,61.4216194152832
2022-02-11,95.15302276611328,,21.41275405883789,25.036991119384766,38.279659271240234,33.10585021972656,337.9931335449219,,,,415.5048828125,30.488128662109375,25.44463539123535,57.763729095458984
2022-02-14,94.59992980957031,,21.468852996826172,25.408416748046875,38.042476654052734,33.1948127746582,338.411865234375,,,,414.1465148925781,30.30290412902832,25.51626968383789,57.194297790527344
2022-02-15,94.44434356689453,,21.14028549194336,25.149993896484375,38.48836135864258,34.820701599121094,346.8262023925781,,,,420.8253479003906,31.267993927001953,27.364444732666016,59.90635299682617
2022-02-16,94.55668640136719,,21.116243362426758,25.141237258911133,38.73503494262695,34.786102294921875,346.7385559082031,,,,421.29705810546875,31.345979690551758,27.35967445373535,60.13798904418945
2022-02-17,94.75546264648438,,20.899873733520508,24.970415115356445,37.94761276245117,32.72037887573242,336.4252624511719,,,,412.29754638671875,30.01045036315918,24.933645248413086,56.325679779052734
2022-02-18,94.95423889160156,,20.915904998779297,25.062397003173828,37.74839401245117,31.964277267456055,332.5881042480469,,,,409.6278991699219,29.60589599609375,24.08835220336914,55.19645690917969
2022-02-22,94.8505630493164,,21.068164825439453,25.352352142333984,37.34994125366211,31.316884994506836,329.2477111816406,,,,405.2319030761719,28.98199462890625,23.343351364135742,53.43989562988281
2022-02-23,94.42707061767578,,21.196382522583008,25.524925231933594,36.52458190917969,29.7255916595459,320.8140563964844,,,,398.043701171875,27.93891716003418,21.557260513305664,50.467262268066406
2022-02-24,94.59992980957031,,21.50891876220703,25.877077102661133,37.16019821166992,31.717178344726562,331.5947570800781,,,,404.0338134765625,28.767532348632812,23.6680965423584,52.81256866455078
2022-02-25,94.69497680664062,,21.47686195373535,25.139482498168945,38.17530822753906,32.695682525634766,336.73681640625,,,,412.948486328125,30.03969955444336,24.790376663208008,56.25811767578125
2022-02-28,95.37776184082031,,21.40073585510254,25.347095489501953,38.06145477294922,32.947715759277344,337.7399597167969,,,,411.8919372558594,29.888599395751953,25.053030014038086,55.82380294799805
2022-03-01,95.91523742675781,,21.84549903869629,25.876201629638672,37.767364501953125,31.86544418334961,332.5686340332031,,,,405.6186828613281,28.98199462890625,23.89733123779297,53.35303497314453
2022-03-02,94.76410675048828,,22.039430618286133,26.549846649169922,38.108890533447266,32.91312026977539,338.1489562988281,,,,413.08050537109375,30.025075912475586,25.038707733154297,56.24845504760742
2022-03-03,95.08431243896484,,21.98974609375,27.049165725708008,38.08991622924805,31.974153518676758,333.31854248046875,,,,411.0240173339844,29.74237060546875,23.992841720581055,55.42809295654297
2022-03-04,95.46517181396484,,21.86152458190918,27.373287200927734,37.91915512084961,31.07473373413086,328.48809814453125,,,,407.68463134765625,29.254953384399414,22.96607780456543,54.086551666259766
2022-03-07,94.9112319946289,,22.527469635009766,27.86647605895996,36.85662078857422,28.76685905456543,316.37310791015625,,,,395.66644287109375,27.534358978271484,20.40155601501465,49.280147552490234
2022-03-08,94.57364654541016,19.848615646362305,22.78310775756836,28.37017822265625,36.45817184448242,28.485170364379883,314.902587890625,,,,392.6665954589844,27.11030387878418,20.119792938232422,48.1123161315918
2022-03-09,94.37460327148438,19.39235496520996,22.2862548828125,26.90199851989746,37.23610305786133,30.57065773010254,326.2384338378906,,,,403.19427490234375,28.553070068359375,22.273605346679688,52.021148681640625
2022-03-10,93.84662628173828,19.6169490814209,22.46656036376953,26.960691452026367,36.99892044067383,29.88373374938965,322.6156311035156,,,,401.3736267089844,28.304485321044922,21.557260513305664,51.27798843383789
2022-03-11,93.82933807373047,19.61773681640625,22.59878921508789,27.361900329589844,36.52458190917969,28.618602752685547,315.9251403808594,,,,396.2701721191406,27.58310317993164,20.22007942199707,49.357357025146484
2022-03-14,92.9205551147461,19.079017639160156,22.494611740112305,27.283935546875,35.87947082519531,27.53632164001465,309.8578796386719,,,,393.3740539550781,27.173669815063477,19.035722732543945,48.25708770751953
2022-03-15,93.1282958984375,19.027973175048828,22.26221466064453,26.885353088378906,36.695343017578125,29.23634147644043,319.5771789550781,,,,402.0245056152344,28.353225708007812,20.797931671142578,51.442054748535156
2022-03-16,93.19752502441406,18.991064071655273,21.97372055053711,26.612916946411133,37.47327423095703,31.42561149597168,331.4292297363281,,,,410.9390869140625,29.625391006469727,23.133224487304688,54.800750732421875
2022-03-17,93.35330200195312,19.0656681060791,22.144412994384766,27.219985961914062,37.81480026245117,32.157005310058594,335.4415588378906,,,,416.0802307128906,30.361391067504883,23.906879425048828,56.856502532958984
2022-03-18,93.56104278564453,18.801021575927734,22.1500186920166,27.261159896850586,38.28915023803711,33.49626541137695,342.3074035644531,,,,420.6375732421875,31.00966453552246,25.392105102539062,58.7288818359375
2022-03-21,92.64361572265625,19.05938720703125,22.821571350097656,28.041677474975586,37.87171936035156,33.3084716796875,341.35577392578125,,,,420.5145263671875,31.024288177490234,25.210630416870117,58.7288818359375
2022-03-22,92.39258575439453,18.93373680114746,23.336057662963867,28.11963653564453,38.412479400634766,34.6032600402832,348.06427001953125,,,,425.4351501464844,31.726163864135742,26.700634002685547,60.73637771606445
2022-03-23,92.77342224121094,19.04053497314453,23.560441970825195,28.297470092773438,38.00453186035156,33.60993194580078,343.0621032714844,,,,419.95623779296875,30.911680221557617,25.57358169555664,58.42356491088867
2022-03-24,92.56571197509766,19.01698112487793,23.279956817626953,28.469165802001953,38.42196273803711,35.107330322265625,350.687255859375,,,,426.286865234375,31.838348388671875,27.230730056762695,61.011592864990234
2022-03-25,91.83003997802734,19.039751052856445,23.55803680419922,28.81080436706543,38.459999084472656,35.05791473388672,350.394775390625,,,,428.3686828613281,32.145606994628906,27.187746047973633,61.928985595703125
2022-03-28,92.05506896972656,18.943159103393555,23.42099952697754,28.102121353149414,38.70720672607422,36.14019012451172,355.81610107421875,,,,431.4156799316406,32.59431457519531,28.42464256286621,63.2422981262207
2022-03-29,92.48783111572266,18.823793411254883,23.28877830505371,27.688648223876953,39.39178466796875,37.355892181396484,361.93963623046875,,,,436.752685546875,33.42831802368164,29.881210327148438,65.63719177246094
2022-03-30,92.73882293701172,18.976139068603516,23.17578125,27.970720291137695,39.1635856628418,36.56024932861328,357.9418640136719,,,,434.0557556152344,33.01863479614258,28.983388900756836,64.43009185791016
2022-03-31,92.69552612304688,18.9007511138916,22.913732528686523,27.66236686706543,38.526546478271484,35.54221725463867,353.5052795410156,,,,427.3751220703125,31.999292373657227,27.78470230102539,61.44614791870117
2022-04-01,92.53081512451172,18.983213424682617,23.119686126708984,27.664119720458984,38.65966033935547,35.51750946044922,352.83245849609375,,,,428.5863037109375,32.15048599243164,27.665313720703125,61.880706787109375
2022-04-04,92.60881805419922,18.965145111083984,23.38974952697754,27.926044464111328,38.87834548950195,36.94572448730469,360.0967712402344,,,,432.2578430175781,32.70160675048828,29.39409637451172,63.51270294189453
2022-04-05,91.67272186279297,19.031898498535156,23.656606674194336,28.321998596191406,38.15573501586914,35.32971954345703,352.1011047363281,,,,426.7978515625,31.891998291015625,27.450407028198242,61.15644836425781
2022-04-06,91.43865966796875,19.159902572631836,23.632568359375,28.35616111755371,37.832462310791016,33.75324630737305,344.4565124511719,,,,422.5301513671875,31.238452911376953,25.64521598815918,59.292686462402344
2022-04-07,91.23931121826172,19.232152938842773,23.72953224182129,28.451644897460938,37.92753982543945,33.936092376708984,345.275634765625,,,,424.6592712402344,31.550594329833984,25.812358856201172,60.16178894042969
2022-04-08,90.7799072265625,19.166969299316406,23.921062469482422,28.815187454223633,37.689842224121094,32.97241973876953,340.44891357421875,,,,423.5237121582031,31.3896427154541,24.75694465637207,59.736900329589844
2022-04-11,90.38984680175781,19.34838104248047,24.07332420349121,29.010534286499023,36.929203033447266,31.420665740966797,332.394775390625,,,,416.28472900390625,30.31178855895996,22.9995059967041,56.617759704589844
2022-04-12,90.67586517333984,19.232152938842773,24.207950592041016,29.420499801635742,36.77707290649414,31.17357063293457,330.9906005859375,,,,414.7422790527344,30.077674865722656,22.703414916992188,55.961090087890625
2022-04-13,90.8579330444336,19.452037811279297,24.401884078979492,29.72184944152832,37.442626953125,32.4090461730957,337.7186584472656,,,,419.4925231933594,30.775115966796875,24.06447410583496,57.873130798339844
2022-04-14,90.12113189697266,19.708044052124023,24.602231979370117,30.406003952026367,36.86264419555664,30.921533584594727,329.99603271484375,,,,414.2691650390625,30.01427459716797,22.44553565979004,55.7486457824707
2022-04-18,89.8437728881836,19.946779251098633,24.858671188354492,30.998180389404297,36.74855041503906,31.020368576049805,330.2496337890625,,,,414.43951416015625,30.024028778076172,22.507617950439453,55.76795959472656
2022-04-19,89.29768371582031,19.692338943481445,25.108699798583984,30.441041946411133,37.14787673950195,32.33491516113281,337.6309509277344,,,,421.1296691894531,30.975080490112305,23.95463752746582,58.44289016723633
2022-04-20,89.80912017822266,19.5933895111084,24.6823673248291,30.03896141052246,37.185916900634766,31.391014099121094,332.706787109375,,,,420.8174133300781,30.931188583374023,22.875341415405273,58.30768585205078
2022-04-21,89.31498718261719,19.660140991210938,25.018945693969727,30.45243263244629,36.63444137573242,30.135766983032227,325.8227233886719,,,,414.5246887207031,30.009395599365234,21.533384323120117,55.710018157958984
2022-04-22,89.22833251953125,19.847047805786133,24.954833984375,30.036331176757812,35.66462707519531,28.524703979492188,317.2907409667969,,,,403.15045166015625,28.36090660095215,19.823699951171875,51.17133712768555
2022-04-25,89.82643127441406,20.09598731994629,24.674352645874023,29.577308654785156,35.91184616088867,29.275876998901367,321.3666076660156,,,,405.4877624511719,28.67792320251465,20.55915069580078,51.99215316772461
2022-04-26,90.10379791259766,20.090490341186523,24.690380096435547,30.090641021728516,35.18922424316406,27.017423629760742,309.23663330078125,,,,393.7444763183594,27.024551391601562,18.247739791870117,47.50174331665039
2022-04-27,89.73975372314453,20.32294273376465,24.922779083251953,30.448049545288086,35.08464813232422,26.987770080566406,308.8661193847656,,,,394.8516540527344,27.17574691772461,18.166555404663086,47.84938430786133
2022-04-28,89.70508575439453,20.304880142211914,25.415626525878906,30.712604522705078,35.9023323059082,28.885469436645508,319.8357849121094,,,,404.8253479003906,28.551116943359375,20.08636474609375,51.47068786621094
2022-04-29,89.16766357421875,20.593875885009766,25.339496612548828,30.36045265197754,34.61874771118164,26.29096221923828,305.4435729980469,,,,389.86480712890625,26.434410095214844,17.4454288482666,45.83111572265625
2022-05-02,88.68226623535156,20.684972763061523,25.89244842529297,30.96489143371582,34.61874771118164,27.17556381225586,310.5432434082031,,,,392.2115478515625,26.75143051147461,18.266843795776367,46.63263702392578
2022-05-03,88.8819808959961,20.684972763061523,25.427644729614258,30.98416519165039,34.84693908691406,27.259578704833984,310.8748474121094,,,,394.00946044921875,27.00504493713379,18.30982208251953,47.26032257080078
2022-05-04,89.45504760742188,20.504344940185547,25.151973724365234,31.15323257446289,35.84528350830078,29.08808708190918,321.3861389160156,,,,406.0082092285156,28.638906478881836,20.124568939208984,51.547943115234375
2022-05-05,88.56937408447266,20.673185348510742,25.57990837097168,31.762928009033203,34.57121276855469,26.197065353393555,305.1998291015625,,,,391.5775451660156,26.619747161865234,17.125465393066406,46.10151290893555
2022-05-06,88.19597625732422,20.661409378051758,25.95655059814453,31.90396499633789,34.124324798583984,25.539791107177734,301.5433349609375,,,,389.240234375,26.28321647644043,16.528505325317383,45.2613639831543
2022-05-09,88.63014221191406,20.661409378051758,25.619977951049805,30.957883834838867,33.106971740722656,23.513608932495117,289.7448425292969,,,,376.77777099609375,24.61033821105957,14.575267791748047,40.915809631347656
2022-05-10,88.89934539794922,20.85381317138672,25.387577056884766,30.755529403686523,33.36368942260742,24.091815948486328,293.26483154296875,,,,377.6483459472656,24.707883834838867,15.07671070098877,41.13791275024414
2022-05-11,89.22930145263672,20.933910369873047,25.5294189453125,31.176883697509766,32.526981353759766,22.64383316040039,284.567138671875,,,,371.64898681640625,23.917774200439453,13.734755516052246,39.187252044677734
2022-05-12,89.394287109375,21.305360794067383,25.41802978515625,31.369606018066406,33.06894302368164,22.544994354248047,283.89434814453125,,,,371.2610778808594,23.873882293701172,13.624914169311523,39.05205535888672
2022-05-13,89.01222229003906,21.16400909423828,25.748197555541992,31.388002395629883,33.677452087402344,24.19065284729004,294.4154052734375,,,,380.13714599609375,25.00539207458496,15.105364799499512,41.842864990234375
2022-05-16,89.21194458007812,21.061918258666992,25.908472061157227,31.763805389404297,33.51581954956055,23.64704132080078,291.00262451171875,,,,378.5946960449219,24.82006072998047,14.637350082397461,41.36002731323242
2022-05-17,88.72567749023438,20.979454040527344,25.563879013061523,31.92236328125,33.97220230102539,24.867692947387695,298.5400085449219,,,,386.3824768066406,25.810129165649414,15.74052619934082,43.8321647644043
2022-05-18,89.08167266845703,20.960609436035156,25.563879013061523,31.417787551879883,32.94533920288086,22.39673614501953,283.88458251953125,,,,370.80682373046875,23.742198944091797,13.443440437316895,38.60784149169922
2022-05-19,89.30746459960938,20.929197311401367,25.339496612548828,30.782684326171875,32.679107666015625,22.174346923828125,282.3633728027344,,,,368.5357666015625,23.430055618286133,13.17123031616211,37.81599044799805
2022-05-20,89.57666015625,20.916629791259766,25.299423217773438,31.16374397277832,32.93583297729492,22.021154403686523,281.48577880859375,,,,368.6966552734375,23.449569702148438,13.056612014770508,37.88358688354492
2022-05-23,89.28143310546875,20.98259925842285,25.195249557495117,31.243459701538086,33.392215728759766,22.757497787475586,286.166259765625,,,,375.594970703125,24.33721923828125,13.701325416564941,40.02739334106445
2022-05-24,89.96739196777344,20.842031478881836,24.97086524963379,30.957883834838867,33.08795928955078,21.78394317626953,280.0817565917969,,,,372.72772216796875,23.9714298248291,12.84648609161377,39.109989166259766
2022-05-25,90.34075927734375,21.075267791748047,25.03497314453125,31.145349502563477,33.544342041015625,22.406625747680664,284.00164794921875,,,,376.020751953125,24.405498504638672,13.362255096435547,40.1625862121582
2022-05-26,90.27130126953125,21.006946563720703,25.05901336669922,31.071765899658203,34.16236114501953,23.637157440185547,291.8704528808594,,,,383.5341491699219,25.356552124023438,14.479756355285645,42.51883316040039
2022-05-27,90.41893005371094,21.046205520629883,24.946819305419922,31.027088165283203,34.82793045043945,25.20374298095703,301.39697265625,,,,392.9495849609375,26.605112075805664,15.898123741149902,45.65729904174805
2022-05-31,89.84580993652344,20.826322555541992,25.091068267822266,30.940366744995117,34.447593688964844,25.04065704345703,300.59747314453125,,,,390.7448425292969,26.2978458404541,15.7835054397583,44.85578918457031
2022-06-01,89.47698974609375,20.75564193725586,25.523815155029297,31.662187576293945,34.28596878051758,24.674955368041992,298.37432861328125,,,,387.5842590332031,25.878416061401367,15.41578197479248,43.79353713989258
2022-06-02,89.59008026123047,20.45722770690918,25.435659408569336,31.246959686279297,34.84693908691406,26.033981323242188,306.5454406738281,,,,394.9652099609375,26.84409523010254,16.667001724243164,46.2367057800293
2022-06-03,89.44221496582031,20.51219940185547,25.756210327148438,31.746288299560547,34.400062561035156,24.640363693237305,298.5692443847656,,,,388.48321533203125,25.975955963134766,15.348922729492188,43.98667526245117
2022-06-06,88.89415740966797,20.59858512878418,25.94853973388672,32.66608810424805,34.20039367675781,24.82815933227539,299.5638122558594,,,,389.66607666015625,26.122270584106445,15.539948463439941,44.34397506713867
2022-06-07,89.23341369628906,20.708528518676758,25.86840057373047,32.622291564941406,34.64726638793945,25.267986297607422,302.1478271484375,,,,393.4039001464844,26.614871978759766,15.917226791381836,45.61866760253906
2022-06-08,88.86808013916016,20.5357608795166,26.20497703552246,32.63630294799805,34.29547882080078,24.88745880126953,299.9734191894531,,,,389.126708984375,26.044235229492188,15.592479705810547,44.16049575805664
2022-06-09,88.77240753173828,20.59858512878418,26.301143646240234,33.007728576660156,33.44926452636719,23.52843475341797,291.938720703125,,,,379.8721618652344,24.800546646118164,14.322157859802246,40.9834098815918
2022-06-10,88.08517456054688,20.677112579345703,26.357240676879883,33.393165588378906,32.42239761352539,21.853130340576172,281.641845703125,,,,368.85748291015625,23.352025985717773,12.793951988220215,37.40074157714844
2022-06-13,86.64111328125,20.85773468017578,26.709848403930664,34.02389144897461,30.644393920898438,19.841772079467773,268.54656982421875,,,,354.8526916503906,21.57184410095215,11.022188186645508,33.12278366088867
2022-06-14,86.12789916992188,20.802757263183594,26.69382095336914,33.8662109375,30.663410186767578,19.935665130615234,269.0340881347656,,,,353.7833557128906,21.43528175354004,11.09382438659668,32.79444885253906
2022-06-15,87.08479309082031,20.717952728271484,26.212993621826172,32.70988845825195,31.300447463989258,20.909221649169922,275.7524108886719,,,,358.8270263671875,22.040054321289062,11.891356468200684,34.17537307739258
2022-06-16,87.2935562133789,20.63785171508789,26.148883819580078,32.99896240234375,30.520784378051758,19.233911514282227,264.62677001953125,,,,346.95123291015625,20.62079429626465,10.439562797546387,30.90172576904297
2022-06-17,87.28488159179688,20.750930786132812,26.164913177490234,32.631046295166016,30.606359481811523,19.67868995666504,267.8445739746094,,,,347.6991882324219,20.654930114746094,10.826385498046875,30.969322204589844
2022-06-21,86.93693542480469,20.41796112060547,26.421356201171875,32.90260696411133,31.2434024810791,20.672012329101562,274.6021423339844,,,,356.4520568847656,21.703529357910156,11.643021583557129,33.315914154052734
2022-06-22,87.67632293701172,20.747793197631836,25.980592727661133,32.00908660888672,31.34798812866211,20.60282325744629,274.20159912109375,,,,355.8057861328125,21.620616912841797,11.600042343139648,33.113128662109375
2022-06-23,88.04166412353516,21.046205520629883,25.70011329650879,31.404644012451172,31.74732208251953,21.215620040893555,278.28521728515625,,,,359.2935791015625,22.054683685302734,12.096709251403809,34.07880783081055
2022-06-24,87.9024887084961,21.116886138916016,25.644018173217773,31.571086883544922,32.6393928527832,22.70807647705078,287.8203430175781,,,,370.7169189453125,23.44468879699707,13.362255096435547,37.3138313293457
2022-06-27,87.51104736328125,21.124740600585938,25.8203182220459,31.746288299560547,32.43904495239258,22.322608947753906,285.7100830078125,,,,369.30096435546875,23.278865814208984,13.047064781188965,36.946876525878906
2022-06-28,87.54583740234375,21.19541358947754,26.052717208862305,32.14048767089844,31.780715942382812,20.95370101928711,277.00543212890625,,,,361.75506591796875,22.322935104370117,11.857927322387695,34.677528381347656
2022-06-29,88.05038452148438,21.234683990478516,26.17292594909668,31.75504493713379,31.885665893554688,21.01300048828125,277.25933837890625,,,,361.46038818359375,22.269287109375,11.881804466247559,34.55198287963867
2022-06-30,88.45055389404297,21.548805236816406,25.964570999145508,30.49360466003418,31.80933952331543,20.464448928833008,273.8205261230469,,,,358.5238342285156,21.898622512817383,11.461549758911133,33.67321014404297
2022-07-01,89.18780517578125,21.792247772216797,25.772235870361328,30.70384407043457,32.20051193237305,20.73131561279297,275.6278991699219,,,,362.31573486328125,22.357074737548828,11.647798538208008,34.716156005859375
2022-07-05,89.35337829589844,22.69535255432129,25.7081298828125,29.78404426574707,32.43904495239258,21.442949295043945,280.3465576171875,,,,363.0000305175781,22.444866180419922,12.249528884887695,34.918949127197266
2022-07-06,88.75205993652344,22.734619140625,25.73217010498047,29.556283950805664,32.43904495239258,21.70486831665039,282.1441345214844,,,,364.2259826660156,22.605810165405273,12.483536720275879,35.28590774536133
2022-07-07,88.55160522460938,22.381235122680664,25.812307357788086,30.484840393066406,32.79204559326172,22.62900733947754,288.1817932128906,,,,369.68096923828125,23.259353637695312,13.257190704345703,36.840660095214844
2022-07-08,88.22044372558594,22.184906005859375,25.89244842529297,30.98416519165039,32.6393928527832,22.703134536743164,288.5431823730469,,,,369.376953125,23.2252140045166,13.319272994995117,36.77305603027344
2022-07-11,88.63003540039062,22.302698135375977,26.068750381469727,31.325803756713867,32.324546813964844,21.70486831665039,282.3786926269531,,,,365.1573791503906,22.703357696533203,12.469210624694824,35.49835968017578
2022-07-12,88.75205993652344,22.687501907348633,25.804296493530273,30.353445053100586,32.076480865478516,21.29469108581543,279.6431884765625,,,,361.926025390625,22.293670654296875,12.1062593460083,34.55198287963867
2022-07-13,89.07451629638672,22.644304275512695,25.95655059814453,30.581201553344727,32.14326477050781,21.215620040893555,279.0667419433594,,,,360.0253601074219,22.054683685302734,12.029850006103516,34.00155258178711
2022-07-14,88.76078033447266,22.970212936401367,26.148883819580078,31.00168228149414,31.93337059020996,21.358938217163086,280.06329345703125,,,,359.1510925292969,21.932758331298828,12.154016494750977,33.73116683959961
2022-07-15,89.109375,22.852415084838867,25.94853973388672,30.922842025756836,32.41995620727539,22.1199951171875,285.1434020996094,,,,366.0126647949219,22.771635055541992,12.793951988220215,35.67217254638672
2022-07-18,88.82179260253906,22.546142578125,26.116830825805664,31.09804344177246,32.171897888183594,21.749345779418945,282.7303466796875,,,,362.9905700683594,22.396089553833008,12.49786376953125,34.77409744262695
2022-07-19,88.69976806640625,22.781736373901367,25.89244842529297,31.04548454284668,32.91608428955078,23.07377815246582,291.42523193359375,,,,372.7981872558594,23.60563850402832,13.591485023498535,37.55525207519531
2022-07-20,88.6387710571289,23.009475708007812,26.012649536132812,30.89656639099121,33.192771911621094,23.8051815032959,296.04620361328125,,,,375.17413330078125,23.912899017333984,14.27440357208252,38.26020431518555
2022-07-21,89.37953186035156,22.923091888427734,25.636005401611328,30.773923873901367,33.59349060058594,24.487163543701172,300.2960510253906,,,,378.9945983886719,24.390865325927734,14.880908012390137,39.42866897583008
2022-07-22,90.07670593261719,22.97806739807129,25.37956428527832,30.096773147583008,33.56486511230469,23.627273559570312,295.0302429199219,,,,375.47821044921875,23.942167282104492,14.102478981018066,38.376075744628906
2022-07-25,89.74555206298828,23.174386978149414,25.49976921081543,30.581201553344727,33.4789924621582,23.375234603881836,293.3498840332031,,,,375.9344787597656,23.986055374145508,13.892351150512695,38.472652435302734
2022-07-26,89.7281494140625,23.076229095458984,25.73217010498047,30.72136116027832,33.09735870361328,22.43132972717285,287.5858154296875,,,,371.48675537109375,23.410547256469727,13.051836967468262,37.08206558227539
2022-07-27,90.0418701171875,22.83670997619629,25.45970344543457,30.327159881591797,33.9560432434082,24.329025268554688,299.73919677734375,,,,381.13299560546875,24.63472557067871,14.68033218383789,39.96944808959961
2022-07-28,90.686767578125,22.381235122680664,25.179218292236328,29.89792251586914,34.442623138427734,24.78862190246582,302.669921875,,,,385.9132080078125,25.24437141418457,15.10058879852295,41.466243743896484
2022-07-29,90.69547271728516,22.341968536376953,25.03497314453125,29.731481552124023,34.824256896972656,25.707820892333984,308.1897277832031,,,,391.5393981933594,25.990585327148438,15.931551933288574,43.310699462890625
2022-08-01,91.00979614257812,22.318403244018555,24.73846435546875,29.083242416381836,34.919654846191406,25.678165435791016,308.0041198730469,,,,390.3799133300781,25.82476234436035,15.907674789428711,42.87614059448242
2022-08-02,90.0755386352539,22.546142578125,25.03497314453125,29.713960647583008,34.54757308959961,25.50520133972168,307.0858154296875,,,,387.8044738769531,25.48823356628418,15.759629249572754,42.04566192626953
2022-08-03,90.47720336914062,22.530437469482422,25.179218292236328,29.740245819091797,35.081871032714844,26.893877029418945,315.44854736328125,,,,393.8772888183594,26.27346420288086,17.020401000976562,43.95770263671875
2022-08-04,90.69547271728516,22.56184959411621,24.79456329345703,28.943082809448242,35.03416442871094,27.126144409179688,316.92376708984375,,,,393.6112060546875,26.23444938659668,17.263952255249023,43.88044738769531
2022-08-05,89.68262481689453,22.44405174255371,25.08305549621582,29.486202239990234,34.757476806640625,26.69620132446289,314.3348083496094,,,,392.9459228515625,26.122270584106445,16.853256225585938,43.629364013671875
2022-08-08,90.09300231933594,22.56184959411621,25.219289779663086,29.398601531982422,34.90059280395508,26.52322769165039,313.3188171386719,,,,392.48968505859375,26.083251953125,16.68132781982422,43.50383758544922
2022-08-09,89.89217376708984,22.59326171875,25.219289779663086,29.792800903320312,34.728843688964844,25.915376663208008,309.77239990234375,,,,390.93115234375,25.863780975341797,16.108251571655273,42.9437370300293
2022-08-10,90.11917877197266,22.459760665893555,24.818599700927734,29.09200096130371,35.301300048828125,27.35841178894043,318.41845703125,,,,399.1422119140625,26.946517944335938,17.431102752685547,45.628318786621094
2022-08-11,89.63893127441406,22.37337875366211,24.98689079284668,29.95924186706543,35.282222747802734,27.04707908630371,316.611083984375,,,,399.1422119140625,26.951391220092773,17.16844367980957,45.63798141479492
2022-08-12,90.04058837890625,22.36551856994629,24.858671188354492,29.751632690429688,35.7688102722168,28.114526748657227,322.7756652832031,,,,405.8993225097656,27.843917846679688,18.13789939880371,47.9266471862793
2022-08-15,90.15409088134766,22.31919288635254,24.962848663330078,29.740245819091797,36.016876220703125,28.539527893066406,325.3841857910156,,,,407.5719299316406,28.082904815673828,18.572486877441406,48.515708923339844
2022-08-16,90.02310943603516,22.530437469482422,24.98689079284668,29.99428367614746,35.988250732421875,28.406099319458008,324.6221008300781,,,,408.3703308105469,28.185327529907227,18.453092575073242,48.79576110839844
2022-08-17,89.4905014038086,22.640377044677734,25.05901336669922,30.660045623779297,35.68294143676758,27.748828887939453,320.9195251464844,,,,405.4716491699219,27.79026985168457,17.81315803527832,47.74317169189453
2022-08-18,89.68262481689453,22.671796798706055,25.2753849029541,31.211925506591797,35.721099853515625,27.892139434814453,321.69122314453125,,,,406.6501159667969,27.931713104248047,17.932546615600586,48.12942886352539
2022-08-19,89.05391693115234,22.671796798706055,25.50778579711914,31.457202911376953,35.29176712036133,26.79503631591797,315.41925048828125,,,,401.185546875,27.180620193481445,16.88190460205078,46.207733154296875
2022-08-22,88.66973876953125,22.930944442749023,25.563879013061523,31.75504493713379,34.42353820800781,25.376707077026367,307.1151123046875,,,,392.8319091796875,26.049114227294922,15.554274559020996,43.291385650634766
2022-08-23,88.63478088378906,22.746400833129883,25.587923049926758,31.877683639526367,34.394920349121094,25.332231521606445,306.8611755371094,,,,391.88153076171875,25.907672882080078,15.501747131347656,42.96305847167969
2022-08-24,88.3990249633789,22.758174896240234,25.563879013061523,31.956527709960938,34.30904769897461,25.47554588317871,307.7502136230469,,,,393.1360168457031,26.073497772216797,15.621136665344238,43.33000564575195
2022-08-25,88.88802337646484,22.781736373901367,25.347509384155273,31.728763580322266,34.96737289428711,26.360149383544922,313.1918029785156,,,,398.68609619140625,26.80507469177246,16.442546844482422,45.17445755004883
2022-08-26,88.72211456298828,22.829097747802734,25.467716217041016,31.90396499633789,33.9560432434082,24.195594787597656,300.35455322265625,,,,385.19097900390625,24.985883712768555,14.441550254821777,40.55851745605469
2022-08-29,88.29428100585938,22.947505950927734,25.57990837097168,32.254364013671875,33.603031158447266,23.72116470336914,297.3944396972656,,,,382.64398193359375,24.644479751586914,13.997414588928223,39.76665496826172
2022-08-30,88.40776824951172,23.081707000732422,25.692100524902344,32.22808837890625,33.183231353759766,23.187442779541016,294.0825500488281,,,,378.4433898925781,24.098234176635742,13.529400825500488,38.434017181396484
2022-08-31,87.93627166748047,23.28694725036621,25.71613883972168,32.3156852722168,32.992408752441406,22.915637969970703,292.37286376953125,,,,375.56378173828125,23.732444763183594,13.281068801879883,37.53593826293945
2022-09-01,87.55480194091797,23.389564514160156,26.124839782714844,32.45584487915039,32.925628662109375,22.93046760559082,292.4998779296875,,,,376.7422790527344,23.869007110595703,13.295395851135254,37.8642692565918
2022-09-02,87.80851745605469,22.955402374267578,26.100799560546875,32.45584487915039,32.706180572509766,22.273189544677734,288.367431640625,,,,372.76971435546875,23.36665153503418,12.74142074584961,36.67648696899414
2022-09-06,86.98606872558594,23.105382919311523,26.437379837036133,32.74492645263672,32.5916862487793,21.951967239379883,286.2962646484375,,,,371.3631896972656,23.191072463989258,12.450106620788574,36.24192810058594
2022-09-07,87.58980560302734,22.694900512695312,26.253061294555664,31.720006942749023,32.96378707885742,22.831623077392578,292.0798034667969,,,,378.0346984863281,24.025074005126953,13.185554504394531,38.182945251464844
2022-09-08,87.30980682373047,22.765947341918945,26.357240676879883,32.07916259765625,33.20231246948242,23.063894271850586,293.5940856933594,,,,380.5057678222656,24.327463150024414,13.400459289550781,38.90719985961914
2022-09-09,87.30107116699219,22.82120704650879,26.26909065246582,31.917104721069336,33.631649017333984,24.062162399291992,300.0127258300781,,,,386.41693115234375,25.083425521850586,14.25052547454834,40.713016510009766
2022-09-12,87.16980743408203,22.702796936035156,26.02066421508789,31.930246353149414,33.870174407958984,24.630477905273438,303.5785217285156,,,,390.5700378417969,25.615041732788086,14.771069526672363,42.016685485839844
2022-09-13,86.67985534667969,23.231687545776367,26.421356201171875,32.71864318847656,32.5821533203125,21.917373657226562,286.9312438964844,,,,373.5870666503906,23.395915985107422,12.340265274047852,36.56059646606445
2022-09-14,86.79359436035156,23.421140670776367,26.389299392700195,32.52154541015625,32.52490234375,22.27813148498535,289.2075500488281,,,,375.01263427734375,23.551986694335938,12.617253303527832,36.92756271362305
2022-09-15,86.53112030029297,23.413244247436523,26.453407287597656,32.4996452331543,32.25776672363281,21.5071964263916,284.3912048339844,,,,370.7550048828125,23.02037239074707,11.98209285736084,35.68183517456055
2022-09-16,86.46986389160156,23.326414108276367,26.373268127441406,32.14924621582031,31.97153663635254,21.245275497436523,282.6522216796875,,,,367.9264831542969,22.674091339111328,11.748087882995605,34.86100769042969
2022-09-19,86.33865356445312,23.48429298400879,26.437379837036133,32.56972885131836,32.181434631347656,21.58626937866211,284.853271484375,,,,370.77972412109375,23.0106201171875,12.029850006103516,35.62389373779297
2022-09-20,85.95366668701172,23.46060562133789,26.6216983795166,32.68360900878906,31.513566970825195,21.22550392150879,282.582763671875,,,,366.52374267578125,22.4838809967041,11.743311882019043,34.43610382080078
2022-09-21,86.22491455078125,23.468502044677734,26.765945434570312,32.622291564941406,31.332294464111328,20.45951271057129,277.5227966308594,,,,360.130126953125,21.693771362304688,11.09859848022461,32.601318359375
2022-09-22,85.30622863769531,23.500080108642578,26.822038650512695,32.858802795410156,30.836166381835938,19.965320587158203,274.10711669921875,,,,357.10516357421875,21.313356399536133,10.68789291381836,31.76117515563965
2022-09-23,85.04371643066406,23.689531326293945,27.118549346923828,33.41944885253906,30.254169464111328,19.312990188598633,269.64422607421875,,,,351.1219177246094,20.596405029296875,10.176899909973145,30.12918472290039
2022-09-26,83.95003509521484,23.792152404785156,27.503210067749023,34.216609954833984,29.713150024414062,19.12025260925293,268.52850341796875,,,,347.6484069824219,20.201353073120117,10.038406372070312,29.24075698852539
2022-09-27,83.5913314819336,23.72075080871582,27.695541381835938,34.330482482910156,29.684419631958008,19.1696720123291,268.63616943359375,,,,346.7608642578125,20.084300994873047,10.047957420349121,29.028308868408203
2022-09-28,84.93872833251953,23.109880447387695,27.10251808166504,33.2354850769043,30.546228408813477,19.9158935546875,273.9798583984375,,,,353.5838623046875,20.86952781677246,10.635360717773438,30.68927764892578
2022-09-29,84.49250793457031,23.165420532226562,27.134578704833984,33.64720916748047,29.77060317993164,18.794082641601562,266.0816650390625,,,,346.1979675292969,20.006261825561523,9.737540245056152,28.757919311523438
2022-09-30,84.291259765625,23.2685489654541,27.198684692382812,33.60340881347656,29.282249450683594,18.117040634155273,261.5697937011719,,,,340.84442138671875,19.37223243713379,9.226546287536621,27.434934616088867
2022-10-03,84.97611236572266,23.054351806640625,26.87813377380371,32.90260696411133,30.163206100463867,18.97199058532715,267.706298828125,,,,349.84326171875,20.401317596435547,9.866482734680176,29.598054885864258
2022-10-04,85.20408630371094,22.840145111083984,26.38128089904785,32.263126373291016,31.245254516601562,20.162992477416992,276.123291015625,,,,360.6836242675781,21.645002365112305,10.783407211303711,32.3212776184082
2022-10-05,84.75691223144531,22.887744903564453,26.63772201538086,33.09182357788086,31.025012969970703,20.128402709960938,275.9764709472656,,,,359.84393310546875,21.557214736938477,10.783407211303711,32.07019805908203
2022-10-06,84.4236831665039,23.18921661376953,26.942245483398438,33.892486572265625,30.661136627197266,19.807180404663086,273.8036804199219,,,,356.1318054199219,21.09387969970703,10.511192321777344,31.075550079345703
2022-10-07,83.97647094726562,23.371681213378906,27.222726821899414,34.234130859375,29.674848556518555,18.290008544921875,263.37066650390625,,,,346.1979675292969,19.918476104736328,9.312508583068848,28.47787094116211
2022-10-10,83.59941864013672,23.30028533935547,27.439098358154297,34.49692916870117,29.349275588989258,17.899600982666016,260.7378845214844,,,,343.5545654296875,19.60633659362793,9.021193504333496,27.850181579589844
2022-10-11,83.6520767211914,23.2050838470459,27.503210067749023,34.667747497558594,29.129037857055664,17.45482635498047,257.1558532714844,,,,341.3788757324219,19.347841262817383,8.663020133972168,27.261112213134766
2022-10-12,83.72222900390625,23.292348861694336,27.439098358154297,34.54072952270508,29.33012580871582,17.425174713134766,257.0677490234375,,,,340.25286865234375,19.225914001464844,8.643918991088867,27.010034561157227
2022-10-13,83.45915222167969,23.641422271728516,27.41506004333496,34.3830451965332,29.761032104492188,18.215883255004883,263.09661865234375,,,,349.2324523925781,20.235496520996094,9.221771240234375,29.10556411743164
2022-10-14,83.00316619873047,23.847684860229492,27.695541381835938,34.98748779296875,29.07158660888672,17.108890533447266,255.18861389160156,,,,341.27386474609375,19.313701629638672,8.390809059143066,27.11626434326172
2022-10-17,83.17855072021484,23.625558853149414,27.350948333740234,34.207847595214844,29.847209930419922,18.270244598388672,263.61529541015625,,,,350.0436096191406,20.294017791748047,9.216994285583496,29.173160552978516
2022-10-18,83.31884765625,23.53034782409668,27.246768951416016,33.822410583496094,30.23981285095215,18.556873321533203,265.699951171875,,,,354.15643310546875,20.762229919433594,9.446226119995117,30.042272567749023
2022-10-19,82.59983825683594,23.72075080871582,27.72759246826172,34.207847595214844,29.86635971069336,18.398733139038086,264.7310791015625,,,,351.646728515625,20.484228134155273,9.331611633300781,29.578744888305664
2022-10-20,82.10005187988281,23.73661994934082,27.879854202270508,34.25164794921875,29.406726837158203,18.191173553466797,263.38043212890625,,,,348.6980895996094,20.123315811157227,9.1740140914917,28.796545028686523
2022-10-21,82.22277069091797,23.371681213378906,27.59136390686035,33.87496566772461,30.21108055114746,19.060945510864258,269.5561218261719,,,,357.17193603515625,21.0987548828125,9.823501586914062,30.87274932861328
2022-10-24,82.1087875366211,23.482749938964844,27.743623733520508,33.76984786987305,30.345142364501953,19.4760684967041,272.5216369628906,,,,361.5424499511719,21.610862731933594,10.157796859741211,31.99294090270996
2022-10-25,82.9155044555664,23.5977840423584,27.39902687072754,33.2354850769043,31.11119270324707,20.27171516418457,278.1589660644531,,,,367.3157958984375,22.293670654296875,10.76908016204834,33.538028717041016
2022-10-26,83.28377532958984,23.37053871154785,27.02238655090332,32.578487396240234,30.871803283691406,19.362403869628906,272.0126037597656,,,,364.5483703613281,21.962020874023438,10.05750560760498,32.79444885253906
2022-10-27,83.70465850830078,23.37053871154785,27.094511032104492,32.306922912597656,30.871803283691406,18.645828247070312,267.0603332519531,,,,362.6017761230469,21.708406448364258,9.503533363342285,32.224708557128906
2022-10-28,83.4942398071289,23.482168197631836,27.262800216674805,32.70988845825195,31.503795623779297,19.797290802001953,275.23260498046875,,,,371.2282409667969,22.742374420166016,10.363150596618652,34.48439407348633
2022-10-31,83.213623046875,23.681507110595703,27.46314239501953,33.130367279052734,31.235671997070312,19.312990188598633,272.03216552734375,,,,368.5467529296875,22.42047882080078,10.00497817993164,33.76013946533203
2022-11-01,83.36830139160156,23.330669403076172,27.294849395751953,32.99020767211914,31.07288932800293,18.922576904296875,269.252685546875,,,,366.9340515136719,22.21563148498535,9.694558143615723,33.315914154052734
2022-11-02,83.22769165039062,23.753265380859375,27.535266876220703,33.340606689453125,30.297266006469727,17.627792358398438,260.0234680175781,,,,357.72540283203125,21.08900260925293,8.69167423248291,30.785839080810547
2022-11-03,82.92008972167969,23.817058563232422,27.703550338745117,33.88372802734375,29.97169303894043,16.940868377685547,254.9439697265625,,,,354.0419616699219,20.645177841186523,8.190230369567871,29.781538009643555
2022-11-04,82.91129302978516,23.569875717163086,27.382997512817383,33.37564468383789,30.14405059814453,17.479537963867188,259.0447082519531,,,,359.1376953125,21.24019432067871,8.572283744812012,31.075550079345703
2022-11-07,82.64763641357422,23.713397979736328,27.41506004333496,33.366886138916016,30.479202270507812,17.860061645507812,261.8927917480469,,,,362.5731201171875,21.64988136291504,8.844494819641113,31.973628997802734
2022-11-08,82.99919891357422,23.314725875854492,27.006357192993164,32.937644958496094,30.603687286376953,18.107160568237305,263.8013000488281,,,,364.5293273925781,21.879106521606445,9.03551959991455,32.45647048950195
2022-11-09,83.09587860107422,23.07551383972168,27.10251808166504,32.7974853515625,30.06744956970215,17.257152557373047,257.7137451171875,,,,357.019287109375,20.967073440551758,8.405135154724121,30.428543090820312
2022-11-10,84.87993621826172,22.684812545776367,26.044708251953125,31.09804344177246,31.81978416442871,19.807180404663086,276.72998046875,,,,376.6389465332031,23.264232635498047,10.243758201599121,35.430763244628906
2022-11-11,84.81842041015625,22.601089477539062,25.65203094482422,30.765159606933594,32.135780334472656,20.5385799407959,281.8290710449219,,,,380.2842102050781,23.727569580078125,10.826385498046875,36.48334884643555
2022-11-14,84.5811538696289,22.724679946899414,25.748197555541992,30.957883834838867,32.11663055419922,20.167936325073242,279.3627624511719,,,,377.0492858886719,23.32276153564453,10.539850234985352,35.55630111694336
2022-11-15,85.20510864257812,22.557231903076172,25.491756439208984,30.572444915771484,32.327293395996094,20.736251831054688,283.22869873046875,,,,380.2651672363281,23.72269058227539,10.964881896972656,36.454376220703125
2022-11-16,85.732421875,22.318025588989258,25.30743980407715,30.20452308654785,32.30814743041992,20.15805435180664,279.3627624511719,,,,377.3642272949219,23.352025985717773,10.520747184753418,35.604576110839844
2022-11-17,85.3720932006836,22.326000213623047,25.49976921081543,30.60748291015625,32.135780334472656,20.05427360534668,278.7461853027344,,,,376.20947265625,23.191072463989258,10.439562797546387,35.21830368041992
2022-11-18,85.24909210205078,22.345937728881836,25.627988815307617,30.70384407043457,32.18366241455078,20.059213638305664,278.75592041015625,,,,377.917724609375,23.39103889465332,10.430007934570312,35.69148254394531
2022-11-21,85.19635009765625,22.373842239379883,25.76422882080078,30.80020523071289,32.068756103515625,19.6391544342041,275.88836669921875,,,,376.5435485839844,23.205707550048828,10.114814758300781,35.28590774536133
2022-11-22,85.6357421875,22.36587142944336,25.595935821533203,30.49360466003418,32.490081787109375,20.20252799987793,279.8619079589844,,,,381.6107177734375,23.825111389160156,10.539850234985352,36.70545959472656
2022-11-23,86.14550018310547,22.461545944213867,25.299423217773438,29.652639389038086,32.66243362426758,20.60282325744629,282.6708068847656,,,,384.01544189453125,24.12749671936035,10.85504150390625,37.352455139160156
2022-11-25,86.16307830810547,22.4134521484375,25.2753849029541,29.75951385498047,32.71989059448242,20.32114028930664,280.811279296875,,,,383.9295654296875,24.107988357543945,10.630584716796875,37.3138313293457
2022-11-28,86.0224609375,22.4856014251709,25.371549606323242,30.10816192626953,32.28899383544922,19.71822166442871,276.69085693359375,,,,377.8031921386719,23.337390899658203,10.162571907043457,35.55630111694336
2022-11-29,85.71485900878906,22.573774337768555,25.427644729614258,30.248323440551758,32.068756103515625,19.426651000976562,274.5964660644531,,,,377.15423583984375,23.259353637695312,9.919015884399414,35.32453536987305
2022-11-30,86.38278198242188,22.052724838256836,25.03497314453125,29.80156135559082,33.169944763183594,21.200796127319336,287.11407470703125,,,,389.03485107421875,24.68837547302246,11.251420974731445,38.61750793457031
2022-12-01,87.10159301757812,21.539684295654297,24.770519256591797,29.083242416381836,33.294437408447266,21.240331649780273,287.4664306640625,,,,388.74859619140625,24.678619384765625,11.31350326538086,38.5595588684082
2022-12-02,87.46275329589844,21.38736915588379,24.690380096435547,29.021923065185547,33.41891860961914,21.072303771972656,286.3213806152344,,,,388.3000793457031,24.60546112060547,11.179784774780273,38.3953971862793
2022-12-05,86.77565002441406,21.4434871673584,24.93880844116211,29.477441787719727,32.66243362426758,20.34090232849121,281.51593017578125,,,,381.3148498535156,23.71781349182129,10.616259574890137,36.29986572265625
2022-12-06,87.03112030029297,21.347291946411133,24.922779083251953,29.372318267822266,32.327293395996094,19.500774383544922,275.6827697753906,,,,375.81829833984375,23.035001754760742,9.942892074584961,34.745121002197266
2022-12-07,87.8062973022461,21.371339797973633,24.71442222595215,29.092876434326172,32.4326286315918,19.332752227783203,274.5573425292969,,,,375.178955078125,22.942338943481445,9.823501586914062,34.55198287963867
2022-12-08,87.5420150756836,21.563730239868164,24.690380096435547,29.127042770385742,32.59540939331055,19.80223274230957,277.806640625,,,,378.1180419921875,23.288619995117188,10.172123908996582,35.343841552734375
2022-12-09,87.02229309082031,21.764135360717773,24.87469482421875,29.45992088317871,32.241119384765625,19.54525375366211,276.03515625,,,,375.29339599609375,22.94721221923828,9.976322174072266,34.53267288208008
2022-12-12,87.03992462158203,21.724058151245117,24.84264373779297,29.512479782104492,32.57625961303711,20.019678115844727,279.4997253417969,,,,380.7041931152344,23.59588050842285,10.339271545410156,36.01981735229492
2022-12-13,87.62128448486328,21.547698974609375,24.642297744750977,29.135799407958984,32.92098617553711,20.45456314086914,282.50445556640625,,,,383.5859375,23.966548919677734,10.664013862609863,36.80202102661133
2022-12-14,87.8150863647461,21.459518432617188,24.594215393066406,29.10076332092285,32.76778030395508,20.138282775878906,280.4100036621094,,,,381.133544921875,23.659282684326172,10.410904884338379,36.12604522705078
2022-12-15,87.94400787353516,21.363325119018555,24.58620262145996,29.661401748657227,32.07832336425781,18.784198760986328,270.9948425292969,,,,371.8103942871094,22.4838809967041,9.379366874694824,33.44145965576172
2022-12-16,87.71444702148438,21.3232421875,24.762500762939453,29.889162063598633,31.685731887817383,18.413557052612305,268.4109802246094,,,,367.42071533203125,21.9473876953125,9.102377891540527,32.224708557128906
2022-12-19,87.17588806152344,21.30720329284668,24.754491806030273,29.95924186706543,31.30270004272461,17.914424896240234,264.6388854980469,,,,364.3051452636719,21.557214736938477,8.725103378295898,31.40387535095215
2022-12-20,86.58438110351562,21.403406143188477,24.91476821899414,30.03370475769043,31.264400482177734,17.865007400512695,264.4328308105469,,,,364.8036804199219,21.620616912841797,8.686898231506348,31.500446319580078
2022-12-21,86.82273864746094,21.3232421875,24.81058692932129,30.090641021728516,31.81978416442871,18.38884735107422,268.26873779296875,,,,370.25830078125,22.27415657043457,9.064172744750977,32.91999435424805
2022-12-22,86.79624938964844,21.38736915588379,24.97887420654297,30.33592414855957,31.264400482177734,17.476367950439453,261.7054748535156,,,,364.9761962890625,21.62339973449707,8.419958114624023,31.500577926635742
2022-12-23,86.49604797363281,21.659921646118164,24.954833984375,30.31840705871582,31.343217849731445,17.56062889099121,262.2941589355469,,,,367.07562255859375,21.86333656311035,8.443958282470703,31.97565460205078
2022-12-27,85.86923217773438,21.761083602905273,24.994901657104492,30.134443283081055,31.160600662231445,17.030288696289062,258.5858154296875,,,,365.6280822753906,21.682165145874023,8.083927154541016,31.616926193237305
2022-12-28,85.71912384033203,21.81960105895996,25.208208084106445,29.13465118408203,30.68001937866211,16.579259872436523,255.17173767089844,,,,361.0840759277344,21.143535614013672,7.757497310638428,30.4340763092041
2022-12-29,86.03694915771484,21.89484214782715,25.07003402709961,28.908069610595703,31.343217849731445,17.382198333740234,261.3915710449219,,,,367.5837097167969,21.882923126220703,8.304746627807617,31.985347747802734
2022-12-30,85.63085174560547,21.744361877441406,25.13912582397461,28.841981887817383,31.189434051513672,17.36733055114746,261.234619140625,,,,366.6154479980469,21.765405654907227,8.304746627807617,31.772052764892578
2023-01-03,86.13407897949219,21.89484214782715,25.078672409057617,29.021360397338867,31.17982292175293,17.12446403503418,259.4687194824219,,,,365.072021484375,21.56954002380371,8.117526054382324,31.355146408081055
2023-01-04,86.61084747314453,21.878122329711914,24.88868522644043,28.709810256958008,31.477771759033203,17.28802490234375,260.70489501953125,,,,367.8905029296875,21.912302017211914,8.242340087890625,32.04352569580078
2023-01-05,86.54022216796875,21.953365325927734,24.931859970092773,29.078004837036133,31.160600662231445,16.72299575805664,256.62371826171875,,,,363.69158935546875,21.398162841796875,7.853505611419678,30.938241958618164
2023-01-06,87.4848861694336,21.485204696655273,24.612333297729492,28.369935989379883,31.948745727539062,17.644887924194336,263.7068786621094,,,,372.0318298339844,22.37257957458496,8.467960357666016,33.03246307373047
2023-01-09,87.70561981201172,21.292919158935547,24.586423873901367,28.200000762939453,31.987194061279297,17.877840042114258,265.41387939453125,,,,371.8208923339844,22.352998733520508,8.645577430725098,32.99367904663086
2023-01-10,87.37012481689453,21.32636260986328,24.698694229125977,28.473787307739258,32.01602554321289,18.1801815032959,267.66058349609375,,,,374.4284362792969,22.6663818359375,8.875997543334961,33.662662506103516
2023-01-11,87.90867614746094,21.108999252319336,24.543243408203125,27.93565559387207,32.45815658569336,18.79477882385254,272.291015625,,,,379.16412353515625,23.219697952270508,9.317636489868164,34.91337966918945
2023-01-12,88.54434967041016,20.916717529296875,24.49142837524414,27.52025604248047,32.58311080932617,18.97321128845215,273.7626037597656,,,,380.5445861816406,23.381284713745117,9.461649894714355,35.27210998535156
2023-01-13,88.21768188476562,21.108999252319336,24.525972366333008,27.652427673339844,32.88105773925781,19.235904693603516,275.64630126953125,,,,382.0209045410156,23.567354202270508,9.648866653442383,35.66963195800781
2023-01-17,88.05875396728516,20.791322708129883,24.595062255859375,27.541025161743164,32.6119384765625,19.30033302307129,276.2054748535156,,,,381.3210754394531,23.474319458007812,9.70167064666748,35.475711822509766
2023-01-18,88.9328384399414,20.46528434753418,24.43098258972168,27.397523880004883,32.448543548583984,18.804689407348633,272.6148376464844,,,,375.30078125,22.739826202392578,9.341638565063477,33.798404693603516
2023-01-19,88.72975158691406,20.74951934814453,24.595062255859375,27.444726943969727,32.227481842041016,18.42800521850586,269.9365539550781,,,,372.56866455078125,22.38727378845215,9.048812866210938,33.0130729675293
2023-01-20,88.36776733398438,20.77460289001465,24.577787399291992,27.567461013793945,32.73688507080078,19.458940505981445,277.3238220214844,,,,379.5093078613281,23.214797973632812,9.788079261779785,34.80673599243164
2023-01-23,88.14705657958984,20.983600616455078,24.577787399291992,27.444726943969727,32.91950607299805,20.311447143554688,283.4848327636719,,,,384.0628662109375,23.7534236907959,10.431336402893066,36.076839447021484
2023-01-24,88.53553771972656,20.849843978881836,24.569156646728516,27.425844192504883,33.006011962890625,20.21727752685547,282.9060363769531,,,,383.6506652832031,23.69956398010254,10.368931770324707,35.9507942199707
2023-01-25,88.64147186279297,20.691001892089844,24.551881790161133,27.45888900756836,33.05406188964844,20.108234405517578,282.2781982421875,,,,383.79443359375,23.73383903503418,10.29212474822998,35.98958206176758
2023-01-26,88.49139404296875,20.77460289001465,24.595062255859375,27.6901912689209,33.26552200317383,20.886390686035156,287.78192138671875,,,,388.01251220703125,24.238189697265625,10.887377738952637,37.10456085205078
2023-01-27,88.35895538330078,20.75788116455078,24.543243408203125,27.756277084350586,33.400081634521484,21.297775268554688,290.6466369628906,,,,388.904052734375,24.345916748046875,11.199406623840332,37.376033782958984
2023-01-30,88.12055969238281,20.77460289001465,24.543243408203125,28.02062225341797,32.8714485168457,20.420486450195312,284.77001953125,,,,384.02447509765625,23.72894287109375,10.527344703674316,35.97988510131836
2023-01-31,88.4825668334961,20.854022979736328,24.327350616455078,28.01118278503418,33.36164093017578,21.04995346069336,289.0375671386719,,,,389.6709289550781,24.42426300048828,10.997786521911621,37.531158447265625
2023-02-01,89.10652160644531,20.55723762512207,24.422344207763672,27.92621421813965,33.88065719604492,21.96194076538086,295.21832275390625,,,,393.8123474121094,24.943300247192383,11.708253860473633,38.69461441040039
2023-02-02,89.20388793945312,20.431840896606445,24.28417205810547,27.69963264465332,34.27473068237305,23.508346557617188,305.81365966796875,,,,399.54498291015625,25.65330696105957,12.917960166931152,40.36223220825195
2023-02-03,88.34537506103516,20.874916076660156,24.30143928527832,27.77515983581543,33.8998908996582,22.660797119140625,300.37860107421875,,,,395.2981872558594,25.109783172607422,12.250699043273926,39.0727424621582
2023-02-06,87.85858154296875,21.30128288269043,24.387798309326172,27.963977813720703,33.457759857177734,22.284107208251953,297.8376770019531,,,,392.8824157714844,24.791507720947266,11.93867301940918,38.38435363769531
2023-02-07,87.70816040039062,21.32636260986328,24.551881790161133,27.831806182861328,33.93833923339844,23.210960388183594,304.0085144042969,,,,398.0207824707031,25.447650909423828,12.677939414978027,39.84837341308594
2023-02-08,87.83207702636719,21.195945739746094,24.36189079284668,28.001741409301758,33.5250358581543,22.363407135009766,298.6028747558594,18.992908477783203,,,393.6684875488281,24.88454246520996,11.996277809143066,38.539485931396484
2023-02-09,87.48686981201172,21.52699851989746,24.508703231811523,28.02062225341797,33.150184631347656,21.9520263671875,295.9638977050781,18.9246883392334,,,390.2557067871094,24.434053421020508,11.674650192260742,37.502071380615234
2023-02-10,87.10629272460938,21.618961334228516,24.413705825805664,27.869569778442383,33.10212326049805,21.674463272094727,294.0213928222656,18.75129508972168,,,391.16644287109375,24.536884307861328,11.434626579284668,37.7056770324707
2023-02-13,87.371826171875,21.752723693847656,24.525972366333008,28.08670997619629,33.611541748046875,22.373321533203125,298.7304382324219,19.6135311126709,,,395.7583312988281,25.114683151245117,11.977076530456543,39.02426528930664
2023-02-14,87.06204986572266,22.078760147094727,24.698694229125977,28.16695785522461,33.55387496948242,22.6756649017334,300.9377746582031,19.03554916381836,,,395.57623291015625,25.090200424194336,12.236299514770508,38.96608352661133
2023-02-15,86.8938980102539,22.154001235961914,24.6555118560791,28.228322982788086,33.573089599609375,23.04244041442871,303.24322509765625,18.893421173095703,,,396.8608093261719,25.251787185668945,12.509923934936523,39.32482147216797
2023-02-16,86.53101348876953,22.1080265045166,24.715965270996094,28.388818740844727,33.07329177856445,22.140371322631836,297.5531311035156,18.970169067382812,,,391.3965759277344,24.536884307861328,11.794656753540039,37.67659378051758
2023-02-17,86.73457336425781,22.162357330322266,24.64687728881836,28.436023712158203,33.025230407714844,21.823156356811523,295.4537353515625,19.032705307006836,,,390.4187316894531,24.40467643737793,11.54023551940918,37.36634063720703
2023-02-21,85.92033386230469,22.304479598999023,24.67278480529785,28.96471405029297,32.208255767822266,20.787263870239258,288.4588623046875,18.975854873657227,,,382.58660888671875,23.42045783996582,10.728962898254395,35.126678466796875
2023-02-22,86.15044403076172,22.325380325317383,24.586423873901367,28.747573852539062,32.208255767822266,20.817005157470703,288.6746520996094,18.893421173095703,,,382.0593566894531,23.366596221923828,10.738564491271973,34.9715576171875
2023-02-23,86.46022033691406,22.379718780517578,24.46552085876465,28.502111434936523,32.448543548583984,21.178821563720703,291.19598388671875,18.820463180541992,,,384.0915832519531,23.591840744018555,11.007389068603516,35.45632553100586
2023-02-24,85.9645767211914,22.856239318847656,24.603696823120117,28.57763671875,32.11214065551758,20.450225830078125,286.3201599121094,18.678335189819336,,,379.98858642578125,23.072795867919922,10.450539588928223,34.312255859375
2023-02-27,86.13276672363281,22.881322860717773,24.733240127563477,28.662607192993164,32.28514862060547,20.752567291259766,288.3705139160156,18.8252010345459,,,381.2828063964844,23.219697952270508,10.67615795135498,34.64190673828125
2023-02-28,86.12390899658203,22.78936195373535,24.508703231811523,28.502111434936523,32.10253143310547,20.683177947998047,287.9977722167969,18.738977432250977,,,379.87359619140625,23.048316955566406,10.62335205078125,34.254093170166016
2023-03-01,85.63064575195312,22.92312240600586,24.70732879638672,28.672046661376953,31.919910430908203,20.351102828979492,285.6824645996094,18.893421173095703,,,378.4164733886719,22.88182830810547,10.364130020141602,33.856571197509766
2023-03-02,85.45321655273438,22.975786209106445,24.802322387695312,28.738134384155273,31.948745727539062,20.69805145263672,288.0467529296875,18.969221115112305,,,381.3594665527344,23.219697952270508,10.613753318786621,34.59342575073242
2023-03-03,86.1274642944336,22.73084259033203,24.6555118560791,28.407699584960938,32.5734977722168,21.540639877319336,294.00177001953125,19.0165958404541,,,387.4756164550781,23.959083557128906,11.261810302734375,36.23196029663086
2023-03-06,85.91454315185547,22.914758682250977,24.810958862304688,28.738134384155273,32.62154769897461,21.57038116455078,294.3353271484375,19.092397689819336,,,387.7440490722656,23.98356819152832,11.309816360473633,36.33861541748047
2023-03-07,85.79920959472656,23.533397674560547,24.48279571533203,28.908069610595703,32.14097213745117,21.0400447845459,290.7250061035156,19.03554916381836,,,381.8004455566406,23.24907684326172,10.887377738952637,34.66130447387695
2023-03-08,85.71048736572266,23.50832176208496,24.551881790161133,28.945833206176758,32.15058517456055,21.258127212524414,292.1770324707031,19.096187591552734,,,382.4235534667969,23.317626953125,11.036190032958984,34.816429138183594
2023-03-09,86.02098846435547,23.240802764892578,24.335983276367188,29.087444305419922,31.708459854125977,20.479965209960938,287.11474609375,18.75129508972168,,,375.3679504394531,22.446033477783203,10.455340385437012,32.857940673828125
2023-03-10,87.02352905273438,22.1790828704834,23.59329605102539,28.426584243774414,31.573890686035156,19.90997314453125,283.0826416015625,18.050132751464844,,,369.9515380859375,21.789888381958008,10.023299217224121,31.43270492553711
2023-03-13,87.71552276611328,19.591665267944336,22.876514434814453,27.5768985748291,31.746898651123047,20.21232032775879,285.18212890625,17.1253604888916,,,369.42425537109375,21.70664405822754,10.239317893981934,31.21940803527832
2023-03-14,87.2009506225586,20.11415672302246,23.368757247924805,27.973417282104492,32.256309509277344,21.14412498474121,291.7355041503906,17.339496612548828,,,375.5308837890625,22.44113540649414,10.935382843017578,32.80946731567383
2023-03-15,88.07035827636719,19.696157455444336,22.53108024597168,27.78459930419922,32.24669647216797,21.352298736572266,293.2659606933594,17.214426040649414,,,373.1822204589844,22.16692543029785,11.093796730041504,32.18894958496094
2023-03-16,87.72438049316406,19.896800994873047,22.80742835998535,27.92621421813965,32.63116455078125,22.46749496459961,300.9967041015625,17.21253204345703,,,379.729736328125,22.906312942504883,11.972275733947754,33.827484130859375
2023-03-17,88.27445220947266,19.754684448242188,22.366994857788086,27.605222702026367,32.400489807128906,22.244455337524414,299.5741271972656,17.311073303222656,,,375.2897033691406,22.39706802368164,11.794656753540039,32.68342208862305
2023-03-20,87.9195556640625,19.754684448242188,22.64334487915039,27.61466407775879,32.6792106628418,22.40801239013672,300.6373291015625,17.149995803833008,,,378.8983459472656,22.803485870361328,11.919471740722656,33.57541275024414
2023-03-21,87.65343475341797,19.980398178100586,22.885154724121094,27.897890090942383,32.90989685058594,23.032527923583984,304.93109130859375,17.1452579498291,,,383.8734436035156,23.400869369506836,12.423513412475586,34.86490249633789
2023-03-22,88.49623107910156,20.030563354492188,22.53108024597168,27.897890090942383,32.50621032714844,22.403060913085938,300.7846984863281,17.34708023071289,,,377.32977294921875,22.607622146606445,11.916532516479492,33.118595123291016
2023-03-23,88.70915985107422,20.030563354492188,22.418813705444336,27.718515396118164,32.73688507080078,22.948266983032227,304.3514099121094,17.401086807250977,,,378.349853515625,22.710447311401367,12.341432571411133,33.332393646240234
2023-03-24,88.85997772216797,19.779760360717773,22.194278717041016,27.53913688659668,32.98678207397461,23.101917266845703,305.47161865234375,17.32054901123047,,,380.8326110839844,23.004249572753906,12.466970443725586,33.98349380493164
2023-03-27,87.90184020996094,19.654361724853516,22.755613327026367,27.756277084350586,32.707237243652344,22.769834518432617,303.378662109375,17.211585998535156,,,381.5446472167969,23.097280502319336,12.211064338684082,34.14870071411133
2023-03-28,87.76872253417969,19.637638092041016,22.746980667114258,27.794042587280273,32.66868209838867,22.541839599609375,301.76727294921875,17.222007751464844,,,380.6882019042969,22.99445152282715,12.008270263671875,33.9251823425293
2023-03-29,87.8752212524414,19.595844268798828,22.885154724121094,27.992300033569336,33.01570510864258,23.369564056396484,307.2696228027344,17.17652702331543,,,386.2215270996094,23.650596618652344,12.664935111999512,35.37314987182617
2023-03-30,87.97281646728516,19.662721633911133,22.90242576599121,28.171676635742188,33.33382034301758,23.780948638916016,310.1781005859375,17.26938247680664,,,388.48291015625,23.91011619567871,13.0077543258667,35.97566223144531
2023-03-31,88.39864349365234,19.57912254333496,22.712434768676758,27.831806182861328,33.7965202331543,24.569021224975586,315.33660888671875,17.301599502563477,,,393.9584045410156,24.58095359802246,13.645105361938477,37.481937408447266
2023-04-03,88.78287506103516,19.537322998046875,22.58289337158203,27.61466407775879,33.97966384887695,24.445112228393555,314.57012939453125,17.415298461914062,,,395.4595947265625,24.762126922607422,13.548538208007812,37.870643615722656
2023-04-04,89.11197662353516,19.70452308654785,22.461992263793945,27.6901912689209,33.93146896362305,24.28154754638672,313.50897216796875,17.457937240600586,,,393.265625,24.49770736694336,13.413339614868164,37.258426666259766
2023-04-05,89.41436767578125,19.67108154296875,22.323820114135742,27.633546829223633,33.912193298339844,23.775989532470703,310.4138488769531,17.45319938659668,,,392.23583984375,24.345916748046875,12.983612060546875,36.918296813964844
2023-04-06,89.33431243896484,19.829917907714844,22.315181732177734,27.916772842407227,34.027862548828125,24.117984771728516,312.5067138671875,17.535634994506836,,,393.7659912109375,24.522193908691406,13.244346618652344,37.32645034790039
2023-04-10,88.72061920166016,19.938600540161133,22.556987762451172,27.841245651245117,33.902549743652344,24.063461303710938,312.32989501953125,17.358448028564453,,,394.1701354980469,24.57605743408203,13.215376853942871,37.433345794677734
2023-04-11,88.77397155761719,20.17268180847168,22.58289337158203,28.00646209716797,33.7965202331543,23.756166458129883,310.325439453125,17.34234046936035,,,394.2760009765625,24.58584976196289,12.959470748901367,37.433345794677734
2023-04-12,88.8807144165039,20.222841262817383,22.686527252197266,28.133913040161133,33.72904586791992,23.32495880126953,307.5840759277344,17.491100311279297,,,392.6689453125,24.389986038208008,12.61665153503418,37.00575637817383
2023-04-13,88.84512329101562,20.289724349975586,22.755613327026367,28.237764358520508,34.471290588378906,24.2369384765625,313.6072692871094,17.529001235961914,,,397.8846435546875,25.011852264404297,13.340912818908691,38.395416259765625
2023-04-14,88.40931701660156,20.11415672302246,22.885154724121094,28.133913040161133,33.97966384887695,24.132856369018555,313.0177001953125,17.391611099243164,,,396.9126892089844,24.894336700439453,13.263659477233887,38.13303756713867
2023-04-17,87.96458435058594,20.013843536376953,23.01468849182129,28.030065536499023,33.93146896362305,24.157636642456055,313.2829895019531,17.258012771606445,,,398.3368835449219,25.070613861083984,13.278144836425781,38.51203155517578
2023-04-18,88.08912658691406,19.952810287475586,23.040597915649414,28.081043243408203,34.056785583496094,24.17250633239746,313.3026428222656,17.287385940551758,,,398.59674072265625,25.095096588134766,13.287800788879395,38.58977127075195
2023-04-19,87.95570373535156,20.013843536376953,23.006053924560547,28.407699584960938,33.941104888916016,24.142765045166016,313.1552429199219,17.294965744018555,,,398.52935791015625,25.085302352905273,13.258831977844238,38.550899505615234
2023-04-20,88.35594177246094,20.2144832611084,22.971511840820312,28.587078094482422,33.84471893310547,23.77103614807129,310.7676086425781,17.324338912963867,,,396.3546142578125,24.796403884887695,12.949812889099121,37.870643615722656
2023-04-21,88.20472717285156,20.30644416809082,22.971511840820312,28.596519470214844,33.8350715637207,23.8007755279541,311.09185791015625,17.338552474975586,,,396.66253662109375,24.815988540649414,12.973957061767578,37.9581184387207
2023-04-24,88.55162048339844,20.507078170776367,23.006053924560547,28.72869110107422,33.97966384887695,23.69668960571289,310.4433288574219,17.377399444580078,,,397.07635498046875,24.86985206604004,12.896699905395508,38.074729919433594
2023-04-25,89.10305786132812,20.49872398376465,22.729705810546875,28.69092559814453,33.65192794799805,22.809490203857422,304.587158203125,17.405824661254883,,,390.773193359375,24.07170295715332,12.167610168457031,36.238037109375
2023-04-26,88.77397155761719,20.61994171142578,22.772886276245117,29.078004837036133,33.439849853515625,23.06722640991211,306.4344482421875,17.34234046936035,,,389.11798095703125,23.870943069458008,12.370404243469238,35.77158737182617
2023-04-27,88.45378112792969,21.008682250976562,22.941286087036133,29.219619750976562,33.89291000366211,24.321197509765625,314.7666931152344,17.325286865234375,,,396.8645324707031,24.806198120117188,13.369884490966797,37.84149932861328
2023-04-28,88.90740203857422,20.899995803833008,22.936967849731445,29.096887588500977,34.23994064331055,24.65328025817871,316.9381408691406,17.449411392211914,,,400.2519226074219,25.21261215209961,13.640276908874512,38.832725524902344
2023-05-01,87.99700164794922,20.9100341796875,23.161502838134766,29.096887588500977,34.027862548828125,24.588848114013672,316.5746154785156,17.301599502563477,,,399.8477783203125,25.168546676635742,13.60165023803711,38.696678161621094
2023-05-02,88.85301208496094,21.01704216003418,22.988780975341797,29.28570556640625,33.97966384887695,24.14772605895996,313.8135681152344,17.367923736572266,,,395.35369873046875,24.59564208984375,13.239517211914062,37.394474029541016
2023-05-03,89.24531555175781,20.689329147338867,22.90242576599121,29.47452163696289,33.77724075317383,23.850339889526367,311.760009765625,17.478782653808594,,,392.6400451660156,24.252878189086914,12.978781700134277,36.59760665893555
2023-05-04,89.1383056640625,20.55723762512207,22.833337783813477,29.417879104614258,33.67119598388672,23.666948318481445,310.6595764160156,17.438987731933594,,,389.8590087890625,23.900325775146484,12.833930969238281,35.79102325439453
2023-05-05,88.85301208496094,20.448558807373047,22.954238891601562,29.380115509033203,34.104984283447266,24.658233642578125,317.2624206542969,17.338552474975586,,,397.07635498046875,24.776819229125977,13.62096118927002,37.724876403808594
2023-05-08,88.36260986328125,20.448558807373047,22.971511840820312,29.247940063476562,33.97966384887695,24.772233963012695,318.0484924316406,17.266538619995117,,,397.18212890625,24.791507720947266,13.732015609741211,37.773468017578125
2023-05-09,88.28234100341797,20.632482528686523,23.075143814086914,29.191295623779297,33.89291000366211,24.459978103637695,316.0342102050781,17.197370529174805,,,395.44036865234375,24.57605743408203,13.466453552246094,37.258426666259766
2023-05-10,88.85301208496094,20.706880569458008,22.876514434814453,29.20073699951172,34.07606887817383,24.99031639099121,319.47320556640625,17.27317237854004,,,397.2879638671875,24.796403884887695,13.90101146697998,37.763755798339844
2023-05-11,89.1205062866211,20.782962799072266,22.8247013092041,29.115768432617188,34.17247009277344,25.139009475708008,320.51470947265625,17.197370529174805,,,396.5950927734375,24.698469161987305,14.016892433166504,37.54023361206055
2023-05-12,88.62116241455078,20.874916076660156,22.954238891601562,29.257383346557617,33.95075225830078,24.95562171936035,319.3650817871094,17.10262107849121,,,396.07550048828125,24.6201229095459,13.872039794921875,37.394474029541016
2023-05-15,88.39825439453125,20.60740089416504,23.101051330566406,28.9930362701416,33.998958587646484,25.2232666015625,321.0944519042969,17.041032791137695,,,397.4419860839844,24.781713485717773,14.084490776062012,37.734596252441406
2023-05-16,88.19320678710938,20.89164161682129,22.980146408081055,29.0496826171875,33.75794982910156,25.26787567138672,321.4579772949219,17.007869720458984,,,394.78607177734375,24.458534240722656,14.137603759765625,36.97659683227539
2023-05-17,88.05941772460938,20.944307327270508,23.057870864868164,29.0496826171875,34.056785583496094,25.88743019104004,325.34893798828125,17.003131866455078,,,399.5782775878906,25.041231155395508,14.644586563110352,38.28852844238281
2023-05-18,87.64928436279297,20.950159072875977,23.066505432128906,28.9930362701416,34.27850341796875,26.81924057006836,331.3917541503906,16.998394012451172,,,403.4275207519531,25.516202926635742,15.431615829467773,39.396366119384766
2023-05-19,87.45308685302734,21.06719970703125,23.118322372436523,29.23849868774414,34.17247009277344,26.700284957885742,330.64501953125,16.989866256713867,,,402.8404846191406,25.432958602905273,15.325393676757812,39.20199966430664
2023-05-22,87.37287139892578,21.033761978149414,23.170137405395508,29.295146942138672,34.17247009277344,26.858890533447266,331.7553405761719,17.069456100463867,,,403.0041198730469,25.437862396240234,15.484731674194336,39.20199966430664
2023-05-23,87.47093200683594,21.08391761779785,23.118322372436523,29.181856155395508,33.84471893310547,26.1848201751709,327.54986572265625,16.993654251098633,,,398.4812927246094,24.87964630126953,14.886007308959961,37.909523010253906
2023-05-24,87.2480239868164,21.192604064941406,22.971511840820312,29.115768432617188,33.594085693359375,25.907257080078125,325.86968994140625,16.88943099975586,,,395.5943908691406,24.502605438232422,14.644586563110352,37.064064025878906
2023-05-25,86.92703247070312,21.309642791748047,23.066505432128906,29.417879104614258,33.75794982910156,27.15131950378418,333.799072265625,17.01260757446289,,,399.0201110839844,24.9188175201416,15.702009201049805,37.93867492675781
2023-05-26,86.99836730957031,21.267004013061523,23.161502838134766,29.389554977416992,34.16282653808594,28.544076919555664,342.3278503417969,17.18315887451172,,,404.1877136230469,25.555374145507812,16.889802932739258,39.435237884521484
2023-05-30,87.57794189453125,21.267839431762695,23.196046829223633,29.691665649414062,34.28813552856445,28.786943435668945,343.8802490234375,17.15947151184082,,,404.3417053222656,25.560272216796875,17.12639045715332,39.454673767089844
2023-05-31,87.89002990722656,21.309642791748047,23.066505432128906,29.512287139892578,34.18210220336914,28.41025161743164,341.92498779296875,17.073246002197266,,,402.09954833984375,25.28606414794922,16.778745651245117,38.77442169189453
2023-06-01,88.15640258789062,21.251121520996094,23.03196144104004,29.47452163696289,34.60624694824219,29.11406707763672,345.8749084472656,17.088407516479492,,,405.9198913574219,25.74634552001953,17.38712501525879,39.85310363769531
2023-06-02,87.69156646728516,21.401601791381836,23.092411041259766,29.16297149658203,34.895442962646484,29.54031753540039,348.4688720703125,17.11209487915039,,,411.7899475097656,26.50531768798828,17.778228759765625,41.582889556884766
2023-06-05,87.6826171875,21.35980224609375,23.006053924560547,29.210176467895508,34.85687255859375,29.575014114379883,348.7145080566406,17.126310348510742,,,411.0008544921875,26.37800407409668,17.816856384277344,41.30107879638672
2023-06-06,87.78988647460938,21.32636260986328,23.057870864868164,29.12520980834961,34.924346923828125,29.565099716186523,348.6555480957031,17.140522003173828,,,411.89581298828125,26.50041961669922,17.79754066467285,41.57316970825195
2023-06-07,87.32501220703125,21.468482971191406,23.135595321655273,29.115768432617188,34.586971282958984,28.549034118652344,342.7405090332031,16.992708206176758,,,410.47161865234375,26.319246292114258,16.889802932739258,41.14558029174805
2023-06-08,87.78988647460938,21.31800079345703,23.075143814086914,29.20073699951172,34.95327377319336,29.23797607421875,346.9950256347656,17.066612243652344,,,412.95440673828125,26.622835159301758,17.46921157836914,41.8549919128418
2023-06-09,87.58428192138672,21.376522064208984,23.17877197265625,29.257383346557617,34.88579177856445,29.451101303100586,348.3214416503906,17.131044387817383,,,413.6953125,26.701181411743164,17.68166160583496,42.03962707519531
2023-06-12,87.73625946044922,21.435041427612305,23.316944122314453,29.43675994873047,35.18461990356445,30.457258224487305,354.20703125,17.27317237854004,,,417.44830322265625,27.190837860107422,18.584571838378906,43.1766242980957
2023-06-13,87.32501220703125,21.56879997253418,23.38603401184082,29.427318572998047,35.19425964355469,30.90333366394043,356.9288024902344,17.344236373901367,,,420.2005615234375,27.53360366821289,18.999818801879883,44.04152297973633
2023-06-14,87.40547180175781,21.6106014251709,23.29967498779297,29.47452163696289,35.19425964355469,31.354373931884766,359.5227966308594,17.404876708984375,,,420.70086669921875,27.60215950012207,19.4054012298584,44.15813064575195
2023-06-15,88.01336669921875,21.29793930053711,23.377399444580078,28.87030601501465,35.79191970825195,32.07801055908203,363.8067932128906,17.499629974365234,,,425.91656494140625,28.263198852539062,20.08620834350586,45.751869201660156
2023-06-16,87.73625946044922,21.334720611572266,23.601932525634766,28.662607192993164,35.72444534301758,31.66166877746582,361.517333984375,17.55742835998535,,,424.46588134765625,28.05754280090332,19.699939727783203,45.304847717285156
2023-06-20,87.89717102050781,21.292919158935547,23.524208068847656,28.643722534179688,35.512367248535156,31.58732032775879,360.9998474121094,17.481626510620117,,,422.26361083984375,27.783329010009766,19.603370666503906,44.59543228149414
2023-06-21,88.04019165039062,21.192604064941406,23.56739044189453,28.332172393798828,35.41597366333008,30.72490119934082,356.0802307128906,17.408666610717773,,,420.1000671386719,27.47484588623047,18.817724227905273,43.86915969848633
2023-06-22,87.58428192138672,21.31549644470215,23.748741149902344,28.681486129760742,35.45452880859375,31.433673858642578,360.2816162109375,17.482572555541992,,,421.6165466308594,27.67070960998535,19.44256019592285,44.28835678100586
2023-06-23,87.84352111816406,21.242759704589844,23.748741149902344,28.351057052612305,35.20389938354492,30.799253463745117,356.7099914550781,17.31580924987793,,,418.4290466308594,27.23491096496582,18.866161346435547,43.29397964477539
2023-06-26,87.95079040527344,21.150798797607422,23.774648666381836,28.200000762939453,35.155555725097656,29.971527099609375,351.9281005859375,17.21347999572754,,,416.719482421875,27.014562606811523,18.120235443115234,42.738304138183594
2023-06-27,87.78096008300781,21.251522064208984,23.85237693786621,28.55875587463379,35.49396514892578,30.992555618286133,357.9792175292969,17.434249877929688,,,421.2881164550781,27.607051849365234,19.01631736755371,44.093379974365234
2023-06-28,88.04019165039062,21.11722755432129,23.921463012695312,28.55875587463379,35.52296829223633,31.09663963317871,358.67779541015625,17.4200382232666,,,421.5006408691406,27.636430740356445,19.132566452026367,44.161624908447266
2023-06-29,87.36078643798828,21.343847274780273,23.930097579956055,28.75701332092285,35.3779411315918,30.957857131958008,357.95953369140625,17.424774169921875,,,423.1619567871094,27.827402114868164,19.00178337097168,44.639305114746094
2023-06-30,87.56639099121094,21.40259552001953,23.86100959777832,28.76456642150879,35.842044830322266,31.90949058532715,363.4793395996094,17.529001235961914,,,428.1555480957031,28.4737548828125,19.859119415283203,46.18935012817383
2023-07-03,87.46331024169922,21.427776336669922,23.895549774169922,28.9930362701416,35.80335998535156,32.063140869140625,364.33538818359375,17.73745346069336,,,428.6481018066406,28.547197341918945,19.99473762512207,46.39406967163086
2023-07-05,87.06892395019531,21.511707305908203,23.904190063476562,29.040241241455078,35.81303405761719,32.038360595703125,364.32550048828125,17.562164306640625,,,428.0106201171875,28.439477920532227,19.980209350585938,46.12111282348633
2023-07-06,86.50423431396484,21.612422943115234,23.921463012695312,29.394275665283203,35.26191711425781,31.54271697998047,361.5508728027344,17.481626510620117,,,424.6590270996094,27.98409080505371,19.510372161865234,45.00975036621094
2023-07-07,86.52218627929688,21.57046127319336,23.731470108032227,29.531169891357422,35.23291015625,31.314720153808594,360.3504333496094,17.32054901123047,,,423.5868835449219,27.842092514038086,19.31178092956543,44.619808197021484
2023-07-10,86.76419830322266,21.50331687927246,23.679656982421875,29.455642700195312,35.358604431152344,31.354373931884766,360.4685363769531,17.228639602661133,,,424.6590270996094,27.974300384521484,19.326313018798828,44.951263427734375
2023-07-11,86.95240783691406,21.654390335083008,23.662384033203125,29.408437728881836,35.57131576538086,31.641843795776367,362.24945068359375,17.26369857788086,,,427.36346435546875,28.331750869750977,19.60240364074707,45.81889724731445
2023-07-12,87.66051483154297,21.269145965576172,23.446483612060547,29.314027786254883,36.016082763671875,32.44478988647461,366.8246765136719,17.21632194519043,,,430.802001953125,28.782238006591797,20.328956604003906,46.86199951171875
2023-07-13,88.20726013183594,20.9913330078125,23.377399444580078,29.22905921936035,36.499515533447266,33.51042556762695,373.0528564453125,17.301599502563477,,,434.2213134765625,29.203346252441406,21.341283798217773,47.94411849975586
2023-07-14,87.78599548339844,21.092050552368164,23.55011749267578,29.389554977416992,36.383487701416016,33.49555206298828,372.97418212890625,17.26369857788086,,,433.9508056640625,29.169071197509766,21.321910858154297,47.82713317871094
2023-07-17,87.88459014892578,21.041688919067383,23.61056900024414,29.408437728881836,36.509178161621094,34.105194091796875,376.45721435546875,17.38687515258789,,,435.4575500488281,29.36493682861328,21.912843704223633,48.31456756591797
2023-07-18,87.95630645751953,21.092050552368164,23.645112991333008,29.20073699951172,36.71222686767578,34.67517852783203,379.536865234375,17.411510467529297,,,438.6932678222656,29.79094123840332,22.435958862304688,49.39666748046875
2023-07-19,88.2251968383789,20.966150283813477,23.619203567504883,28.87030601501465,36.92493438720703,34.58596420288086,379.4483337402344,17.363187789916992,,,439.6688232421875,29.913354873657227,22.435958862304688,49.67938232421875
2023-07-20,87.76807403564453,21.10883140563965,23.70556640625,28.860864639282227,36.52851867675781,33.019737243652344,370.70135498046875,17.083669662475586,,,436.75189208984375,29.51183319091797,20.86176109313965,48.67526626586914
2023-07-21,87.83078002929688,21.092050552368164,23.731470108032227,29.021360397338867,36.51885223388672,32.81651306152344,369.5894775390625,17.121570587158203,,,436.75189208984375,29.516727447509766,20.67770004272461,48.65576934814453
2023-07-24,87.66947174072266,21.40259552001953,23.72283363342285,28.6342830657959,36.53819274902344,32.92060852050781,370.17987060546875,17.140522003173828,,,438.7029724121094,29.766460418701172,20.76004409790039,49.2894401550293
2023-07-25,87.57086944580078,21.484853744506836,23.671016693115234,28.633338928222656,36.64455032348633,33.37659454345703,372.68878173828125,17.167051315307617,,,439.900634765625,29.93293571472168,21.17660140991211,49.66963195800781
2023-07-26,87.85768127441406,21.276700973510742,23.70556640625,28.955272674560547,36.67354965209961,33.143646240234375,371.4490661621094,17.17652702331543,,,439.9682922363281,29.93293571472168,20.958635330200195,49.65013885498047
2023-07-27,87.10480499267578,21.654390335083008,23.70556640625,28.823101043701172,36.36415481567383,32.96025466918945,370.5635681152344,17.059980392456055,,,437.0512390136719,29.521625518798828,20.779420852661133,48.646018981933594
2023-07-28,87.44538879394531,21.5788516998291,23.81783103942871,28.804218292236328,36.71222686767578,34.154754638671875,377.3132629394531,17.345184326171875,,,441.3301696777344,30.079833984375,21.903152465820312,50.04009246826172
2023-07-31,87.55294799804688,21.53688621520996,23.774648666381836,28.96471405029297,36.731563568115234,34.2142333984375,377.5099792480469,17.390663146972656,,,442.17047119140625,30.2071533203125,21.946744918823242,50.32279586791992
2023-08-01,86.97325897216797,21.54528045654297,23.93873405456543,29.23849868774414,36.64455032348633,34.020931243896484,376.6343078613281,17.377399444580078,,,440.9051513671875,30.01128578186035,21.777219772338867,49.84511184692383
2023-08-02,86.76654052734375,21.461349487304688,23.94736671447754,29.030799865722656,35.9870719909668,32.51417922973633,368.3694763183594,16.988920211791992,,,434.7717590332031,29.19355010986328,20.353172302246094,47.778385162353516
2023-08-03,86.18232727050781,21.71314239501953,24.02509117126465,29.266822814941406,35.92906188964844,32.39521789550781,367.77911376953125,16.913118362426758,,,433.52581787109375,28.9927921295166,20.207860946655273,47.31044387817383
2023-08-04,86.89234924316406,21.511707305908203,23.78329086303711,28.983596801757812,35.76469039916992,32.08296585083008,366.0572509765625,16.799415588378906,,,431.5650634765625,28.738168716430664,19.92693328857422,46.64753341674805
2023-08-07,86.91033172607422,21.587244033813477,23.904190063476562,28.92694854736328,36.112762451171875,32.628173828125,369.15655517578125,16.93206787109375,,,435.33203125,29.222932815551758,20.420984268188477,47.82713317871094
2023-08-08,87.1170425415039,21.612422943115234,23.904190063476562,28.65316390991211,36.05475616455078,32.058189392089844,366.017822265625,16.851530075073242,,,433.43890380859375,28.968307495117188,19.897869110107422,47.183719635009766
2023-08-09,87.17996215820312,21.780288696289062,23.895549774169922,28.624841690063477,35.78403091430664,31.344459533691406,361.9936218261719,16.93206787109375,,,430.5412902832031,28.571683883666992,19.234283447265625,46.238094329833984
2023-08-10,86.61373138427734,21.71314239501953,23.98191261291504,28.89862823486328,35.590660095214844,31.448543548583984,362.6626892089844,16.951017379760742,,,430.69580078125,28.58147621154785,19.321468353271484,46.228336334228516
2023-08-11,86.34410858154297,21.822250366210938,24.12872314453125,29.219619750976562,35.619659423828125,31.03715705871582,360.3504333496094,16.92259407043457,,,430.4447021484375,28.53740692138672,18.933975219726562,46.14060974121094
2023-08-14,86.28120422363281,21.97332763671875,24.04236602783203,29.23849868774414,35.6583366394043,31.7409725189209,364.3944091796875,16.998394012451172,,,432.8207092285156,28.85079002380371,19.563650131225586,46.852264404296875
2023-08-15,86.04752349853516,22.043834686279297,24.02509117126465,29.432039260864258,35.3779411315918,31.05202865600586,360.5276184082031,16.886587142944336,,,427.77886962890625,28.179956436157227,18.963035583496094,45.272972106933594
2023-08-16,85.84078979492188,21.9565486907959,24.03372573852539,29.446199417114258,34.9525146484375,30.37795066833496,356.7099914550781,16.861003875732422,,,424.6397399902344,27.734363555908203,18.333354949951172,44.20061111450195
2023-08-17,85.75093841552734,21.93136215209961,24.03372573852539,29.59725570678711,34.768802642822266,29.698923110961914,352.8136291503906,16.799415588378906,,,421.4040222167969,27.298566818237305,17.713361740112305,43.1672477722168
2023-08-18,85.93966674804688,21.948150634765625,24.04236602783203,29.455642700195312,34.79782485961914,29.6196231842041,352.3710021972656,16.780466079711914,,,421.60687255859375,27.31815528869629,17.631025314331055,43.186744689941406
2023-08-21,85.50828552246094,21.922971725463867,24.1805362701416,29.67278289794922,34.91384506225586,30.581167221069336,358.0480651855469,16.89890480041504,,,424.34991455078125,27.685396194458008,18.483510971069336,44.04463577270508
2023-08-22,85.59813690185547,21.939756393432617,24.1114501953125,29.587814331054688,34.91384506225586,30.48699378967285,357.5364990234375,16.827842712402344,,,423.2005310058594,27.52381134033203,18.40117073059082,43.66443634033203
2023-08-23,86.416015625,21.318660736083984,23.85237693786621,29.219619750976562,35.33926010131836,31.43863296508789,363.17425537109375,16.662025451660156,,,427.9140625,28.126094818115234,19.2681884765625,45.058502197265625
2023-08-24,86.2182846069336,21.52849006652832,23.904190063476562,29.23849868774414,34.91384506225586,30.055788040161133,355.41119384765625,16.690452575683594,,,421.98358154296875,27.3475341796875,17.9991397857666,43.19649887084961
2023-08-25,86.16435241699219,21.612422943115234,23.999181747436523,29.653900146484375,35.155555725097656,30.546476364135742,358.1661682128906,16.7709903717041,,,424.95849609375,27.71477699279785,18.425386428833008,44.083621978759766
2023-08-28,86.35310363769531,21.486526489257812,23.964637756347656,29.644460678100586,35.2812614440918,31.00741958618164,360.8620910644531,16.780466079711914,,,427.6532897949219,28.06733512878418,18.837099075317383,44.89276885986328
2023-08-29,86.91033172607422,21.40259552001953,23.835102081298828,29.59725570678711,35.86138153076172,32.33573913574219,368.7432861328125,16.74730110168457,,,433.83489990234375,28.875276565551758,20.038331985473633,46.813262939453125
2023-08-30,86.87437438964844,21.23473358154297,23.956003189086914,29.531169891357422,36.016082763671875,32.69260787963867,370.7996826171875,16.75204086303711,,,435.621826171875,29.100515365600586,20.372549057006836,47.407936096191406
2023-08-31,87.00022888183594,21.29348373413086,23.85237693786621,29.389554977416992,36.016082763671875,32.85121154785156,371.91156005859375,16.64781379699707,,,434.9843444824219,28.9927921295166,20.556608200073242,47.115478515625
2023-09-01,86.54962158203125,21.512548446655273,23.93873405456543,29.663341522216797,35.996742248535156,32.80660629272461,371.5179443359375,16.737829208374023,,,435.795654296875,29.10541534423828,20.483957290649414,47.34944152832031
2023-09-05,86.08100128173828,21.822250366210938,24.163265228271484,30.163711547851562,35.77436065673828,32.8660774230957,371.9902648925781,16.87521743774414,,,433.9121398925781,28.84589385986328,20.537233352661133,46.75477600097656
2023-09-06,85.9999008178711,21.93136215209961,24.18917465209961,30.17314910888672,35.503631591796875,32.28618240356445,368.7137756347656,16.87521743774414,,19.668848037719727,430.9952087402344,28.444372177124023,19.99473762512207,45.779903411865234
2023-09-07,86.27024841308594,21.72153663635254,24.02509117126465,30.18259048461914,35.47462463378906,31.80045509338379,366.0768737792969,16.8183650970459,,19.485713958740234,429.6719665527344,28.263198852539062,19.558809280395508,45.31196594238281
2023-09-08,86.3153076171875,21.805469512939453,24.137357711791992,30.34308624267578,35.52296829223633,31.874788284301758,366.5885009765625,16.890378952026367,,19.67962074279785,430.31903076171875,28.346439361572266,19.616931915283203,45.46794128417969
2023-09-11,86.21617126464844,21.948150634765625,24.20644760131836,30.428054809570312,35.64866638183594,32.628173828125,370.907958984375,16.87900733947754,,19.713895797729492,433.1491394042969,28.708791732788086,20.28536033630371,46.37458038330078
2023-09-12,86.24321746826172,22.04047966003418,24.26689910888672,30.446937561035156,35.48429870605469,31.904531478881836,366.795166015625,16.88943099975586,,19.596378326416016,430.7730407714844,28.385608673095703,19.63630485534668,45.5751838684082
2023-09-13,86.369384765625,21.9565486907959,24.240991592407227,30.361968994140625,35.397274017333984,32.137481689453125,368.19232177734375,16.90837860107422,,19.606170654296875,431.2752990722656,28.454164505004883,19.83005714416504,45.75065994262695
2023-09-14,86.25222778320312,22.351024627685547,24.39643669128418,30.456377029418945,35.81303405761719,32.64799499511719,371.2030944824219,17.069456100463867,,19.880380630493164,434.9939880371094,28.924240112304688,20.29505157470703,46.87175369262695
2023-09-15,86.05397033691406,22.602819442749023,24.448253631591797,30.399734497070312,35.38760757446289,31.50306510925293,364.84698486328125,16.988920211791992,,19.635549545288086,429.7530212402344,28.219131469726562,19.253660202026367,45.15597915649414
2023-09-18,86.18013763427734,22.61121368408203,24.448253631591797,30.5507869720459,35.3296012878418,31.582366943359375,365.227294921875,16.92259407043457,,19.586584091186523,430.0050354003906,28.253406524658203,19.297245025634766,45.22422790527344
2023-09-19,85.92781829833984,22.946937561035156,24.525972366333008,30.616872787475586,35.213565826416016,31.443584442138672,364.4488830566406,17.007869720458984,,19.745237350463867,429.1133117675781,28.13588523864746,19.180999755859375,44.9415168762207
2023-09-20,85.88274383544922,22.96372413635254,24.422344207763672,30.399734497070312,34.86549377441406,30.616544723510742,359.1970520019531,16.92543601989746,,19.526844024658203,425.1683044433594,27.58746910095215,18.349323272705078,43.658973693847656
2023-09-21,85.2969741821289,23.08962631225586,24.577787399291992,30.64519500732422,34.27570724487305,29.458480834960938,352.61492919921875,16.761516571044922,,19.20464515686035,418.14093017578125,26.69138526916504,17.30426597595215,41.48237991333008
2023-09-22,85.65746307373047,22.980512619018555,24.50006866455078,30.48470115661621,34.227359771728516,29.483333587646484,352.6641540527344,16.80889129638672,,19.07733154296875,417.2007751464844,26.549386978149414,17.318849563598633,41.14075469970703
2023-09-25,84.98155975341797,23.005691528320312,24.664146423339844,30.594213485717773,34.25161361694336,29.74675750732422,354.3392333984375,16.92259407043457,,19.369173049926758,418.9552307128906,26.764835357666016,17.547306060791016,41.67758560180664
2023-09-26,84.87339782714844,23.014087677001953,24.767778396606445,30.607431411743164,33.62092208862305,28.842172622680664,349.01837158203125,16.93206787109375,,19.15372085571289,412.8002624511719,25.97648811340332,16.76472282409668,39.79379653930664
2023-09-27,84.57601928710938,23.283649444580078,24.98367691040039,30.843454360961914,33.72765350341797,28.996253967285156,349.8362731933594,17.246641159057617,,19.4896297454834,412.9649353027344,25.996070861816406,16.866798400878906,39.862117767333984
2023-09-28,84.82837677001953,23.16571617126465,24.95777130126953,30.805692672729492,33.96052932739258,29.453510284423828,352.76275634765625,17.13578224182129,,19.367212295532227,415.3590393066406,26.284971237182617,17.275102615356445,40.50632095336914
2023-09-29,84.74725341796875,23.207834243774414,24.95777130126953,30.749046325683594,33.92171859741211,29.498245239257812,353.0189208984375,17.038190841674805,,19.264385223388672,414.3510437011719,26.13807487487793,17.313987731933594,40.18421936035156
2023-10-02,84.15716552734375,23.224681854248047,25.018218994140625,30.937864303588867,33.74706268310547,29.970415115356445,355.9651184082031,17.197370529174805,,19.601274490356445,414.186279296875,26.123384475708008,17.72715187072754,40.145172119140625
2023-10-03,83.49748992919922,23.241527557373047,25.156391143798828,31.003950119018555,33.13577651977539,28.911762237548828,349.7179870605469,17.149995803833008,,19.43968391418457,408.64190673828125,25.428062438964844,16.789026260375977,38.505409240722656
2023-10-04,84.08486938476562,23.03093147277832,24.828231811523438,30.531906127929688,33.455970764160156,29.69208335876465,354.47723388671875,16.93964958190918,,19.259489059448242,411.61761474609375,25.7855167388916,17.469533920288086,39.325286865234375
2023-10-05,84.13909912109375,22.778215408325195,24.802322387695312,30.0220947265625,33.514190673828125,29.498245239257812,353.4327392578125,16.767200469970703,,18.955896377563477,411.4626159667969,25.74634552001953,17.284826278686523,39.2276725769043
2023-10-06,83.81378936767578,22.74452018737793,24.98367691040039,30.050418853759766,33.80527877807617,30.472408294677734,359.3547058105469,16.752988815307617,,19.31237030029297,416.3477783203125,26.343727111816406,18.15489959716797,40.60391616821289
2023-10-09,84.6812973022461,22.56761932373047,24.750511169433594,29.984333038330078,34.1254768371582,30.79050064086914,361.1875,16.64781379699707,,19.064599990844727,419.0133361816406,26.676698684692383,18.4222412109375,41.35548782348633
2023-10-10,84.59996032714844,22.563404083251953,24.78505516052246,29.87104034423828,34.31953811645508,31.10859489440918,363.1876525878906,16.61465072631836,,19.20464515686035,421.1942138671875,26.941116333007812,18.72360610961914,41.98992156982422
2023-10-11,84.988525390625,22.508647918701172,24.612333297729492,29.587814331054688,34.75617599487305,31.56088638305664,365.77911376953125,16.58148956298828,,19.185060501098633,422.9195556640625,27.17125701904297,19.12218475341797,42.526756286621094
2023-10-12,84.25658416748047,22.643436431884766,24.793685913085938,30.09762191772461,34.203094482421875,31.307405471801758,364.5080261230469,16.846792221069336,,19.400510787963867,420.34124755859375,26.83828353881836,18.898595809936523,41.71662521362305
2023-10-13,84.61804962158203,22.47495460510254,24.698694229125977,30.09762191772461,34.22251510620117,30.53204917907715,359.92620849609375,16.794677734375,,19.19289207458496,418.24755859375,26.564077377319336,18.184062957763672,41.08218765258789
2023-10-16,84.14813995361328,22.445472717285156,24.871410369873047,30.305320739746094,34.416568756103516,31.23284912109375,363.9956359863281,16.742565155029297,,19.400510787963867,422.6481628417969,27.112497329711914,18.796510696411133,42.3510627746582
2023-10-17,83.54267883300781,22.643436431884766,25.182302474975586,30.64519500732422,33.97993087768555,31.019132614135742,362.8033752441406,16.742565155029297,,19.572874069213867,422.62872314453125,27.102703094482422,18.616668701171875,42.312015533447266
2023-10-18,83.15412902832031,22.66870880126953,25.07003402709961,30.890661239624023,33.5918083190918,30.144372940063477,358.0441589355469,16.789939880371094,,19.400510787963867,416.99725341796875,26.382904052734375,17.8292293548584,40.63320541381836
2023-10-19,82.83782958984375,22.66870880126953,25.147762298583984,31.060596466064453,33.2327995300293,29.60262107849121,354.6940002441406,16.665817260742188,,19.23304557800293,413.333251953125,25.883447647094727,17.352872848510742,39.52050018310547
2023-10-20,83.13604736328125,22.58025550842285,24.98367691040039,30.9945125579834,32.99992752075195,28.722890853881836,349.4026794433594,16.61465072631836,,18.873632431030273,408.2542419433594,25.251787185668945,16.57029151916504,38.00761413574219
2023-10-23,83.46134185791016,22.491806030273438,24.802322387695312,30.569669723510742,33.03874206542969,28.87696647644043,350.45703125,16.55116844177246,,18.686580657958984,407.5466003417969,25.158750534057617,16.716114044189453,37.82215881347656
2023-10-24,83.75956726074219,22.441259384155273,24.715965270996094,30.47525978088379,33.339534759521484,29.453510284423828,353.8663330078125,16.576751708984375,,18.818790435791016,410.6192321777344,25.530893325805664,17.187610626220703,38.66156768798828
2023-10-25,83.13604736328125,22.533924102783203,24.949134826660156,30.918983459472656,32.737953186035156,27.992265701293945,345.20513916015625,16.6951904296875,,18.739463806152344,404.72601318359375,24.801300048828125,15.928672790527344,36.98274612426758
2023-10-26,83.69629669189453,22.365449905395508,24.78505516052246,30.503583908081055,32.49537658691406,26.913732528686523,338.6230773925781,16.64781379699707,,18.38592529296875,399.87957763671875,24.194122314453125,15.000272750854492,35.61627960205078
2023-10-27,83.66918182373047,22.44968605041504,24.78505516052246,30.597991943359375,32.28191375732422,27.172182083129883,340.2489013671875,16.61086082458496,,18.222379684448242,398.0669860839844,23.959083557128906,15.214143753051758,35.108726501464844
2023-10-30,83.47039031982422,22.34017562866211,24.715965270996094,30.513023376464844,32.65062713623047,27.7586669921875,344.0819091796875,16.505687713623047,,18.39180564880371,402.826171875,24.536884307861328,15.705078125,36.35807800292969
2023-10-31,83.41618347167969,22.255935668945312,24.862773895263672,30.541343688964844,32.80586624145508,28.04197120666504,345.72735595703125,16.638338088989258,,18.70224952697754,405.35601806640625,24.830678939819336,15.9335355758667,37.01203155517578
2023-11-01,84.33794403076172,22.441259384155273,24.603696823120117,30.371408462524414,33.27161407470703,29.016132354736328,351.7281188964844,16.4962100982666,,18.666013717651367,409.6790466308594,25.34971809387207,16.755002975463867,38.19306564331055
2023-11-02,84.84550476074219,22.44968605041504,24.413705825805664,30.116504669189453,34.0090446472168,30.04496955871582,358.1131286621094,16.486736297607422,,18.830543518066406,417.5303039550781,26.32414436340332,17.644519805908203,40.340389251708984
2023-11-03,85.36212921142578,22.373868942260742,24.102813720703125,29.408437728881836,34.455379486083984,30.740800857543945,362.3205261230469,16.35408592224121,,18.66895294189453,421.339599609375,26.78931999206543,18.266695022583008,41.42381286621094
2023-11-06,84.93614196777344,22.47495460510254,24.223716735839844,29.795513153076172,34.49419403076172,30.979368209838867,363.7985534667969,16.3446102142334,,18.785491943359375,422.3088684082031,26.90683937072754,18.475706100463867,41.687339782714844
2023-11-07,85.38935089111328,22.52549934387207,24.154630661010742,29.559490203857422,34.64944076538086,31.55591583251953,367.2373962402344,16.382511138916016,,18.85208511352539,423.5108337402344,27.04884147644043,18.99580955505371,42.03872299194336
2023-11-08,85.67938995361328,22.550771713256836,24.102813720703125,29.323467254638672,34.74647903442383,31.60561752319336,367.4739074707031,16.420412063598633,,18.847190856933594,423.8209228515625,27.0880126953125,19.029834747314453,42.136329650878906
2023-11-09,84.96334838867188,22.786643981933594,24.327350616455078,29.738868713378906,34.30984115600586,31.103626251220703,364.6459655761719,16.373035430908203,,18.805078506469727,420.5157470703125,26.65221405029297,18.57777976989746,41.09195327758789
2023-11-10,85.16273498535156,22.736093521118164,24.36189079284668,29.86159896850586,34.84349822998047,32.46546173095703,372.8440246582031,16.420412063598633,,19.145883560180664,427.0777893066406,27.489534378051758,19.817276000976562,43.00502014160156
2023-11-13,85.15369415283203,22.66449737548828,24.387798309326172,29.94656753540039,34.71735382080078,32.271629333496094,371.6813049316406,16.420412063598633,,19.08614730834961,426.67071533203125,27.430774688720703,19.637426376342773,42.868370056152344
2023-11-14,86.22318267822266,21.69995880126953,23.826461791992188,29.068565368652344,35.619747161865234,33.64836883544922,379.6822814941406,16.36355972290039,,19.096921920776367,434.9483947753906,28.478647232055664,20.872058868408203,45.33779525756836
2023-11-15,85.68846893310547,21.90212631225586,24.00782012939453,29.323467254638672,35.59063720703125,33.6931037902832,379.9680480957031,16.349346160888672,,19.322162628173828,435.86920166015625,28.60595703125,20.930389404296875,45.630611419677734
2023-11-16,86.15972137451172,22.028488159179688,23.80055809020996,28.983596801757812,35.66826248168945,33.75274658203125,380.2932434082031,16.287757873535156,,19.214441299438477,436.40234375,28.654926300048828,20.96441078186035,45.74773025512695
2023-11-17,86.33199310302734,21.98636817932129,23.740108489990234,28.9930362701416,35.76528549194336,33.74778366088867,380.38189697265625,16.31618309020996,,19.27320098876953,436.94512939453125,28.723480224609375,20.97899055480957,45.923423767089844
2023-11-20,86.46794891357422,22.003217697143555,23.662384033203125,29.144092559814453,36.02727508544922,34.572837829589844,385.0130310058594,16.3446102142334,,19.361339569091797,440.3086242675781,29.15927505493164,21.727548599243164,46.93851852416992
2023-11-21,86.55853271484375,22.011638641357422,23.671016693115234,29.191295623779297,35.920536041259766,34.130489349365234,382.77630615234375,16.221433639526367,,19.205625534057617,439.34893798828125,29.017276763916016,21.33382797241211,46.5871467590332
2023-11-22,86.64012908935547,22.10430335998535,23.869646072387695,29.210176467895508,36.10489273071289,34.42373275756836,384.343017578125,16.29723358154297,,19.356441497802734,441.0451965332031,29.227828979492188,21.581727981567383,47.12397766113281
2023-11-24,86.24131774902344,22.272785186767578,23.835102081298828,29.210176467895508,36.066078186035156,34.304439544677734,383.801025390625,16.283021926879883,,19.332937240600586,441.3165588378906,29.252315521240234,21.474790573120117,47.16301345825195
2023-11-27,86.73075103759766,22.230661392211914,23.679656982421875,29.13465118408203,36.066078186035156,34.24479675292969,383.4660949707031,16.268808364868164,,19.25851058959961,440.52178955078125,29.14948272705078,21.411602020263672,46.91899871826172
2023-11-28,87.11145782470703,21.792617797851562,23.541481018066406,28.951496124267578,36.14371109008789,34.413787841796875,384.4710998535156,16.268808364868164,,19.185060501098633,440.9579772949219,29.19355010986328,21.581727981567383,47.02637481689453
2023-11-29,87.53746795654297,21.514631271362305,23.420578002929688,28.75701332092285,36.26984786987305,34.334266662597656,384.0966491699219,16.3446102142334,,19.106714248657227,440.6477966308594,29.16417694091797,21.503955841064453,46.88972091674805
2023-11-30,87.24739837646484,21.6409912109375,23.56739044189453,28.738134384155273,36.308650970458984,34.15037155151367,383.1310119628906,16.325658798217773,,19.224231719970703,442.3827819824219,29.36493682861328,21.32410430908203,47.41679382324219
2023-12-01,88.01455688476562,21.480934143066406,23.239225387573242,28.058385848999023,36.63855743408203,34.34917449951172,384.2247619628906,16.373035430908203,,19.271238327026367,444.9999084472656,29.70279884338379,21.503955841064453,48.217159271240234
2023-12-04,87.67823791503906,21.649417877197266,23.411945343017578,28.25664520263672,36.3959846496582,33.688140869140625,380.6578063964844,16.268808364868164,,19.149803161621094,442.66387939453125,29.384517669677734,20.891498565673828,47.48511505126953
2023-12-05,88.25997924804688,21.607290267944336,23.22195053100586,27.869569778442383,36.541526794433594,33.85215377807617,381.6136474609375,16.35408592224121,19.018455505371094,19.094959259033203,442.57672119140625,29.374727249145508,21.042179107666016,47.426551818847656
2023-12-06,88.48723602294922,21.775772094726562,23.239225387573242,27.737394332885742,36.522125244140625,33.459510803222656,379.40643310546875,16.401458740234375,19.026050567626953,19.096921920776367,440.7931823730469,29.12989616394043,20.667905807495117,46.83115768432617
2023-12-07,88.51448822021484,21.801044464111328,23.03196144104004,27.482492446899414,36.667667388916016,34.39888000488281,384.7075500488281,16.401458740234375,19.092510223388672,19.146865844726562,444.1566162109375,29.55590057373047,21.53311538696289,47.84626007080078
2023-12-08,88.0691146850586,22.13800048828125,23.28240203857422,27.803483963012695,36.725887298583984,34.66727066040039,386.42205810546875,16.429885864257812,19.08301544189453,19.287887573242188,446.0661315917969,29.800731658935547,21.790740966796875,48.46116638183594
2023-12-11,88.07820892333984,22.13800048828125,23.394670486450195,28.115034103393555,36.87143325805664,35.26369094848633,389.7229309082031,16.420412063598633,19.11529541015625,19.459272384643555,447.8011474609375,30.0357666015625,22.344863891601562,49.017520904541016
2023-12-12,88.34178924560547,22.44968605041504,23.265132904052734,27.85068702697754,37.03638458251953,35.8253288269043,392.8268127441406,16.4962100982666,19.210235595703125,19.562101364135742,449.8463439941406,30.309980392456055,22.88440704345703,49.67147445678711
2023-12-13,89.45071411132812,21.725231170654297,23.101051330566406,27.444726943969727,37.69618225097656,36.719974517822266,397.82244873046875,16.690452575683594,19.68303871154785,19.759923934936523,456.04974365234375,31.12281608581543,23.69129180908203,51.68214797973633
2023-12-14,90.17267608642578,21.39669418334961,22.86787986755371,27.255910873413086,38.08430862426758,36.64044952392578,397.4776306152344,16.7311954498291,20.09033203125,19.712915420532227,457.513427734375,31.328472137451172,23.652406692504883,52.14089584350586
2023-12-15,89.96302795410156,21.388275146484375,23.006053924560547,27.114294052124023,37.977577209472656,36.90884017944336,399.3990478515625,16.780466079711914,19.9023494720459,19.78049087524414,456.7601318359375,31.20606231689453,23.934328079223633,51.90665054321289
2023-12-18,89.78070831298828,21.41354751586914,22.988780975341797,27.22758674621582,38.1522216796875,37.44561767578125,401.9147033691406,16.733089447021484,19.903301239013672,19.89996910095215,459.3294372558594,31.563507080078125,24.43498420715332,52.73629379272461
2023-12-19,89.89010620117188,21.45566177368164,22.988780975341797,27.31255340576172,38.37539291381836,37.81341552734375,403.9683532714844,16.856266021728516,20.084636688232422,20.05666160583496,462.1224670410156,31.935653686523438,24.799537658691406,53.653785705566406
2023-12-20,90.21827697753906,21.34615707397461,22.962873458862305,27.34087562561035,37.84172821044922,36.67307662963867,397.9654541015625,16.799415588378906,19.9108943939209,19.746213912963867,455.71881103515625,30.987911224365234,23.697654724121094,51.344322204589844
2023-12-21,90.20913696289062,21.421972274780273,22.90242576599121,27.15205955505371,38.21044921875,37.52385711669922,402.5959777832031,16.80889129638672,20.12735939025879,20.037073135375977,460.03985595703125,31.596193313598633,24.483671188354492,52.81158447265625
2023-12-22,90.09066772460938,21.245065689086914,22.971511840820312,27.14261817932129,38.26887512207031,37.62833786010742,403.1982421875,16.799415588378906,20.136850357055664,20.011613845825195,460.96441650390625,31.723731994628906,24.581310272216797,53.10503387451172
2023-12-26,90.27295684814453,21.285602569580078,22.92833137512207,27.114294052124023,38.5025749206543,38.066165924072266,405.66650390625,16.865741729736328,20.225147247314453,20.162429809570312,462.9108581542969,31.969005584716797,25.03046226501465,53.7310676574707
2023-12-27,90.84725189208984,21.213539123535156,22.946104049682617,27.23702621459961,38.580474853515625,38.210453033447266,406.4923095703125,17.153789520263672,20.57761001586914,20.290916442871094,463.7478332519531,32.08674240112305,25.16227912902832,54.02452087402344
2023-12-28,90.6467056274414,21.18651580810547,22.919443130493164,27.1048526763916,38.687591552734375,38.14080047607422,406.29473876953125,16.933631896972656,20.365558624267578,20.141674041748047,463.9230041503906,32.091644287109375,25.09881019592285,54.014739990234375
2023-12-29,90.47350311279297,21.258581161499023,22.892784118652344,27.208703994750977,38.26887512207031,37.81242752075195,404.5364074707031,16.729963302612305,20.297740936279297,19.974641799926758,462.5799865722656,31.919950485229492,24.75218391418457,53.54521179199219
2024-01-02,90.04508209228516,21.537822723388672,22.946104049682617,27.057649612426758,37.976741790771484,36.53874588012695,397.6907958984375,16.40021324157715,20.058944702148438,19.480464935302734,459.9911804199219,31.542234420776367,23.49748992919922,52.57682418823242
2024-01-03,90.09066772460938,21.438737869262695,22.892784118652344,27.15205955505371,37.947532653808594,35.757625579833984,393.48260498046875,16.429309844970703,19.920442581176758,19.24325942993164,456.234619140625,31.017343521118164,22.745649337768555,51.30519104003906
2024-01-04,89.72602081298828,21.627901077270508,23.070520401000977,27.085973739624023,37.75278091430664,35.364566802978516,391.45758056640625,16.099559783935547,19.790536880493164,18.999135971069336,454.7650146484375,30.801504135131836,22.364845275878906,50.767208099365234
2024-01-05,89.51634216308594,21.546831130981445,22.990541458129883,27.14261817932129,37.68461608886719,35.45412063598633,391.92181396484375,16.05591583251953,19.759016036987305,18.966522216796875,455.3879089355469,30.879993438720703,22.447837829589844,50.96282958984375
2024-01-08,89.8536376953125,21.627901077270508,23.13273048400879,27.2181453704834,38.239654541015625,36.906917572021484,400.0220031738281,16.262493133544922,20.046525955200195,19.450815200805664,461.8890075683594,31.758075714111328,23.80017852783203,53.08547592163086
2024-01-09,89.83541870117188,21.537822723388672,23.159391403198242,27.04821014404297,38.16175842285156,37.05120086669922,400.8122863769531,16.118955612182617,19.942411422729492,19.33023452758789,461.188232421875,31.645244598388672,23.956403732299805,52.82136154174805
2024-01-10,89.66223907470703,21.63060188293457,23.3726806640625,27.170942306518555,38.35651397705078,37.53380584716797,403.52880859375,16.240188598632812,20.011184692382812,19.54767417907715,463.79644775390625,32.00334930419922,24.429967880249023,53.7310676574707
2024-01-11,90.17267608642578,21.40270233154297,23.177169799804688,27.15205955505371,38.43441390991211,37.65321350097656,404.3685302734375,16.371116638183594,20.080915451049805,19.551626205444336,463.5921325683594,31.95920181274414,24.547138214111328,53.594120025634766
2024-01-12,90.3367691040039,21.195524215698242,23.186052322387695,27.274789810180664,38.51231384277344,37.702972412109375,404.5759582519531,16.366268157958984,20.155418395996094,19.59906768798828,463.91326904296875,31.983722686767578,24.57642936706543,53.67237854003906
2024-01-16,89.66223907470703,21.474767684936523,23.328245162963867,27.085973739624023,38.249393463134766,37.68804931640625,404.5364074707031,16.177146911621094,19.753284454345703,19.431047439575195,462.2101135253906,31.743356704711914,24.561786651611328,53.07568359375
2024-01-17,89.41608428955078,21.86210823059082,23.3726806640625,26.925477981567383,37.957271575927734,37.245235443115234,402.2545166015625,15.92983341217041,19.6109619140625,19.16518211364746,459.6408386230469,31.39016342163086,24.137041091918945,52.13664245605469
2024-01-18,89.33403778076172,21.754009246826172,23.408227920532227,26.81218719482422,38.16175842285156,38.30995559692383,407.9642028808594,16.177146911621094,19.715076446533203,19.470582962036133,463.7283935546875,31.929763793945312,25.172046661376953,53.48652267456055
2024-01-19,89.35226440429688,21.835079193115234,23.44377326965332,27.038766860961914,38.63890075683594,39.79758071899414,416.0545654296875,16.303226470947266,19.89751625061035,19.865924835205078,469.50927734375,32.71464538574219,26.626903533935547,55.49177551269531
2024-01-22,89.51634216308594,21.7450008392334,23.53264617919922,27.123737335205078,38.775230407714844,39.89708709716797,416.5978698730469,16.293527603149414,20.004499435424805,19.954875946044922,470.50201416015625,32.85199737548828,26.73431396484375,55.80479049682617
2024-01-23,89.29759979248047,21.627901077270508,23.53264617919922,26.878271102905273,38.80443572998047,40.21550369262695,418.32659912109375,16.361419677734375,19.998767852783203,20.044816970825195,471.8741760253906,33.05311584472656,27.051647186279297,56.2645378112793
2024-01-24,89.09703063964844,21.537822723388672,23.45266342163086,26.538400650024414,38.84339141845703,40.64338302612305,420.64788818359375,16.206241607666016,20.002588272094727,19.944992065429688,472.3900451660156,33.097267150878906,27.49591827392578,56.42104721069336
2024-01-25,89.49813079833984,21.492782592773438,23.470436096191406,26.727218627929688,38.95050811767578,40.72298812866211,421.16162109375,16.355600357055664,20.140134811401367,20.17824363708496,474.95928955078125,33.45536804199219,27.57402801513672,57.320960998535156
2024-01-26,89.39784240722656,21.60988426208496,23.594852447509766,26.887714385986328,38.98945236206055,40.2254524230957,418.6524963378906,16.390514373779297,20.14491081237793,20.183183670043945,474.35589599609375,33.367069244384766,27.066295623779297,57.086204528808594
2024-01-29,89.75336456298828,21.596370697021484,23.62151527404785,27.23702621459961,39.37895965576172,41.061309814453125,422.9396667480469,16.565088272094727,20.35791778564453,20.479692459106445,478.1125183105469,33.87723922729492,27.862075805664062,58.41652297973633
2024-01-30,89.92658996582031,21.69095802307129,23.63039779663086,26.97268295288086,39.37895965576172,40.48914337158203,420.1244201660156,16.515625,20.343591690063477,20.419403076171875,477.74273681640625,33.808563232421875,27.305519104003906,58.23066329956055
2024-01-31,90.3367691040039,21.411712646484375,23.45266342163086,26.934919357299805,38.931026458740234,38.906986236572266,411.89569091796875,16.5165958404541,20.190759658813477,19.767087936401367,469.9472351074219,32.71464538574219,25.699308395385742,55.39395523071289
2024-02-01,90.85152435302734,21.258581161499023,23.674837112426758,27.133176803588867,39.50554656982422,39.832401275634766,416.74603271484375,16.676620483398438,20.531763076782227,20.26917266845703,476.0979919433594,33.54856872558594,26.607376098632812,57.48725128173828
2024-02-02,90.01951599121094,21.781036376953125,23.817026138305664,27.1048526763916,39.69057083129883,41.165794372558594,423.7892761230469,16.664012908935547,20.412364959716797,20.645734786987305,481.1100769042969,34.2402458190918,27.945070266723633,59.26752471923828
2024-02-05,89.2789535522461,21.9611873626709,23.71038246154785,27.161500930786133,39.262107849121094,41.01652908325195,423.236083984375,16.409912109375,20.192670822143555,20.46980857849121,479.35821533203125,33.99006271362305,27.803491592407227,58.60237121582031
2024-02-06,89.74522399902344,21.94317626953125,23.71927261352539,27.1048526763916,39.49581527709961,40.86727523803711,422.3865051269531,16.468101501464844,20.259532928466797,20.491552352905273,480.74993896484375,34.17156982421875,27.642379760742188,59.08168029785156
2024-02-07,89.5624008178711,21.844087600708008,23.737043380737305,27.28423309326172,39.865840911865234,41.68819808959961,426.7330017089844,16.574787139892578,20.431467056274414,20.78805923461914,484.7596130371094,34.730796813964844,28.46745491027832,60.52936935424805
2024-02-08,89.28810119628906,21.979206085205078,23.82591438293457,27.444726943969727,39.768463134765625,41.822532653808594,427.52325439453125,16.574787139892578,20.381797790527344,20.824626922607422,484.97369384765625,34.760231018066406,28.584625244140625,60.597843170166016
2024-02-09,89.26067352294922,22.08730697631836,23.897010803222656,27.567461013793945,39.93400955200195,42.6285400390625,431.73138427734375,16.70086669921875,20.47922706604004,21.15078353881836,487.77655029296875,35.157569885253906,29.42434310913086,61.5955810546875
2024-02-12,89.2789535522461,22.231433868408203,23.852571487426758,27.633546829223633,39.92426681518555,42.28025817871094,430.04217529296875,16.750329971313477,20.523164749145508,21.179447174072266,487.5625,35.103607177734375,29.077714920043945,61.47819519042969
2024-02-13,88.45611572265625,22.55571174621582,23.71927261352539,27.71379280090332,39.29132080078125,40.95185089111328,423.3348388671875,16.459375381469727,19.9930362701416,20.709978103637695,480.84722900390625,34.142127990722656,27.700965881347656,58.96429443359375
2024-02-14,88.8492660522461,22.609760284423828,23.852571487426758,27.723234176635742,39.71004104614258,41.85239028930664,427.9480285644531,16.66886329650879,20.285324096679688,21.111249923706055,485.2170104980469,34.75041198730469,28.579740524291992,60.51958465576172
2024-02-15,89.0595474243164,22.627779006958008,24.00365447998047,27.897890090942383,39.93400955200195,42.06135177612305,429.22235107421875,16.80755043029785,20.488780975341797,21.338571548461914,488.56488037109375,35.206626892089844,28.818965911865234,61.66404724121094
2024-02-16,88.7761001586914,22.816940307617188,23.95033073425293,27.92621421813965,39.71004104614258,41.30012893676758,425.3302917480469,16.652374267578125,20.368425369262695,21.05194854736328,486.1318359375,34.848533630371094,28.02806854248047,60.71522521972656
2024-02-20,88.85839080810547,22.51067543029785,23.772592544555664,27.61466407775879,39.4373893737793,40.668251037597656,422.11981201171875,16.458402633666992,20.318754196166992,20.755443572998047,483.45550537109375,34.46590042114258,27.378747940063477,59.69792175292969
2024-02-21,88.5932388305664,22.600749969482422,23.905899047851562,27.491933822631836,39.5250244140625,40.32993698120117,420.43060302734375,16.32262420654297,20.291053771972656,20.656606674194336,483.8934020996094,34.510047912597656,27.03700065612793,59.83486557006836
2024-02-22,88.66639709472656,22.816940307617188,24.1369571685791,27.652427673339844,40.2456169128418,42.68326187133789,432.739013671875,16.75905990600586,20.619640350341797,21.70821762084961,493.9078063964844,35.927734375,29.375520706176758,63.5225830078125
2024-02-23,88.99552154541016,22.84396743774414,24.199167251586914,27.737394332885742,40.226139068603516,42.40961837768555,431.4646911621094,16.88513946533203,20.723752975463867,21.739843368530273,494.24847412109375,35.97188186645508,29.107006072998047,63.60083770751953
2024-02-26,88.80353546142578,22.825946807861328,24.181392669677734,27.756277084350586,40.070335388183594,42.359867095947266,431.2373962402344,16.8502254486084,20.64065170288086,21.595542907714844,492.4382629394531,35.70207214355469,29.067951202392578,62.896549224853516
2024-02-27,88.6846694946289,22.889005661010742,24.26137351989746,27.661867141723633,40.119014739990234,42.5638542175293,432.27471923828125,16.831796646118164,20.632057189941406,21.644962310791016,493.3530578613281,35.81489944458008,29.24858856201172,63.20957565307617
2024-02-28,88.85839080810547,22.753881454467773,24.208051681518555,27.482492446899414,40.0800666809082,42.08125305175781,429.9730224609375,16.760997772216797,20.612953186035156,21.447290420532227,492.7010498046875,35.70698165893555,28.7750244140625,62.906333923339844
2024-02-29,89.00467681884766,22.690828323364258,24.305810928344727,27.5768985748291,40.41114807128906,42.80765151977539,433.65765380859375,16.80755043029785,20.6798152923584,21.674612045288086,494.4722595214844,35.95226287841797,29.468278884887695,63.5225830078125
2024-03-01,89.43196868896484,22.366546630859375,24.501323699951172,27.78459930419922,40.790916442871094,44.086299896240234,440.1872253417969,17.084928512573242,20.988340377807617,22.020538330078125,499.1145324707031,36.624305725097656,30.820619583129883,65.31262969970703
2024-03-04,89.21192169189453,22.366546630859375,24.554643630981445,27.69963264465332,40.722747802734375,43.72807693481445,438.6165771484375,17.050983428955078,20.89664649963379,21.99088478088379,498.57928466796875,36.52619552612305,30.454465866088867,65.05831909179688
2024-03-05,89.69791412353516,22.159364700317383,24.332469940185547,27.567461013793945,40.41114807128906,42.17081069946289,430.74359130859375,16.889019012451172,20.846975326538086,21.536243438720703,493.5964050292969,35.80018997192383,28.82384490966797,63.08240509033203
2024-03-06,89.83543395996094,22.1413516998291,24.430225372314453,27.491933822631836,40.790916442871094,42.688236236572266,433.4502258300781,17.05001449584961,21.042787551879883,21.773447036743164,496.09759521484375,36.15828323364258,29.355995178222656,64.06056213378906
2024-03-07,90.02801513671875,22.294485092163086,24.510210037231445,27.482492446899414,41.10252380371094,43.971866607666016,440.0291748046875,17.153789520263672,21.291135787963867,22.089719772338867,501.0220642089844,36.86957931518555,30.66439437866211,65.91910552978516
2024-03-08,90.11054229736328,22.0440673828125,24.21693992614746,27.38808250427246,40.85907745361328,42.668331146240234,433.6774597167969,16.94915008544922,21.209945678710938,21.674612045288086,498.01483154296875,36.423179626464844,29.321821212768555,64.6963882446289
2024-03-11,90.00968933105469,22.150358200073242,24.101409912109375,27.425844192504883,40.71302032470703,42.34494400024414,432.06732177734375,16.905506134033203,21.117292404174805,21.605426788330078,497.58660888671875,36.339786529541016,28.98007583618164,64.4811782836914
2024-03-12,89.78044128417969,22.294485092163086,24.181392669677734,27.529695510864258,40.98566436767578,43.57384490966797,438.2609558105469,17.040315628051758,21.24433135986328,22.16878890991211,502.9393310546875,37.114864349365234,30.210357666015625,66.54512786865234
2024-03-13,89.61539459228516,22.717853546142578,24.483549118041992,27.70907211303711,40.927242279052734,42.86735916137695,434.8924865722656,17.05486297607422,21.166961669921875,22.13913917541504,502.1509704589844,37.00202941894531,29.507335662841797,66.19300079345703
2024-03-14,89.04685974121094,22.84396743774414,24.572418212890625,27.888450622558594,40.703277587890625,42.643463134765625,433.79595947265625,16.86865234375,20.91765785217285,21.951351165771484,501.1583557128906,36.81562042236328,29.26811408996582,65.7332534790039
2024-03-15,89.03768157958984,23.177257537841797,24.687950134277344,27.991357803344727,40.37220001220703,41.61357498168945,428.63946533203125,16.856042861938477,20.803991317749023,21.91181755065918,497.7170715332031,36.305450439453125,28.198936462402344,64.30513000488281
2024-03-18,88.94597625732422,23.231306076049805,24.839027404785156,28.18111801147461,40.62538528442383,42.3996696472168,432.72760009765625,16.942359924316406,20.86798858642578,22.040302276611328,500.6750793457031,36.7469482421875,28.994718551635742,65.45936584472656
2024-03-19,89.16606140136719,22.889005661010742,25.0345401763916,28.228322982788086,40.898033142089844,42.59867858886719,433.8057556152344,17.069412231445312,20.997894287109375,22.346694946289062,503.4573974609375,37.15409469604492,29.194881439208984,66.55492401123047
2024-03-20,89.34945678710938,22.816940307617188,25.221160888671875,28.133913040161133,41.23884963989258,43.61180877685547,438.94927978515625,17.298297882080078,21.229049682617188,22.722267150878906,508.11395263671875,37.80707931518555,30.231168746948242,68.35115814208984
2024-03-21,89.41364288330078,22.70884132385254,25.372241973876953,28.058385848999023,41.404380798339844,43.990177154541016,441.0264587402344,17.338062286376953,21.292091369628906,22.85075569152832,509.79327392578125,38.028350830078125,30.623146057128906,68.92932891845703
2024-03-22,89.69791412353516,22.39356803894043,25.274486541748047,28.125417709350586,41.47760009765625,44.064857482910156,441.5309753417969,17.298297882080078,21.313106536865234,22.85075569152832,508.8266906738281,37.91525650024414,30.686845779418945,68.60594177246094
2024-03-25,89.5328369140625,22.63825798034668,25.301145553588867,28.24720573425293,41.262840270996094,43.756187438964844,439.9285583496094,17.297325134277344,21.221406936645508,22.85075569152832,507.42095947265625,37.6890754699707,30.37326431274414,68.02777862548828
2024-03-26,89.62454223632812,22.602008819580078,25.235912322998047,28.124473571777344,41.30188751220703,43.472412109375,438.504150390625,17.281808853149414,21.2529296875,22.702499389648438,506.4836730957031,37.5169792175293,30.089078903198242,67.45940399169922
2024-03-27,89.91796875,22.59294891357422,25.271656036376953,28.294408798217773,41.58498001098633,43.76116943359375,439.99774169921875,17.442806243896484,21.419132232666016,23.107725143432617,510.7401428222656,38.146358489990234,30.35366439819336,69.17430877685547
2024-03-28,89.80792999267578,22.611074447631836,25.629108428955078,28.218881607055664,41.22379684448242,43.552066802978516,439.1866760253906,17.59798240661621,21.4277286529541,23.097843170166016,510.64251708984375,38.11684799194336,30.16257667541504,69.13511657714844
2024-04-01,89.15496826171875,22.964508056640625,25.888254165649414,28.502111434936523,41.25307846069336,43.756187438964844,440.1164855957031,17.50390625,21.203258514404297,23.167028427124023,509.7541198730469,37.98409652709961,30.34876251220703,68.78234100341797
2024-04-02,89.09058380126953,22.991697311401367,25.79889488220215,28.662607192993164,41.067604064941406,42.97953796386719,436.318115234375,17.39916229248047,21.015085220336914,23.127492904663086,506.5130615234375,37.47764205932617,29.535411834716797,67.39081573486328
2024-04-03,89.14575958251953,22.991697311401367,25.8167667388916,28.643722534179688,41.07737350463867,43.14881134033203,437.2974548339844,17.551427841186523,21.109651565551758,23.07807731628418,507.0694580078125,37.56122970581055,29.731401443481445,67.58679962158203
2024-04-04,89.35730743408203,22.901073455810547,25.512935638427734,28.65316390991211,40.804039001464844,41.80461120605469,430.6108093261719,17.385583877563477,20.933897018432617,22.583898544311523,500.8801574707031,36.60732650756836,28.33008575439453,65.00953674316406
2024-04-05,88.91584014892578,23.26357650756836,25.87932014465332,28.662607192993164,41.174983978271484,42.80030822753906,435.68511962890625,17.580524444580078,21.004579544067383,23.196678161621094,506.1126708984375,37.379295349121094,29.329626083374023,67.0282211303711
2024-04-08,88.83307647705078,23.43576431274414,26.022302627563477,28.672046661376953,40.96023178100586,42.82520294189453,435.8136901855469,17.656171798706055,21.023685455322266,23.37458038330078,506.3958740234375,37.40388107299805,29.349224090576172,67.08702850341797
2024-04-09,89.13658142089844,23.209199905395508,25.870386123657227,28.738134384155273,41.25307846069336,43.123924255371094,437.4259948730469,17.6105899810791,21.09723472595215,23.176912307739258,506.9815979003906,37.4825553894043,29.653005599975586,67.32220458984375
2024-04-10,88.06969451904297,23.952327728271484,26.361879348754883,28.974157333374023,40.50143051147461,42.33731460571289,433.6079406738281,17.554338455200195,20.56519317626953,23.107725143432617,501.9051513671875,36.735164642333984,28.87395477294922,65.34272003173828
2024-04-11,88.08809661865234,24.151704788208008,26.522729873657227,29.12520980834961,40.706417083740234,43.70640182495117,440.53192138671875,17.7677059173584,20.72279930114746,23.720504760742188,505.69305419921875,37.27112579345703,30.231168746948242,66.73424530029297
2024-04-12,88.25366973876953,24.061079025268555,26.15634536743164,29.153532028198242,40.16952896118164,42.29250717163086,433.509033203125,17.500995635986328,20.42191505432129,22.890287399291992,498.71282958984375,36.21887969970703,28.77106285095215,63.89239501953125
2024-04-15,87.7202377319336,24.405452728271484,26.48698616027832,29.587814331054688,39.76930236816406,40.88357925415039,426.3773498535156,17.622228622436523,20.058944702148438,22.890287399291992,492.4648742675781,35.30923080444336,27.325645446777344,61.511138916015625
2024-04-16,87.471923828125,24.49608612060547,26.424428939819336,29.531169891357422,39.5252571105957,40.88357925415039,426.4169006347656,17.583433151245117,19.991127014160156,22.880403518676758,491.56671142578125,35.18138885498047,27.330547332763672,61.11915969848633
2024-04-17,87.87657928466797,24.423580169677734,26.022302627563477,29.323467254638672,39.32025909423828,39.882904052734375,421.2140197753906,17.34193992614746,20.004499435424805,22.346694946289062,488.65753173828125,34.74376678466797,26.31630516052246,60.031429290771484
2024-04-18,87.62826538085938,24.523271560668945,26.111661911010742,29.455642700195312,39.251922607421875,39.3950080871582,418.8104248046875,17.39916229248047,19.8889217376709,22.445528030395508,487.6520080566406,34.58151626586914,25.84593391418457,59.5610466003418
2024-04-19,87.7202377319336,24.62295913696289,26.147409439086914,29.36311912536621,39.105499267578125,37.77699279785156,410.1455993652344,17.33127212524414,19.76092529296875,22.21820640563965,483.3956298828125,33.98162841796875,24.243732452392578,57.97353744506836
2024-04-22,87.77542114257812,24.70452117919922,26.120601654052734,29.13465118408203,39.22264099121094,38.5187873840332,414.270263671875,17.282779693603516,20.001632690429688,22.386226654052734,487.8472900390625,34.58151626586914,24.949291229248047,59.53165054321289
2024-04-23,87.9593505859375,24.677335739135742,26.326133728027344,28.96471405029297,39.72049331665039,39.673805236816406,420.4524230957031,17.378795623779297,20.273860931396484,22.445528030395508,493.6363830566406,35.42232131958008,26.061521530151367,61.667930603027344
2024-04-24,87.72942352294922,24.595766067504883,26.344003677368164,29.087444305419922,39.65215301513672,39.93268966674805,421.8768005371094,17.4340763092041,20.202220916748047,22.85075569152832,493.4021301269531,35.37806701660156,26.31630516052246,61.61893844604492
2024-04-25,87.48114013671875,24.994524002075195,26.352941513061523,29.25360679626465,39.486209869384766,39.509517669677734,419.8392028808594,17.505844116210938,20.058944702148438,22.722267150878906,491.5277099609375,35.06829071044922,25.894933700561523,60.785980224609375
2024-04-26,87.67424774169922,25.06702423095703,26.996347427368164,29.37067413330078,39.66191864013672,40.73920440673828,426.3179931640625,17.7871036529541,20.202220916748047,23.354814529418945,496.18438720703125,35.75175857543945,27.085561752319336,62.54008483886719
2024-04-29,87.94096374511719,24.9129581451416,26.621030807495117,29.078004837036133,40.00357437133789,41.0528450012207,428.0489807128906,17.631925582885742,20.403766632080078,23.03853988647461,497.941650390625,35.9877815246582,27.4089412689209,63.147647857666016
2024-04-30,87.58226776123047,24.82233238220215,26.746137619018555,29.39899444580078,39.349544525146484,39.48959732055664,419.9776306152344,17.554338455200195,20.042705535888672,22.771686553955078,490.05364990234375,34.84703063964844,25.84103775024414,60.168617248535156
2024-05-01,87.89134216308594,24.713586807250977,26.49591827392578,29.219619750976562,39.32025909423828,38.9071044921875,416.9409484863281,17.42825698852539,20.068496704101562,22.53447914123535,488.46234130859375,34.61100769042969,25.282470703125,59.482662200927734
2024-05-02,88.28804016113281,24.731708526611328,25.977617263793945,28.526657104492188,39.68144226074219,39.88787841796875,422.2625427246094,17.117904663085938,20.33881378173828,22.13913917541504,493.0311279296875,35.235477447509766,26.218311309814453,61.11915969848633
2024-05-03,88.74008178710938,24.668270111083984,25.897193908691406,28.01118278503418,40.26714324951172,41.48100280761719,430.7493591308594,17.166397094726562,20.69223403930664,22.346694946289062,499.14239501953125,36.12053680419922,27.781320571899414,63.392642974853516
2024-05-06,88.80467224121094,24.650144577026367,26.05804443359375,27.897890090942383,40.7259521484375,42.40700912475586,435.467529296875,17.437955856323242,20.86130142211914,22.95947265625,504.2969055175781,36.85317611694336,28.692663192749023,65.35252380371094
2024-05-07,88.98918151855469,24.54139518737793,26.2099609375,27.85068702697754,40.7259521484375,42.3870964050293,435.5367736816406,17.467050552368164,20.952045440673828,22.979238510131836,504.8534240722656,36.92692947387695,28.692663192749023,65.54852294921875
2024-05-08,88.80467224121094,24.505146026611328,26.317197799682617,28.1622371673584,40.706417083740234,42.34228515625,435.2796325683594,17.476749420166016,20.88995933532715,23.07807731628418,504.9022521972656,36.931846618652344,28.63876724243164,65.51911926269531
2024-05-09,88.97071075439453,24.47796058654785,26.45123863220215,28.00646209716797,40.89189529418945,42.496620178222656,436.2291259765625,17.641624450683594,21.042787551879883,23.196678161621094,507.8114318847656,37.325218200683594,28.795560836791992,66.57745361328125
2024-05-10,88.78622436523438,24.867647171020508,26.433368682861328,28.096149444580078,40.804039001464844,42.700740814208984,437.2578430175781,17.641624450683594,21.01890754699707,23.49318504333496,508.46551513671875,37.43338394165039,28.99154281616211,66.86163330078125
2024-05-13,88.83235168457031,25.12139892578125,26.540605545043945,28.067827224731445,40.92118453979492,42.88991928100586,438.2667236328125,17.651323318481445,21.03801155090332,23.384464263916016,508.5338439941406,37.43338394165039,29.182634353637695,66.82244110107422
2024-05-14,89.07219696044922,25.094213485717773,26.47804832458496,27.992300033569336,41.12617874145508,43.42262649536133,441.08575439453125,17.806499481201172,21.2147216796875,23.661205291748047,510.8670959472656,37.75299072265625,29.726499557495117,67.72398376464844
2024-05-15,89.66263580322266,24.82233238220215,26.236772537231445,27.718515396118164,41.78021240234375,44.756866455078125,447.9801330566406,17.913183212280273,21.5528564453125,23.928058624267578,517.1930541992188,38.682315826416016,31.098419189453125,70.20325469970703
2024-05-16,89.5611572265625,24.96733283996582,26.308259963989258,27.727954864501953,41.711883544921875,44.57266616821289,447.07012939453125,17.88893699645996,21.46116065979004,23.933002471923828,516.1290283203125,38.50038528442383,30.907331466674805,69.73287963867188
2024-05-17,89.27515411376953,25.284526824951172,26.549537658691406,27.869569778442383,41.6533088684082,44.52785873413086,446.8525085449219,18.12655258178711,21.449695587158203,24.165266036987305,516.8709716796875,38.62331008911133,30.838733673095703,70.00726318359375
2024-05-20,89.192138671875,25.583589553833008,26.719327926635742,27.718515396118164,41.74116134643555,45.13523483276367,449.9682312011719,18.121702194213867,21.45351791381836,24.392587661743164,517.4664916992188,38.69706344604492,31.475696563720703,70.21305847167969
2024-05-21,89.35820007324219,25.511089324951172,26.665712356567383,27.727954864501953,41.76069641113281,45.28957748413086,450.8486022949219,18.136249542236328,21.487905502319336,24.367877960205078,518.7354736328125,38.87407302856445,31.637386322021484,70.69322204589844
2024-05-22,89.24748992919922,25.438587188720703,26.53166389465332,27.482492446899414,41.74116134643555,45.274635314941406,450.75958251953125,17.816198348999023,21.338895797729492,23.918176651000977,517.241943359375,38.633140563964844,31.617788314819336,70.04647064208984
2024-05-23,88.99839782714844,25.239212036132812,26.469112396240234,27.510812759399414,41.3506965637207,44.83652877807617,448.7318420410156,17.641624450683594,21.121112823486328,23.631553649902344,513.4638671875,38.05785369873047,31.147415161132812,68.41975402832031
2024-05-24,89.09990692138672,25.01264762878418,26.522729873657227,27.605222702026367,41.633792877197266,45.68286895751953,452.9752197265625,17.748308181762695,21.300687789916992,23.809457778930664,516.8612060546875,38.56430435180664,32.01955795288086,69.78186798095703
2024-05-28,88.68473815917969,25.3660888671875,26.808692932128906,27.794042587280273,41.61426544189453,46.00647735595703,454.6864013671875,17.8743896484375,21.176513671875,24.15538215637207,517.222412109375,38.59872055053711,32.3674430847168,69.90927124023438
2024-05-29,88.3433837890625,25.29177474975586,26.728261947631836,28.25664520263672,41.37997817993164,45.35927200317383,451.4816589355469,17.680418014526367,20.85175132751465,23.769922256469727,513.6004638671875,38.04801940917969,31.691280364990234,68.40016174316406
2024-05-30,88.75853729248047,25.017179489135742,26.53166389465332,28.02062225341797,40.94070053100586,44.36854934692383,446.6447448730469,17.505844116210938,20.909061431884766,23.325164794921875,510.1934509277344,37.53173065185547,30.672142028808594,66.99882507324219
2024-05-31,89.0445327758789,24.740774154663086,26.48698616027832,27.94509506225586,41.272605895996094,44.36854934692383,445.8138732910156,17.564037322998047,21.090547561645508,23.710620880126953,514.8403930664062,38.19060516357422,30.637847900390625,68.76273345947266
2024-06-03,89.58314514160156,24.70452117919922,26.245708465576172,27.558019638061523,41.43855667114258,44.65231704711914,448.2075500488281,17.564037322998047,21.300687789916992,23.354814529418945,515.2601928710938,38.24961853027344,30.936725616455078,68.92932891845703
2024-06-04,89.90703582763672,24.35108184814453,25.8167667388916,27.293672561645508,41.73140335083008,44.87635040283203,449.4341125488281,17.39916229248047,21.343671798706055,23.058307647705078,515.8361206054688,38.323368072509766,31.167015075683594,69.105712890625
2024-06-05,90.18466186523438,24.26951789855957,26.102725982666016,27.208703994750977,42.24877166748047,46.68852996826172,458.49462890625,17.680418014526367,21.52993392944336,23.67108917236328,521.9668579101562,39.24777603149414,33.048500061035156,71.55557250976562
2024-06-06,90.2124252319336,24.1245174407959,26.165281295776367,27.161500930786133,42.219486236572266,46.648712158203125,458.33636474609375,17.748308181762695,21.644556045532227,23.680971145629883,521.9570922851562,39.22809982299805,33.009300231933594,71.52618408203125
2024-06-07,89.41655731201172,24.396394729614258,26.379751205444336,27.14261817932129,42.05354309082031,46.539180755615234,457.93084716796875,17.51554298400879,21.319791793823242,23.60190200805664,521.322509765625,39.10517883300781,32.88681411743164,71.18319702148438
2024-06-10,89.342529296875,24.514209747314453,26.612092971801758,27.34087562561035,42.082828521728516,46.907588958740234,459.780517578125,17.534940719604492,21.346538543701172,23.730390548706055,522.933349609375,39.3411979675293,33.23469161987305,71.8299789428711
2024-06-11,89.64793395996094,24.35108184814453,26.540605545043945,27.189821243286133,42.15115737915039,47.52989959716797,462.9358215332031,17.486448287963867,21.424861907958984,23.641437530517578,524.1927490234375,39.518211364746094,33.92064666748047,72.31993865966797
2024-06-12,90.07362365722656,24.151704788208008,26.45123863220215,27.057649612426758,42.707576751708984,48.779518127441406,468.999267578125,17.69011688232422,21.71141815185547,24.046663284301758,528.4979248046875,40.17708969116211,35.258270263671875,74.08384704589844
2024-06-13,90.527099609375,23.9342041015625,26.27251434326172,26.897153854370117,42.87352752685547,49.2823371887207,471.5413513183594,17.583433151245117,21.7496280670166,23.77980613708496,529.5620727539062,40.31476593017578,35.82173538208008,74.5444107055664
2024-06-14,90.6196060180664,23.925138473510742,26.27251434326172,26.897153854370117,43.1663818359375,49.770240783691406,473.9844970703125,17.534940719604492,21.740076065063477,23.730390548706055,529.8843383789062,40.34427261352539,36.34109878540039,74.55420684814453
2024-06-17,90.29574584960938,24.039329528808594,26.522729873657227,27.06709098815918,43.34209442138672,50.980018615722656,479.7907409667969,17.627077102661133,21.77541732788086,24.1059627532959,534.1015014648438,40.97856521606445,37.65911865234375,76.30831146240234
2024-06-18,90.6196060180664,23.997642517089844,26.522729873657227,26.953798294067383,43.459228515625,50.99494934082031,479.9390869140625,17.719213485717773,21.900545120239258,24.175148010253906,535.4586181640625,41.18016815185547,37.6787223815918,76.86688232421875
2024-06-20,90.46231079101562,24.015766143798828,26.853368759155273,27.255910873413086,43.20542526245117,50.18345260620117,476.23974609375,17.79680061340332,21.8308162689209,24.38270378112793,534.0039672851562,40.93923568725586,36.791873931884766,76.19071960449219
2024-06-21,90.47154235839844,24.1245174407959,26.772945404052734,27.23702621459961,43.078529357910156,49.884742736816406,474.9637145996094,17.719213485717773,21.761089324951172,24.165266036987305,533.2880859375,40.7622184753418,36.453800201416016,75.65174102783203
2024-06-24,90.54559326171875,24.314828872680664,26.88018226623535,27.010446548461914,43.000431060791016,48.76457595825195,469.55645751953125,17.738611221313477,21.797386169433594,24.07631492614746,531.5545654296875,40.52620315551758,35.21906661987305,75.0539779663086
2024-06-25,90.53634643554688,24.3421688079834,26.817625045776367,27.208703994750977,43.23048782348633,49.874786376953125,474.92608642578125,17.709514617919922,21.82604217529297,24.165266036987305,533.6014404296875,40.86056137084961,36.39499282836914,75.8869400024414
2024-06-26,90.129150390625,24.579120635986328,26.96954345703125,27.350317001342773,43.14237976074219,50.077125549316406,475.9068908691406,17.719213485717773,21.682764053344727,24.30363655090332,534.2673950195312,40.954689025878906,36.62272262573242,76.19454956054688
2024-06-27,90.27722930908203,24.487987518310547,27.000185012817383,27.32577133178711,43.26963806152344,50.30638122558594,477.1353454589844,17.765766143798828,21.720972061157227,24.30363655090332,535.1096801757812,41.0631103515625,36.8883171081543,76.47954559326172
2024-06-28,89.8330078125,24.53355598449707,27.090303421020508,27.529695510864258,42.985748291015625,49.74321365356445,474.6585693359375,17.758007049560547,21.671300888061523,24.224567413330078,533.0040283203125,40.708274841308594,36.30794143676758,75.51641845703125
2024-07-01,89.3512191772461,24.606462478637695,27.531896591186523,27.680749893188477,42.78016662597656,50.351234436035156,477.4425354003906,17.748308181762695,21.47262191772461,24.659442901611328,534.1008911132812,40.88569641113281,36.903076171875,75.94884490966797
2024-07-02,89.64827728271484,24.670257568359375,27.441774368286133,27.624103546142578,43.161956787109375,51.39284896850586,482.4554748535156,17.845293045043945,21.71141815185547,24.748395919799805,537.6951904296875,41.4179573059082,38.03431701660156,77.4328384399414
2024-07-03,90.13098907470703,24.51532745361328,27.45078468322754,27.61466407775879,43.54374694824219,52.22514343261719,486.4777526855469,18.12655258178711,21.902456283569336,25.22280502319336,540.0947875976562,41.76786804199219,38.96881866455078,78.4057846069336
2024-07-05,90.58587646484375,24.18724250793457,27.41473960876465,27.822362899780273,43.93532943725586,53.286685943603516,491.55023193359375,18.281728744506836,22.198564529418945,25.311756134033203,543.2093505859375,42.25577926635742,40.14923858642578,79.72270202636719
2024-07-08,90.61373138427734,24.196353912353516,27.279556274414062,27.93565559387207,43.8765983581543,53.55082702636719,492.71923828125,18.25263214111328,22.179460525512695,25.20303726196289,543.8361206054688,42.329708099365234,40.41483688354492,79.96839904785156
2024-07-09,90.53016662597656,24.18724250793457,27.39671516418457,27.94509506225586,43.89617156982422,53.605648040771484,493.14520263671875,18.204139709472656,22.09349250793457,25.3018741607666,544.3649291992188,42.403629302978516,40.50337600708008,80.16494750976562
2024-07-10,90.62303161621094,24.205467224121094,27.558931350708008,28.133913040161133,44.29753494262695,54.73697280883789,498.2869873046875,18.495094299316406,22.341842651367188,25.904767990112305,549.7516479492188,43.23652648925781,41.7723274230957,82.47447204589844
2024-07-11,91.08717346191406,23.932065963745117,27.180423736572266,28.039505004882812,43.80805969238281,52.299896240234375,487.3594665527344,18.145946502685547,22.475570678710938,25.035017013549805,545.0113525390625,42.46769714355469,39.0278434753418,80.3516845703125
2024-07-12,91.33782958984375,23.7042293548584,27.126352310180664,28.0914306640625,44.385643005371094,52.89296340942383,490.22271728515625,18.1750431060791,22.56153678894043,25.193153381347656,548.4490356445312,42.98517990112305,39.66231918334961,81.78654479980469
2024-07-15,91.02220916748047,23.9958553314209,27.144378662109375,28.313291549682617,44.46396255493164,53.18701171875,491.540283203125,18.068359375,22.58064079284668,25.212921142578125,549.957275390625,43.21681213378906,39.95742416381836,82.45481872558594
2024-07-16,91.3935317993164,23.822696685791016,27.30659294128418,28.313291549682617,44.76742935180664,53.216915130615234,491.728515625,18.272029876708984,22.828989028930664,25.667564392089844,553.2186279296875,43.73428726196289,39.9869384765625,83.89949035644531
2024-07-17,91.45848846435547,23.795360565185547,26.82895278930664,28.28496742248535,44.12132263183594,50.08211135864258,477.2938537597656,17.86469078063965,22.532880783081055,24.698976516723633,545.4618530273438,42.4874153137207,36.47025680541992,80.32219696044922
2024-07-18,91.20785522460938,23.925683975219727,26.84697914123535,28.237764358520508,43.798274993896484,49.58871078491211,475.0350646972656,17.719213485717773,22.28453254699707,24.343168258666992,541.2700805664062,41.82701110839844,35.9243049621582,78.41560363769531
2024-07-19,91.02220916748047,23.968515396118164,26.738834381103516,28.077268600463867,43.49479675292969,48.68665313720703,470.8245544433594,17.457351684570312,22.074392318725586,23.84899139404297,537.6755981445312,41.25532150268555,34.9504508972168,76.76455688476562
2024-07-22,90.98506927490234,23.713336944580078,26.892040252685547,27.897890090942383,43.749324798583984,50.11201477050781,477.83880615234375,17.564037322998047,22.28453254699707,24.234451293945312,543.2190551757812,42.10300064086914,36.47517013549805,79.1526870727539
2024-07-23,90.97577667236328,23.649545669555664,26.666738510131836,27.897890090942383,43.80805969238281,49.768131256103516,476.1545715332031,17.476749420166016,22.22722053527832,24.056547164916992,542.366943359375,41.95515060424805,36.081695556640625,78.73993682861328
2024-07-24,90.69727325439453,23.631317138671875,26.342300415039062,27.879011154174805,43.03469467163086,46.16984176635742,459.07476806640625,17.1334228515625,21.78687858581543,23.11760902404785,530.07568359375,40.033084869384766,32.19120788574219,73.35432434082031
2024-07-25,90.94792938232422,23.521957397460938,26.180082321166992,27.841245651245117,42.68226623535156,45.15812301635742,454.0122375488281,17.04807472229004,21.754404067993164,22.860637664794922,527.3137817382812,39.60432052612305,31.11898422241211,72.15532684326172
2024-07-26,91.27283477783203,23.886497497558594,26.252178192138672,28.058385848999023,43.210899353027344,46.07015609741211,458.6685791015625,17.253684997558594,22.036182403564453,23.2658634185791,533.219482421875,40.46185302734375,32.00922775268555,74.53364562988281
2024-07-29,91.42134857177734,23.95029067993164,26.171072006225586,28.0489444732666,43.22069549560547,46.20970153808594,459.5899353027344,17.263381958007812,22.064838409423828,23.167028427124023,533.5328979492188,40.53578567504883,32.19612503051758,74.60244750976562
2024-07-30,91.51421356201172,24.059650421142578,26.062929153442383,27.992300033569336,42.78016662597656,44.93385696411133,453.2791442871094,17.253684997558594,22.00752830505371,23.07807731628418,530.8297729492188,40.10208511352539,30.882902145385742,73.45260620117188
2024-07-31,92.00621032714844,23.512842178344727,26.080951690673828,28.058385848999023,43.81785202026367,47.60018539428711,466.6933288574219,17.486448287963867,22.475570678710938,23.503068923950195,539.458251953125,41.33909606933594,33.583126068115234,76.88247680664062
2024-08-01,92.39173889160156,23.594867706298828,25.61232566833496,28.1055908203125,43.29901123046875,45.297664642333984,455.38934326171875,17.360366821289062,22.20334243774414,22.979238510131836,531.8189086914062,40.22036361694336,31.163253784179688,73.71794891357422
2024-08-02,93.42532348632812,23.44904899597168,24.76519012451172,27.794042587280273,43.03469467163086,43.10978698730469,444.5806884765625,17.3089656829834,21.997976303100586,22.287391662597656,521.9173583984375,38.707359313964844,28.89093017578125,69.55097961425781
2024-08-05,93.35084533691406,23.695112228393555,24.170391082763672,27.46360969543457,41.8207893371582,40.61290740966797,431.32501220703125,16.991823196411133,21.443967819213867,21.20020294189453,506.7171936035156,36.430458068847656,26.37268829345703,63.41847229003906
2024-08-06,92.79212951660156,23.85004234313965,24.233476638793945,27.34087562561035,42.09489822387695,41.31562423706055,435.44635009765625,16.894838333129883,21.424861907958984,21.48682403564453,511.38885498046875,37.110572814941406,27.031761169433594,65.1579818725586
2024-08-07,92.51278686523438,23.7452392578125,24.296558380126953,27.208703994750977,41.938262939453125,40.39860534667969,430.7305603027344,16.856042861938477,21.37710189819336,21.210084915161133,507.97076416015625,36.58816146850586,26.16119384765625,63.79191207885742
2024-08-08,92.37310791015625,23.722454071044922,24.602970123291016,27.22758674621582,42.535423278808594,42.88053512573242,443.9069519042969,16.943330764770508,21.720972061157227,21.793214797973633,519.7137451171875,38.27366256713867,28.55647850036621,68.19474792480469
2024-08-09,92.69901275634766,23.713336944580078,24.620996475219727,27.331438064575195,42.82911682128906,43.31412887573242,446.22528076171875,17.020917892456055,21.87380027770996,22.06995391845703,522.0055541992188,38.598934173583984,28.945032119750977,69.03012084960938
2024-08-12,92.8573226928711,23.66777229309082,24.756174087524414,27.397523880004883,42.84868621826172,43.47360610961914,447.1863098144531,17.088809967041016,21.902456283569336,22.010652542114258,522.2796630859375,38.62357711791992,29.14177131652832,69.10872650146484
2024-08-13,93.22979736328125,23.932065963745117,24.873332977294922,27.605222702026367,43.582908630371094,45.61663055419922,458.28216552734375,17.214889526367188,22.351394653320312,22.445528030395508,530.868896484375,39.90494918823242,31.261619567871094,72.49930572509766
2024-08-14,93.39739227294922,23.868270874023438,24.891357421875,27.595783233642578,43.749324798583984,45.65151596069336,458.4308166503906,17.23428726196289,22.466018676757812,22.485061645507812,532.543701171875,40.15137481689453,31.315723419189453,73.19708251953125
2024-08-15,93.00628662109375,23.877384185791016,25.152706146240234,27.652427673339844,44.21922302246094,47.93409729003906,470.0121765136719,17.205190658569336,22.6054744720459,23.028657913208008,541.6715698242188,41.52145767211914,33.67165756225586,76.91195678710938
2024-08-16,93.22979736328125,24.178129196166992,25.242828369140625,27.727954864501953,44.33669662475586,48.018821716308594,470.61651611328125,17.32157325744629,22.743022918701172,23.181852340698242,542.885986328125,41.66437530517578,33.760189056396484,77.31490325927734
2024-08-19,93.33221435546875,24.077878952026367,25.323938369750977,27.794042587280273,44.83596420288086,49.27971649169922,476.79852294921875,17.370065689086914,22.943613052368164,23.44376564025879,548.0768432617188,42.45784378051758,35.06849670410156,79.53598022460938
2024-08-20,93.61156463623047,24.150787353515625,25.188756942749023,27.93565559387207,44.787017822265625,49.0604362487793,475.7979736328125,17.370065689086914,22.92450714111328,23.305397033691406,547.1856079101562,42.314918518066406,34.852081298828125,79.10355377197266
2024-08-21,93.78849029541016,24.096111297607422,25.170730590820312,28.0489444732666,45.12964630126953,49.53389358520508,478.0171203613281,17.5213623046875,23.086889266967773,23.582138061523438,549.0659790039062,42.61555480957031,35.32917404174805,79.95856475830078
2024-08-22,93.4067153930664,24.117982864379883,25.197769165039062,28.030065536499023,44.512908935546875,47.924129486083984,470.438232421875,17.35066795349121,22.819435119628906,23.23621368408203,544.7566528320312,41.92558288574219,33.6323127746582,78.0126724243164
2024-08-23,93.83505249023438,23.932065963745117,25.16171646118164,27.982858657836914,45.07091522216797,48.95577621459961,475.5403137207031,17.5737361907959,23.18240737915039,23.680971145629883,550.5448608398438,42.78311538696289,34.68977355957031,80.40082550048828
2024-08-26,93.75126647949219,23.932065963745117,25.188756942749023,27.81292152404785,44.99259567260742,47.988922119140625,470.92364501953125,17.534940719604492,23.13942527770996,23.5524845123291,549.2325439453125,42.571189880371094,33.67165756225586,79.7718505859375
2024-08-27,93.7791976928711,23.831815719604492,25.134679794311523,27.718515396118164,44.93385696411133,48.27299499511719,472.3304443359375,17.544639587402344,23.105995178222656,23.631553649902344,549.9866943359375,42.689476013183594,33.95692825317383,80.10598754882812
2024-08-28,93.69538879394531,23.831815719604492,25.125669479370117,27.727954864501953,44.326908111572266,47.15663146972656,466.9706726074219,17.42825698852539,23.010475158691406,23.37458038330078,546.7938842773438,42.19171142578125,32.80601119995117,78.69078826904297
2024-08-29,93.57431030273438,23.85004234313965,25.2067813873291,27.53913688659668,44.610801696777344,47.01210021972656,466.2871398925781,17.41855812072754,23.010475158691406,23.354814529418945,546.8427124023438,42.171993255615234,32.63386535644531,78.6514663696289
2024-08-30,93.35084533691406,23.740680694580078,25.27887725830078,27.491933822631836,45.03175354003906,48.118499755859375,471.8450012207031,17.35066795349121,23.0964412689209,23.641437530517578,552.0628662109375,42.95067596435547,33.74542999267578,80.78408813476562
2024-09-03,93.74503326416016,23.9958553314209,25.098634719848633,27.633546829223633,44.19964599609375,45.163116455078125,457.51934814453125,17.23428726196289,22.76212501525879,22.791452407836914,540.7020874023438,41.18632125854492,30.666488647460938,75.8112564086914
2024-09-04,94.15601348876953,23.932065963745117,25.0445613861084,27.860126495361328,44.29753494262695,44.923885345458984,456.3304748535156,17.33127212524414,22.83854103088379,22.870519638061523,539.5953369140625,40.98918914794922,30.405811309814453,75.2510757446289
2024-09-05,94.39888763427734,23.968515396118164,25.071598052978516,27.982858657836914,44.326908111572266,45.01359558105469,456.75653076171875,17.40886116027832,22.867197036743164,22.85075569152832,538.2828979492188,40.792049407958984,30.504180908203125,74.70072174072266
2024-09-06,94.52030944824219,24.004972457885742,24.864322662353516,28.096149444580078,43.524169921875,42.58150863647461,444.521240234375,17.15669822692871,22.437362670898438,22.18855857849121,529.2235717773438,39.417049407958984,28.030202865600586,70.87773132324219
2024-09-09,94.66041564941406,23.977630615234375,24.972463607788086,28.08670997619629,44.111549377441406,43.64803695678711,450.2376403808594,17.33127212524414,22.695262908935547,22.485061645507812,535.1488647460938,40.269649505615234,29.072914123535156,73.19708251953125
2024-09-10,94.94998168945312,24.06876564025879,25.06258773803711,28.464345932006836,44.5716438293457,44.44046401977539,454.3985900878906,17.49614715576172,22.800334930419922,22.682735443115234,537.4797973632812,40.619564056396484,29.854944229125977,74.1307144165039
2024-09-11,94.92195892333984,24.14167594909668,25.089624404907227,28.360496520996094,44.6205940246582,46.33430480957031,464.26605224609375,17.52524185180664,22.991369247436523,22.98912239074707,542.9937133789062,41.42781066894531,31.75838279724121,76.36161804199219
2024-09-12,94.8379135131836,23.977630615234375,25.152706146240234,28.209440231323242,44.84575271606445,47.28122329711914,468.8233337402344,17.52524185180664,23.1346492767334,23.21644401550293,547.567626953125,42.13749313354492,32.69780731201172,78.28785705566406
2024-09-13,95.03406524658203,23.959407806396484,25.224803924560547,28.25664520263672,45.315650939941406,47.65998840332031,470.92364501953125,17.622228622436523,23.325685501098633,23.52283477783203,550.4274291992188,42.54655456542969,33.125709533691406,79.43769836425781
2024-09-16,95.25825500488281,23.77713394165039,25.305912017822266,28.426584243774414,45.44291305541992,47.22639846801758,468.8431091308594,17.80164909362793,23.382997512817383,23.690855026245117,551.2402954101562,42.67961883544922,32.68305206298828,79.8111572265625
2024-09-17,95.16483306884766,23.66777229309082,25.26085090637207,28.200000762939453,45.413543701171875,47.27622985839844,469.0908203125,17.641624450683594,23.354341506958008,23.60190200805664,551.4655151367188,42.709190368652344,32.702728271484375,79.87994384765625
2024-09-18,94.86592864990234,23.58574676513672,25.143693923950195,27.954538345336914,45.15901184082031,46.83267593383789,467.05987548828125,17.39916229248047,23.211063385009766,23.23621368408203,549.8300170898438,42.42826843261719,32.27482223510742,79.1133804321289
2024-09-19,94.8752670288086,23.521957397460938,25.396034240722656,27.912052154541016,45.8834342956543,49.22489547729492,478.86907958984375,17.622228622436523,23.621793746948242,23.87864112854004,559.2125854492188,43.87720489501953,34.7143669128418,83.13291931152344
2024-09-20,94.79120635986328,23.58574676513672,25.486154556274414,27.69963264465332,45.63869857788086,49.0006217956543,477.9576721191406,17.59313201904297,23.507173538208008,23.750158309936523,558.245849609375,43.680076599121094,34.493038177490234,82.57274627685547
2024-09-23,94.75382995605469,23.77257537841797,25.486154556274414,27.633546829223633,45.903018951416016,49.25978469848633,479.224609375,17.534940719604492,23.57403564453125,23.888526916503906,559.6408081054688,43.906776428222656,34.74879837036133,83.21155548095703
2024-09-24,94.88460540771484,23.768020629882812,25.630348205566406,27.642988204956055,46.010704040527344,49.728267669677734,481.53619384765625,17.69981575012207,23.755521774291992,24.244335174560547,561.2421264648438,44.15812683105469,35.240638732910156,83.91915130615234
2024-09-25,94.52030944824219,23.9155330657959,25.594297409057617,27.38808250427246,45.93217086791992,49.84843063354492,481.9826354980469,17.583433151245117,23.61224365234375,23.918176651000977,560.0042724609375,43.95813751220703,35.36399459838867,83.30825805664062
2024-09-26,94.53899383544922,24.155241012573242,25.711456298828125,27.765718460083008,46.05978775024414,50.55649185180664,485.6037902832031,17.69011688232422,23.87014389038086,24.28386688232422,562.2245483398438,44.298858642578125,36.114009857177734,84.31327819824219
2024-09-27,94.80989074707031,24.091629028320312,25.612354278564453,27.77515983581543,46.030338287353516,49.96310806274414,482.9052734375,17.77352523803711,23.88924789428711,24.244335174560547,561.4091186523438,44.145782470703125,35.49229049682617,83.84031677246094
2024-09-30,94.59504699707031,23.970848083496094,25.575984954833984,27.595783233642578,46.12850570678711,50.21243667602539,484.21484375,17.63677406311035,23.860591888427734,24.214683532714844,563.6588134765625,44.526004791259766,35.76860427856445,84.9241714477539
2024-10-01,94.84523010253906,23.786457061767578,25.603260040283203,27.529695510864258,46.01070022583008,48.791324615478516,477.4685363769531,17.60283088684082,23.765071868896484,23.99724578857422,558.6093139648438,43.69642639160156,34.2537841796875,82.56927490234375
2024-10-02,94.64844512939453,24.063047409057617,25.630537033081055,27.208703994750977,45.72602081298828,48.955875396728516,478.1432189941406,17.554338455200195,23.702030181884766,23.631553649902344,558.8450927734375,43.71617126464844,34.382076263427734,82.5791244506836
2024-10-03,94.26432037353516,24.04460906982422,25.348682403564453,26.67057228088379,45.618038177490234,48.876094818115234,477.7860412597656,17.040315628051758,23.41165542602539,23.176912307739258,557.8234252929688,43.55322265625,34.30312728881836,82.11601257324219
2024-10-04,93.65528869628906,24.146026611328125,25.257762908935547,26.35902214050293,45.62785339355469,50.03791427612305,483.4707336425781,16.734811782836914,23.52914047241211,23.226327896118164,562.8926391601562,44.31367492675781,35.51203155517578,84.26399993896484
2024-10-07,93.33676147460938,23.970848083496094,25.06682777404785,26.094676971435547,45.1959228515625,48.9109992980957,478.2919921875,16.44870376586914,23.28270149230957,22.613548278808594,557.8037719726562,43.528533935546875,34.34260559082031,81.99779510498047
2024-10-08,93.49602508544922,23.850996017456055,25.057735443115234,26.35902214050293,45.53950881958008,50.37199401855469,485.43511962890625,16.569936752319336,23.297029495239258,22.98912239074707,563.0791625976562,44.328487396240234,35.83275604248047,84.27385711669922
2024-10-09,93.25242614746094,23.9155330657959,25.057735443115234,26.226850509643555,45.873268127441406,51.15485382080078,489.2547302246094,16.545690536499023,23.344791412353516,23.11760902404785,566.9793090820312,44.92599105834961,36.69625473022461,85.9883041381836
2024-10-10,93.19622039794922,24.256656646728516,24.985002517700195,26.1324405670166,45.73583984375,51.0451545715332,488.6991882324219,16.545690536499023,23.306583404541016,23.058307647705078,565.9871215820312,44.77784729003906,36.56795883178711,85.5153579711914
2024-10-11,93.22431182861328,24.477928161621094,25.11229133605957,26.2740535736084,46.01070022583008,51.14986801147461,489.4630432128906,16.671772003173828,23.492843627929688,23.404233932495117,569.3763427734375,45.26670837402344,36.66171646118164,86.92436218261719
2024-10-14,93.13997650146484,24.542463302612305,25.121379852294922,26.44399070739746,46.32483673095703,52.00751876831055,493.57037353515625,16.61358070373535,23.554931640625,23.631553649902344,574.0328979492188,46.01234817504883,37.59922790527344,89.06248474121094
2024-10-15,93.5147476196289,24.505586624145508,25.048643112182617,26.73666000366211,46.12850570678711,50.61133575439453,486.972900390625,16.642675399780273,23.449859619140625,23.33405876159668,569.5728149414062,45.29139709472656,36.09920883178711,86.99332427978516
2024-10-16,93.6365737915039,24.524024963378906,25.130474090576172,26.81218719482422,46.28557205200195,50.62629699707031,487.03240966796875,16.7105655670166,23.526275634765625,23.55742645263672,572.0485229492188,45.671627044677734,36.0794677734375,88.0574722290039
2024-10-17,93.17747497558594,24.542463302612305,25.0213680267334,26.698896408081055,46.12850570678711,50.706085205078125,487.3697204589844,16.68147087097168,23.41165542602539,23.611785888671875,572.0975952148438,45.66668701171875,36.188018798828125,88.07717895507812
2024-10-18,93.24304962158203,24.72685432434082,25.139564514160156,27.00100326538086,46.38373947143555,51.32439041137695,490.5643005371094,16.826948165893555,23.5167236328125,23.947826385498047,574.2981567382812,46.00247573852539,36.82948303222656,88.98365783691406
2024-10-21,92.59657287597656,24.662315368652344,24.93954086303711,26.642248153686523,46.11868667602539,51.51885986328125,491.5068054199219,16.68147087097168,23.249271392822266,23.67108917236328,573.3550415039062,45.85927200317383,37.03178787231445,88.55998229980469
2024-10-22,92.61532592773438,24.477928161621094,24.930448532104492,26.50063705444336,46.177589416503906,51.61857604980469,492.04254150390625,16.67856216430664,23.249271392822266,23.710620880126953,573.050537109375,45.790138244628906,37.14033889770508,88.3727798461914
2024-10-23,92.38108825683594,24.348852157592773,24.69405174255371,26.387346267700195,45.6671257019043,50.022953033447266,484.5025939941406,16.351720809936523,22.934059143066406,23.028657913208008,567.8143310546875,44.93586730957031,35.42321014404297,85.8897705078125
2024-10-24,92.55909729003906,24.17367935180664,24.784976959228516,26.34014129638672,45.883094787597656,50.825748443603516,488.4312744140625,16.481679916381836,23.00092315673828,23.325164794921875,569.0424194335938,45.12350082397461,36.26697540283203,86.42184448242188
2024-10-25,92.37171173095703,24.32119369506836,24.739513397216797,26.34958267211914,45.74565505981445,51.40915298461914,491.4075622558594,16.371116638183594,22.943613052368164,23.226327896118164,568.8458251953125,45.08893966674805,36.878822326660156,86.25434875488281
2024-10-28,92.2218017578125,24.911245346069336,24.830434799194336,26.793302536010742,45.74565505981445,51.429107666015625,491.4869689941406,16.5165958404541,23.00092315673828,23.49318504333496,570.6043701171875,45.34571838378906,36.91336441040039,87.03275299072266
2024-10-29,92.32487487792969,25.123300552368164,24.903169631958008,26.67057228088379,45.93217086791992,52.40143585205078,496.2093505859375,16.60194206237793,23.03913116455078,23.62166976928711,571.5279541015625,45.48398208618164,37.934757232666016,87.40715789794922
2024-10-30,92.23116302490234,25.05875587463379,24.721330642700195,26.57616424560547,45.81437301635742,51.608612060546875,492.4592590332031,16.42057991027832,22.972267150878906,23.325164794921875,569.798828125,45.19757843017578,37.09099578857422,86.60905456542969
2024-10-31,92.21243286132812,24.662315368652344,24.48493766784668,26.5903263092041,45.097755432128906,49.005741119384766,480.0281982421875,16.089860916137695,22.54243278503418,22.336809158325195,558.6289672851562,43.414955139160156,34.26858139038086,81.4460220336914
2024-11-01,91.84588623046875,24.819049835205078,24.521303176879883,26.623369216918945,45.06830596923828,49.688865661621094,483.5799255371094,16.1441707611084,22.590190887451172,22.623432159423828,560.9866943359375,43.76555252075195,34.99885940551758,82.43132781982422
2024-11-04,92.23121643066406,24.63465690612793,24.43038558959961,26.42510986328125,45.009403228759766,49.37971115112305,482.171142578125,16.06076431274414,22.63795280456543,22.405994415283203,559.7783203125,43.57791519165039,34.673194885253906,81.86968994140625
2024-11-05,92.44740295410156,24.68997573852539,24.50312042236328,26.481752395629883,45.53950881958008,50.64126205444336,488.32220458984375,16.196544647216797,22.91495704650879,22.791452407836914,566.547119140625,44.61983108520508,35.99065017700195,84.82563781738281
2024-11-06,91.72370147705078,24.514806747436523,24.584951400756836,26.35902214050293,46.47208786010742,53.39372253417969,501.5865478515625,16.17229652404785,23.0582332611084,23.51295280456543,580.6345825195312,46.83205795288086,38.91175079345703,91.14149475097656
2024-11-07,92.41921997070312,24.56089973449707,24.82134246826172,26.415668487548828,46.962921142578125,55.07411193847656,509.4836120605469,16.41864013671875,23.449859619140625,23.87864112854004,585.1241455078125,47.548065185546875,40.73249053955078,93.19094848632812
2024-11-08,92.57898712158203,24.33041000366211,24.74860382080078,26.486474990844727,47.2181510925293,55.14891052246094,510.0789489746094,16.371116638183594,23.41165542602539,23.868757247924805,587.6587524414062,47.9431037902832,40.831180572509766,94.37332916259766
2024-11-11,92.37222290039062,24.2474365234375,24.67586898803711,26.453433990478516,47.2181510925293,55.0791015625,509.78131103515625,16.22563934326172,23.41165542602539,23.829225540161133,588.2186889648438,48.012245178222656,40.757164001464844,94.57038879394531
2024-11-12,91.83647918701172,24.588560104370117,24.639503479003906,26.491195678710938,46.9334716796875,54.88462829589844,508.8586120605469,16.177146911621094,23.07733917236328,23.809457778930664,586.3914184570312,47.706085205078125,40.535125732421875,93.654052734375
2024-11-13,91.81767272949219,24.63465690612793,24.648595809936523,26.528961181640625,47.021820068359375,54.73006057739258,508.2038879394531,16.245037078857422,23.029579162597656,23.89841079711914,586.67626953125,47.75546646118164,40.35749053955078,93.77228546142578
2024-11-14,91.78007507324219,24.911245346069336,24.521303176879883,26.878271102905273,46.66841506958008,53.942222595214844,504.6719970703125,16.22563934326172,22.88629913330078,23.809457778930664,582.9039306640625,47.12339782714844,39.50386047363281,91.92974853515625
2024-11-15,91.78948974609375,24.837488174438477,24.50312042236328,26.764984130859375,46.069602966308594,51.33435821533203,492.64776611328125,16.133502960205078,22.733469009399414,23.246097564697266,575.4376831054688,45.88890075683594,36.646907806396484,88.30379486083984
2024-11-18,91.87406921386719,24.78217315673828,24.512210845947266,26.406225204467773,46.31502151489258,52.067352294921875,496.0704650878906,16.04136848449707,22.828989028930664,23.21644401550293,577.7954711914062,46.27406311035156,37.38705062866211,89.37777709960938
2024-11-19,92.00565338134766,24.985000610351562,24.50312042236328,26.406225204467773,46.60952377319336,52.76044845581055,499.4832763671875,16.021970748901367,22.972267150878906,23.2658634185791,579.9075927734375,46.58515930175781,38.13706588745117,90.3532485961914
2024-11-20,91.91165924072266,25.316904067993164,24.603130340576172,26.34958267211914,46.452449798583984,52.69563293457031,499.1955871582031,16.167448043823242,22.90540313720703,23.423999786376953,580.1040649414062,46.61972427368164,38.092655181884766,90.40251159667969
2024-11-21,91.86466217041016,25.60271453857422,24.666778564453125,26.151323318481445,46.786216735839844,53.0795783996582,500.9913024902344,16.195573806762695,23.0200252532959,23.661205291748047,583.2183227539062,47.09870910644531,38.46765899658203,91.8016586303711
2024-11-22,91.93046569824219,25.833200454711914,24.775882720947266,26.28349494934082,46.89420700073242,53.214210510253906,501.7948913574219,16.303226470947266,23.12032127380371,23.908294677734375,585.02587890625,47.365360260009766,38.61075210571289,92.56035614013672
2024-11-25,92.757568359375,25.51051902770996,24.666778564453125,26.11355972290039,47.227970123291016,53.378761291503906,502.58856201171875,16.283830642700195,23.354341506958008,23.680971145629883,587.0103759765625,47.67646026611328,38.78839111328125,93.46684265136719
2024-11-26,92.61659240722656,25.833200454711914,24.74860382080078,26.217411041259766,47.512657165527344,53.93722915649414,505.28704833984375,16.33232307434082,23.344791412353516,23.888526916503906,590.0755004882812,48.194942474365234,39.39037322998047,94.96452331542969
2024-11-27,92.87034606933594,25.70412826538086,24.59404182434082,26.179645538330078,47.326141357421875,53.0795783996582,501.3087463378906,16.22563934326172,23.430757522583008,23.532716751098633,588.2874755859375,47.864105224609375,38.43805694580078,93.98905181884766
2024-11-29,93.2369155883789,25.630373001098633,24.739513397216797,25.97194480895996,47.72862243652344,53.957176208496094,505.7136535644531,16.30419921875,23.65522575378418,23.77980613708496,591.94189453125,48.427040100097656,39.41997146606445,95.62467956542969
2024-12-02,93.24822235107422,25.390663146972656,24.839527130126953,26.151323318481445,47.915138244628906,55.133949279785156,511.21978759765625,16.452585220336914,23.688655853271484,24.056547164916992,593.0029296875,48.609745025634766,40.697959899902344,96.18631744384766
2024-12-03,93.06910705566406,25.11407470703125,24.82134246826172,26.255172729492188,47.885684967041016,55.48299026489258,512.787353515625,16.453554153442383,23.707761764526367,24.046663284301758,593.278076171875,48.63442611694336,41.05815887451172,96.23556518554688
2024-12-04,93.37079620361328,25.095632553100586,24.903169631958008,26.339197158813477,48.19000244140625,56.834293365478516,519.126953125,16.603883743286133,23.860591888427734,24.44200325012207,596.9619750976562,49.2319221496582,42.55818176269531,97.97957611083984
2024-12-05,93.38965606689453,25.141733169555664,24.739513397216797,26.137161254882812,48.199825286865234,56.5201530456543,517.6883544921875,16.535991668701172,23.88064956665039,24.224567413330078,595.9796142578125,49.068973541259766,42.207847595214844,97.50662994384766
2024-12-06,93.6536636352539,25.049537658691406,24.866802215576172,26.415668487548828,48.37651443481445,57.507450103759766,522.3214721679688,16.632976531982422,23.917903900146484,24.451889038085938,597.109375,49.24674606323242,43.293392181396484,98.01898956298828
2024-12-09,93.38021850585938,25.316904067993164,24.875896453857422,26.26461410522461,48.0133056640625,56.58497619628906,518.2537841796875,16.565088272094727,23.79372787475586,24.318458557128906,594.034423828125,48.718379974365234,42.2818603515625,96.42277526855469
2024-12-10,93.26708984375,25.621152877807617,24.857711791992188,26.34014129638672,47.836605072021484,56.17110824584961,516.4879760742188,16.545690536499023,23.5931396484375,24.28386688232422,592.1875,48.427040100097656,41.82297134399414,95.51628875732422
2024-12-11,93.05022430419922,25.66724967956543,25.003185272216797,26.373184204101562,47.90531539916992,58.195560455322266,525.7341918945312,16.652374267578125,23.707761764526367,24.629793167114258,596.765625,49.15291976928711,44.05820083618164,97.723388671875
2024-12-12,92.67310333251953,25.77787971496582,24.89407730102539,26.387346267700195,47.72862243652344,57.43265914916992,522.34130859375,16.58448600769043,23.507173538208008,24.412355422973633,593.690673828125,48.63442611694336,43.184837341308594,96.1666030883789
2024-12-13,92.32423400878906,26.072908401489258,24.684961318969727,26.51007652282715,47.58136749267578,58.280330657958984,526.3394775390625,16.458402633666992,23.363893508911133,24.432119369506836,593.57275390625,48.5998649597168,44.11248016357422,96.02865600585938
2024-12-16,92.40910339355469,26.174325942993164,24.67586898803711,26.585603713989258,47.90531539916992,59.96072769165039,533.919189453125,16.477800369262695,23.402101516723633,24.629793167114258,596.1072998046875,48.99490737915039,46.031917572021484,97.18147277832031
2024-12-17,92.40910339355469,26.303396224975586,24.684961318969727,26.737903594970703,47.73843765258789,59.427188873291016,531.5678100585938,16.4971981048584,23.306583404541016,24.432119369506836,593.6513061523438,48.57023620605469,45.41512680053711,95.93997955322266
2024-12-18,91.70530700683594,26.709062576293945,24.466753005981445,27.080575942993164,46.25611877441406,55.138938903808594,512.3904418945312,16.283830642700195,22.486774444580078,23.515064239501953,575.95849609375,45.770389556884766,40.505516052246094,87.43670654296875
2024-12-19,91.46885681152344,26.3310604095459,24.403106689453125,27.213836669921875,46.11868667602539,54.60540008544922,510.1086730957031,16.23533821105957,22.428768157958984,23.515064239501953,575.7816162109375,45.64200210571289,39.933143615722656,87.23965454101562
2024-12-20,91.71477508544922,26.46013069152832,24.42129135131836,26.842609405517578,46.58007049560547,55.57274627685547,514.563232421875,16.22563934326172,22.680124282836914,23.801952362060547,582.697265625,46.67898178100586,40.969337463378906,90.136474609375
2024-12-23,91.4310302734375,26.316293716430664,24.48493766784668,27.061538696289062,46.68805694580078,56.615966796875,519.5764770507812,16.439008712768555,22.680124282836914,24.088842391967773,586.1867065429688,47.270606994628906,42.1104736328125,91.90018463134766
2024-12-24,91.53507232666016,26.268980026245117,24.57585906982422,27.01394271850586,47.27705383300781,58.14262390136719,526.6217651367188,16.458402633666992,22.825138092041016,24.56369400024414,592.7020874023438,48.27067565917969,43.7838020324707,94.8347396850586
2024-12-26,91.60128021240234,26.212200164794922,24.512210845947266,27.042499542236328,47.251434326171875,58.03784942626953,526.2640380859375,16.41961097717285,22.950817108154297,24.534015655517578,592.7415771484375,48.28057861328125,43.68973922729492,94.8248519897461
2024-12-27,91.41209411621094,26.004018783569336,24.484994888305664,27.052019119262695,46.591339111328125,56.45631790161133,519.2683715820312,16.361419677734375,22.67045783996582,24.158092498779297,586.5020141601562,47.25080108642578,41.912452697753906,91.8013687133789
2024-12-30,91.77153015136719,26.278444290161133,24.40991973876953,26.661754608154297,46.413997650146484,54.94462203979492,512.3621826171875,16.206241607666016,22.631786346435547,23.544740676879883,579.8092041015625,46.161617279052734,40.229217529296875,88.59014892578125
2024-12-31,91.65804290771484,26.391998291015625,24.550691604614258,26.74742317199707,46.00019836425781,54.00168991088867,508.0097961425781,16.245037078857422,22.467437744140625,23.64366912841797,577.6998291015625,45.80020523071289,39.174720764160156,87.58232116699219
2025-01-02,91.6675033569336,26.477163314819336,24.72900390625,26.92827796936035,46.088871002197266,53.76222229003906,507.01611328125,16.44870376586914,22.486774444580078,23.663454055786133,576.2803344726562,45.557613372802734,38.92718505859375,86.85115051269531
2025-01-03,91.5728988647461,26.429845809936523,24.71961784362793,27.099611282348633,46.61103820800781,55.51836395263672,515.3134765625,16.390514373779297,22.622119903564453,24.02948760986328,583.48583984375,46.67650604248047,40.79359436035156,90.0327377319336
2025-01-06,91.4782943725586,26.46769905090332,24.63515281677246,26.81405258178711,46.82778549194336,56.780601501464844,521.2359619140625,16.33232307434082,22.738130569458008,24.118520736694336,586.8471069335938,47.23100280761719,42.18473434448242,91.5938720703125
2025-01-07,91.15670013427734,26.44877815246582,24.71023178100586,26.94731330871582,46.216949462890625,54.73508834838867,511.9348449707031,16.44870376586914,22.448102951049805,24.039379119873047,580.2133178710938,46.16656494140625,39.91237258911133,88.5308609008789
2025-01-08,91.2607650756836,26.316293716430664,24.860389709472656,27.17576026916504,46.26620864868164,54.74506378173828,512.0243530273438,16.574787139892578,22.467437744140625,24.26691246032715,581.0609741210938,46.250732421875,39.94207763671875,88.76799774169922
2025-01-10,90.74996948242188,26.82729148864746,25.123167037963867,27.080575942993164,45.3795051574707,52.9988899230957,503.9952087402344,16.729963302612305,21.9163875579834,24.21744728088379,572.1896362304688,44.83479309082031,38.03606414794922,84.67739868164062
2025-01-13,90.66484832763672,27.158493041992188,25.198244094848633,26.88068389892578,45.49773406982422,52.669612884521484,502.37548828125,16.62327766418457,21.984060287475586,24.10862922668457,573.0768432617188,44.973419189453125,37.64000701904297,85.08251190185547
2025-01-14,90.69320678710938,27.20580291748047,25.001161575317383,26.83308982849121,45.30068588256836,52.544883728027344,501.8985290527344,16.574787139892578,22.013063430786133,23.980022430419922,573.8653564453125,45.082332611083984,37.506343841552734,85.32952880859375
2025-01-15,91.4782943725586,27.48969078063965,25.02931785583496,26.40475082397461,46.453407287597656,54.91968536376953,513.4453735351562,16.4971981048584,22.631786346435547,24.21744728088379,584.3040161132812,46.71115493774414,40.04108810424805,89.98332977294922
2025-01-16,91.67694854736328,27.347747802734375,25.001161575317383,26.366676330566406,46.49281311035156,54.186283111572266,509.84814453125,16.468101501464844,22.631786346435547,24.207555770874023,583.1802368164062,46.532928466796875,39.22422409057617,89.46952819824219
2025-01-17,91.67694854736328,27.149028778076172,25.08562660217285,26.547529220581055,46.90660858154297,55.972373962402344,518.45361328125,16.70086669921875,22.79613494873047,24.6032657623291,589.0353393554688,47.419132232666016,41.159942626953125,91.98909759521484
2025-01-21,91.97964477539062,27.139568328857422,24.822851181030273,26.166784286499023,47.389366149902344,56.5760498046875,521.4943237304688,16.429309844970703,23.17317008972168,24.435089111328125,594.4270629882812,48.28057861328125,41.843135833740234,94.39009857177734
2025-01-22,91.76207733154297,27.385601043701172,24.879159927368164,26.233413696289062,47.65538024902344,58.052818298339844,528.1620483398438,16.61358070373535,23.192506790161133,24.88026237487793,597.7686157226562,48.80537033081055,43.46696090698242,96.02042388916016
2025-01-23,91.6107406616211,27.395065307617188,24.944852828979492,26.26197052001953,47.7144889831543,58.3072624206543,529.284912109375,16.579635620117188,23.289182662963867,25.088010787963867,601.0313110351562,49.345008850097656,43.73429870605469,97.59144592285156
2025-01-24,91.76207733154297,27.328821182250977,24.757158279418945,26.12870979309082,47.66523361206055,57.61876678466797,526.2938232421875,16.477800369262695,23.318185806274414,24.6032657623291,599.2767333984375,49.038055419921875,42.9471435546875,96.67254638671875
2025-01-27,92.27288055419922,26.865144729614258,24.588232040405273,26.071596145629883,47.16276550292969,54.21123504638672,510.97100830078125,16.32553482055664,23.105497360229492,23.960235595703125,590.7997436523438,47.64686965942383,39.17967224121094,92.55230712890625
2025-01-28,92.2444839477539,26.950307846069336,24.76654052734375,26.204858779907227,47.69478988647461,55.842655181884766,518.5231323242188,16.50010871887207,23.29884910583496,24.56369400024414,595.8760986328125,48.44890594482422,40.917362213134766,94.8643798828125
2025-01-29,92.18775177001953,27.19634437561035,24.747770309448242,26.176301956176758,47.369667053222656,55.61815643310547,517.5493774414062,16.642675399780273,23.231176376342773,24.543909072875977,593.204833984375,48.01323318481445,40.66487503051758,93.56013488769531
2025-01-30,92.3201675415039,27.02601432800293,24.813467025756836,26.06207847595215,47.66523361206055,56.082130432128906,519.7553100585938,16.729963302612305,23.434194564819336,24.791227340698242,596.3886108398438,48.50831985473633,41.1747932434082,95.05211639404297
2025-01-31,92.13098907470703,26.969234466552734,24.841617584228516,26.166784286499023,47.46818542480469,55.882572174072266,519.0001220703125,16.58448600769043,23.2408447265625,24.712085723876953,593.2147216796875,47.96866989135742,40.95200729370117,93.44155883789062
2025-02-03,92.21829986572266,27.20580291748047,24.888545989990234,26.24293327331543,47.22188186645508,54.9945182800293,514.8463745117188,16.68147087097168,23.11516571044922,24.355947494506836,589.2225952148438,47.315162658691406,39.961883544921875,91.50494384765625
2025-02-04,92.38912963867188,27.234195709228516,24.775928497314453,25.78603744506836,47.625823974609375,56.33657455444336,521.1663818359375,16.468101501464844,23.269845962524414,24.326269149780273,593.1752319335938,47.94886779785156,41.41242599487305,93.3526382446289
2025-02-05,92.88263702392578,27.461305618286133,24.71023178100586,25.662294387817383,47.881980895996094,56.830501556396484,523.5313720703125,16.477800369262695,23.521203994750977,24.326269149780273,595.580322265625,48.32513427734375,41.952049255371094,94.43950653076172
2025-02-06,92.78773498535156,27.48969078063965,24.747770309448242,25.586145401000977,48.01006317138672,57.40423583984375,526.2640380859375,16.642675399780273,23.55987548828125,24.6032657623291,597.6503295898438,48.65684127807617,42.580787658691406,95.41769409179688
2025-02-07,92.49352264404297,27.48969078063965,24.841617584228516,25.65277671813965,47.566707611083984,55.952415466308594,519.6260986328125,16.5165958404541,23.22150993347168,24.41530418395996,592.1797485351562,47.745887756347656,40.956966400146484,92.72027587890625
2025-02-10,92.5219955444336,27.811431884765625,25.066858291625977,25.795557022094727,47.70463943481445,57.26953125,525.9161987304688,16.836647033691406,23.434194564819336,24.909940719604492,596.2012939453125,48.37958908081055,42.39760971069336,94.50868225097656
2025-02-11,92.31321716308594,27.470767974853516,25.07624053955078,25.85266876220703,47.7834587097168,57.000125885009766,524.6641845703125,16.729963302612305,23.442895889282227,24.8505859375,596.6547241210938,48.434051513671875,42.09562301635742,94.70629119873047
2025-02-12,91.82919311523438,27.839820861816406,25.132551193237305,26.052560806274414,47.29085159301758,57.064979553222656,524.9722900390625,16.729963302612305,23.231176376342773,25.018762588500977,594.732666015625,48.13700485229492,42.17978286743164,93.826904296875
2025-02-13,92.379638671875,27.9533748626709,25.057470321655273,25.71940803527832,48.14799118041992,58.6914176940918,532.5243530273438,16.856042861938477,23.66138458251953,25.17308807373047,601.0115966796875,49.14201736450195,43.95707702636719,96.7515869140625
2025-02-14,92.7212905883789,27.820892333984375,24.8040828704834,25.529033660888672,48.27606964111328,59.14043426513672,534.7601928710938,16.70086669921875,23.753225326538086,24.830799102783203,600.9820556640625,49.1123161315918,44.471946716308594,96.64289855957031
2025-02-18,92.3511734008789,28.312963485717773,25.179473876953125,25.85266876220703,48.06916809082031,59.39986801147461,535.9724731445312,16.865741729736328,23.70488739013672,25.31554412841797,602.746337890625,49.36976623535156,44.749183654785156,97.38394927978516
2025-02-19,92.48401641845703,28.587387084960938,25.057470321655273,26.147747039794922,48.32533264160156,59.42980194091797,536.12158203125,16.78815269470215,23.675884246826172,25.23640251159668,604.1657104492188,49.61235046386719,44.7541389465332,98.1052474975586
2025-02-20,92.62638092041016,28.19940948486328,24.916696548461914,25.78603744506836,48.14799118041992,58.90095520019531,533.8458862304688,16.632976531982422,23.733888626098633,24.914886474609375,601.6522827148438,49.191532135009766,44.209564208984375,96.85039520263672
2025-02-21,93.02498626708984,28.16156005859375,24.6539249420166,25.681331634521484,47.556854248046875,56.44633102416992,522.7662353515625,16.477800369262695,23.49220085144043,24.05916404724121,591.3615112304688,47.488441467285156,41.44213104248047,91.84089660644531
2025-02-24,93.18633270263672,27.915523529052734,24.60700035095215,25.847909927368164,47.29085159301758,55.08432388305664,516.5953369140625,16.535991668701172,23.414859771728516,23.900880813598633,588.670654296875,47.03791809082031,39.95197677612305,90.51688385009766
2025-02-25,93.76525115966797,27.63163948059082,24.353609085083008,25.605182647705078,47.123355865478516,53.687381744384766,510.08660888671875,16.5165958404541,23.55987548828125,23.56452751159668,585.7430419921875,46.5626335144043,38.42716979980469,89.08419799804688
2025-02-26,93.91708374023438,27.508621215820312,24.362993240356445,25.595664978027344,47.28099822998047,53.931846618652344,511.3188171386719,16.603883743286133,23.61787986755371,23.60409927368164,586.0387573242188,46.58243942260742,38.674705505371094,89.18299102783203
2025-02-27,93.77471923828125,27.357213973999023,24.334840774536133,25.91929817199707,46.571632385253906,50.95835494995117,497.1188049316406,16.4971981048584,23.27951431274414,23.28753089904785,576.6844482421875,45.10708999633789,35.4666633605957,84.9244155883789
2025-02-28,94.19231414794922,27.186880111694336,24.269145965576172,25.824111938476562,47.32040023803711,52.52991485595703,504.96905517578125,16.68147087097168,23.579208374023438,23.68324089050293,585.6838989257812,46.47351837158203,37.090484619140625,88.77788543701172
2025-03-03,94.39602661132812,27.300434112548828,24.10960578918457,25.8812255859375,46.729270935058594,50.28483963012695,493.9190673828125,16.6911678314209,23.376190185546875,23.36667251586914,575.4228515625,44.879356384277344,34.694358825683594,84.23277282714844
2025-03-04,94.15803527832031,27.48969078063965,23.92190933227539,26.01448631286621,46.118431091308594,49.91564178466797,492.42852783203125,16.43512725830078,23.163501739501953,22.654394149780273,568.611572265625,43.78026580810547,34.31315612792969,81.120361328125
2025-03-05,93.83438110351562,27.745189666748047,23.893753051757812,26.20009994506836,46.35487747192383,51.2227783203125,498.84783935546875,16.526294708251953,23.36652183532715,23.05010414123535,574.7229614257812,44.72092819213867,35.649837493896484,83.6596908569336
2025-03-06,93.73917388916016,27.584321975708008,23.77174949645996,25.890743255615234,45.625816345214844,48.40394973754883,485.1248474121094,16.283830642700195,23.06682777404785,22.496110916137695,564.52099609375,43.141605377197266,32.69428253173828,79.2529067993164
2025-03-07,93.62493896484375,27.508621215820312,23.809289932250977,26.043041229248047,45.675071716308594,49.07249450683594,488.6922302246094,16.34687042236328,23.105497360229492,22.664287567138672,567.68505859375,43.56242752075195,33.37253189086914,80.4188232421875
2025-03-10,94.07235717773438,27.660022735595703,23.35881805419922,26.01448631286621,44.62088394165039,45.35563278198242,469.7523193359375,16.245037078857422,22.718795776367188,21.675012588500977,552.5643920898438,41.260284423828125,29.610010147094727,74.06555938720703
2025-03-11,93.73917388916016,27.78304100036621,23.34943389892578,26.090635299682617,44.40412902832031,45.0263557434082,468.62939453125,16.109256744384766,22.47710609436035,21.54640769958496,547.9710083007812,40.57706832885742,29.26346206665039,72.2079849243164
2025-03-12,93.46310424804688,27.54646873474121,23.5465145111084,25.938335418701172,44.57162094116211,46.064083099365234,473.9158935546875,16.128652572631836,22.47710609436035,21.724475860595703,550.8787841796875,40.98303985595703,30.26350212097168,73.26522064208984
2025-03-13,93.74869537353516,27.896595001220703,23.56528663635254,26.043041229248047,44.03959655761719,44.377777099609375,465.38995361328125,16.264434814453125,22.351428985595703,21.477155685424805,543.535400390625,39.8889045715332,28.609973907470703,70.34053802490234
2025-03-14,93.55829620361328,27.660022735595703,23.79051971435547,26.01448631286621,44.79822540283203,46.493141174316406,476.638671875,16.312925338745117,22.72846221923828,22.031150817871094,554.762451171875,41.497928619384766,30.63974952697754,74.57935333251953
2025-03-17,93.68206787109375,27.773582458496094,23.884368896484375,25.91929817199707,45.133201599121094,47.091835021972656,479.7290344238281,16.303226470947266,22.96048355102539,22.13007926940918,559.0404052734375,42.12173843383789,31.23383331298828,76.25906372070312
2025-03-18,93.77725219726562,28.01961326599121,23.950063705444336,25.91929817199707,44.640586853027344,45.50031280517578,471.5509033203125,16.390514373779297,22.873476028442383,22.060829162597656,552.9981079101562,41.23057556152344,29.65951919555664,73.83830261230469
2025-03-19,94.05332946777344,28.34135627746582,23.959447860717773,26.052560806274414,45.08393859863281,46.657779693603516,477.86090087890625,16.477800369262695,23.057161331176758,22.370473861694336,559.0206909179688,42.09697723388672,30.813026428222656,76.14049530029297
2025-03-20,94.11044311523438,28.312963485717773,23.893753051757812,26.024003982543945,45.15290832519531,46.34845733642578,476.24114990234375,16.439008712768555,22.979820251464844,22.139970779418945,557.4041748046875,41.88904571533203,30.496177673339844,75.58717346191406
2025-03-21,93.9962158203125,28.07638931274414,23.884368896484375,26.033523559570312,45.123348236083984,46.677734375,477.8111572265625,16.293527603149414,22.912147521972656,22.189435958862305,557.5879516601562,41.8791389465332,30.783321380615234,75.58717346191406
2025-03-24,93.63446044921875,27.72626495361328,23.91252326965332,26.024003982543945,45.81300354003906,48.64342498779297,488.29644775390625,16.254735946655273,23.095829010009766,22.39718246459961,567.5736083984375,43.3544921875,32.73883819580078,79.50981140136719
2025-03-25,93.72013092041016,27.906063079833984,23.950063705444336,26.08111572265625,45.8819694519043,49.222164154052734,491.08294677734375,16.32262420654297,23.17317008972168,22.660329818725586,568.93798828125,43.54262161254883,33.32301330566406,80.03347778320312
2025-03-26,93.4916763305664,27.79203987121582,23.959447860717773,26.06778907775879,45.358341217041016,47.41364669799805,482.04669189453125,16.264434814453125,22.873476028442383,22.258684158325195,562.1458740234375,42.533721923828125,31.469974517822266,77.25848388671875
2025-03-27,93.4440689086914,27.79203987121582,24.03411102294922,26.08111572265625,45.1508674621582,46.8497314453125,479.3000183105469,16.293527603149414,22.786468505859375,22.35761260986328,560.6528930664062,42.27082824707031,30.93372344970703,76.53550720214844
2025-03-28,93.98668670654297,27.963069915771484,23.939599990844727,26.119192123413086,44.53831481933594,44.384483337402344,466.6810607910156,16.361419677734375,22.535110473632812,21.70469093322754,549.3623657226562,40.574440002441406,28.4709415435791,71.9402084350586
2025-03-31,94.16755676269531,28.124595642089844,23.873441696166992,25.96689224243164,44.76555252075195,44.35454177856445,466.6611633300781,16.439008712768555,22.651123046875,21.85308265686035,553.050048828125,41.06053924560547,28.451080322265625,73.18807983398438
2025-04-01,94.51616668701172,28.286121368408203,23.920696258544922,25.862186431884766,45.032310485839844,45.04820251464844,470.4229736328125,16.312925338745117,22.767131805419922,21.862974166870117,554.6121215820312,41.32343292236328,29.10649871826172,73.90113067626953
2025-04-02,94.41108703613281,28.409639358520508,23.854541778564453,25.8812255859375,45.2793083190918,45.706932067871094,473.8562927246094,16.31777572631836,22.94114875793457,22.139970779418945,558.1219482421875,41.834327697753906,29.7569522857666,75.29755401611328
2025-04-03,94.90776062011719,27.963069915771484,23.627716064453125,25.595664978027344,43.55033874511719,40.821346282958984,448.4891052246094,16.06076431274414,22.245084762573242,20.507667541503906,530.6172485351562,37.84632873535156,24.97538185119629,64.50255584716797
2025-04-04,94.99371337890625,27.411977767944336,23.344181060791016,25.576627731323242,40.31962585449219,35.83595275878906,420.6339416503906,15.56613826751709,20.881956100463867,18.519224166870117,499.5533447265625,33.317665100097656,20.402353286743164,53.301517486572266
2025-04-07,93.79027557373047,26.708866119384766,23.296924591064453,25.500478744506836,40.96181106567383,35.94075012207031,421.6490478515625,15.258695602416992,20.398578643798828,18.192764282226562,498.6635437011719,33.18374252319336,20.481800079345703,52.538936614990234
2025-04-08,93.30317687988281,26.680360794067383,23.259122848510742,25.424327850341797,40.24058532714844,34.603328704833984,414.0557861328125,15.151041984558105,20.06987953186035,17.925661087036133,490.8531188964844,32.14210510253906,19.314958572387695,50.16205596923828
2025-04-09,93.51331329345703,26.45232391357422,23.722227096557617,25.70037078857422,43.678768157958984,42.732662200927734,463.7552185058594,15.178197860717773,21.790708541870117,19.884424209594727,542.4021606445312,38.168739318847656,26.122364044189453,64.18563842773438
2025-04-10,92.77789306640625,26.31930160522461,23.589908599853516,25.252994537353516,42.058475494384766,39.23939514160156,444.0306701660156,15.401264190673828,21.123645782470703,19.350215911865234,518.6345825195312,35.49518966674805,22.90982437133789,57.4709587097168
2025-04-11,92.68238830566406,26.119762420654297,23.674968719482422,25.23395538330078,42.720428466796875,40.62672424316406,452.21112060546875,15.139403343200684,21.413673400878906,19.617321014404297,527.8885498046875,36.710445404052734,24.12135124206543,60.491580963134766
2025-04-14,93.22679138183594,26.39531135559082,23.571008682250977,25.23395538330078,43.20453643798828,41.19063949584961,455.2762756347656,15.352771759033203,21.752037048339844,19.755817413330078,533.0098266601562,37.42470932006836,24.627811431884766,62.175201416015625
2025-04-15,93.41780853271484,26.518835067749023,23.684419631958008,25.14828872680664,43.22429656982422,41.28545379638672,455.7838134765625,15.313977241516113,21.80037498474121,19.844852447509766,531.5169677734375,37.236228942871094,24.722152709960938,61.68992233276367
2025-04-16,93.7138900756836,26.727867126464844,23.769479751586914,25.024545669555664,42.364749908447266,38.805233001708984,442.04034423828125,15.430359840393066,21.52968406677246,19.557964324951172,519.7023315429688,35.56959915161133,22.487775802612305,57.56009292602539
2025-04-17,93.47511291503906,26.689863204956055,23.750577926635742,24.96743392944336,42.404266357421875,38.74534606933594,441.96075439453125,15.405143737792969,21.595422744750977,19.52828598022461,520.44384765625,35.6390380859375,22.423227310180664,57.71855163574219
2025-04-21,92.9115982055664,26.69936180114746,23.73167610168457,24.98647117614746,41.38664627075195,36.8489990234375,431.02362060546875,15.381867408752441,21.200986862182617,19.06332778930664,508.05584716796875,33.94761276245117,20.784683227539062,53.618431091308594
2025-04-22,93.08351135253906,26.737367630004883,23.892345428466797,24.96743392944336,42.2363166809082,38.730377197265625,442.33892822265625,15.396414756774902,21.686298370361328,19.48871612548828,521.2742919921875,35.663841247558594,22.373573303222656,57.63932418823242
2025-04-23,93.31272888183594,26.499828338623047,23.863990783691406,24.98647117614746,42.96742248535156,40.452056884765625,452.3703308105469,15.32852554321289,21.926054000854492,19.884424209594727,529.3517456054688,36.7898063659668,23.858192443847656,60.402442932128906
2025-04-24,93.82850646972656,26.860889434814453,23.939599990844727,24.85321044921875,43.87636947631836,42.75262451171875,465.0987243652344,15.454607009887695,22.467437744140625,20.270240783691406,540.4940185546875,38.31755065917969,25.888996124267578,64.14602661132812
2025-04-25,94.17233276367188,26.88939094543457,24.05301284790039,24.80561637878418,44.31108093261719,43.69580841064453,470.28363037109375,15.440058708190918,22.641454696655273,20.240562438964844,544.3992919921875,38.85325241088867,26.743022918701172,65.5028305053711
2025-04-28,94.43021392822266,26.841890335083008,23.93014907836914,25.0531005859375,44.39011764526367,43.675846099853516,470.1343688964844,15.546743392944336,22.651123046875,20.52745246887207,544.6068725585938,38.902854919433594,26.723159790039062,65.6414794921875
2025-04-29,94.65943908691406,26.813379287719727,23.863990783691406,25.157806396484375,44.785316467285156,44.214805603027344,473.23931884765625,15.6243314743042,22.834806442260742,20.477991104125977,548.03759765625,39.35919189453125,27.244518280029297,66.75068664550781
2025-04-30,94.5734634399414,26.661354064941406,23.873441696166992,25.0531005859375,44.84458923339844,44.20482635498047,473.1795959472656,15.64372730255127,22.825138092041016,20.497774124145508,548.2550048828125,39.369117736816406,27.249483108520508,66.82000732421875
2025-05-01,94.31571960449219,26.338302612304688,23.7127742767334,24.938879013061523,44.953269958496094,45.287742614746094,479.35968017578125,15.401264190673828,22.815471649169922,20.468097686767578,552.1404418945312,39.9494514465332,28.18791961669922,68.25604248046875
2025-05-02,93.85577392578125,25.94873809814453,23.684419631958008,25.138769149780273,45.318824768066406,46.680057525634766,486.4752197265625,15.352771759033203,23.182838439941406,20.853914260864258,560.3364868164062,41.09526062011719,29.508686065673828,71.21724700927734
2025-05-05,93.69287872314453,26.005746841430664,23.741127014160156,25.18636131286621,45.05206298828125,46.13111877441406,483.5892333984375,15.343072891235352,23.124834060668945,20.84402084350586,557.1234130859375,40.648841857910156,28.997264862060547,70.04862213134766
2025-05-06,93.92284393310547,26.35730743408203,23.986854553222656,25.18636131286621,44.85447311401367,45.282745361328125,479.09100341796875,15.469154357910156,22.979820251464844,20.77477264404297,552.466796875,39.96433639526367,28.17302703857422,68.26595306396484
2025-05-07,94.06657409667969,26.27179527282715,23.90179443359375,25.17684555053711,44.982906341552734,45.622100830078125,480.97186279296875,15.474003791809082,23.11516571044922,20.705522537231445,554.7901611328125,40.30659103393555,28.500736236572266,69.12757110595703
2025-05-08,93.57788848876953,26.148271560668945,23.816736221313477,25.0340633392334,45.091583251953125,46.53034591674805,485.9378662109375,15.246088027954102,22.931480407714844,20.665950775146484,558.6558227539062,40.832374572753906,29.34979820251465,70.47447967529297
2025-05-09,93.6737289428711,26.32880401611328,23.920696258544922,25.043582916259766,45.04218673706055,46.450504302978516,485.6194152832031,15.319796562194824,23.11516571044922,20.69563102722168,557.9439697265625,40.718284606933594,29.280282974243164,70.15755462646484
2025-05-12,93.35751342773438,26.290796279907227,23.797834396362305,24.815134048461914,46.18824768066406,50.23321533203125,505.40362548828125,15.090911865234375,23.51153564453125,21.20016098022461,576.3826293945312,43.386871337890625,32.825496673583984,77.04059600830078
2025-05-13,93.26168823242188,26.46182632446289,23.816736221313477,24.796096801757812,46.69211959838867,51.74530029296875,513.1063842773438,15.120007514953613,23.61304473876953,21.5068359375,580.18896484375,43.97713851928711,34.329978942871094,78.60537719726562
2025-05-14,92.99340057373047,26.243288040161133,23.750577926635742,24.80561637878418,46.563682556152344,52.36410903930664,516.1814575195312,14.984227180480957,23.550207138061523,21.407907485961914,580.9304809570312,44.06642150878906,34.93574523925781,78.8727798461914
2025-05-15,93.5204086303711,26.024749755859375,23.845088958740234,24.796096801757812,46.869956970214844,52.47888946533203,516.7487182617188,15.129706382751465,23.820898056030273,21.4969425201416,583.7679443359375,44.49300003051758,35.04498291015625,80.00179290771484
2025-05-16,93.57788848876953,26.138771057128906,23.80728530883789,24.748504638671875,47.30467224121094,52.92802047729492,518.997802734375,15.090911865234375,23.927242279052734,21.684904098510742,587.465576171875,45.043575286865234,35.476959228515625,81.49724578857422
2025-05-19,93.54914855957031,26.32880401611328,23.835636138916016,24.89128303527832,47.215755462646484,53.00288009643555,519.4954223632812,15.158801078796387,23.97557830810547,21.744260787963867,588.108154296875,45.152706146240234,35.5713005065918,81.75474548339844
2025-05-20,93.38624572753906,26.21478271484375,23.88289451599121,25.024545669555664,46.939117431640625,52.62361145019531,517.7637939453125,15.255785942077637,23.917573928833008,21.823402404785156,586.1307983398438,44.81541061401367,35.19890594482422,80.86341857910156
2025-05-21,92.77300262451172,26.233787536621094,23.854541778564453,25.167325973510742,46.02029037475586,51.16142272949219,510.5686340332031,15.134554862976074,23.3858585357666,21.437585830688477,576.2540893554688,43.31742858886719,33.7341423034668,76.81281280517578
2025-05-22,93.04130554199219,26.243288040161133,23.80728530883789,25.18636131286621,46.32656478881836,51.3510627746582,511.5240173339844,15.202445030212402,23.443862915039062,21.477155685424805,576.4815063476562,43.322391510009766,33.90793228149414,76.79300689697266
2025-05-23,93.17544555664062,26.10076332092285,23.939599990844727,25.310104370117188,46.099334716796875,50.37294387817383,506.78692626953125,15.23638916015625,23.424528121948242,21.398014068603516,572.5465087890625,42.72220230102539,32.929771423339844,75.18861389160156
2025-05-27,93.59707641601562,25.90123176574707,23.873441696166992,25.138769149780273,47.01815414428711,52.713436126708984,518.7091674804688,15.352771759033203,23.941741943359375,21.793725967407227,584.4501342773438,44.47811508178711,35.22372817993164,79.7839126586914
2025-05-28,93.42459106445312,25.8917293548584,23.835636138916016,25.129249572753906,46.435245513916016,52.264305114746094,516.4102783203125,15.216992378234863,23.695220947265625,21.4969425201416,581.0689086914062,43.962257385253906,34.771888732910156,78.40729522705078
2025-05-29,93.76953887939453,25.83472442626953,23.873441696166992,25.157806396484375,46.99839782714844,52.45393753051758,517.4254150390625,15.313977241516113,23.90790557861328,21.665119171142578,583.3626098632812,44.28963088989258,34.94070816040039,79.28872680664062
2025-05-30,93.99950408935547,25.758708953857422,23.835636138916016,25.18636131286621,47.07743835449219,52.264305114746094,516.609375,15.353741645812988,24.014249801635742,21.58597755432129,582.7101440429688,44.18050765991211,34.75699234008789,79.01142120361328
2025-06-02,93.75242614746094,25.796714782714844,23.97740364074707,25.433847427368164,47.18611145019531,53.067752838134766,520.689697265625,15.42551040649414,24.072254180908203,21.952009201049805,585.992431640625,44.66164779663086,35.55640411376953,80.25929260253906
2025-06-03,93.68514251708984,25.872726440429688,23.911245346069336,25.291067123413086,47.39358901977539,53.91112518310547,524.7598876953125,15.36828899383545,24.091590881347656,21.97179412841797,589.3341674804688,45.18246841430664,36.3856086730957,81.68541717529297
2025-06-04,94.24273681640625,25.8917293548584,24.03411102294922,25.252994537353516,47.630706787109375,54.19058609008789,526.2228393554688,15.537044525146484,24.342947006225586,22.070720672607422,589.1759643554688,45.1378288269043,36.678558349609375,81.55667114257812
2025-06-05,94.00238800048828,26.15777587890625,23.986854553222656,25.367216110229492,47.255271911621094,53.34222412109375,522.261962890625,15.486612319946289,24.20760154724121,21.902544021606445,586.3285522460938,44.67156219482422,35.824527740478516,80.32862091064453
2025-06-06,93.52169799804688,26.528335571289062,23.920696258544922,25.224437713623047,47.57142639160156,54.3702392578125,527.3672485351562,15.333374977111816,24.236602783203125,22.070720672607422,592.3495483398438,45.5842399597168,36.84737777709961,82.72529602050781
2025-06-09,93.63707733154297,26.756370544433594,23.93014907836914,25.205398559570312,47.640586853027344,54.519954681396484,528.1436157226562,15.381867408752441,24.304275512695312,22.139970779418945,592.8834228515625,45.653690338134766,37.01123046875,82.92337036132812
2025-06-10,93.84857177734375,26.727867126464844,23.939599990844727,25.110212326049805,47.79866409301758,55.24855422973633,531.6366577148438,15.343072891235352,24.390317916870117,22.19932746887207,596.2449340820312,46.179466247558594,37.726234436035156,84.35940551757812
2025-06-11,94.16582489013672,26.756370544433594,24.08136558532715,24.948394775390625,47.8974609375,54.864295959472656,529.8452758789062,15.420660972595215,24.4202880859375,22.139970779418945,594.5443725585938,45.91657638549805,37.33893966674805,83.62653350830078
2025-06-12,94.51191711425781,26.737367630004883,24.20423126220703,25.072139739990234,48.025901794433594,55.11381149291992,531.0892944335938,15.604933738708496,24.574968338012695,22.347719192504883,596.9073486328125,46.253868103027344,37.58224105834961,84.57728576660156
2025-06-13,94.17544555664062,26.537837982177734,24.27984046936035,24.82465362548828,47.541786193847656,53.701534271240234,524.4215698242188,15.440058708190918,24.168930053710938,21.922330856323242,590.2338256835938,45.20726776123047,36.16217041015625,81.6259994506836
2025-06-16,93.98316192626953,26.88939094543457,24.223133087158203,24.758024215698242,47.828304290771484,55.17868423461914,531.7162475585938,15.424541473388672,24.43962287902832,22.211198806762695,595.8494262695312,46.070343017578125,37.63685989379883,83.98306274414062
2025-06-17,94.27157592773438,26.49032974243164,24.242034912109375,24.41535186767578,47.66034698486328,54.08080291748047,526.5313720703125,15.352771759033203,24.304275512695312,21.843189239501953,590.7578735351562,45.27671432495117,36.52463150024414,81.78445434570312
2025-06-18,94.33885192871094,26.39531135559082,24.242034912109375,24.18690299987793,47.61094284057617,54.055850982666016,526.4417724609375,15.32852554321289,24.178598403930664,21.885726928710938,590.6688232421875,45.246952056884766,36.474979400634766,81.72502136230469
2025-06-20,94.4253921508789,26.26228904724121,24.260936737060547,24.139310836791992,47.5911865234375,53.571781158447266,524.292236328125,15.347922325134277,24.10125732421875,21.684904098510742,589.2816162109375,44.998939514160156,35.97348403930664,81.01197052001953
2025-06-23,94.61766052246094,26.005746841430664,24.242034912109375,24.577167510986328,47.99626159667969,54.68962478637695,529.6832275390625,15.372169494628906,24.36228370666504,21.912437438964844,595.1022338867188,45.88185501098633,37.090675354003906,83.41856384277344
2025-06-24,95.00222778320312,25.568674087524414,24.32709503173828,24.71042823791504,48.67797088623047,56.346435546875,537.783203125,15.473033905029297,24.88433074951172,22.268577575683594,601.676513671875,46.89373779296875,38.778873443603516,86.17178344726562
2025-06-25,94.99259948730469,25.52072525024414,24.34599494934082,24.815134048461914,48.69283676147461,56.61821365356445,539.157958984375,15.469154357910156,24.772188186645508,22.31804084777832,602.0136108398438,46.94593048095703,39.076629638671875,86.33959197998047
2025-06-26,95.25218200683594,25.66458511352539,24.468860626220703,25.005508422851562,49.089271545410156,57.68732833862305,544.1992797851562,15.74071216583252,25.02934455871582,22.783000946044922,606.7236328125,47.681636810302734,40.147151947021484,88.29576110839844
2025-06-27,94.98300170898438,25.645402908325195,24.45078468322754,24.929359436035156,49.24784851074219,58.0670166015625,546.0623779296875,15.68252182006836,25.174360275268555,22.881927490234375,609.7380981445312,48.089256286621094,40.54050827026367,89.48734283447266
2025-06-30,95.3675308227539,25.645402908325195,24.479324340820312,25.104501724243164,49.614559173583984,58.806400299072266,549.5992431640625,15.721315383911133,25.338706970214844,23.069889068603516,612.6533813476562,48.576412200927734,41.32721710205078,90.7980728149414
2025-07-01,95.2797622680664,25.66458511352539,24.49835205078125,25.138769149780273,49.50553894042969,57.78225326538086,544.9664306640625,15.779507637023926,25.319372177124023,23.069889068603516,612.455078125,48.51178741455078,40.276611328125,90.61933135986328
2025-07-02,95.16403198242188,25.923532485961914,24.564952850341797,25.291067123413086,49.66411590576172,58.59657669067383,548.7623291015625,15.894919395446777,25.333873748779297,23.31720733642578,615.2315063476562,48.94923782348633,41.0782585144043,91.82083892822266
2025-07-03,94.97113037109375,25.97148323059082,24.51738166809082,25.072139739990234,49.82269287109375,59.69566345214844,554.1622924804688,15.807632446289062,25.416048049926758,23.485383987426758,620.0803833007812,49.679969787597656,42.228450775146484,93.93588256835938
2025-07-07,94.63358306884766,26.115345001220703,24.44127082824707,25.0531005859375,49.52536392211914,58.80140686035156,549.9878540039062,15.625300407409668,25.1550235748291,23.05010414123535,615.4595336914062,48.96912384033203,41.287384033203125,91.83077239990234
2025-07-08,94.5949935913086,26.460609436035156,24.460296630859375,25.405292510986328,49.31722640991211,58.846370697021484,550.2966918945312,15.771747589111328,25.039012908935547,23.356779098510742,615.1224365234375,48.884613037109375,41.34215545654297,91.60238647460938
2025-07-09,94.99042510986328,26.49897003173828,24.50786590576172,25.367216110229492,49.75331497192383,59.67568588256836,554.1921997070312,15.968628883361816,25.42571449279785,23.70302391052246,618.8110961914062,49.46125030517578,42.19857406616211,93.22093963623047
2025-07-10,94.96147155761719,26.364696502685547,24.469810485839844,25.414810180664062,49.92180252075195,59.485843658447266,553.3952026367188,16.008392333984375,25.38704490661621,23.83163070678711,620.5563354492188,49.74459457397461,42.004390716552734,93.99546813964844
2025-07-11,94.56607055664062,26.738739013671875,24.49835205078125,25.605182647705078,48.97034454345703,59.201072692871094,552.1497802734375,15.922075271606445,25.193693161010742,23.653562545776367,618.3748168945312,49.35685729980469,41.68572235107422,92.89325714111328
2025-07-14,94.5564193725586,26.403064727783203,24.460296630859375,25.39101219177246,49.614559173583984,59.60573959350586,554.1524047851562,15.827999114990234,25.173391342163086,23.592226028442383,619.5548095703125,49.53084182739258,42.128868103027344,93.39967346191406
2025-07-15,94.2767105102539,26.518156051635742,24.35564613342285,25.50999641418457,49.45598220825195,59.70066452026367,554.660400390625,15.6243314743042,24.97134017944336,23.158924102783203,616.9072875976562,49.09339904785156,42.23841094970703,92.18824005126953
2025-07-16,94.4117431640625,26.546924591064453,24.460296630859375,25.34817886352539,49.654205322265625,59.83055877685547,555.2283325195312,15.721315383911133,25.077682495117188,23.416135787963867,618.9697265625,49.426448822021484,42.35791015625,93.07199096679688
2025-07-17,94.45032501220703,26.623647689819336,24.460296630859375,25.500478744506836,49.82269287109375,60.789764404296875,559.7216186523438,15.779507637023926,25.244932174682617,23.722810745239258,622.7576293945312,50.03788375854492,43.34379196166992,94.78984832763672
2025-07-18,94.62393951416016,26.585285186767578,24.52689552307129,25.433847427368164,49.901973724365234,60.634891510009766,559.1836547851562,15.778536796569824,25.213027954101562,23.663454055786133,622.3014526367188,49.93846130371094,43.19441604614258,94.50189208984375
2025-07-21,94.88433837890625,26.901779174804688,24.622034072875977,25.567110061645508,50.09029006958008,61.259376525878906,562.0828857421875,15.965718269348145,25.396713256835938,23.866256713867188,623.4815063476562,50.11741638183594,43.85166549682617,95.00830078125
2025-07-22,95.06757354736328,26.930551528930664,24.679119110107422,25.605182647705078,50.24886703491211,60.614906311035156,559.1737060546875,16.05106544494629,25.47405433654785,24.04531478881836,623.5707397460938,50.127357482910156,43.16951370239258,94.99837493896484
2025-07-23,94.85540008544922,27.266223907470703,24.7362003326416,25.957374572753906,50.407440185546875,61.15945816040039,561.7242431640625,16.283830642700195,25.648069381713867,24.3856258392334,628.8757934570312,50.96745300292969,43.737144470214844,97.3914566040039
2025-07-24,94.79753112792969,27.1319522857666,24.688631057739258,25.78603744506836,50.48672866821289,61.429237365722656,562.9197387695312,16.1635684967041,25.628734588623047,24.346054077148438,629.0839233398438,51.01219177246094,44.02593231201172,97.52054595947266
2025-07-25,94.95184326171875,26.930551528930664,24.669605255126953,25.747962951660156,50.71467971801758,61.67403030395508,564.2747192382812,16.103437423706055,25.729276657104492,24.378700256347656,631.7413940429688,51.39495849609375,44.27489471435547,98.5830307006836
2025-07-28,94.82645416259766,27.160722732543945,24.564952850341797,25.53855323791504,50.67504119873047,62.063716888427734,566.0382690429688,15.813451766967773,25.483720779418945,23.91077423095703,631.5828247070312,51.36513137817383,44.70808410644531,98.52345275878906
2025-07-29,95.3376235961914,27.227861404418945,24.545923233032227,25.452884674072266,50.7345085144043,61.87886428833008,565.1614990234375,15.9249849319458,25.570730209350586,23.980022430419922,629.9169311523438,51.081790924072266,44.50393295288086,97.73899841308594
2025-07-30,95.06757354736328,26.901779174804688,24.384185791015625,25.024545669555664,50.62548065185547,62.023746490478516,565.9186401367188,15.380897521972656,25.42571449279785,23.12924575805664,629.1236572265625,50.96745300292969,44.658294677734375,97.35173797607422
2025-07-31,95.11580657958984,26.345518112182617,24.36515998840332,24.89128303527832,50.38761901855469,61.334312438964844,562.9197387695312,15.292640686035156,25.271034240722656,23.089675903320312,626.763671875,50.544921875,43.92137145996094,96.16015625
2025-08-01,95.93836212158203,25.434410095214844,24.193906784057617,24.79990577697754,49.901973724365234,58.8863410949707,551.8309936523438,15.253846168518066,25.30970573425293,22.149864196777344,616.4907836914062,48.86969757080078,41.287384033203125,91.37399291992188
2025-08-04,96.0157699584961,25.376863479614258,24.374671936035156,24.929359436035156,50.71467971801758,61.04954528808594,562.0131225585938,15.429390907287598,25.5997314453125,22.783000946044922,625.8612670898438,50.34111022949219,43.547935485839844,95.46507263183594
2025-08-05,96.04480743408203,25.712535858154297,24.36515998840332,24.943635940551758,50.357887268066406,60.20524978637695,558.1973266601562,15.42357063293457,25.551393508911133,22.82257080078125,622.688232421875,49.8489875793457,42.6417236328125,94.06497955322266
2025-08-06,96.00611114501953,25.923532485961914,24.393699645996094,24.929359436035156,50.81379318237305,61.718994140625,565.2212524414062,15.517646789550781,25.696407318115234,23.069889068603516,627.457763671875,50.57971954345703,44.23505783081055,96.10057830810547
2025-08-07,95.92867279052734,26.249610900878906,24.49835205078125,25.0531005859375,50.71467971801758,62.1336555480957,567.1340942382812,15.580687522888184,25.72541046142578,23.099567413330078,626.9321899414062,50.51012420654297,44.68318557739258,95.92184448242188
2025-08-08,95.74481964111328,25.856399536132812,24.49835205078125,25.129249572753906,50.8831672668457,63.25772476196289,572.4244995117188,15.63403034210205,25.83175277709961,23.544740676879883,631.82080078125,51.25080108642578,45.88814926147461,98.05674743652344
2025-08-11,95.81255340576172,25.798852920532227,24.469810485839844,24.929359436035156,50.922813415527344,62.84806442260742,570.730712890625,15.572927474975586,25.735078811645508,23.277637481689453,630.5713500976562,51.04201889038086,45.48483657836914,97.38153076171875
2025-08-12,95.81255340576172,26.086572647094727,24.66008949279785,25.252994537353516,51.62649917602539,64.44673919677734,577.9041137695312,15.716466903686523,26.005769729614258,23.772275924682617,637.284423828125,52.12569046020508,47.16282272338867,100.4994888305664
2025-08-13,96.16092681884766,26.019437789916992,24.793285369873047,25.08165740966797,51.656227111816406,64.4967041015625,578.193115234375,15.84545612335205,26.29579734802246,23.920665740966797,639.4658813476562,52.483604431152344,47.2325325012207,101.5421142578125
2025-08-14,95.88997650146484,25.846803665161133,24.707658767700195,25.2786922454834,51.596763610839844,64.38179016113281,577.7447509765625,15.774657249450684,26.102445602416992,23.930559158325195,639.5254516601562,52.483604431152344,47.10306930541992,101.53218078613281
2025-08-15,95.74481964111328,26.1345272064209,24.66008949279785,25.39577293395996,51.05165481567383,63.77729415893555,575.2042236328125,15.73392391204834,26.054107666015625,23.98991584777832,638.0281372070312,52.22511291503906,46.43585968017578,100.75765228271484
2025-08-18,95.63838195800781,26.39347267150879,24.698144912719727,25.462404251098633,51.388633728027344,63.737327575683594,574.9750366210938,15.73586368560791,26.102445602416992,23.801952362060547,637.8892822265625,52.18037414550781,46.3761100769043,100.61863708496094
2025-08-19,95.82223510742188,26.326337814331055,24.564952850341797,25.529033660888672,51.091304779052734,61.988773345947266,567.1740112304688,15.657304763793945,26.001903533935547,23.68324089050293,634.4286499023438,51.59379577636719,44.48401641845703,98.92064666748047
2025-08-20,95.88029479980469,26.518156051635742,24.536407470703125,25.452884674072266,51.02192687988281,61.234397888183594,563.8065185546875,15.722286224365234,25.93809700012207,23.67334747314453,632.7429809570312,51.315425872802734,43.67241668701172,98.09647369384766
2025-08-21,95.65771484375,26.68119239807129,24.536407470703125,25.481441497802734,50.744415283203125,60.67485427856445,561.1962280273438,15.64372730255127,25.783414840698242,23.416135787963867,630.2044677734375,50.902835845947266,43.0649528503418,96.95454406738281
2025-08-22,96.18995666503906,26.757919311523438,24.888423919677734,25.567110061645508,51.56703186035156,62.51833724975586,569.85400390625,15.963778495788574,26.3344669342041,24.128414154052734,639.88232421875,52.428924560546875,45.001853942871094,101.26408386230469
2025-08-25,96.04480743408203,26.882596969604492,24.77425765991211,25.50999641418457,51.39854049682617,62.14364242553711,568.210205078125,15.833819389343262,26.141117095947266,24.009700775146484,637.0662841796875,51.971595764160156,44.608497619628906,99.96327209472656
2025-08-26,96.16092681884766,26.72859764099121,24.74571418762207,25.500478744506836,51.62649917602539,62.64323043823242,570.4915771484375,15.860005378723145,26.22812271118164,23.98991584777832,639.7335815429688,52.389156341552734,45.1263313293457,101.16477966308594
2025-08-27,96.2576904296875,26.747848510742188,24.7362003326416,25.53855323791504,51.785072326660156,62.818084716796875,571.368408203125,15.86679458618164,26.344135284423828,24.118520736694336,641.1912841796875,52.62776184082031,45.33047866821289,101.80027770996094
2025-08-28,96.37381744384766,26.690095901489258,24.821826934814453,25.357698440551758,52.01302719116211,63.582454681396484,574.9451293945312,15.886190414428711,26.489147186279297,24.257020950317383,643.4619750976562,52.9807014465332,46.15702438354492,102.87269592285156
2025-08-29,96.2480239868164,26.863346099853516,24.688631057739258,25.4433650970459,51.6165885925293,62.0587158203125,568.2898559570312,15.872611999511719,26.344135284423828,23.98892593383789,639.6245727539062,52.33447265625,44.493980407714844,100.91653442382812
2025-09-02,95.99268341064453,27.229095458984375,24.755229949951172,25.643259048461914,51.239967346191406,61.02956771850586,563.527587890625,15.857095718383789,25.976768493652344,23.890987396240234,634.884765625,51.544090270996094,43.358726501464844,98.68232727050781
2025-09-03,96.3421859741211,27.007719039916992,24.85036849975586,25.65277671813965,51.56703186035156,61.95879364013672,567.9610595703125,15.939532279968262,26.305463790893555,24.078950881958008,638.3255615234375,52.07101058959961,44.36949920654297,100.16187286376953
2025-09-04,96.73056030273438,26.795969009399414,25.00259017944336,25.542360305786133,52.092315673828125,63.08786392211914,573.1019287109375,16.012271881103516,26.45047950744629,24.363861083984375,643.6602783203125,52.930992126464844,45.569480895996094,102.65425109863281
2025-09-05,97.1868896484375,26.353221893310547,25.08821678161621,25.55759048461914,52.092315673828125,63.22774887084961,573.9288940429688,16.196544647216797,26.6825008392334,24.247127532958984,641.796142578125,52.6227912902832,45.7188606262207,101.66126251220703
2025-09-08,97.5169906616211,26.305095672607422,25.297523498535156,25.605182647705078,52.330177307128906,63.84723663330078,576.728515625,16.32262420654297,26.837181091308594,24.48455238342285,643.3727416992188,52.871341705322266,46.37112808227539,102.42585754394531
2025-09-09,97.32279968261719,26.228097915649414,25.326065063476562,25.586145401000977,52.32026672363281,64.19195556640625,578.3624267578125,16.259584426879883,26.84684944152832,24.553802490234375,644.8601684570312,53.11491775512695,46.749549865722656,103.1308822631836
2025-09-10,97.5169906616211,26.38209342956543,25.449745178222656,25.53855323791504,52.62751007080078,64.23191833496094,578.5517578125,16.303226470947266,27.001529693603516,24.652729034423828,646.724365234375,53.418148040771484,46.799339294433594,104.00469970703125
2025-09-11,97.70144653320312,26.276220321655273,25.640024185180664,25.524274826049805,52.845550537109375,64.96131896972656,581.9192504882812,16.51174545288086,27.156211853027344,25.063278198242188,652.0988159179688,54.28309631347656,47.58605194091797,106.52687072753906
2025-09-12,97.61407470703125,26.40134620666504,25.630510330200195,25.65277671813965,52.895103454589844,65.52084350585938,584.4896850585938,16.488468170166016,27.02086639404297,25.15726089477539,651.8805541992188,54.218475341796875,48.1785774230957,106.32827758789062
2025-09-15,97.77912902832031,26.699722290039062,25.83981704711914,25.681331634521484,53.1726188659668,66.63494110107422,589.4910888671875,16.574787139892578,27.320560455322266,25.43227767944336,655.3511352539062,54.795108795166016,49.40843200683594,107.96669006347656
2025-09-16,97.81796264648438,26.680469512939453,25.792245864868164,25.72797393798828,53.33119583129883,66.48505401611328,588.992919921875,16.652374267578125,27.320560455322266,25.46393394470215,654.4488525390625,54.631065368652344,49.27399444580078,107.49006652832031
2025-09-17,97.64320373535156,26.459095001220703,25.75419044494629,25.71940803527832,53.023948669433594,66.2002944946289,587.8173217773438,16.491378784179688,27.281888961791992,25.167152404785156,653.6356811523438,54.49188232421875,48.96030807495117,107.10279083251953
2025-09-18,97.3713607788086,26.59384536743164,25.830303192138672,25.747962951660156,53.33119583129883,67.42427825927734,593.11767578125,16.52144432067871,27.214216232299805,25.434255599975586,656.6898803710938,55.00886154174805,50.27979278564453,108.58233642578125
2025-09-19,97.3713607788086,26.622718811035156,25.83981704711914,25.728925704956055,53.390655517578125,68.30355072021484,597.1326904296875,16.4971981048584,27.204547882080078,25.651897430419922,659.9423217773438,55.5009880065918,51.27562713623047,110.03208923339844
2025-09-22,97.25483703613281,26.949970245361328,25.944469451904297,25.91929817199707,53.598793029785156,69.097900390625,600.667724609375,16.754209518432617,27.320560455322266,26.008037567138672,663.0645751953125,56.02791213989258,52.142005920410156,111.60099029541016
2025-09-23,97.41019439697266,26.872970581054688,25.973011016845703,25.94785499572754,53.4798583984375,68.16366577148438,596.6779174804688,16.76972770690918,27.287689208984375,25.800289154052734,659.4551391601562,55.43636703491211,51.09139633178711,109.82356262207031
2025-09-24,97.22571563720703,27.017343521118164,25.93495750427246,25.633739471435547,53.24199676513672,67.68942260742188,594.583251953125,16.632007598876953,27.114641189575195,25.61232566833496,657.3569946289062,55.04199981689453,50.54216766357422,108.68537139892578
2025-09-25,97.08979034423828,27.075300216674805,25.92544174194336,25.567110061645508,52.9437141418457,67.0797348022461,592.0198364257812,16.61164093017578,26.933856964111328,25.522302627563477,654.3242797851562,54.52912521362305,49.864349365234375,107.13329315185547
2025-09-26,97.15776062011719,27.21053695678711,25.98252296447754,25.69085121154785,53.20221710205078,67.61946105957031,594.4535522460938,16.817249298095703,27.040199279785156,25.96846580505371,658.072998046875,55.12664794921875,50.46242141723633,108.86446380615234
2025-09-29,97.34223937988281,27.04631996154785,26.08867835998535,25.65277671813965,53.43090057373047,68.2241439819336,597.20654296875,16.831796646118164,27.220983505249023,26.106962203979492,659.9224243164062,55.430389404296875,51.13525390625,109.75989532470703
2025-09-30,97.33251953125,27.01734161376953,26.117366790771484,25.633739471435547,53.60986328125,68.56395721435547,598.8424072265625,16.903568267822266,27.24321937561035,26.176212310791016,662.4082641601562,55.83372116088867,51.53396987915039,110.92394256591797
2025-10-01,97.58090209960938,26.85313606262207,26.213001251220703,25.529033660888672,53.868370056152344,69.22361755371094,601.7150268554688,17.06456184387207,27.45590591430664,26.55213737487793,664.6654052734375,56.22709274291992,52.26162338256836,112.12779998779297
2025-10-02,97.68804931640625,26.553691864013672,26.25125503540039,25.367216110229492,53.739112854003906,69.7833251953125,604.188720703125,16.97727394104004,27.603818893432617,26.403745651245117,665.4309692382812,56.32667922973633,52.899566650390625,112.43623352050781
2025-10-03,97.58090209960938,26.80483627319336,26.356449127197266,25.433847427368164,53.808712005615234,69.15365600585938,601.645263671875,17.1324520111084,27.620254516601562,26.730207443237305,665.421142578125,56.311737060546875,52.181880950927734,112.306884765625
2025-10-06,97.36661529541016,27.123598098754883,26.87286949157715,25.567110061645508,53.95785140991211,70.1980972290039,606.1636962890625,17.3283634185791,27.64925765991211,27.16548728942871,667.8074951171875,56.700130462646484,53.34812545776367,113.53065490722656
2025-10-07,97.53218841552734,27.249170303344727,26.930248260498047,25.567110061645508,53.798770904541016,69.4435043334961,602.9718627929688,17.320602416992188,27.581584930419922,26.848918914794922,665.3316040039062,56.2818603515625,52.48590087890625,112.25714874267578
2025-10-08,97.54193115234375,27.548612594604492,27.274526596069336,25.576627731323242,53.947906494140625,71.02266693115234,609.8842163085938,17.52621078491211,27.658926010131836,27.382139205932617,669.2990112304688,56.93415832519531,54.26517105102539,114.1972427368164
2025-10-09,97.425048828125,27.47133445739746,26.958938598632812,25.605182647705078,53.838539123535156,70.8377685546875,609.1461181640625,17.311874389648438,27.56224822998047,26.98741912841797,667.3600463867188,56.60054397583008,54.05086135864258,113.21227264404297
2025-10-10,97.82440948486328,27.297468185424805,25.993045806884766,25.70037078857422,52.68521499633789,65.87037658691406,588.0000610351562,16.983095169067383,27.011198043823242,25.592540740966797,649.32275390625,53.52328872680664,48.37913513183594,103.95948791503906
2025-10-13,98.00948333740234,27.819076538085938,26.748544692993164,25.862186431884766,53.5004997253418,68.67890167236328,600.4782104492188,17.40886116027832,27.446237564086914,26.680742263793945,659.2860107421875,55.146568298339844,51.44924545288086,108.68537139892578
2025-10-14,98.16533660888672,27.9060115814209,26.786800384521484,25.814594268798828,53.58003234863281,67.76438903808594,596.4784545898438,17.554338455200195,27.359230041503906,26.809349060058594,658.4805908203125,55.007144927978516,50.402610778808594,108.20780944824219
2025-10-15,98.12637329101562,27.9832820892334,26.968503952026367,25.85266876220703,53.75899887084961,68.68389892578125,600.6876831054688,17.564037322998047,27.610586166381836,26.97752571105957,661.4039306640625,55.4702262878418,51.43429183959961,109.59075164794922
2025-10-16,98.4770278930664,28.215110778808594,27.140640258789062,25.914539337158203,53.570091247558594,68.17416381835938,598.46337890625,17.641624450683594,27.64925765991211,26.819242477416992,656.8995971679688,54.728302001953125,50.86113739013672,107.38202667236328
2025-10-17,98.34066772460938,27.53895378112793,26.987627029418945,25.866945266723633,53.798770904541016,69.04370880126953,602.393310546875,17.533000946044922,27.504243850708008,26.77967071533203,660.62841796875,55.305904388427734,51.82802200317383,109.08334350585938
2025-10-20,98.50625610351562,27.799758911132812,27.44666862487793,25.776519775390625,54.30583953857422,70.76780700683594,609.9839477539062,17.862751007080078,27.93928337097168,27.531518936157227,667.499267578125,56.46112060546875,53.771759033203125,112.47603607177734
2025-10-21,98.6036605834961,27.519634246826172,27.188457489013672,25.62421989440918,54.3853759765625,70.72782135009766,609.8244018554688,17.631925582885742,27.890947341918945,27.0170955657959,667.4893188476562,56.436222076416016,53.711952209472656,112.44617462158203
2025-10-22,98.59391784667969,27.249170303344727,27.11195182800293,25.567110061645508,54.0771598815918,69.32356262207031,603.9493408203125,17.651323318481445,27.803937911987305,26.878597259521484,664.0191040039062,55.86359786987305,52.132041931152344,110.66527557373047
2025-10-23,98.41858673095703,26.998027801513672,27.140640258789062,25.55759048461914,54.22629928588867,70.512939453125,609.0264282226562,17.709514617919922,27.755599975585938,27.29409408569336,667.9566650390625,56.47605895996094,53.437835693359375,112.52577209472656
2025-10-24,98.51599884033203,26.592330932617188,27.255399703979492,25.65277671813965,54.67371368408203,71.95217895507812,615.52978515625,17.77740478515625,28.055295944213867,27.630447387695312,673.4155883789062,57.38230514526367,55.10247039794922,115.17227172851562
2025-10-27,98.58418273925781,26.16731834411621,27.322343826293945,25.71940803527832,55.29014205932617,74.53082275390625,626.4918823242188,17.816198348999023,28.33565330505371,28.016263961791992,681.3603515625,58.741676330566406,58.028045654296875,119.29125213623047
2025-10-28,98.64261627197266,26.080059051513672,27.23627471923828,25.614702224731445,55.4691047668457,75.65523529052734,631.3095703125,17.845293045043945,28.432331085205078,28.055835723876953,683.1700439453125,59.04541778564453,59.35377502441406,120.16677856445312
2025-10-29,98.1750717163086,26.303049087524414,27.140640258789062,25.53855323791504,55.26031494140625,76.3448715209961,634.15234375,17.656171798706055,28.229312896728516,28.085512161254883,683.4982299804688,59.08027267456055,60.11133575439453,120.29612731933594
2025-10-30,97.98999786376953,26.41939353942871,27.169330596923828,25.471921920776367,54.6935920715332,73.9861068725586,624.45703125,17.61931800842285,27.842607498168945,27.768945693969727,675.9810180664062,57.81053161621094,57.36019515991211,116.43582153320312
2025-10-31,97.93156433105469,26.40000343322754,27.131078720092773,25.424327850341797,54.86261749267578,74.70073699951172,627.4694213867188,17.709514617919922,27.91994857788086,27.620553970336914,678.1983032226562,58.1391716003418,58.17258071899414,117.3412094116211
2025-11-03,97.81135559082031,26.44847869873047,27.178895950317383,25.17684555053711,54.91232681274414,75.37039184570312,630.4716796875,17.5921630859375,27.98762321472168,27.848087310791016,679.4711303710938,58.373199462890625,58.97001266479492,118.07744598388672
2025-11-04,97.86022186279297,26.147926330566406,26.81549072265625,25.067378997802734,54.3853759765625,72.2820053100586,617.67431640625,17.476749420166016,27.610586166381836,27.264413833618164,671.4169921875,56.99391555786133,55.36164093017578,113.87886810302734
2025-11-05,97.59637451171875,26.409696578979492,26.958938598632812,25.060714721679688,54.25612258911133,73.23150634765625,621.6941528320312,17.453474044799805,27.571916580200195,27.447431564331055,673.7437133789062,57.32752990722656,56.438167572021484,114.87378692626953
2025-11-06,97.95793914794922,26.060670852661133,26.844179153442383,25.220630645751953,53.98767852783203,70.4929428100586,610.1136474609375,17.380733489990234,27.45590591430664,26.967632293701172,666.514892578125,56.087669372558594,53.27336502075195,111.19258117675781
2025-11-07,97.91885375976562,26.186710357666016,26.920684814453125,25.272029876708984,53.87831115722656,70.01819610595703,608.1885375976562,17.380733489990234,27.47524070739746,26.98741912841797,667.1710815429688,56.18227767944336,52.72014617919922,111.48110961914062
2025-11-10,97.87976837158203,26.89445686340332,27.226709365844727,25.359601974487305,54.48480224609375,73.08658599853516,621.6442260742188,17.69011688232422,27.81360626220703,27.838193893432617,677.5818481445312,57.920074462890625,56.17401885986328,116.5253677368164
2025-11-11,98.17294311523438,26.613298416137695,27.398849487304688,25.50999641418457,55.111175537109375,72.69678497314453,619.9884643554688,17.792922973632812,28.06496238708496,28.164653778076172,679.1329956054688,58.183982849121094,55.710514068603516,117.33125305175781
2025-11-12,98.13385009765625,26.5648193359375,27.64749526977539,25.433847427368164,54.86261749267578,72.57185363769531,619.4996948242188,17.854991912841797,28.035959243774414,28.233905792236328,679.5109252929688,58.243736267089844,55.59588623046875,117.53023529052734
2025-11-13,97.8406753540039,26.584209442138672,27.35103416442871,25.357698440551758,54.00756072998047,69.58842468261719,606.8519897460938,17.51942253112793,27.70726203918457,27.185272216796875,668.235107421875,56.311737060546875,52.161949157714844,111.68009185791016
2025-11-14,97.7234115600586,26.438783645629883,27.169330596923828,25.310104370117188,53.82859802246094,69.65838623046875,607.310791015625,17.410799026489258,27.59125328063965,27.155595779418945,668.1256713867188,56.26194763183594,52.20181655883789,111.51095581054688
2025-11-17,97.74295043945312,26.584209442138672,27.11195182800293,25.26251220703125,53.49055099487305,68.46401977539062,602.1240234375,17.26241111755371,27.301223754882812,26.66095733642578,661.901123046875,55.206321716308594,50.86113739013672,108.35704803466797
2025-11-18,97.80158996582031,26.593904495239258,27.092824935913086,25.34817886352539,53.172393798828125,66.79988861083984,594.7926635742188,17.282779693603516,27.040199279785156,26.43342399597168,656.3427734375,54.280155181884766,49.022064208984375,105.6508560180664
2025-11-19,97.80158996582031,26.458171844482422,27.255399703979492,25.19112205505371,53.25193405151367,67.55948638916016,598.3436279296875,17.2575626373291,27.059534072875977,26.413639068603516,658.8783569335938,54.66854476928711,49.864349365234375,106.7751235961914
2025-11-20,97.91885375976562,26.08975601196289,27.264965057373047,25.173988342285156,52.50625228881836,64.37616729736328,584.1797485351562,17.110145568847656,26.769508361816406,25.721145629882812,648.8355712890625,52.99049758911133,46.30083084106445,101.86019897460938
2025-11-21,98.15338897705078,26.0994873046875,27.226709365844727,25.128299713134766,53.00337219238281,65.3256607055664,588.568603515625,17.22943687438965,27.127206802368164,26.136642456054688,655.2987670898438,54.036163330078125,47.327518463134766,104.844970703125
2025-11-24,98.34884643554688,26.050830841064453,27.44666862487793,25.129249572753906,53.838539123535156,68.69389343261719,603.6201782226562,17.35066795349121,27.465572357177734,26.785606384277344,664.9437866210938,55.62956619262695,50.91596603393555,109.45146942138672
2025-11-25,98.50519561767578,26.216264724731445,27.51361083984375,25.26251220703125,54.474857330322266,69.4734878540039,607.3407592773438,17.49614715576172,27.745933532714844,27.16548728942871,671.1982421875,56.66527557373047,51.84297180175781,112.44617462158203
2025-11-26,98.66156005859375,26.43035316467285,27.666622161865234,25.38149642944336,54.882503509521484,70.70283508300781,612.70703125,17.617380142211914,28.016624450683594,27.55427360534668,675.8318481445312,57.41218566894531,53.1986083984375,114.73450469970703
2025-11-28,98.52474212646484,26.576324462890625,27.64749526977539,25.424327850341797,55.02169418334961,71.77227783203125,617.67431640625,17.307024002075195,28.08429718017578,27.650232315063477,679.5208129882812,58.0196647644043,54.36484909057617,116.53530883789062
2025-12-01,98.09923553466797,26.469280242919922,27.417978286743164,25.338661193847656,54.623992919921875,71.31251525878906,615.599609375,17.505844116210938,27.842607498168945,27.422698974609375,676.41845703125,57.49184799194336,53.87641906738281,114.90364074707031
2025-12-02,98.22669982910156,26.459548950195312,27.494482040405273,25.28154945373535,54.65382385253906,72.43193054199219,620.4172973632812,17.578584671020508,27.890947341918945,27.521625518798828,677.67138671875,57.6910285949707,55.12240982055664,115.4806900024414
2025-12-03,98.41297912597656,26.27465057373047,27.51361083984375,25.400531768798828,55.061466217041016,72.75176239013672,621.9334716796875,17.649383544921875,28.113300323486328,27.79862403869629,680.0180053710938,58.0694580078125,55.51115417480469,116.61490631103516
2025-12-04,98.17768096923828,26.225996017456055,27.40841293334961,25.319623947143555,54.962039947509766,72.58185577392578,621.35498046875,17.60283088684082,27.929616928100586,27.82830047607422,680.51513671875,58.16904830932617,55.33173370361328,116.92333221435547
2025-12-05,98.06983184814453,25.904861450195312,27.427539825439453,25.224437713623047,55.01175308227539,73.18153381347656,623.8884887695312,17.60283088684082,27.968286514282227,27.956907272338867,681.8078002929688,58.33834457397461,55.96968078613281,117.43074035644531
2025-12-08,97.9129867553711,25.934051513671875,27.40841293334961,25.367216110229492,54.61405563354492,72.8517074584961,622.6915283203125,17.51554298400879,27.83294105529785,27.571090698242188,679.7594604492188,57.98978805541992,55.62080001831055,116.3562240600586
2025-12-09,97.82473754882812,25.96324920654297,27.57098960876465,25.4433650970459,54.544456481933594,73.06159210205078,623.4595336914062,17.447654724121094,27.745933532714844,27.78873062133789,679.1727905273438,57.90016174316406,55.83012390136719,116.01795959472656
2025-12-10,98.13845825195312,25.89512825012207,27.676185607910156,25.481441497802734,55.12112045288086,73.62130737304688,626.0130615234375,17.651323318481445,28.122968673706055,27.986587524414062,683.6771850585938,58.62714767456055,56.468074798583984,118.24658203125
2025-12-11,98.15807342529297,26.11895179748535,27.762256622314453,25.709888458251953,55.02169418334961,73.14155578613281,623.98828125,17.758007049560547,28.25831413269043,28.392189025878906,685.26806640625,58.9059944152832,55.9298095703125,118.95297241210938
2025-12-12,97.85414123535156,26.041101455688477,27.70487403869629,25.628978729248047,54.55439758300781,70.30304718017578,612.0586547851562,17.612529754638672,27.910282135009766,27.620553970336914,677.9000854492188,57.60139846801758,52.65037536621094,115.13247680664062
2025-12-15,97.95218658447266,26.177337646484375,27.666622161865234,25.67181396484375,54.51463317871094,69.59342193603516,608.9865112304688,17.661020278930664,27.910282135009766,27.78873062133789,676.8758544921875,57.43209457397461,51.852943420410156,114.59522247314453
2025-12-16,98.13845825195312,26.303844451904297,27.58055305480957,25.686092376708984,54.35554885864258,69.86328125,610.1934204101562,17.505844116210938,27.849374771118164,27.521625518798828,675.0264282226562,57.103458404541016,52.161949157714844,113.62018585205078
2025-12-17,98.10905456542969,26.32330894470215,27.63793182373047,25.70037078857422,53.87831115722656,67.2446517944336,598.8822631835938,17.60283088684082,27.49457550048828,27.29409408569336,667.5986938476562,55.828739166259766,49.241355895996094,109.82953643798828
2025-12-18,98.3541488647461,26.49847412109375,27.676185607910156,25.871706008911133,54.34560775756836,69.20362091064453,607.5601196289062,17.69981575012207,27.79427146911621,27.64034080505371,672.6399536132812,56.66527557373047,51.34457778930664,112.28699493408203
2025-12-19,98.21053314208984,26.469280242919922,28.020463943481445,25.767000198364258,54.45497512817383,71.0126724243164,615.47998046875,17.893787384033203,27.948951721191406,28.243797302246094,678.7363891601562,57.67110824584961,53.34812545776367,115.22201538085938
2025-12-22,98.17118835449219,26.615249633789062,28.125659942626953,25.989999771118164,55.04158401489258,71.6323471069336,618.4302368164062,18.05866241455078,28.17130470275879,28.619722366333008,682.96484375,58.38814163208008,54.075782775878906,117.30140686035156
2025-12-23,98.17118835449219,26.732454299926758,28.183040618896484,25.954999923706055,55.14100646972656,72.32199096679688,621.3265380859375,18.1750431060791,28.296985626220703,28.936288833618164,686.0863037109375,58.88607406616211,54.83333969116211,118.90323638916016
2025-12-24,98.38758850097656,26.634784698486328,28.15435028076172,25.906999588012695,55.49893569946289,72.71491241455078,623.144287109375,18.204139709472656,28.461334228515625,28.98575210571289,688.4996948242188,59.291194915771484,55.26862335205078,120.05065155029297
2025-12-26,98.40727233886719,27.074302673339844,28.33605194091797,25.93000030517578,55.47699737548828,72.6649169921875,623.1043090820312,18.466001510620117,28.47100067138672,29.331998825073242,688.4298706054688,59.25128173828125,55.21870422363281,119.96086120605469
2025-12-29,98.52531433105469,26.527345657348633,28.001338958740234,25.780000686645508,55.33738327026367,71.94506072998047,620.088134765625,18.104999542236328,29.280000686645508,28.670000076293945,685.9765625,58.832191467285156,54.40005874633789,118.6537857055664
2025-12-30,98.48596954345703,26.4785099029541,28.029226303100586,25.969999313354492,55.26757049560547,71.59513854980469,618.64990234375,18.239999771118164,28.989999771118164,28.8799991607666,685.138916015625,58.67253875732422,54.01070022583008,118.17486572265625
2025-12-31,98.2498779296875,26.625017166137695,27.949542999267578,25.950000762939453,54.65925216674805,70.39539337158203,613.536376953125,17.920000076293945,28.1200008392334,28.350000381469727,680.062744140625,57.7944450378418,52.63298034667969,115.50086212158203
2026-01-02,98.22037506103516,26.527345657348633,28.039188385009766,26.100000381469727,54.67919921875,70.08544921875,612.347900390625,18.100000381469727,28.274999618530273,28.56999969482422,681.309326171875,57.974056243896484,52.263587951660156,116.06958770751953
2026-01-05,98.40727233886719,26.87896156311035,28.248361587524414,26.31999969482422,55.078094482421875,71.18521881103516,617.2117309570312,18.489999771118164,28.56999969482422,29.219999313354492,685.846923828125,58.75236511230469,53.51152420043945,118.32452392578125
2026-01-06,98.38758850097656,27.054767608642578,28.328046798706055,26.450000762939453,55.47699737548828,72.44496154785156,622.6348876953125,18.540000915527344,28.56999969482422,29.6299991607666,689.92578125,59.44086837768555,54.91919708251953,120.37992095947266
2026-01-07,98.48596954345703,26.859424591064453,28.21847915649414,26.100000381469727,55.32740783691406,72.5749282836914,623.2341918945312,18.299999237060547,28.670000076293945,29.260000228881836,687.701904296875,59.05171585083008,55.07893371582031,119.24246978759766
2026-01-08,98.30889892578125,26.898494720458984,28.168676376342773,26.209999084472656,55.32740783691406,71.735107421875,619.6885986328125,18.350000381469727,28.549999237060547,29.200000762939453,687.632080078125,59.00182342529297,54.10055160522461,119.09280395507812
2026-01-09,98.52531433105469,27.19150733947754,28.38780975341797,26.347000122070312,55.54680252075195,73.12481689453125,625.86083984375,18.6299991607666,28.790000915527344,29.790000915527344,692.1796264648438,59.77015686035156,55.6679573059082,121.37767791748047
2026-01-12,98.47612762451172,27.31847381591797,28.736433029174805,26.510000228881836,55.71633529663086,73.25479125976562,626.3801879882812,18.829999923706055,28.90999984741211,30.1200008392334,693.2666625976562,59.94976806640625,55.79774475097656,121.95638275146484
2026-01-13,98.56465911865234,27.31847381591797,28.696590423583984,26.510000228881836,55.706363677978516,72.9948501586914,625.4513549804688,18.829999923706055,28.729999542236328,30.079999923706055,691.8804931640625,59.69032669067383,55.50822448730469,121.15817260742188
2026-01-14,98.71221160888672,27.689626693725586,28.79619598388672,26.670000076293945,55.53683090209961,71.47515869140625,618.769775390625,18.860000610351562,28.81999969482422,30.079999923706055,688.479736328125,59.13154220581055,53.74114990234375,119.40210723876953
2026-01-15,98.58433532714844,27.357545852661133,28.74639320373535,26.579999923706055,55.34735107421875,71.9250717163086,620.9970092773438,18.809999465942383,28.920000076293945,30.010000228881836,690.3546142578125,59.41093444824219,54.29024124145508,120.2701644897461
2026-01-16,98.4171142578125,26.918027877807617,28.596982955932617,26.399999618530273,55.34735107421875,71.735107421875,620.4776611328125,18.719999313354492,28.670000076293945,29.920000076293945,689.7761840820312,59.291194915771484,54.05063247680664,119.86107635498047
2026-01-20,98.04329681396484,27.10360336303711,28.646787643432617,26.40999984741211,54.130706787109375,68.71573638916016,607.2942504882812,18.540000915527344,28.100000381469727,28.8700008392334,675.7345581054688,56.86646270751953,50.646263122558594,112.52753448486328
2026-01-21,98.367919921875,26.996164321899414,29.07509422302246,26.209999084472656,54.70911407470703,70.52536010742188,615.50390625,18.719999313354492,28.450000762939453,29.579999923706055,683.5332641601562,58.153663635253906,52.64296340942383,116.3290023803711
2026-01-22,98.38758850097656,27.18174171447754,29.373912811279297,26.360000610351562,54.94845199584961,71.59513854980469,619.978271484375,18.8799991607666,28.6299991607666,30.030000686645508,687.103515625,58.75236511230469,53.811031341552734,118.13495635986328
2026-01-23,98.47612762451172,27.543121337890625,29.244426727294922,26.31999969482422,54.99831771850586,72.03504943847656,621.935791015625,18.950000762939453,28.690000534057617,30.110000610351562,687.352783203125,58.77232360839844,54.29024124145508,118.1549072265625
2026-01-26,98.62368774414062,27.855669021606445,29.184659957885742,26.360000610351562,55.29749298095703,72.6449203491211,624.67236328125,18.959999084472656,28.975000381469727,30.34000015258789,690.84326171875,59.38099670410156,54.98908615112305,119.96086120605469
2026-01-27,98.55482482910156,27.796857833862305,29.752418518066406,26.59000015258789,55.586692810058594,73.94464874267578,630.335205078125,19.139999389648438,29.149999618530273,30.790000915527344,693.5957641601562,59.859962463378906,56.44667434692383,121.39762878417969
2026-01-28,98.5154800415039,28.316333770751953,29.951629638671875,26.690000534057617,55.41716003417969,74.34456634521484,632.4225463867188,19.3700008392334,29.049999237060547,31.09000015258789,693.5259399414062,59.820045471191406,56.965816497802734,121.32778930664062
2026-01-29,98.5154800415039,28.43395233154297,30.07115936279297,26.579999923706055,55.20773696899414,73.5047378540039,628.6373291015625,19.459999084472656,29.110000610351562,31.09000015258789,692.1497192382812,59.55063247680664,55.9474983215332,120.46971130371094
2026-01-30,98.49579620361328,27.493013381958008,29.07509422302246,25.959999084472656,55.088069915771484,71.69511413574219,621.0868530273438,18.610000610351562,28.850000381469727,29.610000610351562,690.0853271484375,59.161476135253906,53.910865783691406,119.34224700927734
2026-02-02,98.38230895996094,27.08135223388672,28.95556640625,26.420000076293945,55.43710708618164,72.71491241455078,625.3515014648438,18.610000610351562,28.899999618530273,29.860000610351562,693.5159912109375,59.78013229370117,55.00904846191406,121.15817260742188
2026-02-03,98.39217376708984,27.493013381958008,29.48348045349121,26.670000076293945,54.898590087890625,70.44537353515625,615.7435913085938,18.829999923706055,28.93000030517578,29.889999389648438,687.6520385742188,58.74238586425781,52.43330764770508,117.98529052734375
2026-02-04,98.33296203613281,27.77725601196289,29.56316566467285,26.6200008392334,54.619361877441406,67.96589660644531,604.9871826171875,18.760000228881836,28.729999542236328,29.709999084472656,684.3211059570312,58.153663635253906,49.67786407470703,116.2292251586914
2026-02-05,98.75733184814453,27.551822662353516,29.08505630493164,26.200000762939453,54.140682220458984,66.02629852294922,596.2781982421875,18.440000534057617,28.540000915527344,28.770000457763672,675.7744750976562,56.68685531616211,47.561363220214844,111.77921295166016
2026-02-06,98.8165283203125,27.767452239990234,30.041275024414062,26.625999450683594,55.078094482421875,68.77572631835938,608.8822631835938,18.94300079345703,29.190000534057617,29.969999313354492,688.739013671875,58.882083892822266,50.50649642944336,118.21477508544922
2026-02-09,98.84614562988281,28.10070037841797,30.499465942382812,26.889999389648438,55.37726974487305,69.81550598144531,613.54638671875,19.170000076293945,29.440000534057617,30.5,692.0599975585938,59.40095520019531,51.654598236083984,119.87105560302734
2026-02-10,99.13233947753906,28.15951156616211,30.399858474731445,26.84000015258789,55.44707489013672,69.16564178466797,610.699951171875,19.15999984741211,29.4950008392334,30.25,690.2349243164062,59.09162902832031,50.93578338623047,118.8832778930664
2026-02-11,98.90535736083984,28.365341186523438,30.509424209594727,26.799999237060547,55.3672981262207,69.50556945800781,612.337890625,19.219999313354492,29.40999984741211,30.360000610351562,690.075439453125,59.06169128417969,51.31515884399414,118.73361206054688
2026-02-12,99.34945678710938,28.12030601501465,30.041275024414062,26.440000534057617,54.56949996948242,66.67616271972656,599.8836059570312,19.059999465942383,29.200000762939453,29.540000915527344,679.41455078125,57.235660552978516,48.18033981323242,113.2359390258789
2026-02-13,99.66525268554688,28.257524490356445,30.260408401489258,26.530000686645508,54.719085693359375,66.90611267089844,601.1619873046875,19.160999298095703,29.270000457763672,29.670000076293945,679.8931884765625,57.245635986328125,48.38999557495117,113.25590515136719
2026-02-17,99.67513275146484,28.52216339111328,30.06119728088379,26.530000686645508,54.868675231933594,66.75614166259766,600.542724609375,19.190000534057617,29.299999237060547,29.719999313354492,680.9901733398438,57.42524719238281,48.27019119262695,113.8046646118164
2026-02-18,99.5369644165039,28.9730281829834,30.42974090576172,26.68000030517578,54.94845199584961,67.7359390258789,605.027099609375,19.25,29.309999465942383,29.940000534057617,684.4208374023438,58.00399398803711,49.308475494384766,115.51083374023438
2026-02-19,99.55669403076172,29.17885971069336,30.489505767822266,26.68000030517578,54.94845199584961,67.22604370117188,602.7100219726562,19.260000228881836,29.290000915527344,29.969999313354492,682.61572265625,57.694664001464844,48.7494010925293,114.6328125
2026-02-20,99.5764389038086,29.208263397216797,30.848087310791016,26.65999984741211,55.27754592895508,68.38580322265625,608.0433349609375,19.399999618530273,29.610000610351562,30.399999618530273,687.5523071289062,58.51288604736328,49.97737121582031,116.97754669189453
2026-02-23,99.77381134033203,29.414094924926758,30.828166961669922,26.770000457763672,54.70911407470703,66.73614501953125,600.652587890625,19.389999389648438,29.459999084472656,30.030000686645508,680.531494140625,57.30550765991211,48.16037368774414,113.40557098388672
2026-02-24,99.7639389038086,29.4239444732666,30.987537384033203,26.850000381469727,55.157875061035156,68.11585998535156,607.1044921875,19.3799991607666,29.56999969482422,30.329999923706055,685.4779052734375,58.1436882019043,49.69783020019531,115.81016540527344
2026-02-25,99.714599609375,29.483051300048828,31.19670867919922,26.860000610351562,55.60663604736328,70.06546020507812,615.9033813476562,19.559999465942383,29.81999969482422,30.8799991607666,691.26220703125,59.09162902832031,51.78438186645508,118.6837158203125
2026-02-26,99.87249755859375,29.54215431213379,31.11702537536621,26.969999313354492,55.41716003417969,68.42579650878906,608.4727783203125,19.690000534057617,29.84000015258789,30.65999984741211,687.422607421875,58.43305969238281,49.967384338378906,116.71813201904297
2026-02-27,100.06987762451172,29.788421630859375,31.346118927001953,27.059999465942383,55.1678466796875,67.97588348388672,606.5252075195312,19.75,29.809999465942383,30.700000762939453,684.1216430664062,57.88425064086914,49.438262939453125,115.05186462402344
2026-03-02,99.66992950439453,29.847524642944336,31.166828155517578,27.25,55.14790344238281,68.11585998535156,607.32421875,19.520000457763672,29.399999618530273,30.600000381469727,684.5106201171875,57.904205322265625,49.61796569824219,115.06184387207031
2026-03-03,99.56102752685547,29.27618408203125,30.200645446777344,27.024999618530273,54.64927673339844,66.6661605834961,600.8224487304688,19.100000381469727,28.780000686645508,29.559999465942383,678.4771118164062,56.876441955566406,48.02060317993164,111.98873901367188
2026-03-04,99.52143859863281,29.689912796020508,30.489505767822266,27.360000610351562,54.898590087890625,68.63575744628906,609.9808959960938,19.329999923706055,29.09000015258789,30.25,683.2639770507812,57.68468475341797,50.17703628540039,114.35343933105469
2026-03-05,99.23434448242188,29.630807876586914,30.130922317504883,27.280000686645508,54.64927673339844,68.24583435058594,608.1431274414062,19.059999465942383,28.600000381469727,29.729999542236328,679.4544067382812,57.036094665527344,49.717796325683594,112.44770812988281
2026-03-06,99.11555480957031,29.76871681213379,30.688716888427734,27.479999542236328,54.001068115234375,66.17626190185547,598.9946899414062,19.170000076293945,28.200000762939453,29.389999389648438,670.5487060546875,55.49943161010742,47.46152877807617,107.91787719726562
2026-03-09,99.43234252929688,29.62095832824707,30.74848175048828,27.40999984741211,54.55952453613281,67.9259033203125,606.99462890625,19.15999984741211,28.6200008392334,29.649999618530273,676.4227294921875,56.4773063659668,49.308475494384766,110.72158813476562
2026-03-10,99.10564422607422,29.975582122802734,30.808244705200195,27.6299991607666,54.34013366699219,67.89591217041016,607.004638671875,19.280000686645508,28.420000076293945,29.760000228881836,675.3356323242188,56.247806549072266,49.318458557128906,110.06305694580078
2026-03-11,98.66017150878906,29.81797218322754,30.768402099609375,27.829999923706055,54.320186614990234,67.88591003417969,606.9247436523438,19.1299991607666,28.270000457763672,29.809999465942383,674.4879760742188,56.12806701660156,49.26853942871094,109.69389343261719
2026-03-12,98.29387664794922,30.034685134887695,30.778362274169922,28.049999237060547,53.13345718383789,65.56639099121094,596.5078735351562,19.09000015258789,27.829999923706055,29.229999542236328,664.2459106445312,54.39183807373047,46.75270462036133,104.65519714355469
2026-03-13,98.21467590332031,29.985431671142578,30.539308547973633,27.8799991607666,52.99384307861328,64.7465591430664,592.9722900390625,18.950000762939453,27.549999237060547,28.790000915527344,660.4862060546875,53.763206481933594,45.85418701171875,102.77940368652344
2026-03-16,98.60076141357422,29.433795928955078,30.69867706298828,27.93000030517578,53.45257568359375,66.17626190185547,599.6239013671875,19.040000915527344,28.049999237060547,29.270000457763672,667.2078857421875,54.83088684082031,47.38166046142578,105.86248779296875
2026-03-17,98.79875946044922,30.182445526123047,30.94769287109375,28.229999542236328,53.76172637939453,66.83612060546875,602.5502319335938,19.209999084472656,28.18000030517578,29.469999313354492,668.9630126953125,55.13023376464844,48.08050537109375,106.68064880371094
2026-03-18,98.38297271728516,30.36960792541504,30.688716888427734,28.170000076293945,52.904090881347656,64.93651580810547,594.15087890625,19.040000915527344,27.600000381469727,28.950000762939453,659.6285400390625,53.613529205322266,46.023902893066406,102.24061584472656
2026-03-19,98.49186706542969,29.8770751953125,30.120960235595703,27.84000015258789,52.5550537109375,64.51660919189453,592.273193359375,18.85700035095215,27.510000228881836,28.639999389648438,658.0029907226562,53.30419921875,45.61458206176758,101.4024887084961
2026-03-20,97.67019653320312,29.91647720336914,29.69265365600586,27.969999313354492,51.25863265991211,62.11710739135742,581.3269653320312,18.610000610351562,26.670000076293945,28.125,648.5700073242188,51.74758529663086,43.00889205932617,96.87265014648438
2026-03-23,98.03648376464844,28.42902946472168,29.43367576599121,27.350000381469727,51.966678619384766,63.56680679321289,588.0,18.559999465942383,27.229999542236328,28.280000686645508,655.3800048828125,52.84519577026367,44.496429443359375,99.98567199707031
2026-03-24,97.76919555664062,28.78365135192871,29.593046188354492,27.510000228881836,52.006568908691406,62.62699890136719,583.97998046875,18.670000076293945,26.989999771118164,28.329999923706055,653.1799926757812,52.47600173950195,43.547996520996094,98.947998046875
2026-03-25,98.11568450927734,28.616188049316406,29.792259216308594,27.479999542236328,52.57500076293945,63.43000030517578,587.8200073242188,18.709999084472656,27.3700008392334,28.479999542236328,656.8200073242188,53.040000915527344,44.38999938964844,100.5199966430664
2026-03-26,97.5613021850586,29.091476440429688,29.74245834350586,27.739999771118164,51.540000915527344,60.43000030517578,573.7899780273438,18.68000030517578,26.65999984741211,28.059999465942383,645.0900268554688,51.15999984741211,41.22999954223633,95.18000030517578
2026-03-27,97.55139923095703,29.824209213256836,30.111000061035156,28.06999969482422,50.61000061035156,58.04999923706055,562.5800170898438,18.68000030517578,26.3700008392334,27.68000030517578,634.0900268554688,49.380001068115234,38.779998779296875,90.20999908447266
2026-03-30,98.04638671875,30.319299697875977,30.209999084472656,28.280000686645508,50.7400016784668,57.15999984741211,558.280029296875,18.780000686645508,26.469999313354492,27.450000762939453,631.969970703125,49.060001373291016,37.88999938964844,89.29000091552734
2026-03-31,98.27407836914062,29.92322540283203,30.149999618530273,28.200000762939453,52.150001525878906,61.0,577.1799926757812,18.850000381469727,27.209999084472656,28.280000686645508,650.3400268554688,51.880001068115234,41.68000030517578,96.9800033569336
2026-04-01,98.34062957763672,29.180591583251953,30.209999084472656,27.989999771118164,52.349998474121094,62.4900016784668,584.3099975585938,18.809999465942383,27.485000610351562,28.579999923706055,655.239990234375,52.650001525878906,43.22999954223633,99.16999816894531
2026-04-02,98.56909942626953,30.438119888305664,30.309999465942383,28.34000015258789,52.58000183105469,62.599998474121094,584.97998046875,19.049999237060547,27.530000686645508,28.799999237060547,655.8300170898438,52.7400016784668,43.33000183105469,99.37999725341797
2026-04-06,98.39030456542969,30.65595817565918,30.440000534057617,28.489999771118164,52.7400016784668,63.349998474121094,588.5,18.989999771118164,27.65999984741211,28.989999771118164,658.9299926757812,53.220001220703125,44.099998474121094,100.73999786376953
2026-04-07,98.50949096679688,30.448020935058594,30.43000030517578,28.530000686645508,52.7599983215332,63.38999938964844,588.5900268554688,19.100000381469727,27.65999984741211,28.950000762939453,659.219970703125,53.25,44.150001525878906,100.8499984741211
2026-04-08,98.76776885986328,28.853832244873047,30.18000030517578,27.860000610351562,53.900001525878906,67.08000183105469,606.0900268554688,19.09000015258789,28.489999771118164,29.5,676.010009765625,55.939998626708984,48.0,108.45999908447266
2026-04-09,98.8273696899414,29.15088653564453,30.270000457763672,28.079999923706055,54.349998474121094,68.01000213623047,610.1900024414062,19.100000381469727,28.59000015258789,29.875,679.9099731445312,56.59000015258789,48.959999084472656,110.36000061035156
2026-04-10,98.65850067138672,28.942949295043945,30.329999923706055,28.1200008392334,54.2400016784668,68.19000244140625,611.0700073242188,19.06999969482422,28.610000610351562,29.81999969482422,679.4600219726562,56.47999954223633,49.16999816894531,110.01000213623047
2026-04-13,98.85716247558594,29.477645874023438,30.440000534057617,28.40999984741211,54.599998474121094,69.58999633789062,617.3900146484375,19.15999984741211,28.950000762939453,30.219999313354492,686.0999755859375,57.58000183105469,50.65999984741211,113.2300033569336
2026-04-14,99.11543273925781,29.061769485473633,30.299999237060547,28.200000762939453,55.529998779296875,72.0999984741211,628.5999755859375,19.229999542236328,29.350000381469727,30.559999465942383,694.4600219726562,58.9900016784668,53.40999984741211,117.33999633789062
2026-04-15,98.95650482177734,29.01226043701172,30.260000228881836,28.299999237060547,55.77000045776367,74.11000061035156,637.4000244140625,19.149999618530273,29.389999389648438,30.860000610351562,699.9400024414062,59.900001525878906,55.650001525878906,120.05999755859375
2026-04-16,98.81743621826172,29.329120635986328,30.420000076293945,28.510000228881836,55.83000183105469,74.80000305175781,640.469970703125,19.239999771118164,29.420000076293945,31.020000457763672,701.6599731445312,60.18000030517578,56.43000030517578,120.95999908447266
2026-04-17,99.18496704101562,28.101295471191406,29.969999313354492,27.8799991607666,56.58000183105469,76.7300033569336,648.8499755859375,19.200000762939453,29.875,31.270000457763672,710.1400146484375,61.619998931884766,58.59000015258789,125.2300033569336
2026-04-20,99.17503356933594,28.616188049316406,30.170000076293945,28.100000381469727,56.599998474121094,76.2699966430664,646.7899780273438,19.270000457763672,29.780000686645508,31.260000228881836,708.719970703125,61.369998931884766,58.08000183105469,124.48999786376953
2026-04-21,98.8074951171875,29.249906539916992,30.329999923706055,28.579999923706055,56.150001525878906,75.66999816894531,644.3300170898438,19.190000534057617,29.3700008392334,31.030000686645508,704.0800170898438,60.58000183105469,57.400001525878906,122.06999969482422
2026-04-22,98.94656372070312,29.428136825561523,30.40999984741211,28.635000228881836,56.63999938964844,78.18000030517578,655.1099853515625,19.24799919128418,29.65999984741211,31.530000686645508,711.2100219726562,61.779998779296875,60.209999084472656,125.69000244140625
2026-04-23,98.78762817382812,30.022245407104492,30.469999313354492,28.950000762939453,56.40999984741211,77.30000305175781,651.4199829101562,19.18000030517578,29.398000717163086,31.3799991607666,708.4500122070312,61.310001373291016,59.220001220703125,124.16000366210938
2026-04-24,98.92669677734375,29.952932357788086,30.510000228881836,28.860000610351562,56.84000015258789,80.23999786376953,663.8800048828125,19.264999389648438,29.700000762939453,31.6299991607666,713.9400024414062,62.209999084472656,62.560001373291016,126.98999786376953
2026-04-27,98.77770233154297,30.589805603027344,30.6200008392334,29.209999084472656,56.779998779296875,80.29000091552734,664.22998046875,19.309999465942383,29.68000030517578,31.709999084472656,715.1699829101562,62.41999816894531,62.63999938964844,127.58999633789062
2026-04-28,98.73796844482422,31.206775665283203,30.719999313354492,29.469999313354492,56.540000915527344,78.66999816894531,657.5499877929688,19.260000228881836,29.40999984741211,31.56999969482422,711.6900024414062,61.79999923706055,60.7400016784668,125.69000244140625
2026-04-29,98.30089569091797,32.37105941772461,31.1200008392334,29.940000534057617,56.33000183105469,79.63999938964844,661.5700073242188,19.23200035095215,29.149999618530273,31.68000030517578,711.5800170898438,61.790000915527344,61.86000061035156,125.62000274658203
2026-04-30,98.4399642944336,32.19193649291992,30.559999465942383,29.639999389648438,57.02000045776367,81.05000305175781,667.739990234375,19.15999984741211,29.690000534057617,31.850000381469727,718.6599731445312,62.959999084472656,63.540000915527344,129.17999267578125
2026-05-01,98.56953430175781,31.883455276489258,30.530000686645508,29.329999923706055,57.209999084472656,82.5999984741211,674.1500244140625,19.1200008392334,29.760000228881836,31.90999984741211,720.6500244140625,63.310001373291016,65.30000305175781,130.3000030517578
2026-05-04,98.26056671142578,32.45066833496094,30.700000762939453,29.459999084472656,56.880001068115234,82.27999877929688,672.8800048828125,19.1200008392334,29.520000457763672,31.940000534057617,718.010009765625,62.86000061035156,64.91000366210938,128.85000610351562
2026-05-05,98.4399642944336,32.07252502441406,30.739999771118164,29.510000228881836,57.380001068115234,84.38999938964844,681.6099853515625,19.229999542236328,29.920000076293945,32.15999984741211,723.77001953125,63.83000183105469,67.38999938964844,131.85000610351562
2026-05-06,98.85856628417969,30.68931770324707,30.450000762939453,29.040000915527344,58.220001220703125,87.8499984741211,695.77001953125,19.360000610351562,30.520000457763672,32.63999938964844,733.8300170898438,65.61000061035156,71.56999969482422,137.3000030517578
2026-05-07,98.6193618774414,30.68931770324707,30.549999237060547,29.18000030517578,57.869998931884766,87.66000366210938,694.9400024414062,19.239999771118164,30.25,32.5099983215332,731.5800170898438,65.18000030517578,71.33999633789062,136.02000427246094
2026-05-08,98.84859466552734,30.569902420043945,30.690000534057617,29.18000030517578,58.40999984741211,91.72000122070312,711.22998046875,19.40999984741211,30.579999923706055,33.03900146484375,737.6199951171875,66.22000122070312,76.27999877929688,139.22000122070312
2026-05-11,98.58946228027344,31.127166748046875,31.020000457763672,29.530000686645508,58.36000061035156,92.26000213623047,713.2899780273438,19.579999923706055,30.479999542236328,33.400001525878906,739.2999877929688,66.51000213623047,76.95999908447266,140.08999633789062
2026-05-12,98.30043029785156,31.833698272705078,31.020000457763672,30.170000076293945,58.31999969482422,90.69000244140625,707.239990234375,19.610000610351562,30.170000076293945,33.58000183105469,738.1799926757812,66.33000183105469,74.95999908447266,139.52999877929688
2026-05-13,98.34030151367188,31.53516387939453,31.1200008392334,29.8799991607666,58.65999984741211,92.55000305175781,714.7100219726562,19.6299991607666,30.43000030517578,33.81999969482422,742.3099975585938,67.05999755859375,77.23999786376953,141.8300018310547
2026-05-14,98.3104019165039,31.545114517211914,31.239999771118164,29.6299991607666,59.040000915527344,93.9000015258789,719.7899780273438,19.65999984741211,30.579999923706055,34.029998779296875,748.1699829101562,68.0999984741211,78.94999694824219,145.10000610351562
2026-05-15,97.69246673583984,31.86355209350586,31.229999542236328,29.84000015258789,58.15999984741211,91.02999877929688,708.9299926757812,19.40999984741211,29.8700008392334,33.400001525878906,739.1699829101562,66.43000030517578,75.33999633789062,139.72999572753906
2026-05-18,97.68251037597656,31.97301483154297,31.309999465942383,29.90999984741211,58.119998931884766,90.19999694824219,705.8800048828125,19.423999786376953,29.899999618530273,33.47999954223633,738.6500244140625,66.30999755859375,74.31999969482422,139.36000061035156
2026-05-19,97.30377197265625,32.18198776245117,31.31999969482422,29.940000534057617,57.63999938964844,89.12999725341797,701.530029296875,19.30500030517578,29.56999969482422,33.150001525878906,733.72998046875,65.44999694824219,72.93000030517578,136.63999938964844
2026-05-20,97.89180755615234,31.206775665283203,31.110000610351562,29.420000076293945,58.349998474121094,92.05000305175781,713.1500244140625,19.389999389648438,30.149999618530273,33.380001068115234,741.25,66.79000091552734,76.51000213623047,140.8300018310547
2026-05-21,98.01139831542969,30.788827896118164,31.110000610351562,29.190000534057617,58.5,92.37999725341797,714.510009765625,19.385000228881836,30.280000686645508,33.47999954223633,742.719970703125,67.02999877929688,76.94999694824219,141.5800018310547
2026-05-22,98.11106872558594,30.55000114440918,31.09000015258789,29.21500015258789,58.70000076293945,93.0999984741211,717.5399780273438,19.420000076293945,30.34000015258789,33.650001525878906,745.6400146484375,67.51000213623047,77.83999633789062,143.0800018310547
2026-05-26,98.39013671875,29.84000015258789,31.170000076293945,28.889999389648438,58.9900016784668,96.4000015258789,730.280029296875,19.549999237060547,30.690000534057617,33.83000183105469,750.5900268554688,68.38999938964844,81.94999694824219,145.86000061035156
2026-05-27,98.4698715209961,29.229999542236328,31.010000228881836,28.600000381469727,59.11000061035156,96.19000244140625,729.4500122070312,19.31999969482422,30.756999969482422,33.52000045776367,750.4600219726562,68.37999725341797,81.66999816894531,145.83999633789062
2026-05-28,98.66919708251953,29.1299991607666,31.040000915527344,28.540000915527344,59.630001068115234,97.79000091552734,735.5999755859375,19.399999618530273,30.950000762939453,33.80699920654297,754.5999755859375,69.12000274658203,83.68000030517578,148.19000244140625
2026-05-29,98.72899627685547,28.8799991607666,31.0,28.270000457763672,59.790000915527344,98.45999908447266,738.3099975585938,19.420000076293945,30.989999771118164,33.89500045776367,756.47998046875,69.44000244140625,84.55999755859375,149.17999267578125
2026-06-01,98.68000030517578,29.579999923706055,31.290000915527344,28.549999237060547,59.939998626708984,99.62999725341797,742.739990234375,19.719999313354492,31.025999069213867,34.37699890136719,758.5399780273438,69.77999877929688,86.04000091552734,150.2899932861328
2026-06-02,98.70999908447266,29.739999771118164,31.40999984741211,28.700000762939453,60.0,100.52999877929688,746.1599731445312,19.829999923706055,31.190000534057617,34.7599983215332,759.5700073242188,69.97000122070312,87.22000122070312,150.8699951171875
2026-06-03,98.5,29.899999618530273,31.420000076293945,28.75,59.369998931884766,100.0,744.2100219726562,19.799999237060547,30.809999465942383,34.43000030517578,754.239990234375,68.98999786376953,86.55999755859375,147.72000122070312
2026-06-04,98.66000366210938,29.479999542236328,31.290000915527344,28.479999542236328,59.849998474121094,99.0199966430664,740.6099853515625,19.760000228881836,31.020000457763672,34.51499938964844,757.0900268554688,69.47000122070312,85.22000122070312,149.3300018310547
2026-06-05,98.16999816894531,29.040000915527344,30.65999984741211,28.3799991607666,58.130001068115234,89.54000091552734,705.0599975585938,18.920000076293945,29.93000030517578,32.25,737.5499877929688,65.86000061035156,73.05000305175781,137.52999877929688
2026-06-08,98.16999816894531,29.190000534057617,30.8700008392334,28.5,58.36000061035156,92.25,716.0700073242188,19.149999618530273,30.06100082397461,32.630001068115234,739.219970703125,66.16999816894531,76.2699966430664,138.57000732421875
2026-06-09,98.37000274658203,28.8799991607666,30.780000686645508,28.34000015258789,58.130001068115234,90.12000274658203,707.8300170898438,18.8700008392334,30.06999969482422,32.16600036621094,737.0499877929688,65.79000091552734,73.72000122070312,137.22999572753906
