Date,AGG,BTAL,CTA,DBMF,FMF,GMOM,HFND,KMLM,MNA,NTSX,QAI,RLY,RPAR,RSBT,RSSB,RSST,SPY,TAIL,WTMF
2009-01-02,62.844207763671875,,,,,,,,,,,,,,,,67.98126983642578,,
2009-01-05,63.845497131347656,,,,,,,,,,,,,,,,67.90084838867188,,
2009-01-06,63.48744583129883,,,,,,,,,,,,,,,,68.35424041748047,,
2009-01-07,62.90488052368164,,,,,,,,,,,,,,,,66.3066177368164,,
2009-01-08,62.42537307739258,,,,,,,,,,,,,,,,66.5771713256836,,
2009-01-09,62.21300506591797,,,,,,,,,,,,,,,,65.15113830566406,,
2009-01-12,62.54069519042969,,,,,,,,,,,,,,,,63.58615493774414,,
2009-01-13,62.64386749267578,,,,,,,,,,,,,,,,63.70317077636719,,
2009-01-14,62.55891036987305,,,,,,,,,,,,,,,,61.69944381713867,,
2009-01-15,62.5528678894043,,,,,,,,,,,,,,,,61.72135543823242,,
2009-01-16,62.874473571777344,,,,,,,,,,,,,,,,62.20401382446289,,
2009-01-20,62.54676818847656,,,,,,,,,,,,,,,,58.92049789428711,,
2009-01-21,62.21908187866211,,,,,,,,,,,,,,,,61.46540832519531,,
2009-01-22,61.95200729370117,,,,,,,,,,,,,,,,60.51472473144531,,
2009-01-23,61.854888916015625,,,,,,,,,,,,,,,,60.77798843383789,,
2009-01-26,61.79425048828125,,,,,,,,,,,,,,,,61.19485092163086,,
2009-01-27,62.10977554321289,,,,,,,,,,,,,,,,61.816436767578125,,
2009-01-28,62.14621353149414,,,,,,,,,,,,,,,,63.90794372558594,,
2009-01-29,61.593929290771484,,,,,,,,,,,,,,,,61.831050872802734,,
2009-01-30,61.98235321044922,,,,,,,,,,,,,,,,60.57325744628906,,
2009-02-02,61.87635803222656,,,,,,,,,,,,,,,,60.39039993286133,,
2009-02-03,61.602294921875,,,,,,,,,,,,,,,,61.238731384277344,,
2009-02-04,61.51705551147461,,,,,,,,,,,,,,,,60.93888473510742,,
2009-02-05,61.32213592529297,,,,,,,,,,,,,,,,61.845703125,,
2009-02-06,61.48656463623047,,,,,,,,,,,,,,,,63.60812759399414,,
2009-02-09,61.492671966552734,,,,,,,,,,,,,,,,63.69585037231445,,
2009-02-10,61.87029266357422,,,,,,,,,,,,,,,,60.77798843383789,,
2009-02-11,61.858123779296875,,,,,,,,,,,,,,,,61.136348724365234,,
2009-02-12,62.18703079223633,,,,,,,,,,,,,,,,61.18021011352539,,
2009-02-13,61.9981689453125,,,,,,,,,,,,,,,,60.52204895019531,,
2009-02-17,62.04695129394531,,,,,,,,,,,,,,,,57.93328857421875,,
2009-02-18,61.91903305053711,,,,,,,,,,,,,,,,57.79430389404297,,
2009-02-19,61.82158279418945,,,,,,,,,,,,,,,,57.172706604003906,,
2009-02-20,61.50484085083008,,,,,,,,,,,,,,,,56.61692428588867,,
2009-02-23,61.82158279418945,,,,,,,,,,,,,,,,54.591217041015625,,
2009-02-24,61.69977569580078,,,,,,,,,,,,,,,,56.6607780456543,,
2009-02-25,61.64496994018555,,,,,,,,,,,,,,,,56.214725494384766,,
2009-02-26,61.32213592529297,,,,,,,,,,,,,,,,55.30061721801758,,
2009-02-27,61.328208923339844,,,,,,,,,,,,,,,,54.064693450927734,,
2009-03-02,61.53411865234375,,,,,,,,,,,,,,,,51.629493713378906,,
2009-03-03,61.4547004699707,,,,,,,,,,,,,,,,51.24190902709961,,
2009-03-04,61.16748046875,,,,,,,,,,,,,,,,52.45584487915039,,
2009-03-05,61.369136810302734,,,,,,,,,,,,,,,,50.31315612792969,,
2009-03-06,61.53411865234375,,,,,,,,,,,,,,,,50.40091323852539,,
2009-03-09,61.112483978271484,,,,,,,,,,,,,,,,49.808570861816406,,
2009-03-10,61.25300216674805,,,,,,,,,,,,,,,,52.777610778808594,,
2009-03-11,61.399715423583984,,,,,,,,,,,,,,,,53.12132263183594,,
2009-03-12,61.4547004699707,,,,,,,,,,,,,,,,55.212833404541016,,
2009-03-13,61.51579666137695,,,,,,,,,,,,,,,,55.644317626953125,,
2009-03-16,61.3264274597168,,,,,,,,,,,,,,,,55.47612380981445,,
2009-03-17,61.14309310913086,,,,,,,,,,,,,,,,57.172706604003906,,
2009-03-18,62.11460494995117,,,,,,,,,,,,,,,,58.45249557495117,,
2009-03-19,62.26743698120117,,,,,,,,,,,,,,,,57.72850799560547,,
2009-03-20,61.91910934448242,,,,,,,,,,,,,,,,56.49922180175781,,
2009-03-23,61.91910934448242,,,,,,,,,,,,,,,,60.55752182006836,,
2009-03-24,61.49741744995117,,,,,,,,,,,,,,,,59.364322662353516,,
2009-03-25,61.22865676879883,,,,,,,,,,19.898395538330078,,,,,,59.99037551879883,,
2009-03-26,61.3508186340332,,,,,,,,,,19.906295776367188,,,,,,61.2130126953125,,
2009-03-27,61.399715423583984,,,,,,,,,,19.724605560302734,,,,,,60.10823059082031,,
2009-03-30,61.68693542480469,,,,,,,,,,19.55082893371582,,,,,,58.03123474121094,,
2009-03-31,62.00468063354492,,,,,,,,,,19.67721176147461,,,,,,58.56888198852539,,
2009-04-01,61.974639892578125,,,,,,,,,,19.621917724609375,,,,,,59.7031364440918,,
2009-04-02,61.77841567993164,,,,,,,,,,19.835201263427734,,,,,,61.448665618896484,,
2009-04-03,61.57603454589844,,,,,,,,,,19.74830436706543,,,,,,62.060028076171875,,
2009-04-06,61.563758850097656,,,,,,,,,,19.843097686767578,,,,,,61.573936462402344,,
2009-04-07,61.465694427490234,,,,,,,,,,19.835201263427734,,,,,,60.13768005371094,,
2009-04-08,61.66802215576172,,,,,,,,,,19.850994110107422,,,,,,60.78582000732422,,
2009-04-09,61.57603454589844,,,,,,,,,,19.99318504333496,,,,,,63.20164108276367,,
2009-04-13,62.023685455322266,,,,,,,,,,20.048480987548828,,,,,,63.21638870239258,,
2009-04-14,62.01141357421875,,,,,,,,,,19.99318504333496,,,,,,62.12630081176758,,
2009-04-15,62.183128356933594,,,,,,,,,,20.024778366088867,,,,,,62.78917694091797,,
2009-04-16,62.07270050048828,,,,,,,,,,20.04058265686035,,,,,,63.70985794067383,,
2009-04-17,61.72932052612305,,,,,,,,,,20.056379318237305,,,,,,64.13706970214844,,
2009-04-20,62.08500289916992,,,,,,,,,,19.827299118041992,,,,,,61.448665618896484,,
2009-04-21,61.888763427734375,,,,,,,,,,19.929988861083984,,,,,,62.64924240112305,,
2009-04-22,62.054317474365234,,,,,,,,,,19.929988861083984,,,,,,62.266258239746094,,
2009-04-23,62.134037017822266,,,,,,,,,,19.945789337158203,,,,,,62.87759780883789,,
2009-04-24,62.201507568359375,,,,,,,,,,20.008981704711914,,,,,,63.82770919799805,,
2009-04-27,62.299598693847656,,,,,,,,,,19.87469482421875,,,,,,63.223724365234375,,
2009-04-28,62.281211853027344,,,,,,,,,,19.906295776367188,,,,,,63.02489471435547,,
2009-04-29,62.023685455322266,,,,,,,,,,19.99318504333496,,,,,,64.3653564453125,,
2009-04-30,62.32408905029297,,,,,,,,,,20.12747573852539,,,,,,64.38743591308594,,
2009-05-01,62.0836067199707,,,,,,,,,,20.09587860107422,,,,,,64.73360443115234,,
2009-05-04,62.13284683227539,,,,,,,,,,20.372352600097656,,,,,,66.93584442138672,,
2009-05-05,62.261993408203125,,,,,,,,,,20.348655700683594,,,,,,66.70752716064453,,
2009-05-06,62.403507232666016,,,,,,,,,,20.388151168823242,,,,,,67.8638687133789,,
2009-05-07,62.12663650512695,,,,,,,,,,20.435548782348633,,,,,,66.9211196899414,,
2009-05-08,62.24352264404297,,,,,,,,,,20.380252838134766,,,,,,68.48259735107422,,
2009-05-11,62.28660583496094,,,,,,,,,,20.324954986572266,,,,,,67.20098876953125,,
2009-05-12,62.631080627441406,,,,,,,,,,20.39605140686035,,,,,,67.00215911865234,,
2009-05-13,62.686458587646484,,,,,,,,,,20.324954986572266,,,,,,65.31549835205078,,
2009-05-14,62.72337341308594,,,,,,,,,,20.372352600097656,,,,,,65.87525939941406,,
2009-05-15,62.86487579345703,,,,,,,,,,20.332855224609375,,,,,,65.33757019042969,,
2009-05-18,62.680328369140625,,,,,,,,,,20.467144012451172,,,,,,67.19363403320312,,
2009-05-19,62.735694885253906,,,,,,,,,,20.50663948059082,,,,,,67.11263275146484,,
2009-05-20,62.92639923095703,,,,,,,,,,20.617231369018555,,,,,,66.66332244873047,,
2009-05-21,62.7294921875,,,,,,,,,,20.467144012451172,,,,,,65.70584106445312,,
2009-05-22,62.56338882446289,,,,,,,,,,20.514537811279297,,,,,,65.56591796875,,
2009-05-26,62.421939849853516,,,,,,,,,,20.459245681762695,,,,,,67.24520874023438,,
2009-05-27,62.07740783691406,,,,,,,,,,20.427650451660156,,,,,,66.04464721679688,,
2009-05-28,62.102073669433594,,,,,,,,,,20.846311569213867,,,,,,66.96533203125,,
2009-05-29,62.766456604003906,,,,,,,,,,20.688325881958008,,,,,,68.151123046875,,
2009-06-01,61.987754821777344,,,,,,,,,,20.751522064208984,,,,,,69.80098724365234,,
2009-06-02,62.41349411010742,,,,,,,,,,20.73572540283203,,,,,,69.85984802246094,,
2009-06-03,62.586273193359375,,,,,,,,,,20.585636138916016,,,,,,68.9760513305664,,
2009-06-04,62.0679817199707,,,,,,,,,,20.617231369018555,,,,,,69.62419891357422,,
2009-06-05,61.74711608886719,,,,,,,,,,20.617231369018555,,,,,,69.63890838623047,,
2009-06-08,61.58051300048828,,,,,,,,,,20.490842819213867,,,,,,69.35166931152344,,
2009-06-09,61.858131408691406,,,,,,,,,,20.538238525390625,,,,,,69.70521545410156,,
2009-06-10,61.685401916503906,,,,,,,,,,20.59353256225586,,,,,,69.52843475341797,,
2009-06-11,61.901371002197266,,,,,,,,,,20.688325881958008,,,,,,69.83779907226562,,
2009-06-12,62.2037353515625,,,,,,,,,,20.617231369018555,,,,,,70.02928924560547,,
2009-06-15,62.4381217956543,,,,,,,,,,20.538238525390625,,,,,,68.42366790771484,,
2009-06-16,62.52456283569336,,,,,,,,,,20.52243995666504,,,,,,67.49561309814453,,
2009-06-17,62.64793014526367,,,,,,,,,,20.482940673828125,,,,,,67.42935943603516,,
2009-06-18,62.24072265625,,,,,,,,,,20.44344711303711,,,,,,67.92280578613281,,
2009-06-19,62.46897506713867,,,,,,,,,,20.44344711303711,,,,,,68.17316436767578,,
2009-06-22,62.56159591674805,,,,,,,,,,20.301259994506836,,,,,,66.12884521484375,,
2009-06-23,62.76522445678711,,,,,,,,,,20.348655700683594,,,,,,66.18070220947266,,
2009-06-24,62.598636627197266,,,,,,,,,,20.47504234313965,,,,,,66.75106811523438,,
2009-06-25,62.88862609863281,,,,,,,,,,20.514537811279297,,,,,,68.20278930664062,,
2009-06-26,63.0737419128418,,,,,,,,,,20.59353256225586,,,,,,68.0250244140625,,
2009-06-29,63.01820755004883,,,,,,,,,,20.64093017578125,,,,,,68.66201782226562,,
2009-06-30,63.03057098388672,,,,,,,,,,20.617231369018555,,,,,,68.10650634765625,,
2009-07-01,63.00701904296875,,,,,,,,,,20.59353256225586,,,,,,68.38796997070312,,
2009-07-02,63.155601501464844,,,,,,,,,,20.60143280029297,,,,,,66.52143096923828,,
2009-07-06,63.106101989746094,,,,,,,,,,20.55403709411621,,,,,,66.5140151977539,,
2009-07-07,63.31035614013672,,,,,,,,,,20.514537811279297,,,,,,65.22523498535156,,
2009-07-08,63.65703582763672,,,,,,,,,,20.49873924255371,,,,,,65.18077087402344,,
2009-07-09,63.47755432128906,,,,,,,,,,20.617231369018555,,,,,,65.30668640136719,,
2009-07-10,63.69423294067383,,,,,,,,,,20.459245681762695,,,,,,65.1511459350586,,
2009-07-13,63.66325759887695,,,,,,,,,,20.435548782348633,,,,,,66.7362289428711,,
2009-07-14,63.4713134765625,,,,,,,,,,20.490842819213867,,,,,,67.11397552490234,,
2009-07-15,63.056522369384766,,,,,,,,,,20.633031845092773,,,,,,69.07678985595703,,
2009-07-16,63.25465393066406,,,,,,,,,,20.59353256225586,,,,,,68.96570587158203,,
2009-07-17,63.25465393066406,,,,,,,,,,20.633031845092773,,,,,,69.72122192382812,,
2009-07-20,63.328975677490234,,,,,,,,,,20.862112045288086,,,,,,70.46189880371094,,
2009-07-21,63.76847839355469,,,,,,,,,,20.9016056060791,,,,,,70.78780364990234,,
2009-07-22,63.551815032958984,,,,,,,,,,20.759424209594727,,,,,,70.7729721069336,,
2009-07-23,63.39086151123047,,,,,,,,,,20.9016056060791,,,,,,72.3358383178711,,
2009-07-24,63.39086151123047,,,,,,,,,,20.885812759399414,,,,,,72.63211822509766,,
2009-07-27,63.19890594482422,,,,,,,,,,20.917407989501953,,,,,,72.846923828125,,
2009-07-28,63.31654357910156,,,,,,,,,,20.870010375976562,,,,,,72.50619506835938,,
2009-07-29,63.42799758911133,,,,,,,,,,20.76732063293457,,,,,,72.32845306396484,,
2009-07-30,63.50849533081055,,,,,,,,,,20.877912521362305,,,,,,73.08393096923828,,
2009-07-31,63.830406188964844,,,,,,,,,,20.933204650878906,,,,,,73.18765258789062,,
2009-08-03,63.696258544921875,,,,,,,,,,21.08329200744629,,,,,,74.39497375488281,,
2009-08-04,63.50371551513672,,,,,,,,,,21.027997970581055,,,,,,74.58753967285156,,
2009-08-05,63.44782257080078,,,,,,,,,,20.996400833129883,,,,,,74.37274169921875,,
2009-08-06,63.47887420654297,,,,,,,,,,20.933204650878906,,,,,,73.98759460449219,,
2009-08-07,63.09999465942383,,,,,,,,,,20.877912521362305,,,,,,74.95790100097656,,
2009-08-10,63.590641021728516,,,,,,,,,,21.012197494506836,,,,,,74.80233764648438,,
2009-08-11,63.81428146362305,,,,,,,,,,20.85420799255371,,,,,,73.86907958984375,,
2009-08-12,63.78324508666992,,,,,,,,,,20.909507751464844,,,,,,74.66158294677734,,
2009-08-13,63.94469451904297,,,,,,,,,,20.964805603027344,,,,,,75.23196411132812,,
2009-08-14,64.05652618408203,,,,,,,,,,20.862112045288086,,,,,,74.6541976928711,,
2009-08-17,64.32360076904297,,,,,,,,,,20.743623733520508,,,,,,72.81729125976562,,
2009-08-18,64.1124038696289,,,,,,,,,,20.862112045288086,,,,,,73.39501953125,,
2009-08-19,64.24286651611328,,,,,,,,,,20.870010375976562,,,,,,74.0394515991211,,
2009-08-20,64.3484115600586,,,,,,,,,,20.917407989501953,,,,,,74.80233764648438,,
2009-08-21,63.97575378417969,,,,,,,,,,20.933204650878906,,,,,,76.2688980102539,,
2009-08-24,64.23662567138672,,,,,,,,,,20.972702026367188,,,,,,76.26153564453125,,
2009-08-25,64.34223937988281,,,,,,,,,,20.909507751464844,,,,,,76.4096450805664,,
2009-08-26,64.43541717529297,,,,,,,,,,20.933204650878906,,,,,,76.41703796386719,,
2009-08-27,64.3857192993164,,,,,,,,,,20.925304412841797,,,,,,76.58740234375,,
2009-08-28,64.34223937988281,,,,,,,,,,20.933204650878906,,,,,,76.5726089477539,,
2009-08-31,64.60932159423828,,,,,,,,,,20.846311569213867,,,,,,75.89116668701172,,
2009-09-01,64.49842071533203,,,,,,,,,,20.696226119995117,,,,,,74.2171859741211,,
2009-09-02,64.84109497070312,,,,,,,,,,20.893709182739258,,,,,,73.93572235107422,,
2009-09-03,64.72271728515625,,,,,,,,,,20.964805603027344,,,,,,74.55052185058594,,
2009-09-04,64.59814453125,,,,,,,,,,21.08329200744629,,,,,,75.59488677978516,,
2009-09-08,64.50460052490234,,,,,,,,,,21.154386520385742,,,,,,76.2467041015625,,
2009-09-09,64.62925720214844,,,,,,,,,,21.13068389892578,,,,,,76.83183288574219,,
2009-09-10,64.95956420898438,,,,,,,,,,21.154386520385742,,,,,,77.61698913574219,,
2009-09-11,64.95326232910156,,,,,,,,,,21.16228485107422,,,,,,77.60216522216797,,
2009-09-14,64.85977935791016,,,,,,,,,,21.12278938293457,,,,,,77.97988891601562,,
2009-09-15,64.76008605957031,,,,,,,,,,21.16228485107422,,,,,,78.30581665039062,,
2009-09-16,64.80997467041016,,,,,,,,,,21.29657554626465,,,,,,79.49092864990234,,
2009-09-17,65.11530303955078,,,,,,,,,,21.257076263427734,,,,,,79.37240600585938,,
2009-09-18,64.95326232910156,,,,,,,,,,21.249174118041992,,,,,,79.4229965209961,,
2009-09-21,64.9034423828125,,,,,,,,,,21.209680557250977,,,,,,79.22207641601562,,
2009-09-22,64.85977935791016,,,,,,,,,,21.257076263427734,,,,,,79.68347930908203,,
2009-09-23,65.02175903320312,,,,,,,,,,21.24127960205078,,,,,,79.0211410522461,,
2009-09-24,65.10279846191406,,,,,,,,,,21.193880081176758,,,,,,78.1504135131836,,
2009-09-25,65.29595184326172,,,,,,,,,,21.249174118041992,,,,,,77.733642578125,,
2009-09-28,65.28974151611328,,,,,,,,,,21.272876739501953,,,,,,79.12530517578125,,
2009-09-29,65.25859832763672,,,,,,,,,,21.225481033325195,,,,,,78.8871841430664,,
2009-09-30,65.37694549560547,,,,,,,,,,21.36766815185547,,,,,,78.58204650878906,,
2009-10-01,65.52828216552734,,,,,,,,,,21.2017822265625,,,,,,76.63220977783203,,
2009-10-02,65.40325164794922,,,,,,,,,,21.3123722076416,,,,,,76.27497100830078,,
2009-10-05,65.4469985961914,,,,,,,,,,21.5019588470459,,,,,,77.41361999511719,,
2009-10-06,65.35316467285156,,,,,,,,,,21.470359802246094,,,,,,78.52251434326172,,
2009-10-07,65.61575317382812,,,,,,,,,,21.415063858032227,,,,,,78.73831176757812,,
2009-10-08,65.57200622558594,,,,,,,,,,21.509855270385742,,,,,,79.34117126464844,,
2009-10-09,65.11567687988281,,,,,,,,,,21.422964096069336,,,,,,79.82489013671875,,
2009-10-12,65.2657470703125,,,,,,,,,,21.5019588470459,,,,,,80.13745880126953,,
2009-10-13,65.42826843261719,,,,,,,,,,21.525653839111328,,,,,,79.9737319946289,,
2009-10-14,65.27197265625,,,,,,,,,,21.699438095092773,,,,,,81.35054016113281,,
2009-10-15,65.17198181152344,,,,,,,,,,21.620445251464844,,,,,,81.64824676513672,,
2009-10-16,65.1656723022461,,,,,,,,,,21.580947875976562,,,,,,81.0379409790039,,
2009-10-19,65.29698944091797,,,,,,,,,,21.683639526367188,,,,,,81.707763671875,,
2009-10-20,65.45323181152344,,,,,,,,,,21.628345489501953,,,,,,81.27613830566406,,
2009-10-21,65.40945434570312,,,,,,,,,,21.636247634887695,,,,,,80.54676055908203,,
2009-10-22,65.3094482421875,,,,,,,,,,21.707340240478516,,,,,,81.36543273925781,,
2009-10-23,65.22819519042969,,,,,,,,,,21.659940719604492,,,,,,80.43512725830078,,
2009-10-26,65.05313873291016,,,,,,,,,,21.549352645874023,,,,,,79.5644302368164,,
2009-10-27,65.3094482421875,,,,,,,,,,21.54145050048828,,,,,,79.19973754882812,,
2009-10-28,65.40325164794922,,,,,,,,,,21.288679122924805,,,,,,77.70387268066406,,
2009-10-29,65.27197265625,,,,,,,,,,21.56515121459961,,,,,,79.37093353271484,,
2009-10-30,65.52205657958984,,,,,,,,,,21.257076263427734,,,,,,77.07128143310547,,
2009-11-02,65.41792297363281,,,,,,,,,,21.430862426757812,,,,,,77.63690185546875,,
2009-11-03,65.33015441894531,,,,,,,,,,21.407163619995117,,,,,,77.88247680664062,,
2009-11-04,65.22355651855469,,,,,,,,,,21.51775550842285,,,,,,78.08341979980469,,
2009-11-05,65.39285278320312,,,,,,,,,,21.56515121459961,,,,,,79.519775390625,,
2009-11-06,65.44926452636719,,,,,,,,,,21.51775550842285,,,,,,79.72811126708984,,
2009-11-09,65.53709411621094,,,,,,,,,,21.715238571166992,,,,,,81.54401397705078,,
2009-11-10,65.55586242675781,,,,,,,,,,21.7468318939209,,,,,,81.55890655517578,,
2009-11-11,65.58097076416016,,,,,,,,,,21.75473403930664,,,,,,81.97566986083984,,
2009-11-12,65.712646484375,,,,,,,,,,21.675739288330078,,,,,,81.14215850830078,,
2009-11-13,65.78160858154297,,,,,,,,,,21.8021297454834,,,,,,81.58126831054688,,
2009-11-16,65.93842315673828,,,,,,,,,,21.87322235107422,,,,,,82.76455688476562,,
2009-11-17,65.99481964111328,,,,,,,,23.525327682495117,,21.857425689697266,,,,,,82.86129760742188,,
2009-11-18,65.85686492919922,,,,,,,,23.338987350463867,,21.810029983520508,,,,,,82.8091812133789,,
2009-11-19,65.92584991455078,,,,,,,,23.338987350463867,,21.7468318939209,,,,,,81.7301025390625,,
2009-11-20,65.95094299316406,,,,,,,,23.39488983154297,,21.715238571166992,,,,,,81.43983459472656,,
2009-11-23,65.93842315673828,,,,,,,,23.48805809020996,,21.8021297454834,,,,,,82.47428894042969,,
2009-11-24,66.1328125,,,,,,,,23.450794219970703,,21.699438095092773,,,,,,82.600830078125,,
2009-11-25,66.1955337524414,,,,,,,,23.413524627685547,,21.865325927734375,,,,,,82.8910903930664,,
2009-11-27,66.2519302368164,,,,,,,,23.292402267456055,,21.60464859008789,,,,,,81.54401397705078,,
2009-11-30,66.36483764648438,,,,,,,,23.413524627685547,,21.69153594970703,,,,,,81.8193588256836,,
2009-12-01,66.20309448242188,,,,,,,,23.311038970947266,,21.7468318939209,,,,,,82.83152770996094,,
2009-12-02,66.0772476196289,,,,,,,,23.329675674438477,,21.8021297454834,,,,,,82.79432678222656,,
2009-12-03,66.08353424072266,,,,,,,,23.245820999145508,,21.810029983520508,,,,,,82.14688110351562,,
2009-12-04,65.9514389038086,,,,,,,,23.152647018432617,,21.69153594970703,,,,,,82.6156997680664,,
2009-12-07,66.0143814086914,,,,,,,,23.199234008789062,,21.7468318939209,,,,,,82.48921966552734,,
2009-12-08,66.10247802734375,,,,,,,,23.217864990234375,,21.644142150878906,,,,,,81.57380676269531,,
2009-12-09,66.03325653076172,,,,,,,,23.134017944335938,,21.644142150878906,,,,,,81.87894439697266,,
2009-12-10,65.98287963867188,,,,,,,,23.20855140686035,,21.699438095092773,,,,,,82.34031677246094,,
2009-12-11,65.82561492919922,,,,,,,,23.283084869384766,,21.699438095092773,,,,,,82.69017028808594,,
2009-12-14,65.86335754394531,,,,,,,,23.571914672851562,,21.738937377929688,,,,,,83.2557373046875,,
2009-12-15,65.68087768554688,,,,,,,,23.599863052368164,,21.58884620666504,,,,,,82.86872100830078,,
2009-12-16,65.80044555664062,,,,,,,,23.646448135375977,,21.707340240478516,,,,,,82.99526977539062,,
2009-12-17,65.90739440917969,,,,,,,,23.76757049560547,,21.56515121459961,,,,,,81.99797821044922,,
2009-12-18,65.90739440917969,,,,,,,,23.665081024169922,,21.533554077148438,,,,,,82.46192932128906,,
2009-12-21,65.63058471679688,,,,,,,,23.991178512573242,,21.446664810180664,,,,,,83.2999267578125,,
2009-12-22,65.44183349609375,,,,,,,,23.804834365844727,,21.462459564208984,,,,,,83.59923553466797,,
2009-12-23,65.46698760986328,,,,,,,,23.871923446655273,,21.614627838134766,,,,,,83.76385498046875,,
2009-12-24,65.35366821289062,,,,,,,,23.853290557861328,,21.487154006958008,,,,,,84.16038513183594,,
2009-12-28,64.95734405517578,,,,,,,,23.899877548217773,,21.463258743286133,,,,,,84.33995056152344,,
2009-12-29,65.03433990478516,,,,,,,,23.76011085510254,,21.566829681396484,,,,,,84.2202377319336,,
2009-12-30,65.1983871459961,,,,,,,,23.797382354736328,,21.59869956970215,,,,,,84.19029998779297,,
2009-12-31,65.11634063720703,,,,,,,,23.750795364379883,,21.614627838134766,,,,,,83.38224029541016,,
2010-01-04,65.1921157836914,,,,,,,,23.94646453857422,,21.853639602661133,,,,,,84.7963638305664,,
2010-01-05,65.48868560791016,,,,,,,,23.853290557861328,,21.90941047668457,,,,,,85.02084350585938,,
2010-01-06,65.45084381103516,,,,,,,,23.94646453857422,,21.94924545288086,,,,,,85.08070373535156,,
2010-01-07,65.37507629394531,,,,,,,,23.99305534362793,,21.893476486206055,,,,,,85.43985748291016,,
2010-01-08,65.4129638671875,,,,,,,,23.83465576171875,,21.94924545288086,,,,,,85.72416687011719,,
2010-01-11,65.36251068115234,,,,,,,,23.955780029296875,,21.941280364990234,,,,,,85.84388732910156,,
2010-01-12,65.77898406982422,,,,,,,,23.899877548217773,,21.853639602661133,,,,,,85.0433120727539,,
2010-01-13,65.5013198852539,,,,,,,,23.955780029296875,,21.869577407836914,,,,,,85.7615966796875,,
2010-01-14,65.67166900634766,,,,,,,,23.955780029296875,,21.861610412597656,,,,,,85.9935302734375,,
2010-01-15,65.79786682128906,,,,,,,,23.899877548217773,,21.773967742919922,,,,,,85.0283203125,,
2010-01-19,65.69061279296875,,,,,,,,24.17940902709961,,21.877538681030273,,,,,,86.09080505371094,,
2010-01-20,65.8609619140625,,,,,,,,23.871923446655273,,21.702268600463867,,,,,,85.21537780761719,,
2010-01-21,65.8799057006836,,,,,,,,24.104867935180664,,21.519025802612305,,,,,,83.5767593383789,,
2010-01-22,65.91775512695312,,,,,,,,24.002370834350586,,21.359683990478516,,,,,,81.71369171142578,,
2010-01-25,65.91148376464844,,,,,,,,23.89055824279785,,21.487154006958008,,,,,,82.13267517089844,,
2010-01-26,65.99349975585938,,,,,,,,24.132816314697266,,21.367650985717773,,,,,,81.78851318359375,,
2010-01-27,65.94297790527344,,,,,,,,23.983736038208008,,21.327816009521484,,,,,,82.1776123046875,,
2010-01-28,65.88624572753906,,,,,,,,24.03032684326172,,21.29594612121582,,,,,,81.23481750488281,,
2010-01-29,66.03765869140625,,,,,,,,23.871923446655273,,21.272043228149414,,,,,,80.35191345214844,,
2010-02-01,65.94712829589844,,,,,,,,24.03032684326172,,21.391551971435547,,,,,,81.6014633178711,,
2010-02-02,66.0230941772461,,,,,,,,24.039642333984375,,21.439353942871094,,,,,,82.5891342163086,,
2010-02-03,65.90283966064453,,,,,,,,24.132816314697266,,21.399518966674805,,,,,,82.1776123046875,,
2010-02-04,66.06110382080078,,,,,,,,23.78806495666504,,21.096771240234375,,,,,,79.64111328125,,
2010-02-05,66.08643341064453,,,,,,,,23.78806495666504,,21.017099380493164,,,,,,79.80570983886719,,
2010-02-08,66.21292114257812,,,,,,,,23.76011085510254,,20.961332321166992,,,,,,79.2295913696289,,
2010-02-09,66.09274291992188,,,,,,,,23.983736038208008,,21.21627426147461,,,,,,80.22470092773438,,
2010-02-10,65.94083404541016,,,,,,,,23.83465576171875,,21.120670318603516,,,,,,80.06761169433594,,
2010-02-11,65.83318328857422,,,,,,,,24.132816314697266,,21.23221206665039,,,,,,80.90560150146484,,
2010-02-12,65.8458251953125,,,,,,,,24.086231231689453,,21.176443099975586,,,,,,80.83827209472656,,
2010-02-16,66.01043701171875,,,,,,,,24.039642333984375,,21.327816009521484,,,,,,82.11024475097656,,
2010-02-17,65.807861328125,,,,,,,,24.1607723236084,,21.303913116455078,,,,,,82.49932098388672,,
2010-02-18,65.78258514404297,,,,,,,,24.188722610473633,,21.359683990478516,,,,,,82.98568725585938,,
2010-02-19,65.83318328857422,,,,,,,,24.207361221313477,,21.272043228149414,,,,,,83.15775299072266,,
2010-02-22,65.7192611694336,,,,,,,,24.1607723236084,,21.31188201904297,,,,,,83.17272186279297,,
2010-02-23,65.9534683227539,,,,,,,,24.039642333984375,,21.184410095214844,,,,,,82.1626205444336,,
2010-02-24,66.0230941772461,,,,,,,,24.198040008544922,,21.256114959716797,,,,,,82.91831970214844,,
2010-02-25,66.15607452392578,,,,,,,,24.188722610473633,,21.1923770904541,,,,,,82.80609893798828,,
2010-02-26,66.1686782836914,,,,,,,,24.188722610473633,,21.264080047607422,,,,,,82.85847473144531,,
2010-03-01,66.2658462524414,,,,,,,,24.039642333984375,,21.343748092651367,,,,,,83.71893310546875,,
2010-03-02,66.29127502441406,,,,,,,,24.225996017456055,,21.49512481689453,,,,,,83.95088958740234,,
2010-03-03,66.29127502441406,,,,,,,,24.198040008544922,,21.526988983154297,,,,,,84.02569580078125,,
2010-03-04,66.41191101074219,,,,,,,,24.170093536376953,,21.471223831176758,,,,,,84.28010559082031,,
2010-03-05,66.284912109375,,,,,,,,24.486892700195312,,21.590728759765625,,,,,,85.48475646972656,,
2010-03-08,66.32936096191406,,,,,,,,24.4403018951416,,21.590728759765625,,,,,,85.49971008300781,,
2010-03-09,66.40555572509766,,,,,,,,24.393712997436523,,21.59869956970215,,,,,,85.64186096191406,,
2010-03-10,66.36112213134766,,,,,,,,24.486892700195312,,21.654464721679688,,,,,,86.02349090576172,,
2010-03-11,66.36112213134766,,,,,,,,24.468257904052734,,21.646495819091797,,,,,,86.38260650634766,,
2010-03-12,66.36746215820312,,,,,,,,24.365760803222656,,21.670398712158203,,,,,,86.39009094238281,,
2010-03-15,66.449951171875,,,,,,,,24.356443405151367,,21.59869956970215,,,,,,86.41254425048828,,
2010-03-16,66.57062530517578,,,,,,,,24.33780860900879,,21.678363800048828,,,,,,87.10092163085938,,
2010-03-17,66.62142944335938,,,,,,,,24.55211639404297,,21.742101669311523,,,,,,87.6171875,,
2010-03-18,66.56425476074219,,,,,,,,24.44961929321289,,21.694299697875977,,,,,,87.57229614257812,,
2010-03-19,66.51350402832031,,,,,,,,24.412351608276367,,21.59869956970215,,,,,,87.12901306152344,,
2010-03-22,66.56425476074219,,,,,,,,24.356443405151367,,21.590728759765625,,,,,,87.5948257446289,,
2010-03-23,66.5770263671875,,,,,,,,24.30985450744629,,21.678363800048828,,,,,,88.21090698242188,,
2010-03-24,66.24042510986328,,,,,,,,24.30985450744629,,21.479190826416016,,,,,,87.78265380859375,,
2010-03-25,66.06902313232422,,,,,,,,24.039642333984375,,21.407485961914062,,,,,,87.63993072509766,,
2010-03-26,66.17694854736328,,,,,,,,24.04895782470703,,21.50309181213379,,,,,,87.58731079101562,,
2010-03-29,66.10078430175781,,,,,,,,24.086231231689453,,21.582765579223633,,,,,,88.14327239990234,,
2010-03-30,66.12613677978516,,,,,,,,24.235315322875977,,21.654464721679688,,,,,,88.2033920288086,,
2010-03-31,66.1642837524414,,,,,,,,24.25394630432129,,21.670398712158203,,,,,,87.90287017822266,,
2010-04-01,66.13938903808594,,,,,,,,24.31917381286621,,21.821773529052734,,,,,,88.50391387939453,,
2010-04-05,65.73176574707031,,,,,,,,24.468257904052734,,21.766002655029297,,,,,,89.22520446777344,,
2010-04-06,65.81455993652344,,,,,,,,24.430984497070312,,21.75803565979004,,,,,,89.43553161621094,,
2010-04-07,66.09483337402344,,,,,,,,24.393712997436523,,21.750070571899414,,,,,,88.92464447021484,,
2010-04-08,66.03109741210938,,,,,,,,24.412351608276367,,21.797874450683594,,,,,,89.23265838623047,,
2010-04-09,66.10118103027344,,,,,,,,24.44961929321289,,21.829740524291992,,,,,,89.81869506835938,,
2010-04-12,66.25407409667969,,,,,,,,24.421667098999023,,21.83770751953125,,,,,,89.96141815185547,,
2010-04-13,66.36233520507812,,,,,,,,24.34712791442871,,21.829740524291992,,,,,,90.029052734375,,
2010-04-14,66.28594970703125,,,,,,,,24.356443405151367,,21.933313369750977,,,,,,91.05085754394531,,
2010-04-15,66.40692138671875,,,,,,,,24.4403018951416,,21.94924545288086,,,,,,91.1259765625,,
2010-04-16,66.50886535644531,,,,,,,,24.365760803222656,,21.781938552856445,,,,,,89.67593383789062,,
2010-04-19,66.3878173828125,,,,,,,,24.272584915161133,,21.773967742919922,,,,,,90.0140609741211,,
2010-04-20,66.49610137939453,,,,,,,,24.281902313232422,,21.829740524291992,,,,,,90.81793975830078,,
2010-04-21,66.6107406616211,,,,,,,,24.468257904052734,,21.821773529052734,,,,,,90.65264892578125,,
2010-04-22,66.47698974609375,,,,,,,,24.458938598632812,,21.718202590942383,,,,,,90.9231185913086,,
2010-04-23,66.39421081542969,,,,,,,,24.850282669067383,,21.773967742919922,,,,,,91.51663970947266,,
2010-04-26,66.3878173828125,,,,,,,,24.70119857788086,,21.742101669311523,,,,,,91.17105102539062,,
2010-04-27,66.59803009033203,,,,,,,,24.589385986328125,,21.49512481689453,,,,,,89.01481628417969,,
2010-04-28,66.49610137939453,,,,,,,,24.65460968017578,,21.574796676635742,,,,,,89.69096374511719,,
2010-04-29,66.52157592773438,,,,,,,,24.691879272460938,,21.68633460998535,,,,,,90.80292510986328,,
2010-04-30,66.8082046508789,,,,,,,,24.598703384399414,,21.630565643310547,,,,,,89.26271057128906,,
2010-05-03,66.68168640136719,,,,,,,,24.626657485961914,,21.678363800048828,,,,,,90.41976165771484,,
2010-05-04,66.94998931884766,,,,,,,,24.375076293945312,,21.407485961914062,,,,,,88.29351043701172,,
2010-05-05,66.89891052246094,,,,,,,,24.33780860900879,,21.224245071411133,,,,,,87.76762390136719,,
2010-05-06,66.9947509765625,,,,,,,,23.983736038208008,,20.849790573120117,,,,,,84.85256958007812,,
2010-05-07,66.70088195800781,,,,,,,,23.38740348815918,,20.81792449951172,,,,,,83.59037017822266,,
2010-05-10,66.69446563720703,,,,,,,,24.021005630493164,,21.256114959716797,,,,,,87.27176666259766,,
2010-05-11,66.94361877441406,,,,,,,,23.97441864013672,,21.160507202148438,,,,,,87.0238265991211,,
2010-05-12,66.87333679199219,,,,,,,,24.058279037475586,,21.128639221191406,,,,,,88.240966796875,,
2010-05-13,66.96920013427734,,,,,,,,24.198040008544922,,21.15254020690918,,,,,,87.14405059814453,,
2010-05-14,67.2119369506836,,,,,,,,24.12350082397461,,20.96929931640625,,,,,,85.5662841796875,,
2010-05-17,67.16084289550781,,,,,,,,23.89055824279785,,20.953365325927734,,,,,,85.6113510131836,,
2010-05-18,67.39082336425781,,,,,,,,23.871923446655273,,20.93743133544922,,,,,,84.44686889648438,,
2010-05-19,67.42276763916016,,,,,,,,23.685569763183594,,20.897594451904297,,,,,,83.96601867675781,,
2010-05-20,67.36527252197266,,,,,,,,23.0892391204834,,20.531110763549805,,,,,,80.79549407958984,,
2010-05-21,67.6527099609375,,,,,,,,23.471261978149414,,20.722318649291992,,,,,,81.97505187988281,,
2010-05-24,67.6143798828125,,,,,,,,23.35944938659668,,20.7462215423584,,,,,,80.9232406616211,,
2010-05-25,67.69743347167969,,,,,,,,23.331501007080078,,20.70638656616211,,,,,,81.005859375,,
2010-05-26,67.62081909179688,,,,,,,,23.35013198852539,,20.594846725463867,,,,,,80.51750946044922,,
2010-05-27,67.4610824584961,,,,,,,,23.41535758972168,,20.841825485229492,,,,,,83.21472930908203,,
2010-05-28,67.53138732910156,,,,,,,,23.58307456970215,,20.73028564453125,,,,,,82.17041015625,,
2010-06-01,67.64286804199219,,,,,,,,23.0612850189209,,20.722318649291992,,,,,,80.7879867553711,,
2010-06-02,67.57240295410156,,,,,,,,23.517850875854492,,20.873695373535156,,,,,,82.89163208007812,,
2010-06-03,67.54031372070312,,,,,,,,23.489896774291992,,20.857759475708008,,,,,,83.1771469116211,,
2010-06-04,67.71334838867188,,,,,,,,23.2010498046875,,20.690448760986328,,,,,,80.25456237792969,,
2010-06-07,67.91197204589844,,,,,,,,23.24764060974121,,20.754188537597656,,,,,,79.25531768798828,,
2010-06-08,67.83511352539062,,,,,,,,23.443309783935547,,20.913532257080078,,,,,,80.10430908203125,,
2010-06-09,67.87353515625,,,,,,,,23.40604019165039,,20.88962745666504,,,,,,79.67605590820312,,
2010-06-10,67.66851806640625,,,,,,,,23.76011085510254,,20.953365325927734,,,,,,82.00511169433594,,
2010-06-11,67.70689392089844,,,,,,,,23.69489097595215,,20.977264404296875,,,,,,82.40335083007812,,
2010-06-14,67.80303955078125,,,,,,,,23.713523864746094,,20.905561447143555,,,,,,82.27555847167969,,
2010-06-15,67.80303955078125,,,,,,,,23.965099334716797,,21.041000366210938,,,,,,84.14633178710938,,
2010-06-16,67.90557861328125,,,,,,,,23.93714714050293,,21.017099380493164,,,,,,84.11628723144531,,
2010-06-17,68.06575012207031,,,,,,,,23.955780029296875,,21.048969268798828,,,,,,84.25150299072266,,
2010-06-18,67.95686340332031,,,,,,,,23.94646453857422,,21.144575119018555,,,,,,84.3428955078125,,
2010-06-21,68.10421752929688,,,,,,,,23.853290557861328,,21.20034408569336,,,,,,84.10131072998047,,
2010-06-22,68.1747055053711,,,,,,,,23.638980865478516,,21.20034408569336,,,,,,82.71233367919922,,
2010-06-23,68.3477554321289,,,,,,,,23.657617568969727,,21.256114959716797,,,,,,82.45564270019531,,
2010-06-24,68.29005432128906,,,,,,,,23.55512237548828,,21.15254020690918,,,,,,81.08929443359375,,
2010-06-25,68.38618469238281,,,,,,,,23.685569763183594,,21.256114959716797,,,,,,81.42901611328125,,
2010-06-28,68.51433563232422,,,,,,,,23.564441680908203,,21.24018096923828,,,,,,81.17235565185547,,
2010-06-29,68.71939086914062,,,,,,,,23.0612850189209,,21.112703323364258,,,,,,78.6661605834961,,
2010-06-30,68.72586059570312,,,,,,,,23.480581283569336,,21.041000366210938,,,,,,77.91881561279297,,
2010-07-01,68.68980407714844,,,,,,,,23.275592803955078,,21.128639221191406,,,,,,77.57156372070312,,
2010-07-02,68.59341430664062,,,,,,,,23.480581283569336,,21.20034408569336,,,,,,77.1488265991211,,
2010-07-06,68.80547332763672,,,,,,,,23.266273498535156,,21.29594612121582,,,,,,77.65460968017578,,
2010-07-07,68.71554565429688,,,,,,,,23.59239387512207,,21.256114959716797,,,,,,80.1004409790039,,
2010-07-08,68.70267486572266,,,,,,,,23.61102867126465,,21.31188201904297,,,,,,80.89308166503906,,
2010-07-09,68.599853515625,,,,,,,,23.78806495666504,,21.31188201904297,,,,,,81.49697875976562,,
2010-07-12,68.67694854736328,,,,,,,,23.797382354736328,,21.31188201904297,,,,,,81.54978942871094,,
2010-07-13,68.5034408569336,,,,,,,,23.666933059692383,,21.3756160736084,,,,,,82.78026580810547,,
2010-07-14,68.73482513427734,,,,,,,,23.871923446655273,,21.343748092651367,,,,,,82.77269744873047,,
2010-07-15,68.83121490478516,,,,,,,,23.657617568969727,,21.327816009521484,,,,,,82.7953872680664,,
2010-07-16,69.04332733154297,,,,,,,,23.78806495666504,,21.31985092163086,,,,,,80.5156021118164,,
2010-07-19,68.9790267944336,,,,,,,,23.853290557861328,,21.31985092163086,,,,,,80.9911880493164,,
2010-07-20,68.92757415771484,,,,,,,,23.91851234436035,,21.41545295715332,,,,,,81.88951110839844,,
2010-07-21,69.22966766357422,,,,,,,,23.965099334716797,,21.407485961914062,,,,,,80.82511138916016,,
2010-07-22,69.1654052734375,,,,,,,,24.142139434814453,,21.511056900024414,,,,,,82.62926483154297,,
2010-07-23,69.04332733154297,,,,,,,,24.114181518554688,,21.542924880981445,,,,,,83.3464126586914,,
2010-07-26,69.0303955078125,,,,,,,,24.058279037475586,,21.558860778808594,,,,,,84.21453857421875,,
2010-07-27,69.00469970703125,,,,,,,,24.132816314697266,,21.53495979309082,,,,,,84.20697784423828,,
2010-07-28,69.13330078125,,,,,,,,24.207361221313477,,21.49512481689453,,,,,,83.66346740722656,,
2010-07-29,69.19757843017578,,,,,,,,24.104867935180664,,21.53495979309082,,,,,,83.2558364868164,,
2010-07-30,69.31324005126953,,,,,,,,24.142139434814453,,21.590728759765625,,,,,,83.24073791503906,,
2010-08-02,69.21908569335938,,,,,,,,24.235315322875977,,21.55089569091797,,,,,,85.12040710449219,,
2010-08-03,69.26427459716797,,,,,,,,24.26326560974121,,21.614627838134766,,,,,,84.71273803710938,,
2010-08-04,69.14181518554688,,,,,,,,24.225996017456055,,21.62259292602539,,,,,,85.27889251708984,,
2010-08-05,69.22554779052734,,,,,,,,24.104867935180664,,21.646495819091797,,,,,,85.18832397460938,,
2010-08-06,69.36088562011719,,,,,,,,24.076913833618164,,21.670398712158203,,,,,,84.84105682373047,,
2010-08-09,69.36088562011719,,,,,,,,24.25394630432129,,21.694299697875977,,,,,,85.29401397705078,,
2010-08-10,69.47689056396484,,,,,,,,24.086231231689453,,21.654464721679688,,,,,,84.83354187011719,,
2010-08-11,69.54133605957031,,,,,,,,23.965099334716797,,21.542924880981445,,,,,,82.50850677490234,,
2010-08-12,69.4317626953125,,,,,,,,23.955780029296875,,21.53495979309082,,,,,,82.00271606445312,,
2010-08-13,69.59291076660156,,,,,,,,23.909194946289062,,21.63852882385254,,,,,,81.76116180419922,,
2010-08-16,69.82491302490234,,,,,,,,24.039642333984375,,21.766002655029297,,,,,,81.7234115600586,,
2010-08-17,69.7410888671875,,,,,,,,24.011690139770508,,21.726167678833008,,,,,,82.72740173339844,,
2010-08-18,69.66375732421875,,,,,,,,24.011690139770508,,21.702268600463867,,,,,,82.87838745117188,,
2010-08-19,69.88937377929688,,,,,,,,23.94646453857422,,21.750070571899414,,,,,,81.4365234375,,
2010-08-20,69.79267883300781,,,,,,,,23.853290557861328,,21.742101669311523,,,,,,81.17235565185547,,
2010-08-23,69.86349487304688,,,,,,,,23.899877548217773,,21.73413848876953,,,,,,80.86283874511719,,
2010-08-24,70.14068603515625,,,,,,,,23.853290557861328,,21.68633460998535,,,,,,79.66258239746094,,
2010-08-25,69.97952270507812,,,,,,,,23.843969345092773,,21.654464721679688,,,,,,79.97209930419922,,
2010-08-26,70.06977081298828,,,,,,,,23.797382354736328,,21.63852882385254,,,,,,79.43614959716797,,
2010-08-27,69.68311309814453,,,,,,,,23.871923446655273,,21.63852882385254,,,,,,80.66658020019531,,
2010-08-30,70.15360260009766,,,,,,,,23.76011085510254,,21.566829681396484,,,,,,79.49652099609375,,
2010-08-31,70.20513916015625,,,,,,,,23.825336456298828,,21.630565643310547,,,,,,79.49652099609375,,
2010-09-01,70.05513763427734,,,,,,,,23.89055824279785,,21.694299697875977,,,,,,81.87437438964844,,
2010-09-02,69.96475982666016,,,,,,,,23.97441864013672,,21.694299697875977,,,,,,82.63682556152344,,
2010-09-03,69.80321502685547,,,,,,,,23.676250457763672,,21.694299697875977,,,,,,83.70877838134766,,
2010-09-07,70.00348663330078,,,,,,,,23.713523864746094,,21.630565643310547,,,,,,82.7651596069336,,
2010-09-08,69.95182037353516,,,,,,,,23.88123893737793,,21.68633460998535,,,,,,83.3464126586914,,
2010-09-09,69.61580657958984,,,,,,,,23.862606048583984,,21.68633460998535,,,,,,83.73139953613281,,
2010-09-10,69.46710968017578,,,,,,,,23.899877548217773,,21.694299697875977,,,,,,84.15414428710938,,
2010-09-13,69.6222152709961,,,,,,,,23.862606048583984,,21.821773529052734,,,,,,85.09020233154297,,
2010-09-14,69.8742446899414,,,,,,,,23.806697845458984,,21.80583953857422,,,,,,85.03734588623047,,
2010-09-15,69.7450180053711,,,,,,,,23.89055824279785,,21.829740524291992,,,,,,85.36195373535156,,
2010-09-16,69.62870788574219,,,,,,,,23.88123893737793,,21.789905548095703,,,,,,85.33930969238281,,
2010-09-17,69.71922302246094,,,,,,,,23.843969345092773,,21.821773529052734,,,,,,85.37117004394531,,
2010-09-20,69.7450180053711,,,,,,,,23.97441864013672,,21.853639602661133,,,,,,86.67650604248047,,
2010-09-21,70.04227447509766,,,,,,,,24.04895782470703,,21.92534637451172,,,,,,86.50196838378906,,
2010-09-22,70.06167602539062,,,,,,,,24.011690139770508,,21.941280364990234,,,,,,86.07695770263672,,
2010-09-23,70.13922882080078,,,,,,,,23.93714714050293,,21.933313369750977,,,,,,85.37879943847656,,
2010-09-24,69.8807373046875,,,,,,,,23.955780029296875,,21.965179443359375,,,,,,87.13948822021484,,
2010-09-27,70.11982727050781,,,,,,,,23.955780029296875,,21.981115341186523,,,,,,86.7220687866211,,
2010-09-28,70.28787994384766,,,,,,,,24.067594528198242,,22.044851303100586,,,,,,87.02560424804688,,
2010-09-29,70.23617553710938,,,,,,,,24.002370834350586,,22.06875228881836,,,,,,86.87386322021484,,
2010-09-30,70.21028137207031,,,,,,,,24.03032684326172,,22.12452507019043,,,,,,86.61581420898438,,
2010-10-01,70.12932586669922,,,,,,,,24.04895782470703,,22.16436004638672,,,,,,86.9801254272461,,
2010-10-04,70.24594116210938,,,,,,,,24.104867935180664,,22.180295944213867,,,,,,86.32740783691406,,
2010-10-05,70.24594116210938,,,,,,,,24.058279037475586,,22.25199317932129,,,,,,88.06533813476562,,
2010-10-06,70.317138671875,,,,,,,,23.965099334716797,,22.283857345581055,,,,,,88.05776977539062,,
2010-10-07,70.34951782226562,,,,,,,,23.871923446655273,,22.204193115234375,,,,,,87.95150756835938,,
2010-10-08,70.49208068847656,,,,,,,,23.983736038208008,,22.299795150756836,,,,,,88.4448013305664,,
2010-10-11,70.45325469970703,,,,,,,,23.99305534362793,,22.31572914123535,,,,,,88.52830505371094,,
2010-10-12,70.3819580078125,,,,,,,,23.97441864013672,,22.275894165039062,,,,,,88.801513671875,,
2010-10-13,70.37548828125,,,,,,,,24.039642333984375,,22.31572914123535,,,,,,89.49213409423828,,
2010-10-14,70.11634826660156,,,,,,,,23.97441864013672,,22.22012710571289,,,,,,89.14303588867188,,
2010-10-15,69.97386169433594,,,,,,,,23.97441864013672,,22.156391143798828,,,,,,89.32514953613281,,
2010-10-18,70.22000885009766,,,,,,,,23.88123893737793,,22.17232322692871,,,,,,89.76536560058594,,
2010-10-19,70.27830505371094,,,,,,,,23.843969345092773,,22.10858917236328,,,,,,88.58901977539062,,
2010-10-20,70.3625259399414,,,,,,,,23.899877548217773,,22.22012710571289,,,,,,89.45419311523438,,
2010-10-21,70.25241088867188,,,,,,,,23.843969345092773,,22.116554260253906,,,,,,89.65148162841797,,
2010-10-22,70.28478240966797,,,,,,,,23.843969345092773,,22.188257217407227,,,,,,89.81847381591797,,
2010-10-25,70.291259765625,,,,,,,,23.899877548217773,,22.267927169799805,,,,,,90.0840835571289,,
2010-10-26,70.12932586669922,,,,,,,,23.965099334716797,,22.267927169799805,,,,,,90.0992431640625,,
2010-10-27,69.99324035644531,,,,,,,,24.132816314697266,,22.180295944213867,,,,,,89.84123229980469,,
2010-10-28,70.16818237304688,,,,,,,,23.862606048583984,,22.180295944213867,,,,,,89.8564224243164,,
2010-10-29,70.317138671875,,,,,,,,23.76943016052246,,22.259963989257812,,,,,,89.92469787597656,,
2010-11-01,70.28865051269531,,,,,,,,23.94646453857422,,22.31572914123535,,,,,,89.95509338378906,,
2010-11-02,70.41200256347656,,,,,,,,23.806697845458984,,22.395404815673828,,,,,,90.66844940185547,,
2010-11-03,70.39904022216797,,,,,,,,23.99305534362793,,22.43523597717285,,,,,,91.03271484375,,
2010-11-04,70.73670959472656,,,,,,,,23.73215675354004,,22.4830379486084,,,,,,92.7858657836914,,
2010-11-05,70.54190063476562,,,,,,,,23.806697845458984,,22.467105865478516,,,,,,93.13496398925781,,
2010-11-08,70.50939178466797,,,,,,,,23.797382354736328,,22.45914077758789,,,,,,92.96038055419922,,
2010-11-09,70.16522216796875,,,,,,,,23.685569763183594,,22.419301986694336,,,,,,92.2925796508789,,
2010-11-10,70.10670471191406,,,,,,,,23.685569763183594,,22.3635311126709,,,,,,92.6644287109375,,
2010-11-11,70.10025787353516,,,,,,,,23.620346069335938,,22.339637756347656,,,,,,92.3153076171875,,
2010-11-12,69.82098388671875,,,,,,,,23.620346069335938,,22.17232322692871,,,,,,91.22246551513672,,
2010-11-15,69.4378433227539,,,,,,,,23.59239387512207,,22.060787200927734,,,,,,91.09346008300781,,
2010-11-16,69.60671997070312,,,,,,,,23.666933059692383,,21.997051239013672,,,,,,89.67425537109375,,
2010-11-17,69.62615966796875,,,,,,,,23.62966537475586,,22.06875228881836,,,,,,89.71980285644531,,
2010-11-18,69.60671997070312,,,,,,,,23.750795364379883,,22.148422241210938,,,,,,91.0403060913086,,
2010-11-19,69.68458557128906,,,,,,,,23.564441680908203,,22.212160110473633,,,,,,91.2907485961914,,
2010-11-22,69.85345458984375,,,,,,,,23.601709365844727,,22.16436004638672,,,,,,91.21484375,,
2010-11-23,69.92491912841797,,,,,,,,23.72283935546875,,21.997051239013672,,,,,,89.89434814453125,,
2010-11-24,69.58719635009766,,,,,,,,23.59239387512207,,22.06875228881836,,,,,,91.22246551513672,,
2010-11-26,69.7301025390625,,,,,,,,23.676250457763672,,21.893476486206055,,,,,,90.15999603271484,,
2010-11-29,69.77555847167969,,,,,,,,23.676250457763672,,21.98908042907715,,,,,,90.43318939208984,,
2010-11-30,69.7301025390625,,,,,,,,23.750795364379883,,21.94924545288086,,,,,,89.92469787597656,,
2010-12-01,69.36649322509766,,,,,,,,23.69489097595215,,21.997051239013672,,,,,,91.83720397949219,,
2010-12-02,69.22935485839844,,,,,,,,23.685569763183594,,22.06875228881836,,,,,,93.01354217529297,,
2010-12-03,69.36649322509766,,,,,,,,23.69489097595215,,22.13248634338379,,,,,,93.2639389038086,,
2010-12-06,69.62110137939453,,,,,,,,23.545804977416992,,22.148422241210938,,,,,,93.16531372070312,,
2010-12-07,69.07923889160156,,,,,,,,23.573759078979492,,21.98908042907715,,,,,,93.21845245361328,,
2010-12-08,68.74632263183594,,,,,,,,23.480581283569336,,21.981115341186523,,,,,,93.55995178222656,,
2010-12-09,68.8703842163086,,,,,,,,23.666933059692383,,21.98908042907715,,,,,,93.9242172241211,,
2010-12-10,68.73981475830078,,,,,,,,23.471261978149414,,21.94924545288086,,,,,,94.4706802368164,,
2010-12-13,68.78549194335938,,,,,,,,23.461944580078125,,21.957210540771484,,,,,,94.5313720703125,,
2010-12-14,68.40032958984375,,,,,,,,23.461944580078125,,21.973148345947266,,,,,,94.6148681640625,,
2010-12-15,68.28278350830078,,,,,,,,23.573759078979492,,21.885509490966797,,,,,,94.18225860595703,,
2010-12-16,68.41340637207031,,,,,,,,23.62966537475586,,21.877538681030273,,,,,,94.72869873046875,,
2010-12-17,68.78549194335938,,,,,,,,23.620346069335938,,21.965179443359375,,,,,,94.83016967773438,,
2010-12-20,68.83119201660156,,,,,,,,23.480581283569336,,21.917377471923828,,,,,,95.05902862548828,,
2010-12-21,68.96175384521484,,,,,,,,23.74147605895996,,21.94924545288086,,,,,,95.6617431640625,,
2010-12-22,68.88349914550781,,,,,,,,23.424673080444336,,22.01297950744629,,,,,,95.95926666259766,,
2010-12-23,68.75287628173828,,,,,,,,23.59272003173828,,21.98386573791504,,,,,,95.82194519042969,,
2010-12-27,68.94869995117188,,,,,,,,23.630483627319336,,22.024307250976562,,,,,,95.86006927490234,,
2010-12-28,68.54529571533203,,,,,,,,23.271732330322266,,21.98386573791504,,,,,,95.9974136352539,,
2010-12-29,69.0298843383789,,,,,,,,23.22452735900879,,21.991952896118164,,,,,,96.06605529785156,,
2010-12-30,68.97748565673828,,,,,,,,23.271732330322266,,22.1132755279541,,,,,,95.9134750366211,,
2010-12-31,69.2591323852539,,,,,,,,23.318939208984375,,22.16989517211914,,,,,,95.93634796142578,,
2011-01-03,69.18053436279297,,,,,,,,23.366140365600586,,22.177978515625,,,,,,96.9281997680664,,
2011-01-04,69.20018768310547,,,,,,,,23.63992691040039,,22.137540817260742,,,,,,96.874755859375,,
2011-01-05,68.86618041992188,,,,,,,,23.677688598632812,,22.16180419921875,,,,,,97.37831115722656,,34.65549087524414
2011-01-06,68.8792953491211,,,,,,,,23.545516967773438,,22.105188369750977,,,,,,97.18759155273438,,34.42118835449219
2011-01-07,69.10192108154297,,,,,,,,23.696571350097656,,22.16989517211914,,,,,,96.99684143066406,,34.372947692871094
2011-01-10,69.28533172607422,,,,,,,,23.724891662597656,,22.089014053344727,,,,,,96.874755859375,,34.483211517333984
2011-01-11,69.14781188964844,,,,,,,,23.7437744140625,,22.129453659057617,,,,,,97.21809387207031,,34.61415100097656
2011-01-12,69.1412124633789,,,,,,,,23.621044158935547,,22.234601974487305,,,,,,98.09541320800781,,34.85533142089844
2011-01-13,69.39016723632812,,,,,,,,23.696571350097656,,22.234601974487305,,,,,,97.93521881103516,,34.5383415222168
2011-01-14,69.24605560302734,,,,,,,,23.611602783203125,,22.226512908935547,,,,,,98.64472198486328,,34.696842193603516
2011-01-18,69.20018768310547,,,,,,,,23.7437744140625,,22.186071395874023,,,,,,98.81256866455078,,34.77263641357422
2011-01-19,69.21329498291016,,,,,,,,23.611602783203125,,22.1132755279541,,,,,,97.84366607666016,,34.724403381347656
2011-01-20,68.95133972167969,,,,,,,,23.554960250854492,,22.05666160583496,,,,,,97.7139663696289,,34.64859390258789
2011-01-21,69.1674575805664,,,,,,,,23.65880584716797,,22.024307250976562,,,,,,97.93521881103516,,34.662376403808594
2011-01-24,69.12812042236328,,,,,,,,23.545516967773438,,22.040481567382812,,,,,,98.49214935302734,,34.593475341796875
2011-01-25,69.3442611694336,,,,,,,,23.621044158935547,,21.98386573791504,,,,,,98.5455551147461,,34.31782150268555
2011-01-26,69.11504364013672,,,,,,,,23.64936637878418,,22.04857063293457,,,,,,98.92700958251953,,34.593475341796875
2011-01-27,69.23295593261719,,,,,,,,23.696571350097656,,22.032394409179688,,,,,,99.17118072509766,,34.38673400878906
2011-01-28,69.3311767578125,,,,,,,,23.526636123657227,,21.870630264282227,,,,,,97.43930053710938,,34.621036529541016
2011-01-31,69.20018768310547,,,,,,,,23.762657165527344,,21.919160842895508,,,,,,98.17171478271484,,34.84844207763672
2011-02-01,69.05306243896484,,,,,,,,23.73433494567871,,22.008129119873047,,,,,,99.74330139160156,,35.08274459838867
2011-02-02,68.97420501708984,,,,,,,,23.857067108154297,,21.943422317504883,,,,,,99.5526123046875,,35.21367263793945
2011-02-03,68.718017578125,,,,,,,,23.706012725830078,,21.911067962646484,,,,,,99.77384948730469,,35.11031723022461
2011-02-04,68.48810577392578,,,,,,,,23.724891662597656,,21.88680648803711,,,,,,100.05609130859375,,35.02072525024414
2011-02-07,68.51435852050781,,,,,,,,23.81930160522461,,21.870630264282227,,,,,,100.68170166015625,,34.92424392700195
2011-02-08,68.31732940673828,,,,,,,,23.706012725830078,,21.86254119873047,,,,,,101.13943481445312,,35.034507751464844
2011-02-09,68.44209289550781,,,,,,,,23.696571350097656,,21.781660079956055,,,,,,100.91059875488281,,35.47553634643555
2011-02-10,68.24507141113281,,,,,,,,23.7154541015625,,21.73313331604004,,,,,,100.94873809814453,,35.01383590698242
2011-02-11,68.51435852050781,,,,,,,,23.83818244934082,,21.814008712768555,,,,,,101.55145263671875,,34.89667510986328
2011-02-14,68.54724884033203,,,,,,,,23.79098129272461,,21.822099685668945,,,,,,101.79557037353516,,34.938018798828125
2011-02-15,68.63263702392578,,,,,,,,23.913711547851562,,21.79783821105957,,,,,,101.47511291503906,,34.77263641357422
2011-02-16,68.63263702392578,,,,,,,,23.97979736328125,,21.911067962646484,,,,,,102.11598205566406,,34.889793395996094
2011-02-17,68.79679107666016,,,,,,,,23.88538932800293,,21.951509475708008,,,,,,102.42112731933594,,35.1930046081543
2011-02-18,68.77061462402344,,,,,,,,23.857067108154297,,21.991952896118164,,,,,,102.63475799560547,,34.979373931884766
2011-02-22,69.02020263671875,,,,,,,,23.81930160522461,,21.76548194885254,,,,,,100.57489776611328,,34.882896423339844
2011-02-23,69.07278442382812,,,,,,,,23.79098129272461,,21.805923461914062,,,,,,99.95695495605469,,35.23434829711914
2011-02-24,69.08592224121094,,,,,,,,23.7154541015625,,21.83827781677246,,,,,,99.88827514648438,,35.04829025268555
2011-02-25,69.26978302001953,,,,,,,,23.88538932800293,,21.943422317504883,,,,,,100.95638275146484,,35.46174621582031
2011-02-28,69.40121459960938,,,,,,,,23.63992691040039,,21.97577667236328,,,,,,101.58194732666016,,35.54444885253906
2011-03-01,69.34522247314453,,,,,,,,23.7437744140625,,21.911067962646484,,,,,,99.88827514648438,,35.523773193359375
2011-03-02,69.23323059082031,,,,,,,,23.87594985961914,,22.024307250976562,,,,,,100.10189819335938,,35.6960563659668
2011-03-03,68.98957824707031,,,,,,,,23.97979736328125,,22.072837829589844,,,,,,101.8260498046875,,35.882110595703125
2011-03-04,69.17400360107422,,,,,,,,23.923152923583984,,22.1132755279541,,,,,,101.06316375732422,,35.951019287109375
2011-03-07,69.20685577392578,,,,,,,,23.8287410736084,,22.04857063293457,,,,,,100.26970672607422,,35.8338737487793
2011-03-08,69.15422058105469,,,,,,,,23.7437744140625,,22.040481567382812,,,,,,101.14707946777344,,35.68226623535156
2011-03-09,69.31884765625,,,,,,,,23.88538932800293,,22.05666160583496,,,,,,101.00214385986328,,35.60646438598633
2011-03-10,69.5625228881836,,,,,,,,23.668249130249023,,21.927248001098633,,,,,,99.13297271728516,,35.206783294677734
2011-03-11,69.57569885253906,,,,,,,,23.95147705078125,,21.927248001098633,,,,,,99.8196029663086,,35.206783294677734
2011-03-14,69.61528778076172,,,,,,,,23.923152923583984,,21.88680648803711,,,,,,99.21691131591797,,35.23434829711914
2011-03-15,69.64160919189453,,,,,,,,24.036441802978516,,21.69268798828125,,,,,,98.08016967773438,,34.63481521606445
2011-03-16,69.8392105102539,,,,,,,,23.99867820739746,,21.547101974487305,,,,,,96.2644271850586,,34.64859390258789
2011-03-17,69.79308319091797,,,,,,,,23.866506576538086,,21.73313331604004,,,,,,97.53849792480469,,35.5582275390625
2011-03-18,69.76678466796875,,,,,,,,24.036441802978516,,21.846364974975586,,,,,,97.89328002929688,,35.42040252685547
2011-03-21,69.6020736694336,,,,,,,,24.036441802978516,,21.951509475708008,,,,,,99.41043853759766,,35.565120697021484
2011-03-22,69.60871124267578,,,,,,,,23.913711547851562,,21.9596004486084,,,,,,99.06559753417969,,35.71672821044922
2011-03-23,69.57569885253906,,,,,,,,23.97979736328125,,21.991952896118164,,,,,,99.34911346435547,,35.73050308227539
2011-03-24,69.38468933105469,,,,,,,,23.97979736328125,,22.032394409179688,,,,,,100.2992172241211,,35.84765625
2011-03-25,69.32540893554688,,,,,,,,23.89482879638672,,21.991952896118164,,,,,,100.605712890625,,35.84765625
2011-03-28,69.29255676269531,,,,,,,,23.923152923583984,,21.97577667236328,,,,,,100.36053466796875,,35.60646438598633
2011-03-29,69.20685577392578,,,,,,,,23.942035675048828,,21.97577667236328,,,,,,101.03482055664062,,35.64780807495117
2011-03-30,69.32540893554688,,,,,,,,24.178054809570312,,22.06475067138672,,,,,,101.73207092285156,,35.57890319824219
2011-03-31,69.24644470214844,,,,,,,,24.12141227722168,,22.097103118896484,,,,,,101.59412384033203,,35.90278625488281
2011-04-01,69.34085083007812,,,,,,,,24.074207305908203,,22.16180419921875,,,,,,102.02323913574219,,35.951019287109375
2011-04-04,69.4532241821289,,,,,,,,24.19693374633789,,22.275041580200195,,,,,,102.10753631591797,,35.882110595703125
2011-04-05,69.30784606933594,,,,,,,,24.14973258972168,,22.234601974487305,,,,,,102.09221649169922,,36.00615692138672
2011-04-06,69.10301208496094,,,,,,,,24.1874942779541,,22.19416046142578,,,,,,102.41403198242188,,36.061275482177734
2011-04-07,69.2087631225586,,,,,,,,24.11197280883789,,22.20224952697754,,,,,,102.15348815917969,,36.06817626953125
2011-04-08,69.07661437988281,,,,,,,,23.857067108154297,,22.20224952697754,,,,,,101.80105590820312,,36.21977996826172
2011-04-11,69.1426773071289,,,,,,,,23.970355987548828,,22.1456298828125,,,,,,101.49454498291016,,36.07505798339844
2011-04-12,69.4069595336914,,,,,,,,23.88538932800293,,22.121366500854492,,,,,,100.73595428466797,,35.97169876098633
2011-04-13,69.47962951660156,,,,,,,,23.781538009643555,,22.19416046142578,,,,,,100.72830963134766,,36.11640930175781
2011-04-14,69.41352844238281,,,,,,,,23.904272079467773,,22.177978515625,,,,,,100.80493927001953,,36.26802062988281
2011-04-15,69.6645736694336,,,,,,,,23.99867820739746,,22.218421936035156,,,,,,101.17269897460938,,36.27490997314453
2011-04-18,69.7834701538086,,,,,,,,23.99867820739746,,22.21033477783203,,,,,,100.03868865966797,,36.04060745239258
2011-04-19,69.9222640991211,,,,,,,,24.074207305908203,,22.234601974487305,,,,,,100.61334991455078,,36.095741271972656
2011-04-20,69.82317352294922,,,,,,,,24.074207305908203,,22.323572158813477,,,,,,101.98490142822266,,36.30936050415039
2011-04-21,69.86942291259766,,,,,,,,23.89482879638672,,22.339746475219727,,,,,,102.50596618652344,,36.31625747680664
2011-04-25,69.9090347290039,,,,,,,,23.99867820739746,,22.372100830078125,,,,,,102.398681640625,,36.21288299560547
2011-04-26,70.16670989990234,,,,,,,,24.027002334594727,,22.396366119384766,,,,,,103.27982330322266,,36.1508674621582
2011-04-27,70.10728454589844,,,,,,,,24.045883178710938,,22.48533821105957,,,,,,103.95413208007812,,36.48853302001953
2011-04-28,70.27239990234375,,,,,,,,24.045883178710938,,22.469160079956055,,,,,,104.29126739501953,,36.65391540527344
2011-04-29,70.33184051513672,,,,,,,,23.96091651916504,,22.517688751220703,,,,,,104.53645324707031,,36.702152252197266
2011-05-02,70.36896514892578,,,,,,,,24.074207305908203,,22.47724723815918,,,,,,104.37554168701172,,36.48164367675781
2011-05-03,70.38883972167969,,,,,,,,23.99867820739746,,22.41254234313965,,,,,,104.00006866455078,,36.30247116088867
2011-05-04,70.52133178710938,,,,,,,,23.847625732421875,,22.372100830078125,,,,,,103.31049346923828,,36.23356246948242
2011-05-05,70.68035125732422,,,,,,,,23.99867820739746,,22.258867263793945,,,,,,102.37567138671875,,35.43418502807617
2011-05-06,70.67375946044922,,,,,,,,23.89482879638672,,22.283130645751953,,,,,,102.82777404785156,,35.39973449707031
2011-05-09,70.75322723388672,,,,,,,,23.81930160522461,,22.41254234313965,,,,,,103.2262191772461,,35.68915939331055
2011-05-10,70.62741088867188,,,,,,,,23.989234924316406,,22.396366119384766,,,,,,104.10739135742188,,35.68226623535156
2011-05-11,70.75322723388672,,,,,,,,23.83818244934082,,22.355920791625977,,,,,,103.01166534423828,,35.248130798339844
2011-05-12,70.647216796875,,,,,,,,23.89482879638672,,22.347835540771484,,,,,,103.50205993652344,,35.17232894897461
2011-05-13,70.75993347167969,,,,,,,,23.83818244934082,,22.315481185913086,,,,,,102.70516967773438,,35.179222106933594
2011-05-16,70.91228485107422,,,,,,,,23.75321388244629,,22.283130645751953,,,,,,102.05389404296875,,35.09653091430664
2011-05-17,70.99176788330078,,,,,,,,23.8287410736084,,22.307397842407227,,,,,,102.03849792480469,,35.137874603271484
2011-05-18,70.8791275024414,,,,,,,,23.93259620666504,,22.347835540771484,,,,,,102.95036315917969,,35.35149002075195
2011-05-19,70.82611846923828,,,,,,,,23.83818244934082,,22.283130645751953,,,,,,103.19557189941406,,35.385955810546875
2011-05-20,70.89246368408203,,,,,,,,23.96091651916504,,22.283130645751953,,,,,,102.37567138671875,,35.39973449707031
2011-05-23,70.95206451416016,,,,,,,,24.074207305908203,,22.250778198242188,,,,,,101.18804931640625,,35.337711334228516
2011-05-24,70.978515625,,,,,,,,23.8287410736084,,22.24268913269043,,,,,,101.10376739501953,,35.39283752441406
2011-05-25,70.96527862548828,,,,,,,,24.045883178710938,,22.26695442199707,,,,,,101.44092559814453,,35.530670166015625
2011-05-26,71.11770629882812,,,,,,,,23.96091651916504,,22.323572158813477,,,,,,101.90831756591797,,35.67538070678711
2011-05-27,71.18395233154297,,,,,,,,23.87594985961914,,22.436803817749023,,,,,,102.29906463623047,,35.79252624511719
2011-05-31,71.20378112792969,,,,,,,,23.923152923583984,,22.517688751220703,,,,,,103.3641357421875,,35.80630874633789
2011-06-01,71.51155090332031,,,,,,,,23.79098129272461,,22.40445327758789,,,,,,101.0424575805664,,36.01304626464844
2011-06-02,71.22579956054688,,,,,,,,23.87594985961914,,22.396366119384766,,,,,,100.9351806640625,,36.04060745239258
2011-06-03,71.31879425048828,,,,,,,,23.93259620666504,,22.364015579223633,,,,,,99.93140411376953,,36.14397430419922
2011-06-06,71.3321304321289,,,,,,,,23.847625732421875,,22.291217803955078,,,,,,98.87403106689453,,36.08195495605469
2011-06-07,71.47827911376953,,,,,,,,23.847625732421875,,22.323572158813477,,,,,,98.81272888183594,,36.109519958496094
2011-06-08,71.53807830810547,,,,,,,,23.95147705078125,,22.26695442199707,,,,,,98.3989486694336,,36.164642333984375
2011-06-09,71.43175506591797,,,,,,,,24.027002334594727,,22.339746475219727,,,,,,99.14985656738281,,36.07505798339844
2011-06-10,71.42513275146484,,,,,,,,23.772096633911133,,22.20224952697754,,,,,,97.77068328857422,,35.992374420166016
2011-06-13,71.3321304321289,,,,,,,,23.8287410736084,,22.20224952697754,,,,,,97.84730529785156,,35.97858810424805
2011-06-14,71.13931274414062,,,,,,,,23.97979736328125,,22.234601974487305,,,,,,99.08860778808594,,35.737403869628906
2011-06-15,71.31879425048828,,,,,,,,23.857067108154297,,22.19416046142578,,,,,,97.32624053955078,,35.59957504272461
2011-06-16,71.3653793334961,,,,,,,,23.8287410736084,,22.1456298828125,,,,,,97.54078674316406,,35.489322662353516
2011-06-17,71.43175506591797,,,,,,,,23.89482879638672,,22.177978515625,,,,,,97.83189392089844,,35.57890319824219
2011-06-20,71.33870697021484,,,,,,,,23.99867820739746,,22.16180419921875,,,,,,98.33240509033203,,35.50310134887695
2011-06-21,71.40515899658203,,,,,,,,24.05532455444336,,22.24268913269043,,,,,,99.6799087524414,,35.59268569946289
2011-06-22,71.35865020751953,,,,,,,,23.95147705078125,,22.226512908935547,,,,,,99.07929992675781,,35.43418502807617
2011-06-23,71.59130096435547,,,,,,,,23.904272079467773,,22.20224952697754,,,,,,98.79438781738281,,35.3583869934082
2011-06-24,71.52479553222656,,,,,,,,23.847625732421875,,22.20224952697754,,,,,,97.64706420898438,,35.18611145019531
2011-06-27,71.3985595703125,,,,,,,,23.75321388244629,,22.20224952697754,,,,,,98.51722717285156,,35.1930046081543
2011-06-28,71.11277770996094,,,,,,,,24.045883178710938,,22.186071395874023,,,,,,99.80315399169922,,35.1930046081543
2011-06-29,70.9001235961914,,,,,,,,23.97979736328125,,22.21033477783203,,,,,,100.65787506103516,,35.199893951416016
2011-06-30,70.8868179321289,,,,,,,,23.79098129272461,,22.275041580200195,,,,,,101.62039947509766,,34.9035758972168
2011-07-01,70.90946197509766,,,,,,,,23.857067108154297,,22.315481185913086,,,,,,103.12195587158203,,35.00005340576172
2011-07-05,71.18274688720703,,,,,,,,23.79098129272461,,22.372100830078125,,,,,,103.03724670410156,,34.627925872802734
2011-07-06,71.22276306152344,,,,,,,,23.8287410736084,,22.323572158813477,,,,,,103.16047668457031,,34.627925872802734
2011-07-07,71.02276611328125,,,,,,,,24.017559051513672,,22.41254234313965,,,,,,104.23081970214844,,34.45564651489258
2011-07-08,71.38935089111328,,,,,,,,23.857067108154297,,22.469160079956055,,,,,,103.49154663085938,,34.42808532714844
2011-07-11,71.5826416015625,,,,,,,,23.64936637878418,,22.355920791625977,,,,,,101.62039947509766,,34.4625358581543
2011-07-12,71.64256286621094,,,,,,,,23.73433494567871,,22.388280868530273,,,,,,101.18148040771484,,34.4005126953125
2011-07-13,71.78250122070312,,,,,,,,23.970355987548828,,22.444896697998047,,,,,,101.52027893066406,,34.235130310058594
2011-07-14,71.60263061523438,,,,,,,,23.89482879638672,,22.388280868530273,,,,,,100.819580078125,,34.18000411987305
2011-07-15,71.70256805419922,,,,,,,,24.017559051513672,,22.436803817749023,,,,,,101.40483093261719,,34.17311477661133
2011-07-18,71.59596252441406,,,,,,,,23.89482879638672,,22.355920791625977,,,,,,100.57315826416016,,34.193790435791016
2011-07-19,71.74923706054688,,,,,,,,23.93259620666504,,22.47724723815918,,,,,,102.20562744140625,,34.21445846557617
2011-07-20,71.63594818115234,,,,,,,,24.11197280883789,,22.469160079956055,,,,,,102.14398193359375,,34.28336715698242
2011-07-21,71.52266693115234,,,,,,,,24.027002334594727,,22.46107292175293,,,,,,103.56083679199219,,34.441864013671875
2011-07-22,71.67591857910156,,,,,,,,24.017559051513672,,22.525779724121094,,,,,,103.63021087646484,,34.38673400878906
2011-07-25,71.46934509277344,,,,,,,,23.97979736328125,,22.444896697998047,,,,,,103.05267333984375,,34.44876480102539
2011-07-26,71.63594818115234,,,,,,,,23.95147705078125,,22.509599685668945,,,,,,102.66763305664062,,34.4142951965332
2011-07-27,71.51597595214844,,,,,,,,23.83818244934082,,22.372100830078125,,,,,,100.56548309326172,,34.35227966308594
2011-07-28,71.65594482421875,,,,,,,,23.800418853759766,,22.40445327758789,,,,,,100.27287292480469,,34.43497085571289
2011-07-29,72.08243560791016,,,,,,,,23.724891662597656,,22.42871856689453,,,,,,99.58751678466797,,34.6761589050293
2011-08-01,72.25614929199219,,,,,,,,23.762657165527344,,22.452983856201172,,,,,,99.16400146484375,,34.50388717651367
2011-08-02,72.56364440917969,,,,,,,,23.63992691040039,,22.41254234313965,,,,,,96.63063049316406,,34.45564651489258
2011-08-03,72.63715362548828,,,,,,,,23.46999168395996,,22.48533821105957,,,,,,97.15424346923828,,34.552127838134766
2011-08-04,73.0247573852539,,,,,,,,22.64863395690918,,22.21033477783203,,,,,,92.6033935546875,,34.524559020996094
2011-08-05,72.54356384277344,,,,,,,,22.85633659362793,,22.153717041015625,,,,,,92.46476745605469,,34.34539031982422
2011-08-08,72.57698822021484,,,,,,,,21.883926391601562,,21.86254119873047,,,,,,86.44318389892578,,34.6761589050293
2011-08-09,73.00469970703125,,,,,,,,22.47869873046875,,22.032394409179688,,,,,,90.46273040771484,,34.89667510986328
2011-08-10,73.5994644165039,,,,,,,,22.639192581176758,,21.911067962646484,,,,,,86.46626281738281,,35.02072525024414
2011-08-11,72.68388366699219,,,,,,,,22.79024887084961,,21.9596004486084,,,,,,90.34722137451172,,34.71751403808594
2011-08-12,73.00469970703125,,,,,,,,22.90353775024414,,22.089014053344727,,,,,,90.9555435180664,,34.71061706542969
2011-08-15,73.11824798583984,,,,,,,,23.05459213256836,,22.218421936035156,,,,,,92.88060760498047,,34.56589889526367
2011-08-16,73.27198791503906,,,,,,,,22.752485275268555,,22.20224952697754,,,,,,92.08747100830078,,34.593475341796875
2011-08-17,73.39229583740234,,,,,,,,22.979066848754883,,22.186071395874023,,,,,,92.14908599853516,,34.65549087524414
2011-08-18,73.49922943115234,,,,,,,,22.667516708374023,,22.008129119873047,,,,,,88.17571258544922,,34.80709457397461
2011-08-19,73.5326919555664,,,,,,,,22.743043899536133,,22.05666160583496,,,,,,86.73578643798828,,34.8277702331543
2011-08-22,73.43904113769531,,,,,,,,22.73360252380371,,22.04857063293457,,,,,,86.80508422851562,,34.77263641357422
2011-08-23,73.2652816772461,,,,,,,,22.7713680267334,,22.097103118896484,,,,,,89.66190338134766,,34.57279968261719
2011-08-24,72.85100555419922,,,,,,,,22.705278396606445,,21.991952896118164,,,,,,90.92473602294922,,34.39363098144531
2011-08-25,72.99799346923828,,,,,,,,22.752485275268555,,22.000043869018555,,,,,,89.5386962890625,,34.43497085571289
2011-08-26,73.0982666015625,,,,,,,,22.912979125976562,,22.105188369750977,,,,,,90.84001159667969,,34.379844665527344
2011-08-29,73.01803588867188,,,,,,,,23.045150756835938,,22.186071395874023,,,,,,93.4504165649414,,34.17311477661133
2011-08-30,73.24528503417969,,,,,,,,22.922420501708984,,22.275041580200195,,,,,,93.69682312011719,,34.359169006347656
2011-08-31,73.17842864990234,,,,,,,,23.281171798706055,,22.283130645751953,,,,,,94.11266326904297,,34.4005126953125
2011-09-01,73.41419982910156,,,,,,,,23.13011932373047,,22.250778198242188,,,,,,93.12700653076172,,34.2764778137207
2011-09-02,73.6351547241211,,,,,,,,22.922420501708984,,22.234601974487305,,,,,,90.74760437011719,,34.50388717651367
2011-09-06,73.82940673828125,,,,,,,,22.90353775024414,,22.258867263793945,,,,,,90.08538818359375,,34.20756912231445
2011-09-07,73.65528869628906,,,,,,,,23.082914352416992,,22.323572158813477,,,,,,92.6264877319336,,34.06285858154297
2011-09-08,73.67534637451172,,,,,,,,23.045150756835938,,22.307397842407227,,,,,,91.66393280029297,,33.98704528808594
2011-09-09,73.77584838867188,,,,,,,,22.884654998779297,,22.20224952697754,,,,,,89.26148223876953,,33.95259475708008
2011-09-12,73.6285171508789,,,,,,,,22.931861877441406,,22.137540817260742,,,,,,89.83899688720703,,33.88368225097656
2011-09-13,73.65528869628906,21.093250274658203,,,,,,,22.912979125976562,,22.121366500854492,,,,,,90.66291809082031,,33.78031921386719
2011-09-14,73.66866302490234,21.008028030395508,,,,,,,22.865772247314453,,22.234601974487305,,,,,,91.9180908203125,,33.863006591796875
2011-09-15,73.45435333251953,20.752351760864258,,,,,,,22.988506317138672,,22.258867263793945,,,,,,93.50433349609375,,33.697628021240234
2011-09-16,73.5615234375,20.760875701904297,,,,,,,23.026268005371094,,22.258867263793945,,,,,,94.05773162841797,,33.67005920410156
2011-09-19,73.72224426269531,21.050642013549805,,,,,,,22.79024887084961,,22.24268913269043,,,,,,93.12117004394531,,33.7734260559082
2011-09-20,73.86957550048828,21.093250274658203,,,,,,,23.082914352416992,,22.226512908935547,,,,,,93.0128173828125,,33.78721618652344
2011-09-21,73.9901123046875,21.459718704223633,,,,,,,23.035709381103516,,22.153717041015625,,,,,,90.27279663085938,,33.614933013916016
2011-09-22,74.20443725585938,21.81766700744629,,,,,,,22.743043899536133,,21.98386573791504,,,,,,87.35482025146484,,33.5322380065918
2011-09-23,73.82274627685547,21.90289306640625,,,,,,,22.809131622314453,,21.87871551513672,,,,,,87.88111114501953,,33.208351135253906
2011-09-26,73.65528869628906,21.988117218017578,,,,,,,22.818571090698242,,21.97577667236328,,,,,,89.97095489501953,,33.17390060424805
2011-09-27,73.55481719970703,21.519378662109375,,,,,,,22.90353775024414,,21.967689514160156,,,,,,90.9771728515625,,33.16012191772461
2011-09-28,73.49454498291016,21.715394973754883,,,,,,,22.705278396606445,,21.919160842895508,,,,,,89.11955261230469,,33.09809875488281
2011-09-29,73.46773529052734,22.056297302246094,,,,,,,22.837453842163086,,21.830184936523438,,,,,,89.82392120361328,,33.15322494506836
2011-09-30,73.74235534667969,22.158567428588867,,,,,,,22.686399459838867,,21.78974723815918,,,,,,87.57923889160156,,32.82244873046875
2011-10-03,74.04363250732422,22.584693908691406,,,,,,,22.30876350402832,,21.700775146484375,,,,,,85.08697509765625,,33.09809875488281
2011-10-04,73.81549835205078,22.465377807617188,,,,,,,22.544782638549805,,21.71695327758789,,,,,,86.95230865478516,,33.05675506591797
2011-10-05,73.56719207763672,21.919937133789062,,,,,,,22.591991424560547,,21.85445213317871,,,,,,88.56228637695312,,32.80867385864258
2011-10-06,73.4464111328125,21.561988830566406,,,,,,,22.828014373779297,,21.951509475708008,,,,,,90.1644515991211,,32.49856948852539
2011-10-07,73.29877471923828,21.561988830566406,,,,,,,22.743043899536133,,21.927248001098633,,,,,,89.56075286865234,,32.71219253540039
2011-10-10,73.15117645263672,21.331884384155273,,,,,,,22.969627380371094,,21.9596004486084,,,,,,92.55618286132812,,32.284942626953125
2011-10-11,73.32563018798828,21.204044342041016,,,,,,,22.780807495117188,,22.024307250976562,,,,,,92.64903259277344,,32.1126708984375
2011-10-12,73.1846694946289,20.803485870361328,,,,,,,22.997949600219727,,22.129453659057617,,,,,,93.46178436279297,,31.87147331237793
2011-10-13,73.22496795654297,20.803485870361328,,,,,,,22.79024887084961,,22.16180419921875,,,,,,93.2760238647461,,31.988624572753906
2011-10-14,73.10420227050781,20.454063415527344,,,,,,,22.95074462890625,,22.21033477783203,,,,,,94.87043762207031,,31.74054527282715
2011-10-17,73.39271545410156,20.752351760864258,,,,,,,23.149002075195312,,22.032394409179688,,,,,,93.05925750732422,,31.988624572753906
2011-10-18,73.3121566772461,20.454063415527344,,,,,,,22.837453842163086,,22.186071395874023,,,,,,94.87821197509766,,31.981727600097656
2011-10-19,73.4195556640625,20.68416976928711,,,,,,,22.846895217895508,,22.105188369750977,,,,,,93.75588989257812,,32.1609001159668
2011-10-20,73.3792953491211,20.752351760864258,,,,,,,23.035709381103516,,22.1456298828125,,,,,,94.16609191894531,,32.257381439208984
2011-10-21,73.4195556640625,20.454063415527344,,,,,,,22.2710018157959,,22.21033477783203,,,,,,95.95407104492188,,32.04375076293945
2011-10-24,73.30550384521484,19.755216598510742,,,,,,,23.196203231811523,,22.339746475219727,,,,,,97.13053894042969,,31.76810646057129
2011-10-25,73.68132019042969,20.027936935424805,,,,,,,22.997949600219727,,22.364015579223633,,,,,,95.24198913574219,,31.878368377685547
2011-10-26,73.47996520996094,19.772258758544922,,,,,,,23.30005645751953,,22.355920791625977,,,,,,96.20950317382812,,31.76810646057129
2011-10-27,73.1981430053711,18.74955940246582,,,,,,,23.22452735900879,,22.590484619140625,,,,,,99.56095886230469,,31.14101219177246
2011-10-28,73.4866943359375,18.417179107666016,,,,,,,23.40390396118164,,22.56621742248535,,,,,,99.5377426147461,,31.14790916442871
2011-10-31,73.83562469482422,19.090457916259766,,,,,,,23.451108932495117,,22.339746475219727,,,,,,97.13829803466797,,31.478675842285156
2011-11-01,74.190185546875,19.6018123626709,,,,,,,23.53607749938965,,22.177978515625,,,,,,94.42926025390625,,31.3959903717041
2011-11-02,74.190185546875,19.6018123626709,,,,,,,23.30005645751953,,22.41254234313965,,,,,,95.96955108642578,,31.56137466430664
2011-11-03,74.02872467041016,19.192729949951172,,,,,,,23.53607749938965,,22.41254234313965,,,,,,97.71879577636719,,31.451112747192383
2011-11-04,74.00853729248047,19.11602783203125,,,,,,,23.413345336914062,,22.444896697998047,,,,,,97.12281036376953,,31.50624656677246
2011-11-07,74.0690689086914,19.218294143676758,,,,,,,23.46055030822754,,22.46107292175293,,,,,,97.72652435302734,,31.513132095336914
2011-11-08,73.9681625366211,19.269432067871094,,,,,,,23.526636123657227,,22.452983856201172,,,,,,98.98043823242188,,31.54069709777832
2011-11-09,74.09595489501953,19.269432067871094,,,,,,,23.42278480529785,,22.291217803955078,,,,,,95.32709503173828,,31.56137466430664
2011-11-10,73.95472717285156,19.5591983795166,,,,,,,23.30005645751953,,22.291217803955078,,,,,,96.22494506835938,,31.64406394958496
2011-11-11,73.86723327636719,19.431360244750977,,,,,,,23.545516967773438,,22.3316593170166,,,,,,98.03616333007812,,31.699201583862305
2011-11-14,73.92781066894531,19.431360244750977,,,,,,,23.337818145751953,,22.380186080932617,,,,,,97.10731506347656,,31.754329681396484
2011-11-15,73.83360290527344,19.6018123626709,,,,,,,23.507755279541016,,22.315481185913086,,,,,,97.58723449707031,,31.63718032836914
2011-11-16,73.80669403076172,19.388744354248047,,,,,,,23.13011932373047,,22.21033477783203,,,,,,96.03919982910156,,31.650957107543945
2011-11-17,73.76629638671875,20.027936935424805,,,,,,,23.252849578857422,,22.105188369750977,,,,,,94.5144271850586,,31.823244094848633
2011-11-18,73.7529067993164,19.857484817504883,,,,,,,23.347259521484375,,22.19416046142578,,,,,,94.4137954711914,,31.837024688720703
2011-11-21,73.73942565917969,19.959753036499023,,,,,,,22.979066848754883,,22.06475067138672,,,,,,92.61808013916016,,31.91971206665039
2011-11-22,73.7931900024414,20.027936935424805,,,,,,,22.979066848754883,,22.016218185424805,,,,,,92.25430297851562,,31.97484016418457
2011-11-23,73.86051940917969,20.32622528076172,,,,,,,22.922420501708984,,21.88680648803711,,,,,,90.2186508178711,,32.002403259277344
2011-11-25,73.75959777832031,20.701213836669922,,,,,,,22.922420501708984,,21.846364974975586,,,,,,90.04837036132812,,31.926603317260742
2011-11-28,73.7529067993164,20.701213836669922,,,,,,,22.96018409729004,,22.016218185424805,,,,,,92.65679168701172,,31.83012580871582
2011-11-29,73.77979278564453,20.701213836669922,,,,,,,23.177324295043945,,22.008129119873047,,,,,,92.9199447631836,,31.843908309936523
2011-11-30,73.59140014648438,19.908620834350586,,,,,,,23.05459213256836,,22.16180419921875,,,,,,96.74353790283203,,31.837024688720703
2011-12-01,73.6170654296875,19.82339859008789,,,,,,,23.177324295043945,,22.153717041015625,,,,,,96.72808074951172,,31.857688903808594
2011-12-02,73.8064956665039,19.635902404785156,,,,,,,23.1867618560791,,22.218421936035156,,,,,,96.64295196533203,,31.96794891357422
2011-12-05,73.88764190673828,19.473974227905273,,,,,,,23.09235382080078,,22.24268913269043,,,,,,97.69559478759766,,31.87147331237793
2011-12-06,73.81999969482422,19.610332489013672,,,,,,,23.177324295043945,,22.258867263793945,,,,,,97.72652435302734,,31.83012580871582
2011-12-07,73.95527648925781,19.610332489013672,,,,,,,23.082914352416992,,22.315481185913086,,,,,,98.09033966064453,,31.91282081604004
2011-12-08,74.02972412109375,19.94271469116211,,,,,,,23.045150756835938,,22.20224952697754,,,,,,95.93855285644531,,31.90593147277832
2011-12-09,73.98914337158203,20.01089096069336,,,,,,,23.271732330322266,,22.226512908935547,,,,,,97.56401824951172,,31.864587783813477
2011-12-12,74.00940704345703,20.01089096069336,,,,,,,23.139558792114258,,22.153717041015625,,,,,,96.13983154296875,,32.002403259277344
2011-12-13,74.15823364257812,20.41145133972168,,,,,,,22.979066848754883,,22.1456298828125,,,,,,95.24198913574219,,32.2367057800293
2011-12-14,74.34086608886719,20.803485870361328,,,,,,,23.05459213256836,,22.06475067138672,,,,,,94.2280044555664,,32.222923278808594
2011-12-15,74.18525695800781,20.752351760864258,,,,,,,23.23396873474121,,22.089014053344727,,,,,,94.56861114501953,,32.20225143432617
2011-12-16,74.43549346923828,21.178478240966797,,,,,,,23.016828536987305,,22.105188369750977,,,,,,94.70877838134766,,32.1126708984375
2011-12-19,74.50990295410156,20.922801971435547,,,,,,,23.026268005371094,,22.1456298828125,,,,,,93.69621276855469,,32.07821273803711
2011-12-20,74.40847778320312,20.816118240356445,,,,,,,23.09235382080078,,22.137540817260742,,,,,,96.53150177001953,,32.01618576049805
2011-12-21,74.21907806396484,20.816118240356445,,,,,,,23.243410110473633,,22.1456298828125,,,,,,96.71839141845703,,31.988157272338867
2011-12-22,74.3340835571289,20.547245025634766,,,,,,,23.252849578857422,,22.24268913269043,,,,,,97.57522583007812,,32.07225799560547
2011-12-23,74.24614715576172,20.547245025634766,,,,,,,23.139558792114258,,22.226512908935547,,,,,,98.44760131835938,,32.03721618652344
2011-12-27,74.38009643554688,19.64521026611328,,,,,,,23.1867618560791,,22.24268913269043,,,,,,98.5254898071289,,31.981143951416016
2011-12-28,74.5086441040039,19.64521026611328,,,,,,,23.1867618560791,,22.186119079589844,,,,,,97.23251342773438,,31.995161056518555
2011-12-29,74.6845474243164,19.64521026611328,,,,,,,23.196203231811523,,22.104127883911133,,,,,,98.23728942871094,,32.044227600097656
2011-12-30,74.58983612060547,20.564590454101562,,,,,,,23.205646514892578,,22.2025146484375,,,,,,97.75435638427734,,31.70079231262207
2012-01-03,74.44096374511719,20.564590454101562,,,,,,,23.526636123657227,,22.333696365356445,,,,,,99.31222534179688,,31.462495803833008
2012-01-04,74.3394775390625,20.564590454101562,,,,,,,23.375581741333008,,22.27630615234375,,,,,,99.46796417236328,,31.546600341796875
2012-01-05,74.44096374511719,20.564590454101562,,,,,,,23.517194747924805,,22.300901412963867,,,,,,99.7328109741211,,31.75686264038086
2012-01-06,74.50186920166016,19.88806915283203,,,,,,,23.56439781188965,,22.284503936767578,,,,,,99.47576904296875,,31.897035598754883
2012-01-09,74.44096374511719,19.84469985961914,,,,,,,23.583280563354492,,22.300901412963867,,,,,,99.71725463867188,,31.749858856201172
2012-01-10,74.42069244384766,19.471744537353516,,,,,,,23.7154541015625,,22.317298889160156,,,,,,100.58185577392578,,31.51156234741211
2012-01-11,74.6845474243164,19.45439910888672,,,,,,,23.7154541015625,,22.350093841552734,,,,,,100.6363525390625,,31.665746688842773
2012-01-12,74.62368774414062,19.385009765625,,,,,,,23.602161407470703,,22.391090393066406,,,,,,100.87782287597656,,31.749858856201172
2012-01-13,74.79277801513672,19.64521026611328,,,,,,,23.545516967773438,,22.407485961914062,,,,,,100.35594177246094,,31.904043197631836
2012-01-17,74.81311798095703,19.515111923217773,,,,,,,23.53607749938965,,22.42388343811035,,,,,,100.74540710449219,,31.77788734436035
2012-01-18,74.71837615966797,19.558475494384766,,,,,,,23.602161407470703,,22.440282821655273,,,,,,101.85923767089844,,31.6517333984375
2012-01-19,74.59661102294922,19.081443786621094,,,,,,,23.630483627319336,,22.464876174926758,,,,,,102.39674377441406,,31.371374130249023
2012-01-20,74.40711212158203,19.168176651000977,,,,,,,23.696571350097656,,22.456676483154297,,,,,,102.77839660644531,,31.35035514831543
2012-01-23,74.34627532958984,18.994707107543945,,,,,,,23.56439781188965,,22.464876174926758,,,,,,102.51360321044922,,31.140090942382812
2012-01-24,74.40711212158203,19.142154693603516,,,,,,,23.621044158935547,,22.464876174926758,,,,,,102.39674377441406,,31.09803581237793
2012-01-25,74.51537322998047,18.734506607055664,,,,,,,23.630483627319336,,22.538665771484375,,,,,,103.25352478027344,,30.964872360229492
2012-01-26,74.6641845703125,18.873281478881836,,,,,,,23.809860229492188,,22.52227020263672,,,,,,102.72386169433594,,31.00692367553711
2012-01-27,74.78602600097656,18.97736167907715,,,,,,,23.89482879638672,,22.54686737060547,,,,,,102.67713928222656,,30.852731704711914
2012-01-30,75.00249481201172,18.734506607055664,,,,,,,23.93259620666504,,22.55506706237793,,,,,,102.32658386230469,,31.1120548248291
2012-01-31,75.13101959228516,18.942668914794922,,,,,,,23.89482879638672,,22.579662322998047,,,,,,102.28768157958984,,31.09803581237793
2012-02-01,74.99882507324219,18.561038970947266,,,,,,,24.027002334594727,,22.678050994873047,,,,,,103.18344116210938,,31.048973083496094
2012-02-02,75.01913452148438,18.63042449951172,,,,,,,24.15917205810547,,22.743635177612305,,,,,,103.34696197509766,,31.08401870727539
2012-02-03,74.98523712158203,18.300840377807617,,,,,,,24.12141227722168,,22.77643585205078,,,,,,104.79578399658203,,30.922815322875977
2012-02-06,75.03945922851562,18.292163848876953,,,,,,,23.913711547851562,,22.78463363647461,,,,,,104.72567749023438,,30.957860946655273
2012-02-07,74.96490478515625,18.300840377807617,,,,,,,24.017559051513672,,22.79283332824707,,,,,,104.99050903320312,,30.94384765625
2012-02-08,74.9038314819336,18.196758270263672,,,,,,,23.93259620666504,,22.8010311126709,,,,,,105.30209350585938,,30.957860946655273
2012-02-09,74.78179168701172,18.16206169128418,,,,,,,24.00811767578125,,22.75183868408203,,,,,,105.4345474243164,,30.915809631347656
2012-02-10,74.88348388671875,18.25746726989746,,,,,,,23.989234924316406,,22.710844039916992,,,,,,104.65560150146484,,31.020938873291016
2012-02-13,74.91067504882812,18.274818420410156,,,,,,,24.083648681640625,,22.78463363647461,,,,,,105.4345474243164,,30.887767791748047
2012-02-14,74.97168731689453,18.25746726989746,,,,,,,24.12141227722168,,22.8010311126709,,,,,,105.30209350585938,,30.93683624267578
2012-02-15,74.94457244873047,18.136045455932617,,,,,,,24.12141227722168,,22.78463363647461,,,,,,104.81135559082031,,30.922815322875977
2012-02-16,74.93099212646484,18.170738220214844,,,,,,,24.12141227722168,,22.833826065063477,,,,,,105.97196960449219,,30.866744995117188
2012-02-17,74.8360595703125,17.97992515563965,,,,,,,24.06476593017578,,22.809228897094727,,,,,,106.25239562988281,,30.670495986938477
2012-02-21,74.72068786621094,18.023290634155273,,,,,,,24.05532455444336,,22.81743049621582,,,,,,106.29910278320312,,30.733577728271484
2012-02-22,74.93099212646484,18.101348876953125,,,,,,,23.89482879638672,,22.891220092773438,,,,,,105.95639038085938,,30.698537826538086
2012-02-23,74.9920425415039,18.127368927001953,,,,,,,23.89482879638672,,22.899417877197266,,,,,,106.42374420166016,,30.71255111694336
2012-02-24,75.01233673095703,18.084001541137695,,,,,,,24.027002334594727,,22.90761947631836,,,,,,106.65743255615234,,30.642471313476562
2012-02-27,75.24972534179688,17.997268676757812,,,,,,,24.1874942779541,,22.90761947631836,,,,,,106.83655548095703,,30.656482696533203
2012-02-28,75.1955337524414,17.849821090698242,,,,,,,24.178054809570312,,22.981407165527344,,,,,,107.14808654785156,,30.663490295410156
2012-02-29,75.12088775634766,18.64777183532715,,,,,,,24.16861343383789,,22.87482261657715,,,,,,106.72752380371094,,30.523313522338867
2012-03-01,74.96928405761719,18.110021591186523,,,,,,,24.16861343383789,,22.90761947631836,,,,,,107.28053283691406,,30.530323028564453
2012-03-02,75.13246154785156,18.04930877685547,,,,,,,24.083648681640625,,22.899417877197266,,,,,,106.95341491699219,,30.439210891723633
2012-03-05,75.02360534667969,18.300840377807617,,,,,,,24.036441802978516,,22.833826065063477,,,,,,106.5172119140625,,30.341089248657227
2012-03-06,75.17323303222656,18.691139221191406,,,,,,,23.904272079467773,,22.743635177612305,,,,,,104.95935821533203,,30.200912475585938
2012-03-07,75.10527801513672,18.604408264160156,,,,,,,24.272462844848633,,22.78463363647461,,,,,,105.69155883789062,,30.200912475585938
2012-03-08,74.93524932861328,18.54369354248047,,,,,,,24.3007869720459,,22.82562828063965,,,,,,106.74307250976562,,30.29903793334961
2012-03-09,74.92163848876953,18.3875732421875,,,,,,,24.244140625,,22.82562828063965,,,,,,107.15596008300781,,30.397151947021484
2012-03-12,74.98966217041016,18.439611434936523,,,,,,,24.15917205810547,,22.81743049621582,,,,,,107.16368865966797,,30.36211395263672
2012-03-13,74.73811340332031,18.448286056518555,,,,,,,24.32910919189453,,22.842029571533203,,,,,,109.09544372558594,,30.3901424407959
2012-03-14,74.330078125,18.24880027770996,,,,,,,24.13085174560547,,22.686243057250977,,,,,,108.97860717773438,,30.23595428466797
2012-03-15,74.29613494873047,18.21410369873047,,,,,,,24.22525978088379,,22.70264434814453,,,,,,109.60952758789062,,30.3551025390625
2012-03-16,74.30294036865234,18.023290634155273,,,,,,,24.22525978088379,,22.694448471069336,,,,,,109.76129150390625,,30.551349639892578
2012-03-19,74.06497955322266,18.361553192138672,,,,,,,24.272462844848633,,22.694448471069336,,,,,,110.19159698486328,,30.481260299682617
2012-03-20,74.17375946044922,18.153390884399414,,,,,,,24.14973258972168,,22.65345001220703,,,,,,109.870849609375,,30.3200626373291
2012-03-21,74.35051727294922,18.153390884399414,,,,,,,24.14973258972168,,22.70264434814453,,,,,,109.69090270996094,,30.3200626373291
2012-03-22,74.41854858398438,18.266141891479492,,,,,,,24.027002334594727,,22.637054443359375,,,,,,108.90074157714844,,30.179882049560547
2012-03-23,74.58846282958984,18.370223999023438,,,,,,,24.23470115661621,,22.678050994873047,,,,,,109.25276947021484,,30.348094940185547
2012-03-26,74.53407287597656,18.24012565612793,,,,,,,24.31966781616211,,22.75183868408203,,,,,,110.78614044189453,,30.49527931213379
2012-03-27,74.61563110351562,18.25746726989746,,,,,,,24.11197280883789,,22.78463363647461,,,,,,110.44188690185547,,30.397151947021484
2012-03-28,74.60208129882812,18.474302291870117,,,,,,,24.036441802978516,,22.743635177612305,,,,,,109.89427185058594,,30.242958068847656
2012-03-29,74.80606842041016,18.3875732421875,,,,,,,24.178054809570312,,22.72724151611328,,,,,,109.70653533935547,,30.13783073425293
2012-03-30,74.69047546386719,18.54369354248047,,,,,,,24.23470115661621,,22.735441207885742,,,,,,110.16029357910156,,30.3200626373291
2012-04-02,74.69931030273438,18.361553192138672,,,,,,,24.3007869720459,,22.77643585205078,,,,,,110.96610260009766,,30.165870666503906
2012-04-03,74.37908172607422,18.37889862060547,,,,,,,24.32910919189453,,22.645254135131836,,,,,,110.51232147216797,,30.341089248657227
2012-04-04,74.5357894897461,18.65644645690918,,,,,,,24.253582000732422,,22.61246109008789,,,,,,109.41708374023438,,30.42519760131836
2012-04-05,74.70623779296875,18.561038970947266,,,,,,,24.263023376464844,,22.62065315246582,,,,,,109.36228942871094,,30.327068328857422
2012-04-09,75.03323364257812,18.847257614135742,,,,,,,24.32910919189453,,22.628854751586914,,,,,,108.1340560913086,,30.165870666503906
2012-04-10,75.04007720947266,18.85593605041504,,,,,,,24.093090057373047,,22.579662322998047,,,,,,106.31906127929688,,30.19390106201172
2012-04-11,75.04682922363281,18.968687057495117,,,,,,,24.140295028686523,,22.604259490966797,,,,,,107.1795883178711,,30.19390106201172
2012-04-12,74.9719009399414,18.968687057495117,,,,,,,24.49904441833496,,22.70264434814453,,,,,,108.57994842529297,,30.1027889251709
2012-04-13,75.20358276367188,18.864608764648438,,,,,,,24.40463638305664,,22.694448471069336,,,,,,107.28912353515625,,30.19390106201172
2012-04-16,75.21724700927734,18.97736167907715,,,,,,,24.244140625,,22.65345001220703,,,,,,107.21874237060547,,30.13783073425293
2012-04-17,75.2308578491211,18.81256866455078,,,,,,,24.215816497802734,,22.70264434814453,,,,,,108.80684661865234,,30.200912475585938
2012-04-18,75.32625579833984,18.96001625061035,,,,,,,24.272462844848633,,22.710844039916992,,,,,,108.43915557861328,,30.306045532226562
2012-04-19,75.27174377441406,18.8819522857666,,,,,,,24.432958602905273,,22.678050994873047,,,,,,107.7428970336914,,30.23595428466797
2012-04-20,75.285400390625,18.916648864746094,,,,,,,24.50848388671875,,22.678050994873047,,,,,,107.92279052734375,,30.228944778442383
2012-04-23,75.3603744506836,19.237564086914062,,,,,,,24.253582000732422,,22.62065315246582,,,,,,107.01529693603516,,30.172876358032227
2012-04-24,75.25131225585938,19.20286750793457,,,,,,,24.40463638305664,,22.637054443359375,,,,,,107.42213439941406,,30.179882049560547
2012-04-25,75.285400390625,18.986034393310547,,,,,,,24.414077758789062,,22.686243057250977,,,,,,108.89286804199219,,30.285017013549805
2012-04-26,75.40126037597656,18.986034393310547,,,,,,,24.366870880126953,,22.669849395751953,18.797252655029297,,,,,109.65174865722656,,30.144834518432617
2012-04-27,75.3944091796875,18.907974243164062,,,,,,,24.489604949951172,,22.710844039916992,18.840877532958984,,,,,109.83170318603516,,30.03270149230957
2012-04-30,75.36715698242188,19.06409454345703,,,,,,,24.46128273010254,,22.669849395751953,18.772323608398438,,,,,109.42487335205078,,29.948593139648438
2012-05-01,75.33987426757812,18.907974243164062,,,,,,,24.423519134521484,,22.66164779663086,18.96552848815918,,,,,110.1055679321289,,29.927570343017578
2012-05-02,75.41495513916016,18.916648864746094,,,,,,,24.385753631591797,,22.72724151611328,18.797252655029297,,,,,109.7769546508789,,29.934574127197266
2012-05-03,75.49689483642578,19.402359008789062,,,,,,,24.281904220581055,,22.678050994873047,18.64767837524414,,,,,108.93984985351562,,29.80841827392578
2012-05-04,75.57201385498047,19.558475494384766,,,,,,,24.310224533081055,,22.62065315246582,18.417068481445312,,,,,107.1795883178711,,29.710296630859375
2012-05-07,75.59928131103516,19.567150115966797,,,,,,,24.263023376464844,,22.61246109008789,18.298654556274414,,,,,107.25784301757812,,29.66824722290039
2012-05-08,75.6539535522461,19.905412673950195,,,,,,,24.1874942779541,,22.579662322998047,18.298654556274414,,,,,106.82756805419922,,29.59815216064453
2012-05-09,75.67442321777344,19.775312423706055,,,,,,,24.15917205810547,,22.54686737060547,18.261260986328125,,,,,106.19383239746094,,29.47199821472168
2012-05-10,75.59928131103516,19.818679809570312,,,,,,,24.310224533081055,,22.52227020263672,18.236330032348633,,,,,106.41289520263672,,29.52105712890625
2012-05-11,75.6539535522461,19.801332473754883,,,,,,,24.16861343383789,,22.49767303466797,18.186471939086914,,,,,106.0921401977539,,29.443958282470703
2012-05-14,75.82470703125,19.948780059814453,,,,,,,24.281904220581055,,22.448482513427734,17.980791091918945,,,,,104.91864776611328,,29.443958282470703
2012-05-15,75.78369140625,20.18296241760254,,,,,,,24.14973258972168,,22.42388343811035,17.83744239807129,,,,,104.31624603271484,,29.47199821472168
2012-05-16,75.77002716064453,20.382450103759766,,,,,,,23.97979736328125,,22.382890701293945,17.76266098022461,,,,,103.91725158691406,,29.450969696044922
2012-05-17,75.81786346435547,20.57326316833496,,,,,,,23.583280563354492,,22.300901412963867,17.569446563720703,,,,,102.37606811523438,,29.366867065429688
2012-05-18,75.79736328125,20.61663055419922,,,,,,,23.479434967041016,,22.268104553222656,17.451030731201172,,,,,101.49986267089844,,29.261734008789062
2012-05-21,75.78369140625,20.365102767944336,,,,,,,23.7437744140625,,22.366493225097656,17.451030731201172,,,,,103.24443054199219,,29.415925979614258
2012-05-22,75.59928131103516,20.356430053710938,,,,,,,23.63992691040039,,22.350093841552734,17.451030731201172,,,,,103.4244155883789,,29.310792922973633
2012-05-23,75.68812561035156,20.3737735748291,,,,,,,23.630483627319336,,22.333696365356445,17.30144500732422,,,,,103.47917938232422,,29.26874542236328
2012-05-24,75.62664031982422,20.44316291809082,,,,,,,23.573837280273438,,22.300901412963867,17.56321907043457,,,,,103.68257141113281,,29.2757511138916
2012-05-25,75.7427749633789,20.382450103759766,,,,,,,23.583280563354492,,22.317298889160156,17.569446563720703,,,,,103.34618377685547,,29.331817626953125
2012-05-29,75.70172119140625,20.130918502807617,,,,,,,23.772096633911133,,22.366493225097656,17.569446563720703,,,,,104.59789276123047,,29.443958282470703
2012-05-30,75.95439910888672,20.46918487548828,,,,,,,23.554960250854492,,22.325498580932617,17.394935607910156,,,,,103.08015441894531,,29.366867065429688
2012-05-31,76.17977905273438,20.495201110839844,,,,,,,23.59272003173828,,22.382890701293945,17.394935607910156,,,,,102.85328674316406,,29.177627563476562
2012-06-01,76.3700180053711,20.911529541015625,,,,,,,23.479434967041016,,22.300901412963867,17.2453556060791,,,,,100.26375579833984,,29.310792922973633
2012-06-04,76.1920394897461,21.111013412475586,,,,,,,23.413345336914062,,22.27630615234375,17.214200973510742,,,,,100.21682739257812,,29.142580032348633
2012-06-05,76.03472137451172,20.89417839050293,,,,,,,23.507755279541016,,22.309099197387695,17.232892990112305,,,,,100.97570037841797,,29.13557243347168
2012-06-06,75.80884552001953,20.781423568725586,,,,,,,23.59272003173828,,22.325498580932617,17.53829002380371,,,,,103.24443054199219,,28.841203689575195
2012-06-07,75.9251708984375,20.7120361328125,,,,,,,23.73433494567871,,22.333696365356445,17.53829002380371,,,,,103.30706787109375,,28.82017707824707
2012-06-08,75.89098358154297,20.703367233276367,,,,,,,23.46999168395996,,22.333696365356445,17.58191680908203,,,,,104.12848663330078,,28.904279708862305
2012-06-11,75.95941162109375,21.111013412475586,,,,,,,23.602161407470703,,22.358293533325195,17.58191680908203,,,,,102.80638122558594,,29.016427993774414
2012-06-12,75.8978500366211,20.954891204833984,,,,,,,23.668249130249023,,22.341894149780273,17.4759578704834,,,,,103.98766326904297,,28.995397567749023
2012-06-13,76.09629821777344,21.18907356262207,,,,,,,23.507755279541016,,22.358293533325195,17.4759578704834,,,,,103.32269287109375,,29.04445457458496
2012-06-14,76.04155731201172,21.16305160522461,,,,,,,23.432226181030273,,22.366493225097656,17.594377517700195,,,,,104.41796875,,28.785133361816406
2012-06-15,76.21943664550781,20.850812911987305,,,,,,,23.53607749938965,,22.41568374633789,17.73149299621582,,,,,105.48587036132812,,28.86923599243164
2012-06-18,76.19889831542969,21.015605926513672,,,,,,,23.545516967773438,,22.432085037231445,17.73149299621582,,,,,105.6903305053711,,28.6379451751709
2012-06-19,76.10993957519531,20.7120361328125,,,,,,,23.696571350097656,,22.432085037231445,17.96209716796875,,,,,106.71265411376953,,28.406658172607422
2012-06-20,75.99364471435547,20.677343368530273,,,,,,,23.696571350097656,,22.47307777404785,17.930927276611328,,,,,106.53963470458984,,28.46973419189453
2012-06-21,76.09629821777344,20.807443618774414,,,,,,,23.39446449279785,,22.374692916870117,17.569446563720703,,,,,104.14900970458984,,28.715049743652344
2012-06-22,75.98676300048828,20.89417839050293,,,,,,,23.281171798706055,,22.432085037231445,17.53829002380371,,,,,104.95113372802734,,28.574867248535156
2012-06-25,76.226318359375,21.26713752746582,,,,,,,23.498315811157227,,22.41568374633789,17.376237869262695,,,,,103.26827239990234,,28.399646759033203
2012-06-26,76.14419555664062,21.28447914123535,,,,,,,23.602161407470703,,22.407485961914062,17.432329177856445,,,,,103.78727722167969,,28.2664852142334
2012-06-27,76.17839050292969,21.15437889099121,,,,,,,23.413345336914062,,22.456676483154297,17.631772994995117,,,,,104.72301483154297,,28.210412979125977
2012-06-28,76.26734161376953,21.015605926513672,,,,,,,23.29061508178711,,22.47307777404785,17.544519424438477,,,,,104.4241943359375,,28.31554412841797
2012-06-29,76.16471099853516,20.57326316833496,,,,,,,23.583280563354492,,22.54686737060547,18.044750213623047,,,,,107.0272216796875,,27.859970092773438
2012-07-02,76.31078338623047,20.816118240356445,,,,,,,23.46055030822754,,22.75183868408203,18.044750213623047,,,,,107.34960174560547,,28.007156372070312
2012-07-03,76.25587463378906,20.607959747314453,,,,,,,23.375581741333008,,22.628854751586914,18.402509689331055,,,,,108.05736541748047,,27.979114532470703
2012-07-05,76.4547348022461,20.58193588256836,,,,,,,23.337818145751953,,22.628854751586914,18.346019744873047,,,,,107.56977081298828,,28.322551727294922
2012-07-06,76.50960540771484,20.911529541015625,,,,,,,23.413345336914062,,22.571462631225586,18.346019744873047,,,,,106.5475082397461,,28.413663864135742
2012-07-09,76.66043090820312,20.954891204833984,,,,,,,23.526636123657227,,22.604259490966797,18.120073318481445,,,,,106.41380310058594,,28.56085205078125
2012-07-10,76.69473266601562,21.26713752746582,,,,,,,23.479434967041016,,23.637313842773438,17.919225692749023,,,,,105.48587036132812,,28.448707580566406
2012-07-11,76.68791961669922,21.28447914123535,,,,,,,23.366140365600586,,22.61246109008789,18.069856643676758,,,,,105.5015869140625,,28.322551727294922
2012-07-12,76.82499694824219,21.397233963012695,,,,,,,23.252849578857422,,22.56326675415039,18.069856643676758,,,,,104.99044036865234,,28.518798828125
2012-07-13,76.85244750976562,21.2150936126709,,,,,,,23.32837677001953,,22.637054443359375,18.069856643676758,,,,,106.75194549560547,,28.448707580566406
2012-07-16,76.9141616821289,21.28447914123535,,,,,,,23.29061508178711,,22.678050994873047,18.220489501953125,,,,,106.50029754638672,,28.574867248535156
2012-07-17,76.88671875,21.28447914123535,,,,,,,23.337818145751953,,22.669849395751953,18.35857582092285,,,,,107.23165130615234,,28.574867248535156
2012-07-18,77.0376205444336,20.97224235534668,,,,,,,23.479434967041016,,22.669849395751953,18.377403259277344,,,,,108.0259017944336,,28.77812957763672
2012-07-19,76.97583770751953,20.842138290405273,,,,,,,23.337818145751953,,22.79283332824707,18.471548080444336,,,,,108.30896759033203,,28.82017707824707
2012-07-20,77.08560180664062,21.05030059814453,,,,,,,23.337818145751953,,22.743635177612305,18.320913314819336,,,,,107.31816864013672,,29.079500198364258
2012-07-23,77.1541748046875,21.111013412475586,,,,,,,23.337818145751953,,22.686243057250977,18.1263427734375,,,,,106.23292541503906,,29.037450790405273
2012-07-24,77.25016784667969,21.26713752746582,,,,,,,23.42278480529785,,22.66164779663086,17.931774139404297,,,,,105.32075500488281,,28.94633674621582
2012-07-25,77.2775650024414,21.26713752746582,,,,,,,23.30005645751953,,22.686243057250977,18.076128005981445,,,,,105.34431457519531,,28.981374740600586
2012-07-26,77.22954559326172,21.067646026611328,,,,,,,23.271732330322266,,22.735441207885742,18.164003372192383,,,,,107.08226776123047,,28.83418846130371
2012-07-27,76.9964828491211,20.764080047607422,,,,,,,23.488874435424805,,22.809228897094727,18.333463668823242,,,,,109.05607604980469,,28.86923599243164
2012-07-30,77.12673950195312,20.859485626220703,,,,,,,23.488874435424805,,22.842029571533203,18.333463668823242,,,,,109.05607604980469,,29.030441284179688
2012-07-31,77.20215606689453,20.764080047607422,,,,,,,23.42278480529785,,22.82562828063965,18.484102249145508,,,,,108.29328918457031,,29.009416580200195
2012-08-01,77.11283874511719,20.928871154785156,,,,,,,23.441669464111328,,22.842029571533203,18.465269088745117,,,,,108.1988525390625,,28.98838996887207
2012-08-02,77.12657928466797,21.03295135498047,,,,,,,23.75321388244629,,22.735441207885742,18.302080154418945,,,,,107.45184326171875,,28.91128921508789
2012-08-03,76.94108581542969,20.89417839050293,,,,,,,23.479434967041016,,22.87482261657715,18.622180938720703,,,,,109.58294677734375,,28.967363357543945
2012-08-06,77.05789184570312,20.79877281188965,,,,,,,23.46999168395996,,22.82562828063965,18.659841537475586,,,,,109.7952651977539,,28.9743709564209
2012-08-07,76.85174560546875,20.191635131835938,,,,,,,23.488874435424805,,22.90761947631836,18.741436004638672,,,,,110.34577178955078,,28.967363357543945
2012-08-08,76.755615234375,20.243677139282227,,,,,,,23.696571350097656,,22.883020401000977,18.716327667236328,,,,,110.47944641113281,,29.016427993774414
2012-08-09,76.73497009277344,19.95745277404785,,,,,,,23.668249130249023,,22.932212829589844,18.76026153564453,,,,,110.57381439208984,,29.128564834594727
2012-08-10,76.85865020751953,20.009490966796875,,,,,,,23.668249130249023,,22.87482261657715,18.76026153564453,,,,,110.75464630126953,,29.030441284179688
2012-08-13,76.85174560546875,20.02684211730957,,,,,,,23.602161407470703,,22.842029571533203,18.67867088317871,,,,,110.6996078491211,,28.94633674621582
2012-08-14,76.6731185913086,20.148271560668945,,,,,,,23.573837280273438,,22.87482261657715,18.634735107421875,,,,,110.71536254882812,,28.96034812927246
2012-08-15,76.42581176757812,20.096227645874023,,,,,,,23.59272003173828,,22.842029571533203,18.622180938720703,,,,,110.8411636352539,,28.98838996887207
2012-08-16,76.32959747314453,19.827354431152344,,,,,,,23.583280563354492,,22.8010311126709,18.804201126098633,,,,,111.65899658203125,,28.918298721313477
2012-08-17,76.41897583007812,19.749292373657227,,,,,,,23.507755279541016,,22.842029571533203,18.779096603393555,,,,,111.80843353271484,,28.995397567749023
2012-08-20,76.39143371582031,19.76664161682129,,,,,,,23.507755279541016,,22.81743049621582,18.735157012939453,,,,,111.81627655029297,,29.04445457458496
2012-08-21,76.49449920654297,19.671232223510742,,,,,,,23.573837280273438,,22.924015045166016,18.91717529296875,,,,,111.47811126708984,,29.05146598815918
2012-08-22,76.82429504394531,19.697250366210938,,,,,,,23.545516967773438,,22.899417877197266,18.898347854614258,,,,,111.5252914428711,,29.072492599487305
2012-08-23,76.87921142578125,19.84469985961914,,,,,,,23.517194747924805,,22.87482261657715,18.829307556152344,,,,,110.61311340332031,,28.939327239990234
2012-08-24,76.82429504394531,19.88806915283203,,,,,,,23.517194747924805,,22.883020401000977,18.791643142700195,,,,,111.28154754638672,,28.904279708862305
2012-08-27,76.92733764648438,20.009490966796875,,,,,,,23.526636123657227,,22.973209381103516,18.797924041748047,,,,,111.3051528930664,,28.86223602294922
2012-08-28,76.98917388916016,20.009490966796875,,,,,,,23.602161407470703,,22.956809997558594,18.779096603393555,,,,,111.19502258300781,,28.883256912231445
2012-08-29,76.91362762451172,19.97480010986328,,,,,,,23.64936637878418,,22.940412521362305,18.67867088317871,,,,,111.28154754638672,,29.002410888671875
2012-08-30,76.96170806884766,20.113574981689453,,,,,,,23.64936637878418,,22.90761947631836,18.59708023071289,,,,,110.47944641113281,,28.98838996887207
2012-08-31,77.2021484375,20.02684211730957,,,,,,,23.800418853759766,,22.981407165527344,18.59708023071289,,,,,111.00633239746094,,29.030441284179688
2012-09-04,77.1877212524414,20.148271560668945,,,,,,,23.611602783203125,,22.965011596679688,18.659841537475586,,,,,110.90406799316406,,29.009416580200195
2012-09-05,77.1877212524414,20.148271560668945,,,,,,,23.545516967773438,,22.940412521362305,18.67867088317871,,,,,110.8097152709961,,28.953346252441406
2012-09-06,77.00870513916016,19.827354431152344,,,,,,,23.7437744140625,,22.997804641723633,18.967390060424805,,,,,113.05878448486328,,28.981374740600586
2012-09-07,77.0224609375,19.471744537353516,,,,,,,23.7437744140625,,23.05519676208496,19.237268447875977,,,,,113.49911499023438,,28.981374740600586
2012-09-10,77.03622436523438,19.463069915771484,,,,,,,23.762657165527344,,23.030597686767578,19.2121639251709,,,,,112.85430145263672,,28.848217010498047
2012-09-11,76.94677734375,19.419706344604492,,,,,,,23.762657165527344,,23.05519676208496,19.281208038330078,,,,,113.16886138916016,,28.764108657836914
2012-09-12,76.80215454101562,19.39368438720703,,,,,,,23.772096633911133,,23.030597686767578,19.28748321533203,,,,,113.54632568359375,,28.729063034057617
2012-09-13,76.98116302490234,19.11613655090332,,,,,,,23.762657165527344,,23.104387283325195,19.645233154296875,,,,,115.27642059326172,,28.792139053344727
2012-09-14,76.66455078125,18.79607391357422,,,,,,,23.79098129272461,,23.063392639160156,19.883745193481445,,,,,115.78753662109375,,28.694015502929688
2012-09-17,76.78840637207031,18.978221893310547,,,,,,,23.687129974365234,,23.046998977661133,19.7833251953125,,,,,115.3943099975586,,28.46973419189453
2012-09-18,76.83662414550781,19.25578498840332,,,,,,,23.56439781188965,,23.087995529174805,19.645233154296875,,,,,115.30000305175781,,28.434694290161133
2012-09-19,76.98811340332031,19.099655151367188,,,,,,,23.677688598632812,,23.128984451293945,19.58247947692871,,,,,115.36289978027344,,28.350587844848633
2012-09-20,76.93990325927734,19.29915428161621,,,,,,,23.630483627319336,,23.104387283325195,19.482051849365234,,,,,115.37075805664062,,28.42067527770996
2012-09-21,77.06379699707031,19.39456558227539,,,,,,,23.59272003173828,,23.153581619262695,19.494609832763672,,,,,115.32251739501953,,28.427684783935547
2012-09-24,77.1463851928711,19.472627639770508,,,,,,,23.517194747924805,,23.128984451293945,19.381624221801758,,,,,115.14859771728516,,28.364604949951172
2012-09-25,77.27030944824219,19.923664093017578,,,,,,,23.451108932495117,,23.096189498901367,19.180784225463867,,,,,113.92317199707031,,28.37161636352539
2012-09-26,77.34600830078125,20.105812072753906,,,,,,,23.498315811157227,,23.104387283325195,19.11801528930664,,,,,113.28280639648438,,28.322551727294922
2012-09-27,77.29784393310547,19.862947463989258,,,,,,,23.56439781188965,,23.128984451293945,19.35024642944336,,,,,114.3500747680664,,28.31554412841797
2012-09-28,77.40800476074219,19.9843807220459,,,,,,,23.441669464111328,,23.087995529174805,19.26906394958496,,,,,113.8204574584961,,28.350587844848633
2012-10-01,77.37834167480469,19.9843807220459,,,,,,,23.583280563354492,,23.128984451293945,19.306827545166016,,,,,114.12090301513672,,28.476749420166016
2012-10-02,77.44039916992188,20.04509735107422,,,,,,,23.479434967041016,,23.096189498901367,19.27536392211914,,,,,114.2393798828125,,28.48375129699707
2012-10-03,77.41279602050781,20.06244468688965,,,,,,,23.602161407470703,,23.137187957763672,19.174673080444336,,,,,114.70588684082031,,28.287511825561523
2012-10-04,77.30247497558594,19.914989471435547,,,,,,,23.724891662597656,,23.104387283325195,19.33829116821289,,,,,115.52810668945312,,28.51178741455078
2012-10-05,77.14386749267578,19.941011428833008,,,,,,,23.7437744140625,,23.104387283325195,19.23760414123535,,,,,115.53595733642578,,28.427684783935547
2012-10-08,77.2610855102539,19.845598220825195,,,,,,,23.64936637878418,,23.145383834838867,19.262773513793945,,,,,115.14067840576172,,28.413663864135742
2012-10-09,77.17832946777344,19.932336807250977,,,,,,,23.63992691040039,,23.112586975097656,19.25018882751465,,,,,114.00225830078125,,28.46973419189453
2012-10-10,77.30247497558594,20.079790115356445,,,,,,,23.602161407470703,,23.104387283325195,19.168376922607422,,,,,113.27491760253906,,28.455724716186523
2012-10-11,77.39906311035156,19.845598220825195,,,,,,,23.611602783203125,,23.137187957763672,19.287944793701172,,,,,113.33815002441406,,28.48375129699707
2012-10-12,77.46109771728516,19.923664093017578,,,,,,,23.526636123657227,,23.120790481567383,19.180973052978516,,,,,112.96656799316406,,28.476749420166016
2012-10-15,77.5024185180664,19.90631675720215,,,,,,,23.526636123657227,,23.16178321838379,19.187259674072266,,,,,113.9074478149414,,28.46272850036621
2012-10-16,77.37834167480469,19.81090545654297,,,,,,,23.573837280273438,,23.178176879882812,19.3697509765625,,,,,115.06163024902344,,28.49076271057129
2012-10-17,77.13694763183594,19.646102905273438,,,,,,,23.7437744140625,,23.186378479003906,19.47673797607422,,,,,115.58344268798828,,28.46973419189453
2012-10-18,77.109375,19.698144912719727,,,,,,,23.56439781188965,,23.145383834838867,19.4830322265625,,,,,115.28298950195312,,28.37862777709961
2012-10-19,77.2059326171875,19.845598220825195,,,,,,,23.29061508178711,,23.096189498901367,19.306827545166016,,,,,113.36190032958984,,28.217418670654297
2012-10-22,77.10245513916016,19.81090545654297,,,,,,,23.22452735900879,,23.087995529174805,19.243886947631836,,,,,113.37767791748047,,28.091266632080078
2012-10-23,77.27487182617188,19.914989471435547,,,,,,,23.13011932373047,,23.071592330932617,19.243886947631836,,,,,111.80443572998047,,28.01416778564453
2012-10-24,77.21971130371094,19.958358764648438,,,,,,,23.215085983276367,,23.05519676208496,18.960710525512695,,,,,111.48821258544922,,27.909034729003906
2012-10-25,77.0541763305664,19.967031478881836,,,,,,,23.026268005371094,,23.046998977661133,18.985885620117188,,,,,111.81233215332031,,27.965105056762695
2012-10-26,77.2610855102539,19.958358764648438,,,,,,,22.85633659362793,,23.104387283325195,18.985885620117188,,,,,111.74909210205078,,27.972116470336914
2012-10-31,77.3714828491211,19.854272842407227,,,,,,,23.167882919311523,,23.120790481567383,19.143213272094727,,,,,111.74909210205078,,27.92304801940918
2012-11-01,77.26983642578125,19.862947463989258,,,,,,,23.007389068603516,,23.227371215820312,19.23760414123535,,,,,112.91913604736328,,27.93707275390625
2012-11-02,77.31819915771484,19.8282527923584,,,,,,,23.035709381103516,,23.120790481567383,19.01106071472168,,,,,111.91510772705078,,27.880990982055664
2012-11-05,77.44953918457031,19.732839584350586,,,,,,,23.205646514892578,,23.145383834838867,19.02993392944336,,,,,112.14436340332031,,27.84596061706543
2012-11-06,77.22834014892578,19.62008285522461,,,,,,,23.111236572265625,,23.120790481567383,19.193553924560547,,,,,113.02194213867188,,27.979114532470703
2012-11-07,77.4080810546875,19.862947463989258,,,,,,,22.979066848754883,,23.079795837402344,18.960710525512695,,,,,110.4604263305664,,27.866981506347656
2012-11-08,77.50486755371094,20.05377197265625,,,,,,,23.045150756835938,,23.038799285888672,18.92296028137207,,,,,109.1322250366211,,27.824928283691406
2012-11-09,77.4633560180664,20.097139358520508,,,,,,,23.045150756835938,,23.038799285888672,18.82856559753418,,,,,109.22710418701172,,27.880990982055664
2012-11-12,77.44259643554688,20.05377197265625,,,,,,,23.111236572265625,,23.030597686767578,18.847442626953125,,,,,109.3140869140625,,27.95809555053711
2012-11-13,77.58085632324219,20.03642463684082,,,,,,,23.111236572265625,,23.014202117919922,18.753049850463867,,,,,108.93460845947266,,28.035192489624023
2012-11-14,77.60157012939453,20.03642463684082,,,,,,,23.167882919311523,,22.973209381103516,18.526504516601562,,,,,107.46409606933594,,28.05621910095215
2012-11-15,77.52557373046875,20.1231632232666,,,,,,,23.026268005371094,,23.030597686767578,18.469860076904297,,,,,107.28226470947266,,28.084253311157227
2012-11-16,77.55320739746094,20.209897994995117,,,,,,,23.139558792114258,,22.981407165527344,18.50762176513672,,,,,107.81197357177734,,28.147329330444336
2012-11-19,77.60851287841797,20.079790115356445,,,,,,,23.196203231811523,,23.063392639160156,18.803388595581055,,,,,109.99398803710938,,28.098270416259766
2012-11-20,77.4633560180664,20.079790115356445,,,,,,,23.196203231811523,,23.014202117919922,18.77822494506836,,,,,110.04141998291016,,28.161346435546875
2012-11-21,77.33200073242188,20.079790115356445,,,,,,,23.30949592590332,,23.030597686767578,18.815980911254883,,,,,110.24697875976562,,28.294513702392578
2012-11-23,77.38038635253906,19.932336807250977,,,,,,,23.215085983276367,,23.038799285888672,18.878908157348633,,,,,111.74909210205078,,28.385631561279297
2012-11-26,77.4080810546875,19.923664093017578,,,,,,,23.271732330322266,,23.05519676208496,19.01106071472168,,,,,111.5119400024414,,28.23143768310547
2012-11-27,77.51172637939453,19.90631675720215,,,,,,,23.366140365600586,,23.087995529174805,18.910367965698242,,,,,110.94270324707031,,28.17536735534668
2012-11-28,77.52557373046875,20.00172996520996,,,,,,,23.262290954589844,,23.087995529174805,18.97330093383789,,,,,111.83606719970703,,28.147329330444336
2012-11-29,77.62230682373047,20.00172996520996,,,,,,,23.23396873474121,,23.137187957763672,19.130630493164062,,,,,112.35782623291016,,28.028179168701172
2012-11-30,77.58085632324219,19.83692741394043,,,,,,,23.262290954589844,,23.16178321838379,19.118040084838867,,,,,112.3815689086914,,28.042198181152344
2012-12-03,77.59199523925781,19.81090545654297,,,,,,,23.196203231811523,,23.079795837402344,19.06769371032715,,,,,111.82817840576172,,28.035192489624023
2012-12-04,77.64060974121094,19.80223274230957,,,,,,,23.082914352416992,,23.104387283325195,19.061403274536133,,,,,111.6700210571289,,27.972116470336914
2012-12-05,77.71017456054688,19.706817626953125,,,,,,,23.06403350830078,,23.128984451293945,19.04881477355957,,,,,111.86766815185547,,27.944074630737305
2012-12-06,77.70320892333984,19.75018882751465,,,,,,,23.215085983276367,,23.137187957763672,19.061403274536133,,,,,112.2471694946289,,27.8109130859375
2012-12-07,77.63371276855469,19.646102905273438,,,,,,,22.969627380371094,,23.096189498901367,19.136919021606445,,,,,112.58712768554688,,27.76885414123535
2012-12-10,77.6475601196289,19.611406326293945,,,,,,,23.451108932495117,,23.120790481567383,19.21243667602539,,,,,112.63455963134766,,27.78988265991211
2012-12-11,77.61980438232422,19.611406326293945,,,,,,,23.30949592590332,,23.096189498901367,19.199846267700195,,,,,113.40135955810547,,27.838947296142578
2012-12-12,77.4041976928711,19.29915428161621,,,,,,,23.337818145751953,,23.046998977661133,19.262773513793945,,,,,113.45673370361328,,27.979114532470703
2012-12-13,77.2790756225586,19.385889053344727,,,,,,,23.498315811157227,,23.022401809692383,19.130630493164062,,,,,112.76103210449219,,27.895017623901367
2012-12-14,77.41816711425781,19.39456558227539,,,,,,,23.479434967041016,,23.014202117919922,19.20613670349121,,,,,112.34205627441406,,27.972116470336914
2012-12-17,77.23046875,19.24711036682129,,,,,,,23.39446449279785,,23.022401809692383,19.25018882751465,,,,,113.66234588623047,,27.944074630737305
2012-12-18,77.04967498779297,18.96087646484375,,,,,,,23.46999168395996,,23.014202117919922,19.32571029663086,,,,,114.92725372314453,,28.007156372070312
2012-12-19,77.18180084228516,18.96087646484375,,,,,,,23.53607749938965,,23.112586975097656,19.363462448120117,,,,,114.0733871459961,,28.11929702758789
2012-12-20,77.18870544433594,18.908830642700195,,,,,,,23.441669464111328,,23.022401809692383,19.401220321655273,,,,,114.72957611083984,,28.147329330444336
2012-12-21,77.25827026367188,18.908830642700195,,,,,,,23.507755279541016,,23.087995529174805,19.319416046142578,,,,,113.68817138671875,,28.042198181152344
2012-12-24,77.26518249511719,18.908830642700195,,,,,,,23.356698989868164,,23.00600242614746,19.27536392211914,,,,,113.33785247802734,,28.01416778564453
2012-12-26,77.36968994140625,19.00424575805664,,,,,,,23.38502311706543,,23.014202117919922,19.32571029663086,,,,,112.8601303100586,,28.2664852142334
2012-12-27,77.41149139404297,18.90015983581543,,,,,,,23.450294494628906,,23.038244247436523,19.370798110961914,,,,,112.70887756347656,,28.280498504638672
2012-12-28,77.52997589111328,19.11700439453125,,,,,,,23.43137550354004,,23.063112258911133,19.243778228759766,,,,,111.49069213867188,,28.273488998413086
2012-12-31,77.39065551757812,19.11700439453125,,,,,,,23.800296783447266,,23.054824829101562,19.459716796875,,,,,113.38565826416016,,28.245452880859375
2013-01-02,77.3000259399414,18.535860061645508,,,,,,,23.667863845825195,,23.187463760375977,19.6820011138916,,,,,116.29168701171875,,28.413663864135742
2013-01-03,77.10497283935547,18.48381996154785,,,,,,,23.648944854736328,,23.137727737426758,19.523223876953125,,,,,116.02893829345703,,28.48375129699707
2013-01-04,77.1885757446289,18.60525131225586,,,,,,,23.70570182800293,,23.16259765625,19.599435806274414,,,,,116.53849029541016,,28.476749420166016
2013-01-07,77.146728515625,18.440446853637695,,,,,,,23.686782836914062,,23.129432678222656,19.580379486083984,,,,,116.22004699707031,,28.448707580566406
2013-01-08,77.21641540527344,18.509838104248047,,,,,,,23.59218978881836,,23.087984085083008,19.51052474975586,,,,,115.88560485839844,,28.427684783935547
2013-01-09,77.16069793701172,18.509838104248047,,,,,,,23.648944854736328,,23.154306411743164,19.554983139038086,,,,,116.1801986694336,,28.448707580566406
2013-01-10,77.15375518798828,18.509838104248047,,,,,,,23.838138580322266,,23.187463760375977,19.6947078704834,,,,,117.10383605957031,,28.504779815673828
2013-01-11,77.23037719726562,18.509838104248047,,,,,,,23.838138580322266,,23.129432678222656,19.643888473510742,,,,,117.09590911865234,,28.476749420166016
2013-01-14,77.3000259399414,18.60525131225586,,,,,,,23.648944854736328,,23.21233558654785,19.720111846923828,,,,,117.01624298095703,,28.37161636352539
2013-01-15,77.3209457397461,18.60525131225586,,,,,,,23.47867202758789,,23.146015167236328,19.6820011138916,,,,,117.09590911865234,,28.217418670654297
2013-01-16,77.3627700805664,18.60525131225586,,,,,,,23.35569953918457,,23.154306411743164,19.637544631958008,,,,,117.07994842529297,,28.189390182495117
2013-01-17,77.19551849365234,18.475143432617188,,,,,,,23.620563507080078,,23.17088508605957,19.713764190673828,,,,,117.83634948730469,,28.301523208618164
2013-01-18,77.28604888916016,18.457796096801758,,,,,,,23.573270797729492,,23.245494842529297,19.732810974121094,,,,,118.09903717041016,,28.301523208618164
2013-01-22,77.24430084228516,18.345035552978516,,,,,,,23.686782836914062,,23.228918075561523,19.809019088745117,,,,,118.7360610961914,,28.280498504638672
2013-01-23,77.3279037475586,18.345035552978516,,,,,,,23.63948631286621,,23.187463760375977,19.770912170410156,,,,,118.92711639404297,,28.294513702392578
2013-01-24,77.2233657836914,18.275646209716797,,,,,,,23.677322387695312,,23.179174423217773,19.777271270751953,,,,,118.958984375,,28.525815963745117
2013-01-25,77.0352783203125,18.275646209716797,,,,,,,23.686782836914062,,23.179174423217773,19.79631996154785,,,,,119.62776947021484,,28.532814025878906
2013-01-28,76.92383575439453,18.15421485900879,,,,,,,23.753000259399414,,23.121143341064453,19.707414627075195,,,,,119.48445892333984,,28.56085205078125
2013-01-29,76.8750228881836,18.223604202270508,,,,,,,23.734081268310547,,23.17088508605957,19.821725845336914,,,,,119.95417785644531,,28.67999839782715
2013-01-30,76.84024810791016,18.223604202270508,,,,,,,23.715164184570312,,23.121143341064453,19.770912170410156,,,,,119.48445892333984,,28.70102882385254
2013-01-31,76.90983581542969,18.223604202270508,,,,,,,23.753000259399414,,23.187463760375977,19.758209228515625,,,,,119.18984985351562,,28.75008773803711
2013-02-01,76.74302673339844,18.214929580688477,,,,,,,23.78137969970703,,23.179174423217773,19.872533798217773,,,,,120.41596984863281,,28.806154251098633
2013-02-04,76.95941925048828,18.214929580688477,,,,,,,23.762460708618164,,23.17088508605957,19.732810974121094,,,,,119.06244659423828,,28.687007904052734
2013-02-05,76.79882049560547,18.214929580688477,,,,,,,23.828676223754883,,23.154306411743164,19.777271270751953,,,,,120.26476287841797,,28.806154251098633
2013-02-06,76.93150329589844,18.232276916503906,,,,,,,23.885435104370117,,23.179174423217773,19.777271270751953,,,,,120.35230255126953,,28.841203689575195
2013-02-07,76.95941925048828,18.232276916503906,,,,,,,23.753000259399414,,23.154306411743164,19.669292449951172,,,,,120.19306182861328,,28.81316375732422
2013-02-08,76.98033905029297,18.310340881347656,,,,,,,23.885435104370117,,23.195756912231445,19.73916244506836,,,,,120.8618392944336,,28.86223602294922
2013-02-11,76.90357971191406,18.310340881347656,,,,,,,23.800296783447266,,23.179174423217773,19.6820011138916,,,,,120.83798217773438,,28.981374740600586
2013-02-12,76.8896484375,18.206254959106445,,,,,,,24.01786994934082,,23.179174423217773,19.726455688476562,,,,,121.03703308105469,,29.11454963684082
2013-02-13,76.81287384033203,18.206254959106445,,,,,,,23.923274993896484,,23.187463760375977,19.73916244506836,,,,,121.14049530029297,,29.072492599487305
2013-02-14,76.9524154663086,18.206254959106445,,,,,,,23.970569610595703,,23.17088508605957,19.713764190673828,,,,,121.25198364257812,,29.14959144592285
2013-02-15,76.95941925048828,18.110843658447266,,,,,,,24.121923446655273,,23.228918075561523,19.599435806274414,,,,,121.10871124267578,,29.14959144592285
2013-02-19,76.86869049072266,18.110843658447266,,,,,,,24.15030288696289,,23.245494842529297,19.643888473510742,,,,,122.01630401611328,,29.13557243347168
2013-02-20,76.91758728027344,18.310340881347656,,,,,,,24.01786994934082,,23.129432678222656,19.351741790771484,,,,,120.49565124511719,,29.016427993774414
2013-02-21,76.95941925048828,18.665964126586914,,,,,,,23.904356002807617,,23.079696655273438,19.16756248474121,,,,,119.76313018798828,,28.89026641845703
2013-02-22,77.0013198852539,18.665964126586914,,,,,,,23.904356002807617,,23.146015167236328,19.294588088989258,,,,,120.93354797363281,,28.918298721313477
2013-02-25,77.29447937011719,18.596576690673828,,,,,,,23.857053756713867,,23.054824829101562,19.09769630432129,,,,,118.63252258300781,,28.729063034057617
2013-02-26,77.27351379394531,18.943527221679688,,,,,,,23.96111297607422,,23.11285400390625,19.135807037353516,,,,,119.4446792602539,,28.708032608032227
2013-02-27,77.29447937011719,18.85679054260254,,,,,,,23.99894905090332,,23.16259765625,19.294588088989258,,,,,120.94943237304688,,28.764108657836914
2013-02-28,77.36431121826172,18.839441299438477,,,,,,,23.96111297607422,,23.179174423217773,19.25012969970703,,,,,120.71055603027344,,28.694015502929688
2013-03-01,77.39156341552734,18.839441299438477,,,,,,,23.875974655151367,,23.195756912231445,19.19296646118164,,,,,121.10871124267578,,28.74307632446289
2013-03-04,77.3355941772461,18.839441299438477,,,,,,,24.00840950012207,,23.179174423217773,19.14215660095215,,,,,121.75358581542969,,28.67999839782715
2013-03-05,77.272705078125,18.65729331970215,,,,,,,24.055706024169922,,23.27036476135254,19.256479263305664,,,,,122.84437561035156,,28.73607635498047
2013-03-06,77.1887435913086,18.535860061645508,,,,,,,24.027328491210938,,23.228918075561523,19.275527954101562,,,,,123.01154327392578,,28.806154251098633
2013-03-07,77.02790832519531,18.362384796142578,,,,,,,23.99894905090332,,23.228918075561523,19.288230895996094,,,,,123.23445892333984,,28.77812957763672
2013-03-08,76.8041000366211,18.362384796142578,,,,,,,24.10300636291504,,23.220632553100586,19.326337814331055,,,,,123.76000213623047,,28.86923599243164
2013-03-11,76.84607696533203,18.414426803588867,,,,,,,24.10300636291504,,23.295236587524414,19.34539222717285,,,,,124.22972106933594,,28.79915428161621
2013-03-12,76.98595428466797,18.345035552978516,,,,,,,24.093544006347656,,23.28694725036621,19.358089447021484,,,,,123.95110321044922,,28.757099151611328
2013-03-13,76.92298889160156,18.4231014251709,,,,,,,24.140844345092773,,23.278657913208008,19.269182205200195,,,,,124.12625885009766,,28.83418846130371
2013-03-14,77.00692749023438,18.310340881347656,,,,,,,24.178680419921875,,23.27036476135254,19.402551651000977,,,,,124.78704071044922,,28.764108657836914
2013-03-15,77.07684326171875,18.353710174560547,,,,,,,24.06516456604004,,23.32839584350586,19.370798110961914,,,,,124.62232971191406,,28.771114349365234
2013-03-18,77.14678955078125,18.43177604675293,,,,,,,24.06516456604004,,23.278657913208008,19.262826919555664,,,,,123.93457794189453,,28.8552188873291
2013-03-19,77.25870513916016,18.735355377197266,,,,,,,24.112464904785156,,23.253787994384766,19.16121482849121,,,,,123.64666748046875,,28.771114349365234
2013-03-20,77.17481231689453,18.553205490112305,,,,,,,24.339492797851562,,23.253787994384766,19.21837043762207,,,,,124.51036071777344,,28.757099151611328
2013-03-21,77.1887435913086,18.700660705566406,,,,,,,24.093544006347656,,23.21233558654785,19.135807037353516,,,,,123.44674682617188,,28.6379451751709
2013-03-22,77.21676635742188,18.665964126586914,,,,,,,24.178680419921875,,23.27036476135254,19.2247257232666,,,,,124.43846130371094,,28.651966094970703
2013-03-25,77.1887435913086,18.71800994873047,,,,,,,24.06516456604004,,23.220632553100586,19.16121482849121,,,,,123.9185791015625,,28.70102882385254
2013-03-26,77.2796859741211,18.700660705566406,,,,,,,24.38679313659668,,23.320104598999023,19.262826919555664,,,,,124.91021728515625,,28.771114349365234
2013-03-27,77.44049835205078,18.700660705566406,,,,,,,24.320575714111328,,23.27036476135254,19.300935745239258,,,,,124.91021728515625,,28.771114349365234
2013-03-28,77.44049835205078,18.700660705566406,,,,,,,24.23543930053711,,23.3532657623291,19.28631591796875,,,,,125.29410552978516,,28.94633674621582
2013-04-01,77.5106201171875,19.01291847229004,,,,,,,24.263818740844727,,23.228918075561523,19.190961837768555,,,,,124.79828643798828,,29.02342987060547
2013-04-02,77.42652893066406,19.12567710876465,,,,,,,24.273277282714844,,23.220632553100586,19.159181594848633,,,,,125.41401672363281,,29.05146598815918
2013-04-03,77.5106201171875,19.12567710876465,,,,,,,24.06516456604004,,23.195756912231445,18.97483253479004,,,,,124.14250946044922,,28.89026641845703
2013-04-04,77.72798156738281,19.12567710876465,,,,,,,24.140844345092773,,23.253787994384766,19.10196876525879,,,,,124.6463394165039,,28.981374740600586
2013-04-05,77.95223236083984,19.333847045898438,,,,,,,24.084087371826172,,23.253787994384766,19.159181594848633,,,,,124.0865249633789,,29.072492599487305
2013-04-08,77.81906127929688,19.186391830444336,,,,,,,24.169221878051758,,23.278657913208008,19.20368003845215,,,,,124.9262466430664,,29.10053062438965
2013-04-09,77.84711456298828,19.186391830444336,,,,,,,24.263818740844727,,23.245494842529297,19.356239318847656,,,,,125.35804748535156,,28.967363357543945
2013-04-10,77.68589782714844,18.839441299438477,,,,,,,24.348953247070312,,23.411296844482422,19.3244571685791,,,,,126.89358520507812,,29.079500198364258
2013-04-11,77.69990539550781,18.77872657775879,,,,,,,24.06516456604004,,23.419591903686523,19.368953704833984,,,,,127.30948638916016,,28.9743709564209
2013-04-12,77.95223236083984,18.77872657775879,,,,,,,24.169221878051758,,23.49420166015625,19.222747802734375,,,,,126.9975357055664,,28.98838996887207
2013-04-15,77.98733520507812,19.368541717529297,,,,,,,24.01786994934082,,23.378137588500977,18.701494216918945,,,,,124.05451202392578,,29.128564834594727
2013-04-16,77.98733520507812,19.368541717529297,,,,,,,24.216520309448242,,23.378137588500977,18.88584327697754,,,,,125.88591003417969,,29.016427993774414
2013-04-17,77.98733520507812,19.368541717529297,,,,,,,24.121923446655273,,23.26207733154297,18.63793182373047,,,,,124.04655456542969,,29.030441284179688
2013-04-18,77.97331237792969,19.49864959716797,,,,,,,24.074626922607422,,23.220632553100586,18.63793182373047,,,,,123.27078247070312,,29.11454963684082
2013-04-19,77.98030853271484,19.49864959716797,,,,,,,24.30165672302246,,23.320104598999023,18.733278274536133,,,,,124.3423843383789,,29.177627563476562
2013-04-22,78.07843780517578,19.62008285522461,,,,,,,24.074626922607422,,23.32839584350586,18.79684829711914,,,,,124.89421081542969,,29.226682662963867
2013-04-23,78.0434341430664,19.429256439208984,,,,,,,24.330036163330078,,23.45275115966797,18.828628540039062,,,,,126.18184661865234,,29.289764404296875
2013-04-24,78.02935028076172,19.446605682373047,,,,,,,24.188140869140625,,23.45275115966797,19.0701904296875,,,,,126.26179504394531,,29.289764404296875
2013-04-25,77.99433135986328,19.27313232421875,,,,,,,24.207059860229492,,23.49420166015625,19.171892166137695,,,,,126.77367401123047,,29.191640853881836
2013-04-26,78.15555572509766,19.090980529785156,,,,,,,24.188140869140625,,23.502490997314453,19.09561538696289,,,,,126.54967498779297,,29.226682662963867
2013-04-29,78.20462036132812,19.090980529785156,,,,,,,24.188140869140625,,23.56881332397461,19.27996063232422,,,,,127.39740753173828,,29.128564834594727
2013-04-30,78.19062042236328,19.01291847229004,,,,,,,24.06516456604004,,23.577102661132812,19.31810188293457,,,,,127.70130920410156,,29.016427993774414
2013-05-01,78.22711181640625,19.42058563232422,,,,,,,24.22597885131836,,23.510778427124023,19.178253173828125,,,,,126.5816879272461,,29.198650360107422
2013-05-02,78.23414611816406,19.12567710876465,,,,,,,24.348953247070312,,23.601970672607422,19.24817657470703,,,,,127.75733184814453,,28.981374740600586
2013-05-03,77.94623565673828,18.95220184326172,,,,,,,24.41516876220703,,23.577102661132812,19.413450241088867,,,,,129.0528564453125,,28.87624740600586
2013-05-06,77.81980895996094,18.95220184326172,,,,,,,24.330036163330078,,23.651714324951172,19.438880920410156,,,,,129.3806915283203,,28.96034812927246
2013-05-07,77.77767181396484,18.665964126586914,,,,,,,24.30165672302246,,23.668291091918945,19.41980743408203,,,,,130.03656005859375,,28.91128921508789
2013-05-08,77.84790802001953,18.735355377197266,,,,,,,24.38679313659668,,23.701454162597656,19.578725814819336,,,,,130.62832641601562,,28.932315826416016
2013-05-09,77.74254608154297,18.68331527709961,,,,,,,24.282737731933594,,23.668291091918945,19.47066307067871,,,,,130.2604522705078,,28.827186584472656
2013-05-10,77.58806610107422,18.553205490112305,,,,,,,24.178680419921875,,23.676584243774414,19.41980743408203,,,,,130.68434143066406,,28.87624740600586
2013-05-13,77.51783752441406,18.587900161743164,,,,,,,24.140844345092773,,24.30663299560547,19.330810546875,,,,,130.7882843017578,,28.785133361816406
2013-05-14,77.33526611328125,18.475143432617188,,,,,,,24.169221878051758,,23.651714324951172,19.299028396606445,,,,,132.1398162841797,,28.87624740600586
2013-05-15,77.44757080078125,18.65729331970215,,,,,,,24.15976333618164,,23.792646408081055,19.235456466674805,,,,,132.8515625,,29.009416580200195
2013-05-16,77.65825653076172,18.65729331970215,,,,,,,24.131385803222656,,23.676584243774414,19.159181594848633,,,,,132.22781372070312,,28.932315826416016
2013-05-17,77.46867370605469,18.44912338256836,,,,,,,24.15030288696289,,23.75119400024414,19.241819381713867,,,,,133.5073699951172,,28.939327239990234
2013-05-20,77.391357421875,18.44912338256836,,,,,,,24.074626922607422,,23.90870475769043,19.349885940551758,,,,,133.4993438720703,,28.86923599243164
2013-05-21,77.45460510253906,18.197582244873047,,,,,,,24.244897842407227,,23.792646408081055,19.381662368774414,,,,,133.69129943847656,,28.96034812927246
2013-05-22,77.19476318359375,18.284320831298828,,,,,,,24.216520309448242,,23.660001754760742,19.0765438079834,,,,,132.69960021972656,,28.82017707824707
2013-05-23,77.16666412353516,18.475143432617188,,,,,,,24.320575714111328,,23.610261917114258,19.051111221313477,,,,,132.31581115722656,,28.83418846130371
2013-05-24,77.16666412353516,18.38840675354004,,,,,,,24.37733268737793,,23.577102661132812,18.95577049255371,,,,,132.20379638671875,,28.86923599243164
2013-05-28,76.68911743164062,18.38840675354004,,,,,,,24.44355010986328,,23.56881332397461,18.93034553527832,,,,,132.9955596923828,,28.72205352783203
2013-05-29,76.79450988769531,18.067474365234375,,,,,,,24.35841178894043,,23.510778427124023,18.879487991333008,,,,,132.13182067871094,,28.70102882385254
2013-05-30,76.77342987060547,18.665964126586914,,,,,,,24.57598304748535,,23.56881332397461,18.866769790649414,,,,,132.6196746826172,,28.715049743652344
2013-05-31,76.62590789794922,18.04145622253418,,,,,,,24.53814697265625,,23.59368133544922,18.612503051757812,,,,,130.7162628173828,,28.602907180786133
2013-06-03,76.66461181640625,18.1021728515625,,,,,,,24.53814697265625,,23.42788314819336,18.70785140991211,,,,,131.4360809326172,,28.35759735107422
2013-06-04,76.49579620361328,18.006759643554688,,,,,,,24.4719295501709,,23.369848251342773,18.70785140991211,,,,,130.80426025390625,,28.434694290161133
2013-06-05,76.45352172851562,18.223604202270508,,,,,,,24.42462921142578,,23.237205505371094,18.485368728637695,,,,,128.97286987304688,,28.37862777709961
2013-06-06,76.65057373046875,18.197582244873047,,,,,,,24.717876434326172,,23.26207733154297,18.574363708496094,,,,,130.1405029296875,,28.217418670654297
2013-06-07,76.411376953125,18.214929580688477,,,,,,,24.55706214904785,,23.33669090270996,18.555295944213867,,,,,131.79595947265625,,28.385631561279297
2013-06-10,76.25650787353516,18.18890953063965,,,,,,,24.566524505615234,,23.295236587524414,18.491724014282227,,,,,131.79595947265625,,28.455724716186523
2013-06-11,76.26360321044922,18.258298873901367,,,,,,,24.623279571533203,,23.187463760375977,18.231103897094727,,,,,130.43641662597656,,28.343582153320312
2013-06-12,76.13697814941406,18.249624252319336,,,,,,,24.68004035949707,,23.104564666748047,18.154815673828125,,,,,129.35675048828125,,28.392641067504883
2013-06-13,76.50987243652344,18.284320831298828,,,,,,,24.727336883544922,,23.228918075561523,18.415447235107422,,,,,131.3240966796875,,28.322551727294922
2013-06-14,76.53092956542969,18.258298873901367,,,,,,,24.746257781982422,,23.21233558654785,18.37095069885254,,,,,130.50033569335938,,28.322551727294922
2013-06-17,76.47467803955078,18.214929580688477,,,,,,,24.73679542541504,,23.27036476135254,18.421798706054688,,,,,131.50802612304688,,28.252466201782227
2013-06-18,76.44651794433594,18.214929580688477,,,,,,,24.698957443237305,,23.32839584350586,18.491724014282227,,,,,132.54763793945312,,28.343582153320312
2013-06-19,75.93292999267578,17.946043014526367,,,,,,,24.746257781982422,,23.792646408081055,18.269235610961914,,,,,130.7162628173828,,28.455724716186523
2013-06-20,75.42640686035156,18.18890953063965,,,,,,,24.623279571533203,,22.797832489013672,17.58907127380371,,,,,127.47736358642578,,28.83418846130371
2013-06-21,75.00426483154297,18.17156219482422,,,,,,,24.73679542541504,,22.723217010498047,17.633563995361328,,,,,127.8866195678711,,28.94633674621582
2013-06-24,74.70172119140625,18.475143432617188,,,,,,,24.765174865722656,,22.557415008544922,17.392013549804688,,,,,126.27059936523438,,29.065486907958984
2013-06-25,74.78618621826172,18.475143432617188,,,,,,,24.765174865722656,,22.681772232055664,17.506433486938477,,,,,127.48466491699219,,29.065486907958984
2013-06-26,75.102783203125,18.475143432617188,,,,,,,24.746257781982422,,22.830989837646484,17.557283401489258,,,,,128.74684143066406,,29.205659866333008
2013-06-27,75.41938781738281,18.16288948059082,,,,,,,24.73679542541504,,22.955341339111328,17.71620750427246,,,,,129.5026092529297,,29.254722595214844
2013-06-28,75.42640686035156,18.16288948059082,,,,,,,24.708417892456055,,22.93876075744629,17.872142791748047,,,,,128.9719696044922,,29.34583854675293
2013-07-01,75.53069305419922,18.16288948059082,,,,,,,24.68950080871582,,23.01337432861328,17.763050079345703,,,,,129.7277069091797,,29.352846145629883
2013-07-02,75.53069305419922,18.16288948059082,,,,,,,24.708417892456055,,22.996789932250977,17.827226638793945,,,,,129.6071014404297,,29.464981079101562
2013-07-03,75.42496490478516,18.249624252319336,,,,,,,24.746257781982422,,22.996789932250977,17.820802688598633,,,,,129.66336059570312,,29.48600959777832
2013-07-05,74.60033416748047,18.249624252319336,,,,,,,24.67057991027832,,22.94705581665039,17.73095703125,,,,,131.06224060058594,,29.91354751586914
2013-07-08,74.98799133300781,18.084823608398438,,,,,,,24.642200469970703,,23.021663665771484,17.807966232299805,,,,,131.8099365234375,,29.724308013916016
2013-07-09,75.06551361083984,18.084823608398438,,,,,,,24.727336883544922,,23.096277236938477,17.96840476989746,,,,,132.75869750976562,,29.752351760864258
2013-07-10,74.86817169189453,17.946043014526367,,,,,,,24.68950080871582,,23.07140350341797,17.961990356445312,,,,,132.80686950683594,,29.731319427490234
2013-07-11,75.36861419677734,17.885330200195312,,,,,,,24.79355239868164,,23.27036476135254,18.334190368652344,,,,,134.61570739746094,,29.415925979614258
2013-07-12,75.28401184082031,17.841957092285156,,,,,,,24.79355239868164,,23.26207733154297,18.282848358154297,,,,,134.6720428466797,,29.626188278198242
2013-07-15,75.44612884521484,17.841957092285156,,,,,,,24.784093856811523,,23.32839584350586,18.340604782104492,,,,,135.1865692138672,,29.654226303100586
2013-07-16,75.56591796875,17.911348342895508,,,,,,,24.82193374633789,,23.320104598999023,18.347026824951172,,,,,134.68008422851562,,29.48600959777832
2013-07-17,75.72805786132812,17.893999099731445,,,,,,,24.784093856811523,,23.36155891418457,18.417612075805664,,,,,135.0258026123047,,29.605165481567383
2013-07-18,75.58708953857422,17.893999099731445,,,,,,,24.916526794433594,,23.38642692565918,18.43686294555664,,,,,135.76547241210938,,29.633195877075195
2013-07-19,75.78443908691406,17.73787498474121,,,,,,,24.925989151000977,,23.419591903686523,18.526710510253906,,,,,136.0066375732422,,29.57712745666504
2013-07-22,75.88313293457031,17.711851119995117,,,,,,,24.916526794433594,,23.45275115966797,18.648635864257812,,,,,136.27198791503906,,29.3948974609375
2013-07-23,75.8408203125,17.711851119995117,,,,,,,24.73679542541504,,23.436168670654297,18.699970245361328,,,,,135.9824981689453,,29.422935485839844
2013-07-24,75.59416198730469,17.711851119995117,,,,,,,24.73679542541504,,23.378137588500977,18.456119537353516,,,,,135.48406982421875,,29.549089431762695
2013-07-25,75.62236785888672,17.73787498474121,,,,,,,24.925989151000977,,23.419591903686523,18.507455825805664,,,,,135.8136749267578,,29.514053344726562
2013-07-26,75.60118865966797,17.772567749023438,,,,,,,25.001663208007812,,23.411296844482422,18.494617462158203,,,,,135.95840454101562,,29.528064727783203
2013-07-29,75.60118865966797,17.824609756469727,,,,,,,25.067882537841797,,23.3532657623291,18.430450439453125,,,,,135.5403594970703,,29.633195877075195
2013-07-30,75.57300567626953,17.685829162597656,,,,,,,25.04896354675293,,23.36155891418457,18.231517791748047,,,,,135.5403594970703,,29.605165481567383
2013-07-31,75.6294174194336,17.685829162597656,,,,,,,25.04896354675293,,23.39472007751465,18.160921096801758,,,,,135.63681030273438,,29.59815216064453
2013-08-01,75.20214080810547,17.373573303222656,,,,,,,24.935447692871094,,23.485912322998047,18.193010330200195,,,,,137.20455932617188,,29.857479095458984
2013-08-02,75.45639038085938,17.547048568725586,,,39.74818801879883,,,,25.077341079711914,,23.49420166015625,18.15450668334961,,,,,137.4376678466797,,29.815427780151367
2013-08-05,75.4917221069336,17.547048568725586,,,39.70054244995117,,,,25.11517906188965,,23.502490997314453,18.160921096801758,,,,,137.23672485351562,,29.815427780151367
2013-08-06,75.41400909423828,17.4776611328125,,,39.605262756347656,,,,24.916526794433594,,23.469324111938477,18.013328552246094,,,,,136.4568634033203,,29.79439926147461
2013-08-07,75.51289367675781,17.599092483520508,,,39.40675735473633,,,,24.888151168823242,,23.45275115966797,18.006906509399414,,,,,136.0147247314453,,29.710296630859375
2013-08-08,75.61881256103516,17.599092483520508,,,39.240020751953125,,,,25.228694915771484,,23.519071578979492,18.250761032104492,,,,,136.5131378173828,,29.535078048706055
2013-08-09,75.66825103759766,17.486331939697266,,,39.327354431152344,,,,24.963825225830078,,23.527359008789062,18.347026824951172,,,,,136.11923217773438,,29.57712745666504
2013-08-12,75.61881256103516,17.486331939697266,,,39.28765869140625,,,,24.840852737426758,,23.519071578979492,18.36626625061035,,,,,135.95840454101562,,29.48600959777832
2013-08-13,75.31511688232422,17.486331939697266,,,39.48616409301758,,,,24.82193374633789,,23.485912322998047,18.289268493652344,,,,,136.3603973388672,,29.64021110534668
2013-08-14,75.21626281738281,17.486331939697266,,,39.52586364746094,,,,24.859773635864258,,23.49420166015625,18.353439331054688,,,,,135.66094970703125,,29.61216926574707
2013-08-15,74.94790649414062,17.486331939697266,,,39.375003814697266,,,,24.61382293701172,,23.378137588500977,18.289268493652344,,,,,133.7635955810547,,29.47199821472168
2013-08-16,74.736083984375,17.434289932250977,,,39.30353927612305,,,,24.46247100830078,,23.344982147216797,18.19942283630371,,,,,133.32142639160156,,29.549089431762695
2013-08-19,74.50302124023438,17.434289932250977,,,39.30353927612305,,,,24.661121368408203,,23.26207733154297,18.013328552246094,,,,,132.4691619873047,,29.422935485839844
2013-08-20,74.72193145751953,17.434289932250977,,,39.12885665893555,,,,24.68004035949707,,23.27036476135254,18.090328216552734,,,,,133.120361328125,,29.479001998901367
2013-08-21,74.44652557373047,17.434289932250977,,,38.970062255859375,,,,24.727336883544922,,23.154306411743164,17.884977340698242,,,,,132.30039978027344,,29.408918380737305
2013-08-22,74.53833770751953,17.174074172973633,,,38.970062255859375,,,,24.68950080871582,,23.253787994384766,18.006906509399414,,,,,133.50634765625,,29.500032424926758
2013-08-23,74.78549194335938,17.174074172973633,,,39.22414016723633,,,,24.68950080871582,,23.303529739379883,18.19942283630371,,,,,133.95648193359375,,29.450969696044922
2013-08-26,74.91961669921875,17.364900588989258,,,38.993873596191406,,,,24.661121368408203,,23.295236587524414,18.205841064453125,,,,,133.45803833007812,,29.212669372558594
2013-08-27,75.1174087524414,17.616437911987305,,,38.993873596191406,,,,24.73679542541504,,23.187463760375977,18.05182647705078,,,,,131.3115234375,,29.289764404296875
2013-08-28,74.9761734008789,17.616437911987305,,,38.890655517578125,,,,24.68950080871582,,23.40300941467285,18.103166580200195,,,,,131.77783203125,,29.3948974609375
2013-08-29,75.12447357177734,17.416942596435547,,,38.91447830200195,,,,24.73679542541504,,23.187463760375977,18.019744873046875,,,,,131.98683166503906,,29.37387466430664
2013-08-30,75.0044174194336,17.416942596435547,,,38.86682891845703,,,,24.75571632385254,,23.154306411743164,17.9555721282959,,,,,131.56881713867188,,29.429946899414062
2013-09-03,74.81910705566406,17.416942596435547,,,38.86682891845703,,,,24.784093856811523,,23.220632553100586,18.03899383544922,,,,,132.16366577148438,,29.570114135742188
2013-09-04,74.71293640136719,17.416942596435547,,,39.0335807800293,,,,24.765174865722656,,23.278657913208008,18.115999221801758,,,,,133.257080078125,,29.464981079101562
2013-09-05,74.21058654785156,17.191425323486328,,,39.22414016723633,,,,24.869232177734375,,23.237205505371094,18.058246612548828,,,,,133.42591857910156,,29.507041931152344
2013-09-06,74.48650360107422,17.191425323486328,,,39.24795913696289,,,,24.89760971069336,,23.253787994384766,18.160921096801758,,,,,133.490234375,,29.514053344726562
2013-09-09,74.63509368896484,17.035295486450195,,,39.26383972167969,,,,24.75571632385254,,23.39472007751465,18.3598575592041,,,,,134.76852416992188,,29.450969696044922
2013-09-10,74.50067138671875,16.887840270996094,,,39.43851852416992,,,,24.850311279296875,,23.40300941467285,18.43686294555664,,,,,135.76547241210938,,29.415925979614258
2013-09-11,74.7553939819336,16.94856071472168,,,39.43851852416992,,,,24.746257781982422,,23.47762107849121,18.501039505004883,,,,,136.19155883789062,,29.401901245117188
2013-09-12,74.67052459716797,16.931209564208984,,,39.43851852416992,,,,24.840852737426758,,23.45275115966797,18.41119956970215,,,,,135.8297882080078,,29.415925979614258
2013-09-13,74.77658081054688,17.00060272216797,,,39.43851852416992,,,,24.89760971069336,,23.49420166015625,18.430450439453125,,,,,136.13526916503906,,29.387895584106445
2013-09-16,74.93228149414062,16.887840270996094,,,39.7164192199707,,,,24.94490623474121,,23.56881332397461,18.52029037475586,,,,,136.92318725585938,,29.205659866333008
2013-09-17,75.00299072265625,16.887840270996094,,,39.7164192199707,,,,25.096261978149414,,23.610261917114258,18.545963287353516,,,,,137.53421020507812,,29.11454963684082
2013-09-18,75.6327133178711,16.913862228393555,,,39.732303619384766,,,,25.24761390686035,,23.792646408081055,18.96950340270996,,,,,139.12603759765625,,29.338829040527344
2013-09-19,75.54067993164062,16.887840270996094,,,39.732303619384766,,,,25.153018951416016,,23.792646408081055,18.879657745361328,,,,,138.89283752441406,,29.359851837158203
2013-09-20,75.54067993164062,17.02661895751953,,,39.740238189697266,,,,25.001663208007812,,23.643423080444336,18.693553924560547,,,,,137.9217987060547,,29.184635162353516
2013-09-23,75.59732818603516,17.087339401245117,,,39.61320495605469,,,,25.11517906188965,,23.759485244750977,18.674306869506836,,,,,137.28358459472656,,29.1075382232666
2013-09-24,75.77415466308594,17.02661895751953,,,39.61320495605469,,,,25.096261978149414,,23.726322174072266,18.64221954345703,,,,,136.9604034423828,,29.128564834594727
2013-09-25,75.88033294677734,17.069992065429688,,,39.61320495605469,,,,25.067882537841797,,23.726322174072266,18.65505027770996,,,,,136.5645751953125,,29.163604736328125
2013-09-26,75.86616516113281,17.069992065429688,,,39.61320495605469,,,,25.1246395111084,,23.784353256225586,18.68071746826172,,,,,137.0896453857422,,29.212669372558594
2013-09-27,75.90863037109375,16.965906143188477,,,39.61320495605469,,,,25.238155364990234,,23.71803092956543,18.629383087158203,,,,,136.45948791503906,,29.170618057250977
2013-09-30,75.84494018554688,16.931209564208984,,,39.47822189331055,,,,25.2003173828125,,23.684873580932617,18.52716827392578,,,,,135.7324676513672,,29.0584774017334
2013-10-01,75.7889404296875,16.931209564208984,,,39.549686431884766,,,,25.162477493286133,,23.726322174072266,18.540029525756836,,,,,136.806884765625,,29.072492599487305
2013-10-02,75.88818359375,16.931209564208984,,,39.589385986328125,,,,25.2003173828125,,23.734615325927734,18.58502960205078,,,,,136.67762756347656,,29.11454963684082
2013-10-03,75.94490051269531,16.931209564208984,,,39.5655632019043,,,,25.31382942199707,,23.668291091918945,18.52716827392578,,,,,135.4174041748047,,29.12156105041504
2013-10-04,75.8810806274414,16.931209564208984,,,39.5655632019043,,,,25.332752227783203,,23.726322174072266,18.540029525756836,,,,,136.443359375,,29.12156105041504
2013-10-07,75.86689758300781,16.78375816345215,,,39.47822189331055,,,,25.171937942504883,,23.643423080444336,18.52716827392578,,,,,135.2638397216797,,29.009416580200195
2013-10-08,75.83145141601562,17.113357543945312,,,39.34324645996094,,,,25.162477493286133,,23.5356502532959,18.424312591552734,,,,,133.68844604492188,,29.030441284179688
2013-10-09,75.77476501464844,17.269487380981445,,,39.319419860839844,,,,25.219236373901367,,23.5356502532959,18.424312591552734,,,,,133.78546142578125,,28.953346252441406
2013-10-10,75.85984802246094,16.991928100585938,,,39.756126403808594,,,,25.351667404174805,,23.693164825439453,18.630027770996094,,,,,136.66958618164062,,29.072492599487305
2013-10-11,75.88818359375,17.00060272216797,,,39.80376052856445,,,,25.332752227783203,,23.734615325927734,18.675025939941406,,,,,137.5501251220703,,29.0584774017334
2013-10-14,75.74645233154297,16.931209564208984,,,39.891109466552734,,,,25.332752227783203,,23.76777458190918,18.73931121826172,,,,,138.09951782226562,,29.11454963684082
2013-10-15,75.71092987060547,17.052644729614258,,,39.7164192199707,,,,25.34221076965332,,23.676584243774414,18.694311141967773,,,,,137.09779357910156,,29.02342987060547
2013-10-16,76.03700256347656,17.052644729614258,,,39.93081283569336,,,,25.181394577026367,,23.8258056640625,18.777881622314453,,,,,139.01242065429688,,29.163604736328125
2013-10-17,76.24964904785156,17.04397201538086,,,39.93081283569336,,,,25.238155364990234,,23.90870475769043,18.957887649536133,,,,,139.94154357910156,,29.079500198364258
2013-10-18,76.3772201538086,16.94856071472168,,,39.93081283569336,,,,25.31382942199707,,23.991607666015625,19.047880172729492,,,,,140.88673400878906,,29.086511611938477
2013-10-21,76.30631256103516,16.983253479003906,,,39.938751220703125,,,,25.162477493286133,,23.98331642150879,19.035022735595703,,,,,140.8948516845703,,29.05146598815918
2013-10-22,76.57569885253906,16.983253479003906,,,40.02608871459961,,,,25.351667404174805,,24.06621742248535,19.15717124938965,,,,,141.7107696533203,,29.205659866333008
2013-10-23,76.5544204711914,17.061317443847656,,,40.02608871459961,,,,25.171937942504883,,23.98331642150879,19.028600692749023,,,,,141.03213500976562,,28.91128921508789
2013-10-24,76.52605438232422,17.061317443847656,,,39.7164192199707,,,,25.417890548706055,,24.024768829345703,19.080026626586914,,,,,141.5006866455078,,28.883256912231445
2013-10-25,76.5544204711914,16.92253875732422,,,39.668792724609375,,,,25.380048751831055,,24.041349411010742,19.13787841796875,,,,,142.14698791503906,,28.96034812927246
2013-10-28,76.51901245117188,17.04397201538086,,,39.843467712402344,,,,25.370588302612305,,24.041349411010742,19.144319534301758,,,,,142.37326049804688,,29.13557243347168
2013-10-29,76.61112976074219,17.04397201538086,,,39.9149284362793,,,,25.398969650268555,,24.074508666992188,19.105737686157227,,,,,143.13267517089844,,29.10053062438965
2013-10-30,76.46936798095703,17.04397201538086,,,39.88317108154297,,,,25.34221076965332,,24.041349411010742,19.07360076904297,,,,,142.42172241210938,,29.09351921081543
2013-10-31,76.4764404296875,17.035295486450195,,,39.81170654296875,,,,25.31382942199707,,24.033058166503906,18.99003028869629,,,,,142.01776123046875,,29.04445457458496
2013-11-01,76.29186248779297,16.974580764770508,,,39.589385986328125,,,,25.351667404174805,,23.98331642150879,18.855030059814453,,,,,142.35708618164062,,29.009416580200195
2013-11-04,76.36994934082031,16.974580764770508,,,39.589385986328125,,,,25.398969650268555,,24.024768829345703,18.98360252380371,,,,,142.8579864501953,,29.016427993774414
2013-11-05,76.14270782470703,16.957233428955078,,,39.589385986328125,,,,25.219236373901367,,23.98331642150879,18.88716697692871,,,,,142.40550231933594,,29.002410888671875
2013-11-06,76.263427734375,16.957233428955078,,,39.74818801879883,,,,25.26653289794922,,24.0081844329834,18.945026397705078,,,,,143.13267517089844,,29.072492599487305
2013-11-07,76.32025909423828,16.957233428955078,,,39.43851852416992,,,,25.285451889038086,,23.89212417602539,18.726449966430664,,,,,141.32301330566406,,28.981374740600586
2013-11-08,75.84452056884766,16.965906143188477,,,39.66083908081055,,,,25.2570743560791,,23.98331642150879,18.758590698242188,,,,,143.2296142578125,,28.82017707824707
2013-11-11,75.80191802978516,17.069992065429688,,,39.66083908081055,,,,25.455724716186523,,23.941865921020508,18.765029907226562,,,,,143.2538299560547,,28.771114349365234
2013-11-12,75.77351379394531,17.069992065429688,,,39.77994155883789,,,,25.389509201049805,,23.95844841003418,18.642881393432617,,,,,142.96304321289062,,28.72205352783203
2013-11-13,75.97232818603516,17.069992065429688,,,39.74818801879883,,,,25.531400680541992,,24.0081844329834,18.720022201538086,,,,,144.11019897460938,,28.715049743652344
2013-11-14,76.20663452148438,17.069992065429688,,,40.04197311401367,,,,25.48410415649414,,24.06621742248535,18.82931137084961,,,,,144.8292236328125,,28.771114349365234
2013-11-15,76.22796630859375,17.069992065429688,,,40.18489456176758,,,,25.540861129760742,,24.1076717376709,18.8807430267334,,,,,145.4593505859375,,28.89727210998535
2013-11-18,76.37703704833984,16.7056941986084,,,40.34369659423828,,,,25.465185165405273,,24.09937858581543,18.822887420654297,,,,,144.95037841796875,,28.848217010498047
2013-11-19,76.17111206054688,17.017948150634766,,,40.21665954589844,,,,25.27599334716797,,24.049638748168945,18.771453857421875,,,,,144.63528442382812,,28.904279708862305
2013-11-20,75.95813751220703,17.017948150634766,,,40.192832946777344,,,,25.361127853393555,,23.99989891052246,18.668594360351562,,,,,144.18284606933594,,28.66598129272461
2013-11-21,76.0362319946289,16.887840270996094,,,40.41515350341797,,,,25.389509201049805,,24.11595916748047,18.713594436645508,,,,,145.34625244140625,,28.771114349365234
2013-11-22,76.14270782470703,17.035295486450195,,,40.645416259765625,,,,25.465185165405273,,24.14082908630371,18.73931121826172,,,,,146.0732879638672,,28.764108657836914
2013-11-25,76.19956970214844,17.035295486450195,,,40.54219436645508,,,,25.446266174316406,,24.124250411987305,18.668594360351562,,,,,145.9279327392578,,28.73607635498047
2013-11-26,76.22085571289062,16.887840270996094,,,40.54219436645508,,,,25.588157653808594,,24.149120330810547,18.604310989379883,,,,,145.96832275390625,,28.764108657836914
2013-11-27,76.25634765625,16.94856071472168,,,40.69306182861328,,,,25.597620010375977,,24.207151412963867,18.623598098754883,,,,,146.32379150390625,,28.771114349365234
2013-11-29,76.28475189208984,16.94856071472168,,,40.69306182861328,,,,25.512481689453125,,24.19057273864746,18.675025939941406,,,,,146.2268524169922,,28.771114349365234
2013-12-02,75.99519348144531,16.731714248657227,,,40.7804069519043,,,,25.60707664489746,,24.09937858581543,18.49502944946289,,,,,145.8472137451172,,28.87624740600586
2013-12-03,76.08767700195312,16.92253875732422,,,40.74070739746094,,,,25.465185165405273,,24.074508666992188,18.450027465820312,,,,,145.2169952392578,,28.83418846130371
2013-12-04,75.88851928710938,16.827125549316406,,,40.6057243347168,,,,25.436803817749023,,24.0164794921875,18.501453399658203,,,,,145.20082092285156,,28.79915428161621
2013-12-05,75.72489166259766,16.78375816345215,,,40.6057243347168,,,,25.427343368530273,,23.98331642150879,18.462881088256836,,,,,144.56256103515625,,28.83418846130371
2013-12-06,75.85296630859375,16.78375816345215,,,40.6057243347168,,,,25.436803817749023,,24.074508666992188,18.52073860168457,,,,,146.17831420898438,,28.981374740600586
2013-12-09,75.9454116821289,16.8618221282959,,,40.77245330810547,,,,25.455724716186523,,24.074508666992188,18.59145164489746,,,,,146.5499267578125,,28.94633674621582
2013-12-10,76.06636810302734,16.8618221282959,,,40.69306182861328,,,,25.285451889038086,,24.06621742248535,18.58502960205078,,,,,146.02484130859375,,28.841203689575195
2013-12-11,75.9454116821289,16.8618221282959,,,40.54219436645508,,,,25.31382942199707,,23.966737747192383,18.379310607910156,,,,,144.3848419189453,,28.89026641845703
2013-12-12,75.83160400390625,16.8618221282959,,,40.57395935058594,,,,25.31382942199707,,23.916996002197266,18.225027084350586,,,,,143.908203125,,29.009416580200195
2013-12-13,75.8671646118164,16.879167556762695,,,40.52632141113281,,,,25.332752227783203,,23.93358039855957,18.30217170715332,,,,,143.89207458496094,,28.967363357543945
2013-12-16,75.92405700683594,16.662324905395508,,,40.68511962890625,,,,25.446266174316406,,23.991607666015625,18.379310607910156,,,,,144.78883361816406,,28.918298721313477
2013-12-17,76.05213165283203,16.896516799926758,,,40.637481689453125,,,,25.446266174316406,,23.975027084350586,18.347171783447266,,,,,144.32833862304688,,28.91128921508789
2013-12-18,76.01653289794922,16.51487159729004,,,41.227848052978516,,,,25.351667404174805,,24.09937858581543,18.462881088256836,,,,,146.7922821044922,,28.939327239990234
2013-12-19,75.88851928710938,16.662324905395508,,,41.0489387512207,,,,25.304370880126953,,24.05792808532715,18.469314575195312,,,,,146.62269592285156,,29.086511611938477
2013-12-20,76.01653289794922,16.7056941986084,,,41.07333755493164,,,,25.304370880126953,,24.15740966796875,18.533597946166992,,,,,147.4755859375,,29.04445457458496
2013-12-23,75.98094940185547,16.740386962890625,,,41.12213134765625,,,,25.408428192138672,,24.21544075012207,18.610740661621094,,,,,148.26345825195312,,29.086511611938477
2013-12-24,75.87432098388672,16.697019577026367,,,41.12213134765625,,,,25.34221076965332,,24.223730087280273,18.655746459960938,,,,,148.58843994140625,,29.016427993774414
2013-12-26,75.83152770996094,16.65365219116211,,,41.260372161865234,,,,25.446266174316406,,24.248600006103516,18.681455612182617,,,,,149.34381103515625,,29.05146598815918
2013-12-27,75.86005401611328,16.627628326416016,,,41.20344924926758,,,,25.278125762939453,,24.23685073852539,18.76195526123047,,,,,149.33567810058594,,29.016427993774414
2013-12-30,75.93133544921875,16.480175018310547,,,41.28476333618164,,,,25.249465942382812,,24.270427703857422,18.77494239807129,,,,,149.3113250732422,,29.12156105041504
2013-12-31,75.86005401611328,16.480175018310547,,,41.13839340209961,,,,25.354555130004883,,24.32080078125,18.865829467773438,,,,,150.01797485351562,,29.079500198364258
2014-01-02,75.90994262695312,16.575586318969727,,,40.7724609375,,,,25.23036003112793,,24.22005844116211,18.690547943115234,,,,,148.5802764892578,,28.86223602294922
2014-01-03,75.9384536743164,16.618953704833984,,,40.55290985107422,,,,25.354555130004883,,24.22005844116211,18.677555084228516,,,,,148.555908203125,,28.792139053344727
2014-01-06,76.03819274902344,16.618953704833984,,,40.57730484008789,,,,25.373661041259766,,24.22005844116211,18.664575576782227,,,,,148.1254119873047,,28.75008773803711
2014-01-07,76.07383728027344,16.618953704833984,,,40.70741271972656,,,,25.47874641418457,,24.270427703857422,18.690547943115234,,,,,149.03514099121094,,28.75008773803711
2014-01-08,75.84579467773438,16.540891647338867,,,40.66675567626953,,,,25.306787490844727,,24.262033462524414,18.638607025146484,,,,,149.067626953125,,28.79915428161621
2014-01-09,75.9527359008789,16.402111053466797,,,40.626094818115234,,,,25.278125762939453,,24.278823852539062,18.53473472595215,,,,,149.1650848388672,,28.72205352783203
2014-01-10,76.33759307861328,16.428131103515625,,,40.626094818115234,,,,25.469194412231445,,24.354381561279297,18.710023880004883,,,,,149.57122802734375,,28.651966094970703
2014-01-13,76.4089126586914,16.497522354125977,,,40.479732513427734,,,,25.316341400146484,,24.22005844116211,18.56070327758789,,,,,147.58114624023438,,28.532814025878906
2014-01-14,76.2947998046875,16.497522354125977,,,40.617958068847656,,,,25.440534591674805,,24.337589263916016,18.690547943115234,,,,,149.189453125,,28.658971786499023
2014-01-15,76.23065948486328,16.488847732543945,,,40.75619888305664,,,,25.53606605529785,,24.38796043395996,18.755464553833008,,,,,149.99362182617188,,28.72205352783203
2014-01-16,76.4089126586914,16.402111053466797,,,40.739933013916016,,,,25.392765045166016,,24.41314697265625,18.79441261291504,,,,,149.79873657226562,,28.70102882385254
2014-01-17,76.44454956054688,16.393436431884766,,,40.739933013916016,,,,25.526514053344727,,24.3963565826416,18.787925720214844,,,,,149.1650848388672,,28.61692237854004
2014-01-21,76.48013305664062,16.454153060913086,,,40.75619888305664,,,,25.57427978515625,,24.438331604003906,18.80091094970703,,,,,149.60374450683594,,28.785133361816406
2014-01-22,76.31619262695312,16.43680763244629,,,40.87004852294922,,,,25.459638595581055,,24.4299373626709,18.81389045715332,,,,,149.70118713378906,,28.925310134887695
2014-01-23,76.51578521728516,16.43680763244629,,,40.54478073120117,,,,25.41187286376953,,24.371170043945312,18.671072006225586,,,,,148.4746551513672,,28.883256912231445
2014-01-24,76.67972564697266,16.549562454223633,,,40.54478073120117,,,,25.488300323486328,,24.161293029785156,18.43086051940918,,,,,145.30682373046875,,28.904279708862305
2014-01-27,76.51578521728516,16.78375816345215,,,40.487857818603516,,,,25.555173873901367,,24.06894302368164,18.29452896118164,,,,,144.59202575683594,,28.82017707824707
2014-01-28,76.6440658569336,16.65365219116211,,,40.51225280761719,,,,25.65070915222168,,24.178081512451172,18.39840316772461,,,,,145.4530029296875,,28.904279708862305
2014-01-29,76.87214660644531,16.65365219116211,,,40.36587905883789,,,,25.545618057250977,,24.110919952392578,18.346467971801758,,,,,144.0559539794922,,29.0584774017334
2014-01-30,76.88643646240234,16.65365219116211,,,40.36587905883789,,,,25.688919067382812,,24.211660385131836,18.39191246032715,,,,,145.58297729492188,,28.939327239990234
2014-01-31,77.02896881103516,16.350067138671875,,,40.31708526611328,,,,25.679365158081055,,24.136104583740234,18.26856231689453,,,,,144.73008728027344,,28.785133361816406
2014-02-03,77.29033660888672,16.549562454223633,,,40.31708526611328,,,,25.57427978515625,,23.976598739624023,17.995895385742188,,,,,141.47291564941406,,28.827186584472656
2014-02-04,77.10466003417969,16.549562454223633,,,39.975555419921875,,,,25.774898529052734,,24.001781463623047,18.11924934387207,,,,,142.46383666992188,,28.757099151611328
2014-02-05,76.9118423461914,16.549562454223633,,,39.80478286743164,,,,25.746240615844727,,23.993389129638672,18.099769592285156,,,,,142.28514099121094,,28.6379451751709
2014-02-06,76.87610626220703,16.549562454223633,,,39.80478286743164,,,,25.927751541137695,,24.052154541015625,18.28154182434082,,,,,144.1614532470703,,28.602907180786133
2014-02-07,76.99755859375,16.549562454223633,,,40.308956146240234,,,,25.79400634765625,,24.211660385131836,18.52823829650879,,,,,145.94847106933594,,28.6379451751709
2014-02-10,77.07609558105469,16.618953704833984,,,40.227638244628906,,,,25.879987716674805,,24.194869995117188,18.48280143737793,,,,,146.216552734375,,28.61692237854004
2014-02-11,76.9261474609375,16.610280990600586,,,40.878170013427734,,,,25.94685935974121,,24.262033462524414,18.7294979095459,,,,,147.81675720214844,,28.60991668701172
2014-02-12,76.79764556884766,16.610280990600586,,,40.349609375,,,,25.96596908569336,,24.29561424255371,18.703527450561523,,,,,147.88983154296875,,28.602907180786133
2014-02-13,76.96182250976562,16.419458389282227,,,40.349609375,,,,26.023286819458008,,24.37956428527832,18.79441261291504,,,,,148.6533966064453,,28.60991668701172
2014-02-14,76.96182250976562,16.419458389282227,,,40.43094253540039,,,,26.090160369873047,,24.404748916625977,18.885303497314453,,,,,149.47378540039062,,28.518798828125
2014-02-18,77.01182556152344,16.29802703857422,,,40.41468048095703,,,,26.099714279174805,,24.480308532714844,19.0476016998291,,,,,149.6524200439453,,28.525815963745117
2014-02-19,76.95467376708984,16.454153060913086,,,40.398406982421875,,,,25.937307357788086,,24.404748916625977,18.976192474365234,,,,,148.66151428222656,,28.602907180786133
2014-02-20,76.9118423461914,16.34139633178711,,,40.07313537597656,,,,26.099714279174805,,24.455123901367188,19.03462028503418,,,,,149.53872680664062,,28.54683494567871
2014-02-21,76.98329162597656,16.34139633178711,,,40.34148025512695,,,,26.061500549316406,,24.471912384033203,19.067087173461914,,,,,149.36814880371094,,28.567853927612305
2014-02-24,76.9118423461914,16.18526840209961,,,40.34148025512695,,,,26.099714279174805,,24.530677795410156,19.125511169433594,,,,,150.19667053222656,,28.49076271057129
2014-02-25,77.11895751953125,16.18526840209961,,,40.154449462890625,,,,26.05194664001465,,24.555862426757812,19.03462028503418,,,,,150.13983154296875,,28.46272850036621
2014-02-26,77.28318786621094,16.193941116333008,,,40.349609375,,,,26.05194664001465,,24.589445114135742,18.989179611206055,,,,,150.14791870117188,,28.567853927612305
2014-02-27,77.36173248291016,16.176589965820312,,,40.349609375,,,,26.128372192382812,,24.681791305541992,18.995664596557617,,,,,150.9358367919922,,28.56085205078125
2014-02-28,77.3188705444336,16.176589965820312,,,40.92697525024414,,,,26.223907470703125,,24.63981819152832,19.03462028503418,,,,,151.31759643554688,,28.54683494567871
2014-03-03,77.5191879272461,16.176589965820312,,,40.50411605834961,,,,25.994626998901367,,24.572654724121094,18.976192474365234,,,,,150.2535858154297,,28.729063034057617
2014-03-04,77.23304748535156,16.21996307373047,,,40.76433181762695,,,,26.223907470703125,,24.681791305541992,19.177444458007812,,,,,152.36546325683594,,28.658971786499023
2014-03-05,77.27599334716797,16.21996307373047,,,40.63422775268555,,,,26.013734817504883,,24.681791305541992,19.1190185546875,,,,,152.50352478027344,,28.644956588745117
2014-03-06,77.104248046875,16.237306594848633,,,40.41468048095703,,,,26.004180908203125,,24.681791305541992,19.248859405517578,,,,,152.85281372070312,,28.757099151611328
2014-03-07,76.88966369628906,16.237306594848633,,,40.821250915527344,,,,26.0328426361084,,24.631420135498047,19.138492584228516,,,,,152.9177703857422,,28.79915428161621
2014-03-10,76.88966369628906,16.237306594848633,,,40.76433181762695,,,,26.023286819458008,,24.597841262817383,18.982690811157227,,,,,152.83657836914062,,28.694015502929688
2014-03-11,76.88249969482422,16.237306594848633,,,40.60169982910156,,,,25.91819953918457,,24.530677795410156,18.943727493286133,,,,,152.0811767578125,,28.73607635498047
2014-03-12,77.05419158935547,16.237306594848633,,,40.50411605834961,,,,25.96596908569336,,24.56425666809082,18.917766571044922,,,,,152.12171936035156,,28.72205352783203
2014-03-13,77.25450134277344,16.627628326416016,,,40.50411605834961,,,,25.94685935974121,,24.455123901367188,18.768449783325195,,,,,150.416015625,,28.8552188873291
2014-03-14,77.21875,16.51487159729004,,,40.227638244628906,,,,26.128372192382812,,24.446725845336914,18.865829467773438,,,,,149.99362182617188,,28.883256912231445
2014-03-17,77.17581176757812,16.488847732543945,,,40.30082702636719,,,,26.243013381958008,,24.48870277404785,18.911272048950195,,,,,151.3501434326172,,28.792139053344727
2014-03-18,77.2688217163086,16.497522354125977,,,40.30082702636719,,,,26.233461380004883,,24.597841262817383,18.989179611206055,,,,,152.43043518066406,,28.841203689575195
2014-03-19,76.92537689208984,16.384761810302734,,,40.52851486206055,,,,26.204801559448242,,24.480308532714844,18.79441261291504,,,,,151.6181182861328,,28.72205352783203
2014-03-20,76.86819458007812,16.488847732543945,,,40.520389556884766,,,,26.252567291259766,,24.48870277404785,18.755464553833008,,,,,152.50352478027344,,28.61692237854004
2014-03-21,76.97547912597656,16.410783767700195,,,40.520389556884766,,,,26.16658592224121,,24.41314697265625,18.826871871948242,,,,,151.9120635986328,,28.588890075683594
2014-03-24,77.08995056152344,16.549562454223633,,,40.41468048095703,,,,26.05194664001465,,24.446725845336914,18.768449783325195,,,,,151.2837677001953,,28.651966094970703
2014-03-25,77.01126861572266,16.566913604736328,,,40.76433181762695,,,,26.128372192382812,,24.37956428527832,18.950223922729492,,,,,152.00177001953125,,28.630937576293945
2014-03-26,77.25450134277344,16.7056941986084,,,40.9432258605957,,,,25.96596908569336,,24.41314697265625,18.852846145629883,,,,,150.90850830078125,,28.764108657836914
2014-03-27,77.31167602539062,16.688344955444336,,,41.49618911743164,,,,25.95641326904297,,24.38796043395996,19.028127670288086,,,,,150.59036254882812,,28.79915428161621
2014-03-28,77.19723510742188,16.7056941986084,,,41.18718719482422,,,,25.879987716674805,,24.438331604003906,19.08655548095703,,,,,151.3328094482422,,28.785133361816406
2014-03-31,77.20442962646484,16.636302947998047,,,41.235965728759766,,,,26.0328426361084,,24.530677795410156,19.16135597229004,,,,,152.57286071777344,,28.785133361816406
2014-04-01,77.08614349365234,16.636302947998047,,,41.227848052978516,,,,26.118820190429688,,24.597841262817383,19.174362182617188,,,,,153.58453369140625,,28.67999839782715
2014-04-02,76.95720672607422,16.558238983154297,,,44.439876556396484,,,,26.128372192382812,,24.597841262817383,19.232908248901367,,,,,154.0985107421875,,28.588890075683594
2014-04-03,77.01448059082031,16.558238983154297,,,44.439876556396484,,,,26.090160369873047,,24.589445114135742,19.226394653320312,,,,,153.89456176757812,,28.694015502929688
2014-04-04,77.25819396972656,16.558238983154297,,,41.54497528076172,,,,25.899093627929688,,24.4299373626709,19.258922576904297,,,,,152.07518005371094,,28.67299461364746
2014-04-07,77.37291717529297,16.80978012084961,,,41.38235092163086,,,,25.76534652709961,,24.30401039123535,19.226394653320312,,,,,150.39454650878906,,28.658971786499023
2014-04-08,77.466064453125,16.80978012084961,,,41.14651870727539,,,,25.97551918029785,,24.362775802612305,19.375995635986328,,,,,151.0145721435547,,28.764108657836914
2014-04-09,77.47325134277344,16.7056941986084,,,41.14651870727539,,,,26.08060646057129,,24.471912384033203,19.467050552368164,,,,,152.63819885253906,,28.82017707824707
2014-04-10,77.65242767333984,16.7056941986084,,,41.14651870727539,,,,25.784452438354492,,24.25363540649414,19.258922576904297,,,,,149.4318389892578,,28.848217010498047
2014-04-11,77.72412109375,16.93988609313965,,,42.081668853759766,,,,25.622047424316406,,24.18647575378418,19.213388442993164,,,,,148.08570861816406,,28.83418846130371
2014-04-14,77.75279235839844,16.93988609313965,,,40.98388671875,,,,25.851327896118164,,24.56425666809082,19.33697509765625,,,,,149.25238037109375,,28.89727210998535
2014-04-15,77.7599868774414,16.93988609313965,,,41.1953125,,,,25.822668075561523,,24.23685073852539,19.330461502075195,,,,,150.2802734375,,28.96034812927246
2014-04-16,77.8029556274414,17.017948150634766,,,41.479915618896484,,,,25.899093627929688,,24.38796043395996,19.45404815673828,,,,,151.85491943359375,,28.932315826416016
2014-04-17,77.5521011352539,17.017948150634766,,,41.5531120300293,,,,25.803560256958008,,24.3963565826416,19.467050552368164,,,,,152.0670166015625,,29.0584774017334
2014-04-21,77.54492950439453,16.8618221282959,,,41.62629318237305,,,,25.612491607666016,,24.4299373626709,19.49957275390625,,,,,152.5973358154297,,28.925310134887695
2014-04-22,77.53060913085938,16.775081634521484,,,42.43946838378906,,,,25.937307357788086,,24.53907585144043,19.558109283447266,,,,,153.29078674316406,,29.009416580200195
2014-04-23,77.60943603515625,16.80110740661621,,,42.43946838378906,,,,25.717580795288086,,24.52228355407715,19.551610946655273,,,,,152.93179321289062,,28.995397567749023
2014-04-24,77.68112182617188,16.80110740661621,,,41.87837600708008,,,,25.937307357788086,,24.53907585144043,19.584129333496094,,,,,153.24188232421875,,28.967363357543945
2014-04-25,77.69544982910156,17.00060272216797,,,42.13859176635742,,,,25.83222198486328,,24.404748916625977,19.5125789642334,,,,,151.98541259765625,,28.967363357543945
2014-04-28,77.6452407836914,17.02661895751953,,,42.26057434082031,,,,25.86087989807129,,24.404748916625977,19.53209686279297,,,,,152.46678161621094,,28.925310134887695
2014-04-29,77.68112182617188,17.02661895751953,,,41.88650894165039,,,,25.937307357788086,,24.497100830078125,19.629655838012695,,,,,153.17662048339844,,29.086511611938477
2014-04-30,77.83881378173828,17.02661895751953,,,42.56145095825195,,,,26.0328426361084,,24.589445114135742,19.66868019104004,,,,,153.63351440429688,,29.0584774017334
2014-05-01,77.95226287841797,16.965906143188477,,,42.56145095825195,,,,26.128372192382812,,24.623023986816406,19.616649627685547,,,,,153.64979553222656,,28.74307632446289
2014-05-02,78.04564666748047,16.965906143188477,,,42.60210418701172,,,,25.97551918029785,,24.631420135498047,19.66868019104004,,,,,153.4295196533203,,28.83418846130371
2014-05-05,78.01695251464844,16.94856071472168,,,41.0489387512207,,,,26.17613983154297,,24.665000915527344,19.675186157226562,,,,,153.7232208251953,,28.806154251098633
2014-05-06,78.0743637084961,17.035295486450195,,,41.47179412841797,,,,26.128372192382812,,24.581050872802734,19.675186157226562,,,,,152.38519287109375,,28.932315826416016
2014-05-07,78.0743637084961,17.269487380981445,,,41.47179412841797,,,,26.04239273071289,,24.656604766845703,19.779260635375977,,,,,153.28269958496094,,28.89727210998535
2014-05-08,78.12466430664062,17.23479461669922,,,41.479915618896484,,,,25.927751541137695,,24.589445114135742,19.753238677978516,,,,,153.11952209472656,,28.939327239990234
2014-05-09,78.05280303955078,17.23479461669922,,,41.479915618896484,,,,25.870433807373047,,24.581050872802734,19.662179946899414,,,,,153.34793090820312,,28.8552188873291
2014-05-12,77.98816680908203,16.931209564208984,,,41.479915618896484,,,,26.0328426361084,,24.69858169555664,19.798768997192383,,,,,154.84097290039062,,28.694015502929688
2014-05-13,78.1174545288086,16.94856071472168,,,41.18718719482422,,,,25.96596908569336,,24.69858169555664,19.857301712036133,,,,,154.9796600341797,,28.715049743652344
2014-05-14,78.34002685546875,16.94856071472168,,,41.1546516418457,,,,25.813114166259766,,24.69858169555664,19.896329879760742,,,,,154.24539184570312,,28.771114349365234
2014-05-15,78.50521850585938,17.10468864440918,,,41.1546516418457,,,,25.803560256958008,,24.606233596801758,19.77275276184082,,,,,152.89111328125,,28.792139053344727
2014-05-16,78.4190673828125,17.10468864440918,,,41.1546516418457,,,,25.98507308959961,,24.665000915527344,19.824787139892578,,,,,153.42138671875,,28.74307632446289
2014-05-19,78.39031219482422,17.15673065185547,,,41.366085052490234,,,,25.841772079467773,,24.732162475585938,19.80526351928711,,,,,153.9842529296875,,28.77812957763672
2014-05-20,78.42621612548828,17.165403366088867,,,41.26850509643555,,,,25.889541625976562,,24.656604766845703,19.733728408813477,,,,,153.0134735107422,,28.827186584472656
2014-05-21,78.39749145507812,17.069992065429688,,,42.0003547668457,,,,26.04239273071289,,24.740554809570312,19.7857608795166,,,,,154.302490234375,,28.83418846130371
2014-05-22,78.36161041259766,17.00060272216797,,,41.610023498535156,,,,26.118820190429688,,24.782533645629883,19.798768997192383,,,,,154.6777801513672,,28.79915428161621
2014-05-23,78.44061279296875,16.93988609313965,,,41.610023498535156,,,,26.118820190429688,,24.824508666992188,19.837797164916992,,,,,155.29788208007812,,28.81316375732422
2014-05-27,78.51241302490234,16.84447479248047,,,41.610023498535156,,,,26.099714279174805,,24.900066375732422,19.824787139892578,,,,,156.2523956298828,,28.74307632446289
2014-05-28,78.72785949707031,16.827125549316406,,,42.24431610107422,,,,25.899093627929688,,24.92525291442871,19.759742736816406,,,,,156.13819885253906,,28.785133361816406
2014-05-29,78.68472290039062,16.84447479248047,,,43.3095588684082,,,,25.937307357788086,,24.958831787109375,19.831287384033203,,,,,156.94583129882812,,28.83418846130371
2014-05-30,78.75655364990234,16.931209564208984,,,42.325626373291016,,,,26.061500549316406,,24.942041397094727,19.766246795654297,,,,,157.19876098632812,,28.792139053344727
2014-06-02,78.51696014404297,16.90519142150879,,,42.0003547668457,,,,26.16658592224121,,24.908462524414062,19.77275276184082,,,,,157.37826538085938,,28.764108657836914
2014-06-03,78.308349609375,17.069992065429688,,,40.902565002441406,,,,26.0328426361084,,24.908462524414062,19.733728408813477,,,,,157.29666137695312,,28.72205352783203
2014-06-04,78.27955627441406,17.017948150634766,,,41.65068435668945,,,,26.090160369873047,,24.98401641845703,19.694700241088867,,,,,157.61483764648438,,28.708032608032227
2014-06-05,78.38028717041016,17.017948150634766,,,41.65068435668945,,,,25.96596908569336,,25.017601013183594,19.850805282592773,,,,,158.642822265625,,28.764108657836914
2014-06-06,78.33712768554688,16.827125549316406,,,41.65068435668945,,,,26.10926628112793,,25.0595760345459,19.922340393066406,,,,,159.40158081054688,,28.630937576293945
2014-06-09,78.26512908935547,16.835798263549805,,,41.992218017578125,,,,26.18569564819336,,25.03438949584961,19.902835845947266,,,,,159.56475830078125,,28.74307632446289
2014-06-10,78.15006256103516,16.835798263549805,,,41.992218017578125,,,,26.14748191833496,,24.992414474487305,19.857301712036133,,,,,159.58106994628906,,28.79915428161621
2014-06-11,78.20758819580078,16.636302947998047,,,41.992218017578125,,,,26.118820190429688,,25.009201049804688,19.80526351928711,,,,,159.02627563476562,,28.8552188873291
2014-06-12,78.35871887207031,16.818450927734375,,,41.992218017578125,,,,26.118820190429688,,24.950437545776367,19.870311737060547,,,,,157.9003448486328,,28.939327239990234
2014-06-13,78.33712768554688,16.740386962890625,,,41.06520462036133,,,,26.128372192382812,,24.975622177124023,19.896329879760742,,,,,158.38174438476562,,28.94633674621582
2014-06-16,78.29397583007812,16.835798263549805,,,41.935298919677734,,,,26.18569564819336,,24.958831787109375,19.93535614013672,,,,,158.5122833251953,,28.9743709564209
2014-06-17,78.15006256103516,16.835798263549805,,,41.561241149902344,,,,26.26211929321289,,25.025991439819336,19.94186019897461,,,,,158.9528350830078,,28.9743709564209
2014-06-18,78.35871887207031,16.78375816345215,,,41.561241149902344,,,,26.319438934326172,,25.10154914855957,20.1564998626709,,,,,160.11952209472656,,28.98838996887207
2014-06-19,78.24357604980469,16.749061584472656,,,41.561241149902344,,,,26.233461380004883,,25.10154914855957,20.23455047607422,,,,,160.2989501953125,,28.939327239990234
2014-06-20,78.38028717041016,16.688344955444336,,,41.992218017578125,,,,26.300334930419922,,25.126733779907227,20.23455047607422,,,,,160.6244659423828,,28.981374740600586
2014-06-23,78.308349609375,16.688344955444336,,,42.01661682128906,,,,26.27167320251465,,25.10994529724121,20.29958724975586,,,,,160.57525634765625,,29.037450790405273
2014-06-24,78.44497680664062,16.610280990600586,,,42.14672088623047,,,,26.16658592224121,,25.07636833190918,20.208532333374023,,,,,159.6079559326172,,29.05146598815918
2014-06-25,78.55294036865234,16.723041534423828,,,41.707603454589844,,,,26.414974212646484,,25.10994529724121,20.241050720214844,,,,,160.3292999267578,,29.072492599487305
2014-06-26,78.70406341552734,16.723041534423828,,,41.797061920166016,,,,26.491397857666016,,25.118343353271484,20.26056480407715,,,,,160.21458435058594,,29.10053062438965
2014-06-27,78.70406341552734,16.575586318969727,,,41.06520462036133,,,,26.701574325561523,,25.135129928588867,20.26056480407715,,,,,160.5260009765625,,29.1075382232666
2014-06-30,78.71127319335938,16.65365219116211,,,41.68320846557617,,,,26.57737922668457,,25.177104949951172,20.263185501098633,,,,,160.444091796875,,29.2757511138916
2014-07-01,78.61463165283203,16.65365219116211,,,41.984092712402344,,,,26.692020416259766,,25.277849197387695,20.302505493164062,,,,,161.51803588867188,,29.296775817871094
2014-07-02,78.34076690673828,16.540891647338867,,,41.984092712402344,,,,26.57737922668457,,25.26105499267578,20.328720092773438,,,,,161.68194580078125,,29.31780242919922
2014-07-03,78.29035949707031,16.65365219116211,,,41.68320846557617,,,,26.67291259765625,,25.33661460876465,20.328720092773438,,,,,162.47714233398438,,29.2757511138916
2014-07-07,78.31192779541016,16.65365219116211,,,42.041011810302734,,,,26.491397857666016,,25.20229148864746,20.19110107421875,,,,,161.91146850585938,,29.3948974609375
2014-07-08,78.47053527832031,16.896516799926758,,,41.634429931640625,,,,26.42452621459961,,25.067968368530273,20.151779174804688,,,,,160.87042236328125,,29.443958282470703
2014-07-09,78.53534698486328,16.913862228393555,,,40.65048599243164,,,,26.567827224731445,,25.16870880126953,20.197649002075195,,,,,161.59176635742188,,29.457975387573242
2014-07-10,78.57144165039062,16.92253875732422,,,40.967620849609375,,,,26.414974212646484,,25.051176071166992,20.138669967651367,,,,,160.95236206054688,,29.605165481567383
2014-07-11,78.67952728271484,16.90519142150879,,,41.0245475769043,,,,26.57737922668457,,25.10994529724121,20.092792510986328,,,,,161.17369079589844,,29.61216926574707
2014-07-14,78.61463165283203,17.017948150634766,,,41.0245475769043,,,,26.720678329467773,,25.160316467285156,20.16487693786621,,,,,161.9853057861328,,29.507041931152344
2014-07-15,78.51374816894531,17.02661895751953,,,40.55290985107422,,,,26.62514877319336,,25.10994529724121,20.073139190673828,,,,,161.68194580078125,,29.507041931152344
2014-07-16,78.57862854003906,16.93988609313965,,,40.55290985107422,,,,26.64425277709961,,25.135129928588867,20.22386360168457,,,,,162.28038024902344,,29.514053344726562
2014-07-17,78.80928039550781,17.017948150634766,,,40.536651611328125,,,,26.453187942504883,,24.992414474487305,20.092792510986328,,,,,160.43592834472656,,29.59815216064453
2014-07-18,78.72278594970703,16.991928100585938,,,40.536651611328125,,,,26.720678329467773,,25.08475685119629,20.158329010009766,,,,,162.07545471191406,,29.633195877075195
2014-07-21,78.7516098022461,17.02661895751953,,,40.54478073120117,,,,26.701574325561523,,25.067968368530273,20.158329010009766,,,,,161.77212524414062,,29.738327026367188
2014-07-22,78.88135528564453,17.02661895751953,,,40.60982894897461,,,,26.68246841430664,,25.151918411254883,20.22386360168457,,,,,162.47714233398438,,29.822429656982422
2014-07-23,78.89575958251953,16.896516799926758,,,40.41468048095703,,,,26.73023223876953,,25.16870880126953,20.256633758544922,,,,,162.83779907226562,,29.74533462524414
2014-07-24,78.65071868896484,16.896516799926758,,,40.46345520019531,,,,26.67291259765625,,25.177104949951172,20.250078201293945,,,,,162.84600830078125,,29.682260513305664
2014-07-25,78.80203247070312,17.009275436401367,,,40.46345520019531,,,,26.6155948638916,,25.135129928588867,20.21731185913086,,,,,162.0836639404297,,29.738327026367188
2014-07-28,78.81645965576172,17.069992065429688,,,40.46345520019531,,,,26.6155948638916,,25.126733779907227,20.230409622192383,,,,,162.1492156982422,,29.661231994628906
2014-07-29,78.89575958251953,17.069992065429688,,,40.36587905883789,,,,26.57737922668457,,25.08475685119629,20.17143440246582,,,,,161.45237731933594,,29.661231994628906
2014-07-30,78.61463165283203,17.069992065429688,,,40.292701721191406,,,,26.606040954589844,,25.08475685119629,20.099353790283203,,,,,161.47702026367188,,29.591150283813477
2014-07-31,78.51374816894531,17.069992065429688,,,40.032474517822266,,,,26.348098754882812,,24.849695205688477,19.830659866333008,,,,,158.28811645507812,,29.464981079101562
2014-08-01,78.80982971191406,17.130706787109375,,,39.86170959472656,,,,26.52005958557129,,24.824508666992188,19.732362747192383,,,,,157.80445861816406,,29.528064727783203
2014-08-04,78.79539489746094,17.087339401245117,,,39.86170959472656,,,,26.500953674316406,,24.89166831970215,19.863426208496094,,,,,158.94390869140625,,29.436952590942383
2014-08-05,78.79539489746094,17.087339401245117,,,39.66654968261719,,,,26.472293853759766,,24.79092788696289,19.738908767700195,,,,,157.40277099609375,,29.415925979614258
2014-08-06,78.80256652832031,17.087339401245117,,,39.731597900390625,,,,26.08060646057129,,24.782533645629883,19.758573532104492,,,,,157.4520263671875,,29.331817626953125
2014-08-07,78.95425415039062,17.087339401245117,,,39.731597900390625,,,,25.889541625976562,,24.70697784423828,19.679927825927734,,,,,156.5994415283203,,29.303783416748047
2014-08-08,78.98307037353516,17.04397201538086,,,39.609622955322266,,,,26.08060646057129,,24.824508666992188,19.771677017211914,,,,,158.4111328125,,29.261734008789062
2014-08-11,78.9903564453125,16.991928100585938,,,39.77226638793945,,,,26.04239273071289,,24.883275985717773,19.85032081604004,,,,,158.87014770507812,,29.31780242919922
2014-08-12,78.95425415039062,16.991928100585938,,,39.77226638793945,,,,25.91819953918457,,24.849695205688477,19.8241024017334,,,,,158.64878845214844,,29.296775817871094
2014-08-13,79.11306762695312,16.965906143188477,,,39.80478286743164,,,,26.071054458618164,,24.91685676574707,19.85032081604004,,,,,159.7227020263672,,29.359851837158203
2014-08-14,79.15640258789062,16.896516799926758,,,39.78852844238281,,,,26.061500549316406,,25.00080680847168,19.8241024017334,,,,,160.47694396972656,,29.310792922973633
2014-08-15,79.35137176513672,16.92253875732422,,,39.65028381347656,,,,26.10926628112793,,25.017601013183594,19.889638900756836,,,,,160.444091796875,,29.352846145629883
2014-08-18,79.185302734375,16.92253875732422,,,39.74787139892578,,,,26.252567291259766,,25.10154914855957,19.935518264770508,,,,,161.78857421875,,29.359851837158203
2014-08-19,79.07694244384766,16.818450927734375,,,39.756004333496094,,,,26.233461380004883,,25.143526077270508,19.96172523498535,,,,,162.63290405273438,,29.289764404296875
2014-08-20,78.9903564453125,16.818450927734375,,,39.78038787841797,,,,26.300334930419922,,25.151918411254883,19.968276977539062,,,,,163.0673370361328,,29.422935485839844
2014-08-21,79.12750244140625,16.818450927734375,,,39.764129638671875,,,,26.27167320251465,,25.16870880126953,19.968276977539062,,,,,163.54281616210938,,29.408918380737305
2014-08-22,79.11306762695312,16.818450927734375,,,39.764129638671875,,,,26.26211929321289,,25.177104949951172,19.883089065551758,,,,,163.28868103027344,,29.436952590942383
2014-08-25,79.1780776977539,16.65365219116211,,,39.8454475402832,,,,26.157032012939453,,25.252662658691406,19.92896270751953,,,,,164.11669921875,,29.500032424926758
2014-08-26,79.185302734375,16.65365219116211,,,39.87796401977539,,,,26.18569564819336,,25.286243438720703,19.974830627441406,,,,,164.22323608398438,,29.500032424926758
2014-08-27,79.28646087646484,16.627628326416016,,,39.853580474853516,,,,26.18569564819336,,25.29463768005371,20.020713806152344,,,,,164.1576690673828,,29.493022918701172
2014-08-28,79.44527435302734,16.627628326416016,,,39.853580474853516,,,,26.157032012939453,,25.277849197387695,19.96172523498535,,,,,164.0674285888672,,29.500032424926758
2014-08-29,79.4163818359375,16.627628326416016,,,39.9511604309082,,,,26.348098754882812,,25.319822311401367,20.00105094909668,,,,,164.5347442626953,,29.549089431762695
2014-09-02,79.17400360107422,16.627628326416016,,,39.90237045288086,,,,26.414974212646484,,25.286243438720703,19.863426208496094,,,,,164.45277404785156,,29.654226303100586
2014-09-03,79.26087188720703,16.627628326416016,,,40.02434539794922,,,,26.386316299438477,,25.30303382873535,19.922405242919922,,,,,164.36253356933594,,29.74533462524414
2014-09-04,79.15957641601562,16.670995712280273,,,40.113792419433594,,,,26.300334930419922,,25.22747802734375,19.817546844482422,,,,,164.12486267089844,,29.871496200561523
2014-09-05,79.1161880493164,16.670995712280273,,,39.95930099487305,,,,26.319438934326172,,25.30303382873535,19.8241024017334,,,,,164.8626708984375,,29.738327026367188
2014-09-08,79.03662109375,16.65365219116211,,,39.8454475402832,,,,26.309886932373047,,25.252662658691406,19.67337417602539,,,,,164.43637084960938,,29.82944679260254
2014-09-09,78.9281005859375,16.757736206054688,,,40.032474517822266,,,,26.319438934326172,,25.151918411254883,19.54886245727539,,,,,163.395263671875,,29.8504695892334
2014-09-10,78.81954956054688,16.723041534423828,,,40.032474517822266,,,,26.290781021118164,,25.193897247314453,19.463674545288086,,,,,164.0100860595703,,29.822429656982422
2014-09-11,78.73995971679688,16.723041534423828,,,40.032474517822266,,,,26.376760482788086,,25.185503005981445,19.450559616088867,,,,,164.1986083984375,,29.990644454956055
2014-09-12,78.58087921142578,16.723041534423828,,,40.089393615722656,,,,26.348098754882812,,25.08475685119629,19.280170440673828,,,,,163.239501953125,,29.97662925720215
2014-09-15,78.56642150878906,16.723041534423828,,,40.089393615722656,,,,26.309886932373047,,25.025991439819336,19.24740219116211,,,,,163.11648559570312,,29.934574127197266
2014-09-16,78.56642150878906,16.723041534423828,,,40.089393615722656,,,,26.46274185180664,,25.118343353271484,19.358816146850586,,,,,164.34616088867188,,29.89252471923828
2014-09-17,78.4795913696289,16.697019577026367,,,40.170719146728516,,,,26.290781021118164,,25.126733779907227,19.299837112426758,,,,,164.56753540039062,,29.97662925720215
2014-09-18,78.48683166503906,16.566913604736328,,,40.16257858276367,,,,26.328994750976562,,25.16870880126953,19.253957748413086,,,,,165.44467163085938,,30.1027889251709
2014-09-19,78.61703491210938,16.618953704833984,,,40.292701721191406,,,,26.348098754882812,,25.126733779907227,19.194978713989258,,,,,165.2955780029297,,30.242958068847656
2014-09-22,78.72550964355469,16.757736206054688,,,40.292701721191406,,,,26.21435546875,,25.025991439819336,18.985265731811523,,,,,164.01898193359375,,30.36211395263672
2014-09-23,78.79786682128906,16.749061584472656,,,40.292701721191406,,,,26.17613983154297,,24.992414474487305,18.94594955444336,,,,,163.08010864257812,,30.3901424407959
2014-09-24,78.74725341796875,16.749061584472656,,,40.23575973510742,,,,26.376760482788086,,25.10154914855957,18.965606689453125,,,,,164.35670471191406,,30.40416717529297
2014-09-25,78.8991470336914,16.78375816345215,,,40.23575973510742,,,,26.13792610168457,,24.92525291442871,18.77556037902832,,,,,161.70472717285156,,30.418184280395508
2014-09-26,78.89189910888672,16.835798263549805,,,40.333351135253906,,,,26.36720848083496,,24.98401641845703,18.847644805908203,,,,,162.98953247070312,,30.509296417236328
2014-09-29,78.97872161865234,16.78375816345215,,,40.333351135253906,,,,26.290781021118164,,24.950437545776367,18.762449264526367,,,,,162.69300842285156,,30.38313865661621
2014-09-30,78.9281005859375,16.870492935180664,,,40.333351135253906,,,,26.21435546875,,24.908462524414062,18.652080535888672,,,,,162.26475524902344,,30.56536865234375
2014-10-01,79.36940002441406,17.00060272216797,,,40.13005447387695,,,,26.21435546875,,24.75735092163086,18.514110565185547,,,,,160.06573486328125,,30.586393356323242
2014-10-02,79.23898315429688,17.069992065429688,,,40.13005447387695,,,,26.376760482788086,,24.740554809570312,18.40898895263672,,,,,160.0905303955078,,30.530323028564453
2014-10-03,79.2027816772461,16.93988609313965,,,40.325225830078125,,,,26.539167404174805,,24.807716369628906,18.34328842163086,,,,,161.85302734375,,30.684520721435547
2014-10-06,79.27520751953125,17.00060272216797,,,40.325225830078125,,,,26.386316299438477,,24.816112518310547,18.461549758911133,,,,,161.6634979248047,,30.397151947021484
2014-10-07,79.57954406738281,16.78375816345215,,,40.325225830078125,,,,26.376760482788086,,24.681791305541992,18.28415870666504,,,,,159.16806030273438,,30.327068328857422
2014-10-08,79.80413818359375,17.165403366088867,,,40.325225830078125,,,,26.52005958557129,,24.849695205688477,18.474689483642578,,,,,161.95181274414062,,30.334077835083008
2014-10-09,79.64472961425781,17.312856674194336,,,39.78852844238281,,,,26.27167320251465,,24.597841262817383,18.179046630859375,,,,,158.7397918701172,,30.27800941467285
2014-10-10,79.70271301269531,17.512353897094727,,,39.69907760620117,,,,26.443634033203125,,24.3963565826416,18.001651763916016,,,,,156.92787170410156,,30.474252700805664
2014-10-13,79.93460083007812,17.7985897064209,,,39.52017593383789,,,,26.17613983154297,,24.23685073852539,17.97537612915039,,,,,154.34994506835938,,30.207914352416992
2014-10-14,80.11575317382812,17.677154541015625,,,39.34128189086914,,,,26.19524574279785,,24.23685073852539,17.98194122314453,,,,,154.58885192871094,,30.23595428466797
2014-10-15,80.2607192993164,17.755218505859375,,,39.251834869384766,,,,25.688919067382812,,24.161293029785156,17.95566177368164,,,,,153.54290771484375,,30.200912475585938
2014-10-16,80.19546508789062,17.755218505859375,,,39.251834869384766,,,,25.803560256958008,,24.152896881103516,18.008222579956055,,,,,153.4111328125,,30.15184783935547
2014-10-17,80.0867919921875,17.45163917541504,,,39.251834869384766,,,,25.937307357788086,,24.362775802612305,18.11334228515625,,,,,155.22300720214844,,30.23595428466797
2014-10-20,80.18099212646484,17.416942596435547,,,39.251834869384766,,,,26.013734817504883,,24.446725845336914,18.21190071105957,,,,,156.73019409179688,,30.341089248657227
2014-10-21,80.10853576660156,17.312856674194336,,,39.487648010253906,,,,26.17613983154297,,24.673397064208984,18.40898895263672,,,,,159.83518981933594,,30.242958068847656
2014-10-22,80.0650634765625,17.312856674194336,,,39.390071868896484,,,,25.937307357788086,,24.572654724121094,18.244747161865234,,,,,158.6985321044922,,30.369123458862305
2014-10-23,79.87665557861328,17.338878631591797,,,39.56083297729492,,,,26.17613983154297,,24.690185546875,18.356430053710938,,,,,160.54339599609375,,30.306045532226562
2014-10-24,79.9056396484375,17.338878631591797,,,39.44699478149414,,,,26.14748191833496,,24.774137496948242,18.369565963745117,,,,,161.77882385253906,,30.36211395263672
2014-10-27,79.93460083007812,17.30418586730957,,,39.57710647583008,,,,26.099714279174805,,24.748952865600586,18.31043815612793,,,,,161.5564727783203,,30.23595428466797
2014-10-28,79.81140899658203,17.217445373535156,,,39.47138977050781,,,,26.243013381958008,,24.89166831970215,18.494394302368164,,,,,163.40957641601562,,30.0677433013916
2014-10-29,79.63750457763672,17.13938331604004,,,39.373809814453125,,,,26.16658592224121,,24.807716369628906,18.435270309448242,,,,,163.16249084472656,,30.0677433013916
2014-10-30,79.76792907714844,17.165403366088867,,,39.585235595703125,,,,26.309886932373047,,24.883275985717773,18.435270309448242,,,,,164.2084197998047,,30.172876358032227
2014-10-31,79.76792907714844,17.00060272216797,,,39.764129638671875,,,,26.281227111816406,,25.00080680847168,18.652080535888672,,,,,166.08619689941406,,30.285017013549805
2014-11-03,79.61695098876953,17.00060272216797,,,39.94301986694336,,,,26.328994750976562,,24.992414474487305,18.48125648498535,,,,,166.17689514160156,,30.3901424407959
2014-11-04,79.62422943115234,17.174074172973633,,,39.98368453979492,,,,26.157032012939453,,24.93364715576172,18.356430053710938,,,,,165.600341796875,,30.418184280395508
2014-11-05,79.65324401855469,17.217445373535156,,,40.07313537597656,,,,26.290781021118164,,24.958831787109375,18.402421951293945,,,,,166.64630126953125,,30.509296417236328
2014-11-06,79.51536560058594,17.226118087768555,,,40.064998626708984,,,,26.19524574279785,,24.950437545776367,18.38271141052246,,,,,167.3134002685547,,30.439210891723633
2014-11-07,79.78388977050781,17.226118087768555,,,40.25203323364258,,,,26.27167320251465,,24.92525291442871,18.527250289916992,,,,,167.4698486328125,,30.418184280395508
2014-11-10,79.5951919555664,17.226118087768555,,,39.83731460571289,,,,26.26211929321289,,24.96722412109375,18.494394302368164,,,,,167.99696350097656,,30.544343948364258
2014-11-11,79.63146209716797,17.226118087768555,,,39.77226638793945,,,,26.14748191833496,,24.992414474487305,18.514110565185547,,,,,168.16168212890625,,30.376129150390625
2014-11-12,79.63873291015625,17.174074172973633,,,39.77226638793945,,,,26.18569564819336,,24.958831787109375,18.441835403442383,,,,,167.98046875,,30.481260299682617
2014-11-13,79.6750259399414,17.321529388427734,,,39.81291961669922,,,,26.243013381958008,,24.96722412109375,18.362998962402344,,,,,168.169921875,,30.51630973815918
2014-11-14,79.74764251708984,17.312856674194336,,,39.975555419921875,,,,26.35765266418457,,24.96722412109375,18.494394302368164,,,,,168.2111358642578,,30.42519760131836
2014-11-17,79.65324401855469,17.312856674194336,,,39.91050720214844,,,,26.3958683013916,,24.992414474487305,18.474689483642578,,,,,168.3181610107422,,30.481260299682617
2014-11-18,79.725830078125,17.15673065185547,,,40.008079528808594,,,,26.663360595703125,,25.126733779907227,18.560094833374023,,,,,169.29006958007812,,30.51630973815918
2014-11-19,79.53707885742188,17.29551124572754,,,40.008079528808594,,,,26.64425277709961,,25.07636833190918,18.415563583374023,,,,,169.0182647705078,,30.558359146118164
2014-11-20,79.68230438232422,17.260812759399414,,,40.089393615722656,,,,26.6155948638916,,25.093151092529297,18.500965118408203,,,,,169.31475830078125,,30.432199478149414
2014-11-21,79.77665710449219,17.260812759399414,,,40.064998626708984,,,,26.64425277709961,,25.193897247314453,18.69806480407715,,,,,170.22064208984375,,30.530323028564453
2014-11-24,79.80571746826172,17.13938331604004,,,40.097530364990234,,,,26.663360595703125,,25.252662658691406,18.612655639648438,,,,,170.69839477539062,,30.607418060302734
2014-11-25,79.97988891601562,17.191425323486328,,,41.235965728759766,,,,26.692020416259766,,25.269453048706055,18.60608673095703,,,,,170.5748291015625,,30.488271713256836
2014-11-26,80.0452651977539,17.260812759399414,,,39.975555419921875,,,,26.74934196472168,,25.33661460876465,18.592947006225586,,,,,171.01129150390625,,30.474252700805664
2014-11-28,80.29204559326172,17.399595260620117,,,39.975555419921875,,,,26.74934196472168,,25.30303382873535,18.139619827270508,,,,,170.64898681640625,,30.782642364501953
2014-12-01,80.11158752441406,17.399595260620117,,,40.056861877441406,,,,26.64425277709961,,25.193897247314453,18.126483917236328,,,,,169.46299743652344,,30.74058723449707
2014-12-02,79.95143127441406,17.373573303222656,,,41.06520462036133,,,,26.68246841430664,,25.2106876373291,18.126483917236328,,,,,170.558349609375,,30.670495986938477
2014-12-03,79.87866973876953,17.38224983215332,,,41.06520462036133,,,,26.797107696533203,,25.2106876373291,18.192174911499023,,,,,171.21734619140625,,30.607418060302734
2014-12-04,80.11880493164062,17.13938331604004,,,40.016212463378906,,,,26.768449783325195,,25.2106876373291,18.10677146911621,,,,,171.0277862548828,,30.60041046142578
2014-12-05,79.77678680419922,17.052644729614258,,,40.17884826660156,,,,26.806659698486328,,25.193897247314453,18.014793395996094,,,,,171.3077850341797,,30.803667068481445
2014-12-08,79.97330474853516,17.38224983215332,,,39.94301986694336,,,,26.606040954589844,,25.093151092529297,17.797985076904297,,,,,170.16305541992188,,30.71255111694336
2014-12-09,80.09700012207031,17.434289932250977,,,39.94301986694336,,,,26.797107696533203,,25.08475685119629,17.889955520629883,,,,,170.04771423339844,,30.61442756652832
2014-12-10,80.23529052734375,17.23479461669922,,,39.74787139892578,,,,26.548721313476562,,24.92525291442871,17.692867279052734,,,,,167.3216552734375,,30.509296417236328
2014-12-11,80.2061996459961,17.20009994506836,,,39.66654968261719,,,,26.67291259765625,,24.93364715576172,17.607454299926758,,,,,168.169921875,,30.558359146118164
2014-12-12,80.46088409423828,17.807262420654297,,,39.66654968261719,,,,26.52005958557129,,24.807716369628906,17.351224899291992,,,,,165.4520721435547,,30.705549240112305
2014-12-15,80.2425537109375,17.44296646118164,,,39.60149383544922,,,,26.62514877319336,,24.606233596801758,17.17384147644043,,,,,164.3155059814453,,30.698537826538086
2014-12-16,80.43905639648438,17.44296646118164,,,39.625892639160156,,,,26.46274185180664,,24.6146297454834,17.21982765197754,,,,,162.99778747558594,,30.635454177856445
2014-12-17,80.33715057373047,17.677154541015625,,,39.715335845947266,,,,26.63469886779785,,24.832904815673828,17.476055145263672,,,,,166.19329833984375,,30.782642364501953
2014-12-18,80.12610626220703,17.677154541015625,,,39.926753997802734,,,,26.68246841430664,,25.00080680847168,17.633739471435547,,,,,170.30307006835938,,30.79665756225586
2014-12-19,80.25708770751953,17.677154541015625,,,39.82105255126953,,,,27.102813720703125,,25.10154914855957,17.817691802978516,,,,,171.02767944335938,,30.782642364501953
2014-12-22,80.38085174560547,17.581745147705078,,,41.06520462036133,,,,26.68246841430664,,25.135129928588867,17.784847259521484,,,,,171.81443786621094,,30.74058723449707
2014-12-23,80.00968170166016,17.581745147705078,,,40.19511032104492,,,,26.6155948638916,,25.0595760345459,17.765132904052734,,,,,172.0463104248047,,30.74058723449707
2014-12-24,80.0965805053711,17.581745147705078,,,39.99994659423828,,,,26.539167404174805,,25.0595760345459,17.732284545898438,,,,,172.06285095214844,,30.586393356323242
2014-12-26,80.1330795288086,17.911348342895508,,,40.19511032104492,,,,26.720678329467773,,25.135129928588867,17.765132904052734,,,,,172.61769104003906,,30.656482696533203
2014-12-29,80.30101776123047,17.911348342895508,,,40.292701721191406,,,,26.663360595703125,,25.121519088745117,17.73409652709961,,,,,172.8495635986328,,30.81768798828125
2014-12-30,80.38862609863281,17.00060272216797,,,39.99994659423828,,,,26.739788055419922,,25.061967849731445,17.73409652709961,,,,,171.92210388183594,,30.656482696533203
2014-12-31,80.41056823730469,17.911348342895508,,,40.325225830078125,,,,26.663360595703125,,25.002418518066406,17.588781356811523,,,,,170.21609497070312,,30.537330627441406
2015-01-02,80.6369400024414,17.191425323486328,,,40.227638244628906,,,,26.663360595703125,,24.942869186401367,17.59539031982422,,,,,170.12496948242188,,30.558359146118164
2015-01-05,80.81218719482422,17.20009994506836,,,40.25203323364258,,,,26.548721313476562,,24.755714416503906,17.351009368896484,,,,,167.05258178710938,,30.782642364501953
2015-01-06,81.01663208007812,17.38224983215332,,,39.99994659423828,,,,26.558273315429688,,24.755714416503906,17.291561126708984,,,,,165.4791259765625,,30.733577728271484
2015-01-07,81.00202941894531,17.38224983215332,,,40.121917724609375,,,,26.825767517089844,,24.908842086791992,17.3840389251709,,,,,167.54119873046875,,30.81768798828125
2015-01-08,80.87789916992188,17.937368392944336,,,40.170719146728516,,,,26.825767517089844,,25.061967849731445,17.529340744018555,,,,,170.51419067382812,,30.78964614868164
2015-01-09,81.07506561279297,17.937368392944336,,,40.08126449584961,,,,26.825767517089844,,25.019433975219727,17.575572967529297,,,,,169.1477813720703,,30.7265682220459
2015-01-12,81.14075469970703,18.362384796142578,,,40.30082702636719,,,,26.797107696533203,,24.93436050415039,17.44347381591797,,,,,167.82275390625,,30.782642364501953
2015-01-13,81.1626968383789,17.45163917541504,,,40.36587905883789,,,,26.768449783325195,,24.942869186401367,17.34440040588379,,,,,167.35072326660156,,30.71255111694336
2015-01-14,81.35982513427734,17.45163917541504,,,41.05707550048828,,,,26.701574325561523,,24.93436050415039,17.29817008972168,,,,,166.34042358398438,,30.586393356323242
2015-01-15,81.73226928710938,18.128190994262695,,,40.28456497192383,,,,26.787553787231445,,24.80675506591797,17.337799072265625,,,,,164.81661987304688,,30.432199478149414
2015-01-16,81.41826629638672,18.128190994262695,,,40.25203323364258,,,,26.825767517089844,,25.0534610748291,17.562362670898438,,,,,166.97808837890625,,30.474252700805664
2015-01-20,81.5569839477539,18.128190994262695,,,40.064998626708984,,,,26.8353214263916,,25.019433975219727,17.496320724487305,,,,,167.33419799804688,,30.656482696533203
2015-01-21,81.41096496582031,17.616437911987305,,,40.325225830078125,,,,26.825767517089844,,25.078983306884766,17.615205764770508,,,,,168.17881774902344,,30.551349639892578
2015-01-22,81.36710357666016,17.616437911987305,,,40.40654373168945,,,,26.978622436523438,,25.206588745117188,17.720882415771484,,,,,170.6798553466797,,30.782642364501953
2015-01-23,81.57164001464844,17.972061157226562,,,40.43094253540039,,,,27.007280349731445,,25.189573287963867,17.59539031982422,,,,,169.7440643310547,,30.929826736450195
2015-01-26,81.53507232666016,18.38840675354004,,,40.43094253540039,,,,27.05504608154297,,25.28315544128418,17.714275360107422,,,,,170.1415252685547,,30.9788875579834
2015-01-27,81.49125671386719,17.902673721313477,,,40.35774230957031,,,,27.06460189819336,,25.198081970214844,17.701065063476562,,,,,167.89732360839844,,30.852731704711914
2015-01-28,81.8344497680664,18.48381996154785,,,40.44718551635742,,,,26.949960708618164,,25.044954299926758,17.496320724487305,,,,,165.74415588378906,,30.887767791748047
2015-01-29,81.76876831054688,18.48381996154785,,,40.82938003540039,,,,26.89263916015625,,25.16405487060547,17.48310661315918,,,,,167.2761993408203,,31.034955978393555
2015-01-30,82.06082916259766,18.48381996154785,,,41.06520462036133,,,,26.911746978759766,,24.670639038085938,17.48310661315918,,,,,165.17276000976562,,30.992904663085938
2015-02-02,82.05791473388672,18.249624252319336,,,40.731807708740234,,,,26.949960708618164,,25.13002586364746,17.668045043945312,,,,,167.21823120117188,,31.034955978393555
2015-02-03,81.74343872070312,18.249624252319336,,,40.44718551635742,,,,26.969066619873047,,25.26613998413086,17.96526527404785,,,,,169.6363983154297,,30.635454177856445
2015-02-04,81.86772155761719,17.78124237060547,,,40.69114685058594,,,,26.978622436523438,,25.198081970214844,17.78032112121582,,,,,168.99041748046875,,30.76161766052246
2015-02-05,81.6995620727539,17.78124237060547,,,40.65861511230469,,,,27.112367630004883,,25.308673858642578,18.03791618347168,,,,,170.6964111328125,,30.67751121520996
2015-02-06,81.22417449951172,17.633787155151367,,,40.60982894897461,,,,27.102813720703125,,25.189573287963867,17.85297966003418,,,,,170.22434997558594,,30.62843894958496
2015-02-09,81.20955657958984,17.78124237060547,,,40.60982894897461,,,,27.102813720703125,,25.13852882385254,17.87940216064453,,,,,169.46250915527344,,30.60041046142578
2015-02-10,81.12178039550781,17.78124237060547,,,40.739933013916016,,,,27.15058135986328,,25.198081970214844,17.80674171447754,,,,,171.26783752441406,,30.60041046142578
2015-02-11,81.085205078125,17.78124237060547,,,40.95949172973633,,,,27.02638816833496,,25.198081970214844,17.714275360107422,,,,,171.3672332763672,,30.656482696533203
2015-02-12,81.09980773925781,17.78124237060547,,,40.79685974121094,,,,27.1314754486084,,25.32569122314453,17.919029235839844,,,,,173.01522827148438,,30.439210891723633
2015-02-13,81.0047836303711,17.78124237060547,,,40.617958068847656,,,,27.188793182373047,,25.427772521972656,18.090761184692383,,,,,173.72744750976562,,30.3551025390625
2015-02-17,80.67567443847656,17.841957092285156,,,40.82938003540039,,,,27.2747745513916,,25.359716415405273,18.05773162841797,,,,,174.0006561279297,,30.27800941467285
2015-02-18,80.90237426757812,17.841957092285156,,,40.82938003540039,,,,27.255666732788086,,25.444787979125977,18.051122665405273,,,,,174.01724243164062,,30.270994186401367
2015-02-19,80.83654022216797,17.841957092285156,,,41.0245475769043,,,,27.332096099853516,,25.419265747070312,17.925630569458008,,,,,173.89305114746094,,30.263988494873047
2015-02-20,80.85118865966797,17.729198455810547,,,40.98388671875,,,,27.332096099853516,,25.52985954284668,17.971872329711914,,,,,174.93649291992188,,30.270994186401367
2015-02-23,80.99746704101562,17.217445373535156,,,40.861907958984375,,,,27.24611473083496,,25.52135467529297,17.925630569458008,,,,,174.91168212890625,,30.36211395263672
2015-02-24,81.3558120727539,17.13938331604004,,,41.0489387512207,,,,27.31298828125,,25.58940887451172,17.98506736755371,,,,,175.40853881835938,,30.36211395263672
2015-02-25,81.41434478759766,17.174074172973633,,,41.03268051147461,,,,27.389413833618164,,25.59791374206543,18.064332962036133,,,,,175.2594757080078,,30.376129150390625
2015-02-26,81.12178039550781,17.148054122924805,,,41.13839340209961,,,,27.360755920410156,,25.56389045715332,17.899211883544922,,,,,175.052490234375,,30.502286911010742
2015-02-27,81.32659149169922,17.434289932250977,,,41.1546516418457,,,,27.398967742919922,,25.51284408569336,17.98506736755371,,,,,174.45616149902344,,30.453227996826172
2015-03-02,80.91339111328125,17.434289932250977,,,41.30915832519531,,,,27.427627563476562,,25.580902099609375,17.87940216064453,,,,,175.55758666992188,,30.523313522338867
2015-03-03,80.81079864501953,17.434289932250977,,,41.74825668334961,,,,27.437179565429688,,25.504337310791016,17.85297966003418,,,,,174.837158203125,,30.670495986938477
2015-03-04,80.85478973388672,17.434289932250977,,,41.366085052490234,,,,27.437179565429688,,25.478818893432617,17.73409652709961,,,,,174.10009765625,,30.684520721435547
2015-03-05,80.89143371582031,17.56439781188965,,,42.03288269042969,,,,27.332096099853516,,25.478818893432617,17.707672119140625,,,,,174.2905731201172,,30.754608154296875
2015-03-06,80.3639144897461,17.56439781188965,,,41.53684616088867,,,,27.24611473083496,,25.28315544128418,17.3840389251709,,,,,171.83929443359375,,30.999914169311523
2015-03-09,80.5690689086914,17.56439781188965,,,41.797061920166016,,,,27.284326553344727,,25.308673858642578,17.377429962158203,,,,,172.5514678955078,,30.957860946655273
2015-03-10,80.75951385498047,17.56439781188965,,,42.358154296875,,,,27.255666732788086,,25.181068420410156,17.133047103881836,,,,,169.75233459472656,,31.13307762145996
2015-03-11,80.92070770263672,17.56439781188965,,,41.84585189819336,,,,27.437179565429688,,25.172563552856445,17.133047103881836,,,,,169.3548126220703,,31.15410614013672
2015-03-12,80.98664855957031,17.56439781188965,,,42.13859176635742,,,,27.52315902709961,,25.334196090698242,17.199094772338867,,,,,171.5079803466797,,31.147090911865234
2015-03-13,80.8327865600586,17.56439781188965,,,42.471988677978516,,,,27.446733474731445,,25.223602294921875,17.02076530456543,,,,,170.45628356933594,,31.273258209228516
2015-03-16,81.00862121582031,17.56439781188965,,,42.36629104614258,,,,27.513607025146484,,25.385236740112305,17.100019454956055,,,,,172.73365783691406,,31.20317268371582
2015-03-17,80.99394989013672,17.56439781188965,,,43.13066101074219,,,,27.50405502319336,,25.376731872558594,17.08020782470703,,,,,172.22023010253906,,31.23821258544922
2015-03-18,81.5873794555664,17.56439781188965,,,42.81352996826172,,,,27.437179565429688,,25.580902099609375,17.42365837097168,,,,,174.2905731201172,,30.845722198486328
2015-03-19,81.30169677734375,17.56439781188965,,,42.75661087036133,,,,27.513607025146484,,25.52135467529297,17.278356552124023,,,,,173.49549865722656,,31.04196548461914
2015-03-20,81.55072784423828,17.56439781188965,,,41.95969009399414,,,,27.599586486816406,,25.648963928222656,17.54254913330078,,,,,175.0269775390625,,30.67751121520996
2015-03-23,81.56536102294922,17.56439781188965,,,41.82958984375,,,,27.656909942626953,,25.6574649810791,17.628419876098633,,,,,174.68592834472656,,30.460235595703125
2015-03-24,81.78512573242188,17.56439781188965,,,42.81352996826172,,,,27.666458129882812,,25.623437881469727,17.562362670898438,,,,,173.704345703125,,30.56536865234375
2015-03-25,81.63130187988281,17.824609756469727,,,41.797061920166016,,,,27.5709285736084,,25.453298568725586,17.54254913330078,,,,,171.1588592529297,,30.593408584594727
2015-03-26,81.33828735351562,17.85930633544922,,,42.667152404785156,,,,27.580482482910156,,25.393747329711914,17.48310661315918,,,,,170.75131225585938,,30.6915283203125
2015-03-27,81.45549774169922,17.390920639038086,,,42.6752815246582,,,,27.647354125976562,,25.461801528930664,17.377429962158203,,,,,171.1422882080078,,30.7265682220459
2015-03-30,81.49211883544922,17.390920639038086,,,42.11419677734375,,,,27.609140396118164,,25.555383682250977,17.476497650146484,,,,,173.23019409179688,,30.824691772460938
2015-03-31,81.63130187988281,17.434289932250977,,,42.5451774597168,,,,27.551820755004883,,25.47031021118164,17.310596466064453,,,,,171.7162628173828,,31.034955978393555
2015-04-01,81.89623260498047,17.434289932250977,,,42.33375930786133,,,,27.656909942626953,,25.444787979125977,17.442790985107422,,,,,171.1090087890625,,30.915809631347656
2015-04-02,81.78618621826172,17.434289932250977,,,42.284969329833984,,,,27.676013946533203,,25.52985954284668,17.49567222595215,,,,,171.7245635986328,,30.642471313476562
2015-04-06,81.83753967285156,17.434289932250977,,,42.21176528930664,,,,27.704673767089844,,25.614933013916016,17.634475708007812,,,,,172.88082885742188,,30.558359146118164
2015-04-07,81.85224914550781,17.434289932250977,,,42.42319869995117,,,,27.637800216674805,,25.5723934173584,17.66090965270996,,,,,172.42332458496094,,30.71255111694336
2015-04-08,81.85958862304688,17.269487380981445,,,42.42319869995117,,,,27.656909942626953,,25.59791374206543,17.61464500427246,,,,,173.00555419921875,,30.803667068481445
2015-04-09,81.65406036376953,17.148054122924805,,,42.699676513671875,,,,27.714229583740234,,25.60642433166504,17.58820152282715,,,,,173.7708740234375,,31.013933181762695
2015-04-10,81.65406036376953,17.009275436401367,,,42.732200622558594,,,,27.742889404296875,,25.623437881469727,17.62786102294922,,,,,174.7191925048828,,31.04196548461914
2015-04-13,81.74213409423828,17.009275436401367,,,42.382545471191406,,,,27.656909942626953,,25.58940887451172,17.561765670776367,,,,,173.92889404296875,,31.168128967285156
2015-04-14,81.83023071289062,17.009275436401367,,,42.569576263427734,,,,27.647354125976562,,25.614933013916016,17.713783264160156,,,,,174.2616729736328,,30.999914169311523
2015-04-15,81.94026947021484,17.009275436401367,,,42.20363998413086,,,,27.676013946533203,,25.640453338623047,17.85919952392578,,,,,175.04360961914062,,30.922815322875977
2015-04-16,81.89623260498047,17.087339401245117,,,42.537052154541016,,,,27.676013946533203,,25.70000457763672,17.958341598510742,,,,,174.9936981201172,,30.76862144470215
2015-04-17,81.96231842041016,17.087339401245117,,,42.187381744384766,,,,27.656909942626953,,25.5723934173584,17.872417449951172,,,,,172.98062133789062,,30.8947811126709
2015-04-20,81.90357208251953,16.740386962890625,,,42.187381744384766,,,,27.733333587646484,,25.58940887451172,17.839366912841797,,,,,174.56109619140625,,30.985891342163086
2015-04-21,81.8155288696289,16.766407012939453,,,42.79726791381836,,,,27.742889404296875,,25.59791374206543,17.78649139404297,,,,,174.35316467285156,,30.94384765625
2015-04-22,81.57330322265625,16.766407012939453,,,42.13046646118164,,,,27.704673767089844,,25.614933013916016,17.766664505004883,,,,,175.20993041992188,,30.929826736450195
2015-04-23,81.69808197021484,16.766407012939453,,,42.82166290283203,,,,27.723783493041992,,25.674482345581055,17.931907653808594,,,,,175.65081787109375,,30.7756290435791
2015-04-24,81.83753967285156,17.017948150634766,,,42.82978439331055,,,,27.62824821472168,,25.682987213134766,17.978174209594727,,,,,176.0584259033203,,30.852731704711914
2015-04-27,81.86695098876953,16.827125549316406,,,42.75661087036133,,,,27.59003257751465,,25.6574649810791,18.01121711730957,,,,,175.32640075683594,,30.873754501342773
2015-04-28,81.55127716064453,16.731714248657227,,,41.90277099609375,,,,27.637800216674805,,25.682987213134766,18.044267654418945,,,,,175.88377380371094,,30.6915283203125
2015-04-29,81.3678207397461,11.241214752197266,,,41.95969009399414,,,,27.609140396118164,,25.58940887451172,17.997997283935547,,,,,175.16004943847656,,30.502286911010742
2015-04-30,81.3678207397461,16.731714248657227,,,42.23617935180664,,,,27.676013946533203,,25.52135467529297,17.918684005737305,,,,,173.4048614501953,,30.579387664794922
2015-05-01,81.13691711425781,16.428131103515625,,,42.26057434082031,,,,27.714229583740234,,25.5723934173584,18.00461196899414,,,,,175.28480529785156,,30.635454177856445
2015-05-04,80.98251342773438,16.428131103515625,,,42.5451774597168,,,,27.647354125976562,,25.5723934173584,18.03765869140625,,,,,175.78392028808594,,30.62143898010254
2015-05-05,80.90895080566406,16.315372467041016,,,42.23617935180664,,,,27.637800216674805,,25.453298568725586,17.931907653808594,,,,,173.7708740234375,,30.62843894958496
2015-05-06,80.63691711425781,16.428131103515625,,,42.10606384277344,,,,27.62824821472168,,25.402252197265625,17.86581039428711,,,,,173.05551147460938,,30.62843894958496
2015-05-07,80.83544158935547,16.65365219116211,,,41.431129455566406,,,,27.599586486816406,,25.427772521972656,17.79309844970703,,,,,173.74588012695312,,30.551349639892578
2015-05-08,81.10018920898438,16.723041534423828,,,42.284969329833984,,,,27.666458129882812,,25.546875,18.031051635742188,,,,,176.03346252441406,,30.49527931213379
2015-05-11,80.58538055419922,17.23479461669922,,,42.325626373291016,,,,27.723783493041992,,25.461801528930664,17.938512802124023,,,,,175.19332885742188,,30.537330627441406
2015-05-12,80.57810974121094,17.23479461669922,,,42.26057434082031,,,,27.733333587646484,,25.444787979125977,17.978174209594727,,,,,174.6692657470703,,30.698537826538086
2015-05-13,80.5707015991211,17.23479461669922,,,42.26057434082031,,,,27.742889404296875,,25.478818893432617,18.01121711730957,,,,,174.70254516601562,,30.6915283203125
2015-05-14,80.6956787109375,16.688344955444336,,,42.01661682128906,,,,27.714229583740234,,25.5723934173584,18.13018798828125,,,,,176.52427673339844,,30.530323028564453
2015-05-15,81.03398895263672,16.688344955444336,,,42.00849533081055,,,,27.61869239807129,,25.59791374206543,18.189678192138672,,,,,176.71559143066406,,30.509296417236328
2015-05-18,80.7251205444336,16.575586318969727,,,42.06541442871094,,,,27.676013946533203,,25.5723934173584,18.08392906188965,,,,,177.2646026611328,,30.502286911010742
2015-05-19,80.44570922851562,16.575586318969727,,,41.33354949951172,,,,27.599586486816406,,25.580902099609375,17.892244338989258,,,,,177.2063751220703,,30.453227996826172
2015-05-20,80.5707015991211,16.575586318969727,,,42.089805603027344,,,,27.676013946533203,,25.5723934173584,17.94512176513672,,,,,177.0815887451172,,30.60041046142578
2015-05-21,80.82072448730469,16.870492935180664,,,42.024749755859375,,,,27.723783493041992,,25.58940887451172,18.024436950683594,,,,,177.5973358154297,,30.6915283203125
2015-05-22,80.73246765136719,16.65365219116211,,,42.19551086425781,,,,27.723783493041992,,25.580902099609375,17.95173454284668,,,,,177.17306518554688,,30.698537826538086
2015-05-26,80.93102264404297,16.65365219116211,,,42.25244140625,,,,27.742889404296875,,25.504337310791016,17.680734634399414,,,,,175.26815795898438,,30.67751121520996
2015-05-27,81.01194763183594,16.65365219116211,,,42.512657165527344,,,,27.752439498901367,,25.5723934173584,17.66090965270996,,,,,176.93186950683594,,30.62843894958496
2015-05-28,80.98251342773438,16.65365219116211,,,42.512657165527344,,,,27.7906551361084,,25.546875,17.641082763671875,,,,,176.73219299316406,,30.649465560913086
2015-05-29,81.01194763183594,16.65365219116211,,,42.36629104614258,,,,27.78110122680664,,25.51284408569336,17.647693634033203,,,,,175.63414001464844,,30.810678482055664
2015-06-01,80.7879638671875,16.7056941986084,,,42.36629104614258,,,,27.752439498901367,,25.52985954284668,17.561765670776367,,,,,175.99191284179688,,30.76862144470215
2015-06-02,80.47113800048828,16.7056941986084,,,42.20363998413086,,,,27.78110122680664,,25.504337310791016,17.647693634033203,,,,,175.81712341308594,,30.705549240112305
2015-06-03,80.15440368652344,16.7056941986084,,,42.162986755371094,,,,27.7906551361084,,25.47031021118164,17.568378448486328,,,,,176.28305053710938,,30.62143898010254
2015-06-04,80.32382202148438,16.7056941986084,,,41.64256286621094,,,,27.752439498901367,,25.461801528930664,17.4295711517334,,,,,174.7940216064453,,30.418184280395508
2015-06-05,79.97019958496094,16.7056941986084,,,41.46367263793945,,,,27.7906551361084,,25.342702865600586,17.363481521606445,,,,,174.49464416503906,,30.74058723449707
2015-06-08,80.08809661865234,16.7056941986084,,,40.861907958984375,,,,27.69512176513672,,25.32569122314453,17.317209243774414,,,,,173.42147827148438,,30.51630973815918
2015-06-09,79.85971069335938,16.7056941986084,,,41.14651870727539,,,,27.733333587646484,,25.291662216186523,17.350255966186523,,,,,173.39654541015625,,30.586393356323242
2015-06-10,79.66078186035156,16.618953704833984,,,41.14651870727539,,,,27.752439498901367,,25.368227005004883,17.48244857788086,,,,,175.47618103027344,,30.684520721435547
2015-06-11,80.08809661865234,16.618953704833984,,,41.03268051147461,,,,27.704673767089844,,25.376731872558594,17.462623596191406,,,,,176.0417938232422,,30.670495986938477
2015-06-12,79.99226379394531,16.618953704833984,,,41.52058410644531,,,,27.742889404296875,,25.342702865600586,17.363481521606445,,,,,174.69419860839844,,30.663490295410156
2015-06-15,80.08809661865234,16.662324905395508,,,41.52058410644531,,,,27.742889404296875,,25.291662216186523,17.30398941040039,,,,,173.945556640625,,30.586393356323242
2015-06-16,80.220703125,16.662324905395508,,,40.91070556640625,,,,27.704673767089844,,25.3001651763916,17.389911651611328,,,,,174.89382934570312,,30.530323028564453
2015-06-17,80.22807312011719,16.662324905395508,,,41.38235092163086,,,,27.647354125976562,,25.351213455200195,17.396528244018555,,,,,175.17666625976562,,30.523313522338867
2015-06-18,80.20597076416016,16.662324905395508,,,41.431129455566406,,,,27.704673767089844,,25.410764694213867,17.49567222595215,,,,,176.9983673095703,,30.544343948364258
2015-06-19,80.4564208984375,16.78375816345215,,,41.39047622680664,,,,27.676013946533203,,25.402252197265625,17.416353225708008,,,,,176.212646484375,,30.40416717529297
2015-06-22,80.05862426757812,16.78375816345215,,,41.1953125,,,,27.62824821472168,,25.402252197265625,17.4295711517334,,,,,177.1154327392578,,30.460235595703125
2015-06-23,79.87442779541016,16.78375816345215,,,41.658817291259766,,,,27.666458129882812,,25.368227005004883,17.442790985107422,,,,,177.24082946777344,,30.62843894958496
2015-06-24,79.99966430664062,16.78375816345215,,,41.634429931640625,,,,27.609140396118164,,25.376731872558594,17.389911651611328,,,,,175.95361328125,,30.523313522338867
2015-06-25,79.91129302978516,16.402111053466797,,,41.53684616088867,,,,27.609140396118164,,25.334196090698242,17.350255966186523,,,,,175.41860961914062,,30.334077835083008
2015-06-26,79.71968841552734,16.402111053466797,,,41.33354949951172,,,,27.542268753051758,,25.23211097717285,17.350255966186523,,,,,175.38516235351562,,30.3551025390625
2015-06-29,80.19120025634766,16.402111053466797,,,41.219696044921875,,,,27.446733474731445,,25.14703941345215,17.1585750579834,,,,,171.70726013183594,,30.074752807617188
2015-06-30,80.13964080810547,16.402111053466797,,,40.88630676269531,,,,27.427627563476562,,25.16405487060547,17.225189208984375,,,,,172.0666961669922,,29.920560836791992
2015-07-01,79.9373779296875,16.887840270996094,,,40.731807708740234,,,,27.484949111938477,,25.16405487060547,17.15857696533203,,,,,173.44586181640625,,29.787389755249023
2015-07-02,80.04817199707031,16.775081634521484,,,40.731807708740234,,,,27.551820755004883,,25.181068420410156,17.2052059173584,,,,,173.28709411621094,,29.815427780151367
2015-07-06,80.33599853515625,16.974580764770508,,,40.98388671875,,,,27.666458129882812,,25.070472717285156,16.985387802124023,,,,,172.7939453125,,29.507041931152344
2015-07-07,80.44670867919922,16.931209564208984,,,41.179046630859375,,,,27.465839385986328,,25.036447525024414,16.945432662963867,,,,,173.88050842285156,,29.479001998901367
2015-07-08,80.6386489868164,16.931209564208984,,,41.040809631347656,,,,27.379859924316406,,24.95137596130371,16.785568237304688,,,,,170.96331787109375,,29.296775817871094
2015-07-09,80.34339904785156,17.217445373535156,,,40.821250915527344,,,,27.437179565429688,,24.98540496826172,16.81886863708496,,,,,171.2725830078125,,29.514053344726562
2015-07-10,80.00382995605469,17.217445373535156,,,40.861907958984375,,,,27.532712936401367,,25.078983306884766,16.978736877441406,,,,,173.42916870117188,,29.69627571105957
2015-07-13,79.88567352294922,17.217445373535156,,,40.71553421020508,,,,27.465839385986328,,25.070472717285156,17.018699645996094,,,,,175.34336853027344,,29.619178771972656
2015-07-14,80.01859283447266,16.94856071472168,,,40.861907958984375,,,,27.50405502319336,,25.13852882385254,17.04534149169922,,,,,176.10401916503906,,29.57712745666504
2015-07-15,80.23267364501953,16.94856071472168,,,40.78059005737305,,,,27.418075561523438,,25.104503631591797,16.932109832763672,,,,,176.04551696777344,,29.514053344726562
2015-07-16,80.299072265625,16.913862228393555,,,40.861907958984375,,,,27.389413833618164,,25.206588745117188,16.95874786376953,,,,,177.45814514160156,,29.48600959777832
2015-07-17,80.30646514892578,16.913862228393555,,,41.06520462036133,,,,27.31298828125,,25.172563552856445,16.8987979888916,,,,,177.6085968017578,,29.3948974609375
2015-07-20,80.16622924804688,17.00060272216797,,,41.439266204833984,,,,27.332096099853516,,25.198081970214844,16.758926391601562,,,,,177.70053100585938,,29.34583854675293
2015-07-21,80.299072265625,17.00060272216797,,,41.431129455566406,,,,27.37030601501465,,25.172563552856445,16.75226402282715,,,,,176.9983673095703,,29.408918380737305
2015-07-22,80.33599853515625,17.00060272216797,,,41.658817291259766,,,,27.23655891418457,,25.14703941345215,16.63235855102539,,,,,176.68077087402344,,29.338829040527344
2015-07-23,80.56481170654297,17.29551124572754,,,41.5531120300293,,,,27.341650009155273,,25.14703941345215,16.505807876586914,,,,,175.68603515625,,29.2757511138916
2015-07-24,80.550048828125,17.416942596435547,,,41.528717041015625,,,,27.23655891418457,,25.078983306884766,16.399234771728516,,,,,173.86380004882812,,29.13557243347168
2015-07-27,80.65343475341797,17.416942596435547,,,41.06520462036133,,,,26.959514617919922,,25.061967849731445,16.266010284423828,,,,,172.85238647460938,,28.967363357543945
2015-07-28,80.57218170166016,17.416942596435547,,,41.211578369140625,,,,27.016834259033203,,25.13002586364746,16.425872802734375,,,,,174.97560119628906,,29.002410888671875
2015-07-29,80.50579071044922,17.416942596435547,,,40.60169982910156,,,,27.016834259033203,,25.13002586364746,16.519128799438477,,,,,176.1792755126953,,28.995397567749023
2015-07-30,80.51318359375,17.390920639038086,,,40.69927215576172,,,,27.15058135986328,,25.104503631591797,16.4991512298584,,,,,176.2210235595703,,28.9743709564209
2015-07-31,80.83059692382812,17.286836624145508,,,41.33354949951172,,,,27.169687271118164,,25.155548095703125,16.459182739257812,,,,,175.95361328125,,28.848217010498047
2015-08-03,80.91417694091797,17.182750701904297,,,41.33354949951172,,,,27.12192153930664,,25.13002586364746,16.312641143798828,,,,,175.3600311279297,,28.8552188873291
2015-08-04,80.67745971679688,17.130706787109375,,,41.260372161865234,,,,27.016834259033203,,25.113012313842773,16.299314498901367,,,,,175.01742553710938,,28.89026641845703
2015-08-05,80.52955627441406,17.13938331604004,,,41.48805618286133,,,,27.112367630004883,,25.13002586364746,16.299314498901367,,,,,175.59414672851562,,28.89026641845703
2015-08-06,80.62568664550781,17.13938331604004,,,41.48805618286133,,,,27.016834259033203,,25.121519088745117,16.325958251953125,,,,,174.15635681152344,,28.86223602294922
2015-08-07,80.76624298095703,17.23479461669922,,,41.41487121582031,,,,26.959514617919922,,25.13852882385254,16.299314498901367,,,,,173.82200622558594,,28.708032608032227
2015-08-10,80.66267395019531,17.23479461669922,,,41.51245880126953,,,,27.169687271118164,,25.189573287963867,16.459182739257812,,,,,176.01202392578125,,28.504779815673828
2015-08-11,80.928955078125,17.260812759399414,,,41.51245880126953,,,,27.12192153930664,,25.181068420410156,16.325958251953125,,,,,174.42388916015625,,28.588890075683594
2015-08-12,80.87716674804688,17.347553253173828,,,40.70741271972656,,,,26.959514617919922,,25.14703941345215,16.33928108215332,,,,,174.6328582763672,,28.66598129272461
2015-08-13,80.70703887939453,17.347553253173828,,,41.040809631347656,,,,27.045494079589844,,25.13002586364746,16.29265594482422,,,,,174.41549682617188,,28.67299461364746
2015-08-14,80.67009735107422,17.347553253173828,,,41.016414642333984,,,,27.09326171875,,25.113012313842773,16.29265594482422,,,,,175.05079650878906,,28.658971786499023
2015-08-17,80.81062316894531,17.347553253173828,,,41.016414642333984,,,,27.179243087768555,,25.14703941345215,16.252689361572266,,,,,176.02883911132812,,28.764108657836914
2015-08-18,80.66267395019531,17.512353897094727,,,41.06520462036133,,,,27.15058135986328,,25.070472717285156,16.186079025268555,,,,,175.51890563964844,,28.86923599243164
2015-08-19,80.91417694091797,17.677154541015625,,,41.06520462036133,,,,27.07415199279785,,25.0534610748291,16.0528564453125,,,,,174.13131713867188,,28.79915428161621
2015-08-20,81.03984069824219,17.78124237060547,,,40.520389556884766,,,,27.05504608154297,,24.942869186401367,15.959610939025879,,,,,170.4952392578125,,28.59589385986328
2015-08-21,81.1804428100586,18.03278160095215,,,40.439064025878906,,,,27.02638816833496,,24.883319854736328,15.666529655456543,,,,,165.36289978027344,,28.708032608032227
2015-08-24,81.15084838867188,18.145540237426758,,,40.439064025878906,,,,27.016834259033203,,24.721683502197266,15.140310287475586,,,,,158.40000915527344,,28.602907180786133
2015-08-25,80.95854949951172,18.050127029418945,,,40.14631652832031,,,,26.806659698486328,,24.679149627685547,15.060384750366211,,,,,156.53598022460938,,28.729063034057617
2015-08-26,80.58132934570312,18.067474365234375,,,39.87796401977539,,,,26.997726440429688,,24.730188369750977,15.233566284179688,,,,,162.54598999023438,,28.89727210998535
2015-08-27,80.69227600097656,17.972061157226562,,,39.568973541259766,,,,27.07415199279785,,24.84078598022461,15.613241195678711,,,,,166.5665283203125,,28.86223602294922
2015-08-28,80.61833190917969,17.694503784179688,,,40.44718551635742,,,,27.06460189819336,,24.80675506591797,15.71981143951416,,,,,166.57498168945312,,28.83418846130371
2015-08-31,80.55914306640625,17.72052574157715,,,39.88610076904297,,,,27.12192153930664,,24.730188369750977,15.786428451538086,,,,,165.2291717529297,,28.82017707824707
2015-09-01,80.79779052734375,17.841957092285156,,,39.46326446533203,,,,26.978622436523438,,24.64512062072754,15.406749725341797,,,,,160.2974395751953,,29.079500198364258
2015-09-02,80.69406127929688,17.789915084838867,,,39.46326446533203,,,,26.825767517089844,,24.653627395629883,15.433393478393555,,,,,163.34007263183594,,29.0584774017334
2015-09-03,80.8126220703125,18.119516372680664,,,39.46326446533203,,,,27.05504608154297,,24.670639038085938,15.546635627746582,,,,,163.45709228515625,,29.002410888671875
2015-09-04,80.98307037353516,17.824609756469727,,,40.24390411376953,,,,27.02638816833496,,24.585569381713867,15.340142250061035,,,,,160.98287963867188,,29.09351921081543
2015-09-08,80.79042053222656,17.57307243347168,,,39.47952651977539,,,,27.15058135986328,,24.704669952392578,15.526643753051758,,,,,165.0284881591797,,28.883256912231445
2015-09-09,80.8200454711914,17.66848373413086,,,40.36587905883789,,,,27.007280349731445,,24.653627395629883,15.426733016967773,,,,,162.82180786132812,,28.932315826416016
2015-09-10,80.7310791015625,17.66848373413086,,,40.333351135253906,,,,27.05504608154297,,24.679149627685547,15.460039138793945,,,,,163.7079315185547,,28.83418846130371
2015-09-11,80.82737731933594,17.66848373413086,,,40.333351135253906,,,,27.12192153930664,,24.738698959350586,15.473358154296875,,,,,164.4517822265625,,28.89727210998535
2015-09-14,80.84967803955078,17.677154541015625,,,39.316890716552734,,,,27.05504608154297,,24.704669952392578,15.406749725341797,,,,,163.84161376953125,,28.827186584472656
2015-09-15,80.48651885986328,17.651132583618164,,,39.42259979248047,,,,27.15058135986328,,24.68765640258789,15.45337963104248,,,,,165.88951110839844,,28.715049743652344
2015-09-16,80.41978454589844,17.53837776184082,,,39.47138977050781,,,,27.141027450561523,,24.764219284057617,15.613241195678711,,,,,167.3272247314453,,28.70102882385254
2015-09-17,80.92378997802734,17.57307243347168,,,39.47138977050781,,,,27.07415199279785,,24.85779571533203,15.679848670959473,,,,,166.95106506347656,,28.806154251098633
2015-09-18,80.990478515625,17.902673721313477,,,39.47138977050781,,,,27.06460189819336,,24.78973960876465,15.460039138793945,,,,,164.2228240966797,,29.009416580200195
2015-09-21,80.77554321289062,17.928695678710938,,,39.8454475402832,,,,27.07415199279785,,24.713176727294922,15.433393478393555,,,,,165.0714874267578,,28.827186584472656
2015-09-22,80.96821594238281,18.128190994262695,,,39.8454475402832,,,,26.911746978759766,,24.61109161376953,15.266871452331543,,,,,162.9288787841797,,29.009416580200195
2015-09-23,80.90155029296875,18.319015502929688,,,40.60169982910156,,,,26.873531341552734,,24.602584838867188,15.173619270324707,,,,,162.66844177246094,,29.079500198364258
2015-09-24,81.0053482055664,18.275646209716797,,,39.715335845947266,,,,26.921300888061523,,24.56855583190918,15.166955947875977,,,,,162.0802764892578,,29.037450790405273
2015-09-25,80.86448669433594,18.30167007446289,,,40.25203323364258,,,,26.67291259765625,,24.526018142700195,15.180279731750488,,,,,162.03826904296875,,28.91128921508789
2015-09-28,81.05719757080078,18.518512725830078,,,40.333351135253906,,,,26.300334930419922,,24.398414611816406,14.940486907958984,,,,,157.9715118408203,,29.079500198364258
2015-09-29,81.18313598632812,18.56188201904297,,,40.65048599243164,,,,26.481847763061523,,24.381399154663086,15.020418167114258,,,,,158.06398010253906,,29.09351921081543
2015-09-30,81.21282958984375,18.43177604675293,,,40.30082702636719,,,,26.567827224731445,,24.500499725341797,15.138507843017578,,,,,161.01319885253906,,29.04445457458496
2015-10-01,81.27596282958984,18.405750274658203,,,40.10566711425781,,,,26.414974212646484,,24.51751136779785,15.185210227966309,,,,,161.4332733154297,,29.128564834594727
2015-10-02,81.52094268798828,18.284320831298828,,,39.91050720214844,,,,26.63469886779785,,24.653627395629883,15.3453369140625,,,,,163.84475708007812,,29.016427993774414
2015-10-05,81.21654510498047,17.902673721313477,,,39.8454475402832,,,,26.567827224731445,,24.730188369750977,15.63890266418457,,,,,166.7603302001953,,28.925310134887695
2015-10-06,81.41700744628906,17.98073959350586,,,39.47138977050781,,,,26.434080123901367,,24.730188369750977,15.779012680053711,,,,,166.18896484375,,28.841203689575195
2015-10-07,81.35757446289062,18.024106979370117,,,39.80478286743164,,,,26.51050567626953,,24.738698959350586,15.912450790405273,,,,,167.5501708984375,,28.77812957763672
2015-10-08,81.2462387084961,17.902673721313477,,,39.77226638793945,,,,26.51050567626953,,24.721683502197266,16.04588508605957,,,,,169.06256103515625,,28.77812957763672
2015-10-09,81.17942810058594,17.7985897064209,,,39.80478286743164,,,,26.548721313476562,,24.755714416503906,16.079238891601562,,,,,169.1634063720703,,28.729063034057617
2015-10-12,81.38733673095703,17.902673721313477,,,39.61776351928711,,,,26.491397857666016,,24.764219284057617,15.999184608459473,,,,,169.3230438232422,,28.74307632446289
2015-10-13,81.39469909667969,18.050127029418945,,,39.357547760009766,,,,26.52961540222168,,24.679149627685547,15.872419357299805,,,,,168.25595092773438,,28.73607635498047
2015-10-14,81.69916534423828,17.98073959350586,,,39.20303726196289,,,,26.472293853759766,,24.755714416503906,15.972495079040527,,,,,167.44931030273438,,28.75008773803711
2015-10-15,81.5877914428711,17.833284378051758,,,39.52017593383789,,,,26.63469886779785,,24.764219284057617,16.06590461730957,,,,,170.0204315185547,,28.73607635498047
2015-10-16,81.5060806274414,18.01543426513672,,,39.52017593383789,,,,26.558273315429688,,24.798248291015625,16.039215087890625,,,,,170.79342651367188,,28.86223602294922
2015-10-19,81.5877914428711,18.067474365234375,,,39.63402557373047,,,,26.558273315429688,,24.755714416503906,15.90577220916748,,,,,170.8774871826172,,28.89727210998535
2015-10-20,81.4244384765625,18.128190994262695,,,39.609622955322266,,,,26.52005958557129,,24.713176727294922,15.8991060256958,,,,,170.6589813232422,,28.764108657836914
2015-10-21,81.61751556396484,18.180234909057617,,,39.36567306518555,,,,26.481847763061523,,24.747207641601562,15.865743637084961,,,,,169.60031127929688,,28.841203689575195
2015-10-22,81.63233184814453,18.058801651000977,,,39.251834869384766,,,,26.290781021118164,,24.80675506591797,15.985840797424316,,,,,172.46551513671875,,28.77812957763672
2015-10-23,81.49127960205078,17.503681182861328,,,39.316890716552734,,,,26.35765266418457,,24.77272605895996,15.985840797424316,,,,,174.35598754882812,,28.827186584472656
2015-10-26,81.52837371826172,17.850629806518555,,,39.2924919128418,,,,26.18569564819336,,24.77272605895996,15.89242935180664,,,,,173.927490234375,,28.94633674621582
2015-10-27,81.647216796875,17.876651763916016,,,39.17864227294922,,,,26.252567291259766,,24.798248291015625,15.772340774536133,,,,,173.5914306640625,,28.9743709564209
2015-10-28,81.40216064453125,17.633787155151367,,,39.73973083496094,,,,26.338544845581055,,24.815261840820312,15.865743637084961,,,,,175.56591796875,,28.94633674621582
2015-10-29,81.05319213867188,17.62511444091797,,,39.45512390136719,,,,26.386316299438477,,24.670639038085938,15.805700302124023,,,,,175.46510314941406,,29.016427993774414
2015-10-30,81.26849365234375,17.4776611328125,,,39.45512390136719,,,,26.338544845581055,,24.713176727294922,15.832385063171387,,,,,174.7089080810547,,28.967363357543945
2015-11-02,81.10853576660156,17.3302059173584,,,39.26809310913086,,,,26.35765266418457,,24.704669952392578,15.89242935180664,,,,,176.77589416503906,,28.995397567749023
2015-11-03,80.95974731445312,17.269487380981445,,,39.333152770996094,,,,26.443634033203125,,24.755714416503906,16.03253936767578,,,,,177.2884063720703,,28.939327239990234
2015-11-04,80.95974731445312,17.338878631591797,,,39.707210540771484,,,,26.348098754882812,,24.696163177490234,15.89242935180664,,,,,176.75070190429688,,28.9743709564209
2015-11-05,80.92251586914062,17.20009994506836,,,39.80478286743164,,,,26.300334930419922,,24.679149627685547,15.792354583740234,,,,,176.57421875,,29.04445457458496
2015-11-06,80.5356674194336,17.017948150634766,,,39.80478286743164,,,,26.46274185180664,,24.619600296020508,15.652242660522461,,,,,176.48178100585938,,29.04445457458496
2015-11-09,80.48358917236328,17.035295486450195,,,39.86170959472656,,,,26.35765266418457,,24.5600528717041,15.51213550567627,,,,,174.8349151611328,,29.177627563476562
2015-11-10,80.63239288330078,17.035295486450195,,,39.81291961669922,,,,26.434080123901367,,24.59407615661621,15.492121696472168,,,,,175.23828125,,29.254722595214844
2015-11-11,80.52825164794922,17.035295486450195,,,39.73973083496094,,,,26.376760482788086,,24.483488082885742,15.42540168762207,,,,,174.54930114746094,,29.177627563476562
2015-11-12,80.60264587402344,17.321529388427734,,,39.73973083496094,,,,26.386316299438477,,24.44945526123047,15.251932144165039,,,,,172.11260986328125,,29.184635162353516
2015-11-13,80.75888061523438,17.321529388427734,,,39.94301986694336,,,,26.36720848083496,,24.398414611816406,15.22524356842041,,,,,170.18011474609375,,29.240705490112305
2015-11-16,80.82582092285156,17.399595260620117,,,39.90237045288086,,,,26.3958683013916,,24.509004592895508,15.325323104858398,,,,,172.76800537109375,,29.380878448486328
2015-11-17,80.8853759765625,17.321529388427734,,,40.38214111328125,,,,26.35765266418457,,24.483488082885742,15.291959762573242,,,,,172.64193725585938,,29.331817626953125
2015-11-18,80.82582092285156,17.312856674194336,,,40.21138381958008,,,,26.42452621459961,,24.59407615661621,15.412054061889648,,,,,175.38107299804688,,29.366867065429688
2015-11-19,80.8630599975586,17.321529388427734,,,40.13005447387695,,,,26.233461380004883,,24.585569381713867,15.438741683959961,,,,,175.22979736328125,,29.3948974609375
2015-11-20,80.81095123291016,17.373573303222656,,,40.13005447387695,,,,26.35765266418457,,24.57706069946289,15.405388832092285,,,,,175.86842346191406,,29.479001998901367
2015-11-23,80.83328247070312,17.468982696533203,,,40.154449462890625,,,,26.35765266418457,,24.59407615661621,15.385368347167969,,,,,175.66676330566406,,29.500032424926758
2015-11-24,80.90771484375,17.390920639038086,,,40.21138381958008,,,,26.319438934326172,,24.61109161376953,15.492121696472168,,,,,175.90199279785156,,29.47199821472168
2015-11-25,80.94489288330078,17.356225967407227,,,39.707210540771484,,,,26.35765266418457,,24.653627395629883,15.465431213378906,,,,,175.8768768310547,,29.443958282470703
2015-11-27,80.92251586914062,17.356225967407227,,,39.16238021850586,,,,26.481847763061523,,24.662134170532227,15.405388832092285,,,,,176.07846069335938,,29.514053344726562
2015-11-30,80.95227813720703,17.356225967407227,,,39.8454475402832,,,,26.414974212646484,,24.585569381713867,15.412054061889648,,,,,175.34750366210938,,29.563112258911133
2015-12-01,81.2359848022461,17.390920639038086,,,39.9511604309082,,,,26.539167404174805,,24.721683502197266,15.55215835571289,,,,,177.01954650878906,,29.380878448486328
2015-12-02,81.13894653320312,17.347553253173828,,,39.94301986694336,,,,26.57737922668457,,24.721683502197266,15.331995964050293,,,,,175.2130126953125,,29.563112258911133
2015-12-03,80.541748046875,17.399595260620117,,,39.94301986694336,,,,26.63469886779785,,24.500499725341797,15.251932144165039,,,,,172.7595977783203,,29.366867065429688
2015-12-04,80.80300903320312,17.486331939697266,,,39.94301986694336,,,,26.692020416259766,,24.5600528717041,15.311979293823242,,,,,176.12893676757812,,29.26874542236328
2015-12-07,80.92243957519531,17.486331939697266,,,40.121917724609375,,,,26.6155948638916,,24.543033599853516,15.091804504394531,,,,,175.0618133544922,,29.493022918701172
2015-12-08,80.95228576660156,17.85930633544922,,,39.86170959472656,,,,26.62514877319336,,24.483488082885742,14.985055923461914,,,,,173.88548278808594,,29.450969696044922
2015-12-09,80.95228576660156,17.824609756469727,,,39.88610076904297,,,,26.606040954589844,,24.44945526123047,15.018416404724121,,,,,172.53269958496094,,29.296775817871094
2015-12-10,80.93737030029297,17.711851119995117,,,39.88610076904297,,,,26.6155948638916,,24.466468811035156,15.005070686340332,,,,,172.9780731201172,,29.296775817871094
2015-12-11,81.13894653320312,17.998085021972656,,,40.07313537597656,,,,26.6155948638916,,24.43244171142578,14.83160400390625,,,,,169.62551879882812,,29.240705490112305
2015-12-14,80.75818634033203,18.084823608398438,,,40.016212463378906,,,,26.67291259765625,,24.28782081604004,14.758217811584473,,,,,170.48255920410156,,29.37387466430664
2015-12-15,80.76570129394531,18.01543426513672,,,40.07313537597656,,,,26.67291259765625,,24.245285034179688,14.838271141052246,,,,,172.27227783203125,,29.57712745666504
2015-12-16,80.62385559082031,17.92002296447754,,,39.63402557373047,,,,26.758893966674805,,24.34737205505371,14.931682586669922,,,,,174.79293823242188,,29.605165481567383
2015-12-17,80.73583984375,18.1021728515625,,,39.9511604309082,,,,26.720678329467773,,24.321847915649414,14.804917335510254,,,,,172.12942504882812,,29.710296630859375
2015-12-18,80.90751647949219,18.17156219482422,,,39.67469024658203,,,,26.6155948638916,,24.27080726623535,14.76488208770752,,,,,169.06292724609375,,29.450969696044922
2015-12-21,80.8329086303711,18.1021728515625,,,39.30875778198242,,,,26.68246841430664,,24.321847915649414,14.76488208770752,,,,,170.45753479003906,,29.31780242919922
2015-12-22,80.77316284179688,18.1021728515625,,,40.02434539794922,,,,26.825767517089844,,24.364383697509766,14.844943046569824,,,,,172.0043182373047,,29.401901245117188
2015-12-23,80.75818634033203,17.850629806518555,,,39.43886947631836,,,,26.921300888061523,,24.381399154663086,15.031759262084961,,,,,174.13427734375,,29.380878448486328
2015-12-24,80.79708862304688,17.850629806518555,,,39.764129638671875,,,,26.854427337646484,,24.406917572021484,15.10515022277832,,,,,173.84690856933594,,29.296775817871094
2015-12-28,80.79708862304688,17.928695678710938,,,39.9674186706543,,,,26.854427337646484,,24.415430068969727,14.965041160583496,,,,,173.4496307373047,,29.296775817871094
2015-12-29,80.59517669677734,17.902673721313477,,,39.9674186706543,,,,27.013444900512695,,24.396623611450195,15.055017471313477,,,,,175.3007049560547,,29.282758712768555
2015-12-30,80.58019256591797,17.937368392944336,,,39.926753997802734,,,,27.051992416381836,,24.345335006713867,14.961010932922363,,,,,174.05824279785156,,29.296775817871094
2015-12-31,80.79708862304688,17.937368392944336,,,40.040611267089844,,,,27.051992416381836,,24.32823371887207,14.940862655639648,,,,,172.31704711914062,,29.289764404296875
2016-01-04,80.76719665527344,17.998085021972656,,,40.02434539794922,,,,27.12908935546875,,24.25130271911621,14.826711654663086,,,,,169.90818786621094,,29.450969696044922
2016-01-05,80.80460357666016,18.16288948059082,,,39.5283203125,,,,27.11945343017578,,24.225658416748047,14.840140342712402,,,,,170.1955108642578,,29.359851837158203
2016-01-06,81.11129760742188,18.440446853637695,,,39.69094467163086,,,,27.023080825805664,,24.234207153320312,14.611834526062012,,,,,168.0486297607422,,29.37387466430664
2016-01-07,81.10383605957031,18.761377334594727,,,39.585235595703125,,,,26.955617904663086,,24.11452865600586,14.484243392944336,,,,,164.016845703125,,29.443958282470703
2016-01-08,81.28335571289062,18.839441299438477,,,39.585235595703125,,,,26.936344146728516,,24.080337524414062,14.37680721282959,,,,,162.21649169921875,,29.324811935424805
2016-01-11,81.05145263671875,19.16037368774414,,,39.9511604309082,,,,26.90743064880371,,24.0205020904541,14.215643882751465,,,,,162.37713623046875,,29.514053344726562
2016-01-12,81.23100280761719,19.10832977294922,,,39.8454475402832,,,,26.87851905822754,,24.088886260986328,14.182071685791016,,,,,163.6873016357422,,29.54208755493164
2016-01-13,81.41799926757812,19.27313232421875,,,39.86170959472656,,,,26.75323486328125,,23.98630714416504,14.08806324005127,,,,,159.60479736328125,,29.401901245117188
2016-01-14,81.38809204101562,19.143024444580078,,,39.66654968261719,,,,26.75323486328125,,24.0205020904541,14.202215194702148,,,,,162.2250213623047,,29.570114135742188
2016-01-15,81.48532104492188,19.351192474365234,,,40.55290985107422,,,,26.608675003051758,,23.883729934692383,14.014196395874023,,,,,158.74264526367188,,29.619178771972656
2016-01-19,81.40304565429688,19.49864959716797,,,40.60169982910156,,,,26.589399337768555,,23.840988159179688,13.953763961791992,,,,,158.95399475097656,,29.556102752685547
2016-01-20,81.47038269042969,19.42058563232422,,,40.58543395996094,,,,26.50266456604004,,23.840988159179688,13.785888671875,,,,,156.9169464111328,,29.500032424926758
2016-01-21,81.35816192626953,19.507322311401367,,,40.51225280761719,,,,26.55084800720215,,23.83243751525879,13.88661003112793,,,,,157.79600524902344,,29.47199821472168
2016-01-22,81.41799926757812,19.411909103393555,,,40.19511032104492,,,,26.685773849487305,,23.90937042236328,14.121637344360352,,,,,161.03323364257812,,29.31780242919922
2016-01-25,81.37313079833984,19.576711654663086,,,39.552703857421875,,,,26.74359703063965,,23.866634368896484,13.953763961791992,,,,,158.5989990234375,,29.331817626953125
2016-01-26,81.47785186767578,19.55069351196289,,,39.552703857421875,,,,26.8592472076416,,23.926469802856445,14.175359725952148,,,,,160.7627716064453,,29.282758712768555
2016-01-27,81.49284362792969,19.54201889038086,,,40.17884826660156,,,,26.8399715423584,,23.85808563232422,14.161925315856934,,,,,159.01315307617188,,29.226682662963867
2016-01-28,81.56015014648438,19.6634521484375,,,39.91050720214844,,,,26.965253829956055,,23.90082359313965,14.296229362487793,,,,,159.84146118164062,,29.212669372558594
2016-01-29,81.79949188232422,19.637428283691406,,,40.008079528808594,,,,27.013444900512695,,23.98630714416504,14.470820426940918,,,,,163.7379913330078,,28.967363357543945
2016-02-01,81.70057678222656,19.65477752685547,,,39.83731460571289,,,,27.061630249023438,,24.011953353881836,14.417098045349121,,,,,163.67881774902344,,29.05146598815918
2016-02-02,81.94794464111328,20.140506744384766,,,39.99994659423828,,,,27.11945343017578,,23.95211410522461,14.188783645629883,,,,,160.72897338867188,,29.205659866333008
2016-02-03,81.94043731689453,20.00172996520996,,,39.83731460571289,,,,27.2254638671875,,23.97775650024414,14.430526733398438,,,,,161.69253540039062,,29.310792922973633
2016-02-04,82.02291107177734,19.628755569458008,,,39.796661376953125,,,,27.158002853393555,,24.03759765625,14.558111190795898,,,,,161.94610595703125,,29.387895584106445
2016-02-05,81.94794464111328,19.914989471435547,,,40.16257858276367,,,,27.244739532470703,,23.85808563232422,14.457386016845703,,,,,158.86099243164062,,29.450969696044922
2016-02-08,82.26276397705078,20.348678588867188,,,40.35774230957031,,,,27.11945343017578,,23.76405143737793,14.349943161010742,,,,,156.72259521484375,,29.661231994628906
2016-02-09,82.25525665283203,20.331331253051758,,,40.36587905883789,,,,27.12908935546875,,23.789697647094727,14.175359725952148,,,,,156.7310028076172,,29.801410675048828
2016-02-10,82.4576416015625,20.37470054626465,,,39.764129638671875,,,,27.21582794189453,,23.789697647094727,14.168644905090332,,,,,156.59576416015625,,29.97662925720215
2016-02-11,82.51016998291016,20.522153854370117,,,40.46345520019531,,,,27.13872718811035,,23.729860305786133,14.168644905090332,,,,,154.55873107910156,,30.144834518432617
2016-02-12,82.28527069091797,20.20122528076172,,,40.39027404785156,,,,27.167640686035156,,23.76405143737793,14.282794952392578,,,,,157.7452850341797,,29.990644454956055
2016-02-16,82.08287048339844,19.77621078491211,,,39.43073654174805,,,,27.427846908569336,,23.78114891052246,14.363375663757324,,,,,160.40782165527344,,29.871496200561523
2016-02-17,82.03789520263672,19.481300354003906,,,39.642154693603516,,,,27.46639633178711,,23.90082359313965,14.551399230957031,,,,,163.02798461914062,,29.731319427490234
2016-02-18,82.28527069091797,19.6634521484375,,,39.642154693603516,,,,27.4085750579834,,23.926469802856445,14.584966659545898,,,,,162.36026000976562,,29.934574127197266
2016-02-19,82.30024719238281,19.80223274230957,,,39.9511604309082,,,,27.504945755004883,,23.960664749145508,14.52453327178955,,,,,162.2841033935547,,29.934574127197266
2016-02-22,82.32274627685547,19.559364318847656,,,39.642154693603516,,,,27.524219512939453,,24.029048919677734,14.705839157104492,,,,,164.6339111328125,,29.857479095458984
2016-02-23,82.33772277832031,19.819578170776367,,,39.81291961669922,,,,27.437484741210938,,23.994855880737305,14.564827919006348,,,,,162.5546112060547,,29.97662925720215
2016-02-24,82.36772155761719,19.83692741394043,,,40.016212463378906,,,,27.427846908569336,,24.07179069519043,14.59168529510498,,,,,163.2984161376953,,29.96961784362793
2016-02-25,82.57762145996094,19.90631675720215,,,39.83731460571289,,,,27.601320266723633,,24.13162612915039,14.685697555541992,,,,,165.27627563476562,,30.03270149230957
2016-02-26,82.42771911621094,19.65477752685547,,,39.34128189086914,,,,27.639869689941406,,24.14017677307129,14.672269821166992,,,,,164.8959503173828,,29.906539916992188
2016-02-29,82.5251235961914,19.60273551940918,,,39.52017593383789,,,,27.485671997070312,,24.07179069519043,14.692412376403809,,,,,163.60275268554688,,29.95560073852539
2016-03-01,82.27803039550781,19.403240203857422,,,39.43073654174805,,,,27.65914535522461,,24.17436981201172,14.85357666015625,,,,,167.4485321044922,,29.871496200561523
2016-03-02,82.18788146972656,19.195066452026367,,,38.68260955810547,,,,27.668781280517578,,24.191465377807617,14.994585990905762,,,,,168.2008056640625,,29.864490509033203
2016-03-03,82.28555297851562,18.995567321777344,,,39.34940719604492,,,,27.851890563964844,,24.25130271911621,15.128886222839355,,,,,168.86009216308594,,29.773374557495117
2016-03-04,82.15782928466797,18.87413787841797,,,39.34940719604492,,,,27.861526489257812,,24.276947021484375,15.243037223815918,,,,,169.40951538085938,,29.619178771972656
2016-03-07,82.13525390625,18.787397384643555,,,38.487449645996094,,,,27.745880126953125,,24.276947021484375,15.323620796203613,,,,,169.544677734375,,29.584136962890625
2016-03-08,82.33811950683594,19.29915428161621,,,39.2924919128418,,,,27.582046508789062,,24.294044494628906,15.155749320983887,,,,,167.6936798095703,,29.69627571105957
2016-03-09,82.30055236816406,19.290477752685547,,,39.28435516357422,,,,27.582046508789062,,24.294044494628906,15.229610443115234,,,,,168.52197265625,,29.570114135742188
2016-03-10,82.33811950683594,19.32517433166504,,,39.34128189086914,,,,27.485671997070312,,24.294044494628906,15.216182708740234,,,,,168.6571807861328,,29.464981079101562
2016-03-11,82.18788146972656,18.90015983581543,,,39.040401458740234,,,,27.65914535522461,,24.388071060180664,15.384054183959961,,,,,171.3788299560547,,29.34583854675293
2016-03-14,82.23295593261719,18.91750717163086,,,39.040401458740234,,,,27.610958099365234,,24.379526138305664,15.337050437927246,,,,,171.1591033935547,,29.310792922973633
2016-03-15,82.15782928466797,19.25578498840332,,,39.07293701171875,,,,27.504945755004883,,24.41371726989746,15.276615142822266,,,,,170.88021850585938,,29.408918380737305
2016-03-16,82.5108871459961,19.134347915649414,,,39.45512390136719,,,,27.514583587646484,,24.456457138061523,15.464632987976074,,,,,171.86907958984375,,29.3948974609375
2016-03-17,82.68364715576172,19.038938522338867,,,38.194705963134766,,,,27.610958099365234,,24.51629638671875,15.659366607666016,,,,,172.9594268798828,,29.303783416748047
2016-03-18,82.75122833251953,18.96087646484375,,,38.97535705566406,,,,27.601320266723633,,24.54193878173828,15.686229705810547,,,,,173.6390838623047,,29.338829040527344
2016-03-21,82.57096862792969,18.8914852142334,,,38.97535705566406,,,,27.7844295501709,,24.490652084350586,15.62579345703125,,,,,173.88546752929688,,29.324811935424805
2016-03-22,82.51838684082031,18.830768585205078,,,38.46305465698242,,,,27.765153884887695,,24.49920082092285,15.60565185546875,,,,,173.79202270507812,,29.261734008789062
2016-03-23,82.69861602783203,19.16037368774414,,,38.46305465698242,,,,27.7940673828125,,24.456457138061523,15.437780380249023,,,,,172.6450958251953,,29.37387466430664
2016-03-24,82.70616149902344,19.229759216308594,,,38.46305465698242,,,,27.716968536376953,,24.405170440673828,15.390768051147461,,,,,172.56861877441406,,29.34583854675293
2016-03-28,82.76625061035156,19.351192474365234,,,38.910301208496094,,,,27.68805694580078,,24.447912216186523,15.444489479064941,,,,,172.67059326171875,,29.212669372558594
2016-03-29,83.01406860351562,19.264455795288086,,,38.950958251953125,,,,27.851890563964844,,24.559038162231445,15.585509300231934,,,,,174.267822265625,,29.240705490112305
2016-03-30,82.98406219482422,19.238435745239258,,,38.14591979980469,,,,27.861526489257812,,24.610326766967773,15.6392240524292,,,,,175.0323944091797,,29.23369598388672
2016-03-31,83.24700164794922,19.169044494628906,,,38.276031494140625,,,,27.813343048095703,,24.63597297668457,15.610284805297852,,,,,174.60763549804688,,29.34583854675293
2016-04-01,83.17322540283203,19.24711036682129,,,39.14611053466797,,,,27.774791717529297,,24.6616153717041,15.522771835327148,,,,,175.79708862304688,,29.415925979614258
2016-04-04,83.2560043334961,19.34252166748047,,,38.58503341674805,,,,27.80370330810547,,24.678714752197266,15.468921661376953,,,,,175.2279052734375,,29.338829040527344
2016-04-05,83.3688735961914,19.39456558227539,,,38.58503341674805,,,,27.418212890625,,24.61887550354004,15.36121654510498,,,,,173.47769165039062,,29.500032424926758
2016-04-06,83.35387420654297,19.238435745239258,,,39.414466857910156,,,,27.4085750579834,,24.670164108276367,15.455461502075195,,,,,175.37228393554688,,29.507041931152344
2016-04-07,83.53446960449219,19.42058563232422,,,39.414466857910156,,,,27.55313491821289,,24.644519805908203,15.394874572753906,,,,,173.2737579345703,,29.464981079101562
2016-04-08,83.45167541503906,19.472627639770508,,,39.235572814941406,,,,27.485671997070312,,24.678714752197266,15.549695014953613,,,,,173.7410430908203,,29.528064727783203
2016-04-11,83.51188659667969,19.34252166748047,,,38.82897186279297,,,,27.427846908569336,,24.61887550354004,15.623746871948242,,,,,173.333251953125,,29.563112258911133
2016-04-12,83.37641906738281,19.229759216308594,,,38.41426467895508,,,,27.379661560058594,,24.670164108276367,15.792028427124023,,,,,174.947509765625,,29.619178771972656
2016-04-13,83.41407775878906,18.830768585205078,,,39.01600646972656,,,,27.370025634765625,,24.755647659301758,15.859344482421875,,,,,176.71458435058594,,29.619178771972656
2016-04-14,83.27102661132812,18.79607391357422,,,38.861515045166016,,,,27.2351016998291,,24.747098922729492,15.758376121520996,,,,,176.72312927246094,,29.591150283813477
2016-04-15,83.50439453125,18.85679054260254,,,38.861515045166016,,,,27.244739532470703,,24.747098922729492,15.771838188171387,,,,,176.52769470214844,,29.717302322387695
2016-04-18,83.49681854248047,18.848112106323242,,,38.154048919677734,,,,27.2254638671875,,24.806934356689453,15.839149475097656,,,,,177.7681121826172,,29.773374557495117
2016-04-19,83.48931121826172,18.77005386352539,,,38.877784729003906,,,,27.370025634765625,,24.892419815063477,16.04109764099121,,,,,178.32887268066406,,29.871496200561523
2016-04-20,83.28608703613281,18.553205490112305,,,38.14591979980469,,,,27.31220054626465,,24.84967613220215,16.06129264831543,,,,,178.498779296875,,29.885509490966797
2016-04-21,83.17322540283203,18.362384796142578,,,38.30042266845703,,,,27.34111213684082,,24.858224868774414,15.967047691345215,,,,,177.53872680664062,,29.801410675048828
2016-04-22,83.18073272705078,18.30167007446289,,,38.46305465698242,,,,27.514583587646484,,24.892419815063477,15.98050594329834,,,,,177.53872680664062,,29.48600959777832
2016-04-25,83.09042358398438,18.553205490112305,,,38.46305465698242,,,,27.46639633178711,,24.806934356689453,15.946856498718262,,,,,177.23287963867188,,29.584136962890625
2016-04-26,83.05280303955078,18.353710174560547,,,38.46305465698242,,,,27.504945755004883,,24.81548309326172,16.068021774291992,,,,,177.49618530273438,,29.675251007080078
2016-04-27,83.30113220214844,18.292993545532227,,,38.422393798828125,,,,27.47603416442871,,24.883869171142578,16.14206886291504,,,,,177.86151123046875,,29.626188278198242
2016-04-28,83.46674346923828,18.509838104248047,,,38.16217803955078,,,,27.398937225341797,,24.84113121032715,16.216106414794922,,,,,176.24729919433594,,29.948593139648438
2016-04-29,83.45917510986328,18.570552825927734,,,38.8696403503418,,,,27.47603416442871,,24.84113121032715,16.202651977539062,,,,,175.29580688476562,,30.1027889251709
2016-05-02,83.4026870727539,18.60525131225586,,,38.8696403503418,,,,27.572410583496094,,24.883869171142578,16.189186096191406,,,,,176.68914794921875,,29.96261215209961
2016-05-03,83.55341339111328,18.90015983581543,,,38.8696403503418,,,,27.485671997070312,,24.81548309326172,16.01417350769043,,,,,175.1514129638672,,29.773374557495117
2016-05-04,83.59117126464844,19.169044494628906,,,38.40613555908203,,,,27.447120666503906,,24.755647659301758,15.97377872467041,,,,,174.17434692382812,,29.661231994628906
2016-05-05,83.80229187011719,19.24711036682129,,,38.46305465698242,,,,27.389301300048828,,24.730005264282227,15.960318565368652,,,,,174.1403350830078,,29.54208755493164
2016-05-06,83.67413330078125,19.21241569519043,,,38.62568283081055,,,,27.370025634765625,,24.712905883789062,16.000707626342773,,,,,174.7775115966797,,29.59815216064453
2016-05-09,83.72689819335938,19.385889053344727,,,38.62568283081055,,,,27.427846908569336,,24.712905883789062,15.866079330444336,,,,,174.92198181152344,,29.289764404296875
2016-05-10,83.76455688476562,19.290477752685547,,,38.861515045166016,,,,27.601320266723633,,24.81548309326172,16.000707626342773,,,,,177.09690856933594,,29.514053344726562
2016-05-11,83.76455688476562,19.24711036682129,,,39.08919143676758,,,,27.59168243408203,,24.755647659301758,15.993975639343262,,,,,175.44021606445312,,29.752351760864258
2016-05-12,83.68914794921875,19.5159969329834,,,38.950958251953125,,,,27.437484741210938,,24.730005264282227,16.000707626342773,,,,,175.4912109375,,29.738327026367188
2016-05-13,83.8475570678711,19.533344268798828,,,38.950958251953125,,,,27.427846908569336,,24.712905883789062,15.9401216506958,,,,,173.96192932128906,,29.675251007080078
2016-05-16,83.7042465209961,19.472627639770508,,,38.950958251953125,,,,27.533857345581055,,24.721452713012695,16.074748992919922,,,,,175.6781005859375,,29.822429656982422
2016-05-17,83.59117126464844,19.25578498840332,,,38.90216827392578,,,,27.504945755004883,,24.69580841064453,16.06129264831543,,,,,174.03842163085938,,29.94158363342285
2016-05-18,83.24430084228516,19.047611236572266,,,38.804588317871094,,,,27.610958099365234,,24.627426147460938,15.899731636047363,,,,,174.08938598632812,,29.871496200561523
2016-05-19,83.29710388183594,19.10832977294922,,,37.942626953125,,,,27.601320266723633,,24.61887550354004,15.825685501098633,,,,,173.48619079589844,,29.717302322387695
2016-05-20,83.34983825683594,18.986894607543945,,,38.227230072021484,,,,27.716968536376953,,24.678714752197266,15.892996788024902,,,,,174.58218383789062,,29.773374557495117
2016-05-23,83.33477020263672,18.986894607543945,,,38.21910095214844,,,,27.755517959594727,,24.644519805908203,15.852609634399414,,,,,174.34423828125,,29.78038787841797
2016-05-24,83.28955078125,18.82209587097168,,,37.97515106201172,,,,27.851890563964844,,24.70435905456543,15.892996788024902,,,,,176.60411071777344,,29.78038787841797
2016-05-25,83.30461120605469,18.62259864807129,,,38.137794494628906,,,,27.91935157775879,,24.764198303222656,16.04109764099121,,,,,177.80203247070312,,29.934574127197266
2016-05-26,83.43281555175781,18.726682662963867,,,38.032073974609375,,,,27.890439987182617,,24.781291961669922,16.027633666992188,,,,,177.85302734375,,29.927570343017578
2016-05-27,83.41773223876953,18.67464256286621,,,38.097129821777344,,,,27.83261489868164,,24.764198303222656,16.027633666992188,,,,,178.61770629882812,,29.885509490966797
2016-05-31,83.47048950195312,18.596576690673828,,,37.893829345703125,,,,27.7940673828125,,24.755647659301758,15.9872465133667,,,,,178.27784729003906,,29.710296630859375
2016-06-01,83.4236831665039,18.631271362304688,,,38.015804290771484,,,,27.851890563964844,,24.77274513244629,15.993975639343262,,,,,178.6431884765625,,29.79439926147461
2016-06-02,83.63520050048828,18.57923126220703,,,38.10525131225586,,,,27.909713745117188,,24.798389434814453,16.000707626342773,,,,,179.1869354248047,,29.864490509033203
2016-06-03,84.08850860595703,18.77005386352539,,,38.056461334228516,,,,27.851890563964844,,24.866775512695312,16.189186096191406,,,,,178.65167236328125,,29.920560836791992
2016-06-06,83.97518920898438,18.475143432617188,,,38.72327423095703,,,,27.7940673828125,,24.858224868774414,16.269968032836914,,,,,179.5607452392578,,29.906539916992188
2016-06-07,84.05075073242188,18.440446853637695,,,38.72327423095703,,,,27.7940673828125,,24.883869171142578,16.397857666015625,,,,,179.84112548828125,,30.1027889251709
2016-06-08,84.08102416992188,18.501163482666016,,,38.015804290771484,,,,27.80370330810547,,24.90096664428711,16.485374450683594,,,,,180.42735290527344,,30.23595428466797
2016-06-09,84.14143371582031,18.735355377197266,,,38.015804290771484,,,,27.871166229248047,,24.926612854003906,16.45844841003418,,,,,180.18087768554688,,30.19390106201172
2016-06-10,84.25470733642578,19.056285858154297,,,39.0810661315918,,,,27.7940673828125,,24.858224868774414,16.256492614746094,,,,,178.4733123779297,,30.060733795166016
2016-06-13,84.32270812988281,19.143024444580078,,,39.170509338378906,,,,27.726606369018555,,24.858224868774414,16.18245506286621,,,,,177.09690856933594,,30.074752807617188
2016-06-14,84.28494262695312,19.281803131103516,,,38.64194869995117,,,,27.65914535522461,,24.764198303222656,16.08148193359375,,,,,176.74856567382812,,30.004663467407227
2016-06-15,84.46629333496094,19.21241569519043,,,39.05666732788086,,,,27.649507522583008,,24.824031829833984,16.135339736938477,,,,,176.502197265625,,29.927570343017578
2016-06-16,84.51914978027344,19.3598690032959,,,39.13798904418945,,,,27.639869689941406,,24.883869171142578,16.094947814941406,,,,,177.02896118164062,,29.822429656982422
2016-06-17,84.45872497558594,19.27313232421875,,,39.01600646972656,,,,27.610958099365234,,24.789838790893555,16.202651977539062,,,,,176.3696746826172,,30.1027889251709
2016-06-20,84.22447204589844,19.099655151367188,,,38.910301208496094,,,,27.69769287109375,,24.824031829833984,16.35074234008789,,,,,177.50552368164062,,30.1027889251709
2016-06-21,84.16409301757812,19.16037368774414,,,38.75579833984375,,,,27.736244201660156,,24.824031829833984,16.323814392089844,,,,,178.00930786132812,,29.871496200561523
2016-06-22,84.21696472167969,19.24711036682129,,,37.99954605102539,,,,27.65914535522461,,24.83258056640625,16.323814392089844,,,,,177.718994140625,,29.836450576782227
2016-06-23,84.07337951660156,19.00424575805664,,,37.99954605102539,,,,27.813343048095703,,24.90096664428711,16.47191047668457,,,,,180.03334045410156,,29.752351760864258
2016-06-24,84.5267333984375,19.819578170776367,,,38.154048919677734,,,,27.34111213684082,,24.69580841064453,16.06129264831543,,,,,173.56854248046875,,29.878507614135742
2016-06-27,84.8667221069336,20.461437225341797,,,38.983482360839844,,,,27.11945343017578,,24.678714752197266,15.913199424743652,,,,,170.4599151611328,,29.878507614135742
2016-06-28,84.97246551513672,20.287960052490234,,,38.38174057006836,,,,27.254377365112305,,24.747098922729492,16.1959228515625,,,,,173.5343475341797,,29.8504695892334
2016-06-29,84.91203308105469,20.105812072753906,,,38.97535705566406,,,,27.370025634765625,,24.824031829833984,16.391132354736328,,,,,176.4892120361328,,29.871496200561523
2016-06-30,85.0858154296875,20.166528701782227,,,38.97535705566406,,,,27.398937225341797,,24.926612854003906,16.462146759033203,,,,,178.89755249023438,,29.79439926147461
2016-07-01,85.26893615722656,20.05377197265625,,,38.97535705566406,,,,27.283287048339844,,24.96935272216797,16.570362091064453,,,,,179.2733154296875,,29.97662925720215
2016-07-05,85.49610137939453,20.565521240234375,,,38.58503341674805,,,,27.2254638671875,,24.952255249023438,16.455385208129883,,,,,177.9837188720703,,29.766366958618164
2016-07-06,85.65502166748047,20.582870483398438,,,38.772064208984375,,,,27.167640686035156,,24.96935272216797,16.482433319091797,,,,,179.05126953125,,29.84346580505371
2016-07-07,85.59443664550781,20.35735321044922,,,38.90216827392578,,,,27.186914443969727,,24.960803985595703,16.286298751831055,,,,,178.94021606445312,,29.619178771972656
2016-07-08,85.72315216064453,20.14918327331543,,,38.487449645996094,,,,27.177278518676758,,25.012094497680664,16.516254425048828,,,,,181.60476684570312,,29.74533462524414
2016-07-11,85.49610137939453,19.9757080078125,,,38.94282150268555,,,,27.31220054626465,,25.063379287719727,16.563602447509766,,,,,182.2452850341797,,29.675251007080078
2016-07-12,85.23871612548828,19.54201889038086,,,38.94282150268555,,,,27.283287048339844,,25.03774070739746,16.68533706665039,,,,,183.56893920898438,,29.661231994628906
2016-07-13,85.35983276367188,19.65477752685547,,,38.94282150268555,,,,27.302562713623047,,25.054834365844727,16.65152931213379,,,,,183.54330444335938,,29.66824722290039
2016-07-14,85.28411865234375,19.507322311401367,,,38.422393798828125,,,,27.437484741210938,,25.046287536621094,16.71915626525879,,,,,184.56817626953125,,29.48600959777832
2016-07-15,84.97379302978516,19.507322311401367,,,38.910301208496094,,,,27.56277084350586,,24.789838790893555,16.637998580932617,,,,,184.3205108642578,,29.528064727783203
2016-07-18,84.9889144897461,19.281803131103516,,,38.47119140625,,,,27.54349708557129,,24.96935272216797,16.644760131835938,,,,,184.81582641601562,,29.429946899414062
2016-07-19,85.16301727294922,19.472627639770508,,,38.82897186279297,,,,27.45676040649414,,24.986448287963867,16.60418128967285,,,,,184.62794494628906,,29.47199821472168
2016-07-20,85.08732604980469,19.34252166748047,,,38.82897186279297,,,,27.55313491821289,,25.02064323425293,16.577125549316406,,,,,185.39651489257812,,29.338829040527344
2016-07-21,85.16301727294922,19.385889053344727,,,38.70700454711914,,,,27.504945755004883,,24.9949951171875,16.54330825805664,,,,,184.6962432861328,,29.3948974609375
2016-07-22,85.17813110351562,19.39456558227539,,,38.21910095214844,,,,27.514583587646484,,25.02064323425293,16.55683708190918,,,,,185.524658203125,,29.366867065429688
2016-07-25,85.0797348022461,19.351192474365234,,,38.113380432128906,,,,27.55313491821289,,24.986448287963867,16.48919677734375,,,,,185.02078247070312,,29.212669372558594
2016-07-26,85.0797348022461,19.11700439453125,,,37.942626953125,,,,27.56277084350586,,25.0035457611084,16.502723693847656,,,,,185.1061248779297,,29.261734008789062
2016-07-27,85.32955932617188,19.00424575805664,,,38.68260955810547,,,,27.370025634765625,,25.071931838989258,16.462146759033203,,,,,184.9097137451172,,29.254722595214844
2016-07-28,85.32195281982422,19.038938522338867,,,38.032073974609375,,,,27.45676040649414,,25.063379287719727,16.495962142944336,,,,,185.1232452392578,,29.240705490112305
2016-07-29,85.5490493774414,18.978221893310547,,,38.804588317871094,,,,27.495309829711914,,25.123220443725586,16.60418128967285,,,,,185.42214965820312,,29.3948974609375
2016-08-01,85.3495864868164,19.143024444580078,,,38.349205017089844,,,,27.485671997070312,,25.063379287719727,16.482433319091797,,,,,185.26846313476562,,29.177627563476562
2016-08-02,85.099365234375,19.229759216308594,,,38.349205017089844,,,,27.360387802124023,,24.9949951171875,16.435089111328125,,,,,184.08139038085938,,29.219680786132812
2016-08-03,85.19036102294922,19.082307815551758,,,38.772064208984375,,,,27.360387802124023,,24.943708419799805,16.44862174987793,,,,,184.619384765625,,29.240705490112305
2016-08-04,85.3495864868164,19.01291847229004,,,38.845245361328125,,,,27.33147621154785,,25.0035457611084,16.529781341552734,,,,,184.81582641601562,,29.34583854675293
2016-08-05,85.06140899658203,18.79607391357422,,,38.90216827392578,,,,27.264013290405273,,24.943708419799805,16.529781341552734,,,,,186.32736206054688,,29.282758712768555
2016-08-08,85.11453247070312,18.761377334594727,,,38.90216827392578,,,,27.302562713623047,,24.960803985595703,16.610939025878906,,,,,186.21641540527344,,29.226682662963867
2016-08-09,85.33444213867188,18.82209587097168,,,38.90216827392578,,,,27.292924880981445,,25.02918815612793,16.65152931213379,,,,,186.32736206054688,,29.184635162353516
2016-08-10,85.43302917480469,18.978221893310547,,,38.056461334228516,,,,27.418212890625,,25.071931838989258,16.62447166442871,,,,,185.86624145507812,,29.156600952148438
2016-08-11,85.20549011230469,18.82209587097168,,,38.47932052612305,,,,27.447120666503906,,25.046287536621094,16.658283233642578,,,,,186.72877502441406,,29.086511611938477
2016-08-12,85.41024780273438,18.908830642700195,,,38.47932052612305,,,,27.418212890625,,25.097576141357422,16.678571701049805,,,,,186.56654357910156,,29.11454963684082
2016-08-15,85.25862884521484,18.631271362304688,,,38.47932052612305,,,,27.273651123046875,,25.097576141357422,16.73944664001465,,,,,187.1045379638672,,29.009416580200195
2016-08-16,85.20549011230469,18.613922119140625,,,38.62568283081055,,,,27.302562713623047,,25.03774070739746,16.752971649169922,,,,,186.13954162597656,,29.030441284179688
2016-08-17,85.3647689819336,18.65729331970215,,,38.62568283081055,,,,27.31220054626465,,25.08047866821289,16.773263931274414,,,,,186.4896240234375,,28.981374740600586
2016-08-18,85.48609924316406,18.587900161743164,,,38.29228591918945,,,,27.418212890625,,25.089025497436523,16.867952346801758,,,,,186.90814208984375,,28.995397567749023
2016-08-19,85.29653930664062,18.57923126220703,,,37.869441986083984,,,,27.45676040649414,,25.03774070739746,16.76650047302246,,,,,186.6348876953125,,28.87624740600586
2016-08-22,85.42543029785156,18.68331527709961,,,37.869441986083984,,,,27.909713745117188,,25.08047866821289,16.752971649169922,,,,,186.6263427734375,,28.91128921508789
2016-08-23,85.44818115234375,18.518512725830078,,,39.46326446533203,,,,27.861526489257812,,25.123220443725586,16.80708122253418,,,,,187.00205993652344,,28.981374740600586
2016-08-24,85.4178695678711,18.67464256286621,,,38.674476623535156,,,,27.736244201660156,,25.11467170715332,16.698867797851562,,,,,186.0455780029297,,28.932315826416016
2016-08-25,85.32687377929688,18.691986083984375,,,38.674476623535156,,,,27.65914535522461,,25.063379287719727,16.712390899658203,,,,,185.91751098632812,,28.995397567749023
2016-08-26,85.19036102294922,18.587900161743164,,,38.20283126831055,,,,27.630233764648438,,25.02918815612793,16.590652465820312,,,,,185.56729125976562,,28.86223602294922
2016-08-29,85.42543029785156,18.518512725830078,,,39.357547760009766,,,,27.765153884887695,,25.08047866821289,16.637998580932617,,,,,186.4811248779297,,28.94633674621582
2016-08-30,85.37992095947266,18.518512725830078,,,39.325016021728516,,,,27.774791717529297,,25.054834365844727,16.570362091064453,,,,,186.1737060546875,,28.86923599243164
2016-08-31,85.3647689819336,18.54453468322754,,,38.90216827392578,,,,27.80370330810547,,25.054834365844727,16.495962142944336,,,,,185.64418029785156,,28.771114349365234
2016-09-01,85.43922424316406,18.60525131225586,,,38.90216827392578,,,,27.842252731323242,,25.097576141357422,16.48919677734375,,,,,185.6527557373047,,28.904279708862305
2016-09-02,85.32526397705078,18.596576690673828,,,39.02414321899414,,,,27.928991317749023,,25.089025497436523,16.590652465820312,,,,,186.4896240234375,,29.072492599487305
2016-09-06,85.50762939453125,18.62259864807129,,,39.56083297729492,,,,27.871166229248047,,25.14886474609375,16.773263931274414,,,,,187.0532989501953,,29.31780242919922
2016-09-07,85.55319213867188,18.553205490112305,,,39.56083297729492,,,,27.957902908325195,,25.140316009521484,16.83413314819336,,,,,187.03619384765625,,29.26874542236328
2016-09-08,85.2568588256836,18.4231014251709,,,39.56083297729492,,,,28.03499984741211,,25.071931838989258,16.827369689941406,,,,,186.6092071533203,,29.240705490112305
2016-09-09,84.88460540771484,18.466468811035156,,,37.77185821533203,,,,27.948265075683594,,24.909513473510742,16.48919677734375,,,,,182.14279174804688,,29.198650360107422
2016-09-12,84.95298767089844,18.38840675354004,,,37.926361083984375,,,,28.07354736328125,,24.9949951171875,16.55683708190918,,,,,184.7560272216797,,29.086511611938477
2016-09-13,84.71747589111328,18.52718734741211,,,37.71493911743164,,,,27.842252731323242,,24.90096664428711,16.252477645874023,,,,,182.10008239746094,,29.05146598815918
2016-09-14,84.82382202148438,18.509838104248047,,,37.82065200805664,,,,27.861526489257812,,24.918062210083008,16.211902618408203,,,,,182.03172302246094,,29.11454963684082
2016-09-15,84.87701416015625,18.38840675354004,,,37.60109329223633,,,,27.909713745117188,,24.943708419799805,16.266008377075195,,,,,183.8507537841797,,29.072492599487305
2016-09-16,84.93778228759766,18.371057510375977,,,38.49557876586914,,,,27.938627243041992,,24.909513473510742,16.218666076660156,,,,,183.1400604248047,,29.04445457458496
2016-09-19,84.86945343017578,18.266971588134766,,,38.49557876586914,,,,27.90007781982422,,24.926612854003906,16.313350677490234,,,,,183.17442321777344,,29.184635162353516
2016-09-20,84.89981079101562,18.414426803588867,,,38.49557876586914,,,,27.90007781982422,,24.926612854003906,16.320112228393555,,,,,183.18301391601562,,29.310792922973633
2016-09-21,85.11251831054688,18.44912338256836,,,39.63402557373047,,,,27.91935157775879,,24.9778995513916,16.333633422851562,,,,,185.2429962158203,,29.450969696044922
2016-09-22,85.28726196289062,18.405750274658203,,,39.63402557373047,,,,28.01572608947754,,25.097576141357422,16.66504669189453,,,,,186.4102783203125,,29.464981079101562
2016-09-23,85.2645034790039,18.518512725830078,,,38.259761810302734,,,,27.977176666259766,,25.063379287719727,16.590652465820312,,,,,185.38893127441406,,29.37387466430664
2016-09-26,85.37085723876953,18.67464256286621,,,38.23536682128906,,,,27.98681640625,,25.046287536621094,16.563602447509766,,,,,183.8868408203125,,29.359851837158203
2016-09-27,85.47721862792969,18.570552825927734,,,39.357547760009766,,,,27.928991317749023,,25.089025497436523,16.52301597595215,,,,,185.02838134765625,,29.47199821472168
2016-09-28,85.50001525878906,18.371057510375977,,,39.357547760009766,,,,27.909713745117188,,25.08047866821289,16.71915626525879,,,,,185.94677734375,,29.415925979614258
2016-09-29,85.50001525878906,18.405750274658203,,,39.8454475402832,,,,27.851890563964844,,25.02918815612793,16.698867797851562,,,,,184.26451110839844,,29.415925979614258
2016-09-30,85.40882873535156,18.24095344543457,,,38.438655853271484,,,,28.14101219177246,,25.046287536621094,16.698190689086914,,,,,185.6549072265625,,29.48600959777832
2016-10-03,85.31218719482422,18.18890953063965,,,39.03227615356445,,,,28.08318519592285,,25.02918815612793,16.677820205688477,,,,,185.2086181640625,,29.47199821472168
2016-10-04,85.02296447753906,18.136865615844727,,,39.03227615356445,,,,28.044635772705078,,24.986448287963867,16.50813102722168,,,,,184.26451110839844,,29.387895584106445
2016-10-05,84.9088134765625,17.85930633544922,,,39.03227615356445,,,,28.054275512695312,,24.96935272216797,16.514917373657227,,,,,185.0798797607422,,29.296775817871094
2016-10-06,84.9088134765625,17.937368392944336,,,40.10566711425781,,,,28.092823028564453,,24.935157775878906,16.453824996948242,,,,,185.2086181640625,,29.261734008789062
2016-10-07,84.92401885986328,18.024106979370117,,,40.10566711425781,,,,27.90007781982422,,24.892419815063477,16.399520874023438,,,,,184.573486328125,,29.282758712768555
2016-10-10,84.88594055175781,18.024106979370117,,,40.10566711425781,,,,27.91935157775879,,24.935157775878906,16.487764358520508,,,,,185.53480529785156,,29.479001998901367
2016-10-11,84.7565689086914,18.145540237426758,,,40.10566711425781,,,,27.871166229248047,,24.77274513244629,16.35200309753418,,,,,183.1915740966797,,29.514053344726562
2016-10-12,84.78706359863281,18.327688217163086,,,39.8454475402832,,,,27.765153884887695,,24.781291961669922,16.35200309753418,,,,,183.43191528320312,,29.556102752685547
2016-10-13,84.9088134765625,18.501163482666016,,,39.77226638793945,,,,27.80370330810547,,24.747098922729492,16.39273452758789,,,,,182.8311309814453,,29.570114135742188
2016-10-14,84.7641830444336,18.48381996154785,,,38.674476623535156,,,,27.70733070373535,,24.730005264282227,16.35200309753418,,,,,182.92550659179688,,29.675251007080078
2016-10-17,84.9088134765625,18.52718734741211,,,39.43886947631836,,,,27.7844295501709,,24.712905883789062,16.35200309753418,,,,,182.29037475585938,,29.731319427490234
2016-10-18,85.0457992553711,18.518512725830078,,,38.633811950683594,,,,27.774791717529297,,24.789838790893555,16.47418785095215,,,,,183.43191528320312,,29.74533462524414
2016-10-19,85.0914306640625,18.379732131958008,,,38.633811950683594,,,,27.83261489868164,,24.798389434814453,16.5692195892334,,,,,183.92115783691406,,29.822429656982422
2016-10-20,85.06103515625,18.345035552978516,,,39.78852844238281,,,,27.909713745117188,,24.806934356689453,16.50813102722168,,,,,183.5778350830078,,29.70328712463379
2016-10-21,85.11434173583984,18.30167007446289,,,39.78852844238281,,,,27.928991317749023,,24.789838790893555,16.514917373657227,,,,,183.66363525390625,,29.647212982177734
2016-10-24,84.98487854003906,18.33636474609375,,,38.47932052612305,,,,27.938627243041992,,24.83258056640625,16.50813102722168,,,,,184.4447479248047,,29.535078048706055
2016-10-25,84.98487854003906,18.457796096801758,,,38.47932052612305,,,,27.957902908325195,,24.81548309326172,16.494548797607422,,,,,183.82672119140625,,29.47199821472168
2016-10-26,84.81742858886719,18.475143432617188,,,38.26789474487305,,,,27.909713745117188,,24.747098922729492,16.43345832824707,,,,,183.45767211914062,,29.443958282470703
2016-10-27,84.60437774658203,18.345035552978516,,,39.01600646972656,,,,27.7940673828125,,24.712905883789062,16.33164405822754,,,,,182.96844482421875,,29.436952590942383
2016-10-28,84.60437774658203,18.43177604675293,,,39.390071868896484,,,,27.70733070373535,,24.68726348876953,16.318065643310547,,,,,182.42770385742188,,29.289764404296875
2016-10-31,84.71092987060547,18.52718734741211,,,39.16238021850586,,,,27.726606369018555,,24.70435905456543,16.338428497314453,,,,,182.43629455566406,,29.219680786132812
2016-11-01,84.66517639160156,18.52718734741211,,,37.81252670288086,,,,27.745880126953125,,24.627426147460938,16.311279296875,,,,,181.1144561767578,,29.212669372558594
2016-11-02,84.7642822265625,18.67464256286621,,,37.99954605102539,,,,27.726606369018555,,24.584680557250977,16.202674865722656,,,,,180.02439880371094,,29.170618057250977
2016-11-03,84.64991760253906,18.68331527709961,,,38.54438018798828,,,,27.65914535522461,,24.524845123291016,16.16194725036621,,,,,179.20037841796875,,29.170618057250977
2016-11-04,84.82530212402344,18.56188201904297,,,38.16217803955078,,,,27.620594024658203,,24.490652084350586,16.175519943237305,,,,,179.00296020507812,,29.079500198364258
2016-11-07,84.72613525390625,18.345035552978516,,,38.72327423095703,,,,27.755517959594727,,24.567584991455078,16.318065643310547,,,,,182.95123291015625,,29.128564834594727
2016-11-08,84.58889770507812,18.379732131958008,,,38.59316635131836,,,,27.851890563964844,,24.559038162231445,16.372364044189453,,,,,183.77523803710938,,29.086511611938477
2016-11-09,83.8034896850586,17.833284378051758,,,37.251426696777344,,,,27.716968536376953,,24.490652084350586,16.372364044189453,,,,,185.7236785888672,,28.981374740600586
2016-11-10,83.4603271484375,17.312856674194336,,,38.576900482177734,,,,27.504945755004883,,24.456457138061523,16.277345657348633,,,,,186.18711853027344,,28.87624740600586
2016-11-11,83.30782318115234,17.226118087768555,,,37.942626953125,,,,27.59168243408203,,24.430816650390625,16.032978057861328,,,,,185.7579803466797,,28.623931884765625
2016-11-14,82.97230529785156,17.148054122924805,,,37.942626953125,,,,27.533857345581055,,24.362430572509766,16.032978057861328,,,,,185.90386962890625,,28.67299461364746
2016-11-15,83.0333251953125,16.957233428955078,,,38.60130310058594,,,,27.668781280517578,,24.41371726989746,16.168733596801758,,,,,187.35443115234375,,28.86923599243164
2016-11-16,83.21632385253906,16.974580764770508,,,38.62568283081055,,,,27.7844295501709,,24.388071060180664,16.073705673217773,,,,,187.0024871826172,,28.792139053344727
2016-11-17,82.9036865234375,16.974580764770508,,,38.62568283081055,,,,27.967540740966797,,24.41371726989746,16.080495834350586,,,,,187.9638671875,,28.72205352783203
2016-11-18,82.63681030273438,16.913862228393555,,,38.62568283081055,,,,28.03499984741211,,24.345335006713867,16.087282180786133,,,,,187.54324340820312,,28.729063034057617
2016-11-21,82.70542907714844,16.818450927734375,,,38.739532470703125,,,,28.07354736328125,,24.3538818359375,16.25019073486328,,,,,188.95948791503906,,28.841203689575195
2016-11-22,82.78167724609375,16.870492935180664,,,38.74767303466797,,,,28.121736526489258,,24.379526138305664,16.35200309753418,,,,,189.3285675048828,,28.86923599243164
2016-11-23,82.49190521240234,16.853147506713867,,,38.804588317871094,,,,28.247020721435547,,24.3709774017334,16.33164405822754,,,,,189.43153381347656,,28.771114349365234
2016-11-25,82.48430633544922,16.8618221282959,,,38.82085418701172,,,,28.198835372924805,,24.379526138305664,16.297706604003906,,,,,190.1354217529297,,28.581878662109375
2016-11-28,82.7740707397461,17.017948150634766,,,38.92656326293945,,,,28.169923782348633,,24.3538818359375,16.338428497314453,,,,,189.24278259277344,,28.77812957763672
2016-11-29,82.86553955078125,17.208770751953125,,,38.088993072509766,,,,28.1602840423584,,24.405170440673828,16.25697135925293,,,,,189.61187744140625,,28.66598129272461
2016-11-30,82.53763580322266,16.84447479248047,,,37.983280181884766,,,,28.1602840423584,,24.3709774017334,16.413097381591797,,,,,189.15692138671875,,28.83418846130371
2016-12-01,82.26567077636719,16.731714248657227,,,37.29208755493164,,,,28.15064811706543,,24.294044494628906,16.406307220458984,,,,,188.46173095703125,,28.918298721313477
2016-12-02,82.52545928955078,16.818450927734375,,,38.74767303466797,,,,28.14101219177246,,24.31968879699707,16.514917373657227,,,,,188.55609130859375,,28.87624740600586
2016-12-05,82.59423065185547,16.80110740661621,,,38.74767303466797,,,,28.26629638671875,,24.3709774017334,16.637094497680664,,,,,189.68907165527344,,28.925310134887695
2016-12-06,82.57891082763672,16.592933654785156,,,38.78019332885742,,,,28.247020721435547,,24.388071060180664,16.66424560546875,,,,,190.28990173339844,,29.02342987060547
2016-12-07,82.79278564453125,16.540891647338867,,,37.34087371826172,,,,28.1602840423584,,24.473556518554688,16.779640197753906,,,,,192.77899169921875,,28.89727210998535
2016-12-08,82.64004516601562,16.454153060913086,,,38.53623962402344,,,,28.218109130859375,,24.49920082092285,16.793216705322266,,,,,193.25112915039062,,29.1075382232666
2016-12-09,82.38792419433594,16.462827682495117,,,37.519775390625,,,,28.237382888793945,,24.49920082092285,16.772846221923828,,,,,194.41842651367188,,29.219680786132812
2016-12-12,82.3115463256836,16.827125549316406,,,38.90216827392578,,,,28.13137435913086,,24.41371726989746,16.81358528137207,,,,,194.1952362060547,,28.939327239990234
2016-12-13,82.41842651367188,16.749061584472656,,,38.877784729003906,,,,28.14101219177246,,24.49920082092285,16.85430908203125,,,,,195.4912872314453,,28.94633674621582
2016-12-14,81.96769714355469,16.853147506713867,,,38.79646682739258,,,,28.1602840423584,,24.396623611450195,16.637094497680664,,,,,193.87767028808594,,29.030441284179688
2016-12-15,81.868408203125,16.662324905395508,,,38.739532470703125,,,,28.218109130859375,,24.396623611450195,16.54206657409668,,,,,194.67593383789062,,29.09351921081543
2016-12-16,81.92193603515625,16.80978012084961,,,37.942626953125,,,,28.218109130859375,,24.405170440673828,16.56243133544922,,,,,194.29518127441406,,28.995397567749023
2016-12-19,82.13580322265625,16.93988609313965,,,37.38966751098633,,,,28.295209884643555,,24.465007781982422,16.54206657409668,,,,,194.71824645996094,,28.8552188873291
2016-12-20,82.0594253540039,16.757736206054688,,,38.30042266845703,,,,28.27593231201172,,24.49920082092285,16.60994529724121,,,,,195.4693603515625,,28.83418846130371
2016-12-21,82.23515319824219,16.766407012939453,,,38.422393798828125,,,,28.247020721435547,,24.524845123291016,16.58279800415039,,,,,194.9254608154297,,28.953346252441406
2016-12-22,82.23434448242188,16.870492935180664,,,38.16217803955078,,,,28.314483642578125,,24.507749557495117,16.55564308166504,,,,,194.58872985839844,,28.925310134887695
2016-12-23,82.25732421875,16.835798263549805,,,38.178436279296875,,,,28.27593231201172,,24.54193878173828,16.603151321411133,,,,,194.8736114501953,,28.981374740600586
2016-12-27,82.19606018066406,16.792428970336914,,,38.38174057006836,,,,28.304847717285156,,24.54193878173828,16.671035766601562,,,,,195.35716247558594,,29.128564834594727
2016-12-28,82.32622528076172,16.887840270996094,,,38.50371170043945,,,,28.305809020996094,,24.482101440429688,16.626466751098633,,,,,193.74256896972656,,29.11454963684082
2016-12-29,82.57893371582031,17.069992065429688,,,38.39799880981445,,,,28.315467834472656,,24.507749557495117,16.72931480407715,,,,,193.699462890625,,29.128564834594727
2016-12-30,82.7474136352539,17.087339401245117,,,38.38986587524414,,,,28.296152114868164,,24.507749557495117,16.73617172241211,,,,,192.9915008544922,,29.0584774017334
2017-01-03,82.8316421508789,16.913862228393555,,,38.154048919677734,,,,28.36375617980957,,24.51629638671875,16.74988555908203,,,,,194.4678497314453,,28.74307632446289
2017-01-04,82.85459899902344,16.670995712280273,,,38.24349594116211,,,,28.344440460205078,,24.593231201171875,16.90072250366211,,,,,195.62478637695312,,28.708032608032227
2017-01-05,83.19921112060547,16.78375816345215,,,38.178436279296875,,,,28.238208770751953,,24.627426147460938,16.9555721282959,,,,,195.4693603515625,,28.59589385986328
2017-01-06,82.92350006103516,16.766407012939453,,,38.210968017578125,,,,28.305809020996094,,24.593231201171875,16.976139068603516,,,,,196.16871643066406,,28.651966094970703
2017-01-09,83.06137084960938,16.775081634521484,,,37.983280181884766,,,,28.36375617980957,,24.627426147460938,16.832157135009766,,,,,195.5211639404297,,28.46973419189453
2017-01-10,83.03837585449219,16.662324905395508,,,37.8369140625,,,,28.42169952392578,,24.61887550354004,16.81159019470215,,,,,195.5211639404297,,28.539827346801758
2017-01-11,83.13792419433594,16.679670333862305,,,37.93450164794922,,,,28.498958587646484,,24.644519805908203,16.92814826965332,,,,,196.07374572753906,,28.588890075683594
2017-01-12,83.16859436035156,16.853147506713867,,,38.210968017578125,,,,28.3734130859375,,24.610326766967773,16.962432861328125,,,,,195.5816650390625,,28.658971786499023
2017-01-13,83.02307891845703,16.65365219116211,,,38.210968017578125,,,,28.39272689819336,,24.63597297668457,16.9555721282959,,,,,196.0305938720703,,28.66598129272461
2017-01-17,83.30640411376953,16.94856071472168,,,38.064605712890625,,,,28.498958587646484,,24.601781845092773,17.02412986755371,,,,,195.33984375,,28.46272850036621
2017-01-18,82.9465103149414,16.974580764770508,,,37.747459411621094,,,,28.4603271484375,,24.567584991455078,16.93500328063965,,,,,195.7715301513672,,28.46272850036621
2017-01-19,82.73208618164062,16.879167556762695,,,37.79624938964844,,,,28.479642868041992,,24.51629638671875,16.90072250366211,,,,,195.04632568359375,,28.504779815673828
2017-01-20,82.76275634765625,16.870492935180664,,,37.85317611694336,,,,28.479642868041992,,24.559038162231445,17.010427474975586,,,,,195.76287841796875,,28.504779815673828
2017-01-23,82.992431640625,16.974580764770508,,,37.76373291015625,,,,28.38306999206543,,24.567584991455078,17.017276763916016,,,,,195.2535858154297,,28.455724716186523
2017-01-24,82.86227416992188,16.974580764770508,,,37.788124084472656,,,,28.518272399902344,,24.567584991455078,17.154399871826172,,,,,196.50547790527344,,28.518798828125
2017-01-25,82.64021301269531,16.610280990600586,,,37.788124084472656,,,,28.58587646484375,,24.61887550354004,17.092697143554688,,,,,198.20631408691406,,28.476749420166016
2017-01-26,82.69378662109375,16.549562454223633,,,37.99954605102539,,,,28.566560745239258,,24.601781845092773,17.072128295898438,,,,,197.9990997314453,,28.59589385986328
2017-01-27,82.76275634765625,16.289350509643555,,,37.80439758300781,,,,28.58587646484375,,24.61887550354004,17.04469871520996,,,,,197.688232421875,,28.567853927612305
2017-01-30,82.72442626953125,16.80110740661621,,,37.5604362487793,,,,28.479642868041992,,24.559038162231445,16.948711395263672,,,,,196.46226501464844,,28.413663864135742
2017-01-31,82.92350006103516,16.731714248657227,,,37.58483123779297,,,,28.60519027709961,,24.559038162231445,16.9555721282959,,,,,196.4450225830078,,28.329565048217773
2017-02-01,82.80687713623047,16.592933654785156,,,37.641754150390625,,,,28.58587646484375,,24.584680557250977,16.96928596496582,,,,,196.52264404296875,,28.434694290161133
2017-02-02,82.85294342041016,16.757736206054688,,,37.666141510009766,,,,28.60519027709961,,24.584680557250977,16.96928596496582,,,,,196.65225219726562,,28.46973419189453
2017-02-03,82.8759765625,16.601608276367188,,,37.666141510009766,,,,28.69210433959961,,24.627426147460938,17.00356674194336,,,,,198.0077362060547,,28.406658172607422
2017-02-06,83.11383819580078,16.670995712280273,,,37.536033630371094,,,,28.65347671508789,,24.627426147460938,17.010427474975586,,,,,197.65370178222656,,28.406658172607422
2017-02-07,83.1982192993164,16.723041534423828,,,37.40593338012695,,,,28.682449340820312,,24.68726348876953,16.921287536621094,,,,,197.662353515625,,28.350587844848633
2017-02-08,83.43609619140625,16.723041534423828,,,37.536033630371094,,,,28.66313362121582,,24.69580841064453,16.9555721282959,,,,,197.92138671875,,28.364604949951172
2017-02-09,83.23658752441406,16.662324905395508,,,37.682411193847656,,,,28.60519027709961,,24.730005264282227,17.02412986755371,,,,,199.0956268310547,,28.525815963745117
2017-02-10,83.22122192382812,16.618953704833984,,,37.87757110595703,,,,28.556903839111328,,24.69580841064453,17.120121002197266,,,,,199.8812255859375,,28.588890075683594
2017-02-13,83.09848022460938,16.558238983154297,,,37.747459411621094,,,,28.547245025634766,,24.712905883789062,17.14069366455078,,,,,200.9691162109375,,28.588890075683594
2017-02-14,82.91432189941406,16.43680763244629,,,37.77185821533203,,,,28.62450408935547,,24.738550186157227,17.133831024169922,,,,,201.77203369140625,,28.581878662109375
2017-02-15,82.78388977050781,16.324047088623047,,,37.79624938964844,,,,28.65347671508789,,24.730005264282227,17.154399871826172,,,,,202.8253631591797,,28.51178741455078
2017-02-16,82.96033477783203,16.480175018310547,,,37.79624938964844,,,,28.64381980895996,,24.764198303222656,17.14754295349121,,,,,202.65269470214844,,28.37862777709961
2017-02-17,83.1445541381836,16.488847732543945,,,37.690528869628906,,,,28.59553337097168,,24.789838790893555,17.085840225219727,,,,,202.97219848632812,,28.35759735107422
2017-02-21,83.13685607910156,16.488847732543945,,,37.82065200805664,,,,28.66313362121582,,24.84967613220215,17.078981399536133,,,,,204.180908203125,,28.364604949951172
2017-02-22,83.19053649902344,16.488847732543945,,,37.641754150390625,,,,28.69210433959961,,24.875322341918945,17.05841064453125,,,,,203.99961853027344,,28.31554412841797
2017-02-23,83.32865905761719,16.688344955444336,,,37.893829345703125,,,,28.779022216796875,,24.858224868774414,17.037845611572266,,,,,204.13771057128906,,28.287511825561523
2017-02-24,83.63554382324219,16.78375816345215,,,39.03227615356445,,,,28.798337936401367,,24.892419815063477,16.96928596496582,,,,,204.39674377441406,,28.301523208618164
2017-02-27,83.48213195800781,16.610280990600586,,,38.040199279785156,,,,28.82731056213379,,24.883869171142578,16.9967098236084,,,,,204.7161865234375,,28.322551727294922
2017-02-28,83.4590835571289,16.78375816345215,,,39.51204299926758,,,,28.817651748657227,,24.866775512695312,16.982994079589844,,,,,204.16366577148438,,28.392641067504883
2017-03-01,83.06697082519531,16.558238983154297,,,39.642154693603516,,,,28.875595092773438,,24.909513473510742,17.065275192260742,,,,,207.02139282226562,,28.37161636352539
2017-03-02,82.9131851196289,16.688344955444336,,,37.967010498046875,,,,28.83696746826172,,24.83258056640625,16.86644172668457,,,,,205.71775817871094,,28.161346435546875
2017-03-03,82.97474670410156,16.679670333862305,,,38.137794494628906,,,,28.856281280517578,,24.84967613220215,16.941852569580078,,,,,205.84722900390625,,28.245452880859375
2017-03-06,82.93628692626953,16.827125549316406,,,38.10525131225586,,,,28.817651748657227,,24.798389434814453,16.832157135009766,,,,,205.23422241210938,,28.287511825561523
2017-03-07,82.82865905761719,16.827125549316406,,,37.93450164794922,,,,28.83696746826172,,24.747098922729492,16.708749771118164,,,,,204.6212158203125,,28.245452880859375
2017-03-08,82.62872314453125,16.818450927734375,,,37.706809997558594,,,,28.779022216796875,,24.730005264282227,16.557905197143555,,,,,204.2412872314453,,28.049211502075195
2017-03-09,82.37501525878906,16.870492935180664,,,38.82085418701172,,,,28.798337936401367,,24.70435905456543,16.40707015991211,,,,,204.5003204345703,,27.944074630737305
2017-03-10,82.49803924560547,16.80110740661621,,,37.690528869628906,,,,28.769367218017578,,24.77274513244629,16.475631713867188,,,,,205.21690368652344,,27.796892166137695
2017-03-13,82.35965728759766,16.835798263549805,,,37.16197967529297,,,,28.769367218017578,,24.755647659301758,16.468772888183594,,,,,205.32052612304688,,27.747831344604492
2017-03-14,82.39044189453125,16.853147506713867,,,37.04813766479492,,,,28.779022216796875,,24.70435905456543,16.36593246459961,,,,,204.53485107421875,,27.705774307250977
2017-03-15,82.86707305908203,16.80978012084961,,,37.153846740722656,,,,28.798337936401367,,24.798389434814453,16.67446517944336,,,,,206.3048095703125,,27.78287696838379
2017-03-16,82.77483367919922,16.818450927734375,,,37.17010498046875,,,,28.730735778808594,,24.798389434814453,16.708749771118164,,,,,205.89901733398438,,27.78287696838379
2017-03-17,82.95166015625,16.94856071472168,,,37.19450378417969,,,,28.817651748657227,,24.81548309326172,16.74988555908203,,,,,205.5374298095703,,27.85296630859375
2017-03-20,83.07469177246094,17.017948150634766,,,37.12944030761719,,,,28.817651748657227,,24.824031829833984,16.715595245361328,,,,,205.3119354248047,,27.705774307250977
2017-03-21,83.24383544921875,17.373573303222656,,,36.99934005737305,,,,28.788679122924805,,24.721452713012695,16.605899810791016,,,,,202.6758575439453,,27.56560516357422
2017-03-22,83.3591537475586,17.468982696533203,,,36.9912109375,,,,28.817651748657227,,24.77274513244629,16.695030212402344,,,,,203.15281677246094,,27.621671676635742
2017-03-23,83.38223266601562,17.38224983215332,,,36.9912109375,,,,28.807994842529297,,24.77274513244629,16.68817901611328,,,,,202.93600463867188,,27.5585880279541
2017-03-24,83.31303405761719,17.408266067504883,,,37.04813766479492,,,,28.89491081237793,,24.789838790893555,16.681316375732422,,,,,202.78857421875,,27.649703979492188
2017-03-27,83.51292419433594,17.460309982299805,,,36.99934005737305,,,,28.88525390625,,24.81548309326172,16.66074562072754,,,,,202.58045959472656,,27.572616577148438
2017-03-28,83.32069396972656,17.260812759399414,,,37.145713806152344,,,,28.89491081237793,,24.824031829833984,16.708749771118164,,,,,204.0546112060547,,27.691762924194336
2017-03-29,83.5052261352539,17.191425323486328,,,37.17824172973633,,,,28.943199157714844,,24.883869171142578,16.73617172241211,,,,,204.24534606933594,,27.83193588256836
2017-03-30,83.3514404296875,17.113357543945312,,,37.31648635864258,,,,28.90456771850586,,24.858224868774414,16.79787826538086,,,,,204.89573669433594,,27.902021408081055
2017-03-31,83.41297149658203,17.130706787109375,,,37.332740783691406,,,,28.962512969970703,,24.866775512695312,16.845911026000977,,,,,204.41885375976562,,27.895017623901367
2017-04-03,83.7226791381836,17.243467330932617,,,37.23515701293945,,,,29.010801315307617,,24.892419815063477,16.811601638793945,,,,,204.0633087158203,,27.83193588256836
2017-04-04,83.64564514160156,17.3302059173584,,,37.3734016418457,,,,29.078401565551758,,24.875322341918945,16.893945693969727,,,,,204.193359375,,27.838947296142578
2017-04-05,83.7381591796875,17.45163917541504,,,37.41405487060547,,,,29.001142501831055,,24.84113121032715,16.8870849609375,,,,,203.58633422851562,,27.859970092773438
2017-04-06,83.73038482666016,17.3302059173584,,,37.41405487060547,,,,29.088058471679688,,24.806934356689453,16.9213924407959,,,,,204.15870666503906,21.21619987487793,27.909034729003906
2017-04-07,83.54548645019531,17.174074172973633,,,37.40593338012695,,,,29.14600372314453,,24.781291961669922,16.914527893066406,,,,,203.95054626464844,21.17376136779785,27.95108985900879
2017-04-10,83.65335083007812,17.30418586730957,,,37.39779281616211,,,,29.165319442749023,,24.824031829833984,16.962560653686523,,,,,204.07196044921875,21.191591262817383,27.986129760742188
2017-04-11,83.89217376708984,17.356225967407227,,,37.32461166381836,,,,29.165319442749023,,24.789838790893555,17.03117561340332,,,,,203.82916259765625,21.43684959411621,28.028179168701172
2017-04-12,84.07707977294922,17.495006561279297,,,37.32461166381836,,,,29.232919692993164,,24.789838790893555,16.941978454589844,,,,,202.93600463867188,21.513225555419922,27.944074630737305
2017-04-13,84.18494415283203,17.616437911987305,,,37.12131881713867,,,,29.165319442749023,,24.738550186157227,16.907665252685547,,,,,201.617919921875,21.633729934692383,28.049211502075195
2017-04-17,84.13873291015625,17.599092483520508,,,37.251426696777344,,,,29.184633255004883,,24.764198303222656,16.9213924407959,,,,,203.404296875,21.5378360748291,28.147329330444336
2017-04-18,84.47771453857422,17.6424617767334,,,37.153846740722656,,,,29.242578506469727,,24.738550186157227,16.845911026000977,,,,,202.79730224609375,21.53019905090332,28.01416778564453
2017-04-19,84.34676361083984,17.512353897094727,,,37.16197967529297,,,,29.194290161132812,,24.712905883789062,16.70867347717285,,,,,202.42440795898438,21.5726261138916,28.035192489624023
2017-04-20,84.21576690673828,17.416942596435547,,,37.283958435058594,,,,29.242578506469727,,24.781291961669922,16.777292251586914,,,,,204.07196044921875,21.380834579467773,28.035192489624023
2017-04-21,84.2388916015625,17.416942596435547,,,37.19450378417969,,,,29.213605880737305,,24.764198303222656,16.736122131347656,,,,,203.4215850830078,21.53019905090332,28.000146865844727
2017-04-24,84.1156005859375,17.416942596435547,,,37.3734016418457,,,,29.252235412597656,,24.892419815063477,16.797880172729492,,,,,205.6588134765625,21.190738677978516,27.902021408081055
2017-04-25,83.83821868896484,17.260812759399414,,,37.21076202392578,,,,29.271549224853516,,24.918062210083008,16.85963249206543,,,,,206.85548400878906,20.981971740722656,27.902021408081055
2017-04-26,83.94608306884766,17.113357543945312,,,37.21076202392578,,,,29.252235412597656,,24.926612854003906,16.811601638793945,,,,,206.72540283203125,21.012523651123047,27.88800811767578
2017-04-27,84.02313995361328,17.243467330932617,,,37.24329376220703,,,,29.252235412597656,,24.943708419799805,16.667499542236328,,,,,206.89886474609375,21.0040340423584,27.84596061706543
2017-04-28,84.1695327758789,17.338878631591797,,,37.259552001953125,,,,29.261890411376953,,24.926612854003906,16.660640716552734,,,,,206.44786071777344,21.071928024291992,27.93707275390625
2017-05-01,83.95254516601562,17.373573303222656,,,37.08879089355469,,,,29.242578506469727,,24.943708419799805,16.722400665283203,,,,,206.96820068359375,21.03797721862793,27.944074630737305
2017-05-02,84.06837463378906,17.364900588989258,,,36.942420959472656,,,,29.232919692993164,,24.96935272216797,16.660640716552734,,,,,207.04629516601562,21.012523651123047,27.972116470336914
2017-05-03,83.98345947265625,17.373573303222656,,,36.974952697753906,,,,29.17497444152832,,24.918062210083008,16.489089965820312,,,,,206.79481506347656,21.012523651123047,28.091266632080078
2017-05-04,83.91398620605469,17.3302059173584,,,36.64155578613281,,,,29.11703109741211,,24.875322341918945,16.365575790405273,,,,,207.0375518798828,20.987058639526367,28.000146865844727
2017-05-05,83.9294204711914,17.269487380981445,,,36.722869873046875,,,,29.10737419128418,,24.952255249023438,16.543987274169922,,,,,207.85263061523438,20.910676956176758,27.909034729003906
2017-05-08,83.7672348022461,17.269487380981445,,,36.81232452392578,,,,29.126689910888672,,24.909513473510742,16.489089965820312,,,,,207.8179931640625,20.842788696289062,27.944074630737305
2017-05-09,83.77495574951172,17.208770751953125,,,36.79604721069336,,,,29.165319442749023,,24.90096664428711,16.468507766723633,,,,,207.6272430419922,20.83430290222168,27.93006134033203
2017-05-10,83.79813385009766,17.191425323486328,,,37.05626678466797,,,,29.203947067260742,,24.943708419799805,16.60574722290039,,,,,208.00010681152344,20.808841705322266,27.93006134033203
2017-05-11,83.79045104980469,17.226118087768555,,,37.10505294799805,,,,29.165319442749023,,24.952255249023438,16.578292846679688,,,,,207.57516479492188,20.851280212402344,28.01416778564453
2017-05-12,84.09930419921875,17.364900588989258,,,37.12131881713867,,,,29.126689910888672,,24.986448287963867,16.592018127441406,,,,,207.22836303710938,20.99554443359375,28.077245712280273
2017-05-15,84.06837463378906,17.25214195251465,,,37.29208755493164,,,,29.097715377807617,,25.046287536621094,16.660640716552734,,,,,208.37294006347656,20.919164657592773,28.01416778564453
2017-05-16,84.1764907836914,17.217445373535156,,,37.259552001953125,,,,29.049428939819336,,25.02918815612793,16.70867347717285,,,,,208.18212890625,20.927656173706055,27.78287696838379
2017-05-17,84.60887145996094,17.581745147705078,,,37.06440353393555,,,,29.088058471679688,,24.866775512695312,16.70867347717285,,,,,204.4882049560547,21.43684959411621,27.656713485717773
2017-05-18,84.56257629394531,17.651132583618164,,,37.06440353393555,,,,29.14600372314453,,24.883869171142578,16.653779983520508,,,,,205.3119354248047,21.368953704833984,27.740819931030273
2017-05-19,84.56257629394531,17.495006561279297,,,37.06440353393555,,,,29.155662536621094,,24.943708419799805,16.8870849609375,,,,,206.64735412597656,21.233171463012695,27.78988265991211
2017-05-22,84.50850677490234,17.555721282958984,,,37.349021911621094,,,,29.194290161132812,,24.960803985595703,16.928255081176758,,,,,207.69664001464844,21.10587501525879,27.80390167236328
2017-05-23,84.34635925292969,17.555721282958984,,,37.36527633666992,,,,29.194290161132812,,24.9778995513916,16.907665252685547,,,,,208.15618896484375,21.05495834350586,27.761850357055664
2017-05-24,84.49307250976562,17.66848373413086,,,37.41405487060547,,,,29.17497444152832,,25.012094497680664,16.9213924407959,,,,,208.64181518554688,21.063438415527344,27.859970092773438
2017-05-25,84.53165435791016,17.66848373413086,,,37.40593338012695,,,,29.223262786865234,,25.063379287719727,16.797880172729492,,,,,209.6389617919922,20.987058639526367,27.88800811767578
2017-05-26,84.50079345703125,17.746543884277344,,,37.42219543457031,,,,29.194290161132812,,25.046287536621094,16.791015625,,,,,209.59564208984375,21.012523651123047,27.8109130859375
2017-05-30,84.6629409790039,17.824609756469727,,,37.41405487060547,,,,29.194290161132812,,25.054834365844727,16.74298095703125,,,,,209.41354370117188,21.046464920043945,27.670734405517578
2017-05-31,84.74787902832031,18.01543426513672,,,38.38174057006836,,,,29.290864944458008,,25.03774070739746,16.667499542236328,,,,,209.36146545410156,21.113508224487305,27.691762924194336
2017-06-01,84.70915985107422,17.73787498474121,,,37.41405487060547,,,,29.38743782043457,,25.14886474609375,16.68808937072754,,,,,211.02642822265625,20.987058639526367,27.691762924194336
2017-06-02,84.98773193359375,17.73787498474121,,,37.552303314208984,,,,29.34880828857422,,25.225797653198242,16.715538024902344,,,,,211.72879028320312,21.046464920043945,27.78287696838379
2017-06-05,84.85618591308594,17.807262420654297,,,37.3734016418457,,,,29.36812400817871,,25.17451286315918,16.660640716552734,,,,,211.57272338867188,21.0040340423584,27.733814239501953
2017-06-06,85.02644348144531,17.807262420654297,,,37.38153839111328,,,,29.300521850585938,,25.18305778503418,16.749847412109375,,,,,210.8963165283203,21.131330490112305,27.817913055419922
2017-06-07,84.92584228515625,17.815937042236328,,,37.259552001953125,,,,29.300521850585938,,25.18305778503418,16.640050888061523,,,,,211.28651428222656,21.046464920043945,27.747831344604492
2017-06-08,84.84069061279297,17.607763290405273,,,37.259552001953125,,,,29.32949447631836,,25.242895126342773,16.619470596313477,,,,,211.39053344726562,20.99554443359375,27.656713485717773
2017-06-09,84.77104949951172,17.390920639038086,,,37.40593338012695,,,,29.290864944458008,,25.20015525817871,16.68808937072754,,,,,211.06976318359375,21.029497146606445,27.509531021118164
2017-06-12,84.77104949951172,17.399595260620117,,,37.42219543457031,,,,29.33915138244629,,25.16596031188965,16.646915435791016,,,,,211.02642822265625,21.0040340423584,27.530555725097656
2017-06-13,84.79428100585938,17.364900588989258,,,37.41405487060547,,,,29.44538116455078,,25.191604614257812,16.701812744140625,,,,,212.0582733154297,20.95311737060547,27.516542434692383
2017-06-14,85.0650634765625,17.521028518676758,,,37.34087371826172,,,,29.493671417236328,,25.20015525817871,16.557710647583008,,,,,211.78944396972656,21.071928024291992,27.411409378051758
2017-06-15,85.01092529296875,17.521028518676758,,,37.38153839111328,,,,29.38743782043457,,25.14886474609375,16.502811431884766,,,,,211.38186645507812,21.063438415527344,27.411409378051758
2017-06-16,85.0650634765625,17.659809112548828,,,37.40593338012695,,,,29.35846519470215,,25.157411575317383,16.523399353027344,,,,,211.4281005859375,21.04222297668457,27.43243408203125
2017-06-19,84.94905090332031,17.581745147705078,,,37.41405487060547,,,,29.44538116455078,,25.259992599487305,16.523399353027344,,,,,213.188232421875,20.893712997436523,27.43243408203125
2017-06-20,85.08055877685547,17.6424617767334,,,37.41405487060547,,,,29.406753540039062,,25.217248916625977,16.434200286865234,,,,,211.75048828125,20.924259185791016,27.4744873046875
2017-06-21,85.0960464477539,17.677154541015625,,,37.49537658691406,,,,29.406753540039062,,25.191604614257812,16.34499740600586,,,,,211.69822692871094,20.987058639526367,27.5585880279541
2017-06-22,85.13470458984375,17.694503784179688,,,37.51163864135742,,,,29.44538116455078,,25.242895126342773,16.317541122436523,,,,,211.60238647460938,21.0040340423584,27.614667892456055
2017-06-23,85.15021514892578,17.62511444091797,,,37.38966751098633,,,,29.54195785522461,,25.242895126342773,16.427337646484375,,,,,211.85504150390625,20.9700870513916,27.586627960205078
2017-06-26,85.22756958007812,17.62511444091797,,,37.58483123779297,,,,29.54195785522461,,25.302732467651367,16.420473098754883,,,,,211.99447631835938,20.95311737060547,27.628681182861328
2017-06-27,84.97223663330078,17.607763290405273,,,37.552303314208984,,,,29.5709285736084,,25.18305778503418,16.434200286865234,,,,,210.28663635253906,20.904632568359375,27.572616577148438
2017-06-28,85.00321197509766,17.399595260620117,,,37.552303314208984,,,,29.61921501159668,,25.23434829711914,16.530263900756836,,,,,212.1688232421875,20.79662322998047,27.523550033569336
2017-06-29,84.84069061279297,17.356225967407227,,,37.42219543457031,,,,29.667503356933594,,25.089025497436523,16.523399353027344,,,,,210.3040008544922,20.862112045288086,27.48149299621582
2017-06-30,84.73239135742188,17.356225967407227,,,37.30835723876953,,,,29.686817169189453,,25.140316009521484,16.598093032836914,,,,,210.69619750976562,20.734540939331055,27.341318130493164
2017-07-03,84.5811996459961,17.356225967407227,,,37.27581787109375,,,,29.715789794921875,,25.157411575317383,16.66033363342285,,,,,211.0534210205078,20.53042984008789,27.25721549987793
2017-07-05,84.62771606445312,17.20009994506836,,,37.21076202392578,,,,29.715789794921875,,25.20015525817871,16.591175079345703,,,,,211.54139709472656,20.62398338317871,27.194135665893555
2017-07-06,84.46490478515625,17.269487380981445,,,37.251426696777344,,,,29.725448608398438,,25.063379287719727,16.466691970825195,,,,,209.60690307617188,20.6409912109375,27.313289642333984
2017-07-07,84.43387603759766,17.278162002563477,,,37.19450378417969,,,,29.754419326782227,,25.10612678527832,16.39061737060547,,,,,210.96627807617188,20.581459045410156,27.3553409576416
2017-07-10,84.47264099121094,17.25214195251465,,,37.251426696777344,,,,29.735105514526367,,25.17451286315918,16.52201271057129,,,,,211.19285583496094,20.53042984008789,27.306276321411133
2017-07-11,84.55018615722656,17.226118087768555,,,37.251426696777344,,,,29.706132888793945,,25.17451286315918,16.577348709106445,,,,,211.0360107421875,20.5644474029541,27.390384674072266
2017-07-12,84.80606842041016,17.226118087768555,,,37.218902587890625,,,,29.60955810546875,,25.311283111572266,16.62575340270996,,,,,212.62188720703125,20.5108699798584,27.369354248046875
2017-07-13,84.71300506591797,17.182750701904297,,,37.349021911621094,,,,29.590242385864258,,25.28563690185547,16.639585494995117,,,,,212.97915649414062,20.377342224121094,27.362350463867188
2017-07-14,84.79827880859375,17.122034072875977,,,37.267696380615234,,,,29.677160263061523,,25.345474243164062,16.76407241821289,,,,,213.9724578857422,20.377342224121094,27.299272537231445
2017-07-17,84.83699798583984,17.182750701904297,,,37.27581787109375,,,,29.677160263061523,,25.311283111572266,16.777904510498047,,,,,213.94635009765625,20.397756576538086,27.32029151916504
2017-07-18,85.03089141845703,17.182750701904297,,,37.30835723876953,,,,29.61921501159668,,25.32837677001953,16.812484741210938,,,,,214.05963134765625,20.53042984008789,27.348331451416016
2017-07-19,85.05414581298828,17.15673065185547,,,37.30835723876953,,,,29.60955810546875,,25.396760940551758,16.985382080078125,,,,,215.2185516357422,20.39690589904785,27.278244018554688
2017-07-20,85.0774154663086,17.15673065185547,,,37.283958435058594,,,,29.638530731201172,,25.379669189453125,16.930057525634766,,,,,215.31436157226562,20.41136360168457,27.25721549987793
2017-07-21,85.2247314453125,17.226118087768555,,,37.283958435058594,,,,29.638530731201172,,25.388216018676758,16.84706687927246,,,,,215.12269592285156,20.394351959228516,27.229175567626953
2017-07-24,85.14717864990234,17.208770751953125,,,37.251426696777344,,,,29.715789794921875,,25.336925506591797,16.819400787353516,,,,,215.07041931152344,20.42327308654785,27.243194580078125
2017-07-25,84.8448257446289,17.052644729614258,,,37.40593338012695,,,,29.84133529663086,,25.36256980895996,16.936973571777344,,,,,215.59320068359375,20.258275985717773,27.425432205200195
2017-07-26,85.00765228271484,17.148054122924805,,,37.31648635864258,,,,29.85099220275879,,25.422405242919922,17.013050079345703,,,,,215.60195922851562,20.1995906829834,27.3553409576416
2017-07-27,84.8835678100586,17.286836624145508,,,37.267696380615234,,,,29.831676483154297,,25.379669189453125,17.026878356933594,,,,,215.40150451660156,20.249774932861328,27.14507484436035
2017-07-28,85.05414581298828,17.29551124572754,,,37.218902587890625,,,,29.85099220275879,,25.388216018676758,17.05454444885254,,,,,215.14883422851562,20.283788681030273,27.06797981262207
2017-07-31,85.01537322998047,17.321529388427734,,,37.21076202392578,,,,29.773733139038086,,25.371118545532227,17.1513614654541,,,,,215.02682495117188,20.29059410095215,27.074987411499023
2017-08-01,85.24846649169922,17.338878631591797,,,37.21076202392578,,,,29.764076232910156,,25.40531349182129,17.082204818725586,,,,,215.50608825683594,20.368844985961914,27.13105583190918
2017-08-02,85.1863021850586,17.338878631591797,,,37.202640533447266,,,,29.715789794921875,,25.371118545532227,17.123701095581055,,,,,215.6106719970703,20.32631492614746,27.03994369506836
2017-08-03,85.35725402832031,17.390920639038086,,,37.35714340209961,,,,29.599899291992188,,25.371118545532227,17.096031188964844,,,,,215.19239807128906,20.445384979248047,27.1030216217041
2017-08-04,85.21741485595703,17.460309982299805,,,37.35714340209961,,,,29.532299041748047,,25.388216018676758,17.05454444885254,,,,,215.58453369140625,20.377342224121094,27.060970306396484
2017-08-07,85.20958709716797,17.460309982299805,,,37.38966751098633,,,,29.4840145111084,,25.43095588684082,17.13753318786621,,,,,215.9853515625,20.385847091674805,27.060970306396484
2017-08-08,85.13191223144531,17.25214195251465,,,37.332740783691406,,,,29.43572425842285,,25.354022979736328,17.08911895751953,,,,,215.4538116455078,20.385847091674805,27.018918991088867
2017-08-09,85.20958709716797,17.25214195251465,,,37.202640533447266,,,,29.290864944458008,,25.371118545532227,17.068370819091797,,,,,215.44509887695312,20.504913330078125,26.969852447509766
2017-08-10,85.2950668334961,17.729198455810547,,,37.202640533447266,,,,29.281206130981445,,25.18305778503418,16.985382080078125,,,,,212.40402221679688,20.811084747314453,26.969852447509766
2017-08-11,85.3650131225586,17.651132583618164,,,37.153846740722656,,,,29.406753540039062,,25.208702087402344,16.88855743408203,,,,,212.71766662597656,20.83660316467285,26.983871459960938
2017-08-14,85.32616424560547,17.6424617767334,,,37.227027893066406,,,,29.406753540039062,,25.28563690185547,16.930057525634766,,,,,214.82638549804688,20.615478515625,26.95583724975586
2017-08-15,85.20187377929688,17.677154541015625,,,37.227027893066406,,,,29.32949447631836,,25.277090072631836,16.85398292541504,,,,,214.8002471923828,20.496408462524414,26.99788475036621
2017-08-16,85.35725402832031,17.72052574157715,,,37.48724365234375,,,,29.31983757019043,,25.354022979736328,16.923137664794922,,,,,215.1749725341797,20.428375244140625,27.060970306396484
2017-08-17,85.48153686523438,17.833284378051758,,,37.29208755493164,,,,29.281206130981445,,25.28563690185547,16.826316833496094,,,,,211.82020568847656,20.777067184448242,27.053958892822266
2017-08-18,85.42716217041016,17.833284378051758,,,37.267696380615234,,,,29.290864944458008,,25.268539428710938,16.85398292541504,,,,,211.4890899658203,20.87912368774414,27.074987411499023
2017-08-21,85.4892807006836,17.902673721313477,,,37.13758087158203,,,,29.36812400817871,,25.28563690185547,16.840147018432617,,,,,211.65464782714844,20.849353790283203,27.124048233032227
2017-08-22,85.41166687011719,17.824609756469727,,,37.27581787109375,,,,29.35846519470215,,25.354022979736328,16.950803756713867,,,,,213.867919921875,20.658004760742188,27.1030216217041
2017-08-23,85.60588073730469,17.763893127441406,,,37.23515701293945,,,,29.426067352294922,,25.336925506591797,17.047622680664062,,,,,213.10113525390625,20.658004760742188,27.152090072631836
2017-08-24,85.49713134765625,17.685829162597656,,,37.31648635864258,,,,29.43572425842285,,25.336925506591797,16.964635848999023,,,,,212.60447692871094,20.79407501220703,27.187129974365234
2017-08-25,85.55928039550781,17.62511444091797,,,37.349021911621094,,,,29.493671417236328,,25.345474243164062,17.082204818725586,,,,,213.10113525390625,20.76005744934082,27.25020408630371
2017-08-28,85.59037780761719,17.599092483520508,,,37.39779281616211,,,,29.4840145111084,,25.336925506591797,17.082204818725586,,,,,213.10986328125,20.82895278930664,27.138065338134766
2017-08-29,85.71464538574219,17.547048568725586,,,37.430328369140625,,,,29.532299041748047,,25.345474243164062,17.08911895751953,,,,,213.35382080078125,20.83660316467285,27.152090072631836
2017-08-30,85.69910430908203,17.44296646118164,,,37.454715728759766,,,,29.532299041748047,,25.40531349182129,17.05454444885254,,,,,214.36459350585938,20.734540939331055,27.081995010375977
2017-08-31,85.8156509399414,17.390920639038086,,,37.479122161865234,,,,29.44538116455078,,25.499338150024414,17.17211151123047,,,,,215.65423583984375,20.709033966064453,27.16609764099121
2017-09-01,85.62100219726562,17.356225967407227,,,37.60922622680664,,,,29.580585479736328,,25.507892608642578,17.28276252746582,,,,,215.95919799804688,20.559343338012695,27.173112869262695
2017-09-05,85.97135925292969,17.4776611328125,,,37.50350570678711,,,,29.6481876373291,,25.43095588684082,17.255098342895508,,,,,214.408203125,20.766010284423828,27.14507484436035
2017-09-06,85.87794494628906,17.44296646118164,,,37.544166564941406,,,,29.599899291992188,,25.44805335998535,17.428001403808594,,,,,215.14013671875,20.76005744934082,27.278244018554688
2017-09-07,86.08818817138672,17.581745147705078,,,37.674285888671875,,,,29.590242385864258,,25.490793228149414,17.497159957885742,,,,,215.1139678955078,20.862112045288086,27.306276321411133
2017-09-08,85.98692321777344,17.581745147705078,,,37.682411193847656,,,,29.60955810546875,,25.45660400390625,17.42108154296875,,,,,214.86123657226562,20.870616912841797,27.25020408630371
2017-09-11,85.75334167480469,17.555721282958984,,,37.682411193847656,,,,29.6578426361084,,25.524988174438477,17.407251358032227,,,,,217.15301513671875,20.6409912109375,27.222171783447266
2017-09-12,85.62881469726562,17.399595260620117,,,37.80439758300781,,,,29.715789794921875,,25.533538818359375,17.44874382019043,,,,,217.88491821289062,20.555944442749023,27.18012046813965
2017-09-13,85.54313659667969,17.286836624145508,,,37.69867706298828,,,,29.6578426361084,,25.48224449157715,17.462583541870117,,,,,217.98947143554688,20.464941024780273,27.117036819458008
2017-09-14,85.5898666381836,17.30418586730957,,,37.592960357666016,,,,29.686817169189453,,25.48224449157715,17.455663681030273,,,,,217.91978454589844,20.462400436401367,27.1030216217041
2017-09-15,85.57427978515625,17.408266067504883,,,37.72307205200195,,,,29.764076232910156,,25.507892608642578,17.49024200439453,,,,,218.21315002441406,20.41136360168457,27.1030216217041
2017-09-18,85.53536987304688,17.269487380981445,,,37.73933410644531,,,,29.81236457824707,,25.507892608642578,17.455663681030273,,,,,218.67724609375,20.334821701049805,27.13105583190918
2017-09-19,85.48868560791016,17.226118087768555,,,37.76373291015625,,,,29.754419326782227,,25.559179306030273,17.517902374267578,,,,,218.89617919921875,20.300804138183594,27.25721549987793
2017-09-20,85.4186019897461,17.226118087768555,,,37.85317611694336,,,,29.793048858642578,,25.533538818359375,17.545570373535156,,,,,218.97499084472656,20.26678466796875,27.152090072631836
2017-09-21,85.40301513671875,17.061317443847656,,,37.73933410644531,,,,29.735105514526367,,25.533538818359375,17.47641372680664,,,,,218.38824462890625,20.156225204467773,27.14507484436035
2017-09-22,85.46526336669922,17.10468864440918,,,37.747459411621094,,,,29.6578426361084,,25.516441345214844,17.428001403808594,,,,,218.4320068359375,20.26678466796875,27.27123260498047
2017-09-25,85.66769409179688,17.052644729614258,,,37.86131286621094,,,,29.773733139038086,,25.48224449157715,17.56631851196289,,,,,217.98544311523438,20.343324661254883,27.32029151916504
2017-09-26,85.63655853271484,16.983253479003906,,,37.71493911743164,,,,29.802705764770508,,25.45660400390625,17.504072189331055,,,,,218.11685180664062,20.302400588989258,27.201147079467773
2017-09-27,85.3874282836914,16.78375816345215,,,37.77185821533203,,,,29.78339195251465,,25.499338150024414,17.469493865966797,,,,,218.9662322998047,20.084957122802734,27.173112869262695
2017-09-28,85.39525604248047,16.723041534423828,,,37.79624938964844,,,,29.725448608398438,,25.490793228149414,17.483327865600586,,,,,219.22898864746094,20.158283233642578,27.278244018554688
2017-09-29,85.32514190673828,16.679670333862305,,,37.747459411621094,,,,29.754419326782227,,25.542081832885742,17.429962158203125,,,,,219.99951171875,20.09859848022461,27.18012046813965
2017-10-02,85.37745666503906,16.71436882019043,,,37.63361740112305,,,,29.86065101623535,,25.56772804260254,17.416095733642578,,,,,220.95407104492188,19.939992904663086,27.09601593017578
2017-10-03,85.4476547241211,16.627628326416016,,,37.64988327026367,,,,29.84133529663086,,25.653209686279297,17.416095733642578,,,,,221.42691040039062,19.953630447387695,27.13105583190918
2017-10-04,85.42426300048828,16.670995712280273,,,37.73933410644531,,,,29.889623641967773,,25.644662857055664,17.485401153564453,,,,,221.6896514892578,20.004793167114258,27.208152770996094
2017-10-05,85.38523864746094,16.697019577026367,,,37.79624938964844,,,,29.81236457824707,,25.653209686279297,17.526987075805664,,,,,223.00320434570312,19.936574935913086,27.16609764099121
2017-10-06,85.2603988647461,16.697019577026367,,,37.58483123779297,,,,29.706132888793945,,25.661758422851562,17.374513626098633,,,,,222.74920654296875,19.919525146484375,27.06797981262207
2017-10-09,85.37745666503906,16.740386962890625,,,37.65801239013672,,,,29.599899291992188,,25.653209686279297,17.395309448242188,,,,,222.38136291503906,19.893938064575195,27.09601593017578
2017-10-10,85.38523864746094,16.697019577026367,,,37.9019660949707,,,,29.706132888793945,,25.670305252075195,17.55470848083496,,,,,222.96812438964844,19.945106506347656,27.18012046813965
2017-10-11,85.40083312988281,16.749061584472656,,,37.95888137817383,,,,29.706132888793945,,25.670305252075195,17.582433700561523,,,,,223.31837463378906,19.910993576049805,27.292259216308594
2017-10-12,85.50228118896484,16.827125549316406,,,37.75558853149414,,,,29.744760513305664,,25.68740463256836,17.568571090698242,,,,,222.98561096191406,19.95533561706543,27.208152770996094
2017-10-13,85.71290588378906,16.835798263549805,,,37.926361083984375,,,,29.78339195251465,,25.738693237304688,17.68638801574707,,,,,223.257080078125,19.97580337524414,27.229175567626953
2017-10-16,85.62711334228516,16.835798263549805,,,38.02394104003906,,,,29.754419326782227,,25.747241973876953,17.707178115844727,,,,,223.5548553466797,19.979217529296875,27.376367568969727
2017-10-17,85.59589385986328,16.879167556762695,,,37.99141311645508,,,,29.754419326782227,,25.713048934936523,17.658662796020508,,,,,223.71246337890625,19.945106506347656,27.341318130493164
2017-10-18,85.4632568359375,16.879167556762695,,,38.08086395263672,,,,29.802705764770508,,25.747241973876953,17.596290588378906,,,,,223.93138122558594,19.893938064575195,27.348331451416016
2017-10-19,85.52568054199219,16.835798263549805,,,37.893829345703125,,,,29.81236457824707,,25.678857803344727,17.589365005493164,,,,,223.99267578125,19.902469635009766,27.236186981201172
2017-10-20,85.27598571777344,16.853147506713867,,,38.040199279785156,,,,29.87030792236328,,25.721593856811523,17.596290588378906,,,,,225.14857482910156,19.748979568481445,27.334312438964844
2017-10-23,85.36957550048828,16.94856071472168,,,38.032073974609375,,,,29.81236457824707,,25.713048934936523,17.533918380737305,,,,,224.27291870117188,19.842775344848633,27.334312438964844
2017-10-24,85.1901626586914,16.757736206054688,,,38.097129821777344,,,,29.908937454223633,,25.721593856811523,17.630943298339844,,,,,224.6669921875,19.70549201965332,27.48149299621582
2017-10-25,85.13558959960938,16.870492935180664,,,38.07272720336914,,,,29.84133529663086,,25.678857803344727,17.57550048828125,,,,,223.5548553466797,19.783084869384766,27.43243408203125
2017-10-26,85.04195404052734,16.80110740661621,,,38.07272720336914,,,,29.754419326782227,,25.678857803344727,17.520061492919922,,,,,223.84378051757812,19.719135284423828,27.446449279785156
2017-10-27,85.22917175292969,16.697019577026367,,,38.227230072021484,,,,29.918594360351562,,25.721593856811523,17.5616397857666,,,,,225.67405700683594,19.76603889465332,27.49551010131836
2017-10-30,85.4632568359375,16.757736206054688,,,38.227230072021484,,,,29.89927864074707,,25.76433753967285,17.63787269592285,,,,,224.83334350585938,19.791614532470703,27.50252342224121
2017-10-31,85.40860748291016,16.792428970336914,,,38.30855178833008,,,,29.957223892211914,,25.755786895751953,17.6517391204834,,,,,225.1836395263672,19.771150588989258,27.5585880279541
2017-11-01,85.4461441040039,16.792428970336914,,,38.12151336669922,,,,29.937910079956055,,25.789981842041016,17.74875831604004,,,,,225.4813232421875,19.74471664428711,27.56560516357422
2017-11-02,85.4930648803711,16.792428970336914,,,38.284156799316406,,,,29.986194610595703,,25.772886276245117,17.7141056060791,,,,,225.5689697265625,19.79246711730957,27.48850440979004
2017-11-03,85.5712661743164,16.792428970336914,,,38.349205017089844,,,,29.937910079956055,,25.807079315185547,17.77648162841797,,,,,226.322021484375,19.80866813659668,27.656713485717773
2017-11-06,85.6494369506836,16.792428970336914,,,38.633811950683594,,,,29.89927864074707,,25.79853057861328,17.935876846313477,,,,,226.6723175048828,19.824874877929688,27.747831344604492
2017-11-07,85.67288970947266,16.90519142150879,,,38.41426467895508,,,,29.744760513305664,,25.789981842041016,17.880435943603516,,,,,226.51466369628906,19.804410934448242,27.747831344604492
2017-11-08,85.61815643310547,17.02661895751953,,,38.49557876586914,,,,29.667503356933594,,25.815628051757812,17.894296646118164,,,,,226.8999786376953,19.83424949645996,27.698772430419922
2017-11-09,85.5556411743164,17.09601402282715,,,38.50371170043945,,,,29.54195785522461,,25.730144500732422,17.92202377319336,,,,,226.07681274414062,19.85983657836914,27.747831344604492
2017-11-10,85.21158599853516,17.00060272216797,,,38.43052291870117,,,,29.754419326782227,,25.704496383666992,17.873510360717773,,,,,226.00674438476562,19.753244400024414,27.740819931030273
2017-11-13,85.21158599853516,17.00060272216797,,,38.341087341308594,,,,29.696475982666016,,25.704496383666992,17.769556045532227,,,,,226.21690368652344,19.783084869384766,27.656713485717773
2017-11-14,85.29761505126953,17.078664779663086,,,38.259761810302734,,,,29.725448608398438,,25.661758422851562,17.644804000854492,,,,,225.6915740966797,19.842775344848633,27.60765266418457
2017-11-15,85.46177673339844,17.182750701904297,,,38.10525131225586,,,,29.686817169189453,,25.670305252075195,17.55470848083496,,,,,224.56185913085938,19.898204803466797,27.54457664489746
2017-11-16,85.36796569824219,17.182750701904297,,,38.154048919677734,,,,29.754419326782227,,25.738693237304688,17.60322380065918,,,,,226.4708251953125,19.77796745300293,27.551591873168945
2017-11-17,85.46177673339844,17.182750701904297,,,38.20283126831055,,,,29.831676483154297,,25.713048934936523,17.70025062561035,,,,,225.8053741455078,19.817201614379883,27.57961654663086
2017-11-20,85.41488647460938,16.78375816345215,,,38.170310974121094,,,,29.831676483154297,,25.738693237304688,17.66559410095215,,,,,226.1906280517578,19.730220794677734,27.60064697265625
2017-11-21,85.50086212158203,16.78375816345215,,,38.30042266845703,,,,29.78339195251465,,25.815628051757812,17.76262092590332,,,,,227.67056274414062,19.63812255859375,27.691762924194336
2017-11-22,85.6494369506836,16.792428970336914,,,38.37360382080078,,,,29.889623641967773,,25.88401222229004,17.859649658203125,,,,,227.46917724609375,19.712310791015625,27.572616577148438
2017-11-24,85.63377380371094,16.792428970336914,,,38.422393798828125,,,,29.87030792236328,,25.88401222229004,17.873510360717773,,,,,227.99462890625,19.68929100036621,27.677745819091797
2017-11-27,85.63377380371094,16.80978012084961,,,38.40613555908203,,,,29.735105514526367,,25.875465393066406,17.79034423828125,,,,,227.88075256347656,19.644948959350586,27.642696380615234
2017-11-28,85.63377380371094,16.697019577026367,,,38.349205017089844,,,,29.773733139038086,,25.943849563598633,17.83192253112793,,,,,230.19252014160156,19.57843017578125,27.656713485717773
2017-11-29,85.42271423339844,16.601608276367188,,,38.422393798828125,,,,29.793048858642578,,25.88401222229004,17.783409118652344,,,,,230.05242919921875,19.595487594604492,27.586627960205078
2017-11-30,85.28199005126953,16.610280990600586,,,38.33294677734375,,,,29.822019577026367,,25.90965461730957,17.83885383605957,,,,,232.06663513183594,19.45905303955078,27.56560516357422
2017-12-01,85.52565002441406,16.731714248657227,,,38.487449645996094,,,,29.773733139038086,,25.866914749145508,17.94974136352539,,,,,231.58486938476562,19.625335693359375,27.726802825927734
2017-12-04,85.51781463623047,16.7056941986084,,,38.30042266845703,,,,29.87030792236328,,25.84981918334961,17.894296646118164,,,,,231.30471801757812,19.63812255859375,27.57961654663086
2017-12-05,85.6039810180664,16.80110740661621,,,38.20283126831055,,,,29.744760513305664,,25.841272354125977,17.769556045532227,,,,,230.47280883789062,19.501689910888672,27.649703979492188
2017-12-06,85.6901626586914,16.78375816345215,,,37.97515106201172,,,,29.638530731201172,,25.815628051757812,17.721040725708008,,,,,230.51658630371094,19.63812255859375,27.4744873046875
2017-12-07,85.58049011230469,16.697019577026367,,,38.12151336669922,,,,29.686817169189453,,25.841272354125977,17.721040725708008,,,,,231.24342346191406,19.552858352661133,27.656713485717773
2017-12-08,85.54914093017578,16.697019577026367,,,38.40613555908203,,,,29.6578426361084,,25.875465393066406,17.797271728515625,,,,,232.50436401367188,19.471845626831055,27.684751510620117
2017-12-11,85.51781463623047,16.697019577026367,,,38.617557525634766,,,,29.715789794921875,,25.875465393066406,17.85271644592285,,,,,233.20498657226562,19.450523376464844,27.740819931030273
2017-12-12,85.4786376953125,16.71436882019043,,,38.511844635009766,,,,29.715789794921875,,25.88401222229004,17.859649658203125,,,,,233.61651611328125,19.366113662719727,27.649703979492188
2017-12-13,85.72147369384766,16.740386962890625,,,38.40613555908203,,,,29.599899291992188,,25.926753997802734,17.83192253112793,,,,,233.59027099609375,19.463315963745117,27.586627960205078
2017-12-14,85.74502563476562,16.78375816345215,,,38.37360382080078,,,,29.532299041748047,,25.901107788085938,17.873510360717773,,,,,232.63571166992188,19.50936508178711,27.726802825927734
2017-12-15,85.7685317993164,16.827125549316406,,,38.422393798828125,,,,29.60955810546875,,25.90965461730957,17.859649658203125,,,,,234.57301330566406,19.416418075561523,27.754840850830078
2017-12-18,85.65882110595703,16.71436882019043,,,38.60942840576172,,,,29.773733139038086,,26.012237548828125,17.99132537841797,,,,,236.060546875,19.356731414794922,27.740819931030273
2017-12-19,85.40811157226562,16.610280990600586,,,38.65822219848633,,,,29.86065101623535,,25.943849563598633,18.012115478515625,,,,,235.15390014648438,19.211769104003906,27.71979522705078
2017-12-20,85.21221923828125,16.540891647338867,,,38.72327423095703,,,,29.937910079956055,,25.901107788085938,18.0814208984375,,,,,235.0306854248047,19.194705963134766,27.740819931030273
2017-12-21,85.2874755859375,16.402111053466797,,,38.82083511352539,,,,30.04414176940918,,25.986589431762695,18.17844581604004,,,,,235.51473999023438,19.194705963134766,27.895017623901367
2017-12-22,85.32669830322266,16.402111053466797,,,38.71425247192383,,,,29.976539611816406,,25.995134353637695,18.18537712097168,,,,,235.4531707763672,19.234792709350586,27.92304801940918
2017-12-26,85.39720153808594,16.506196975708008,,,39.05859375,,,,29.908937454223633,,25.986589431762695,18.28933334350586,,,,,235.1715087890625,19.228818893432617,28.077245712280273
2017-12-27,85.6636734008789,16.566913604736328,,,39.00940704345703,,,,29.937910079956055,,26.02933120727539,18.365535736083984,,,,,235.28590393066406,19.3306941986084,27.979114532470703
2017-12-28,85.6009521484375,16.549562454223633,,,39.025794982910156,,,,29.937910079956055,,26.046428680419922,18.449424743652344,,,,,235.76998901367188,19.3221378326416,28.077245712280273
2017-12-29,85.68719482421875,16.723041534423828,,,39.042205810546875,,,,29.986194610595703,,26.02078628540039,18.477392196655273,,,,,234.88107299804688,19.339256286621094,28.070236206054688
2018-01-02,85.56177520751953,16.532215118408203,,,38.9110221862793,,,,30.111743927001953,,26.11481475830078,18.63818359375,,,,,236.56219482421875,19.090986251831055,28.021175384521484
2018-01-03,85.56958770751953,16.43680763244629,,,39.13238525390625,,,,30.237289428710938,,26.174654006958008,18.7430477142334,,,,,238.05841064453125,19.133798599243164,28.182374954223633
2018-01-04,85.5147933959961,16.43680763244629,,,39.31275177001953,,,,30.189001083374023,,26.23448944091797,18.72906494140625,,,,,239.06175231933594,19.125226974487305,28.140323638916016
2018-01-05,85.45990753173828,16.376089096069336,,,39.3619384765625,,,,30.198657989501953,,26.294328689575195,18.805973052978516,,,,,240.6549530029297,19.08670425415039,28.133316040039062
2018-01-08,85.4363784790039,16.376089096069336,,,39.3619384765625,,,,30.227628707885742,,26.31142234802246,18.7919921875,,,,,241.0950469970703,19.00538444519043,28.133316040039062
2018-01-09,85.20127868652344,16.324047088623047,,,39.59970474243164,,,,30.29523468017578,,26.302873611450195,18.81296157836914,,,,,241.64077758789062,18.954011917114258,28.098270416259766
2018-01-10,85.20127868652344,16.21996307373047,,,39.55872344970703,,,,30.353178024291992,,26.251583099365234,18.77101707458496,,,,,241.2710418701172,18.924901962280273,28.189390182495117
2018-01-11,85.24044799804688,16.072507858276367,,,39.698097229003906,,,,30.430437088012695,,26.328516006469727,18.903850555419922,,,,,243.03140258789062,18.912925720214844,28.287511825561523
2018-01-12,85.22478485107422,15.916379928588867,,,39.698097229003906,,,,30.498037338256836,,26.439647674560547,19.001726150512695,,,,,244.61563110351562,18.817035675048828,28.350587844848633
2018-01-16,85.24827575683594,16.046483993530273,,,39.821075439453125,,,,30.38214874267578,,26.40545082092285,18.945791244506836,,,,,243.779541015625,18.954011917114258,28.322551727294922
2018-01-17,85.15423583984375,16.098529815673828,,,39.95225524902344,,,,30.488380432128906,,26.473838806152344,18.994728088378906,,,,,246.1031036376953,18.739992141723633,28.343582153320312
2018-01-18,84.96614074707031,16.06383514404297,,,39.94405746459961,,,,30.546323776245117,,26.41400146484375,18.945791244506836,,,,,245.68942260742188,18.757110595703125,28.364604949951172
2018-01-19,84.78591918945312,16.06383514404297,,,39.88665771484375,,,,30.758787155151367,,26.482385635375977,18.889863967895508,,,,,246.80728149414062,18.72286605834961,28.35759735107422
2018-01-22,84.75453186035156,16.037813186645508,,,39.97684860229492,,,,30.671871185302734,,26.56787109375,19.057645797729492,,,,,248.8141632080078,18.68861961364746,28.406658172607422
2018-01-23,84.95832824707031,16.037813186645508,,,40.14902877807617,,,,30.59461212158203,,26.593517303466797,19.043670654296875,,,,,249.3422088623047,18.731430053710938,28.427684783935547
2018-01-24,84.87210845947266,16.037813186645508,,,40.2146110534668,,,,30.768444061279297,,26.602062225341797,19.211450576782227,,,,,249.2454071044922,18.66293716430664,28.46272850036621
2018-01-25,85.09153747558594,16.159244537353516,,,40.181819915771484,,,,30.768444061279297,,26.602062225341797,19.120569229125977,,,,,249.35104370117188,18.757110595703125,28.322551727294922
2018-01-26,84.93476867675781,16.133224487304688,,,40.37858581542969,,,,30.710500717163086,,26.71319007873535,19.211450576782227,,,,,252.23789978027344,18.650096893310547,28.434694290161133
2018-01-29,84.78591918945312,16.037813186645508,,,40.09163284301758,,,,30.633241653442383,,26.61060905456543,19.099590301513672,,,,,250.5655059814453,18.6715030670166,28.336570739746094
2018-01-30,84.65264892578125,16.115877151489258,,,39.95225524902344,,,,30.478723526000977,,26.49948501586914,18.91783332824707,,,,,247.99551391601562,18.692903518676758,28.196393966674805
2018-01-31,84.72315979003906,16.176589965820312,,,39.78828430175781,,,,30.449752807617188,,26.54222297668457,18.973751068115234,,,,,248.1187286376953,18.6800594329834,28.245452880859375
2018-02-01,84.45768737792969,16.176589965820312,,,39.94405746459961,,,,30.58495330810547,,26.473838806152344,18.959774017333984,,,,,247.83706665039062,18.568771362304688,28.46973419189453
2018-02-02,84.206298828125,16.159244537353516,,,39.64070510864258,,,,30.39180564880371,,26.328516006469727,18.582260131835938,,,,,242.44168090820312,18.58588981628418,28.245452880859375
2018-02-05,84.54409790039062,16.324047088623047,,,39.222572326660156,,,,30.024826049804688,,26.037878036499023,18.21173095703125,,,,,232.30213928222656,19.67313575744629,28.147329330444336
2018-02-06,84.30058288574219,16.254655838012695,,,39.148773193359375,,,,30.227628707885742,,26.174654006958008,18.28862762451172,,,,,236.87905883789062,19.8443603515625,27.993139266967773
2018-02-07,84.11206817626953,16.176589965820312,,,38.71425247192383,,,,30.16968536376953,,26.054975509643555,18.162796020507812,,,,,235.59402465820312,19.20998764038086,27.712787628173828
2018-02-08,83.97067260742188,16.350067138671875,,,38.427284240722656,,,,30.034482955932617,,25.832719802856445,17.862180709838867,,,,,226.7571563720703,19.85205841064453,27.726802825927734
2018-02-09,83.86068725585938,16.34139633178711,,,37.9107780456543,,,,30.06345558166504,,25.866914749145508,17.77828598022461,,,,,230.16336059570312,19.519039154052734,27.60765266418457
2018-02-12,83.88426208496094,16.34139633178711,,,38.38629913330078,,,,30.08277130126953,,25.995134353637695,17.932086944580078,,,,,233.54318237304688,19.122661590576172,27.572616577148438
2018-02-13,83.9078369140625,16.29802703857422,,,38.02555847167969,,,,30.10208511352539,,25.986589431762695,18.001996994018555,,,,,234.1241455078125,19.125226974487305,27.63569450378418
2018-02-14,83.62504577636719,16.18526840209961,,,38.02555847167969,,,,30.189001083374023,,26.06352424621582,18.190763473510742,,,,,237.28392028808594,18.791351318359375,27.902021408081055
2018-02-15,83.72713470458984,16.28067970275879,,,38.6650505065918,,,,30.227628707885742,,26.225940704345703,18.28862762451172,,,,,240.31170654296875,18.74854278564453,27.965105056762695
2018-02-16,83.89212036132812,16.254655838012695,,,38.6650505065918,,,,30.217973709106445,,26.21739387512207,18.274654388427734,,,,,240.382080078125,18.774234771728516,27.92304801940918
2018-02-20,83.80572509765625,16.21996307373047,,,38.77164840698242,,,,30.28557586669922,,26.18320083618164,18.23270606994629,,,,,238.876953125,18.902647018432617,27.88800811767578
2018-02-21,83.53861999511719,16.133224487304688,,,38.77164840698242,,,,30.26626205444336,,26.13191032409668,18.127838134765625,,,,,237.68873596191406,18.6715030670166,27.859970092773438
2018-02-22,83.54646301269531,16.176589965820312,,,38.82083511352539,,,,30.27591896057129,,26.13191032409668,18.19774627685547,,,,,237.99681091308594,18.782794952392578,27.95108985900879
2018-02-23,83.75859069824219,16.176589965820312,,,38.984806060791016,,,,30.189001083374023,,26.260135650634766,18.393497467041016,,,,,241.79034423828125,18.654380798339844,28.01416778564453
2018-02-26,83.8214111328125,16.176589965820312,,,39.00120162963867,,,,30.246946334838867,,26.34561538696289,18.54730224609375,,,,,244.59803771972656,18.354747772216797,28.049211502075195
2018-02-27,83.6407470703125,16.046483993530273,,,38.87821960449219,,,,29.744760513305664,,26.251583099365234,18.323589324951172,,,,,241.5438995361328,18.533674240112305,27.916038513183594
2018-02-28,83.86859893798828,16.202613830566406,,,38.68965148925781,,,,29.78339195251465,,26.18320083618164,18.02996826171875,,,,,239.0970458984375,18.710033416748047,27.76885414123535
2018-03-01,83.94334411621094,16.263330459594727,,,38.468292236328125,,,,29.773733139038086,,26.072071075439453,18.099868774414062,,,,,235.62037658691406,19.116668701171875,27.621671676635742
2018-03-02,83.80951690673828,16.254655838012695,,,38.38629913330078,,,,29.976539611816406,,26.080623626708984,18.050935745239258,,,,,236.8350372314453,18.902647018432617,27.726802825927734
2018-03-05,83.7623062133789,16.237306594848633,,,38.38629913330078,,,,29.947566986083984,,26.13191032409668,18.21173095703125,,,,,239.57235717773438,18.731430053710938,27.78988265991211
2018-03-06,83.77802276611328,16.176589965820312,,,38.62406539916992,,,,30.04414176940918,,26.174654006958008,18.28862762451172,,,,,240.1796417236328,18.701467514038086,27.78988265991211
2018-03-07,83.7623062133789,16.202613830566406,,,38.47648239135742,,,,30.06345558166504,,26.208843231201172,18.23270606994629,,,,,240.09165954589844,18.74854278564453,27.747831344604492
2018-03-08,83.89611053466797,16.202613830566406,,,38.451904296875,,,,30.015167236328125,,26.225940704345703,18.169784545898438,,,,,241.2534942626953,18.757110595703125,27.677745819091797
2018-03-09,83.73870849609375,16.089853286743164,,,38.67325973510742,,,,30.034482955932617,,26.337068557739258,18.28862762451172,,,,,245.45179748535156,18.426654815673828,27.691762924194336
2018-03-12,83.78592681884766,16.124549865722656,,,38.747039794921875,,,,29.957223892211914,,26.35416603088379,18.295623779296875,,,,,245.14370727539062,18.50884246826172,27.698772430419922
2018-03-13,83.89611053466797,16.115877151489258,,,38.59127426147461,,,,29.84133529663086,,26.31142234802246,18.23270606994629,,,,,243.5594940185547,18.6800594329834,27.656713485717773
2018-03-14,84.03782653808594,16.115877151489258,,,38.607662200927734,,,,29.84133529663086,,26.302873611450195,18.218721389770508,,,,,242.30967712402344,18.74854278564453,27.684751510620117
2018-03-15,84.04566955566406,16.29802703857422,,,38.722450256347656,,,,29.84133529663086,,26.328516006469727,18.162796020507812,,,,,242.0455780029297,18.782794952392578,27.642696380615234
2018-03-16,83.99845886230469,16.29802703857422,,,38.722450256347656,,,,29.735105514526367,,26.28577995300293,18.2257137298584,,,,,242.30809020996094,18.66293716430664,27.698772430419922
2018-03-19,83.91182708740234,16.306697845458984,,,38.722450256347656,,,,29.696475982666016,,26.208843231201172,18.043943405151367,,,,,239.02951049804688,18.842729568481445,27.57961654663086
2018-03-20,83.77802276611328,16.306697845458984,,,38.76344299316406,,,,29.706132888793945,,26.225940704345703,18.071914672851562,,,,,239.43606567382812,18.6800594329834,27.628681182861328
2018-03-21,83.77015686035156,16.167917251586914,,,39.18157958984375,,,,29.754419326782227,,26.208843231201172,18.302616119384766,,,,,238.9765625,18.663801193237305,27.873992919921875
2018-03-22,83.9276123046875,16.410783767700195,,,38.864952087402344,,,,29.715789794921875,,26.02933120727539,18.05792236328125,,,,,233.00277709960938,19.075576782226562,27.80390167236328
2018-03-23,83.9276123046875,16.575586318969727,,,38.93877410888672,,,,29.725448608398438,,25.824174880981445,18.0145320892334,,,,,228.03646850585938,19.4539737701416,27.873992919921875
2018-03-26,83.89611053466797,16.43680763244629,,,39.07001876831055,,,,29.822019577026367,,26.054975509643555,18.175506591796875,,,,,234.2752685546875,19.065303802490234,27.80390167236328
2018-03-27,84.14014434814453,16.636302947998047,,,38.77471923828125,,,,29.706132888793945,,25.978042602539062,18.028532028198242,,,,,230.2898712158203,19.219404220581055,27.76885414123535
2018-03-28,84.1873779296875,16.80978012084961,,,38.733699798583984,,,,29.764076232910156,,25.926753997802734,18.021533966064453,,,,,229.6094512939453,19.391151428222656,27.698772430419922
2018-03-29,84.4314193725586,16.80978012084961,,,38.98799133300781,,,,29.686817169189453,,26.054975509643555,18.16850471496582,,,,,232.54324340820312,19.201372146606445,27.712787628173828
2018-04-02,84.34701538085938,16.896516799926758,,,38.59425354003906,,,,29.60955810546875,,25.90965461730957,18.007535934448242,,,,,227.52391052246094,19.740659713745117,27.740819931030273
2018-04-03,84.2523422241211,16.818450927734375,,,38.6270637512207,,,,29.62887191772461,,25.978042602539062,18.133514404296875,,,,,230.4400177001953,19.235721588134766,27.76885414123535
2018-04-04,84.28390502929688,16.94856071472168,,,38.52043151855469,,,,29.62887191772461,,26.003686904907227,18.147506713867188,,,,,232.9055633544922,19.081144332885742,27.59364128112793
2018-04-05,84.16551208496094,16.7056941986084,,,38.8813591003418,,,,29.464696884155273,,26.054975509643555,18.210500717163086,,,,,234.74363708496094,18.960922241210938,27.614667892456055
2018-04-06,84.35488891601562,16.931209564208984,,,38.51222229003906,,,,29.281206130981445,,25.90965461730957,18.112516403198242,,,,,229.51220703125,19.27865219116211,27.649703979492188
2018-04-09,84.4258804321289,16.896516799926758,,,38.92236328125,,,,29.290864944458008,,25.986589431762695,18.217498779296875,,,,,230.64332580566406,19.1876277923584,27.76885414123535
2018-04-10,84.36277770996094,16.723041534423828,,,39.16025161743164,,,,29.43572425842285,,26.089168548583984,18.476449966430664,,,,,234.3106689453125,19.02360725402832,27.92304801940918
2018-04-11,84.43379974365234,16.757736206054688,,,39.398128509521484,,,,29.522642135620117,,26.072071075439453,18.546430587768555,,,,,233.08233642578125,19.09832000732422,27.895017623901367
2018-04-12,84.24442291259766,16.662324905395508,,,39.398128509521484,,,,29.62887191772461,,26.157554626464844,18.532434463500977,,,,,234.9999237060547,18.935161590576172,27.965105056762695
2018-04-13,84.26810455322266,16.592933654785156,,,39.471961975097656,,,,29.61921501159668,,26.140459060668945,18.553434371948242,,,,,234.3106689453125,18.909400939941406,27.93707275390625
2018-04-16,84.28390502929688,16.697019577026367,,,39.4555549621582,,,,29.638530731201172,,26.14900779724121,18.630422592163086,,,,,236.23712158203125,18.6431941986084,27.909034729003906
2018-04-17,84.30754852294922,16.697019577026367,,,39.38172149658203,,,,29.725448608398438,,26.21739387512207,18.707406997680664,,,,,238.76446533203125,18.6938533782959,27.8109130859375
2018-04-18,84.07085418701172,16.697019577026367,,,39.701629638671875,,,,29.764076232910156,,26.225940704345703,18.93836212158203,,,,,238.94125366210938,18.462858200073242,27.92304801940918
2018-04-19,83.86570739746094,16.697019577026367,,,39.6688232421875,,,,29.580585479736328,,26.140459060668945,18.903366088867188,,,,,237.61563110351562,18.540138244628906,27.95108985900879
2018-04-20,83.63688659667969,16.618953704833984,,,39.504764556884766,,,,29.580585479736328,,26.046428680419922,18.76339340209961,,,,,235.60084533691406,18.574491500854492,27.993139266967773
2018-04-23,83.59741973876953,16.618953704833984,,,39.29969787597656,,,,29.532299041748047,,26.02078628540039,18.728395462036133,,,,,235.56552124023438,18.50579261779785,28.021175384521484
2018-04-24,83.4869613647461,16.610280990600586,,,39.398128509521484,,,,29.61921501159668,,25.943849563598633,18.672412872314453,,,,,232.39308166503906,18.540138244628906,27.909034729003906
2018-04-25,83.3764877319336,16.610280990600586,,,39.29969787597656,,,,29.6578426361084,,25.90965461730957,18.672412872314453,,,,,232.96742248535156,18.622577667236328,27.972116470336914
2018-04-26,83.51853942871094,16.662324905395508,,,39.40633010864258,,,,29.61921501159668,,25.986589431762695,18.7913875579834,,,,,235.3358154296875,18.514385223388672,27.95809555053711
2018-04-27,83.62109375,16.723041534423828,,,39.365325927734375,,,,29.6578426361084,,26.037878036499023,18.770389556884766,,,,,235.55665588378906,18.506656646728516,27.866981506347656
2018-04-30,83.63688659667969,16.78375816345215,,,39.48834991455078,,,,29.725448608398438,,25.986589431762695,18.74239730834961,,,,,233.74510192871094,18.52726173400879,27.965105056762695
2018-05-01,83.56572723388672,16.78375816345215,,,39.16025161743164,,,,29.744760513305664,,25.978042602539062,18.588424682617188,,,,,234.1604766845703,18.565906524658203,27.902021408081055
2018-05-02,83.56572723388672,16.679670333862305,,,39.08642578125,,,,29.715789794921875,,25.943849563598633,18.71440315246582,,,,,232.58746337890625,18.565906524658203,27.895017623901367
2018-05-03,83.6606216430664,16.679670333862305,,,39.17665100097656,,,,29.503326416015625,,25.918203353881836,18.728395462036133,,,,,232.0748748779297,18.626014709472656,27.902021408081055
2018-05-04,83.71598815917969,16.792428970336914,,,39.398128509521484,,,,29.426067352294922,,25.986589431762695,18.81937599182129,,,,,235.0794219970703,18.48174476623535,28.007156372070312
2018-05-07,83.67643737792969,16.749061584472656,,,39.398128509521484,,,,29.4840145111084,,26.046428680419922,18.79838752746582,,,,,235.874755859375,18.42850685119629,28.021175384521484
2018-05-08,83.58149719238281,16.723041534423828,,,39.225868225097656,,,,29.38743782043457,,26.06352424621582,18.7913875579834,,,,,235.874755859375,18.454267501831055,27.92304801940918
2018-05-09,83.48662567138672,16.697019577026367,,,39.225868225097656,,,,29.41640853881836,,26.11481475830078,18.959352493286133,,,,,238.1547393798828,18.192352294921875,28.070236206054688
2018-05-10,83.67643737792969,16.575586318969727,,,39.824676513671875,,,,29.35846519470215,,26.174654006958008,19.106321334838867,,,,,240.38160705566406,18.128807067871094,28.007156372070312
2018-05-11,83.71598815917969,16.601608276367188,,,39.7098274230957,,,,29.31983757019043,,26.21739387512207,19.120323181152344,,,,,241.1150665283203,18.162296295166016,27.95809555053711
2018-05-14,83.63688659667969,16.471500396728516,,,39.92311096191406,,,,29.522642135620117,,26.200294494628906,19.120323181152344,,,,,241.22994995117188,18.136539459228516,28.161346435546875
2018-05-15,83.26520538330078,16.462827682495117,,,39.824676513671875,,,,29.474353790283203,,26.089168548583984,19.064334869384766,,,,,239.56857299804688,18.10218620300293,28.238447189331055
2018-05-16,83.17033386230469,16.462827682495117,,,39.84928512573242,,,,29.474353790283203,,26.14900779724121,19.106321334838867,,,,,240.5760040283203,17.905534744262695,28.2664852142334
2018-05-17,83.05957794189453,16.462827682495117,,,39.865684509277344,,,,29.6481876373291,,26.14900779724121,19.120323181152344,,,,,240.37283325195312,17.939027786254883,28.245452880859375
2018-05-18,83.27313995361328,16.306697845458984,,,39.84108352661133,,,,29.580585479736328,,26.12335968017578,19.1273193359375,,,,,239.77182006835938,17.964780807495117,28.273488998413086
2018-05-21,83.2809829711914,16.28067970275879,,,39.95591354370117,,,,29.638530731201172,,26.174654006958008,19.225299835205078,,,,,241.5745086669922,17.89609146118164,28.23143768310547
2018-05-22,83.2809829711914,16.21129035949707,,,39.873897552490234,,,,29.706132888793945,,26.157554626464844,19.148317337036133,,,,,240.9030303955078,17.903823852539062,28.2664852142334
2018-05-23,83.51032257080078,16.21129035949707,,,39.80006790161133,,,,29.590242385864258,,26.16610336303711,19.1693172454834,,,,,241.56570434570312,17.990550994873047,28.224430084228516
2018-05-24,83.7396469116211,16.51487159729004,,,39.6688232421875,,,,29.6578426361084,,26.16610336303711,19.092330932617188,,,,,241.0708465576172,17.990550994873047,28.203405380249023
2018-05-25,83.92157745361328,16.575586318969727,,,39.16844177246094,,,,29.793048858642578,,26.18320083618164,18.833377838134766,,,,,240.49655151367188,18.110776901245117,28.042198181152344
2018-05-29,84.47515869140625,16.697019577026367,,,39.16844177246094,,,,29.744760513305664,,26.11481475830078,18.735397338867188,,,,,237.73049926757812,18.540138244628906,28.077245712280273
2018-05-30,84.26162719726562,16.679670333862305,,,39.234073638916016,,,,29.764076232910156,,26.18320083618164,19.0223445892334,,,,,240.9030303955078,18.239582061767578,28.042198181152344
2018-05-31,84.19047546386719,16.723041534423828,,,39.11103439331055,,,,29.677160263061523,,26.157554626464844,18.980350494384766,,,,,239.42726135253906,18.3477840423584,28.000146865844727
2018-06-01,84.08663177490234,16.688344955444336,,,39.11103439331055,,,,29.696475982666016,,26.208843231201172,18.994342803955078,,,,,241.77783203125,18.170883178710938,27.993139266967773
2018-06-04,83.8884506225586,16.670995712280273,,,39.02901077270508,,,,29.667503356933594,,26.225940704345703,18.882366180419922,,,,,242.92665100097656,18.027469635009766,27.866981506347656
2018-06-05,83.95186614990234,16.670995712280273,,,39.02901077270508,,,,29.667503356933594,,26.251583099365234,18.945354461669922,,,,,243.1033935546875,18.027469635009766,27.76885414123535
2018-06-06,83.7615966796875,16.523542404174805,,,39.11103439331055,,,,29.677160263061523,,26.31997299194336,19.057336807250977,,,,,245.13584899902344,17.927003860473633,27.754840850830078
2018-06-07,83.94393920898438,16.523542404174805,,,39.15203857421875,,,,29.725448608398438,,26.294328689575195,19.071338653564453,,,,,245.10935974121094,18.042070388793945,27.84596061706543
2018-06-08,83.82501983642578,16.523542404174805,,,39.365325927734375,,,,29.696475982666016,,26.302873611450195,19.036334991455078,,,,,245.8339385986328,18.01630973815918,27.78988265991211
2018-06-11,83.73786926269531,16.462827682495117,,,39.35710906982422,,,,29.638530731201172,,26.328516006469727,19.064334869384766,,,,,246.16090393066406,17.89609146118164,27.76885414123535
2018-06-12,83.7615966796875,16.644975662231445,,,39.2914924621582,,,,29.6481876373291,,26.337068557739258,19.036334991455078,,,,,246.47909545898438,17.936452865600586,27.78287696838379
2018-06-13,83.6823501586914,16.697019577026367,,,39.2914924621582,,,,29.773733139038086,,26.294328689575195,19.02933692932129,,,,,245.6925811767578,17.947612762451172,27.817913055419922
2018-06-14,83.8963623046875,16.697019577026367,,,39.348907470703125,,,,29.773733139038086,,26.294328689575195,18.945354461669922,,,,,246.3111572265625,17.95362663269043,27.85296630859375
2018-06-15,83.92811584472656,16.827125549316406,,,39.01259231567383,,,,29.735105514526367,,26.260135650634766,18.651412963867188,,,,,245.9969482421875,18.033489227294922,27.663724899291992
2018-06-18,83.94393920898438,16.80110740661621,,,39.119239807128906,,,,29.715789794921875,,26.251583099365234,18.72140121459961,,,,,245.4908905029297,18.058391571044922,27.726802825927734
2018-06-19,84.03113555908203,16.92253875732422,,,39.119239807128906,,,,29.773733139038086,,26.191747665405273,18.56743049621582,,,,,244.55006408691406,18.162296295166016,27.705774307250977
2018-06-20,83.87258911132812,16.853147506713867,,,39.119239807128906,,,,29.802705764770508,,26.191747665405273,18.553434371948242,,,,,244.96728515625,18.02832794189453,27.614667892456055
2018-06-21,83.8963623046875,16.853147506713867,,,38.864952087402344,,,,29.735105514526367,,26.097719192504883,18.511442184448242,,,,,243.43161010742188,18.17947006225586,27.57961654663086
2018-06-22,83.97566986083984,16.991928100585938,,,39.324302673339844,,,,29.754419326782227,,26.13191032409668,18.700401306152344,,,,,243.87542724609375,18.110776901245117,27.698772430419922
2018-06-25,83.92811584472656,17.226118087768555,,,38.971580505371094,,,,29.677160263061523,,25.969491958618164,18.56917953491211,,,,,240.5556182861328,18.365821838378906,27.698772430419922
2018-06-26,84.06285858154297,17.226118087768555,,,39.21767044067383,,,,29.599899291992188,,26.02078628540039,18.60445213317871,,,,,241.088134765625,18.359806060791016,27.76885414123535
2018-06-27,84.21343231201172,17.20009994506836,,,39.63601303100586,,,,29.60955810546875,,25.892560958862305,18.611509323120117,,,,,239.09097290039062,18.496917724609375,27.93006134033203
2018-06-28,84.20549011230469,17.416942596435547,,,39.512969970703125,,,,29.667503356933594,,25.926753997802734,18.632675170898438,,,,,240.4579315185547,18.400339126586914,27.916038513183594
2018-06-29,84.27686309814453,17.390920639038086,,,39.79186248779297,,,,29.6578426361084,,25.978042602539062,18.794939041137695,,,,,240.80416870117188,18.327898025512695,27.92304801940918
2018-07-02,84.19662475585938,17.399595260620117,,,39.38172149658203,,,,29.764076232910156,,25.943849563598633,18.540956497192383,,,,,241.31900024414062,18.343425750732422,28.007156372070312
2018-07-03,84.37137603759766,17.399595260620117,,,39.80006790161133,,,,29.86065101623535,,25.943849563598633,18.639728546142578,,,,,240.4668426513672,18.3529109954834,27.895017623901367
2018-07-05,84.45084381103516,17.399595260620117,,,39.504764556884766,,,,29.879966735839844,,25.995134353637695,18.696168899536133,,,,,242.42855834960938,18.307205200195312,27.979114532470703
2018-07-06,84.5382308959961,17.399595260620117,,,39.504764556884766,,,,29.908937454223633,,26.097719192504883,18.794939041137695,,,,,244.4790496826172,18.272714614868164,27.85296630859375
2018-07-09,84.45874786376953,17.13938331604004,,,39.701629638671875,,,,29.966882705688477,,26.14900779724121,18.936044692993164,,,,,246.6804656982422,18.126113891601562,27.92304801940918
2018-07-10,84.39521026611328,17.243467330932617,,,39.471961975097656,,,,29.918594360351562,,26.16610336303711,18.97838020324707,,,,,247.56808471679688,18.005393981933594,28.070236206054688
2018-07-11,84.42700958251953,17.23479461669922,,,39.38172149658203,,,,29.937910079956055,,26.06352424621582,18.618562698364258,,,,,245.7572784423828,18.151124954223633,28.084253311157227
2018-07-12,84.5302734375,17.23479461669922,,,39.512969970703125,,,,29.986194610595703,,26.140459060668945,18.67500877380371,,,,,247.98529052734375,18.048507690429688,28.05621910095215
2018-07-13,84.60970306396484,17.30418586730957,,,39.69342803955078,,,,29.995853424072266,,26.16610336303711,18.689111709594727,,,,,248.1805877685547,18.051958084106445,28.140323638916016
2018-07-16,84.51435852050781,17.278162002563477,,,39.69342803955078,,,,29.976539611816406,,26.140459060668945,18.51978874206543,,,,,247.95863342285156,17.984691619873047,27.944074630737305
2018-07-17,84.48257446289062,17.217445373535156,,,39.398128509521484,,,,29.966882705688477,,26.16610336303711,18.470409393310547,,,,,248.96177673339844,17.89501190185547,28.01416778564453
2018-07-18,84.45874786376953,17.052644729614258,,,39.13563919067383,,,,29.957223892211914,,26.16610336303711,18.555065155029297,,,,,249.48544311523438,17.86482810974121,28.070236206054688
2018-07-19,84.58584594726562,17.286836624145508,,,39.627803802490234,,,,29.908937454223633,,26.14900779724121,18.484514236450195,,,,,248.54454040527344,17.90191078186035,28.105281829833984
2018-07-20,84.4190444946289,17.286836624145508,,,39.4637565612793,,,,29.918594360351562,,26.16610336303711,18.533899307250977,,,,,248.26048278808594,17.91053581237793,27.965105056762695
2018-07-23,84.12512969970703,17.286836624145508,,,39.65241241455078,,,,29.986194610595703,,26.157554626464844,18.498628616333008,,,,,248.72210693359375,17.850175857543945,27.986129760742188
2018-07-24,84.24430084228516,17.286836624145508,,,39.742652893066406,,,,29.966882705688477,,26.16610336303711,18.62561798095703,,,,,249.9735870361328,17.772565841674805,28.007156372070312
2018-07-25,84.25225067138672,17.278162002563477,,,39.69342803955078,,,,29.966882705688477,,26.260135650634766,18.766721725463867,,,,,252.10406494140625,17.746694564819336,28.000146865844727
2018-07-26,84.2045669555664,17.25214195251465,,,39.8328742980957,,,,30.140714645385742,,26.268678665161133,18.766721725463867,,,,,251.50938415527344,17.67770767211914,28.147329330444336
2018-07-27,84.26813507080078,17.25214195251465,,,39.72624969482422,,,,30.1600284576416,,26.21739387512207,18.71027946472168,,,,,249.80503845214844,17.72513198852539,28.098270416259766
2018-07-30,84.18074798583984,17.23479461669922,,,39.76725387573242,,,,30.150371551513672,,26.16610336303711,18.731443405151367,,,,,248.50021362304688,17.755313873291016,28.084253311157227
2018-07-31,84.25225067138672,17.260812759399414,,,39.283287048339844,,,,30.227628707885742,,26.208843231201172,18.823165893554688,,,,,249.72509765625,17.729446411132812,27.93707275390625
2018-08-01,84.16541290283203,17.338878631591797,,,39.58679962158203,,,,30.07311248779297,,26.157554626464844,18.67500877380371,,,,,249.30789184570312,17.738065719604492,28.028179168701172
2018-08-02,84.19728088378906,17.338878631591797,,,39.594993591308594,,,,30.189001083374023,22.840534210205078,26.157554626464844,18.611509323120117,,,,,250.66604614257812,17.720823287963867,28.126306533813477
2018-08-03,84.38043975830078,17.503681182861328,,,39.88209915161133,,,,30.131057739257812,22.94972801208496,26.208843231201172,18.689111709594727,,,,,251.7401885986328,17.730310440063477,28.049211502075195
2018-08-06,84.4361801147461,17.408266067504883,,,39.873897552490234,,,,30.04414176940918,23.004337310791016,26.191747665405273,18.66794776916504,,,,,252.6632080078125,17.708749771118164,28.17536735534668
2018-08-07,84.28486633300781,17.408266067504883,,,39.89850997924805,,,,30.08277130126953,23.131729125976562,26.208843231201172,18.75261116027832,,,,,253.49769592285156,17.539735794067383,28.161346435546875
2018-08-08,84.28486633300781,17.312856674194336,,,39.660621643066406,,,,30.208316802978516,23.12263298034668,26.208843231201172,18.618562698364258,,,,,253.39109802246094,17.62424659729004,27.95809555053711
2018-08-09,84.40435028076172,17.399595260620117,,,39.65241241455078,,,,30.1600284576416,23.149930953979492,26.200294494628906,18.632675170898438,,,,,253.04502868652344,17.646665573120117,28.035192489624023
2018-08-10,84.58747100830078,17.399595260620117,,,39.857486724853516,,,,30.111743927001953,23.004337310791016,26.14900779724121,18.491573333740234,,,,,251.3495330810547,17.83034324645996,28.210412979125977
2018-08-13,84.63523864746094,17.399595260620117,,,40.013336181640625,,,,30.111743927001953,22.94972801208496,26.054975509643555,18.357524871826172,,,,,250.40859985351562,17.858797073364258,28.168363571166992
2018-08-14,84.55561065673828,17.503681182861328,,,40.05435562133789,,,,30.150371551513672,23.040727615356445,26.072071075439453,18.322248458862305,,,,,252.0064239501953,17.850175857543945,28.189390182495117
2018-08-15,84.67506408691406,17.677154541015625,,,40.6613655090332,,,,30.140714645385742,22.8951358795166,25.969491958618164,18.00476837158203,,,,,250.1244659423828,17.906225204467773,28.140323638916016
2018-08-16,84.72283935546875,17.659809112548828,,,39.939510345458984,,,,30.179344177246094,23.09532928466797,26.02933120727539,18.1458683013916,,,,,252.14837646484375,17.807056427001953,28.140323638916016
2018-08-17,84.77061462402344,17.66848373413086,,,39.76725387573242,,,,30.227628707885742,23.168127059936523,26.06352424621582,18.23052978515625,,,,,253.03610229492188,17.675981521606445,28.021175384521484
2018-08-20,84.9377670288086,17.633787155151367,,,40.341453552246094,,,,30.304889678955078,23.250024795532227,26.12335968017578,18.27286148071289,,,,,253.5775146484375,17.841548919677734,28.035192489624023
2018-08-21,84.86617279052734,17.555721282958984,,,40.11997604370117,,,,30.29523468017578,23.295530319213867,26.191747665405273,18.392797470092773,,,,,254.1722869873047,17.695817947387695,28.063228607177734
2018-08-22,84.9377670288086,17.434289932250977,,,40.39887237548828,,,,30.304889678955078,23.27733039855957,26.18320083618164,18.435129165649414,,,,,254.0214385986328,17.793254852294922,28.210412979125977
2018-08-23,84.8900375366211,17.434289932250977,,,39.81647491455078,,,,30.32420539855957,23.240930557250977,26.157554626464844,18.378684997558594,,,,,253.68405151367188,17.841548919677734,28.336570739746094
2018-08-24,84.9855728149414,17.434289932250977,,,40.5793342590332,,,,30.488380432128906,23.386518478393555,26.23448944091797,18.540956497192383,,,,,255.21092224121094,17.742380142211914,28.273488998413086
2018-08-27,84.87413024902344,17.260812759399414,,,40.47269821166992,,,,30.440095901489258,23.52301788330078,26.328516006469727,18.597396850585938,,,,,257.2257995605469,17.712200164794922,28.2664852142334
2018-08-28,84.71484375,17.286836624145508,,,40.31684875488281,,,,30.478723526000977,23.495725631713867,26.302873611450195,18.60445213317871,,,,,257.3501892089844,17.685466766357422,28.308534622192383
2018-08-29,84.69893646240234,17.38224983215332,,,40.67777633666992,,,,30.478723526000977,23.6140193939209,26.337068557739258,18.717336654663086,,,,,258.73486328125,17.61562156677246,28.364604949951172
2018-08-30,84.73875427246094,17.38224983215332,,,40.8746337890625,,,,30.420780181884766,23.559419631958008,26.251583099365234,18.60445213317871,,,,,257.6873474121094,17.732030868530273,28.44170379638672
2018-08-31,84.73081970214844,17.434289932250977,,,40.81721878051758,,,,30.488380432128906,23.495725631713867,26.2772274017334,18.52684783935547,,,,,257.6963195800781,17.738065719604492,28.476749420166016
2018-09-04,84.63662719726562,17.512353897094727,,,40.792606353759766,,,,30.430437088012695,23.468421936035156,26.225940704345703,18.343412399291992,,,,,257.25250244140625,17.690645217895508,28.658971786499023
2018-09-05,84.59671020507812,17.529699325561523,,,40.6613655090332,,,,30.488380432128906,23.468421936035156,26.13191032409668,18.30813217163086,,,,,256.56005859375,17.675119400024414,28.476749420166016
2018-09-06,84.74037170410156,17.677154541015625,,,40.35786056518555,,,,30.449752807617188,23.295530319213867,26.10626792907715,18.258747100830078,,,,,255.78781127929688,17.746694564819336,28.392641067504883
2018-09-07,84.4371337890625,17.6424617767334,,,40.4973030090332,,,,30.39180564880371,23.304628372192383,26.046428680419922,18.216419219970703,,,,,255.29075622558594,17.737205505371094,28.455724716186523
2018-09-10,84.51690673828125,17.685829162597656,,,40.4973030090332,,,,30.38214874267578,23.295530319213867,26.046428680419922,18.258747100830078,,,,,255.7345428466797,17.66477394104004,28.46272850036621
2018-09-11,84.3732681274414,17.66848373413086,,,40.4973030090332,,,,30.39180564880371,23.368328094482422,26.080623626708984,18.329303741455078,,,,,256.57781982421875,17.600095748901367,28.51178741455078
2018-09-12,84.42913055419922,17.66848373413086,,,40.4973030090332,,,,30.498037338256836,23.31372833251953,26.10626792907715,18.44923973083496,,,,,256.6400451660156,17.600095748901367,28.48375129699707
2018-09-13,84.48497009277344,17.73787498474121,,,40.292236328125,,,,30.555980682373047,23.31372833251953,26.140459060668945,18.364578247070312,,,,,258.1578674316406,17.51818084716797,28.455724716186523
2018-09-14,84.32540130615234,17.521028518676758,,,40.292236328125,,,,30.633241653442383,23.47752571105957,26.18320083618164,18.378684997558594,,,,,258.2022705078125,17.457815170288086,29.086511611938477
2018-09-17,84.32540130615234,17.677154541015625,,,40.431678771972656,,,,30.671871185302734,23.39562225341797,26.140459060668945,18.38574981689453,,,,,256.8352355957031,17.4793758392334,28.518798828125
2018-09-18,84.14185333251953,17.633787155151367,,,40.431678771972656,,,,30.681529998779297,23.459321975708008,26.200294494628906,18.533899307250977,,,,,258.2288513183594,17.332778930664062,28.54683494567871
2018-09-19,83.98223876953125,17.347553253173828,,,40.98947525024414,,,,30.60426902770996,23.441123962402344,26.18320083618164,18.59034538269043,,,,,258.5041198730469,17.2905216217041,28.51178741455078
2018-09-20,84.09397888183594,17.260812759399414,,,40.59574508666992,,,,30.642898559570312,23.623119354248047,26.28577995300293,18.717336654663086,,,,,260.59893798828125,17.269826889038086,28.350587844848633
2018-09-21,84.15780639648438,17.260812759399414,,,40.456298828125,,,,30.642898559570312,23.595815658569336,26.294328689575195,18.682058334350586,,,,,260.3608093261719,17.29828643798828,28.350587844848633
2018-09-24,84.07801055908203,17.373573303222656,,,40.64495849609375,,,,30.720157623291016,23.51392364501953,26.21739387512207,18.77127456665039,,,,,259.4959411621094,17.32415008544922,28.448707580566406
2018-09-25,84.0381088256836,17.373573303222656,,,40.800811767578125,,,,30.642898559570312,23.568649291992188,26.268678665161133,18.778356552124023,,,,,259.255126953125,17.274131774902344,28.434694290161133
2018-09-26,84.23761749267578,17.45163917541504,,,40.85002136230469,,,,30.613927841186523,23.51392364501953,26.2772274017334,18.77127456665039,,,,,258.4794006347656,17.291465759277344,28.448707580566406
2018-09-27,84.29347229003906,17.425617218017578,,,41.145328521728516,,,,30.633241653442383,23.486557006835938,26.251583099365234,18.700471878051758,,,,,259.20172119140625,17.326112747192383,28.56085205078125
2018-09-28,84.20570373535156,17.521028518676758,,,41.350399017333984,,,,30.681529998779297,23.468313217163086,26.260135650634766,18.735877990722656,,,,,259.2283935546875,17.339107513427734,28.567853927612305
2018-10-01,84.18328857421875,17.44296646118164,,,41.59648513793945,,,,30.652557373046875,23.577760696411133,26.23448944091797,18.919973373413086,,,,,260.12896728515625,17.27413558959961,28.651966094970703
2018-10-02,84.27928924560547,17.44296646118164,,,41.41602325439453,,,,30.58495330810547,23.568649291992188,26.225940704345703,18.91289520263672,,,,,259.97747802734375,17.307920455932617,28.61692237854004
2018-10-03,83.87936401367188,17.278162002563477,,,41.41602325439453,,,,30.710500717163086,23.550403594970703,26.191747665405273,18.884572982788086,,,,,260.1201171875,17.17018699645996,28.715049743652344
2018-10-04,83.63935852050781,17.286836624145508,,,41.43242263793945,,,,30.623584747314453,23.276777267456055,26.046428680419922,18.778356552124023,,,,,258.0871276855469,17.190977096557617,28.67999839782715
2018-10-05,83.45539093017578,17.495006561279297,,,41.128929138183594,,,,30.59461212158203,23.13083267211914,25.969491958618164,18.665061950683594,,,,,256.64263916015625,17.2767391204834,28.67999839782715
2018-10-08,83.4233627319336,17.521028518676758,,,41.02228927612305,,,,30.546323776245117,23.13083267211914,25.918203353881836,18.707550048828125,,,,,256.64263916015625,17.204830169677734,28.651966094970703
2018-10-09,83.54335021972656,17.590417861938477,,,41.40782165527344,,,,30.57529640197754,23.11259651184082,25.901107788085938,18.799596786499023,,,,,256.2680969238281,17.235153198242188,28.67299461364746
2018-10-10,83.5193862915039,17.711851119995117,,,41.137123107910156,,,,30.517353057861328,22.437644958496094,25.661758422851562,18.33934783935547,,,,,248.15380859375,17.508041381835938,28.574867248535156
2018-10-11,83.76732635498047,17.78124237060547,,,40.41527557373047,,,,30.546323776245117,22.26434326171875,25.6190185546875,18.247299194335938,,,,,242.68783569335938,18.001834869384766,28.343582153320312
2018-10-12,83.79133605957031,17.78124237060547,,,40.34965133666992,,,,30.652557373046875,22.145767211914062,25.661758422851562,18.303943634033203,,,,,246.05836486816406,17.81037712097168,28.280498504638672
2018-10-15,83.73531341552734,17.841957092285156,,,40.22660827636719,,,,30.749130249023438,22.27346420288086,25.678857803344727,18.247299194335938,,,,,244.67620849609375,17.785259246826172,28.25947380065918
2018-10-16,83.78333282470703,17.911348342895508,,,40.44809341430664,,,,30.787757873535156,22.59270477294922,25.858367919921875,18.488046646118164,,,,,250.0263214111328,17.586009979248047,28.322551727294922
2018-10-17,83.61532592773438,17.763893127441406,,,40.341453552246094,,,,30.787757873535156,22.61094093322754,25.815628051757812,18.268539428710938,,,,,250.07089233398438,17.525365829467773,28.294513702392578
2018-10-18,83.55931854248047,18.03278160095215,,,40.30864715576172,,,,30.700843811035156,22.583580017089844,25.644662857055664,18.197731018066406,,,,,246.45962524414062,17.793920516967773,28.848217010498047
2018-10-19,83.48735809326172,18.197582244873047,,,40.40707015991211,,,,30.681529998779297,22.501489639282227,25.670305252075195,18.226055145263672,,,,,246.32583618164062,17.7506046295166,28.294513702392578
2018-10-22,83.47137451171875,18.249624252319336,,,40.431678771972656,,,,30.691186904907227,22.236984252929688,25.678857803344727,18.141084671020508,,,,,245.22010803222656,17.766202926635742,28.35759735107422
2018-10-23,83.57537078857422,18.353710174560547,,,40.013336181640625,,,,30.720157623291016,22.218738555908203,25.56772804260254,17.949901580810547,,,,,243.97181701660156,17.830307006835938,28.147329330444336
2018-10-24,83.79133605957031,18.752702713012695,,,39.80828094482422,,,,30.411121368408203,21.799171447753906,25.40531349182129,17.659587860107422,,,,,236.579833984375,18.357019424438477,28.154338836669922
2018-10-25,83.71934509277344,18.535860061645508,,,40.11997604370117,,,,30.469064712524414,22.00895881652832,25.45660400390625,17.680828094482422,,,,,240.8241729736328,18.097129821777344,28.217418670654297
2018-10-26,83.91130065917969,18.596576690673828,,,39.89030456542969,,,,30.56563949584961,21.653234481811523,25.379669189453125,17.638343811035156,,,,,236.5887908935547,18.642902374267578,28.252466201782227
2018-10-29,83.82333374023438,18.709335327148438,,,39.72624969482422,,,,30.498037338256836,21.498180389404297,25.354022979736328,17.560461044311523,,,,,235.2779998779297,18.590923309326172,28.280498504638672
2018-10-30,83.7033462524414,18.735355377197266,,,39.9149055480957,,,,30.59461212158203,21.71708106994629,25.422405242919922,17.645423889160156,,,,,238.76438903808594,18.34835433959961,28.329565048217773
2018-10-31,83.66334533691406,18.501163482666016,,,40.17740249633789,,,,30.79741668701172,22.072811126708984,25.533538818359375,17.70915412902832,,,,,241.3146514892578,18.06247901916504,28.322551727294922
2018-11-01,83.87474060058594,18.345035552978516,,,40.17740249633789,,,,30.855361938476562,22.145767211914062,25.661758422851562,17.79412269592285,,,,,243.8826904296875,17.837238311767578,27.92304801940918
2018-11-02,83.62557220458984,18.17156219482422,,,39.225868225097656,,,,30.79741668701172,21.881261825561523,25.661758422851562,17.737472534179688,,,,,242.43820190429688,18.07979965209961,27.873992919921875
2018-11-05,83.68180847167969,18.206254959106445,,,39.38992691040039,,,,30.80707550048828,22.063684463500977,25.661758422851562,17.80120086669922,,,,,243.7757110595703,17.88054847717285,27.972116470336914
2018-11-06,83.68988037109375,18.249624252319336,,,39.512969970703125,,,,30.855361938476562,22.13665199279785,25.670305252075195,17.850772857666016,,,,,245.3182830810547,17.773130416870117,28.007156372070312
2018-11-07,83.7622299194336,18.197582244873047,,,41.23556137084961,,,,30.961593627929688,22.428524017333984,25.772886276245117,18.01363182067871,,,,,250.57029724121094,17.334779739379883,27.95108985900879
2018-11-08,83.6095199584961,18.232276916503906,,,39.512969970703125,,,,30.865018844604492,22.556217193603516,25.730144500732422,17.87909507751465,,,,,250.11549377441406,17.300127029418945,28.01416778564453
2018-11-09,83.7140121459961,18.371057510375977,,,39.512969970703125,,,,30.88433265686035,22.401155471801758,25.6190185546875,17.666667938232422,,,,,247.67233276367188,17.525365829467773,28.392641067504883
2018-11-12,83.85062408447266,18.596576690673828,,,39.68523025512695,,,,30.710500717163086,22.401155471801758,25.499338150024414,17.546295166015625,,,,,243.0444793701172,17.802576065063477,28.245452880859375
2018-11-13,83.8828125,18.492488861083984,,,39.33250427246094,,,,30.768444061279297,22.127527236938477,25.550630569458008,17.397602081298828,,,,,242.58973693847656,17.963716506958008,28.336570739746094
2018-11-14,83.89083862304688,19.082307815551758,,,39.33250427246094,,,,30.81673240661621,22.036317825317383,25.559179306030273,17.362192153930664,,,,,240.93124389648438,18.03648567199707,28.67999839782715
2018-11-15,83.9953384399414,18.4231014251709,,,39.184844970703125,,,,30.922964096069336,22.109285354614258,25.576274871826172,17.468406677246094,,,,,243.44569396972656,18.047746658325195,28.168363571166992
2018-11-16,84.13200378417969,18.414426803588867,,,39.34071350097656,,,,30.88433265686035,22.109285354614258,25.576274871826172,17.567535400390625,,,,,244.07888793945312,17.88054847717285,28.31554412841797
2018-11-19,84.12395477294922,18.501163482666016,,,39.35710906982422,,,,30.768444061279297,21.999832153320312,25.46514892578125,17.560461044311523,,,,,239.9503936767578,18.20974349975586,28.497774124145508
2018-11-20,84.09180450439453,18.596576690673828,,,39.27508544921875,,,,30.671871185302734,21.525543212890625,25.40531349182129,17.12143898010254,,,,,235.50982666015625,18.582260131835938,28.434694290161133
2018-11-21,84.14806365966797,18.48381996154785,,,39.24227523803711,,,,30.681529998779297,21.698843002319336,25.473697662353516,17.33386993408203,,,,,236.31231689453125,18.365680694580078,28.350587844848633
2018-11-23,84.12395477294922,18.501163482666016,,,39.11103439331055,,,,30.758787155151367,21.698843002319336,25.396760940551758,16.98691177368164,,,,,234.7340545654297,18.547609329223633,28.350587844848633
2018-11-26,84.10786437988281,18.43177604675293,,,39.02079772949219,,,,30.91330337524414,21.74445343017578,25.507892608642578,17.135608673095703,,,,,238.5236358642578,18.241798400878906,28.301523208618164
2018-11-27,84.13200378417969,18.38840675354004,,,39.324302673339844,,,,30.749130249023438,21.753570556640625,25.499338150024414,16.98691177368164,,,,,239.32623291015625,18.14737319946289,28.301523208618164
2018-11-28,84.29281616210938,18.38840675354004,,,39.15203857421875,,,,30.739473342895508,22.164011001586914,25.6275634765625,17.192256927490234,,,,,244.83676147460938,17.85369300842285,28.252466201782227
2018-11-29,84.33297729492188,18.414426803588867,,,39.15203857421875,,,,30.739473342895508,22.164011001586914,25.6190185546875,17.20641326904297,,,,,244.30174255371094,17.90047836303711,28.203405380249023
2018-11-30,84.30885314941406,18.457796096801758,,,39.283287048339844,,,,30.739473342895508,22.401155471801758,25.60192108154297,17.12143898010254,,,,,245.7908477783203,17.906543731689453,28.126306533813477
2018-12-03,84.44662475585938,18.371057510375977,,,39.283287048339844,,,,30.729814529418945,22.401155471801758,25.747241973876953,17.362192153930664,,,,,249.0455322265625,17.656179428100586,28.007156372070312
2018-12-04,84.67227935791016,18.596576690673828,,,39.283287048339844,,,,30.681529998779297,22.218738555908203,25.56772804260254,17.19933319091797,,,,,240.9757843017578,17.993175506591797,28.007156372070312
2018-12-06,84.8817367553711,18.752702713012695,,,38.95518112182617,,,,30.855361938476562,21.872142791748047,25.490793228149414,17.163930892944336,,,,,240.61016845703125,18.54846954345703,28.077245712280273
2018-12-07,84.99459075927734,18.926179885864258,,,39.16844177246094,,,,30.700843811035156,21.735326766967773,25.388216018676758,17.086040496826172,,,,,235.01931762695312,18.73386573791504,27.979114532470703
2018-12-10,85.05099487304688,19.06496238708496,,,39.08642578125,,,,30.613927841186523,21.735326766967773,25.36256980895996,16.965662002563477,,,,,235.46524047851562,18.911449432373047,28.091266632080078
2018-12-11,85.07514953613281,19.082307815551758,,,39.05360794067383,,,,30.59461212158203,21.68972396850586,25.388216018676758,16.97983169555664,,,,,235.51876831054688,18.850814819335938,28.049211502075195
2018-12-12,85.01068115234375,19.00424575805664,,,38.93877410888672,,,,30.77810287475586,21.780933380126953,25.43950653076172,17.029388427734375,,,,,236.70465087890625,18.567537307739258,28.021175384521484
2018-12-13,85.03485107421875,19.082307815551758,,,39.02079772949219,,,,30.768444061279297,21.762691497802734,25.422405242919922,16.99399185180664,,,,,236.62445068359375,18.63857078552246,28.049211502075195
2018-12-14,85.05902862548828,19.15169906616211,,,38.8813591003418,,,,30.642898559570312,21.425214767456055,25.345474243164062,16.831134796142578,,,,,232.2552032470703,19.024944305419922,28.11229133605957
2018-12-17,85.2041015625,19.099655151367188,,,38.6270637512207,,,,30.546323776245117,21.033010482788086,25.28563690185547,16.668275833129883,,,,,227.69869995117188,19.514400482177734,28.11929702758789
2018-12-18,85.45440673828125,19.06496238708496,,,38.60042953491211,,,,30.40146255493164,21.105974197387695,25.277090072631836,16.59038734436035,,,,,227.44906616210938,19.49188232421875,28.182374954223633
2018-12-19,85.53509521484375,19.264455795288086,,,38.64204788208008,20.15172576904297,,,30.39180564880371,20.868833541870117,25.16596031188965,16.56205940246582,,,,,224.04286193847656,19.994342803955078,28.23143768310547
2018-12-20,85.45440673828125,19.25578498840332,,,38.37565994262695,20.122209548950195,,,30.420780181884766,20.47662925720215,25.097576141357422,16.37795639038086,,,,,220.39590454101562,20.25422477722168,28.098270416259766
2018-12-21,85.41402435302734,19.34252166748047,,,38.4422492980957,20.1484432220459,,,30.237289428710938,20.166522979736328,25.02064323425293,16.222177505493164,,,,,215.88009643554688,20.696043014526367,28.294513702392578
2018-12-24,85.47056579589844,19.30782699584961,,,38.001068115234375,19.911508560180664,,,30.189001083374023,19.737171173095703,24.952255249023438,15.98851203918457,,,,,210.17587280273438,21.39775848388672,28.2088623046875
2018-12-26,85.3090591430664,19.169044494628906,,,38.042694091796875,20.190263748168945,,,30.39180564880371,20.49699592590332,25.13176727294922,16.455848693847656,,,,,220.79498291015625,20.151445388793945,28.172565460205078
2018-12-27,85.4462890625,19.156856536865234,,,38.02604293823242,20.090063095092773,,,30.555980682373047,20.63431167602539,25.09605598449707,16.311731338500977,,,,,222.49009704589844,20.229719161987305,28.18708610534668
2018-12-28,85.76115417480469,19.22651481628418,,,38.13425827026367,20.249053955078125,,,30.5076961517334,20.70755386352539,25.20929527282715,16.275880813598633,,,,,222.2030792236328,19.820951461791992,28.1943416595459
2018-12-31,85.97918701171875,19.252641677856445,,,38.017723083496094,20.131460189819336,,,30.623584747314453,20.854021072387695,25.157032012939453,16.311731338500977,,,,,224.1493377685547,19.890525817871094,28.136266708374023
2019-01-02,86.04378509521484,19.06977653503418,,,38.075984954833984,20.230836868286133,,,30.5076961517334,20.963869094848633,25.183162689208984,16.347578048706055,,,,,224.3825225830078,19.881832122802734,28.22337532043457
2019-01-03,86.39903259277344,19.1829776763916,,,38.017723083496094,20.33849334716797,,,30.623584747314453,20.616003036499023,25.157032012939453,16.397769927978516,,,,,219.0281524658203,20.629785537719727,28.158044815063477
2019-01-04,86.14069366455078,18.852087020874023,,,37.76798629760742,20.05693244934082,,,30.700843811035156,21.146961212158203,25.374801635742188,16.727588653564453,,,,,226.36463928222656,19.578296661376953,28.034639358520508
2019-01-07,85.99532318115234,18.712764739990234,,,37.609825134277344,20.243257522583008,,,30.768444061279297,21.275129318237305,25.427066802978516,16.7921199798584,,,,,228.1494598388672,19.252151489257812,27.962053298950195
2019-01-08,85.93074798583984,18.56473159790039,,,37.63478469848633,20.27224349975586,,,30.77810287475586,21.403291702270508,25.47062110900879,16.928346633911133,,,,,230.29299926757812,18.916439056396484,27.92575454711914
2019-01-09,86.00341796875,18.468950271606445,,,37.42668151855469,20.346773147583008,,,30.739473342895508,21.476526260375977,25.557729721069336,17.10042953491211,,,,,231.36929321289062,18.942527770996094,27.831388473510742
2019-01-10,85.90652465820312,18.460243225097656,,,37.57651901245117,20.35091209411621,,,30.81673240661621,21.558921813964844,25.557729721069336,17.222320556640625,,,,,232.1854248046875,18.8642578125,27.947526931762695
2019-01-11,86.0276107788086,18.4776554107666,,,37.62646484375,20.244083404541016,,,30.91330337524414,21.586383819580078,25.540306091308594,17.129104614257812,,,,,232.27511596679688,18.8294620513916,27.91849708557129
2019-01-14,85.90652465820312,18.556026458740234,,,37.76798629760742,20.247398376464844,,,30.932619094848633,21.476526260375977,25.479333877563477,17.05023956298828,,,,,230.8580322265625,18.831209182739258,27.947526931762695
2019-01-15,85.92264556884766,18.556026458740234,,,37.70138931274414,20.284664154052734,,,31.06782341003418,21.677932739257812,25.531599044799805,17.093259811401367,,,,,233.5038604736328,18.57985496520996,28.041902542114258
2019-01-16,85.99532318115234,18.486366271972656,,,37.70138931274414,20.33020782470703,,,31.03885269165039,21.74200439453125,25.575153350830078,17.15062141418457,,,,,234.0688934326172,18.49462890625,27.98383331298828
2019-01-17,85.93074798583984,18.486366271972656,,,37.609825134277344,20.355051040649414,,,30.98090934753418,21.74200439453125,25.609994888305664,17.272510528564453,,,,,235.84471130371094,18.405046463012695,27.8822021484375
2019-01-18,85.86611938476562,18.338333129882812,,,37.4100341796875,20.305368423461914,,,30.951934814453125,22.053258895874023,25.670970916748047,17.322694778442383,,,,,238.9838409423828,18.281538009643555,27.889455795288086
2019-01-22,85.93881225585938,18.547317504882812,,,37.57651901245117,20.280519485473633,,,30.768444061279297,21.778629302978516,25.583866119384766,17.157791137695312,,,,,235.7550048828125,18.49288558959961,27.998350143432617
2019-01-23,86.0276107788086,18.677934646606445,,,37.493282318115234,20.297086715698242,,,30.942277908325195,21.861021041870117,25.609994888305664,17.2008056640625,,,,,236.24827575683594,18.451133728027344,27.933013916015625
2019-01-24,86.17294311523438,18.495073318481445,,,37.526573181152344,20.372440338134766,,,30.98090934753418,21.934255599975586,25.679683685302734,17.207979202270508,,,,,236.37391662597656,18.420696258544922,27.97657012939453
2019-01-25,86.13258361816406,18.355751037597656,,,37.32678985595703,20.41301727294922,,,31.05816650390625,22.071575164794922,25.749370574951172,17.423078536987305,,,,,238.37396240234375,18.211097717285156,27.787832260131836
2019-01-28,86.08414459228516,18.556026458740234,,,37.45165252685547,20.396461486816406,,,31.0098819732666,21.897632598876953,25.679683685302734,17.25817108154297,,,,,236.5622100830078,18.33285903930664,27.8822021484375
2019-01-29,86.31021881103516,18.599565505981445,,,37.45998001098633,20.42544174194336,,,31.193370819091797,21.906795501708984,25.705814361572266,17.394397735595703,,,,,236.24827575683594,18.377212524414062,27.903982162475586
2019-01-30,86.50398254394531,18.521196365356445,,,37.368404388427734,20.479272842407227,,,31.183713912963867,22.245506286621094,25.81905746459961,17.580821990966797,,,,,239.98831176757812,18.17717170715332,27.787832260131836
2019-01-31,86.7623519897461,18.4776554107666,,,37.360076904296875,20.53310203552246,,,31.20302963256836,22.49268341064453,25.853900909423828,17.638179779052734,,,,,242.09600830078125,18.1189022064209,27.795089721679688
2019-02-01,86.58265686035156,18.442827224731445,,,37.276832580566406,20.436208724975586,,,31.15473747253418,22.437759399414062,25.862613677978516,17.73138999938965,,,,,242.21261596679688,18.05106544494629,27.809606552124023
2019-02-04,86.50982666015625,18.495073318481445,,,37.260196685791016,20.442001342773438,,,31.20302963256836,22.5476131439209,25.88003158569336,17.69554328918457,,,,,243.91671752929688,17.930173873901367,27.78057289123535
2019-02-05,86.69595336914062,18.486366271972656,,,37.20192337036133,20.498319625854492,,,31.15473747253418,22.66661834716797,25.94972038269043,17.709877014160156,,,,,244.93914794921875,17.855377197265625,27.853164672851562
2019-02-06,86.64741516113281,18.460243225097656,,,37.268516540527344,20.516536712646484,,,31.077482223510742,22.64830780029297,25.9235897064209,17.69554328918457,,,,,244.61619567871094,17.94234848022461,27.816869735717773
2019-02-07,86.68788146972656,18.573440551757812,,,37.401702880859375,20.512392044067383,,,31.000221252441406,22.47437286376953,25.845190048217773,17.559310913085938,,,,,242.28433227539062,18.09020233154297,27.903982162475586
2019-02-08,86.88214874267578,18.712764739990234,,,37.476627349853516,20.611764907836914,,,31.02919578552246,22.48352813720703,25.83647918701172,17.5306339263916,,,,,242.5802459716797,18.02062225341797,27.97657012939453
2019-02-11,86.7931137084961,18.6866397857666,,,37.5432243347168,20.566225051879883,,,31.000221252441406,22.529298782348633,25.810346603393555,17.494781494140625,,,,,242.7147979736328,17.98931884765625,28.07093620300293
2019-02-12,86.80928039550781,18.556026458740234,,,37.28517150878906,20.526477813720703,,,30.942277908325195,22.767316818237305,25.88874626159668,17.57364845275879,,,,,245.83604431152344,17.829286575317383,28.07093620300293
2019-02-13,86.65548706054688,18.503782272338867,,,37.335105895996094,20.5372371673584,,,30.836048126220703,22.803936004638672,25.88003158569336,17.609506607055664,,,,,246.6342315673828,17.781452178955078,28.034639358520508
2019-02-14,86.78501892089844,18.547317504882812,,,37.335105895996094,20.512392044067383,,,31.000221252441406,22.803936004638672,25.91487693786621,17.638179779052734,,,,,246.08714294433594,17.85015869140625,28.11448860168457
2019-02-15,86.84972381591797,18.416702270507812,,,37.268516540527344,20.528961181640625,,,31.06782341003418,23.00533103942871,25.96714210510254,17.803091049194336,,,,,248.768798828125,17.760576248168945,28.129013061523438
2019-02-19,86.8983154296875,18.390579223632812,,,37.193599700927734,20.632469177246094,,,31.145082473754883,23.069416046142578,26.001989364624023,17.889129638671875,,,,,249.19940185546875,17.75796890258789,28.150789260864258
2019-02-20,86.90642547607422,18.303503036499023,,,37.210243225097656,20.628328323364258,,,31.15473747253418,23.078569412231445,26.019411087036133,17.960826873779297,,,,,249.70159912109375,17.720565795898438,28.16530418395996
2019-02-21,86.71216583251953,18.312213897705078,,,37.21856689453125,20.528961181640625,,,31.164398193359375,22.97787094116211,26.001989364624023,17.910640716552734,,,,,248.8136444091797,17.70752716064453,28.150789260864258
2019-02-22,86.93070220947266,18.242551803588867,,,37.22688674926758,20.626672744750977,,,31.12576675415039,23.142654418945312,26.089096069335938,18.046873092651367,,,,,250.35630798339844,17.60316276550293,28.143529891967773
2019-02-25,86.90642547607422,18.120643615722656,,,37.210243225097656,20.57533073425293,,,31.05816650390625,23.17011260986328,26.089096069335938,17.960826873779297,,,,,250.69708251953125,17.56837272644043,28.158044815063477
2019-02-26,87.00355529785156,18.164182662963867,,,37.210243225097656,20.66559600830078,,,31.03885269165039,23.197587966918945,26.13265037536621,17.982336044311523,,,,,250.5177459716797,17.64838409423828,28.25241470336914
2019-02-27,86.81742095947266,18.181596755981445,,,37.22688674926758,20.5952091217041,,,31.164398193359375,23.133501052856445,26.097806930541992,17.99668312072754,,,,,250.41004943847656,17.646642684936523,28.17982292175293
2019-02-28,86.66358184814453,18.303503036499023,,,37.25187683105469,20.553804397583008,,,31.0098819732666,23.051109313964844,26.080385208129883,17.860443115234375,,,,,249.9437713623047,17.58576774597168,28.17982292175293
2019-03-01,86.52322387695312,18.329626083374023,,,37.21856689453125,20.509906768798828,,,31.15473747253418,23.151805877685547,26.106517791748047,17.82459831237793,,,,,251.50428771972656,17.420515060424805,28.0854549407959
2019-03-04,86.62871551513672,18.277381896972656,,,37.210243225097656,20.53972053527832,,,31.10645294189453,23.078569412231445,26.089096069335938,17.82459831237793,,,,,250.589599609375,17.611858367919922,28.18708610534668
2019-03-05,86.68550872802734,18.407997131347656,,,37.22688674926758,20.52068328857422,,,31.15473747253418,23.106037139892578,26.115224838256836,17.85327911376953,,,,,250.24864196777344,17.545753479003906,28.099973678588867
2019-03-06,86.8153076171875,18.56473159790039,,,37.335105895996094,20.504114151000977,,,31.000221252441406,22.996185302734375,26.080385208129883,17.774410247802734,,,,,248.73291015625,17.67795181274414,28.16530418395996
2019-03-07,87.05878448486328,18.69534683227539,,,37.50993347167969,20.52068328857422,,,30.971248626708984,22.849702835083008,26.001989364624023,17.702713012695312,,,,,246.65211486816406,17.820587158203125,28.317745208740234
2019-03-08,87.17236328125,18.6866397857666,,,37.45165252685547,20.512392044067383,,,30.932619094848633,22.822246551513672,25.975852966308594,17.65968894958496,,,,,246.1588592529297,17.899734497070312,28.30323028564453
2019-03-11,87.18048858642578,18.556026458740234,,,37.45165252685547,20.57284927368164,,,31.000221252441406,23.12433624267578,26.04553985595703,17.795921325683594,,,,,249.72850036621094,17.711875915527344,28.354047775268555
2019-03-12,87.34275817871094,18.486366271972656,,,37.368404388427734,20.649032592773438,,,30.91330337524414,23.21588706970215,26.071672439575195,17.860443115234375,,,,,250.67019653320312,17.66838836669922,28.245155334472656
2019-03-13,87.3022232055664,18.486366271972656,,,37.276832580566406,20.694578170776367,,,30.942277908325195,23.36236572265625,26.115224838256836,17.982336044311523,,,,,252.32948303222656,17.618812561035156,28.245155334472656
2019-03-14,87.17236328125,18.486366271972656,,,37.310142517089844,20.649032592773438,,,30.836048126220703,23.33490562438965,26.097806930541992,17.95366096496582,,,,,252.16806030273438,17.584896087646484,28.230640411376953
2019-03-15,87.39147186279297,18.495073318481445,,,37.14365005493164,20.731843948364258,,,30.874675750732422,23.44475555419922,26.15007209777832,17.982336044311523,,,,,253.4138641357422,17.577068328857422,28.158044815063477
2019-03-18,87.375244140625,18.364458084106445,,,37.185264587402344,20.694578170776367,,,30.82638931274414,23.53629493713379,26.193622589111328,18.089889526367188,,,,,254.3326873779297,17.50661849975586,28.17982292175293
2019-03-19,87.32654571533203,18.364458084106445,,,37.20192337036133,20.735986709594727,,,30.79741668701172,23.499685287475586,26.193622589111328,18.075529098510742,,,,,254.395751953125,17.555322647094727,28.17982292175293
2019-03-20,87.68356323242188,18.468950271606445,,,37.12699890136719,20.77904510498047,,,30.739473342895508,23.53629493713379,26.254602432250977,18.183244705200195,,,,,253.63015747070312,17.637948989868164,28.2088623046875
2019-03-21,87.69981384277344,18.373165130615234,,,37.16029739379883,20.842815399169922,,,30.652557373046875,23.75600814819336,26.254602432250977,18.21915054321289,,,,,256.4947509765625,17.560544967651367,28.2088623046875
2019-03-22,88.13796997070312,18.765010833740234,,,37.24354934692383,20.760831832885742,,,30.613927841186523,23.45390510559082,26.106517791748047,17.97498893737793,,,,,251.55819702148438,17.829286575317383,28.22337532043457
2019-03-25,88.30026245117188,18.90433120727539,,,37.20192337036133,20.789812088012695,,,30.691186904907227,23.44475555419922,26.123937606811523,18.046796798706055,,,,,251.36891174316406,17.94670295715332,28.158044815063477
2019-03-26,88.31647491455078,18.843379974365234,,,37.193599700927734,20.893329620361328,,,30.749130249023438,23.5733699798584,26.15007209777832,18.061161041259766,,,,,253.24273681640625,17.868427276611328,28.129013061523438
2019-03-27,88.50313568115234,18.9478702545166,,,37.24354934692383,20.92230987548828,,,30.768444061279297,23.51824951171875,26.158781051635742,18.075529098510742,,,,,251.91839599609375,17.958881378173828,28.17982292175293
2019-03-28,88.51123046875,18.843379974365234,,,37.268516540527344,20.86351776123047,,,30.700843811035156,23.60093116760254,26.158781051635742,18.018075942993164,,,,,252.87339782714844,17.884626388549805,28.1943416595459
2019-03-29,88.50313568115234,18.773717880249023,,,37.30181884765625,20.910966873168945,,,30.836048126220703,23.711172103881836,26.193622589111328,18.046796798706055,,,,,254.46778869628906,17.81125259399414,28.230640411376953
2019-04-01,88.09805297851562,18.6082706451416,,,37.260196685791016,20.83604621887207,,,30.874675750732422,23.89490509033203,26.24588966369629,18.183244705200195,,,,,257.4856262207031,17.598112106323242,28.21611785888672
2019-04-02,88.19564819335938,18.512487411499023,,,37.28517150878906,20.86101722717285,,,30.893991470336914,23.913272857666016,26.254602432250977,18.226337432861328,,,,,257.6116943359375,17.453100204467773,28.31048583984375
2019-04-03,88.0329818725586,18.381872177124023,,,37.20192337036133,20.86101722717285,,,30.903648376464844,23.913272857666016,26.289445877075195,18.204795837402344,,,,,258.01715087890625,17.543073654174805,28.2088623046875
2019-04-04,88.09805297851562,18.390579223632812,,,37.193599700927734,20.877666473388672,,,30.932619094848633,23.959209442138672,26.31557846069336,18.255062103271484,,,,,258.7017517089844,17.526479721069336,28.22337532043457
2019-04-05,88.16309356689453,18.312213897705078,,,37.21856689453125,20.89015769958496,,,30.922964096069336,24.051088333129883,26.341711044311523,18.305330276489258,,,,,259.953857421875,17.501150131225586,28.266931533813477
2019-04-08,88.12245178222656,18.320919036865234,,,37.310142517089844,20.86518096923828,,,30.893991470336914,24.051088333129883,26.36784553527832,18.37714385986328,,,,,260.15216064453125,17.50202178955078,28.317745208740234
2019-04-09,88.17123413085938,18.468950271606445,,,37.32678985595703,20.89015769958496,,,30.865018844604492,23.959209442138672,26.31557846069336,18.269424438476562,,,,,258.81890869140625,17.5885009765625,28.33226203918457
2019-04-10,88.34207916259766,18.390579223632812,,,37.24354934692383,20.873502731323242,,,30.845705032348633,24.051088333129883,26.359130859375,18.384328842163086,,,,,259.70172119140625,17.517744064331055,28.346776962280273
2019-04-11,88.23634338378906,18.320919036865234,,,37.368404388427734,20.87599754333496,,,30.720157623291016,24.060270309448242,26.33300018310547,18.312509536743164,,,,,259.6296081542969,17.453100204467773,28.41937255859375
2019-04-12,88.06550598144531,18.277381896972656,,,37.30181884765625,20.840206146240234,,,30.710500717163086,24.133766174316406,26.359130859375,18.33405303955078,,,,,261.3863220214844,17.357019424438477,28.375818252563477
2019-04-15,88.04926300048828,18.390579223632812,,,37.276832580566406,20.82771873474121,,,30.623584747314453,24.1429500579834,26.385265350341797,18.276607513427734,,,,,261.2151184082031,17.403310775756836,28.397594451904297
2019-04-16,87.89469909667969,18.259963989257812,,,37.25187683105469,20.791921615600586,,,30.58495330810547,24.115385055541992,26.376554489135742,18.255062103271484,,,,,261.3863220214844,17.365745544433594,28.491960525512695
2019-04-17,87.88660430908203,18.312213897705078,,,37.335105895996094,20.622943878173828,,,30.469064712524414,24.078645706176758,26.385265350341797,18.176069259643555,,,,,260.7466735839844,17.33517837524414,28.506486892700195
2019-04-18,88.00048065185547,18.320919036865234,,,37.268516540527344,20.644580841064453,,,30.40146255493164,24.124574661254883,26.36784553527832,18.2335147857666,,,,,261.2601318359375,17.357019424438477,28.47018814086914
2019-04-22,87.89469909667969,18.312213897705078,,,37.210243225097656,20.611289978027344,,,30.362834930419922,24.1429500579834,26.36784553527832,18.204795837402344,,,,,261.48541259765625,17.322071075439453,28.542776107788086
2019-04-23,88.04926300048828,18.320919036865234,,,37.7097053527832,20.690366744995117,,,30.420780181884766,24.354251861572266,26.411396026611328,18.240694046020508,,,,,263.83648681640625,17.289751052856445,28.61536979675293
2019-04-24,88.25260162353516,18.407997131347656,,,37.734683990478516,20.727828979492188,,,30.420780181884766,24.372621536254883,26.36784553527832,18.226337432861328,,,,,263.25091552734375,17.380599975585938,28.68796157836914
2019-04-25,88.24449157714844,18.495073318481445,,,37.67641830444336,20.793590545654297,,,30.420780181884766,24.363433837890625,26.341711044311523,18.190431594848633,,,,,263.0888366699219,17.390213012695312,28.57181739807129
2019-04-26,88.42339324951172,18.486366271972656,,,37.45165252685547,20.813566207885742,,,30.304889678955078,24.45530128479004,26.359130859375,18.154521942138672,,,,,264.31402587890625,17.444366455078125,28.484708786010742
2019-04-29,88.26885986328125,18.390579223632812,,,37.5432243347168,20.769454956054688,,,30.26626205444336,24.482864379882812,26.39397430419922,18.154521942138672,,,,,264.7284240722656,17.331680297851562,28.59359359741211
2019-04-30,88.3258056640625,18.538612365722656,,,37.60149002075195,20.877666473388672,,,30.39180564880371,24.528804779052734,26.36784553527832,18.154521942138672,,,,,264.8634948730469,17.409421920776367,28.63714599609375
2019-05-01,88.38285064697266,18.590858459472656,,,37.50993347167969,20.881832122802734,,,30.498037338256836,24.38180923461914,26.32428550720215,18.039613723754883,,,,,262.8726501464844,17.396324157714844,28.59359359741211
2019-05-02,88.18721008300781,18.677934646606445,,,37.35177230834961,20.81939697265625,,,30.56563949584961,24.27157211303711,26.31557846069336,17.888811111450195,,,,,262.30511474609375,17.431262969970703,28.506486892700195
2019-05-03,88.3339614868164,18.486366271972656,,,37.45165252685547,20.91928482055664,,,30.633241653442383,24.519607543945312,26.420108795166016,18.097070693969727,,,,,264.8724365234375,17.317703247070312,28.5355224609375
2019-05-06,88.44811248779297,18.556026458740234,,,37.50160598754883,20.856853485107422,,,30.768444061279297,24.44611930847168,26.359130859375,17.996530532836914,,,,,263.78253173828125,17.400691986083984,28.622631072998047
2019-05-07,88.55410766601562,18.6866397857666,,,37.16029739379883,20.71450424194336,,,30.80707550048828,24.115385055541992,26.237180709838867,17.781091690063477,,,,,259.37738037109375,17.70642852783203,28.564552307128906
2019-05-08,88.53779602050781,18.738887786865234,,16.458234786987305,37.24354934692383,20.675386428833008,,,30.749130249023438,24.069456100463867,26.20233726501465,17.766721725463867,,,,,259.01708984375,17.647024154663086,28.65166473388672
2019-05-09,88.58670806884766,18.825963973999023,,16.467449188232422,37.25187683105469,20.657072067260742,,,30.57529640197754,24.023521423339844,26.15007209777832,17.730819702148438,,,,,258.2333679199219,17.71516227722168,28.680706024169922
2019-05-10,88.6030502319336,18.860794067382812,,16.470081329345703,37.35177230834961,20.726163864135742,,,30.710500717163086,24.078645706176758,26.20233726501465,17.860084533691406,,,,,259.5305480957031,17.61907196044922,28.767810821533203
2019-05-13,88.74974060058594,19.278762817382812,,16.349632263183594,37.04375076293945,20.590469360351562,,,30.642898559570312,23.637676239013672,26.019411087036133,17.66618537902832,,,,,253.0084686279297,17.912578582763672,28.68796157836914
2019-05-14,88.82315826416016,19.087194442749023,,16.443098068237305,37.110355377197266,20.719507217407227,,,30.671871185302734,23.821414947509766,26.13265037536621,17.83135986328125,,,,,255.296630859375,17.79290771484375,28.57181739807129
2019-05-15,88.97804260253906,19.087194442749023,,16.648452758789062,37.268516540527344,20.715343475341797,,,30.642898559570312,23.98676872253418,26.167495727539062,17.860084533691406,,,,,256.7920227050781,17.70642852783203,28.67344856262207
2019-05-16,88.8720703125,19.03494644165039,,16.827486038208008,37.38505554199219,20.84436798095703,,,30.5076961517334,24.1429500579834,26.158781051635742,17.903175354003906,,,,,259.17022705078125,17.655759811401367,28.608112335205078
2019-05-17,88.89654541015625,19.191688537597656,,16.88014030456543,37.368404388427734,20.774442672729492,,,30.488380432128906,24.051088333129883,26.097806930541992,17.795452117919922,,,,,257.49468994140625,17.700307846069336,28.74603843688965
2019-05-20,88.77423858642578,19.2874698638916,,16.77153968811035,37.193599700927734,20.71034812927246,,,30.53666877746582,23.87653160095215,26.06296157836914,17.759544372558594,,,,,255.79212951660156,17.720401763916016,28.542776107788086
2019-05-21,88.76611328125,19.1829776763916,,16.78996467590332,37.260196685791016,20.698692321777344,,,30.662214279174805,24.023521423339844,26.097806930541992,17.83854103088379,,,,,258.0982971191406,17.60509490966797,28.542776107788086
2019-05-22,88.91284942626953,19.29617691040039,,16.800495147705078,37.17694854736328,20.744476318359375,,,30.60426902770996,24.023521423339844,26.071672439575195,17.745182037353516,,,,,257.30548095703125,17.659257888793945,28.52100372314453
2019-05-23,89.17374420166016,19.479040145874023,,16.708349227905273,36.96051788330078,20.700359344482422,,,30.642898559570312,23.80303382873535,26.036828994750977,17.536924362182617,,,,,254.16156005859375,18.047100067138672,28.361295700073242
2019-05-24,89.20635223388672,19.42679214477539,,16.74323081970215,36.910560607910156,20.749469757080078,,,30.671871185302734,23.867347717285156,26.04553985595703,17.637460708618164,,,,,254.7381134033203,17.89859962463379,28.22337532043457
2019-05-28,89.33684539794922,19.461624145507812,,16.847888946533203,36.7274284362793,20.698692321777344,,,30.671871185302734,23.74791717529297,26.04553985595703,17.608736038208008,,,,,252.368896484375,18.020017623901367,28.078197479248047
2019-05-29,89.36128234863281,19.513870239257812,,16.78009605407715,36.61088562011719,20.54885482788086,,,30.739473342895508,23.582555770874023,26.019411087036133,17.529743194580078,,,,,250.6754150390625,18.15541648864746,28.049165725708008
2019-05-30,89.59773254394531,19.583528518676758,,16.814979553222656,36.369476318359375,20.561342239379883,,,30.729814529418945,23.656051635742188,26.04553985595703,17.501020431518555,,,,,251.35984802246094,18.16415023803711,27.71524429321289
2019-05-31,90.01354217529297,19.7838077545166,,16.682680130004883,36.23628616333008,20.56966209411621,,,30.749130249023438,23.48150062561035,26.028118133544922,17.42202377319336,,,,,247.97280883789062,18.46639633178711,27.57732391357422
2019-06-03,90.22600555419922,19.90571403503418,,16.624103546142578,36.028167724609375,20.601293563842773,,,30.729814529418945,23.44475555419922,26.028118133544922,17.465110778808594,,,,,247.3423614501953,18.588687896728516,27.47568702697754
2019-06-04,90.14432525634766,19.50516128540039,,16.651744842529297,36.194664001464844,20.677879333496094,,,30.874675750732422,23.848974227905273,26.141359329223633,17.60155487060547,,,,,252.71124267578125,18.179006576538086,27.432138442993164
2019-06-05,90.09528350830078,19.63577651977539,,16.714933395385742,36.41109848022461,20.83604621887207,,,30.845705032348633,24.032712936401367,26.106517791748047,17.529743194580078,,,,,254.90025329589844,18.117856979370117,27.548282623291016
2019-06-06,90.07896423339844,19.6793155670166,,16.691898345947266,36.39445114135742,20.81939697265625,,,30.79741668701172,24.152135848999023,26.13265037536621,17.687726974487305,,,,,256.5578308105469,18.029630661010742,27.482948303222656
2019-06-07,90.3322982788086,19.6270694732666,,16.82090187072754,36.494346618652344,20.8859920501709,,,30.739473342895508,24.436927795410156,26.219758987426758,17.781091690063477,,,,,259.12518310546875,17.981582641601562,27.570056915283203
2019-06-10,90.09528350830078,19.470333099365234,,16.735998153686523,36.56093978881836,20.848533630371094,,,30.60426902770996,24.501235961914062,26.254602432250977,17.745182037353516,,,,,260.31427001953125,17.837453842163086,27.562803268432617
2019-06-11,90.07896423339844,19.34842300415039,,16.70176887512207,36.41941833496094,20.809404373168945,,,30.59461212158203,24.482864379882812,26.289445877075195,17.83135986328125,,,,,260.2511901855469,17.854930877685547,27.62087059020996
2019-06-12,90.193359375,19.50516128540039,,16.77482795715332,36.377803802490234,20.86101722717285,,,30.59461212158203,24.4644832611084,26.219758987426758,17.73800277709961,,,,,259.7917175292969,17.968481063842773,27.490205764770508
2019-06-13,90.38951873779297,19.42679214477539,,16.874216079711914,36.40277862548828,20.899314880371094,,,30.60426902770996,24.537986755371094,26.24588966369629,17.860084533691406,,,,,260.86376953125,17.91432762145996,27.533763885498047
2019-06-14,90.36498260498047,19.5748233795166,,16.953853607177734,36.43607711791992,20.94343376159668,,,30.58495330810547,24.565542221069336,26.20233726501465,17.83135986328125,,,,,260.5755615234375,17.907337188720703,27.671688079833984
2019-06-17,90.3404769897461,19.479040145874023,,16.948593139648438,36.369476318359375,20.91928482055664,,,30.633241653442383,24.565542221069336,26.20233726501465,17.824176788330078,,,,,260.674560546875,17.884626388549805,27.606351852416992
2019-06-18,90.58563232421875,19.2874698638916,,17.077600479125977,36.53596878051758,20.990047454833984,,,30.623584747314453,24.776844024658203,26.33300018310547,17.96780014038086,,,,,263.40411376953125,17.881126403808594,27.599092483520508
2019-06-19,90.89620208740234,19.35713005065918,,17.138153076171875,36.56925964355469,21.090776443481445,,,30.710500717163086,24.9238224029541,26.411396026611328,18.075529098510742,,,,,263.9986877441406,17.881126403808594,27.584579467773438
2019-06-20,91.051513671875,19.278762817382812,,17.10853385925293,36.61921691894531,21.21064567565918,,,30.633241653442383,25.162691116333008,26.481082916259766,18.283781051635742,,,,,266.52099609375,17.819988250732422,27.50472640991211
2019-06-21,90.81446075439453,19.34842300415039,,16.833406448364258,36.70246124267578,21.054981231689453,,,30.729814529418945,25.070816040039062,26.437530517578125,18.2335147857666,,,,,266.1335754394531,17.750104904174805,27.584579467773438
2019-06-24,90.97795867919922,19.50516128540039,,16.876846313476562,36.71910095214844,21.11408805847168,,,30.478723526000977,25.056991577148438,26.463661193847656,18.240694046020508,,,,,265.80767822265625,17.881126403808594,27.490205764770508
2019-06-25,90.99425506591797,19.6009464263916,,16.903173446655273,36.5526237487793,21.064964294433594,,,30.430437088012695,24.881826400756836,26.420108795166016,18.19133949279785,,,,,263.20068359375,17.994691848754883,27.482948303222656
2019-06-26,90.78997802734375,19.331008911132812,,16.724803924560547,36.65251159667969,20.90264320373535,,,30.38214874267578,24.79886245727539,26.411396026611328,18.278446197509766,,,,,262.938232421875,17.92481231689453,27.490205764770508
2019-06-27,91.04328918457031,19.191688537597656,,16.82694435119629,36.635860443115234,21.01917839050293,,,30.411121368408203,24.927927017211914,26.481082916259766,18.292959213256836,,,,,263.8705749511719,17.918676376342773,27.482948303222656
2019-06-28,91.00245666503906,19.095901489257812,,16.906023025512695,36.594234466552734,21.050132751464844,,,30.469064712524414,25.03855323791504,26.498506546020508,18.314739227294922,,,,,265.2283935546875,17.923053741455078,27.432138442993164
2019-07-01,91.06961822509766,18.98270034790039,,16.975215911865234,36.61921691894531,21.07188606262207,,,30.459409713745117,25.176837921142578,26.594327926635742,18.314739227294922,,,,,267.63623046875,17.77946662902832,27.359542846679688
2019-07-02,91.23343658447266,19.235225677490234,,17.130075454711914,36.7274284362793,21.162216186523438,,,30.488380432128906,25.30590057373047,26.594327926635742,18.24215316772461,,,,,268.33331298828125,17.669139862060547,27.39583969116211
2019-07-03,91.38088989257812,19.217809677124023,,17.286909103393555,36.79402160644531,21.25422477722168,,,30.488380432128906,25.48105812072754,26.637880325317383,18.358293533325195,,,,,270.4786071777344,17.76632308959961,27.39583969116211
2019-07-05,90.99590301513672,19.156856536865234,,17.11623764038086,36.83564758300781,21.11202621459961,,,30.488380432128906,25.36121368408203,26.55948257446289,18.27118492126465,,,,,270.1708679199219,17.62448501586914,27.50472640991211
2019-07-08,90.94670867919922,19.33971405029297,,17.079994201660156,36.86894989013672,21.11370277404785,,,30.430437088012695,25.269027709960938,26.507219314575195,18.300222396850586,,,,,268.6864013671875,17.67351531982422,27.52650260925293
2019-07-09,90.92220306396484,19.34842300415039,,17.060882568359375,36.860618591308594,21.053476333618164,,,30.459409713745117,25.296682357788086,26.489791870117188,18.300222396850586,,,,,269.021240234375,17.669139862060547,27.555540084838867
2019-07-10,90.98766326904297,19.34842300415039,,17.034523010253906,36.87726974487305,21.163053512573242,,,30.420780181884766,25.416528701782227,26.507219314575195,18.43814468383789,,,,,270.306640625,17.7216796875,27.599092483520508
2019-07-11,90.65186309814453,19.33971405029297,,16.892187118530273,36.86894989013672,21.084428787231445,,,30.459409713745117,25.407306671142578,26.489791870117188,18.35103988647461,,,,,270.9403076171875,17.546554565429688,27.635393142700195
2019-07-12,90.75015258789062,19.322301864624023,,16.93567657470703,36.88559341430664,21.137121200561523,,,30.5076961517334,25.51793670654297,26.507219314575195,18.387332916259766,,,,,272.1533203125,17.511539459228516,27.657169342041016
2019-07-15,90.88123321533203,19.31359100341797,,17.02463722229004,36.85228729248047,21.155529022216797,,,30.546323776245117,25.5548152923584,26.533348083496094,18.372812271118164,,,,,272.2438659667969,17.590335845947266,27.519243240356445
2019-07-16,90.78291320800781,19.3658390045166,,17.018051147460938,36.88559341430664,21.11202621459961,,,30.469064712524414,25.453405380249023,26.507219314575195,18.292959213256836,,,,,271.36572265625,17.58158302307129,27.511987686157227
2019-07-17,91.02047729492188,19.4442081451416,,17.083948135375977,36.86894989013672,21.153013229370117,,,30.546323776245117,25.370433807373047,26.51593017578125,18.234893798828125,,,,,269.5190734863281,17.634117126464844,27.511987686157227
2019-07-18,91.16787719726562,19.461624145507812,,17.083948135375977,36.84396743774414,21.218257904052734,,,30.623584747314453,25.453405380249023,26.55948257446289,18.249406814575195,,,,,270.50579833984375,17.69803237915039,27.39583969116211
2019-07-19,91.06144714355469,19.3658390045166,,17.073402404785156,36.77737045288086,21.142139434814453,,,30.546323776245117,25.315122604370117,26.524639129638672,18.198593139648438,,,,,269.0032043457031,17.599098205566406,27.381322860717773
2019-07-22,91.17610931396484,19.34842300415039,,17.110305786132812,36.77737045288086,21.124576568603516,,,30.459409713745117,25.388872146606445,26.54206085205078,18.198593139648438,,,,,269.6639404296875,17.695409774780273,27.35228729248047
2019-07-23,91.08599853515625,19.22651481628418,,17.216402053833008,36.90224075317383,21.128761291503906,,,30.440095901489258,25.49949836730957,26.585615158081055,18.278446197509766,,,,,271.5920104980469,17.59471321105957,27.366809844970703
2019-07-24,91.2170181274414,18.956579208374023,,17.362695693969727,36.893917083740234,21.195674896240234,,,30.411121368408203,25.628564834594727,26.594327926635742,18.27118492126465,,,,,272.8684387207031,17.58158302307129,27.388578414916992
2019-07-25,91.07780456542969,19.24393081665039,,17.209808349609375,36.81067657470703,21.12038803100586,,,30.59461212158203,25.49949836730957,26.550771713256836,18.19133949279785,,,,,271.5648498535156,17.599098205566406,27.417619705200195
2019-07-26,91.09416198730469,19.200393676757812,,17.33172035217285,36.93553161621094,21.15468978881836,,,30.700843811035156,25.683881759643555,26.550771713256836,18.184072494506836,,,,,273.3843994140625,17.52466583251953,27.432138442993164
2019-07-29,91.13518524169922,19.3658390045166,,17.30733871459961,37.077056884765625,21.174766540527344,,,30.729814529418945,25.66543960571289,26.54206085205078,18.16229820251465,,,,,272.886474609375,17.5290470123291,27.46843147277832
2019-07-30,91.12696075439453,19.24393081665039,,17.197948455810547,37.02711486816406,21.13127326965332,,,30.691186904907227,25.573251724243164,26.481082916259766,18.24215316772461,,,,,272.21661376953125,17.5290470123291,27.555540084838867
2019-07-31,91.16787719726562,19.40937614440918,,17.275705337524414,36.985496520996094,21.08275032043457,,,30.700843811035156,25.370433807373047,26.463661193847656,18.096969604492188,,,,,269.2384948730469,17.590335845947266,27.50472640991211
2019-08-01,91.88220977783203,19.87959098815918,,17.414094924926758,36.94386291503906,21.083587646484375,,,30.720157623291016,25.296682357788086,26.411396026611328,17.908231735229492,,,,,266.8939208984375,18.098175048828125,27.657169342041016
2019-08-02,91.9150619506836,20.184358596801758,,17.282960891723633,37.052085876464844,21.087772369384766,,,30.671871185302734,25.158397674560547,26.350421905517578,17.850156784057617,,,,,264.8843688964844,18.106931686401367,27.744277954101562
2019-08-05,92.31737518310547,20.419464111328125,,17.028593063354492,37.02711486816406,20.873645782470703,,,30.623584747314453,24.61448860168457,26.176204681396484,17.603347778320312,,,,,256.9185485839844,18.60250473022461,27.903982162475586
2019-08-06,92.56366729736328,20.410757064819336,,17.29547882080078,37.13533020019531,21.007474899291992,,,30.613927841186523,24.90948486328125,26.24588966369629,17.625123977661133,,,,,260.5212097167969,18.492176055908203,27.95478630065918
2019-08-07,92.514404296875,20.55879020690918,,17.350831985473633,37.13533020019531,21.095300674438477,,,30.710500717163086,24.955581665039062,26.306869506835938,17.63238525390625,,,,,260.67510986328125,18.48342514038086,27.969314575195312
2019-08-08,92.60472106933594,20.541372299194336,,17.524799346923828,37.11867904663086,21.187307357788086,,,30.758787155151367,25.333560943603516,26.359130859375,17.828378677368164,,,,,265.7895812988281,18.229511260986328,27.903982162475586
2019-08-09,92.4815902709961,20.750356674194336,,17.373239517211914,37.03542709350586,21.174766540527344,,,30.671871185302734,25.21371078491211,26.289445877075195,17.734012603759766,,,,,263.9791564941406,18.252277374267578,27.91849708557129
2019-08-12,92.81820678710938,20.933218002319336,,17.621009826660156,37.03542709350586,21.08693504333496,,,30.517353057861328,25.010889053344727,26.237180709838867,17.625123977661133,,,,,260.7656555175781,18.492176055908203,28.07093620300293
2019-08-13,92.68681335449219,20.8287296295166,,17.70799446105957,37.50160598754883,21.132938385009766,,,30.59461212158203,25.287464141845703,26.306869506835938,17.828378677368164,,,,,264.8210754394531,18.25577735900879,27.947526931762695
2019-08-14,92.97418212890625,21.011585235595703,,17.959064483642578,37.30181884765625,20.96565055847168,,,30.527009963989258,24.78042221069336,26.158781051635742,17.538013458251953,,,,,256.99090576171875,18.73733901977539,28.027385711669922
2019-08-15,93.401123046875,21.22057342529297,,18.26944351196289,36.93553161621094,21.04594612121582,,,30.652557373046875,24.8633975982666,26.20233726501465,17.55253791809082,,,,,257.6698303222656,18.772371292114258,28.107234954833984
2019-08-16,93.32725524902344,21.116077423095703,,18.21804428100586,37.09370422363281,21.153850555419922,,,30.681529998779297,25.158397674560547,26.26331329345703,17.596088409423828,,,,,261.4717102050781,18.527202606201172,28.099973678588867
2019-08-19,93.08092498779297,21.020294189453125,,18.067142486572266,37.39338684082031,21.204036712646484,,,30.700843811035156,25.370433807373047,26.29815673828125,17.661422729492188,,,,,264.62176513671875,18.270658493041992,28.107234954833984
2019-08-20,93.3354721069336,21.046417236328125,,18.148193359375,37.44333267211914,21.19317054748535,,,30.749130249023438,25.250593185424805,26.29815673828125,17.6396427154541,,,,,262.5940856933594,18.448406219482422,28.107234954833984
2019-08-21,93.28618621826172,20.924510955810547,,18.118539810180664,37.44333267211914,21.257572174072266,,,30.787757873535156,25.388872146606445,26.359130859375,17.690458297729492,,,,,264.7304382324219,18.290802001953125,28.056419372558594
2019-08-22,93.03988647460938,21.020294189453125,,18.020353317260742,37.360076904296875,21.23415184020996,,,30.729814529418945,25.351999282836914,26.341711044311523,17.67593765258789,,,,,264.6490478515625,18.31706428527832,28.07093620300293
2019-08-23,93.41755676269531,21.237985610961914,,18.073070526123047,37.4100341796875,21.126249313354492,,,30.58495330810547,24.79886245727539,26.26331329345703,17.55253791809082,,,,,257.8508605957031,18.73733901977539,28.245155334472656
2019-08-26,93.37651062011719,21.290231704711914,,18.174549102783203,37.34343338012695,21.19232940673828,,,30.739473342895508,25.093870162963867,26.306869506835938,17.538013458251953,,,,,260.7023010253906,18.64103126525879,28.22337532043457
2019-08-27,93.67206573486328,21.446969985961914,,18.41309928894043,37.484947204589844,21.244190216064453,,,30.652557373046875,25.084646224975586,26.341711044311523,17.61786651611328,,,,,259.67938232421875,18.754858016967773,28.30323028564453
2019-08-28,93.6802749633789,21.298938751220703,,18.480318069458008,37.5432243347168,21.25589942932129,,,30.710500717163086,25.20449447631836,26.359130859375,17.68320083618164,,,,,261.5079345703125,18.667293548583984,28.33226203918457
2019-08-29,93.62281036376953,21.046417236328125,,18.475704193115234,37.62646484375,21.31277847290039,,,30.787757873535156,25.47184181213379,26.36784553527832,17.763050079345703,,,,,264.84808349609375,18.439647674560547,28.30323028564453
2019-08-30,93.70492553710938,21.142200469970703,,18.568620681762695,37.70138931274414,21.346235275268555,,,30.79741668701172,25.47184181213379,26.385265350341797,17.74127197265625,,,,,264.7304382324219,18.47467803955078,28.375818252563477
2019-09-03,93.68270874023438,21.446969985961914,,18.655601501464844,37.7097053527832,21.395580291748047,,,30.671871185302734,25.333560943603516,26.385265350341797,17.734012603759766,,,,,263.1825866699219,18.614765167236328,28.579072952270508
2019-09-04,93.84725952148438,21.412137985229492,,18.6925048828125,37.88452911376953,21.538618087768555,,,30.739473342895508,25.628564834594727,26.489791870117188,17.944522857666016,,,,,266.1697692871094,18.45716094970703,28.52100372314453
2019-09-05,93.44407653808594,20.898387908935547,,18.333362579345703,37.71804428100586,21.425701141357422,,,30.88433265686035,25.831377029418945,26.507219314575195,17.9663028717041,,,,,269.5915832519531,18.154212951660156,28.368562698364258
2019-09-06,93.54280853271484,20.95934295654297,,18.419029235839844,37.75133514404297,21.459993362426758,,,30.88433265686035,25.868253707885742,26.51593017578125,17.9663028717041,,,,,269.7997131347656,18.176973342895508,28.32500457763672
2019-09-09,93.14776611328125,20.611034393310547,,18.098766326904297,37.6680908203125,21.30440902709961,,,30.88433265686035,25.75762939453125,26.51593017578125,18.002599716186523,,,,,269.9355163574219,18.05439567565918,28.230640411376953
2019-09-10,92.64581298828125,20.14952850341797,,17.839792251586914,37.476627349853516,21.17057991027832,,,31.000221252441406,25.619340896606445,26.481082916259766,18.031633377075195,,,,,269.87213134765625,17.9755916595459,28.012863159179688
2019-09-11,92.66224670410156,19.992788314819336,,17.9149169921875,37.5349006652832,21.197345733642578,,,31.02919578552246,25.794498443603516,26.550771713256836,18.046154022216797,,,,,271.79119873046875,17.831995010375977,27.991086959838867
2019-09-12,92.51409912109375,19.94054412841797,,17.77784538269043,37.37673568725586,21.237499237060547,,,31.0967960357666,25.87747573852539,26.576906204223633,18.067930221557617,,,,,272.732666015625,17.791719436645508,27.758800506591797
2019-09-13,91.9627685546875,19.844758987426758,,17.433862686157227,37.102020263671875,21.020015716552734,,,31.0967960357666,25.72075080871582,26.585615158081055,18.067930221557617,,,,,272.5515441894531,17.642871856689453,27.591833114624023
2019-09-16,92.2096939086914,19.6793155670166,,17.680320739746094,37.102020263671875,21.128761291503906,,,31.135427474975586,25.711530685424805,26.55948257446289,18.249406814575195,,,,,271.70965576171875,17.74794578552246,27.678945541381836
2019-09-17,92.3495864868164,19.992788314819336,,17.69877052307129,37.23522186279297,21.187307357788086,,,31.10645294189453,25.81294059753418,26.585615158081055,18.213111877441406,,,,,272.397705078125,17.74356460571289,27.7733154296875
2019-09-18,92.45652770996094,20.21048355102539,,17.800254821777344,37.193599700927734,21.2299747467041,,,31.10645294189453,25.831377029418945,26.603038787841797,18.147783279418945,,,,,272.5605773925781,17.756694793701172,27.795089721679688
2019-09-19,92.58817291259766,20.28014373779297,,17.812774658203125,37.268516540527344,21.212406158447266,,,31.0098819732666,25.849817276000977,26.585615158081055,18.205856323242188,,,,,272.54254150390625,17.74794578552246,27.816869735717773
2019-09-20,92.92559051513672,20.29755973815918,,18.001239776611328,37.37673568725586,21.325319290161133,,,31.08713722229004,25.831377029418945,26.629169464111328,18.19133949279785,,,,,271.2547912597656,17.833751678466797,27.98383331298828
2019-09-23,92.96673583984375,20.34109878540039,,18.057254791259766,37.35177230834961,21.354597091674805,,,31.0967960357666,25.831377029418945,26.594327926635742,18.19133949279785,,,,,271.1911926269531,17.896793365478516,27.962053298950195
2019-09-24,93.22188568115234,20.654571533203125,,18.18707275390625,37.24354934692383,21.392244338989258,,,31.0098819732666,25.68366813659668,26.568191528320312,18.09002685546875,,,,,269.06317138671875,18.01937484741211,27.98383331298828
2019-09-25,92.83507537841797,20.523958206176758,,18.10536003112793,37.11867904663086,21.287681579589844,,,30.922964096069336,25.775985717773438,26.524639129638672,18.075448989868164,,,,,270.6545715332031,17.888036727905273,27.853164672851562
2019-09-26,92.99139404296875,20.637157440185547,,18.212112426757812,37.22688674926758,21.362966537475586,,,30.88433265686035,25.729829788208008,26.533348083496094,18.104602813720703,,,,,270.0907897949219,17.955707550048828,27.8822021484375
2019-09-27,93.10665130615234,20.671987533569336,,18.190994262695312,37.13533020019531,21.293081283569336,,,30.99056625366211,25.628276824951172,26.463661193847656,18.031719207763672,,,,,268.6357727050781,18.02602195739746,27.824129104614258
2019-09-30,93.13130187988281,20.637157440185547,,18.284727096557617,37.09370422363281,21.352018356323242,,,30.951934814453125,25.748287200927734,26.498506546020508,18.031719207763672,,,,,269.88165283203125,17.92934226989746,27.628135681152344
2019-10-01,93.3004150390625,20.880971908569336,,18.276803970336914,36.927215576171875,21.25098419189453,,,30.874675750732422,25.508255004882812,26.454952239990234,17.915102005004883,,,,,266.6714782714844,18.11391258239746,27.613615036010742
2019-10-02,93.36640167236328,21.133493423461914,,18.303211212158203,36.81067657470703,21.238353729248047,,,30.845705032348633,25.138973236083984,26.385265350341797,17.762042999267578,,,,,261.96075439453125,18.377574920654297,27.722497940063477
2019-10-03,93.72930908203125,21.063833236694336,,18.410140991210938,36.82733154296875,21.323392868041992,,,30.922964096069336,25.37900733947754,26.463661193847656,17.8276424407959,,,,,264.1070556640625,18.421518325805664,27.729761123657227
2019-10-04,93.87776947021484,21.029001235961914,,18.47879409790039,36.910560607910156,21.504413604736328,,,30.855361938476562,25.729829788208008,26.524639129638672,17.95154571533203,,,,,267.6808776855469,18.245742797851562,27.758800506591797
2019-10-07,93.62210845947266,21.046417236328125,,18.393638610839844,36.985496520996094,21.420211791992188,,,30.865018844604492,25.619035720825195,26.489791870117188,17.92967987060547,,,,,266.5259704589844,18.149065017700195,27.758800506591797
2019-10-08,93.65505981445312,21.307647705078125,,18.38637924194336,36.893917083740234,21.39411735534668,,,30.82638931274414,25.27745246887207,26.437530517578125,17.798484802246094,,,,,262.3882141113281,18.403942108154297,27.795089721679688
2019-10-09,93.60558319091797,21.246692657470703,,18.34479522705078,36.91889190673828,21.342758178710938,,,30.865018844604492,25.388242721557617,26.489791870117188,17.885948181152344,,,,,264.8798522949219,18.25452995300293,27.758800506591797
2019-10-10,93.283935546875,21.142200469970703,,18.173166275024414,36.985496520996094,21.36465072631836,,,30.91330337524414,25.471332550048828,26.498506546020508,17.944257736206055,,,,,266.6714782714844,18.09281349182129,27.744277954101562
2019-10-11,92.97875213623047,20.732942581176758,,18.06622886657715,36.99380874633789,21.318344116210938,,,31.02919578552246,25.665203094482422,26.62045669555664,18.111894607543945,,,,,269.4360046386719,17.894189834594727,27.424875259399414
2019-10-14,93.13542938232422,20.741647720336914,,18.149404525756836,36.88559341430664,21.360441207885742,,,30.903648376464844,25.665203094482422,26.568191528320312,18.03900909423828,,,,,269.1359558105469,17.86781883239746,27.50472640991211
2019-10-15,92.83030700683594,20.576204299926758,,18.067550659179688,36.93553161621094,21.293081283569336,,,30.961593627929688,25.794452667236328,26.655302047729492,18.09002685546875,,,,,271.80047607421875,17.718412399291992,27.417619705200195
2019-10-16,92.99520874023438,20.706819534301758,,18.03388786315918,36.96051788330078,21.32676124572754,,,31.000221252441406,25.803682327270508,26.637880325317383,18.068161010742188,,,,,271.36395263671875,17.700830459594727,27.410354614257812
2019-10-17,92.97048950195312,20.671987533569336,,17.962594985961914,36.86894989013672,21.37306785583496,,,31.135427474975586,25.849842071533203,26.69014549255371,18.082738876342773,,,,,272.16424560546875,17.727195739746094,27.337766647338867
2019-10-18,93.0364761352539,20.750356674194336,,17.905166625976562,36.694129943847656,21.33518409729004,,,31.174055099487305,25.775985717773438,26.664012908935547,18.111894607543945,,,,,270.9729919433594,17.788721084594727,27.2288818359375
2019-10-21,92.78079223632812,20.593618392944336,,17.855655670166016,36.6774787902832,21.402538299560547,,,31.193370819091797,25.85906982421875,26.69014549255371,18.148332595825195,,,,,272.80987548828125,17.674467086791992,27.243398666381836
2019-10-22,92.92103576660156,20.463003158569336,,17.903844833374023,36.70246124267578,21.415163040161133,,,31.25131607055664,25.812915802001953,26.672725677490234,18.21392822265625,,,,,271.918701171875,17.656885147094727,27.243398666381836
2019-10-23,92.99520874023438,20.419464111328125,,17.92892837524414,36.76905822753906,21.465681076049805,,,31.2706298828125,25.83137321472168,26.70756721496582,18.272235870361328,,,,,272.7098388671875,17.656885147094727,27.22162628173828
2019-10-24,93.0199966430664,20.48042106628418,,17.98305892944336,36.927215576171875,21.46989631652832,,,31.376863479614258,25.9237003326416,26.733699798583984,18.315969467163086,,,,,273.1553649902344,17.621728897094727,27.315994262695312
2019-10-25,92.88801574707031,20.20177459716797,,17.96919822692871,36.735755920410156,21.41937255859375,,,31.434804916381836,25.988323211669922,26.75111961364746,18.315969467163086,,,,,274.27398681640625,17.569000244140625,27.26517677307129
2019-10-28,92.69007873535156,19.94054412841797,,17.87876319885254,36.93553161621094,21.389904022216797,,,31.415489196777344,26.09910774230957,26.777252197265625,18.315969467163086,,,,,275.8199462890625,17.50747299194336,27.199851989746094
2019-10-29,92.69832611083984,20.22789764404297,,17.87876319885254,36.927215576171875,21.192045211791992,,,31.367202758789062,26.080644607543945,26.74241065979004,18.308683395385742,,,,,275.7381286621094,17.533843994140625,27.272432327270508
2019-10-30,92.96224975585938,20.29755973815918,,17.968538284301758,36.93553161621094,21.42779541015625,,,31.46377944946289,26.191434860229492,26.75983428955078,18.272235870361328,,,,,276.5838317871094,17.586576461791992,27.192590713500977
2019-10-31,93.32514190673828,20.523958206176758,,18.078115463256836,36.78569793701172,21.480838775634766,,,31.473434448242188,26.1729679107666,26.75111961364746,18.228504180908203,,,,,275.8473205566406,17.700830459594727,27.29421043395996
2019-11-01,93.35079193115234,20.22789764404297,,18.043787002563477,36.694129943847656,21.552404403686523,,,31.589323043823242,26.413002014160156,26.864364624023438,18.447160720825195,,,,,278.40264892578125,17.604150772094727,27.301475524902344
2019-11-04,93.11933898925781,19.96666717529297,,18.023983001708984,36.88559341430664,21.423585891723633,,,31.51206398010254,26.413002014160156,26.890499114990234,18.520048141479492,,,,,279.521240234375,17.489900588989258,27.286958694458008
2019-11-05,92.77216339111328,19.79251480102539,,17.971176147460938,36.77737045288086,21.248456954956055,,,31.434804916381836,26.311445236206055,26.890499114990234,18.483606338500977,,,,,279.2120361328125,17.43716049194336,27.214365005493164
2019-11-06,92.91268920898438,19.97537612915039,,18.030588150024414,36.79402160644531,21.318344116210938,,,31.473434448242188,26.348379135131836,26.881784439086914,18.388853073120117,,,,,279.275634765625,17.489900588989258,27.185331344604492
2019-11-07,92.47454071044922,19.90571403503418,,17.90648651123047,36.735755920410156,21.183629989624023,,,31.57000732421875,26.311445236206055,26.89920425415039,18.374277114868164,,,,,280.2578430175781,17.314123153686523,27.09821891784668
2019-11-08,92.42498779296875,19.89700698852539,,17.895267486572266,36.70246124267578,21.1036434173584,,,31.63760757446289,26.348379135131836,26.881784439086914,18.29410171508789,,,,,280.9490051269531,17.322906494140625,27.02562713623047
2019-11-11,92.4415054321289,19.931833267211914,,17.8886661529541,36.65251159667969,21.061538696289062,,,31.695552825927734,26.33913803100586,26.890499114990234,18.27952766418457,,,,,280.4124755859375,17.3000545501709,27.02562713623047
2019-11-12,92.54068756103516,20.010204315185547,,17.948076248168945,36.46936798095703,21.060697555541992,,,31.73418426513672,26.403766632080078,26.846940994262695,18.235794067382812,,,,,281.0035400390625,17.27896499633789,27.03289031982422
2019-11-13,92.70600128173828,20.219188690185547,,17.975139617919922,36.602561950683594,21.208044052124023,,,31.68589973449707,26.449932098388672,26.820810317993164,18.221221923828125,,,,,281.0943908691406,17.366853713989258,27.040149688720703
2019-11-14,92.97052764892578,20.24531364440918,,18.00088119506836,36.66914367675781,21.213098526000977,,,31.68589973449707,26.542245864868164,26.812097549438477,18.228504180908203,,,,,281.5036926269531,17.428373336791992,27.09821891784668
2019-11-15,92.92095947265625,20.17565155029297,,17.994281768798828,36.68581008911133,21.38569450378418,,,31.676239013671875,26.70842170715332,26.864364624023438,18.29410171508789,,,,,283.54071044921875,17.366853713989258,27.054662704467773
2019-11-18,93.0945053100586,20.271434783935547,,18.00088119506836,36.66082763671875,21.318344116210938,,,31.68589973449707,26.745359420776367,26.890499114990234,18.301395416259766,,,,,283.7499084472656,17.388822555541992,27.083702087402344
2019-11-19,93.16063690185547,20.271434783935547,,18.03388786315918,36.70246124267578,21.405059814453125,,,31.724523544311523,26.745359420776367,26.890499114990234,18.272235870361328,,,,,283.6679992675781,17.37125015258789,27.141775131225586
2019-11-20,93.38381958007812,20.349803924560547,,18.056987762451172,36.644187927246094,21.36465072631836,,,31.71487045288086,26.745359420776367,26.838232040405273,18.26495361328125,,,,,282.6131896972656,17.489900588989258,27.1345157623291
2019-11-21,93.25161743164062,20.32368278503418,,18.023324966430664,36.627532958984375,21.285503387451172,,,31.73418426513672,26.680728912353516,26.838232040405273,18.235794067382812,,,,,282.15850830078125,17.454740524291992,27.054662704467773
2019-11-22,93.30120086669922,20.21048355102539,,18.097257614135742,36.66082763671875,21.30908203125,,,31.71487045288086,26.726890563964844,26.864364624023438,18.272235870361328,,,,,282.7859191894531,17.43364715576172,27.076438903808594
2019-11-25,93.39209747314453,19.95796012878418,,18.21541404724121,36.644187927246094,21.34781265258789,,,31.772817611694336,26.911527633666992,26.951475143432617,18.337833404541016,,,,,284.97760009765625,17.38443374633789,27.011106491088867
2019-11-26,93.52434539794922,20.027620315551758,,18.255020141601562,36.7274284362793,21.398330688476562,,,31.76315689086914,26.99461555480957,26.934051513671875,18.38156509399414,,,,,285.623291015625,17.34926986694336,27.10548210144043
2019-11-27,93.40867614746094,19.923128128051758,,18.27812385559082,36.75240707397461,21.42694854736328,,,31.74384307861328,27.0684757232666,26.96018409729004,18.345123291015625,,,,,286.89654541015625,17.322906494140625,26.99658966064453
2019-11-29,93.29290771484375,19.97537612915039,,18.209474563598633,36.594234466552734,21.381486892700195,,,31.74384307861328,26.976152420043945,26.881784439086914,18.257658004760742,,,,,285.8324279785156,17.322906494140625,27.01836395263672
2019-12-02,93.19020080566406,20.04503631591797,,17.951374053955078,36.377803802490234,21.22151756286621,,,31.695552825927734,26.69919776916504,26.829517364501953,18.162906646728516,,,,,283.4043884277344,17.331697463989258,26.97481346130371
2019-12-03,93.61271667480469,20.184358596801758,,18.045106887817383,36.31121063232422,21.2593994140625,,,31.782470703125,26.66227149963379,26.864364624023438,18.17020034790039,,,,,281.5036926269531,17.554061889648438,27.03289031982422
2019-12-04,93.45531463623047,20.088573455810547,,18.0635929107666,36.336185455322266,21.356225967407227,,,31.81144142150879,26.745359420776367,26.916627883911133,18.308683395385742,,,,,283.2405700683594,17.397611618041992,27.10548210144043
2019-12-05,93.34764099121094,20.16694450378418,,17.984378814697266,36.31953430175781,21.384016036987305,,,31.68589973449707,26.745359420776367,26.94276237487793,18.28680992126465,,,,,283.7499084472656,17.38443374633789,27.141775131225586
2019-12-06,93.21503448486328,19.94054412841797,,18.083396911621094,36.31953430175781,21.457260131835938,,,31.79212760925293,26.911527633666992,27.003738403320312,18.374277114868164,,,,,286.3416748046875,17.258750915527344,27.1345157623291
2019-12-09,93.26475524902344,19.95796012878418,,18.060291290283203,36.24460983276367,21.4816837310791,,,31.772817611694336,26.858707427978516,26.96018409729004,18.396146774291992,,,,,285.44140625,17.296545028686523,27.185331344604492
2019-12-10,93.23158264160156,19.96666717529297,,17.9777774810791,36.18634796142578,21.41263771057129,,,31.782470703125,26.877241134643555,27.003738403320312,18.40342903137207,,,,,285.1230773925781,17.309722900390625,27.250659942626953
2019-12-11,93.4801254272461,19.923128128051758,,18.03322410583496,36.336185455322266,21.479156494140625,,,31.859729766845703,26.905040740966797,27.029870986938477,18.418006896972656,,,,,285.9324951171875,17.340484619140625,27.272432327270508
2019-12-12,93.08248901367188,19.6270694732666,,18.03322410583496,36.23628616333008,21.47241973876953,,,31.821102142333984,27.062599182128906,27.134403228759766,18.46902847290039,,,,,288.39703369140625,17.15592384338379,27.27969741821289
2019-12-13,93.45531463623047,19.688020706176758,,18.207496643066406,36.6475944519043,21.55156135559082,,,31.888700485229492,27.210891723632812,27.16924476623535,18.490894317626953,17.269245147705078,,,,288.5696716308594,17.19107437133789,27.315994262695312
2019-12-16,93.26475524902344,19.6270694732666,,18.222017288208008,36.36161422729492,21.657651901245117,,,31.965961456298828,27.312835693359375,27.247642517089844,18.63666343688965,17.411699295043945,,,,290.55224609375,17.103185653686523,27.40309715270996
2019-12-17,93.27304077148438,19.583528518676758,,18.188352584838867,36.3027229309082,21.642498016357422,,,32.00458908081055,27.285032272338867,27.2563533782959,18.629377365112305,17.325027465820312,,,,290.61590576171875,17.09879493713379,27.410354614257812
2019-12-18,93.09081268310547,19.41808319091797,,18.159305572509766,36.26909255981445,21.6130313873291,,,31.898357391357422,27.238697052001953,27.230222702026367,18.658531188964844,17.248653411865234,,,,290.6341247558594,17.032878875732422,27.366809844970703
2019-12-19,93.19119262695312,19.383255004882812,,18.189010620117188,36.08404541015625,21.655122756958008,,,31.9563045501709,27.359176635742188,27.273773193359375,18.673105239868164,17.28984832763672,,,,291.82537841796875,17.08560562133789,27.315994262695312
2019-12-20,93.20777893066406,19.50516128540039,,18.310470581054688,36.06722640991211,21.701433181762695,,,31.859729766845703,27.498199462890625,27.291196823120117,18.66581916809082,17.31730842590332,,,,293.104736328125,17.059246063232422,27.308731079101562
2019-12-23,93.14141845703125,19.331008911132812,,18.297929763793945,36.109275817871094,21.66859245300293,,,31.91767120361328,27.49354362487793,27.299907684326172,18.731414794921875,17.300138473510742,,,,293.5525207519531,17.01529884338379,27.296926498413086
2019-12-24,93.257568359375,19.35713005065918,,18.31509017944336,36.11768341064453,21.68880271911621,,,31.93699073791504,27.502849578857422,27.30862045288086,18.787084579467773,17.342193603515625,,,,293.5616455078125,17.02408790588379,27.429719924926758
2019-12-26,93.3405532836914,19.3658390045166,,18.398921966552734,36.193389892578125,21.80246353149414,,,32.04322052001953,27.651718139648438,27.360885620117188,18.90584945678711,17.373157501220703,,,,295.12445068359375,17.016138076782227,27.518251419067383
2019-12-27,93.46505737304688,19.406251907348633,,18.36943817138672,36.09245300292969,21.85602378845215,,,31.994935989379883,27.614500045776367,27.38701629638672,18.920690536499023,17.3748722076416,,,,295.05120849609375,17.07353401184082,27.49612045288086
2019-12-30,93.46505737304688,19.450176239013672,,18.202585220336914,35.99151611328125,21.82626724243164,,,32.052879333496094,27.51215362548828,27.34085464477539,18.883581161499023,17.35337257385254,,,,293.4245910644531,17.09561538696289,27.437103271484375
2019-12-31,93.24930572509766,19.458961486816406,,18.214094161987305,36.05039596557617,21.79056167602539,,,32.06253433227539,27.558677673339844,27.34085464477539,18.86131477355957,17.28885841369629,,,,294.1374206542969,17.05145835876465,27.36332130432129
2020-01-02,93.50657653808594,19.432605743408203,,18.45429801940918,36.201805114746094,21.85602378845215,,,32.081851959228516,27.800575256347656,27.491764068603516,18.90584945678711,17.540023803710938,,,,296.88812255859375,17.0602970123291,27.400217056274414
2020-01-03,93.78038024902344,19.590736389160156,,18.414026260375977,36.2943229675293,21.846670150756836,,,32.1301383972168,27.76335906982422,27.38524055480957,18.913272857666016,17.61571502685547,,,,294.64007568359375,17.183914184570312,27.510873794555664
2020-01-06,93.70565032958984,19.520456314086914,,18.45070457458496,36.36161422729492,21.888328552246094,,,32.11082458496094,27.8284969329834,27.411869049072266,18.957807540893555,17.59593391418457,,,,295.76409912109375,17.139766693115234,27.481369018554688
2020-01-07,93.60610961914062,19.485315322875977,,18.42193603515625,36.31114196777344,21.83902359008789,,,32.21705627441406,27.72614288330078,27.402996063232422,18.898427963256836,17.508197784423828,,,,294.9324645996094,17.157426834106445,27.510873794555664
2020-01-08,93.49817657470703,19.467744827270508,,18.427688598632812,36.35320281982422,21.929981231689453,,,32.21705627441406,27.837799072265625,27.411869049072266,18.83161735534668,17.49529457092285,,,,296.50433349609375,17.064706802368164,27.289552688598633
2020-01-09,93.59779357910156,19.59952163696289,,18.495290756225586,36.35320281982422,21.932533264160156,,,32.18808364868164,27.9959716796875,27.465133666992188,18.772245407104492,17.503896713256836,,,,298.51483154296875,17.042627334594727,27.26003646850586
2020-01-10,93.75548553466797,19.6785888671875,,18.493852615356445,36.3027229309082,21.953786849975586,,,32.17842102050781,27.9959716796875,27.447378158569336,18.7796573638916,17.620874404907227,,,,297.6557922363281,17.09561538696289,27.296926498413086
2020-01-13,93.6973648071289,19.6785888671875,,18.55858039855957,36.32796859741211,22.06684684753418,,,32.15910720825195,28.18204689025879,27.509517669677734,18.83161735534668,17.6363582611084,,,,299.702880859375,17.05145835876465,27.19364356994629
2020-01-14,93.78038024902344,19.573165893554688,,18.565052032470703,36.35320281982422,22.06004524230957,,,32.18808364868164,28.144834518432617,27.536149978637695,18.84646987915039,17.66732406616211,,,,299.2460021972656,17.077953338623047,27.22315216064453
2020-01-15,93.92147827148438,19.704944610595703,,18.595256805419922,36.37844467163086,22.156103134155273,,,32.21705627441406,28.18204689025879,27.500638961791992,18.84646987915039,17.709470748901367,,,,299.92218017578125,17.104442596435547,27.201019287109375
2020-01-16,93.92147827148438,19.643449783325195,,18.696664810180664,36.43730926513672,22.195209503173828,,,32.2846565246582,28.414648056030273,27.553903579711914,18.868738174438477,17.675922393798828,,,,302.4171447753906,17.04969596862793,27.17888641357422
2020-01-17,93.81355285644531,19.6610164642334,,18.773616790771484,36.538238525390625,22.275970458984375,,,32.24602508544922,28.433250427246094,27.562776565551758,18.90584945678711,17.675922393798828,,,,303.3583068847656,17.007305145263672,27.171510696411133
2020-01-21,94.07913208007812,19.898216247558594,,18.7175235748291,36.454139709472656,22.19436264038086,,,32.25568771362305,28.489086151123047,27.474010467529297,18.8167724609375,17.6716251373291,,,,302.76434326171875,17.05145835876465,27.082977294921875
2020-01-22,94.12889862060547,19.91578483581543,,18.746292114257812,36.41208267211914,22.264070510864258,,,32.25568771362305,28.52630043029785,27.509517669677734,18.73512840270996,17.706029891967773,,,,302.80084228515625,17.074419021606445,26.964935302734375
2020-01-23,94.25338745117188,19.92456817626953,,18.79591178894043,36.2943229675293,22.238563537597656,,,32.19773864746094,28.51699447631836,27.500638961791992,18.660898208618164,17.731834411621094,,,,303.148193359375,17.122102737426758,26.854276657104492
2020-01-24,94.42764282226562,20.144197463989258,,18.700260162353516,36.2186164855957,22.174800872802734,,,32.313629150390625,28.377431869506836,27.43850326538086,18.57182502746582,17.760221481323242,,,,300.4522399902344,17.210407257080078,26.728853225708008
2020-01-27,94.71810150146484,20.425321578979492,,18.460771560668945,35.949466705322266,21.85771942138672,,,32.23637008666992,28.107614517211914,27.260963439941406,18.34171485900879,17.701725006103516,,,,295.63616943359375,17.38701629638672,26.55179786682129
2020-01-28,94.63511657714844,20.372610092163086,,18.54132080078125,36.00835037231445,22.009035110473633,,,32.2943115234375,28.321609497070312,27.34085464477539,18.378833770751953,17.66818618774414,,,,298.7342224121094,17.316375732421875,26.544418334960938
2020-01-29,94.85086822509766,20.355039596557617,,18.654232025146484,36.10086441040039,21.992040634155273,,,32.2846565246582,28.340213775634766,27.358610153198242,18.35655975341797,17.77914047241211,,,,298.4874572753906,17.360523223876953,26.500152587890625
2020-01-30,94.85916137695312,20.44289207458496,,18.63050079345703,36.10086441040039,22.007341384887695,,,32.26533889770508,28.479782104492188,27.323102951049805,18.334293365478516,17.744735717773438,,,,299.4560852050781,17.364938735961914,26.448509216308594
2020-01-31,95.14128875732422,20.565881729125977,,18.39676284790039,36.05881118774414,21.72850799560547,,,32.16876983642578,28.116918563842773,27.181074142456055,18.148723602294922,17.730976104736328,,,,294.01861572265625,17.545963287353516,26.315711975097656
2020-02-03,95.11054992675781,20.4955997467041,,18.487384796142578,36.17656326293945,21.754011154174805,,,32.11082458496094,28.303003311157227,27.260963439941406,18.07449722290039,17.68882942199707,,,,296.20281982421875,17.466489791870117,26.33785057067871
2020-02-04,94.79450225830078,20.188121795654297,,18.555706024169922,36.06722640991211,21.924028396606445,,,32.17842102050781,28.619342803955078,27.411869049072266,18.170991897583008,17.721511840820312,,,,300.71728515625,17.30754280090332,26.23456382751465
2020-02-05,94.65316009521484,20.003637313842773,,18.594539642333984,36.109275817871094,22.136558532714844,,,32.1301383972168,28.721683502197266,27.465133666992188,18.35655975341797,17.72667121887207,,,,304.1899719238281,17.1927490234375,26.212430953979492
2020-02-06,94.71134948730469,20.205692291259766,,18.702417373657227,36.11768341064453,22.123802185058594,,,32.1301383972168,28.926374435424805,27.456254959106445,18.349140167236328,17.770540237426758,,,,305.2135314941406,17.188335418701172,26.2419376373291
2020-02-07,94.98580169677734,20.29354476928711,,18.738380432128906,36.10086441040039,22.055795669555664,,,31.908018112182617,28.861251831054688,27.402996063232422,18.304601669311523,17.79634666442871,,,,303.5867614746094,17.272220611572266,26.323091506958008
2020-02-10,95.09390258789062,20.205692291259766,,18.915298461914062,36.210208892822266,22.162904739379883,,,31.91767120361328,29.075233459472656,27.420747756958008,18.252639770507812,17.851390838623047,,,,305.8531799316406,17.272220611572266,26.315711975097656
2020-02-11,94.97750091552734,20.08270263671875,,18.922489166259766,36.22703170776367,22.214765548706055,,,31.994935989379883,29.093847274780273,27.509517669677734,18.35655975341797,17.86602020263672,,,,306.3833312988281,17.228069305419922,26.33785057067871
2020-02-12,94.87769317626953,19.9597110748291,,18.986495971679688,36.25226974487305,22.242816925048828,,,32.04322052001953,29.17758560180664,27.545026779174805,18.445636749267578,17.883222579956055,,,,308.3572082519531,17.166255950927734,26.308334350585938
2020-02-13,94.9442367553711,20.109054565429688,,18.957006454467773,36.25226974487305,22.257265090942383,,,32.081851959228516,29.196184158325195,27.491764068603516,18.423370361328125,17.856555938720703,,,,308.0281982421875,17.1927490234375,26.2419376373291
2020-02-14,95.04401397705078,20.267187118530273,,19.026050567626953,36.260677337646484,22.32187271118164,,,31.975618362426758,29.279930114746094,27.518394470214844,18.423370361328125,17.89784049987793,,,,308.521728515625,17.201576232910156,26.23456382751465
2020-02-18,95.16877746582031,20.372610092163086,,19.112350463867188,36.403663635253906,22.28531837463379,,,31.985275268554688,29.261323928833008,27.482885360717773,18.4307918548584,17.989879608154297,,,,307.7267150878906,17.245731353759766,26.43375587463379
2020-02-19,95.14380645751953,20.267187118530273,,19.249000549316406,36.496185302734375,22.349079132080078,,,32.081851959228516,29.363666534423828,27.518394470214844,18.467905044555664,18.026865005493164,,,,309.1979675292969,17.210407257080078,26.448509216308594
2020-02-20,95.36004638671875,20.126628875732422,,19.283519744873047,36.54665756225586,22.349929809570312,,,32.139793395996094,29.335756301879883,27.474010467529297,18.467905044555664,18.062129974365234,,,,307.9275817871094,17.29252815246582,26.500152587890625
2020-02-21,95.55130004882812,20.249618530273438,,19.266979217529297,36.46254348754883,22.34822654724121,,,32.02390670776367,29.1031494140625,27.43850326538086,18.415943145751953,18.1189022064209,,,,304.7566223144531,17.41350555419922,26.559171676635742
2020-02-24,95.8590087890625,20.7679386138916,,18.94046974182129,36.370025634765625,21.91722869873047,,,31.975618362426758,28.349525451660156,27.154441833496094,18.104185104370117,17.994178771972656,,,,294.649169921875,17.731401443481445,26.596057891845703
2020-02-25,96.02530670166016,20.94363784790039,,18.598854064941406,36.033573150634766,21.462427139282227,,,31.840415954589844,27.49354362487793,27.074548721313477,17.77016258239746,17.825586318969727,,,,285.720703125,18.022802352905273,26.529661178588867
2020-02-26,95.9255142211914,21.10177230834961,,18.58806610107422,35.949466705322266,21.39356803894043,,,31.840415954589844,27.465641021728516,27.074548721313477,17.651397705078125,17.787744522094727,,,,284.6698303222656,18.005142211914062,26.492769241333008
2020-02-27,95.94212341308594,20.969995498657227,,18.104055404663086,35.71393966674805,20.8052978515625,,,31.9563045501709,26.516620635986328,26.83487319946289,17.1986083984375,17.633773803710938,,,,271.884765625,18.49964141845703,26.419002532958984
2020-02-28,96.64899444580078,20.65373420715332,,18.0076847076416,35.53731155395508,20.505216598510742,,,31.83075523376465,26.27471351623535,26.781612396240234,16.87200355529785,17.629478454589844,,,,270.74237060546875,18.949989318847656,26.3452205657959
2020-03-02,96.61483764648438,20.978778839111328,,18.37590789794922,35.63825607299805,21.056926727294922,,,31.91767120361328,27.456327438354492,26.950273513793945,17.22829818725586,17.804943084716797,,,,282.46728515625,18.428998947143555,26.212430953979492
2020-03-03,97.2731704711914,21.198406219482422,,18.503921508789062,35.51207733154297,20.86311149597168,,,31.908018112182617,27.037647247314453,26.959148406982422,17.250568389892578,18.0457820892334,,,,274.3796691894531,18.9676513671875,26.22718048095703
2020-03-04,97.19815826416016,21.435604095458984,,18.76570701599121,35.646663665771484,21.141937255859375,,,31.869386672973633,27.87501335144043,27.10118293762207,17.577167510986328,18.097394943237305,,,,285.9126892089844,18.561452865600586,26.146032333374023
2020-03-05,97.4981460571289,21.8309326171875,,18.683002471923828,35.66347885131836,21.00337791442871,,,31.28028678894043,27.12138557434082,26.941396713256836,17.265413284301758,18.200611114501953,,,,276.4084167480469,19.078033447265625,26.219804763793945
2020-03-06,98.21482849121094,22.103271484375,,18.84625244140625,35.81488800048828,21.14703941345215,,,30.98090934753418,26.91669273376465,26.870380401611328,16.901697158813477,18.26942253112793,,,,271.8390808105469,19.47981071472168,26.2419376373291
2020-03-09,98.08981323242188,22.937854766845703,,18.277379989624023,35.49525833129883,20.818052291870117,,,29.928251266479492,25.307090759277344,26.142475128173828,15.758584976196289,17.8221492767334,,,,250.60987854003906,20.645421981811523,26.3452205657959
2020-03-10,96.98149108886719,22.604021072387695,,18.459331512451172,35.41114044189453,20.614879608154297,,,30.720157623291016,26.070018768310547,26.40877914428711,15.921891212463379,17.65011978149414,,,,263.5777587890625,20.301036834716797,26.330469131469727
2020-03-11,95.59821319580078,22.902713775634766,,18.178852081298828,35.48684310913086,20.187278747558594,,,30.498037338256836,24.99074935913086,25.84954071044922,15.342907905578613,17.108226776123047,,,,250.72874450683594,20.733726501464844,26.330469131469727
2020-03-12,91.77327728271484,23.087202072143555,,17.469017028808594,35.49525833129883,19.116153717041016,,,29.14600372314453,23.036895751953125,24.917463302612305,14.15526294708252,16.093263626098633,,,,226.7397003173828,21.63442611694336,26.308334350585938
2020-03-13,93.21490478515625,22.841218948364258,,17.940078735351562,35.24292755126953,19.203720092773438,,,28.981828689575195,24.841888427734375,25.36130714416504,14.749088287353516,16.273895263671875,,,,246.12286376953125,20.716066360473633,26.359973907470703
2020-03-16,94.77320098876953,22.832433700561523,,17.893335342407227,35.63825607299805,18.79737091064453,,,27.649106979370117,21.864578247070312,24.56238555908203,13.43525218963623,15.861024856567383,,,,219.19117736816406,21.8905086517334,26.315711975097656
2020-03-17,92.32327270507812,22.95542335510254,,17.4833984375,35.74760055541992,18.825420379638672,,,29.078401565551758,23.148548126220703,24.77543067932129,13.52432918548584,15.561694145202637,,,,231.02574157714844,21.391586303710938,26.419002532958984
2020-03-18,88.80670166015625,22.920284271240234,,17.272676467895508,35.756004333496094,17.95237159729004,,,26.924802780151367,21.911104202270508,24.047529220581055,12.655858993530273,14.81164836883545,,,,219.32823181152344,21.599103927612305,26.57392692565918
2020-03-19,90.78997039794922,22.630374908447266,,17.505695343017578,35.58778381347656,17.89456558227539,,,27.784313201904297,22.03205680847168,23.68357276916504,12.767203330993652,14.648225784301758,,,,219.7942657470703,21.49313735961914,26.736230850219727
2020-03-20,91.68995666503906,22.53373908996582,,17.770353317260742,35.81488800048828,18.185300827026367,,,28.1223201751709,21.48311424255371,23.79897117614746,12.945345878601074,15.129901885986328,,,,210.3224334716797,21.89933204650879,26.869028091430664
2020-03-23,93.86487579345703,22.076915740966797,,17.97819709777832,36.17656326293945,18.28561019897461,,,27.96780014038086,21.045820236206055,23.674694061279297,12.715239524841309,15.551372528076172,,,,204.94488525390625,22.093605041503906,27.105113983154297
2020-03-24,94.63990020751953,22.006633758544922,,18.2061824798584,34.57002258300781,18.447128295898438,,,28.807994842529297,22.580711364746094,24.331584930419922,13.669258117675781,16.282495498657227,,,,223.51356506347656,21.290040969848633,27.031333923339844
2020-03-25,95.60655975341797,21.78700828552246,,18.089670181274414,35.85694122314453,18.94869041442871,,,29.512985229492188,23.10259437561035,24.828691482543945,14.07918643951416,16.53158950805664,,,,226.85958862304688,21.351852416992188,27.00182342529297
2020-03-26,95.8981704711914,22.050561904907227,,18.182449340820312,36.0419807434082,19.161211013793945,,,29.6481876373291,24.192951202392578,25.245908737182617,14.392221450805664,16.903076171875,,,,240.1058349609375,20.730731964111328,26.913293838500977
2020-03-27,96.30648803710938,22.3668212890625,,18.248655319213867,36.06722640991211,19.424976348876953,,,29.43572425842285,23.503324508666992,25.11275291442871,14.116450309753418,16.695354461669922,,,,232.9541778564453,21.24390983581543,26.905916213989258
2020-03-30,96.39820098876953,22.82364845275879,,18.35085105895996,38.481239318847656,19.41646957397461,,,29.493671417236328,24.388662338256836,25.237031936645508,14.258063316345215,16.6350154876709,,,,240.51954650878906,20.90768814086914,26.898534774780273
2020-03-31,96.13984680175781,22.568880081176758,,18.242177963256836,36.723297119140625,19.382434844970703,,,29.10737419128418,24.006568908691406,25.27253532409668,14.250609397888184,16.582441329956055,,,,236.9345245361328,21.111188888549805,26.743610382080078
2020-04-01,95.81332397460938,22.82364845275879,,18.263769149780273,36.95880126953125,19.067617416381836,,,28.991485595703125,23.093280792236328,24.944093704223633,13.766148567199707,16.397130966186523,,,,226.27127075195312,21.78363037109375,27.031333923339844
2020-04-02,95.95526885986328,22.744583129882812,,18.28607749938965,36.93357849121094,19.25565528869629,,,29.030113220214844,23.428773880004883,25.077247619628906,14.116450309753418,16.694494247436523,,,,231.4925994873047,22.11100959777832,27.023962020874023
2020-04-03,96.0220947265625,22.972993850708008,,18.173810958862305,36.815818786621094,19.305858612060547,,,28.865938186645508,23.2796630859375,24.837568283081055,13.93757438659668,16.643632888793945,,,,228.14654541015625,21.367780685424805,27.075605392456055
2020-04-06,96.48975372314453,22.76215171813965,,18.412738800048828,36.58029556274414,19.280330657958984,,,29.43572425842285,24.575048446655273,25.228151321411133,14.399677276611328,17.100452423095703,,,,243.47023010253906,20.536073684692383,26.964935302734375
2020-04-07,96.62335205078125,22.568880081176758,,18.281763076782227,37.0933837890625,19.424976348876953,,,29.406753540039062,24.61232566833496,25.32579803466797,14.57109546661377,17.031505584716797,,,,243.7184600830078,20.438753128051758,26.721477508544922
2020-04-08,96.71525573730469,22.32289695739746,,18.266647338867188,36.51301956176758,19.319469451904297,,,29.686817169189453,25.32991600036621,25.467832565307617,14.787243843078613,17.143543243408203,,,,251.89967346191406,20.382122039794922,26.647703170776367
2020-04-09,97.9178237915039,22.25261688232422,,18.343652725219727,36.76534652709961,19.386690139770508,,,29.793048858642578,25.6933650970459,25.73413848876953,15.100279808044434,17.320241928100586,,,,255.73292541503906,20.24409294128418,26.647703170776367
2020-04-13,97.45850372314453,22.40196418762207,,18.35013198852539,36.52983474731445,19.424976348876953,,,29.677160263061523,25.469703674316406,25.707504272460938,15.092827796936035,17.388334274291992,,,,253.39810180664062,20.403352737426758,26.71410369873047
2020-04-14,97.50862121582031,22.428321838378906,,18.40913963317871,36.44572067260742,19.467525482177734,,,29.686817169189453,26.187292098999023,25.796274185180664,15.182267189025879,17.471078872680664,,,,260.8715515136719,19.996347427368164,26.559171676635742
2020-04-15,97.90945434570312,22.66551399230957,,18.476072311401367,36.42048645019531,19.501558303833008,,,29.966882705688477,25.79587745666504,25.66312026977539,14.77233600616455,17.393508911132812,,,,255.32850646972656,20.421051025390625,26.854276657104492
2020-04-16,98.03473663330078,22.92906951904297,,18.535083770751953,36.44572067260742,19.73979377746582,,,30.07311248779297,25.95430564880371,25.66312026977539,14.593457221984863,17.341794967651367,,,,256.56024169921875,20.598011016845703,26.655078887939453
2020-04-17,97.9178237915039,22.76215171813965,,18.505578994750977,36.3027229309082,19.544095993041992,,,30.179344177246094,26.513465881347656,25.938304901123047,14.921404838562012,17.31593894958496,,,,263.4914855957031,20.341419219970703,26.448509216308594
2020-04-20,97.77587127685547,22.80607795715332,,18.602012634277344,36.32796859741211,19.578125,,,30.246946334838867,26.122060775756836,25.840662002563477,14.742525100708008,17.28145408630371,,,,258.8492126464844,20.27948760986328,26.625574111938477
2020-04-21,97.82595825195312,22.814861297607422,,18.67110252380371,36.538238525390625,19.419023513793945,,,30.131057739257812,25.479019165039062,25.627614974975586,14.392221450805664,17.22111701965332,,,,250.9897003173828,20.810367584228516,26.77312469482422
2020-04-22,97.82595825195312,22.832433700561523,,18.76609992980957,36.33638381958008,19.501558303833008,,,29.947566986083984,25.926349639892578,25.71638298034668,14.60836410522461,17.384889602661133,,,,256.56024169921875,20.624555587768555,26.566551208496094
2020-04-23,98.05979919433594,22.560096740722656,,18.76609992980957,36.42048645019531,19.62067222595215,,,30.034482955932617,25.926349639892578,25.796274185180664,14.667991638183594,17.471078872680664,,,,256.5419006347656,20.51837730407715,26.625574111938477
2020-04-24,98.00969696044922,22.349252700805664,,18.837345123291016,36.470970153808594,19.731281280517578,,,29.918594360351562,26.271163940429688,25.840662002563477,14.667991638183594,17.540035247802734,,,,260.1177062988281,20.509531021118164,26.588685989379883
2020-04-27,97.5586929321289,22.059345245361328,,18.815757751464844,36.69806671142578,19.53558349609375,,,29.89927864074707,26.55074119567871,25.84954071044922,14.735069274902344,17.538307189941406,,,,263.8682556152344,20.226398468017578,26.48539924621582
2020-04-28,97.94288635253906,22.14719581604004,,18.87333106994629,36.656005859375,19.671724319458008,,,30.198657989501953,26.457548141479492,25.929426193237305,14.90649700164795,17.64777374267578,,,,262.6548767089844,20.270633697509766,26.44113540649414
2020-04-29,98.00969696044922,21.523456573486328,,18.81215476989746,36.70647048950195,19.71086311340332,,,30.3338623046875,27.026031494140625,26.186857223510742,15.20462417602539,17.824466705322266,,,,269.5307922363281,19.996347427368164,26.22718048095703
2020-04-30,97.79257202148438,21.80457878112793,,18.64663314819336,36.55507278442383,19.624927520751953,,,30.314546585083008,26.830320358276367,26.053707122802734,15.055557250976562,17.514175415039062,,,,267.0212097167969,20.13791847229004,26.352603912353516
2020-05-01,97.79756164550781,22.191120147705078,,18.585464477539062,36.50460433959961,19.727025985717773,,,30.411121368408203,26.15932846069336,25.92055320739746,14.794694900512695,17.384889602661133,,,,259.9522705078125,20.26178550720215,26.492769241333008
2020-05-04,97.8812026977539,22.226261138916016,,18.585464477539062,36.58029556274414,19.722776412963867,,,30.40146255493164,26.2059268951416,25.90279769897461,14.854324340820312,17.41936492919922,,,,260.6692199707031,20.235244750976562,26.61081314086914
2020-05-05,97.8059310913086,22.463459014892578,,18.56243324279785,36.588722229003906,19.737239837646484,,,30.362834930419922,26.420272827148438,25.982690811157227,14.94376277923584,17.449525833129883,,,,263.0777282714844,20.084829330444336,26.71410369873047
2020-05-06,97.41268157958984,22.498600006103516,,18.502696990966797,36.51301956176758,19.561115264892578,,,30.469064712524414,26.308439254760742,25.929426193237305,14.757428169250488,17.24698257446289,,,,261.2944030761719,20.129070281982422,26.588685989379883
2020-05-07,97.71390533447266,22.3668212890625,,18.502696990966797,36.7317008972168,19.66151237487793,,,30.58495330810547,26.643938064575195,26.044828414916992,14.89158821105957,17.49694061279297,,,,264.4473571777344,20.18215560913086,26.3452205657959
2020-05-08,97.4544906616211,21.989065170288086,,18.502696990966797,36.68965148925781,19.6632137298584,,,30.893991470336914,26.979429244995117,26.151351928710938,15.174816131591797,17.557273864746094,,,,268.8229675292969,19.996347427368164,26.212430953979492
2020-05-11,97.16158294677734,22.155981063842773,,18.51349639892578,36.630775451660156,19.561115264892578,,,30.758787155151367,26.988750457763672,26.080333709716797,15.025744438171387,17.427980422973633,,,,268.87811279296875,19.7928466796875,26.2419376373291
2020-05-12,97.41268157958984,22.349252700805664,,18.50989532470703,36.68965148925781,19.612165451049805,,,30.449752807617188,26.56005859375,26.071460723876953,14.82451057434082,17.393508911132812,,,,263.51898193359375,19.991928100585938,26.160783767700195
2020-05-13,97.57164001464844,22.577667236328125,,18.59625816345215,36.75693893432617,19.629179000854492,,,30.189001083374023,26.00090217590332,26.018198013305664,14.623272895812988,17.367645263671875,,,,258.8583984375,20.3060302734375,26.359973907470703
2020-05-14,97.87290954589844,22.52495574951172,,18.589061737060547,36.93357849121094,19.70575714111328,,,30.28557586669922,26.317760467529297,25.991567611694336,14.735069274902344,17.483144760131836,,,,261.9562683105469,20.27948760986328,26.286203384399414
2020-05-15,97.93146514892578,22.48103141784668,,18.585464477539062,37.068153381347656,19.846145629882812,,,30.189001083374023,26.420272827148438,26.02707290649414,14.831960678100586,17.505552291870117,,,,263.1604309082031,20.173311233520508,26.256694793701172
2020-05-18,97.78922271728516,21.945138931274414,,18.265928268432617,36.874698638916016,19.778085708618164,,,30.131057739257812,27.193775177001953,26.266752243041992,15.264251708984375,17.6822452545166,,,,271.17620849609375,19.70436668395996,26.101764678955078
2020-05-19,97.89795684814453,21.98027992248535,,18.252975463867188,36.984046936035156,19.76957130432129,,,29.947566986083984,26.87691879272461,26.248998641967773,15.234439849853516,17.652080535888672,,,,268.3909606933594,19.92556381225586,25.94683265686035
2020-05-20,98.14905548095703,21.74308204650879,,18.171653747558594,37.110206604003906,19.858909606933594,,,29.86065101623535,27.41744613647461,26.40877914428711,15.405866622924805,17.824466705322266,,,,272.9504699707031,19.7928466796875,26.050121307373047
2020-05-21,98.22434997558594,21.866073608398438,,18.225627899169922,37.04291534423828,19.79850196838379,,,29.754419326782227,27.193775177001953,26.373273849487305,15.249342918395996,17.74689292907715,,,,271.06585693359375,19.881328582763672,26.197669982910156
2020-05-22,98.27457427978516,22.015419006347656,,18.29399871826172,37.05131912231445,19.8333797454834,,,29.928251266479492,27.212417602539062,26.373273849487305,15.234439849853516,17.712413787841797,,,,271.5806884765625,19.89902114868164,26.20505142211914
2020-05-26,98.11557006835938,21.69915771484375,,18.070898056030273,36.96722412109375,19.67257308959961,,,30.053800582885742,27.547908782958984,26.4620418548584,15.458036422729492,17.69172477722168,,,,274.9267272949219,19.73090934753418,25.954212188720703
2020-05-27,98.25777435302734,21.46196174621582,,18.155099868774414,36.849464416503906,19.670021057128906,,,30.38214874267578,27.911365509033203,26.506427764892578,15.554927825927734,17.769302368164062,,,,279.0173645019531,19.651277542114258,26.027986526489258
2020-05-28,98.19087982177734,21.69915771484375,,18.038511276245117,36.9251594543457,19.674278259277344,,,30.189001083374023,27.892724990844727,26.52417755126953,15.562382698059082,17.78998565673828,,,,278.50262451171875,19.633581161499023,25.873062133789062
2020-05-29,98.4503173828125,22.076915740966797,,18.070898056030273,37.1775016784668,19.824874877929688,,,30.121400833129883,28.18162727355957,26.568565368652344,15.629459381103516,17.8804874420166,,,,279.74359130859375,19.775156021118164,25.8878173828125
2020-06-01,98.39497375488281,21.70794105529785,,17.998931884765625,37.1690788269043,19.819772720336914,,,30.411121368408203,28.18162727355957,26.710594177246094,15.80833911895752,17.979612350463867,,,,280.87420654296875,19.686674118041992,25.747642517089844
2020-06-02,98.47879791259766,21.356538772583008,,17.869388580322266,37.244789123535156,19.671724319458008,,,30.07311248779297,28.274816513061523,26.82599449157715,15.994668960571289,18.057188034057617,,,,283.1998596191406,19.660127639770508,25.791908264160156
2020-06-03,98.23567962646484,20.44289207458496,,17.652048110961914,37.160675048828125,19.66661834716797,,,30.208316802978516,28.535757064819336,26.97690200805664,16.188451766967773,18.031326293945312,,,,286.96875,19.46547508239746,25.59271240234375
2020-06-04,97.94226837158203,19.73129653930664,,17.581523895263672,37.110206604003906,19.635990142822266,,,30.34351921081543,28.3214111328125,26.932519912719727,16.180999755859375,17.910654067993164,,,,286.2149658203125,19.46547508239746,25.563207626342773
2020-06-05,98.00093078613281,18.931856155395508,,17.581523895263672,37.244789123535156,19.538135528564453,,,30.710500717163086,29.001728057861328,27.056795120239258,16.508947372436523,18.031326293945312,,,,293.5505676269531,19.25311851501465,25.423025131225586
2020-06-08,98.10992431640625,18.114843368530273,,17.68227767944336,37.1775016784668,19.68873405456543,,,30.80707550048828,29.35586166381836,27.10118293762207,16.7250919342041,18.19508934020996,,,,297.098876953125,19.169069290161133,25.400901794433594
2020-06-09,98.23567962646484,18.940641403198242,,17.66788101196289,37.328895568847656,19.78914451599121,,,30.57529640197754,29.225391387939453,27.04791831970215,16.590930938720703,18.19940185546875,,,,294.8834533691406,19.368146896362305,25.459918975830078
2020-06-10,98.63809204101562,19.906999588012695,,17.7110652923584,37.4466552734375,19.94484519958496,,,30.053800582885742,29.16015625,27.10118293762207,16.523853302001953,18.32437515258789,,,,293.238037109375,19.456623077392578,25.577957153320312
2020-06-11,98.47039031982422,21.224761962890625,,17.660686492919922,36.94198989868164,19.878477096557617,,,29.715789794921875,27.771574020385742,26.719472885131836,15.785977363586426,17.94513511657715,,,,276.3332214355469,19.95210838317871,25.73288917541504
2020-06-12,98.571044921875,20.486814498901367,,17.68227767944336,37.05131912231445,19.765316009521484,,,29.87030792236328,28.060470581054688,26.82599449157715,15.942499160766602,18.03995132446289,,,,279.64239501953125,19.83708953857422,25.62960433959961
2020-06-15,98.89798736572266,20.302330017089844,,17.68227767944336,37.143856048583984,19.744047164916992,,,29.976539611816406,28.228219985961914,26.88813591003418,16.017030715942383,18.028738021850586,,,,282.2530212402344,19.70436668395996,25.718137741088867
2020-06-16,98.70513916015625,20.08270263671875,,17.646291732788086,37.295257568359375,19.773826599121094,,,29.986194610595703,28.69419288635254,26.941396713256836,16.136281967163086,18.065797805786133,,,,287.685791015625,19.607040405273438,25.755022048950195
2020-06-17,98.6213150024414,20.55709457397461,,17.575044631958008,37.1690788269043,19.826581954956055,,,30.06345558166504,28.63827133178711,26.97690200805664,16.076658248901367,18.04856300354004,,,,286.4907531738281,19.598196029663086,25.769775390625
2020-06-18,98.72190856933594,20.565881729125977,,17.516752243041992,37.23637008666992,19.78403663635254,,,30.024826049804688,28.573036193847656,26.968027114868164,16.06174659729004,18.095970153808594,,,,286.60107421875,19.63800811767578,25.843551635742188
2020-06-19,98.7553939819336,20.759153366088867,,17.612468719482422,37.295257568359375,19.926977157592773,,,30.034482955932617,28.42392349243164,26.950273513793945,16.00957489013672,18.126995086669922,,,,284.96319580078125,19.686674118041992,25.873062133789062
2020-06-22,98.73028564453125,20.838218688964844,,17.66788101196289,37.4466552734375,19.901453018188477,,,30.131057739257812,28.582353591918945,27.00353240966797,16.106468200683594,18.218364715576172,,,,286.791259765625,19.64242935180664,25.784528732299805
2020-06-23,98.7135238647461,20.62737464904785,,17.62470245361328,37.48870086669922,20.000154495239258,,,30.32420539855957,28.82058334350586,27.04791831970215,16.164306640625,18.286449432373047,,,,288.111572265625,19.607040405273438,25.784528732299805
2020-06-24,98.6967544555664,21.356538772583008,,17.56209373474121,37.286842346191406,19.900602340698242,,,30.150371551513672,28.213342666625977,26.932519912719727,15.81878662109375,18.13117027282715,,,,280.76220703125,19.81939125061035,25.843551635742188
2020-06-25,98.81415557861328,21.40046501159668,,17.613908767700195,37.581241607666016,19.93123435974121,,,30.237289428710938,28.512292861938477,26.950273513793945,15.871367454528809,18.220027923583984,,,,283.7721252441406,19.725543975830078,25.836177825927734
2020-06-26,98.93148040771484,21.795791625976562,,17.639097213745117,37.421424865722656,19.81521224975586,,,30.198657989501953,27.895706176757812,26.81711769104004,15.7061185836792,18.20708465576172,,,,277.03216552734375,19.884902954101562,25.976348876953125
2020-06-29,99.01534271240234,21.259902954101562,,17.654207229614258,37.286842346191406,20.044700622558594,,,30.34351921081543,28.13860511779785,26.870380401611328,15.856346130371094,18.230377197265625,,,,281.1038513183594,19.86100196838379,25.89519500732422
2020-06-30,99.09915924072266,21.38289451599121,,17.73265266418457,37.19432830810547,20.115507125854492,,,30.449752807617188,28.55900001525879,26.914764404296875,15.969012260437012,18.271785736083984,,,,284.70465087890625,19.698984146118164,25.82141876220703
2020-07-01,99.15206909179688,21.453174591064453,,17.618227005004883,37.0933837890625,19.9764461517334,,,30.32420539855957,28.77387237548828,26.82599449157715,16.021591186523438,18.263158798217773,,,,286.6989440917969,19.606021881103516,25.607467651367188
2020-07-02,99.26966094970703,21.5498104095459,,17.6283016204834,37.27843475341797,19.945737838745117,,,30.304889678955078,28.82058334350586,27.021286010742188,16.08167839050293,18.383939743041992,,,,288.2778015136719,19.575037002563477,25.73288917541504
2020-07-06,99.26126098632812,21.42681884765625,,17.746328353881836,37.42982864379883,20.013986587524414,,,30.440095901489258,29.306377410888672,27.225454330444336,16.18683624267578,18.556474685668945,,,,292.72802734375,19.50420570373535,25.70337677001953
2020-07-07,99.41246795654297,21.857288360595703,,17.806779861450195,37.36254119873047,20.005455017089844,,,30.449752807617188,29.13821792602539,27.11893081665039,16.03661346435547,18.574594497680664,,,,289.7088928222656,19.601593017578125,25.740264892578125
2020-07-08,99.37886810302734,21.883644104003906,,17.837005615234375,37.33731460571289,20.380821228027344,,,30.469064712524414,29.231637954711914,27.181074142456055,16.141773223876953,18.59529685974121,,,,291.9246826171875,19.575037002563477,25.71075439453125
2020-07-09,99.63921356201172,22.437105178833008,,17.901775360107422,37.27843475341797,20.371440887451172,,,30.53666877746582,29.24098014831543,27.181074142456055,15.93896484375,18.694507598876953,,,,290.2628173828125,19.637006759643555,25.651735305786133
2020-07-10,99.52164459228516,22.094484329223633,,17.869388580322266,37.39619445800781,20.199960708618164,,,30.681529998779297,29.539932250976562,27.172197341918945,16.03661346435547,18.67552947998047,,,,293.2265625,19.539623260498047,25.70337677001953
2020-07-13,99.51325988769531,21.90999984741211,,17.804616928100586,37.118629455566406,20.205934524536133,,,30.53666877746582,29.278348922729492,27.172197341918945,15.984036445617676,18.685880661010742,,,,290.6875,19.654714584350586,25.858306884765625
2020-07-14,99.67280578613281,21.95392417907715,,17.837005615234375,37.36254119873047,20.378263473510742,,,30.700843811035156,29.549272537231445,27.207700729370117,16.20186424255371,18.798036575317383,,,,294.45452880859375,19.583885192871094,25.94683265686035
2020-07-15,99.68120574951172,21.207191467285156,,17.912569046020508,37.513946533203125,20.311721801757812,,,30.845705032348633,29.84821891784668,27.287595748901367,16.367107391357422,18.88515853881836,,,,297.15985107421875,19.521913528442383,25.81403923034668
2020-07-16,99.74842071533203,21.391679763793945,,17.844202041625977,37.33731460571289,20.42347526550293,,,30.922964096069336,29.661375045776367,27.234333038330078,16.284486770629883,18.822185516357422,,,,296.1811218261719,19.5307674407959,25.77714729309082
2020-07-17,99.84918212890625,21.42681884765625,,17.851398468017578,37.328895568847656,20.483198165893555,,,31.06782341003418,29.838878631591797,27.278715133666992,16.367107391357422,18.888612747192383,,,,297.03973388671875,19.50420570373535,25.81403923034668
2020-07-20,99.95838928222656,21.795791625976562,,17.89601707458496,37.32048416137695,20.508790969848633,,,31.135427474975586,30.128482818603516,27.37636375427246,16.2769775390625,18.987817764282227,,,,299.4403381347656,19.468791961669922,25.843551635742188
2020-07-21,100.01718139648438,21.63766098022461,,18.029878616333008,37.623294830322266,20.62822723388672,,,31.0967960357666,30.03506851196289,27.43850326538086,16.502315521240234,19.108598709106445,,,,300.0774841308594,19.50420570373535,26.035364151000977
2020-07-22,100.10116577148438,21.558597564697266,,18.08888816833496,37.64012145996094,20.790315628051758,,,31.06782341003418,30.315332412719727,27.43850326538086,16.539873123168945,19.177614212036133,,,,301.7855224609375,19.468791961669922,26.1238956451416
2020-07-23,100.2187271118164,21.5498104095459,,18.15294075012207,37.48870086669922,20.786048889160156,,,31.12576675415039,29.838878631591797,27.331981658935547,16.479782104492188,19.238000869750977,,,,298.1846618652344,19.548473358154297,26.057498931884766
2020-07-24,100.18514251708984,21.655231475830078,,18.160858154296875,37.37936782836914,20.753631591796875,,,31.000221252441406,29.661375045776367,27.36748695373535,16.509824752807617,19.246625900268555,,,,296.2642517089844,19.557327270507812,26.146032333374023
2020-07-27,100.11795806884766,21.690372467041016,,18.254413604736328,37.631717681884766,20.9583797454834,,,31.06782341003418,29.979007720947266,27.474010467529297,16.61498260498047,19.367401123046875,,,,298.4247131347656,19.459936141967773,26.264068603515625
2020-07-28,100.18514251708984,21.620092391967773,,18.297595977783203,37.328895568847656,20.850038528442383,,,31.000221252441406,29.82953643798828,27.402996063232422,16.599964141845703,19.41053581237793,,,,296.53192138671875,19.495351791381836,26.367361068725586
2020-07-29,100.30272674560547,21.497100830078125,,18.348690032958984,37.61488342285156,20.901214599609375,,,31.08713722229004,30.128482818603516,27.500638961791992,16.7576961517334,19.51406478881836,,,,300.1789245605469,19.49977684020996,26.256694793701172
2020-07-30,100.37836456298828,21.541027069091797,,18.35588836669922,37.539180755615234,20.937055587768555,,,30.971248626708984,30.128482818603516,27.447378158569336,16.584938049316406,19.488178253173828,,,,299.10784912109375,19.592741012573242,26.1238956451416
2020-07-31,100.42034912109375,21.90999984741211,,18.36452293395996,37.58964157104492,20.907194137573242,,,30.922964096069336,30.29663848876953,27.39411735534668,16.517337799072266,19.42778968811035,,,,301.4715576171875,19.557327270507812,26.175537109375
2020-08-03,100.45989227294922,21.901214599609375,,18.46743392944336,37.66533660888672,21.137535095214844,,,31.135427474975586,30.3994083404541,27.509517669677734,16.652542114257812,19.488178253173828,,,,303.5673522949219,19.5307674407959,26.101764678955078
2020-08-04,100.65339660644531,21.78700828552246,,18.653112411499023,37.83357620239258,21.14436149597168,,,31.000221252441406,30.62362289428711,27.527271270751953,16.795251846313477,19.7038516998291,,,,304.739990234375,19.517492294311523,26.219804763793945
2020-08-05,100.45989227294922,21.38289451599121,,18.679018020629883,37.91769027709961,21.373844146728516,,,31.077482223510742,30.735721588134766,27.62491798400879,16.93796730041504,19.841886520385742,,,,306.6326904296875,19.433378219604492,26.2419376373291
2020-08-06,100.6029052734375,21.347753524780273,,18.679018020629883,38.178428649902344,21.509489059448242,,,30.961593627929688,31.03467559814453,27.6337947845459,16.945480346679688,19.91090202331543,,,,308.68243408203125,19.468791961669922,26.146032333374023
2020-08-07,100.48512268066406,21.022706985473633,,18.481111526489258,37.85879898071289,21.17848014831543,,,31.077482223510742,30.866512298583984,27.518394470214844,16.847835540771484,19.695226669311523,,,,308.9040222167969,19.415672302246094,26.09438705444336
2020-08-10,100.39259338378906,20.390180587768555,,18.4487247467041,38.153202056884766,21.169950485229492,,,30.99056625366211,31.044015884399414,27.536149978637695,16.968017578125,19.755617141723633,,,,309.82733154296875,19.318283081054688,26.005855560302734
2020-08-11,100.11493682861328,20.117841720581055,,18.11119842529297,37.85879898071289,20.63249397277832,,,30.845705032348633,30.642305374145508,27.482885360717773,16.8553466796875,19.41053581237793,,,,307.2697448730469,19.327138900756836,25.858306884765625
2020-08-12,99.91297149658203,20.38139533996582,,18.07521629333496,37.825157165527344,20.801408767700195,,,30.81673240661621,30.903879165649414,27.58940887451172,16.97553062438965,19.46230125427246,,,,311.5538330078125,19.20318603515625,25.89519500732422
2020-08-13,99.54280853271484,20.55709457397461,,18.047147750854492,37.682167053222656,20.84918212890625,,,30.942277908325195,31.025333404541016,27.58940887451172,16.93796730041504,19.453676223754883,,,,310.9906311035156,19.150062561035156,25.73288917541504
2020-08-14,99.45022583007812,20.4692440032959,,18.034914016723633,37.64012145996094,20.79714012145996,,,30.951934814453125,31.015989303588867,27.545026779174805,16.93796730041504,19.367401123046875,,,,310.99993896484375,19.194334030151367,25.88043785095215
2020-08-17,99.58486938476562,20.62737464904785,,18.171653747558594,37.72422409057617,21.046245574951172,,,31.183713912963867,31.015989303588867,27.651548385620117,17.050640106201172,19.55719757080078,,,,311.98779296875,19.19876480102539,25.983726501464844
2020-08-18,99.72789001464844,21.075414657592773,,18.285358428955078,37.934505462646484,21.099998474121094,,,31.06782341003418,31.268234252929688,27.695932388305664,17.07317352294922,19.652090072631836,,,,312.6617736816406,19.212039947509766,26.197669982910156
2020-08-19,99.57644653320312,20.978778839111328,,18.06369972229004,37.65693664550781,20.894393920898438,,,31.193370819091797,31.081382751464844,27.59828758239746,16.907928466796875,19.436420440673828,,,,311.3600158691406,19.212039947509766,25.99110221862793
2020-08-20,99.75313568115234,21.08420181274414,,18.129915237426758,37.64852523803711,21.034311294555664,,,31.15473747253418,31.230863571166992,27.642669677734375,16.892898559570312,19.47092628479004,,,,312.3293762207031,19.265159606933594,26.050121307373047
2020-08-21,99.85408020019531,21.295042037963867,,18.1248722076416,37.539180755615234,20.909757614135742,,,31.212684631347656,31.38033676147461,27.58940887451172,16.802766799926758,19.479555130004883,,,,313.4373474121094,19.265159606933594,26.013233184814453
2020-08-24,99.81204986572266,20.882144927978516,,18.145023345947266,37.64852523803711,20.819320678710938,,,31.116111755371094,31.539155960083008,27.6337947845459,16.952991485595703,19.505430221557617,,,,316.6134338378906,19.20318603515625,25.836177825927734
2020-08-25,99.6016845703125,20.855789184570312,,18.13566780090332,37.66533660888672,20.909757614135742,,,31.077482223510742,31.688617706298828,27.651548385620117,16.952991485595703,19.539945602416992,,,,317.72137451171875,19.10580062866211,25.90995216369629
2020-08-26,99.58486938476562,21.01392364501953,,18.200439453125,38.001792907714844,21.077817916870117,,,31.20302963256836,31.987573623657227,27.749195098876953,16.92294692993164,19.60464096069336,,,,320.90679931640625,19.10580062866211,25.93208122253418
2020-08-27,99.2398910522461,20.899715423583984,,18.08241081237793,37.65693664550781,20.897808074951172,,,31.174055099487305,31.968891143798828,27.704809188842773,16.88538932800293,19.39328384399414,,,,321.60845947265625,19.01726531982422,25.873062133789062
2020-08-28,99.37454223632812,20.425321578979492,,18.20475959777832,37.9849739074707,20.98653221130371,,,31.31891632080078,32.16507339477539,27.72256088256836,17.05815315246582,19.51406478881836,,,,323.6857604980469,19.034975051879883,26.050121307373047
2020-08-31,99.59326934814453,20.750370025634766,,18.247217178344727,37.77469253540039,21.024917602539062,,,31.212684631347656,32.1931037902832,27.740318298339844,16.990550994873047,19.539945602416992,,,,322.51324462890625,19.05267906188965,26.050121307373047
2020-09-01,99.79971313476562,20.93485450744629,,18.30838966369629,37.92610168457031,21.003591537475586,,,31.376863479614258,32.51073455810547,27.793575286865234,17.013080596923828,19.721111297607422,,,,325.55096435546875,19.158924102783203,26.042741775512695
2020-09-02,100.00200653076172,20.706443786621094,,18.40554428100586,37.79151153564453,21.23393440246582,,,31.367202758789062,32.94047164916992,27.829086303710938,17.05815315246582,19.764245986938477,,,,330.2596130371094,19.10580062866211,25.954212188720703
2020-09-03,100.02729797363281,20.53074073791504,,18.276004791259766,37.42982864379883,20.966909408569336,,,31.02919578552246,31.922170639038086,27.687053680419922,16.892898559570312,19.583078384399414,,,,318.89404296875,19.422758102416992,25.88043785095215
2020-09-04,99.53006744384766,20.249618530273438,,18.12271499633789,37.328895568847656,20.884159088134766,,,30.98090934753418,31.567184448242188,27.642669677734375,16.8403263092041,19.496810913085938,,,,316.290283203125,19.406816482543945,25.81403923034668
2020-09-08,99.6396484375,20.205692291259766,,18.05650520324707,37.12703323364258,20.79714012145996,,,30.951934814453125,30.60493278503418,27.420747756958008,16.630006790161133,19.30701446533203,,,,307.6483459472656,19.256309509277344,25.607467651367188
2020-09-09,99.6312026977539,20.53074073791504,,18.114076614379883,37.19432830810547,20.942169189453125,,,31.03885269165039,31.352312088012695,27.571653366088867,16.795251846313477,19.453676223754883,,,,313.7234802246094,19.119081497192383,25.718137741088867
2020-09-10,99.6396484375,20.390180587768555,,18.08241081237793,36.95880126953125,20.801408767700195,,,31.20302963256836,30.857173919677734,27.465133666992188,16.622495651245117,19.341524124145508,,,,308.2761535644531,19.212039947509766,25.585336685180664
2020-09-11,99.75760650634766,20.416534423828125,,18.08888816833496,37.05131912231445,20.700740814208984,,,31.135427474975586,30.913225173950195,27.456254959106445,16.667564392089844,19.358774185180664,,,,308.4331359863281,19.291723251342773,25.718137741088867
2020-09-14,99.76602935791016,20.109054565429688,,18.222749710083008,37.19432830810547,20.931076049804688,,,31.23200035095215,31.1561222076416,27.6337947845459,16.78774070739746,19.49939727783203,,,,312.4956970214844,19.194334030151367,25.755022048950195
2020-09-15,99.77445983886719,19.99485206604004,,18.171653747558594,37.1690788269043,21.011274337768555,,,31.386518478393555,31.352312088012695,27.695932388305664,16.825300216674805,19.591699600219727,,,,314.074462890625,19.150062561035156,25.865680694580078
2020-09-16,99.72391510009766,19.819149017333984,,18.002527236938477,37.36254119873047,21.082082748413086,,,31.425148010253906,31.268234252929688,27.687053680419922,16.96050453186035,19.55719757080078,,,,312.8280334472656,19.14121437072754,25.917325973510742
2020-09-17,99.74919128417969,19.898216247558594,,17.9456787109375,37.522361755371094,20.98482322692871,,,31.241655349731445,31.015989303588867,27.642669677734375,17.028104782104492,19.522689819335938,,,,310.0766296386719,19.234176635742188,25.82141876220703
2020-09-18,99.6312026977539,20.19690704345703,,17.916887283325195,37.36254119873047,20.86368751525879,,,31.473434448242188,30.707691192626953,27.59828758239746,16.892898559570312,19.41053581237793,,,,306.5067443847656,19.22974967956543,26.035364151000977
2020-09-21,99.64803314208984,20.65373420715332,,17.753522872924805,37.10179901123047,20.650407791137695,,,31.541034698486328,30.46480369567871,27.474010467529297,16.45724868774414,19.194866180419922,,,,303.0954895019531,19.274015426635742,25.81403923034668
2020-09-22,99.72391510009766,20.794294357299805,,17.726896286010742,37.05973815917969,20.64954948425293,,,31.76315689086914,30.713010787963867,27.447378158569336,16.476055145263672,19.177614212036133,,,,306.1823425292969,19.22974967956543,25.843551635742188
2020-09-23,99.51323699951172,20.847002029418945,,17.567846298217773,36.5634880065918,20.276744842529297,,,31.71487045288086,30.02925682067871,27.296470642089844,16.19769287109375,19.011619567871094,,,,299.0816650390625,19.39796257019043,25.673864364624023
2020-09-24,99.52164459228516,21.057846069335938,,17.51459312438965,36.588722229003906,20.329635620117188,,,31.618297576904297,30.188486099243164,27.323102951049805,16.265403747558594,19.029775619506836,,,,299.87884521484375,19.369626998901367,25.755022048950195
2020-09-25,99.55533599853516,20.899715423583984,,17.50164222717285,36.588722229003906,20.422807693481445,,,31.869386672973633,30.51632308959961,27.323102951049805,16.28797149658203,19.063491821289062,,,,304.7269287109375,19.334196090698242,25.740264892578125
2020-09-28,99.6396484375,20.609806060791016,,17.747047424316406,36.60554122924805,20.60487174987793,,,32.09150695800781,30.919082641601562,27.38524055480957,16.4534854888916,19.227754592895508,,,,309.7882995605469,19.2899112701416,25.73288917541504
2020-09-29,99.65645599365234,20.820648193359375,,17.7729549407959,36.656005859375,20.5911922454834,,,32.3812255859375,30.96591567993164,27.39411735534668,16.370729446411133,19.227754592895508,,,,308.10113525390625,19.254487991333008,25.70337677001953
2020-09-30,99.49636840820312,20.72401237487793,,17.698829650878906,36.639183044433594,20.501445770263672,,,32.487457275390625,31.17197608947754,27.509517669677734,16.42339324951172,19.196632385253906,,,,310.437255859375,19.130496978759766,25.828794479370117
2020-10-01,99.63312530517578,20.63616180419922,,17.802461624145508,36.66441345214844,20.60572624206543,,,32.70957946777344,31.246917724609375,27.58940887451172,16.363208770751953,19.253690719604492,,,,312.4302062988281,19.20577621459961,25.688623428344727
2020-10-02,99.53178405761719,20.29354476928711,,17.804616928100586,36.62235641479492,20.524520874023438,,,32.53574752807617,31.022113800048828,27.456254959106445,16.400821685791016,19.1983585357666,,,,309.4638366699219,19.183629989624023,25.636980056762695
2020-10-05,99.21101379394531,20.23204803466797,,17.736970901489258,36.66441345214844,20.67752456665039,,,32.661293029785156,31.293737411499023,27.58053207397461,16.62652015686035,19.167238235473633,,,,314.9515380859375,18.94450569152832,25.828794479370117
2020-10-06,99.2954330444336,20.267187118530273,,17.649892807006836,36.88310623168945,20.475801467895508,,,32.50677490234375,31.040849685668945,27.545026779174805,16.521194458007812,19.115360260009766,,,,310.4742431640625,19.103923797607422,25.858306884765625
2020-10-07,99.22794342041016,20.056346893310547,,17.652769088745117,36.7401123046875,20.586917877197266,,,32.65163803100586,31.471708297729492,27.651548385620117,16.634044647216797,19.141298294067383,,,,315.8784484863281,18.962217330932617,25.99847984313965
2020-10-08,99.35453796386719,19.91578483581543,,17.653491973876953,36.8326416015625,20.72880744934082,,,32.62266540527344,31.602842330932617,27.651548385620117,16.784509658813477,19.288272857666016,,,,318.6780700683594,18.904645919799805,26.087011337280273
2020-10-09,99.37983703613281,19.942140579223633,,17.820449829101562,36.88310623168945,20.9578857421875,,,32.77717971801758,31.986873626708984,27.71368408203125,16.8597469329834,19.40931510925293,,,,321.52386474609375,18.82936668395996,26.11651611328125
2020-10-12,99.57402801513672,20.126628875732422,,17.94135856628418,36.82422637939453,20.933095932006836,,,32.806156158447266,32.455204010009766,27.793575286865234,16.86726951599121,19.478477478027344,,,,326.6965026855469,18.731943130493164,25.976348876953125
2020-10-13,99.59934997558594,20.416534423828125,,17.85787582397461,36.7401123046875,20.921981811523438,,,32.786842346191406,32.380271911621094,27.793575286865234,16.746896743774414,19.452539443969727,,,,324.5643615722656,18.882505416870117,25.94683265686035
2020-10-14,99.65843200683594,20.398963928222656,,17.757123947143555,36.916751861572266,20.792062759399414,,,32.970333099365234,32.146095275878906,27.72256088256836,16.77698516845703,19.452539443969727,,,,322.5250549316406,18.971073150634766,26.101764678955078
2020-10-15,99.57402801513672,20.434104919433594,,17.654207229614258,36.807411193847656,20.88523292541504,,,33.05724334716797,32.10863494873047,27.651548385620117,16.746896743774414,19.39202117919922,,,,322.1264343261719,18.882505416870117,26.079633712768555
2020-10-16,99.52336120605469,20.29354476928711,,17.76863670349121,36.78218078613281,20.89805030822754,,,33.00896072387695,32.089908599853516,27.72256088256836,16.70175552368164,19.357440948486328,,,,321.9317932128906,18.882505416870117,26.042741775512695
2020-10-19,99.40518188476562,20.434104919433594,,17.631181716918945,36.82422637939453,20.748472213745117,,,32.92204284667969,31.649681091308594,27.660423278808594,16.618999481201172,19.288272857666016,,,,317.0373840332031,18.926790237426758,26.13127326965332
2020-10-20,99.32075500488281,20.205692291259766,,17.707462310791016,36.916751861572266,20.75359535217285,,,32.99930191040039,31.70587158203125,27.704809188842773,16.739368438720703,19.27098274230957,,,,318.3072814941406,18.917932510375977,26.219804763793945
2020-10-21,99.20257568359375,20.205692291259766,,17.879465103149414,36.89152526855469,20.727954864501953,,,33.03792953491211,31.6215763092041,27.687053680419922,16.656612396240234,19.23640251159668,,,,317.7048034667969,18.838224411010742,26.278823852539062
2020-10-22,99.0252914428711,19.898216247558594,,17.876588821411133,36.95038986206055,20.71513557434082,,,33.00896072387695,31.668411254882812,27.678176879882812,16.754417419433594,19.12401008605957,,,,319.44744873046875,18.713340759277344,26.308334350585938
2020-10-23,99.1688003540039,19.78400993347168,,17.943517684936523,37.01768112182617,20.767276763916016,,,32.931697845458984,31.818273544311523,27.71368408203125,16.746896743774414,19.219112396240234,,,,320.531982421875,18.731943130493164,26.3452205657959
2020-10-26,99.30386352539062,20.073917388916016,,17.804616928100586,36.85786437988281,20.585208892822266,,,32.748207092285156,31.340574264526367,27.59828758239746,16.52872085571289,19.175884246826172,,,,314.6086120605469,18.953357696533203,26.219804763793945
2020-10-27,99.53178405761719,20.372610092163086,,17.79598617553711,36.7317008972168,20.5655460357666,,,32.931697845458984,31.312482833862305,27.6337947845459,16.445966720581055,19.15859031677246,,,,313.52398681640625,18.926790237426758,26.23456382751465
2020-10-28,99.3883056640625,20.61859130859375,,17.74056625366211,36.46254348754883,20.2065486907959,,,33.08621597290039,30.35708999633789,27.43850326538086,16.0848445892334,18.855995178222656,,,,302.8082275390625,19.21906280517578,25.89519500732422
2020-10-29,99.21101379394531,20.346256256103516,,17.767196655273438,36.31114196777344,20.303136825561523,,,32.931697845458984,30.506948471069336,27.474010467529297,16.152549743652344,18.873292922973633,,,,305.8857116699219,18.979930877685547,25.718137741088867
2020-10-30,98.94087219238281,20.08270263671875,,17.6973876953125,36.016754150390625,20.174070358276367,,,33.03792953491211,30.169754028320312,27.38524055480957,16.09236717224121,18.75225067138672,,,,302.6968688964844,19.037500381469727,25.681243896484375
2020-11-02,99.12013244628906,19.863073348999023,,17.700267791748047,36.3868522644043,20.38177490234375,,,32.97998809814453,30.34771728515625,27.447378158569336,16.310544967651367,18.968387603759766,,,,306.089599609375,18.891361236572266,25.77714729309082
2020-11-03,99.07785034179688,19.546812057495117,,17.7391300201416,36.47936248779297,20.377500534057617,,,32.91238784790039,30.937816619873047,27.536149978637695,16.536237716674805,19.063491821289062,,,,311.493896484375,18.776222229003906,25.902570724487305
2020-11-04,99.7374038696289,19.968496322631836,,17.68947410583496,36.571895599365234,20.70231056213379,,,33.04759216308594,31.76207160949707,27.784700393676758,16.536237716674805,19.305566787719727,,,,318.45556640625,18.820505142211914,25.94683265686035
2020-11-05,99.83039855957031,19.450176239013672,,17.9658260345459,36.52142333984375,21.091230392456055,,,33.076560974121094,32.342796325683594,27.97111701965332,16.784509658813477,19.61680793762207,,,,324.6663818359375,18.731943130493164,26.079633712768555
2020-11-06,99.6105728149414,19.6785888671875,,18.113359451293945,36.798988342285156,21.13311004638672,,,33.2310791015625,32.211669921875,27.9533634185791,16.754417419433594,19.513059616088867,,,,324.59222412109375,18.607948303222656,26.16816520690918
2020-11-09,99.14549255371094,17.930356979370117,,17.812536239624023,36.849464416503906,21.039093017578125,,,32.564720153808594,32.38963317871094,27.988868713378906,17.138105392456055,19.348793029785156,,,,328.6708679199219,18.483951568603516,26.042741775512695
2020-11-10,98.98484802246094,17.719514846801758,,17.747764587402344,36.78218078613281,20.93822479248047,,,32.53574752807617,32.08053207397461,27.908977508544922,17.363805770874023,19.426603317260742,,,,328.1889343261719,18.351102828979492,26.175537109375
2020-11-11,99.0440444946289,18.246620178222656,,17.736970901489258,36.723297119140625,21.022850036621094,,,32.51642990112305,32.417728424072266,27.979991912841797,17.3713321685791,19.41796112060547,,,,330.6268615722656,18.297962188720703,26.11651611328125
2020-11-12,99.45836639404297,18.5980224609375,,17.743446350097656,36.60554122924805,20.93907928466797,,,32.45848846435547,32.36153793334961,27.979991912841797,17.18324851989746,19.521705627441406,,,,327.41943359375,18.51052474975586,25.99847984313965
2020-11-13,99.47528076171875,18.220264434814453,,17.93199920654297,36.60554122924805,21.119436264038086,,,32.54540252685547,32.68936538696289,28.059885025024414,17.363805770874023,19.64274787902832,,,,331.9524841308594,18.421951293945312,26.146032333374023
2020-11-16,99.46681213378906,17.693157196044922,,17.938478469848633,36.82422637939453,21.25107192993164,,,32.468143463134766,33.00782775878906,28.157529830932617,17.642168045043945,19.824302673339844,,,,336.0960693359375,18.368818283081055,26.3452205657959
2020-11-17,99.66979217529297,17.526243209838867,,17.998931884765625,36.97562026977539,21.282691955566406,,,32.55506134033203,32.93288803100586,28.059885025024414,17.664737701416016,19.841596603393555,,,,334.2884216308594,18.43081283569336,26.293581008911133
2020-11-18,99.7374038696289,17.37689781188965,,17.98453712463379,36.84104919433594,21.199783325195312,,,32.69026184082031,32.63315963745117,28.086515426635742,17.54436683654785,19.78885841369629,,,,330.26531982421875,18.51052474975586,26.352603912353516
2020-11-19,99.9234619140625,17.37689781188965,,17.977340698242188,37.07656478881836,21.14678955078125,,,32.71923828125,32.820499420166016,28.193038940429688,17.559415817260742,19.824302673339844,,,,331.6558532714844,18.483951568603516,26.43375587463379
2020-11-20,100.02494049072266,17.447175979614258,,17.980939865112305,36.97562026977539,21.180978775024414,,,32.75786590576172,32.67999267578125,28.21078872680664,17.612075805664062,19.9539852142334,,,,329.3846740722656,18.568092346191406,26.529661178588867
2020-11-23,99.99954986572266,16.884931564331055,,17.888822555541992,36.984046936035156,21.28440284729004,,,32.68061065673828,32.820499420166016,28.264053344726562,17.755016326904297,19.971277236938477,,,,331.359130859375,18.64337730407715,26.55179786682129
2020-11-24,99.86425018310547,16.269975662231445,,17.99101448059082,37.01768112182617,21.31774139404297,,,32.65163803100586,33.232627868652344,28.335071563720703,18.08604621887207,20.02315330505371,,,,336.6986083984375,18.368818283081055,26.507526397705078
2020-11-25,99.83039855957031,16.507173538208008,,17.944955825805664,36.94198989868164,21.3647518157959,,,32.738555908203125,33.18580627441406,28.379451751708984,18.070999145507812,20.005857467651367,,,,336.179443359375,18.37767791748047,26.47064208984375
2020-11-27,99.99954986572266,16.69165802001953,,18.07161521911621,37.32048416137695,21.468177795410156,,,32.76752471923828,33.41059112548828,28.423837661743164,18.048431396484375,20.11393165588379,,,,337.11578369140625,18.40424346923828,26.596057891845703
2020-11-30,100.13482666015625,17.078203201293945,,17.82621192932129,36.88310623168945,21.394672393798828,,,32.748207092285156,33.31692886352539,28.299560546875,17.807680130004883,19.893465042114258,,,,335.62335205078125,18.37767791748047,26.38948631286621
2020-12-01,99.81800842285156,17.016708374023438,,18.042831420898438,37.211151123046875,21.49724006652832,,,32.69992446899414,33.476158142089844,28.432714462280273,18.010812759399414,20.031797409057617,,,,339.2940979003906,18.271392822265625,26.396865844726562
2020-12-02,99.70791625976562,16.823434829711914,,18.00613021850586,37.23637008666992,21.55792999267578,,20.57521629333496,32.661293029785156,33.49489212036133,28.450469970703125,18.10861587524414,20.031797409057617,,,,340.0079345703125,18.227109909057617,26.46326446533203
2020-12-03,99.8773193359375,16.753154754638672,,18.12559700012207,37.227962493896484,21.634000778198242,,20.84993553161621,32.76752471923828,33.560455322265625,28.512605667114258,18.161277770996094,20.13640594482422,,,,339.9152526855469,18.34224510192871,26.478017807006836
2020-12-04,99.60626983642578,16.55109977722168,,18.14646339416504,37.244789123535156,21.875898361206055,,20.70232582092285,32.77717971801758,33.75716018676758,28.574743270874023,18.394500732421875,20.161483764648438,,,,342.8445129394531,18.191686630249023,26.500152587890625
2020-12-07,99.75875091552734,16.55988311767578,,18.109041213989258,37.3709602355957,21.881879806518555,,20.85403823852539,32.70957946777344,33.72905731201172,28.601377487182617,18.356882095336914,20.23064422607422,,,,342.13995361328125,18.2359676361084,26.478017807006836
2020-12-08,99.7672119140625,16.647735595703125,,18.09752655029297,37.48870086669922,22.009241104125977,,20.69002342224121,32.661293029785156,33.7974739074707,28.619129180908203,18.424592971801758,20.351682662963867,,,,343.1411437988281,18.227109909057617,26.396865844726562
2020-12-09,99.62321472167969,16.595022201538086,,18.05290412902832,37.43824768066406,21.84341812133789,,20.85403823852539,32.593692779541016,33.59127426147461,28.54811668395996,18.38697624206543,20.221994400024414,,,,340.0635681152344,18.271392822265625,26.529661178588867
2020-12-10,99.86881256103516,16.542312622070312,,18.234981536865234,37.328895568847656,21.888721466064453,,20.726926803588867,32.60334777832031,33.666259765625,28.645761489868164,18.544965744018555,20.325742721557617,,,,339.95233154296875,18.306819915771484,26.677209854125977
2020-12-11,99.97896575927734,16.718015670776367,,18.12775230407715,37.20273208618164,21.84170913696289,,20.772031784057617,32.632320404052734,33.52567672729492,28.5836238861084,18.477256774902344,20.325742721557617,,,,339.5537109375,18.367929458618164,26.68459129333496
2020-12-14,99.919677734375,16.805864334106445,,18.119117736816406,37.3709602355957,21.775033950805664,,20.820411682128906,32.7964973449707,33.497554779052734,28.628007888793945,18.394500732421875,20.26522445678711,,,,338.0334777832031,18.35995864868164,26.655078887939453
2020-12-15,99.97896575927734,16.78829574584961,,18.322063446044922,38.346656799316406,22.027193069458008,,20.911439895629883,32.99930191040039,33.86307907104492,28.707897186279297,18.612680435180664,20.40355682373047,,,,342.603515625,18.315675735473633,26.802631378173828
2020-12-16,99.93665313720703,16.81464958190918,,18.42209815979004,37.41301727294922,22.190452575683594,,20.86797523498535,32.97998809814453,33.89120864868164,28.734529495239258,18.695436477661133,20.42610740661621,,,,343.1411437988281,18.253679275512695,26.802631378173828
2020-12-17,99.93240356445312,16.87614631652832,,18.55019760131836,37.60646057128906,22.35456657409668,,21.075450897216797,32.96067428588867,34.10676956176758,28.823299407958984,18.79323387145996,20.504167556762695,,,,345.0599365234375,18.200532913208008,27.023962020874023
2020-12-18,99.88150787353516,16.972782135009766,,18.501258850097656,37.64012145996094,22.210968017578125,,20.945064544677734,32.96067428588867,34.05054473876953,28.823299407958984,18.695436477661133,20.49549102783203,,,,343.6821594238281,18.200532913208008,27.082977294921875
2020-12-21,99.88150787353516,17.025493621826172,,18.291837692260742,37.522361755371094,22.15198516845703,,21.046751022338867,32.88341522216797,33.980018615722656,28.707897186279297,18.507347106933594,20.42610740661621,,,,342.4533386230469,18.227109909057617,27.003665924072266
2020-12-22,100.02566528320312,17.13091278076172,,18.12631607055664,37.539180755615234,22.07505989074707,,20.812211990356445,32.7288932800293,33.98942565917969,28.716773986816406,18.402023315429688,20.356714248657227,,,,341.8762512207031,18.28024673461914,26.84058952331543
2020-12-23,99.95780181884766,16.99913787841797,,18.300474166870117,37.75786590576172,22.122926712036133,,21.193540573120117,32.88341522216797,33.801368713378906,28.778911590576172,18.575061798095703,20.42610740661621,,,,342.1834716796875,18.221784591674805,27.10744285583496
2020-12-24,100.05111694335938,16.9815673828125,,18.23138427734375,37.814239501953125,22.28223991394043,,21.079551696777344,32.85444259643555,34.04583740234375,28.787792205810547,18.597633361816406,20.469470977783203,,,,343.51458740234375,18.243928909301758,27.151920318603516
2020-12-28,100.06803894042969,16.805864334106445,,18.28679847717285,37.94883346557617,22.357158660888672,,20.874536514282227,32.786842346191406,34.224483489990234,28.79666519165039,18.605152130126953,20.521512985229492,,,,346.4657287597656,18.20406150817871,27.100032806396484
2020-12-29,100.08501434326172,16.946428298950195,,18.43115997314453,38.15074157714844,22.32098960876465,,21.436275482177734,32.68061065673828,34.20567321777344,28.805543899536133,18.62112045288086,20.49549102783203,,,,345.8046875,18.24835777282715,27.248275756835938
2020-12-30,100.14439392089844,16.823434829711914,,18.62920570373535,38.049774169921875,22.373519897460938,,21.710996627807617,32.81499099731445,34.243289947509766,28.935009002685547,18.712364196777344,20.616924285888672,,,,346.298095703125,18.19521141052246,27.433589935302734
2020-12-31,100.22071838378906,16.761938095092773,,18.542152404785156,38.100257873535156,22.316686630249023,,21.687213897705078,32.93356704711914,34.41252517700195,28.90785026550293,18.750385284423828,20.6429443359375,,,,348.05755615234375,18.230642318725586,27.492889404296875
2021-01-04,100.09347534179688,16.85857582092285,,18.570446014404297,38.1423225402832,22.432939529418945,,21.623249053955078,32.973087310791016,33.980018615722656,28.944061279296875,18.750385284423828,20.807737350463867,,,,343.31915283203125,18.345800399780273,27.507713317871094
2021-01-05,99.99174499511719,16.66530418395996,,19.04052734375,38.411521911621094,22.59914207458496,,22.055419921875,33.04225540161133,34.16806411743164,29.061758041381836,19.084938049316406,20.89447593688965,,,,345.6837158203125,18.26607322692871,27.930225372314453
2021-01-06,99.49992370605469,16.296329498291016,,18.915752410888672,38.605010986328125,22.94962501525879,,21.92256736755371,33.13118362426758,34.17746353149414,29.034597396850586,19.305442810058594,20.81641387939453,,,,347.7503356933594,18.115480422973633,27.930225372314453
2021-01-07,99.39818572998047,16.32268714904785,,18.848285675048828,38.57136535644531,23.207971572875977,,21.706893920898438,33.15094757080078,34.638179779052734,29.10702896118164,19.404285430908203,20.833765029907227,,,,352.9170227050781,17.90287971496582,27.856103897094727
2021-01-08,99.27944946289062,16.463245391845703,,19.045602798461914,38.613426208496094,23.177831649780273,,21.653593063354492,33.26951599121094,34.75100326538086,29.197561264038086,19.381473541259766,20.72967529296875,,,,354.9278564453125,17.832012176513672,27.930225372314453
2021-01-11,99.11833953857422,16.4544620513916,,18.774290084838867,38.478816986083984,22.98235321044922,,21.292766571044922,33.26951599121094,34.49714660644531,29.02554702758789,19.252216339111328,20.599576950073242,,,,352.5354309082031,17.89402198791504,27.789392471313477
2021-01-12,99.20315551757812,16.340255737304688,,18.93824005126953,38.806915283203125,23.095163345336914,,21.831544876098633,33.22999572753906,34.49714660644531,29.125131607055664,19.487924575805664,20.764373779296875,,,,352.60986328125,17.823150634765625,28.145187377929688
2021-01-13,99.51689147949219,16.384178161621094,,18.867149353027344,38.672306060791016,23.195056915283203,,21.708534240722656,33.00273132324219,34.56296157836914,29.134187698364258,19.41949462890625,20.790388107299805,,,,353.5594177246094,17.916166305541992,28.085887908935547
2021-01-14,99.3218765258789,16.12062644958496,,18.99917984008789,38.96675109863281,23.373310089111328,,22.098880767822266,32.81499099731445,34.39372253417969,29.161346435546875,19.617185592651367,20.842435836791992,,,,352.3212890625,17.823150634765625,28.345327377319336
2021-01-15,99.42359924316406,16.305116653442383,,18.654598236083984,38.605010986328125,23.02110481262207,,21.682294845581055,32.805110931396484,34.215084075927734,29.08892059326172,19.31304359436035,20.65161895751953,,,,349.751953125,17.97374725341797,28.093299865722656
2021-01-19,99.55931091308594,16.296329498291016,,18.885282516479492,38.71437454223633,23.16922378540039,,21.888126373291016,32.706298828125,34.609981536865234,29.215669631958008,19.404285430908203,20.781721115112305,,,,352.4981384277344,17.90287971496582,28.11553955078125
2021-01-20,99.56771850585938,16.305116653442383,,19.142091751098633,38.857383728027344,23.389673233032227,,21.906166076660156,32.943443298339844,34.98605728149414,29.315258026123047,19.510738372802734,20.955188751220703,,,,357.376220703125,17.867448806762695,28.18966293334961
2021-01-21,99.42359924316406,16.340255737304688,,19.189966201782227,38.882625579833984,23.3371524810791,,22.008676528930664,32.99284744262695,35.0330810546875,29.351469039916992,19.396684646606445,20.911823272705078,,,,357.7020263671875,17.867448806762695,28.174835205078125
2021-01-22,99.42359924316406,16.445674896240234,,19.01586151123047,38.81532669067383,23.346614837646484,,21.674091339111328,32.95332336425781,34.9954719543457,29.324308395385742,19.252216339111328,20.842435836791992,,,,356.4359436035156,17.9117374420166,27.789392471313477
2021-01-25,99.6780014038086,16.68287467956543,,19.055038452148438,38.672306060791016,23.218307495117188,,21.738056182861328,32.91380310058594,35.09890365600586,29.360525131225586,19.22940444946289,20.946517944335938,,,,357.8417663574219,17.95603370666504,27.98211669921875
2021-01-26,99.64407348632812,16.92007064819336,,18.955650329589844,38.70596694946289,23.319921493530273,,21.981613159179688,32.93356704711914,35.070682525634766,29.324308395385742,19.19138526916504,20.833765029907227,,,,357.2830810546875,18.009180068969727,28.145187377929688
2021-01-27,99.65253448486328,17.201194763183594,,18.687238693237305,38.672306060791016,22.83509635925293,,21.731496810913086,32.68653869628906,34.224483489990234,29.052705764770508,18.872041702270508,20.59090232849121,,,,348.551025390625,18.239503860473633,27.95987892150879
2021-01-28,99.58470916748047,16.761938095092773,,18.79605484008789,38.5377082824707,23.028854370117188,,21.7150936126709,32.77546310424805,34.46893310546875,29.097970962524414,19.039316177368164,20.634273529052734,,,,351.548583984375,18.124338150024414,27.90057373046875
2021-01-29,99.4744873046875,16.99913787841797,,18.5203914642334,38.461997985839844,22.75156593322754,,21.812685012817383,32.755706787109375,33.92359924316406,28.944061279296875,18.811214447021484,20.39141082763672,,,,344.5107116699219,18.19521141052246,28.004350662231445
2021-02-01,99.56961822509766,17.016708374023438,,18.736570358276367,38.55455017089844,23.035743713378906,,21.653593063354492,32.78534698486328,34.450130462646484,29.197561264038086,19.077335357666016,20.53886604309082,,,,350.24530029296875,18.07118797302246,28.078475952148438
2021-02-02,99.41671752929688,16.92885971069336,,18.856992721557617,38.79849624633789,23.178693771362305,,21.653593063354492,32.755706787109375,34.88263702392578,29.306203842163086,19.153371810913086,20.58222770690918,,,,355.19781494140625,17.964889526367188,28.130361557006836
2021-02-03,99.29779815673828,16.595022201538086,,19.012958526611328,38.71437454223633,23.1976375579834,,21.8110408782959,32.74582290649414,34.90144729614258,29.260936737060547,19.24461555480957,20.55620765686035,,,,355.4771728515625,17.89402198791504,28.174835205078125
2021-02-04,99.25536346435547,16.507173538208008,,18.98756980895996,38.62183380126953,23.307863235473633,,21.645389556884766,32.716182708740234,35.164710998535156,29.297149658203125,19.2750244140625,20.51284408569336,,,,359.5173645019531,17.805438995361328,28.219316482543945
2021-02-05,99.12796020507812,16.507173538208008,,19.19432258605957,38.588191986083984,23.537792205810547,,21.887306213378906,32.65689468383789,35.362159729003906,29.405792236328125,19.465116500854492,20.547534942626953,,,,360.9324035644531,17.761144638061523,28.382387161254883
2021-02-08,99.22986602783203,16.313899993896484,,19.292978286743164,39.01723098754883,23.803892135620117,,22.121023178100586,32.765586853027344,35.578426361083984,29.432952880859375,19.68561363220215,20.773046493530273,,,,363.5390319824219,17.716854095458984,28.5825252532959
2021-02-09,99.27233123779297,16.331470489501953,,19.425010681152344,39.050872802734375,23.863309860229492,,22.280935287475586,32.844635009765625,35.56901931762695,29.532543182373047,19.693220138549805,20.799068450927734,,,,363.2969665527344,17.778860092163086,28.619586944580078
2021-02-10,99.36578369140625,16.305116653442383,,19.42646026611328,38.941505432128906,23.871057510375977,,22.170225143432617,32.83475112915039,35.531402587890625,29.487272262573242,19.70842933654785,20.842435836791992,,,,363.1387023925781,17.832012176513672,28.508399963378906
2021-02-11,99.24681854248047,16.243619918823242,,19.499727249145508,39.076114654541016,23.912391662597656,,22.170225143432617,32.9039192199707,35.68183898925781,29.559701919555664,19.700828552246094,20.790388107299805,,,,363.7251892089844,17.805438995361328,28.604761123657227
2021-02-12,99.0175552368164,16.173341751098633,,19.706478118896484,39.16865158081055,23.91583824157715,,22.260433197021484,33.08177947998047,35.8228645324707,29.559701919555664,19.822481155395508,20.747024536132812,,,,365.52191162109375,17.716854095458984,28.671472549438477
2021-02-16,98.55037689208984,15.927356719970703,,19.840682983398438,39.24436569213867,24.218101501464844,,22.531051635742188,33.00273132324219,35.728851318359375,29.505380630493164,20.00497055053711,20.694984436035156,,,,365.20538330078125,17.557403564453125,28.916080474853516
2021-02-17,98.74571990966797,15.95371150970459,,19.760162353515625,39.437862396240234,24.197431564331055,,22.375240325927734,32.8841552734375,35.67243576049805,29.577808380126953,19.997365951538086,20.703659057617188,,,,365.28912353515625,17.610551834106445,28.930912017822266
2021-02-18,98.69476318359375,16.164554595947266,,19.630308151245117,39.210716247558594,24.02347755432129,,22.588455200195312,32.86439514160156,35.47499465942383,29.44200897216797,19.845293045043945,20.460803985595703,,,,363.7344665527344,17.619413375854492,29.00503921508789
2021-02-19,98.38899230957031,15.901001930236816,,19.74637794494629,39.27800750732422,24.047595977783203,,22.76148796081543,32.72605895996094,35.4185676574707,29.469165802001953,19.94413948059082,20.478147506713867,,,,363.0921630859375,17.53968620300293,29.16069984436035
2021-02-22,98.08330535888672,15.523242950439453,,19.840682983398438,39.59768295288086,24.405832290649414,,23.155115127563477,32.706298828125,34.9954719543457,29.324308395385742,20.240676879882812,20.41742706298828,,,,360.2993469238281,17.557403564453125,29.46460723876953
2021-02-23,98.10872650146484,15.312400817871094,,19.90814781188965,39.50514602661133,24.36880111694336,,23.273202896118164,32.518558502197266,34.929656982421875,29.342416763305664,20.331920623779297,20.39141082763672,,,,360.73699951171875,17.50868034362793,29.509082794189453
2021-02-24,98.07479095458984,14.917071342468262,,20.0162410736084,39.74911117553711,24.678815841674805,,23.588104248046875,32.45927047729492,35.30574417114258,29.324308395385742,20.613250732421875,20.42610740661621,,,,364.7120056152344,17.415666580200195,29.76852035522461
2021-02-25,97.17444610595703,15.277260780334473,,19.96401023864746,39.723876953125,24.224132537841797,,23.563501358032227,32.311058044433594,34.32789993286133,29.07081413269043,20.26348304748535,20.001108169555664,,,,355.9239196777344,17.362516403198242,29.5461483001709
2021-02-26,97.96432495117188,15.127913475036621,,19.343032836914062,39.454681396484375,23.98301124572754,,23.080490112304688,32.29129409790039,34.130455017089844,28.998384475708008,19.95174217224121,20.018455505371094,,,,354.09002685546875,17.45109748840332,29.190349578857422
2021-03-01,97.91329193115234,15.040064811706543,,19.58968162536621,39.454681396484375,24.310243606567383,,22.76968765258789,32.399986267089844,35.0048713684082,29.242828369140625,20.096210479736328,20.04447364807129,,,,362.6732177734375,17.3359375,29.13846206665039
2021-03-02,97.93032836914062,15.066417694091797,,19.49247169494629,39.20229721069336,24.347270965576172,,22.80986976623535,32.39010238647461,34.76980972290039,29.08892059326172,20.15703582763672,20.113862991333008,,,,359.84320068359375,17.40680694580078,29.108810424804688
2021-03-03,97.57300567626953,14.811652183532715,,19.62668228149414,39.5135612487793,24.28957748413086,,22.895977020263672,32.15296173095703,34.318511962890625,29.052705764770508,20.17984962463379,19.949068069458008,,,,355.0768127441406,17.35365867614746,29.24964714050293
2021-03-04,97.29225158691406,14.767725944519043,,19.691970825195312,39.40419387817383,23.873641967773438,,22.982080459594727,31.945459365844727,33.810768127441406,28.790151596069336,20.096210479736328,19.680187225341797,,,,350.6827697753906,17.380231857299805,29.294118881225586
2021-03-05,97.22418212890625,14.71501636505127,,19.88421058654785,39.69863510131836,24.3016300201416,,23.16249656677246,32.00474166870117,34.28089141845703,28.935009002685547,20.42316436767578,19.827634811401367,,,,357.1341552734375,17.158771514892578,29.612855911254883
2021-03-08,96.84138488769531,14.811652183532715,,19.6615047454834,39.6313362121582,24.353303909301758,,23.039485931396484,32.13319778442383,33.904808044433594,28.636241912841797,20.42316436767578,19.654163360595703,,,,355.3561706542969,17.105619430541992,29.405311584472656
2021-03-09,97.2071304321289,14.802865982055664,,19.728965759277344,39.66498947143555,24.573753356933594,,22.8549747467041,32.27153396606445,34.38431930541992,28.86258316040039,20.476388931274414,19.953399658203125,,,,360.4296875,17.114482879638672,29.301536560058594
2021-03-10,97.36881256103516,14.732586860656738,,19.79570770263672,39.648162841796875,24.80454444885254,,22.87547492980957,32.37034225463867,34.70399856567383,28.853530883789062,20.658870697021484,20.04447364807129,,,,362.6732177734375,17.123340606689453,29.3608341217041
2021-03-11,97.36030578613281,14.741371154785156,,20.132308959960938,40.018310546875,25.109394073486328,,23.113290786743164,32.40986633300781,35.145912170410156,29.079862594604492,20.879375457763672,20.148550033569336,,,,366.3504333496094,17.070188522338867,29.73145866394043
2021-03-12,96.80732727050781,14.592023849487305,,20.234596252441406,40.094024658203125,25.248035430908203,,23.29780387878418,32.44939041137695,35.12710189819336,28.944061279296875,20.871776580810547,19.884014129638672,,,,366.84381103515625,16.91959571838379,29.694395065307617
2021-03-15,96.90940856933594,14.504175186157227,,20.190343856811523,40.22020721435547,25.30573081970215,,23.24860191345215,32.607486724853516,35.230525970458984,28.95311737060547,20.864171981811523,19.992433547973633,,,,369.0314636230469,16.91959571838379,29.612855911254883
2021-03-16,96.87537384033203,14.741371154785156,,20.18018913269043,40.119258880615234,25.132640838623047,,23.170696258544922,32.54820251464844,35.174110412597656,28.989330291748047,20.734907150268555,19.949068069458008,,,,368.56610107421875,16.91959571838379,29.590618133544922
2021-03-17,96.8668212890625,14.565669059753418,,20.334705352783203,40.169742584228516,25.235980987548828,,23.133792877197266,32.528438568115234,35.30574417114258,29.01649284362793,20.78053092956543,19.931716918945312,,,,369.8228454589844,16.866451263427734,29.583209991455078
2021-03-18,96.49251556396484,14.662304878234863,,19.936443328857422,39.690223693847656,24.863100051879883,,22.76968765258789,32.45927047729492,34.73220443725586,28.790151596069336,20.26348304748535,19.61947250366211,,,,364.4420166015625,16.866451263427734,28.990211486816406
2021-03-19,96.5690689086914,14.723799705505371,,20.05251121520996,39.917362213134766,24.988832473754883,,22.840211868286133,32.40986633300781,34.51593780517578,28.86258316040039,20.36993980407715,19.706207275390625,,,,363.7677001953125,16.8044376373291,29.168107986450195
2021-03-22,96.75625610351562,14.960999488830566,,19.977792739868164,39.94260025024414,24.90874481201172,,22.789369583129883,32.53832244873047,34.760414123535156,28.962169647216797,20.316713333129883,19.827634811401367,,,,366.6723937988281,16.831016540527344,29.101394653320312
2021-03-23,97.00298309326172,15.329970359802246,,19.549779891967773,39.6229248046875,24.182796478271484,,22.387540817260742,32.518558502197266,34.69459915161133,28.808258056640625,19.964183807373047,19.775590896606445,,,,363.7863464355469,16.95502471923828,28.767839431762695
2021-03-24,97.1220932006836,15.250905990600586,,19.51496124267578,39.78276443481445,24.058788299560547,,22.469547271728516,32.607486724853516,34.45954513549805,28.6815128326416,20.146921157836914,19.763431549072266,,,,361.9371032714844,16.981599807739258,28.95315170288086
2021-03-25,97.07103729248047,15.022493362426758,,19.568645477294922,39.53879928588867,24.270631790161133,,22.19072723388672,32.68653869628906,34.66593933105469,28.645296096801758,20.08600425720215,19.772117614746094,,,,363.9731750488281,16.89120864868164,28.68630027770996
2021-03-26,96.90940856933594,15.075203895568848,,19.874780654907227,39.967830657958984,24.591150283813477,,22.44576644897461,32.65689468383789,35.26915740966797,28.753938674926758,20.46670913696289,19.91111183166504,,,,369.8385314941406,16.758277893066406,28.975387573242188
2021-03-29,96.74774932861328,15.303617477416992,,19.9284610748291,39.61451721191406,24.458457946777344,,22.715564727783203,32.65689468383789,35.15605163574219,28.69961929321289,20.375343322753906,19.737367630004883,,,,369.6517639160156,16.687379837036133,28.916080474853516
2021-03-30,96.82431030273438,15.083989143371582,,19.784099578857422,39.690223693847656,24.518770217895508,,22.48594856262207,32.57784652709961,35.005252838134766,28.70867347717285,20.26113510131836,19.693931579589844,,,,368.671142578125,16.696239471435547,28.701122283935547
2021-03-31,96.84138488769531,15.048849105834961,,19.90742301940918,39.83323669433594,24.595458984375,,22.63437843322754,32.558082580566406,35.18434143066406,28.790151596069336,20.291587829589844,19.737367630004883,,,,370.16546630859375,16.61648178100586,28.886436462402344
2021-04-01,97.16683197021484,15.057634353637695,,19.934993743896484,39.94260025024414,24.92803955078125,,22.543350219726562,32.607486724853516,35.514217376708984,28.86258316040039,20.48194122314453,19.919801712036133,,,,374.16290283203125,16.647499084472656,28.893850326538086
2021-04-05,96.97083282470703,15.022493362426758,,20.116350173950195,39.94260025024414,25.088300704956055,,22.592554092407227,32.607486724853516,36.023189544677734,28.89879608154297,20.5428524017334,19.980615615844727,,,,379.5332946777344,16.54558753967285,28.81231117248535
2021-04-06,97.3116683959961,14.864362716674805,,20.05831527709961,40.26227951049805,25.022817611694336,,22.608957290649414,32.72605895996094,35.994903564453125,28.944061279296875,20.497167587280273,19.980615615844727,,,,379.3092041015625,16.687379837036133,28.849376678466797
2021-04-07,97.15829467773438,15.048849105834961,,20.037277221679688,39.892127990722656,24.88064956665039,,22.585176467895508,32.64701461791992,36.09858703613281,28.77204704284668,20.504785537719727,19.963237762451172,,,,379.7481384277344,16.63421058654785,28.871614456176758
2021-04-08,97.39688873291016,14.996137619018555,,20.051786422729492,39.8248176574707,25.085712432861328,,22.49414825439453,32.765586853027344,36.25880432128906,28.935009002685547,20.558076858520508,20.10223388671875,,,,381.55072021484375,16.669652938842773,28.997617721557617
2021-04-09,97.28610229492188,15.004922866821289,,20.102569580078125,39.799591064453125,25.176179885864258,,22.6540584564209,32.755706787109375,36.466163635253906,28.88068962097168,20.527624130249023,19.98929214477539,,,,384.32464599609375,16.54558753967285,28.98279571533203
2021-04-12,97.26054382324219,15.031279563903809,,20.096763610839844,39.66498947143555,25.133098602294922,,22.518749237060547,32.68653869628906,36.5604248046875,28.88068962097168,20.43625259399414,19.945858001708984,,,,384.4647216796875,16.60318946838379,28.87902069091797
2021-04-13,97.54174041748047,15.136697769165039,,20.109094619750977,39.892127990722656,25.102083206176758,,22.48594856262207,32.706298828125,36.7017936706543,28.980276107788086,20.565696716308594,20.058792114257812,,,,385.6042175292969,16.651931762695312,28.975387573242188
2021-04-14,97.46502685546875,15.022493362426758,,20.20848274230957,39.88371658325195,25.1417179107666,,22.953380584716797,32.65689468383789,36.598114013671875,28.95311737060547,20.8474178314209,20.084856033325195,,,,384.287353515625,16.618257522583008,29.405311584472656
2021-04-15,97.84846496582031,15.101558685302734,,20.188169479370117,39.951019287109375,25.376075744628906,,22.932880401611328,32.844635009765625,36.99397659301758,29.04365348815918,20.969242095947266,20.388906478881836,,,,388.41552734375,16.731689453125,29.457199096679688
2021-04-16,97.59284973144531,15.075203895568848,,20.29770851135254,40.03513717651367,25.548397064208984,,22.961580276489258,32.91380310058594,37.088218688964844,29.00743865966797,21.030155181884766,20.414974212646484,,,,389.7137756347656,16.660791397094727,29.434959411621094
2021-04-19,97.51615142822266,15.136697769165039,,20.577728271484375,40.1108512878418,25.538057327270508,,22.928775787353516,32.8742790222168,36.97513198852539,28.989330291748047,21.030155181884766,20.345474243164062,,,,387.7991027832031,16.67852020263672,29.516496658325195
2021-04-20,97.66952514648438,15.373897552490234,,20.07427406311035,39.92577362060547,25.109834671020508,,23.059988021850586,33.23987579345703,36.75835037231445,28.87163543701172,20.839805603027344,20.258602142333984,,,,384.95977783203125,16.76714515686035,29.509082794189453
2021-04-21,97.76326751708984,15.224550247192383,,20.162778854370117,40.447349548339844,25.37089729309082,,23.03128433227539,33.31892776489258,37.05995178222656,28.998384475708008,20.95401382446289,20.397600173950195,,,,388.6022644042969,16.731689453125,29.47943687438965
2021-04-22,97.7888412475586,15.127913475036621,,20.059764862060547,40.144500732421875,25.15894889831543,,23.273202896118164,33.249759674072266,36.78662109375,28.944061279296875,20.885488510131836,20.36284828186035,,,,385.0531311035156,16.802589416503906,29.686981201171875
2021-04-23,97.77176666259766,14.98735237121582,,20.328176498413086,40.48100280761719,25.58716583251953,,23.322406768798828,33.31892776489258,37.154197692871094,29.079862594604492,21.045381546020508,20.43234634399414,,,,389.22802734375,16.696239471435547,29.812997817993164
2021-04-26,97.68659210205078,14.890717506408691,,20.282472610473633,40.396873474121094,25.7646541595459,,23.613525390625,33.388092041015625,37.088218688964844,29.11608123779297,21.174829483032227,20.501846313476562,,,,390.0405578613281,16.696239471435547,30.027956008911133
2021-04-27,97.447998046875,14.85557746887207,,20.41377830505371,40.565128326416016,25.814634323120117,,23.826740264892578,33.31892776489258,37.144779205322266,29.11608123779297,21.197668075561523,20.408023834228516,,,,389.95654296875,16.594331741333008,30.205856323242188
2021-04-28,97.49910736083984,14.767725944519043,,20.41885757446289,40.590362548828125,25.87236213684082,,23.673391342163086,33.36833190917969,37.144779205322266,29.134187698364258,21.327106475830078,20.527904510498047,,,,389.84442138671875,16.64307403564453,30.057607650756836
2021-04-29,97.447998046875,14.75015640258789,,20.538555145263672,40.54830551147461,25.939571380615234,,23.933349609375,33.249759674072266,37.286170959472656,29.061758041381836,21.395631790161133,20.42365837097168,,,,392.328857421875,16.572174072265625,30.14655303955078
2021-04-30,97.55026245117188,14.85557746887207,,20.354290008544922,40.55670928955078,25.58199691772461,,24.007152557373047,33.23987579345703,36.9185676574707,28.962169647216797,21.18244171142578,20.30203628540039,,,,389.7511291503906,16.625347137451172,30.168790817260742
2021-05-03,97.61253356933594,14.802865982055664,,20.44497299194336,40.8175048828125,25.869775772094727,,23.863645553588867,33.26951599121094,36.99397659301758,29.01649284362793,21.44131851196289,20.414974212646484,,,,390.5916442871094,16.64307403564453,30.235509872436523
2021-05-04,97.73199462890625,14.820435523986816,,20.287551879882812,40.943687438964844,25.765520095825195,,24.019454956054688,33.14106750488281,36.852603912353516,28.79920768737793,21.525070190429688,20.421920776367188,,,,388.1819763183594,16.713973999023438,30.28739356994629
2021-05-05,97.80879974365234,14.723799705505371,,20.51534080505371,41.2128791809082,25.931812286376953,,24.135900497436523,33.062015533447266,36.76777267456055,28.925954818725586,21.707809448242188,20.54093360900879,,,,388.3033752441406,16.713973999023438,30.420822143554688
2021-05-06,97.82588195800781,14.697446823120117,,20.4355411529541,41.17924118041992,26.09379768371582,,24.167062759399414,32.96320724487305,37.154197692871094,28.962169647216797,21.875316619873047,20.6868839263916,,,,391.40423583984375,16.68294906616211,30.63578224182129
2021-05-07,97.80025482177734,14.618378639221191,,20.718463897705078,41.35590362548828,26.49444007873535,,24.281871795654297,33.0521354675293,37.418113708496094,29.04365348815918,22.149429321289062,20.84933090209961,,,,394.25286865234375,16.656362533569336,30.7766170501709
2021-05-10,97.64669799804688,14.802865982055664,,20.696697235107422,41.583038330078125,26.3255672454834,,24.167062759399414,33.08177947998047,36.99397659301758,28.86258316040039,22.088512420654297,20.75377082824707,,,,390.34881591796875,16.61648178100586,30.687671661376953
2021-05-11,97.43333435058594,14.820435523986816,,20.512439727783203,41.61669158935547,26.132564544677734,,24.4508056640625,33.0718994140625,36.550987243652344,28.835420608520508,22.042831420898438,20.63215446472168,,,,386.8650817871094,16.713973999023438,30.902626037597656
2021-05-12,97.09201049804688,15.057634353637695,,20.217910766601562,41.39796447753906,25.499282836914062,,24.94529914855957,32.96320724487305,35.81582260131836,28.61813735961914,21.814409255981445,20.310728073120117,,,,378.64599609375,16.76714515686035,30.917451858520508
2021-05-13,97.3138656616211,14.908287048339844,,20.232419967651367,41.153995513916016,25.72502899169922,,24.093257904052734,32.95332336425781,36.27765655517578,28.654348373413086,21.700199127197266,20.371536254882812,,,,383.1944885253906,16.705108642578125,30.354108810424805
2021-05-14,97.53575134277344,14.794082641601562,,20.72571563720703,41.46526336669922,26.12567138671875,,24.10965919494629,32.973087310791016,36.89030838012695,28.835420608520508,21.951461791992188,20.588720321655273,,,,389.0786437988281,16.607622146606445,30.30963134765625
2021-05-17,97.45039367675781,14.75015640258789,,20.75473403930664,41.532562255859375,26.175647735595703,,24.306472778320312,32.91380310058594,36.739501953125,28.835420608520508,22.141817092895508,20.67559242248535,,,,388.08856201171875,16.63421058654785,30.428232192993164
2021-05-18,97.3309326171875,14.785295486450195,,20.73297119140625,41.3222541809082,26.123950958251953,,24.281051635742188,32.923683166503906,36.34364318847656,28.889741897583008,22.065673828125,20.641706466674805,,,,384.7449645996094,16.67852020263672,30.628368377685547
2021-05-19,97.19441223144531,14.890717506408691,,20.415952682495117,40.96892547607422,25.762075424194336,,24.07111930847168,32.943443298339844,36.362491607666016,28.81731414794922,21.677350997924805,20.483600616455078,,,,383.7361755371094,16.687379837036133,30.11690902709961
2021-05-20,97.52720642089844,14.960999488830566,,20.508085250854492,40.985755920410156,25.820663452148438,,23.716032028198242,32.943443298339844,36.81489944458008,28.90785026550293,21.677350997924805,20.575687408447266,,,,387.8644714355469,16.696239471435547,30.013137817382812
2021-05-21,97.5698471069336,14.952213287353516,,20.563220977783203,41.137184143066406,25.866331100463867,,23.893983840942383,33.012611389160156,36.78662109375,28.925954818725586,21.73065185546875,20.567001342773438,,,,387.5468444824219,16.669652938842773,30.057607650756836
2021-05-24,97.66372680664062,14.811652183532715,,20.767066955566406,41.10352325439453,26.061908721923828,,24.002229690551758,32.923683166503906,37.16363525390625,28.935009002685547,21.905778884887695,20.684274673461914,,,,391.4976501464844,16.651931762695312,30.1094970703125
2021-05-25,97.90267181396484,14.741371154785156,,20.788829803466797,41.22971725463867,25.886146545410156,,23.707834243774414,32.95332336425781,37.17305374145508,28.971223831176758,21.745880126953125,20.805896759033203,,,,390.6290283203125,16.696239471435547,29.98348617553711
2021-05-26,97.86853790283203,14.741371154785156,,20.791006088256836,41.061466217041016,26.090343475341797,,23.958768844604492,32.894039154052734,37.09765625,29.079862594604492,21.79918098449707,20.78852653503418,,,,391.40423583984375,16.598758697509766,29.9760684967041
2021-05-27,97.74906158447266,14.530529022216797,,20.950599670410156,41.288597106933594,26.34538459777832,,24.072757720947266,32.923683166503906,36.81489944458008,29.079862594604492,21.928619384765625,20.840646743774414,,,,391.6097412109375,16.54558753967285,30.339282989501953
2021-05-28,97.74906158447266,14.574454307556152,,20.942617416381836,41.27178192138672,26.354000091552734,,24.009614944458008,33.08177947998047,37.19189453125,29.134187698364258,21.959075927734375,20.90580177307129,,,,392.3101806640625,16.5544490814209,30.205856323242188
2021-06-01,97.70378112792969,14.442678451538086,,20.73006820678711,41.65874481201172,26.671070098876953,,24.462284088134766,33.249759674072266,37.22018814086914,29.233776092529297,22.278867721557617,21.06651496887207,,,,391.96466064453125,16.563312530517578,30.546833038330078
2021-06-02,97.83195495605469,14.495388984680176,,20.903446197509766,41.726043701171875,26.67279052734375,,24.33107566833496,33.21023178100586,37.31443786621094,29.206613540649414,22.385465621948242,21.083887100219727,,,,392.5810852050781,16.581037521362305,30.39116859436035
2021-06-03,97.60120391845703,14.609593391418457,,20.8156681060791,41.4232063293457,26.49874496459961,,24.363876342773438,32.943443298339844,37.11650848388672,29.07081413269043,22.248411178588867,20.91014289855957,,,,391.1239929199219,16.572174072265625,30.39858055114746
2021-06-04,98.00286102294922,14.600811004638672,,20.936094284057617,41.50733184814453,26.62799072265625,,24.454084396362305,33.249759674072266,37.38983154296875,29.233776092529297,22.408309936523438,21.118635177612305,,,,394.7012023925781,16.594331741333008,30.583890914916992
2021-06-07,97.93451690673828,14.688658714294434,,20.885311126708984,41.60828399658203,26.704673767089844,,24.23676872253418,33.259639739990234,37.37098693847656,29.242828369140625,22.41592025756836,21.083887100219727,,,,394.318359375,16.581037521362305,30.465295791625977
2021-06-08,98.11397552490234,14.644733428955078,,20.925212860107422,41.94477844238281,26.90456199645996,,24.39668083190918,33.22011184692383,37.4935188293457,29.224721908569336,22.499675750732422,21.179443359375,,,,394.40234375,16.625347137451172,30.583890914916992
2021-06-09,98.31053924560547,14.758940696716309,,21.089160919189453,41.8185920715332,26.62196159362793,,24.162961959838867,33.26951599121094,37.47467041015625,29.188508987426758,22.46160888671875,21.2315673828125,,,,393.8139343261719,16.705108642578125,30.49494743347168
2021-06-10,98.51560974121094,14.873147010803223,,21.018068313598633,41.74287796020508,26.62713050842285,,24.191665649414062,33.26951599121094,37.65374755859375,29.251882553100586,22.4920654296875,21.370567321777344,,,,395.64453125,16.713973999023438,30.583890914916992
2021-06-11,98.47286987304688,14.802865982055664,,20.970914840698242,41.45685577392578,26.721044540405273,,24.167062759399414,33.27939987182617,37.7197151184082,29.251882553100586,22.507287979125977,21.301074981689453,,,,396.2983703613281,16.67852020263672,30.502357482910156
2021-06-14,98.22504425048828,14.881932258605957,,20.965110778808594,41.381134033203125,26.49444007873535,,24.195762634277344,33.249759674072266,37.88936233520508,29.279043197631836,22.46160888671875,21.266319274902344,,,,397.1855773925781,16.625347137451172,30.39858055114746
2021-06-15,98.26777648925781,14.811652183532715,,21.12253189086914,41.162410736083984,26.446189880371094,,24.149023056030273,33.18059158325195,37.64431381225586,29.188508987426758,22.43115234375,21.179443359375,,,,396.4570617675781,16.651931762695312,30.61353874206543
2021-06-16,97.95159912109375,14.811652183532715,,20.837434768676758,40.8090934753418,26.292823791503906,,24.02437400817871,33.15094757080078,37.512367248535156,29.08892059326172,22.23318099975586,20.988330841064453,,,,394.2434997558594,16.563312530517578,30.509765625
2021-06-17,98.25923919677734,14.960999488830566,,20.55378532409668,40.237037658691406,25.81980323791504,,23.378170013427734,33.0916633605957,37.52178955078125,29.143238067626953,21.79918098449707,21.040451049804688,,,,394.1127624511719,16.54558753967285,30.354108810424805
2021-06-18,98.5241928100586,15.040064811706543,,20.387662887573242,40.295928955078125,25.40106201171875,,23.16741371154785,33.022491455078125,37.342708587646484,29.00743865966797,21.509843826293945,21.075199127197266,,,,388.79608154296875,16.820310592651367,30.11690902709961
2021-06-21,98.26777648925781,14.93464183807373,,20.60964584350586,40.66607666015625,25.85857391357422,,23.228099822998047,33.12130355834961,37.65374755859375,29.134187698364258,21.86770248413086,20.997011184692383,,,,394.362060546875,16.64307403564453,30.057607650756836
2021-06-22,98.37035369873047,14.93464183807373,,20.693071365356445,40.65766143798828,25.929224014282227,,23.08540916442871,32.93356704711914,37.85166931152344,29.143238067626953,21.949800491333008,21.10126495361328,,,,396.4704284667969,16.63421058654785,30.191030502319336
2021-06-23,98.31905364990234,14.873147010803223,,20.653173446655273,40.72496795654297,25.95163345336914,,23.375707626342773,32.95332336425781,37.94593048095703,29.161346435546875,21.949800491333008,21.1291446685791,,,,395.9925231933594,16.598758697509766,30.33186912536621
2021-06-24,98.3532485961914,14.71501636505127,,20.830902099609375,41.10352325439453,26.148073196411133,,23.597126007080078,32.923683166503906,38.08287811279297,29.224721908569336,22.072553634643555,21.172710418701172,,,,398.3351135253906,16.578346252441406,30.33186912536621
2021-06-25,98.15670776367188,14.688658714294434,,20.798261642456055,40.716552734375,26.316125869750977,,23.59302520751953,33.022491455078125,38.1584358215332,29.279043197631836,22.080223083496094,21.16225242614746,,,,399.7499694824219,16.507349014282227,30.41340446472168
2021-06-28,98.4386978149414,14.864362716674805,,20.65752410888672,40.72496795654297,26.078777313232422,,23.597126007080078,33.062015533447266,38.281211853027344,29.315258026123047,21.88075065612793,21.242412567138672,,,,400.555908203125,16.551719665527344,30.428232192993164
2021-06-29,98.48998260498047,14.93464183807373,,20.668405532836914,40.884796142578125,26.074445724487305,,23.617626190185547,33.101539611816406,38.32844543457031,29.297149658203125,21.850059509277344,21.21627426147461,,,,400.77142333984375,16.56059455871582,30.672847747802734
2021-06-30,98.55833435058594,14.864362716674805,,20.669857025146484,41.02781295776367,26.077909469604492,,23.958768844604492,33.12130355834961,38.38512420654297,29.206613540649414,21.91143798828125,21.277265548706055,,,,401.1087341308594,16.596097946166992,30.702491760253906
2021-07-01,98.50357818603516,14.811652183532715,,20.823650360107422,40.79226303100586,26.168861389160156,,23.915306091308594,33.15094757080078,38.47957229614258,29.260936737060547,22.018844604492188,21.312118530273438,,,,403.32952880859375,16.569473266601562,30.569074630737305
2021-07-02,98.71751403808594,14.85557746887207,,20.983247756958008,41.25495147705078,26.281476974487305,,23.88004493713379,33.20035171508789,38.810157775878906,29.242828369140625,22.133926391601562,21.381824493408203,,,,406.412353515625,16.58722496032715,30.591310501098633
2021-07-06,99.03411865234375,14.996137619018555,,20.751832962036133,41.044639587402344,25.779926300048828,,23.41261100769043,33.20035171508789,38.99905776977539,29.206613540649414,21.896093368530273,21.468950271606445,,,,405.672119140625,16.67597007751465,30.420822143554688
2021-07-07,99.20526885986328,15.083989143371582,,20.695974349975586,40.893211364746094,25.75653648376465,,23.148555755615234,33.13118362426758,39.10295486450195,29.197561264038086,21.850059509277344,21.52123260498047,,,,407.1057434082031,16.738100051879883,30.265155792236328
2021-07-08,99.3165283203125,15.180625915527344,,20.530574798583984,40.8175048828125,25.486276626586914,,23.215797424316406,32.8742790222168,38.77237319946289,29.097970962524414,21.75032615661621,21.425390243530273,,,,403.7886657714844,16.835721969604492,30.065019607543945
2021-07-09,98.9913558959961,15.01370906829834,,20.714834213256836,41.01099395751953,26.01987075805664,,23.403593063354492,32.973087310791016,39.02739334106445,29.206613540649414,22.057205200195312,21.442813873291016,,,,408.0990295410156,16.649349212646484,30.47271156311035
2021-07-12,98.93145751953125,14.908287048339844,,20.856292724609375,40.90163040161133,26.057119369506836,,23.277301788330078,32.973087310791016,39.244632720947266,29.206613540649414,22.057205200195312,21.564800262451172,,,,409.560791015625,16.649349212646484,30.168790817260742
2021-07-13,98.71751403808594,14.952213287353516,,20.74892807006836,41.440025329589844,25.761735916137695,,23.445415496826172,32.79522705078125,39.112396240234375,29.15229606628418,21.995832443237305,21.39924430847168,,,,408.1645812988281,16.649349212646484,30.405990600585938
2021-07-14,99.05127716064453,15.040064811706543,,20.775772094726562,40.893211364746094,25.641326904296875,,23.154294967651367,32.854515075683594,39.20684814453125,29.143238067626953,21.896093368530273,21.52994728088379,,,,408.7736511230469,16.7203426361084,30.33186912536621
2021-07-15,99.26518249511719,15.2333345413208,,20.65607452392578,40.867977142333984,25.50533103942871,,23.20349884033203,32.99284744262695,39.008514404296875,29.097970962524414,21.804027557373047,21.608362197875977,,,,407.37750244140625,16.804656982421875,30.1613826751709
2021-07-16,99.17961120605469,15.294830322265625,,20.616899490356445,40.8090934753418,25.24199676513672,,23.232200622558594,32.973087310791016,38.876277923583984,29.034597396850586,21.65825843811035,21.460237503051758,,,,404.1822509765625,16.849035263061523,30.28739356994629
2021-07-19,99.70160675048828,15.53203010559082,,20.05831527709961,40.43893814086914,24.557674407958984,,22.673742294311523,32.95332336425781,38.38512420654297,28.944061279296875,21.052169799804688,21.48638153076172,,,,398.2132873535156,17.11083984375,29.434959411621094
2021-07-20,99.60749816894531,15.286046028137207,,20.235321044921875,40.287506103515625,25.11379623413086,,22.891878128051758,32.943443298339844,39.08407211303711,28.989330291748047,21.266984939575195,21.468950271606445,,,,403.9198303222656,16.942218780517578,29.98348617553711
2021-07-21,99.28230285644531,15.083989143371582,,20.598764419555664,40.43893814086914,25.4542236328125,,22.915658950805664,33.012611389160156,39.03684616088867,29.097970962524414,21.6352481842041,21.434101104736328,,,,407.1900939941406,16.80909538269043,30.27998161315918
2021-07-22,99.51335144042969,15.163054466247559,,20.689443588256836,40.07720184326172,25.22467613220215,,23.30600357055664,32.9039192199707,39.38631057739258,29.143238067626953,21.665931701660156,21.58222007751465,,,,408.0428466796875,16.84015464782715,30.487529754638672
2021-07-23,99.44488525390625,15.15427017211914,,20.80188751220703,40.51465606689453,25.447294235229492,,23.31830406188965,32.99284744262695,39.698001861572266,29.134187698364258,21.742650985717773,21.57350730895996,,,,412.24078369140625,16.782468795776367,30.57648468017578
2021-07-26,99.35929870605469,15.136697769165039,,20.820024490356445,40.53988265991211,25.534786224365234,,23.51922035217285,32.93356704711914,39.75467300415039,29.052705764770508,21.957473754882812,21.712919235229492,,,,413.2528076171875,16.764720916748047,30.57648468017578
2021-07-27,99.5903549194336,15.101558685302734,,20.685815811157227,40.40528106689453,25.41090965270996,,23.26500129699707,32.82487487792969,39.68855667114258,28.962169647216797,21.919111251831055,21.68678092956543,,,,411.3693542480469,16.871217727661133,30.33186912536621
2021-07-28,99.68450927734375,15.119128227233887,,20.78738021850586,40.447349548339844,25.519189834594727,,23.416711807250977,32.894039154052734,39.68855667114258,29.10702896118164,22.04953384399414,21.808765411376953,,,,411.20062255859375,16.871217727661133,30.509765625
2021-07-29,99.52192687988281,15.075203895568848,,20.809139251708984,40.69973373413086,25.614473342895508,,23.498720169067383,32.9039192199707,39.68855667114258,29.161346435546875,22.272024154663086,21.852325439453125,,,,412.90606689453125,16.791349411010742,30.724729537963867
2021-07-30,99.65879821777344,15.136697769165039,,20.822925567626953,40.624019622802734,25.44989013671875,,23.281402587890625,32.844635009765625,39.63188171386719,29.10702896118164,22.10323715209961,21.782625198364258,,,,410.9007568359375,16.871217727661133,30.57648468017578
2021-08-02,99.87049102783203,15.171839714050293,,20.791006088256836,40.8090934753418,25.666446685791016,,23.494617462158203,32.943443298339844,39.62244415283203,29.097970962524414,21.980487823486328,21.87846565246582,,,,410.0386962890625,16.951093673706055,30.47271156311035
2021-08-03,99.90477752685547,15.145484924316406,,20.783750534057617,40.43893814086914,25.835365295410156,,23.252700805664062,32.854515075683594,39.7452278137207,29.11608123779297,22.11858367919922,21.93946075439453,,,,413.3745422363281,16.88896942138672,30.27256965637207
2021-08-04,99.89619445800781,15.189411163330078,,20.5487117767334,40.35481262207031,25.49320411682129,,23.141992568969727,32.65689468383789,39.76411056518555,29.134187698364258,21.850059509277344,21.88718032836914,,,,411.3412170410156,16.924468994140625,30.435644149780273
2021-08-05,99.67339324951172,15.145484924316406,,20.610374450683594,40.455772399902344,25.67511558532715,,23.31584358215332,32.91380310058594,39.83967971801758,29.179454803466797,21.972816467285156,21.791336059570312,,,,413.9461364746094,16.817968368530273,30.554244995117188
2021-08-06,99.2277603149414,15.004922866821289,,20.426836013793945,40.35481262207031,25.692440032958984,,23.2879638671875,32.765586853027344,39.83967971801758,29.08892059326172,21.942127227783203,21.643213272094727,,,,414.6302185058594,16.65822410583496,30.47271156311035
2021-08-09,99.04780578613281,14.97856616973877,,20.138113021850586,40.144500732421875,25.562503814697266,,23.039485931396484,32.68653869628906,39.82079315185547,29.01649284362793,21.78868293762207,21.564800262451172,,,,414.2928161621094,16.667098999023438,30.294803619384766
2021-08-10,98.91925048828125,14.969782829284668,,20.28030014038086,40.35481262207031,25.822370529174805,,23.437211990356445,32.805110931396484,39.84912109375,29.00743865966797,22.01117706298828,21.58222007751465,,,,414.8082580566406,16.640470504760742,30.420822143554688
2021-08-11,99.01355743408203,14.93464183807373,,20.279571533203125,40.46417236328125,26.070981979370117,,23.64632797241211,32.82487487792969,39.698001861572266,29.052705764770508,22.187637329101562,21.643213272094727,,,,415.8389587402344,16.640470504760742,30.57648468017578
2021-08-12,99.0220947265625,14.890717506408691,,20.347763061523438,40.447349548339844,26.00428009033203,,23.67913055419922,32.765586853027344,39.905792236328125,29.02554702758789,22.133926391601562,21.590940475463867,,,,417.0852966308594,16.578346252441406,30.59872055053711
2021-08-13,99.38203430175781,14.969782829284668,,20.3717041015625,40.615604400634766,25.88300132751465,,23.629926681518555,32.74582290649414,40.14192199707031,29.02554702758789,22.126256942749023,21.739059448242188,,,,417.84423828125,16.684843063354492,30.717317581176758
2021-08-16,99.43343353271484,15.119128227233887,,20.512439727783203,40.46417236328125,25.732284545898438,,23.535621643066406,32.63713073730469,40.18914794921875,28.962169647216797,22.018844604492188,21.765201568603516,,,,418.8281555175781,16.729225158691406,30.835918426513672
2021-08-17,99.35629272460938,15.268473625183105,,20.238948822021484,40.295928955078125,25.34248161315918,,23.322406768798828,32.67665481567383,39.9530143737793,28.88068962097168,21.781009674072266,21.590940475463867,,,,416.0826416015625,16.755844116210938,30.428232192993164
2021-08-18,99.36487579345703,15.277260780334473,,19.961830139160156,40.06037902832031,25.155378341674805,,23.2239990234375,32.617366790771484,39.527984619140625,28.86258316040039,21.5815372467041,21.556079864501953,,,,411.528564453125,16.844593048095703,30.53200340270996
2021-08-19,99.5362777709961,15.461749076843262,,20.076452255249023,39.81641387939453,24.739582061767578,,23.039485931396484,32.53832244873047,39.66021728515625,28.77204704284668,21.297672271728516,21.477664947509766,,,,412.165771484375,16.853469848632812,30.30963134765625
2021-08-20,99.54485321044922,15.435393333435059,,20.1809139251709,39.690223693847656,24.557674407958984,,22.744266510009766,32.607486724853516,39.85857009887695,28.79920768737793,21.23629379272461,21.477664947509766,,,,415.4454345703125,16.791349411010742,30.30963134765625
2021-08-23,99.54485321044922,15.2333345413208,,20.390565872192383,39.90053939819336,25.216007232666016,,22.952560424804688,32.67665481567383,40.19859313964844,28.90785026550293,21.5815372467041,21.643213272094727,,,,419.0999450683594,16.7203426361084,30.524595260620117
2021-08-24,99.39916229248047,15.075203895568848,,20.341232299804688,40.169742584228516,25.63006591796875,,23.158395767211914,32.65689468383789,40.27415084838867,29.061758041381836,21.811702728271484,21.695491790771484,,,,419.76513671875,16.67597007751465,30.561655044555664
2021-08-25,99.21064758300781,14.952213287353516,,20.397092819213867,40.203392028808594,25.822370529174805,,23.363407135009766,32.64701461791992,40.3780403137207,29.07081413269043,21.896093368530273,21.643213272094727,,,,420.6460266113281,16.58722496032715,30.665430068969727
2021-08-26,99.21920013427734,15.057634353637695,,20.315845489501953,40.07720184326172,25.535646438598633,,23.403593063354492,32.706298828125,40.208038330078125,29.00743865966797,21.742650985717773,21.564800262451172,,,,418.162841796875,16.649349212646484,30.539417266845703
2021-08-27,99.49343872070312,14.85557746887207,,20.4355411529541,40.203392028808594,25.949708938598633,,23.553661346435547,32.69641876220703,40.529178619384766,29.15229606628418,22.064878463745117,21.87846565246582,,,,421.9016418457031,16.62272071838379,30.784027099609375
2021-08-30,99.6048355102539,15.01370906829834,,20.46455955505371,40.18656921386719,25.96356773376465,,23.426551818847656,32.74582290649414,40.76530075073242,29.161346435546875,22.041860580444336,21.895893096923828,,,,423.7569885253906,16.596097946166992,30.746965408325195
2021-08-31,99.45918273925781,15.01370906829834,,20.272315979003906,40.02671813964844,25.960102081298828,,23.197757720947266,32.45927047729492,40.689735412597656,29.143238067626953,22.003503799438477,21.834903717041016,,,,423.1291809082031,16.62272071838379,30.84333038330078
2021-09-01,99.49088287353516,15.031279563903809,,20.759084701538086,40.35481262207031,25.98175811767578,,23.03128433227539,32.57784652709961,40.70862579345703,29.279043197631836,21.980487823486328,21.87846565246582,,,,423.35394287109375,16.6049747467041,30.665430068969727
2021-09-02,99.59387969970703,15.048849105834961,,20.450777053833008,40.18656921386719,26.152406692504883,,23.195295333862305,32.765586853027344,40.869197845458984,29.288097381591797,22.2413387298584,21.93946075439453,,,,424.656494140625,16.640470504760742,30.7766170501709
2021-09-03,99.42227172851562,15.127913475036621,,20.522592544555664,40.1108512878418,26.12122344970703,,23.146093368530273,32.73594284057617,40.76530075073242,29.360525131225586,22.24901008605957,21.895893096923828,,,,424.553466796875,16.569473266601562,30.87298011779785
2021-09-07,99.1562271118164,15.057634353637695,,20.54507827758789,39.951019287109375,25.959238052368164,,23.01078224182129,32.67665481567383,40.623626708984375,29.279043197631836,22.04953384399414,21.765201568603516,,,,423.0353698730469,16.525100708007812,30.680253982543945
2021-09-08,99.31927490234375,15.206981658935547,,20.479068756103516,39.951019287109375,25.80937957763672,,23.06736946105957,32.65689468383789,40.538612365722656,29.206613540649414,22.080223083496094,21.747770309448242,,,,422.5201110839844,16.58722496032715,30.746965408325195
2021-09-09,99.63681030273438,15.083989143371582,,20.547260284423828,39.967830657958984,25.823238372802734,,23.01078224182129,32.62725067138672,40.50083541870117,29.206613540649414,21.9881591796875,21.913318634033203,,,,420.7115478515625,16.684843063354492,30.910045623779297
2021-09-10,99.43942260742188,15.145484924316406,,20.241849899291992,39.90053939819336,25.78858757019043,,23.108373641967773,32.607486724853516,40.14192199707031,29.161346435546875,21.9881591796875,21.81747817993164,,,,417.3944396972656,16.6937198638916,30.63578224182129
2021-09-13,99.5681381225586,15.101558685302734,,20.394193649291992,39.95942687988281,26.000816345214844,,23.199398040771484,32.64701461791992,39.71689987182617,29.188508987426758,22.11090850830078,21.852325439453125,,,,418.4627380371094,16.67597007751465,30.702491760253906
2021-09-14,99.7912826538086,15.101558685302734,,20.374605178833008,39.88371658325195,25.73748207092285,,23.252700805664062,32.58772659301758,40.11359786987305,29.134187698364258,22.026514053344727,21.92203140258789,,,,416.2044372558594,16.764720916748047,30.62095832824707
2021-09-15,99.69688415527344,15.083989143371582,,20.498653411865234,40.1108512878418,26.082244873046875,,23.531518936157227,32.617366790771484,40.151363372802734,29.125131607055664,22.272024154663086,21.96559715270996,,,,419.68084716796875,16.640470504760742,30.813682556152344
2021-09-16,99.5252456665039,15.004922866821289,,20.577728271484375,39.90053939819336,25.93065071105957,,23.42081069946289,32.558082580566406,40.33082580566406,29.061758041381836,22.10323715209961,21.852325439453125,,,,419.0154724121094,16.640470504760742,30.739553451538086
2021-09-17,99.43942260742188,15.01370906829834,,20.284652709960938,39.78276443481445,25.6881046295166,,23.31830406188965,32.64701461791992,39.93413162231445,29.052705764770508,21.819374084472656,21.660642623901367,,,,414.9339294433594,16.66265869140625,30.524595260620117
2021-09-20,99.62822723388672,15.101558685302734,,20.135936737060547,39.44626235961914,25.151044845581055,,23.30600357055664,32.607486724853516,39.19740676879883,28.87163543701172,21.481800079345703,21.52123260498047,,,,408.01513671875,16.880094528198242,30.368932723999023
2021-09-21,99.67111206054688,15.119128227233887,,20.105470657348633,39.437862396240234,25.21341323852539,,23.059988021850586,32.5086784362793,39.38631057739258,28.935009002685547,21.565723419189453,21.547374725341797,,,,407.6297912597656,16.835721969604492,30.346694946289062
2021-09-22,99.70543670654297,14.996137619018555,,20.27884864807129,39.6313362121582,25.565967559814453,,23.277301788330078,32.54820251464844,39.735782623291016,29.01649284362793,21.788999557495117,21.71345329284668,,,,411.6061706542969,16.729225158691406,30.53200340270996
2021-09-23,99.21626281738281,14.93464183807373,,20.304964065551758,39.791168212890625,25.92025375366211,,23.46591567993164,32.567962646484375,40.09469985961914,29.061758041381836,22.05078125,21.704715728759766,,,,416.60711669921875,16.555002212524414,30.70990753173828
2021-09-24,99.0446548461914,14.785295486450195,,20.307140350341797,39.799591064453125,25.88007926940918,,23.543819427490234,32.5086784362793,40.0284423828125,28.998384475708008,22.058481216430664,21.47744369506836,,,,417.2934875488281,16.435009002685547,30.62095832824707
2021-09-27,98.9073257446289,14.688658714294434,,20.207754135131836,40.06878662109375,26.1639461517334,,23.71931266784668,32.5086784362793,39.62143325805664,29.00743865966797,22.266361236572266,21.494924545288086,,,,416.0995178222656,16.435009002685547,30.732141494750977
2021-09-28,98.49539184570312,14.820435523986816,,20.011159896850586,39.99309158325195,25.85387420654297,,23.650428771972656,32.5086784362793,38.80742645263672,28.81731414794922,22.08157730102539,21.206459045410156,,,,407.7143859863281,16.577224731445312,30.44305992126465
2021-09-29,98.56409454345703,14.925858497619629,,20.16712760925293,39.76594161987305,25.835533142089844,,23.72013282775879,32.528438568115234,38.816898345947266,28.69961929321289,22.058481216430664,21.14527130126953,,,,408.4006042480469,16.5594482421875,30.36151695251465
2021-09-30,98.546875,14.960999488830566,,20.2447509765625,39.99309158325195,25.554283142089844,,23.773435592651367,32.48891830444336,38.56132888793945,28.753938674926758,21.989185333251953,21.12778091430664,,,,403.40899658203125,16.675003051757812,30.38375473022461
2021-10-01,98.84772491455078,14.838006019592285,,20.188892364501953,39.83323669433594,25.876585006713867,,23.7529354095459,32.67665481567383,38.788490295410156,28.86258316040039,22.28945541381836,21.311351776123047,,,,408.2032165527344,16.577224731445312,30.784027099609375
2021-10-04,98.77894592285156,14.89950180053711,,20.06121826171875,39.77434539794922,25.897546768188477,,24.076858520507812,32.607486724853516,38.59918212890625,28.6815128326416,22.466541290283203,21.28512954711914,,,,402.9389343261719,16.701663970947266,29.98348617553711
2021-10-05,98.54689025878906,14.917071342468262,,20.182363510131836,40.22020721435547,26.126392364501953,,24.24907112121582,32.57784652709961,38.79795837402344,28.790151596069336,22.597431182861328,21.320096969604492,,,,407.1315002441406,16.5594482421875,30.457883834838867
2021-10-06,98.58987426757812,14.908287048339844,,20.17438507080078,39.94260025024414,25.939470291137695,,24.13016128540039,32.528438568115234,38.99673080444336,28.77204704284668,22.420345306396484,21.328840255737305,,,,408.8236083984375,16.48833656311035,30.168790817260742
2021-10-07,98.31481170654297,14.829221725463867,,20.1555233001709,40.21179962158203,26.216350555419922,,24.150663375854492,32.65689468383789,39.23336410522461,28.808258056640625,22.82840919494629,21.337575912475586,,,,412.35821533203125,16.355012893676758,30.368932723999023
2021-10-08,98.09993743896484,14.785295486450195,,20.290454864501953,40.094024658203125,26.289724349975586,,24.24907112121582,32.57784652709961,39.11030578613281,28.835420608520508,22.666719436645508,21.337575912475586,,,,411.6061706542969,16.328346252441406,30.405454635620117
2021-10-11,97.94517517089844,14.794082641601562,,20.359373092651367,40.06037902832031,26.32902717590332,,24.639415740966797,32.54820251464844,38.93046951293945,28.78110122680664,22.736013412475586,21.28512954711914,,,,408.6262512207031,16.3638973236084,30.278057098388672
2021-10-12,98.30621337890625,14.767725944519043,,20.270143508911133,40.06878662109375,26.357852935791016,,24.35157585144043,32.518558502197266,38.82636260986328,28.81731414794922,22.759111404418945,21.451215744018555,,,,407.620361328125,16.426118850708008,30.295042037963867
2021-10-13,98.52970886230469,14.75015640258789,,20.326725006103516,40.018310546875,26.438207626342773,,24.179365158081055,32.558082580566406,39.02512741088867,28.89879608154297,22.928499221801758,21.63478660583496,,,,409.0867919921875,16.372783660888672,30.541345596313477
2021-10-14,98.71882629394531,14.71501636505127,,20.492122650146484,40.30433654785156,26.81989860534668,,24.265470504760742,32.53832244873047,39.65929412841797,28.989330291748047,23.167177200317383,21.840208053588867,,,,415.9678955078125,16.33723258972168,30.73668098449707
2021-10-15,98.47813415527344,14.635950088500977,,20.66042709350586,40.43052673339844,26.957029342651367,,24.54429054260254,32.558082580566406,40.009517669677734,29.034597396850586,23.26726722717285,21.800870895385742,,,,419.1358642578125,16.19501304626465,30.881067276000977
2021-10-18,98.40933990478516,14.609593391418457,,20.529848098754883,40.472591400146484,26.96576499938965,,24.503286361694336,32.57784652709961,40.018978118896484,28.980276107788086,23.190275192260742,21.835838317871094,,,,420.37677001953125,16.19501304626465,30.872575759887695
2021-10-19,98.125732421875,14.679875373840332,,20.687990188598633,40.42211151123047,26.964019775390625,,24.486886978149414,32.607486724853516,40.198822021484375,29.125131607055664,23.282665252685547,21.77464485168457,,,,423.61993408203125,16.070575714111328,30.617780685424805
2021-10-20,98.05696868896484,14.679875373840332,,20.759811401367188,40.65766143798828,27.155305862426758,,24.507387161254883,32.607486724853516,40.29346466064453,29.17040252685547,23.444351196289062,21.792131423950195,,,,425.2837829589844,16.04390525817871,30.79613494873047
2021-10-21,97.85064697265625,14.741371154785156,,20.835256576538086,40.41370391845703,26.875804901123047,,24.534448623657227,32.66677474975586,40.46383285522461,29.10702896118164,23.190275192260742,21.765029907226562,,,,426.3929748535156,15.963915824890137,30.73668098449707
2021-10-22,98.03977966308594,14.723799705505371,,20.80624008178711,40.53147506713867,26.9063720703125,,24.486886978149414,32.57784652709961,40.444908142089844,29.11608123779297,23.259567260742188,21.835838317871094,,,,425.95111083984375,16.02613067626953,30.84709358215332
2021-10-25,98.13430786132812,14.732586860656738,,20.885311126708984,40.581947326660156,27.181509017944336,,24.568889617919922,32.65689468383789,40.61528015136719,29.125131607055664,23.375057220458984,21.914505004882812,,,,428.2354736328125,15.999466896057129,30.940523147583008
2021-10-26,98.31481170654297,14.679875373840332,,20.895469665527344,40.64924621582031,27.043506622314453,,24.56068992614746,32.607486724853516,40.69100570678711,29.10702896118164,23.405855178833008,22.036884307861328,,,,428.62091064453125,15.999466896057129,30.685728073120117
2021-10-27,98.64143371582031,14.679875373840332,,20.7772216796875,40.640838623046875,26.552631378173828,,24.39668083190918,32.518558502197266,40.53955841064453,29.04365348815918,23.12868309020996,22.133037567138672,,,,426.7220153808594,16.17723846435547,30.62627601623535
2021-10-28,98.56410217285156,14.71501636505127,,20.769241333007812,40.41370391845703,26.777976989746094,,24.22610855102539,32.558082580566406,40.77618408203125,29.052705764770508,23.244171142578125,21.993175506591797,,,,430.83935546875,16.0572452545166,30.830110549926758
2021-10-29,98.53828430175781,14.75015640258789,,21.088436126708984,40.396873474121094,26.628616333007812,,24.67877960205078,32.469154357910156,40.946563720703125,29.061758041381836,23.06708335876465,21.905763626098633,,,,431.713623046875,16.04390525817871,30.813125610351562
2021-11-01,98.47803497314453,14.618378639221191,,21.121078491210938,40.90163040161133,27.020793914794922,,24.526247024536133,32.53832244873047,41.08854675292969,29.161346435546875,23.228771209716797,21.905763626098633,,,,432.456298828125,16.02613067626953,30.96599769592285
2021-11-02,98.67603302001953,14.530529022216797,,21.0441837310791,40.77543640136719,26.9456787109375,,24.519685745239258,32.40986633300781,41.20212936401367,29.052705764770508,23.12868309020996,21.897022247314453,,,,434.2046813964844,16.03502082824707,30.96599769592285
2021-11-03,98.47803497314453,14.486603736877441,,20.888938903808594,40.46417236328125,27.14220428466797,,24.13836097717285,32.39010238647461,41.372501373291016,29.08892059326172,23.059385299682617,21.853317260742188,,,,436.85565185546875,15.946136474609375,30.95750617980957
2021-11-04,98.80517578125,14.539314270019531,,20.718463897705078,40.26227951049805,26.946548461914062,,24.195762634277344,32.25177001953125,41.64698791503906,29.179454803466797,22.982397079467773,22.02814483642578,,,,438.914306640625,16.04390525817871,30.79613494873047
2021-11-05,99.19256591796875,14.258191108703613,,21.019519805908203,40.41370391845703,27.129098892211914,,23.96204948425293,32.18260192871094,41.8362922668457,29.251882553100586,23.205677032470703,22.211711883544922,,,,440.43719482421875,16.132797241210938,30.86408233642578
2021-11-08,99.01177215576172,14.231837272644043,,20.97381591796875,40.396873474121094,27.311649322509766,,24.175262451171875,32.113433837890625,41.855220794677734,29.224721908569336,23.313465118408203,22.395280838012695,,,,440.8132019042969,16.061691284179688,31.118877410888672
2021-11-09,99.28729248046875,14.407538414001465,,21.124710083007812,40.54830551147461,27.2775821685791,,24.0350341796875,32.1430778503418,41.7511100769043,29.26999282836914,23.359661102294922,22.5788516998291,,,,439.3561706542969,16.1239070892334,31.00846290588379
2021-11-10,98.61576080322266,14.460246086120605,,21.06304359436035,40.59877014160156,26.9849853515625,,24.467205047607422,32.05414962768555,41.32517623901367,29.11608123779297,23.07478141784668,22.360315322875977,,,,435.8216247558594,16.03502082824707,30.82161521911621
2021-11-11,98.43497467041016,14.45146369934082,,21.059417724609375,40.396873474121094,27.172765731811523,,24.484424591064453,32.113433837890625,41.27785110473633,29.215669631958008,23.221071243286133,22.41275978088379,,,,435.9624938964844,16.052797317504883,31.110389709472656
2021-11-12,98.41773986816406,14.530529022216797,,21.095691680908203,40.32957458496094,27.12473487854004,,24.253170013427734,32.064029693603516,41.495548248291016,29.197561264038086,23.221071243286133,22.43024253845215,,,,439.2527160644531,15.990572929382324,31.33120346069336
2021-11-15,98.05619049072266,14.477818489074707,,21.175485610961914,39.99309158325195,27.21819305419922,,24.452444076538086,32.08379364013672,41.43876266479492,29.242828369140625,23.251869201660156,22.264163970947266,,,,439.40313720703125,15.910582542419434,31.10188865661621
2021-11-16,98.02175903320312,14.486603736877441,,21.280672073364258,40.472591400146484,27.20595932006836,,24.82474708557129,32.13319778442383,41.69430923461914,29.215669631958008,23.144079208374023,22.15926742553711,,,,441.1422424316406,15.901690483093262,30.932025909423828
2021-11-17,98.25420379638672,14.495388984680176,,20.98252296447754,40.094024658203125,26.823396682739258,,24.441783905029297,32.18260192871094,41.46715545654297,29.197561264038086,23.020891189575195,22.176746368408203,,,,440.070556640625,15.990572929382324,30.96599769592285
2021-11-18,98.34031677246094,14.54809856414795,,21.110198974609375,40.237037658691406,26.86881446838379,,24.408979415893555,32.10355758666992,41.57126235961914,29.11608123779297,23.020891189575195,22.202970504760742,,,,441.56524658203125,15.937246322631836,30.881067276000977
2021-11-19,98.52970123291016,14.635950088500977,,20.812767028808594,39.94260025024414,26.465286254882812,,24.399959564208984,32.00474166870117,41.64698791503906,29.07081413269043,22.712919235229492,22.23793601989746,,,,440.77557373046875,16.02613067626953,30.889558792114258
2021-11-22,98.05619049072266,14.688658714294434,,20.99847984313965,40.18656921386719,26.69761848449707,,24.603336334228516,32.00474166870117,41.26838302612305,28.88068962097168,22.743715286254883,22.001920700073242,,,,439.5347595214844,15.910582542419434,30.872575759887695
2021-11-23,97.66879272460938,14.741371154785156,,21.229894638061523,40.38004684448242,26.914230346679688,,24.8780517578125,32.034385681152344,41.372501373291016,28.87163543701172,23.01319122314453,21.800870895385742,,,,440.1175842285156,15.866135597229004,31.08490562438965
2021-11-24,97.89261627197266,14.644733428955078,,21.17186164855957,40.38004684448242,26.86269760131836,,24.919876098632812,32.10355758666992,41.495548248291016,28.8444766998291,23.03628921508789,21.966951370239258,,,,441.2926330566406,15.866135597229004,30.949012756347656
2021-11-26,98.58995056152344,14.881932258605957,,20.29770851135254,39.2275390625,25.82767105102539,,23.915306091308594,31.994863510131836,41.19266891479492,28.645296096801758,22.30485725402832,21.940732955932617,,,,431.4503479003906,16.310569763183594,30.116683959960938
2021-11-29,98.64159393310547,14.864362716674805,,20.22879409790039,39.50514602661133,25.901912689208984,,23.851343154907227,31.955339431762695,41.30624771118164,28.70867347717285,22.351051330566406,21.923246383666992,,,,436.74285888671875,16.097246170043945,30.30353355407715
2021-11-30,98.80517578125,15.031279563903809,,20.58788299560547,39.06769943237305,25.364749908447266,,23.356847763061523,31.935575485229492,40.832984924316406,28.6271915435791,21.9429931640625,21.931989669799805,,,,428.2448425292969,16.355012893676758,29.700525283813477
2021-12-01,98.82413482666016,15.171839714050293,,19.967634201049805,38.64707946777344,25.032835006713867,,23.165775299072266,31.80712127685547,40.22720718383789,28.554763793945312,21.78130531311035,21.940732955932617,,,,423.48828125,16.568336486816406,29.403261184692383
2021-12-02,98.80687713623047,15.180625915527344,,19.9661865234375,39.076114654541016,25.489652633666992,,23.314205169677734,31.87628936767578,40.76671600341797,28.500438690185547,22.10466957092285,22.106815338134766,,,,429.9744873046875,16.4172306060791,29.887374877929688
2021-12-03,99.20347595214844,15.382681846618652,,20.06194305419922,38.975162506103516,25.296613693237305,,23.21661949157715,31.70831298828125,40.46383285522461,28.54570960998535,22.05078125,22.106815338134766,,,,426.233154296875,16.55056381225586,29.573122024536133
2021-12-06,98.85862731933594,15.277260780334473,,20.076452255249023,39.19388961791992,25.55690574645996,,23.371610641479492,31.797243118286133,40.93709945678711,28.49138641357422,22.335651397705078,22.12430191040039,,,,431.28118896484375,16.372783660888672,29.96380615234375
2021-12-07,98.70344543457031,15.040064811706543,,20.37750244140625,39.39579391479492,26.033802032470703,,23.552021026611328,31.797243118286133,41.59019470214844,28.6815128326416,22.620529174804688,22.22919464111328,,,,440.20220947265625,16.141685485839844,30.074220657348633
2021-12-08,98.4448013305664,14.881932258605957,,20.43916893005371,39.521976470947266,26.046905517578125,,23.64715003967285,31.925697326660156,41.71324920654297,28.72677993774414,22.70522117614746,22.106815338134766,,,,441.36785888671875,16.00835418701172,30.06572914123535
2021-12-09,98.45339965820312,14.98735237121582,,20.341232299804688,39.3116569519043,25.925495147705078,,23.523319244384766,31.80712127685547,41.476619720458984,28.654348373413086,22.520435333251953,22.001920700073242,,,,438.387939453125,16.079463958740234,29.980792999267578
2021-12-10,98.47931671142578,15.101558685302734,,20.344860076904297,39.3369026184082,25.85387420654297,,23.549560546875,31.767601013183594,41.63753890991211,28.654348373413086,22.612829208374023,21.984439849853516,,,,442.5146484375,16.052797317504883,29.895862579345703
2021-12-13,98.82413482666016,15.35632610321045,,20.348487854003906,39.1265869140625,25.671323776245117,,23.555301666259766,31.649024963378906,41.54287338256836,28.61813735961914,22.443439483642578,21.966951370239258,,,,438.5946960449219,16.159460067749023,29.90435791015625
2021-12-14,98.63447570800781,15.435393333435059,,20.384761810302734,39.252777099609375,25.487030029296875,,23.535621643066406,31.619382858276367,41.02228927612305,28.527603149414062,22.32795524597168,21.827091217041016,,,,435.5771789550781,16.21279525756836,29.72599983215332
2021-12-15,98.55686950683594,15.549599647521973,,20.49357795715332,39.345314025878906,25.669578552246094,,23.36996841430664,31.72807502746582,41.58073043823242,28.60908317565918,22.451139450073242,21.87080192565918,,,,442.383056640625,16.079463958740234,29.768468856811523
2021-12-16,98.69236755371094,15.786796569824219,,20.500831604003906,39.60609817504883,25.680931091308594,,23.338804244995117,31.65890884399414,41.372501373291016,28.56381607055664,22.5743350982666,21.914505004882812,,,,438.48193359375,16.168354034423828,29.751482009887695
2021-12-17,98.81317138671875,15.725298881530762,,20.3724308013916,39.20229721069336,25.447725296020508,,23.337167739868164,31.481048583984375,41.18319320678711,28.554763793945312,22.35875129699707,21.905763626098633,,,,433.815185546875,16.266124725341797,29.84490203857422
2021-12-20,98.66647338867188,15.901001930236816,,20.314393997192383,39.19388961791992,25.091360092163086,,23.282224655151367,31.589738845825195,40.73833084106445,28.49138641357422,22.143169403076172,21.678489685058594,,,,429.2022399902344,16.328346252441406,29.717510223388672
2021-12-21,98.58879852294922,15.5056734085083,,20.446420669555664,39.378963470458984,25.753427505493164,,23.445415496826172,31.767601013183594,41.51448059082031,28.654348373413086,22.58203125,21.897022247314453,,,,436.8244934082031,16.1239070892334,29.81943130493164
2021-12-22,98.67512512207031,15.452962875366211,,20.273042678833008,39.44626235961914,26.137741088867188,,23.486417770385742,31.797243118286133,41.76057052612305,28.7358341217041,22.789913177490234,22.12430191040039,,,,441.1921691894531,16.118568420410156,29.895862579345703
2021-12-23,98.55428314208984,15.409038543701172,,20.429738998413086,39.50969696044922,25.99515724182129,,23.527421951293945,31.817005157470703,41.8362922668457,28.77204704284668,22.86690330505371,22.07185173034668,,,,443.93731689453125,15.985058784484863,30.082712173461914
2021-12-27,98.6060562133789,15.461749076843262,,20.61762809753418,39.41411590576172,26.59758186340332,,23.601224899291992,31.866409301757812,42.34006118774414,28.89879608154297,23.1055850982666,22.168004989624023,,,,450.2200012207031,15.94946002960205,29.96380615234375
2021-12-28,98.56291961669922,15.5056734085083,,20.928842544555664,39.37066650390625,26.528066635131836,,23.601224899291992,31.836767196655273,42.20724105834961,28.79920768737793,23.094493865966797,22.168004989624023,,,,449.8520812988281,15.94946002960205,29.912853240966797
2021-12-29,98.2695083618164,15.655019760131836,,20.49357795715332,39.49231719970703,26.586885452270508,,23.546911239624023,31.836767196655273,42.140830993652344,28.770156860351562,23.077430725097656,22.07947540283203,,,,450.4274597167969,15.851557731628418,30.057235717773438
2021-12-30,98.48527526855469,15.619880676269531,,20.707544326782227,39.500999450683594,26.545896530151367,,23.402372360229492,31.77747917175293,42.273643493652344,28.751996994018555,23.085960388183594,22.2653865814209,,,,449.1822814941406,15.913858413696289,29.83641242980957
2021-12-31,98.45073699951172,15.619880676269531,,20.67308807373047,39.46625518798828,26.585107803344727,,23.214033126831055,31.866409301757812,42.05544662475586,28.860942840576172,23.034772872924805,22.20341682434082,,,,448.05023193359375,15.896059036254883,30.09969711303711
2022-01-03,97.7776107788086,15.461749076843262,,20.859806060791016,39.674781799316406,26.75264549255371,,23.380474090576172,31.82688331604004,42.05544662475586,28.80647087097168,23.179805755615234,22.09718132019043,,,,450.6444396972656,15.726949691772461,29.878883361816406
2022-01-04,97.76898193359375,15.5056734085083,,20.701133728027344,39.883331298828125,27.10999870300293,,23.483842849731445,31.836767196655273,41.989044189453125,28.83370590209961,23.38456153869629,21.86700439453125,,,,450.4934997558594,15.709146499633789,30.04874038696289
2022-01-05,97.46692657470703,15.813153266906738,,20.659460067749023,39.648719787597656,26.766904830932617,,23.471576690673828,31.70831298828125,41.116241455078125,28.5976619720459,23.273651123046875,21.610265731811523,,,,441.8430480957031,15.780354499816895,29.929838180541992
2022-01-06,97.36334228515625,15.892216682434082,,20.74761199951172,39.70955276489258,27.019990921020508,,23.555673599243164,31.797243118286133,41.030860900878906,28.724761962890625,23.32484245300293,21.557146072387695,,,,441.4280090332031,15.726949691772461,29.63257598876953
2022-01-07,97.07856750488281,15.971282958984375,,20.875831604003906,39.70086669921875,27.078813552856445,,23.489974975585938,31.836767196655273,40.87907028198242,28.643054962158203,23.452808380126953,21.557146072387695,,,,439.6827392578125,15.673547744750977,29.641071319580078
2022-01-10,96.99227142333984,16.015207290649414,,20.56409454345703,39.51837921142578,26.886320114135742,,23.415512084960938,31.80712127685547,40.76521682739258,28.5976619720459,23.376028060913086,21.53058624267578,,,,439.1356506347656,15.664648056030273,29.692028045654297
2022-01-11,97.17349243164062,15.83072280883789,,20.560894012451172,39.70955276489258,27.340810775756836,,23.485593795776367,31.817005157470703,41.192134857177734,28.77923583984375,23.708757400512695,21.81388282775879,,,,443.1353759765625,15.629046440124512,29.785451889038086
2022-01-12,97.17349243164062,15.813153266906738,,20.463926315307617,39.71823501586914,27.398738861083984,,23.40587615966797,31.80712127685547,40.983428955078125,28.870018005371094,23.92203712463379,21.86700439453125,,,,444.3334655761719,15.611248016357422,29.742990493774414
2022-01-13,97.34612274169922,15.96249771118164,,20.314069747924805,39.500999450683594,27.322093963623047,,23.261337280273438,31.67867088317871,40.80317306518555,28.688447952270508,23.82819175720215,21.8581485748291,,,,438.2111511230469,15.718050956726074,29.505178451538086
2022-01-14,96.80242156982422,16.11184310913086,,20.59855842590332,39.64002990722656,27.50032615661621,,23.531145095825195,31.599620819091797,40.57549285888672,28.706605911254883,23.947633743286133,21.64567756652832,,,,438.3904724121094,15.593448638916016,29.581621170043945
2022-01-18,96.2155990600586,16.35782814025879,,20.91590118408203,39.47493362426758,27.248132705688477,,23.798324584960938,31.500808715820312,39.59834671020508,28.461483001708984,23.84525489807129,21.433202743530273,,,,430.6265869140625,15.65575122833252,29.386274337768555
2022-01-19,96.42268371582031,16.436891555786133,,20.859806060791016,39.58789825439453,27.11802101135254,,23.817598342895508,31.490930557250977,39.475006103515625,28.50687599182129,23.913503646850586,21.433202743530273,,,,426.15521240234375,15.744751930236816,29.43723487854004
2022-01-20,96.47447967529297,16.4281063079834,,20.91590118408203,39.48362350463867,26.78917694091797,,23.87979507446289,31.392118453979492,39.133480072021484,28.379776000976562,23.725820541381836,21.40664291381836,,,,421.4385070800781,15.833757400512695,29.513673782348633
2022-01-21,96.85419464111328,16.674089431762695,,20.6434326171875,39.266395568847656,26.391721725463867,,23.761533737182617,31.224140167236328,38.421958923339844,28.279911041259766,23.512529373168945,21.326963424682617,,,,413.16546630859375,16.136367797851562,29.11449432373047
2022-01-24,96.74202728271484,16.638948440551758,,20.548070907592773,38.93620681762695,26.636795043945312,,23.821104049682617,31.28342628479004,38.40298843383789,28.17096710205078,23.40162467956543,21.282703399658203,,,,414.9200134277344,16.10966682434082,29.216415405273438
2022-01-25,96.64708709716797,16.60380744934082,,20.75562858581543,38.9188346862793,26.76155662536621,,23.949874877929688,31.194496154785156,38.0140266418457,28.125574111938477,23.512529373168945,21.24728775024414,,,,409.8542785644531,16.207569122314453,28.97860336303711
2022-01-26,96.1033706665039,16.498388290405273,,20.88385009765625,39.13606643676758,26.574413299560547,,24.281002044677734,31.125329971313477,37.64403533935547,27.971237182617188,23.410158157348633,20.999406814575195,,,,408.8260803222656,16.056262969970703,29.02107048034668
2022-01-27,96.42268371582031,16.612594604492188,,20.875831604003906,39.22295379638672,26.473709106445312,,24.500001907348633,31.135211944580078,37.691471099853516,27.87137222290039,23.410158157348633,21.096790313720703,,,,406.8072204589844,16.18977165222168,29.046552658081055
2022-01-28,96.49171447753906,16.630163192749023,,21.03610610961914,39.35328674316406,26.700956344604492,,24.49299430847168,31.27354621887207,38.52631759643555,27.89860725402832,23.54665756225586,21.220727920532227,,,,416.9105224609375,15.95836353302002,29.106002807617188
2022-01-31,96.48310089111328,16.436891555786133,,20.75562858581543,39.5357666015625,26.920181274414062,,24.383493423461914,31.27354621887207,39.41808319091797,28.26175308227539,23.73434829711914,21.34467124938965,,,,424.4194641113281,15.771454811096191,29.641071319580078
2022-02-01,96.44940948486328,16.15576934814453,,20.763639450073242,39.631343841552734,27.203569412231445,,24.490367889404297,31.372356414794922,39.645774841308594,28.270830154418945,23.92203712463379,21.388938903808594,,,,427.2872009277344,15.629046440124512,29.607101440429688
2022-02-02,96.55310821533203,16.296329498291016,,20.790084838867188,39.60527420043945,27.339920043945312,,24.580595016479492,31.35259437561035,39.911407470703125,28.307146072387695,24.09266471862793,21.44205665588379,,,,431.43804931640625,15.637948989868164,29.66655158996582
2022-02-03,96.1642074584961,16.419322967529297,,20.81171989440918,39.874637603759766,27.171491622924805,,24.69272232055664,31.21426010131836,38.905799865722656,28.207279205322266,23.913503646850586,21.194171905517578,,,,421.2970275878906,15.824857711791992,29.352306365966797
2022-02-04,95.55921173095703,16.27876091003418,,21.04412269592285,40.1526985168457,27.29625129699707,,25.03173828125,31.28342628479004,38.981693267822266,28.207279205322266,24.058544158935547,21.05252456665039,,,,423.278076171875,15.620144844055176,29.386274337768555
2022-02-07,95.64566802978516,16.234834671020508,,20.803709030151367,40.27434539794922,27.326553344726562,,24.821495056152344,31.15497398376465,38.83938217163086,28.28898811340332,24.126792907714844,21.141050338745117,,,,421.91961669921875,15.64684772491455,29.445724487304688
2022-02-08,95.351806640625,16.05034828186035,,20.731586456298828,40.00497817993164,27.45665740966797,,24.893325805664062,31.24390411376953,39.24732971191406,28.3525390625,24.14385223388672,21.17646598815918,,,,425.39117431640625,15.45103931427002,29.343809127807617
2022-02-09,95.41226196289062,15.848294258117676,,20.907888412475586,40.07448959350586,27.759654998779297,,24.834636688232422,31.34271240234375,39.845001220703125,28.552268981933594,24.382736206054688,21.388938903808594,,,,431.6172790527344,15.397637367248535,29.63257598876953
2022-02-10,94.53076934814453,15.839506149291992,,20.955968856811523,40.1179313659668,27.523496627807617,,25.036991119384766,31.382238388061523,38.915287017822266,28.397932052612305,24.27182388305664,21.087932586669922,,,,423.8629455566406,15.3931884765625,29.3947696685791
2022-02-11,95.15304565429688,16.085487365722656,,21.412755966186523,40.361236572265625,27.652711868286133,,25.036991119384766,31.372356414794922,38.2796630859375,28.29806900024414,24.425392150878906,21.17646598815918,,,,415.5048828125,15.718050956726074,29.46271324157715
2022-02-14,94.59992980957031,16.103057861328125,,21.468852996826172,40.25696563720703,27.444185256958008,,25.408414840698242,31.33283042907715,38.04248046875,28.19820213317871,24.28888511657715,21.008255004882812,,,,414.1465148925781,15.700247764587402,29.530656814575195
2022-02-15,94.44436645507812,15.901001930236816,,21.14028549194336,39.9267692565918,27.623308181762695,,25.149993896484375,31.431642532348633,38.48836898803711,28.379776000976562,24.280357360839844,20.946290969848633,,,,420.82537841796875,15.468836784362793,29.428739547729492
2022-02-16,94.55670166015625,15.848294258117676,,21.116247177124023,39.98759841918945,27.614395141601562,,25.141237258911133,31.34271240234375,38.73503494262695,28.3525390625,24.408329010009766,21.079078674316406,,,,421.2970275878906,15.459939956665039,29.615591049194336
2022-02-17,94.7554702758789,16.076702117919922,,20.89987564086914,39.68346405029297,27.49675941467285,,24.970415115356445,31.36247444152832,37.94760513305664,28.189123153686523,24.382736206054688,20.963993072509766,,,,412.2974548339844,15.762550354003906,29.556137084960938
2022-02-18,94.95425415039062,16.15576934814453,,20.91590118408203,40.03104782104492,27.489633560180664,,25.062397003173828,31.382238388061523,37.74838638305664,28.116493225097656,24.34008026123047,20.981698989868164,,,,409.6278991699219,15.860457420349121,29.488195419311523
2022-02-22,94.85054779052734,16.313899993896484,,21.068166732788086,40.1526985168457,27.349720001220703,,25.35235023498535,31.411882400512695,37.349937438964844,28.016630172729492,24.27182388305664,20.937429428100586,,,,405.2320251464844,15.94946002960205,29.598604202270508
2022-02-23,94.42705535888672,16.287546157836914,,21.19638442993164,40.33516311645508,27.124258041381836,,25.524925231933594,31.27354621887207,36.52458190917969,27.862293243408203,24.21210289001465,20.804636001586914,,,,398.043701171875,16.065162658691406,29.556137084960938
2022-02-24,94.59992980957031,16.02399253845215,,21.508920669555664,40.422054290771484,27.135845184326172,,25.877077102661133,31.36247444152832,37.16020584106445,27.844135284423828,24.220632553100586,20.724958419799805,,,,404.0337829589844,15.922758102416992,29.7344913482666
2022-02-25,94.69498443603516,15.82193660736084,,21.476863861083984,40.08317947387695,27.631324768066406,,25.139484405517578,31.619382858276367,38.17530059814453,28.14373207092285,24.5618896484375,20.981698989868164,,,,412.9484558105469,15.65575122833252,29.692028045654297
2022-02-28,95.37775421142578,15.698945999145508,,21.400732040405273,40.30909729003906,27.618854522705078,,25.347095489501953,31.510690689086914,38.06145477294922,28.07110023498535,24.672805786132812,21.3358211517334,,,,411.8918151855469,15.940557479858398,29.709014892578125
2022-03-01,95.91521453857422,15.804366111755371,,21.845497131347656,41.10850524902344,27.706188201904297,,25.87619972229004,31.510690689086914,37.767364501953125,27.962156295776367,24.775178909301758,21.371234893798828,,,,405.61865234375,16.30547332763672,30.201618194580078
2022-03-02,94.76406860351562,15.83072280883789,,22.039430618286133,41.43868637084961,28.397729873657227,,26.549846649169922,31.619382858276367,38.1088981628418,28.05294418334961,25.380910873413086,21.31899642944336,,,,413.08050537109375,15.864907264709473,30.79613494873047
2022-03-03,95.08433532714844,16.146984100341797,,21.98974609375,41.508209228515625,28.52159881591797,,27.04916763305664,31.490930557250977,38.08991622924805,27.889528274536133,25.432092666625977,21.25614356994629,,,,411.0240478515625,15.985058784484863,31.23777961730957
2022-03-04,95.46516418457031,16.480817794799805,,21.86152458190918,41.91659164428711,28.837066650390625,,27.3732852935791,31.322952270507812,37.91916275024414,27.78058624267578,25.82453727722168,21.3358211517334,,,,407.6845703125,16.207569122314453,31.501068115234375
2022-03-07,94.91122436523438,16.902502059936523,,22.5274658203125,43.48065185546875,28.796968460083008,,27.866477966308594,31.145092010498047,36.856624603271484,27.45375633239746,25.807476043701172,21.309261322021484,,,,395.6664123535156,16.51018524169922,32.053123474121094
2022-03-08,94.57365417480469,16.81464958190918,19.848617553710938,22.783105850219727,43.81952667236328,29.096397399902344,,28.370176315307617,31.29330825805664,36.45817184448242,27.471912384033203,25.935447692871094,21.484548568725586,,,,392.66656494140625,16.456777572631836,32.1550407409668
2022-03-09,94.37464904785156,16.4281063079834,19.39235496520996,22.2862548828125,43.06357192993164,28.383464813232422,,26.901996612548828,31.402000427246094,37.23609924316406,27.74427032470703,25.47475242614746,21.318117141723633,,,,403.19427490234375,16.100767135620117,31.01696014404297
2022-03-10,93.84666442871094,16.48960304260254,19.61695098876953,22.466564178466797,42.47270202636719,28.588438034057617,,26.960689544677734,31.392118453979492,36.99892807006836,27.562698364257812,25.59419059753418,21.087932586669922,,,,401.3736267089844,16.056262969970703,30.830110549926758
2022-03-11,93.82933044433594,16.69165802001953,19.617738723754883,22.59878921508789,42.490089416503906,28.485950469970703,,27.36189842224121,31.411882400512695,36.52458190917969,27.38112449645996,25.5600643157959,21.114492416381836,,,,396.2701416015625,16.19866943359375,30.89805793762207
2022-03-14,92.9205551147461,17.043062210083008,19.079017639160156,22.494611740112305,46.08740997314453,28.28544044494629,,27.283933639526367,31.411882400512695,35.87946701049805,27.244945526123047,25.090839385986328,20.724958419799805,,,,393.3741149902344,16.082965850830078,30.481891632080078
2022-03-15,93.1282730102539,16.911287307739258,19.027971267700195,22.262210845947266,43.82821273803711,27.793521881103516,,26.88535499572754,31.481048583984375,36.695343017578125,27.299419403076172,24.87755012512207,20.45937156677246,,,,402.0245361328125,15.824857711791992,30.34599494934082
2022-03-16,93.197509765625,16.401752471923828,18.991064071655273,21.973718643188477,42.42056655883789,28.401290893554688,,26.612918853759766,31.510690689086914,37.47327423095703,27.653486251831055,24.98846435546875,20.680694580078125,,,,410.9391784667969,15.531142234802246,30.295042037963867
2022-03-17,93.35331726074219,16.11184310913086,19.06566619873047,22.144411087036133,42.42926025390625,28.53496551513672,,27.219985961914062,31.520572662353516,37.81480026245117,27.862293243408203,25.577129364013672,20.97284507751465,,,,416.08038330078125,15.370936393737793,30.490386962890625
2022-03-18,93.5610580444336,15.927356719970703,18.801021575927734,22.1500186920166,42.41188430786133,28.664186477661133,,27.261157989501953,31.500808715820312,38.28915023803711,27.962156295776367,25.747756958007812,21.096790313720703,,,,420.6375732421875,15.246328353881836,30.5753173828125
2022-03-21,92.64354705810547,16.085487365722656,19.059389114379883,22.82157325744629,42.57697296142578,29.060745239257812,,28.041677474975586,31.461286544799805,37.87171173095703,27.79874610900879,26.148731231689453,20.963993072509766,,,,420.5146179199219,15.103922843933105,30.617780685424805
2022-03-22,92.39262390136719,15.96249771118164,18.93373680114746,23.336057662963867,42.66386032104492,28.989458084106445,,28.119640350341797,31.530452728271484,38.412471771240234,27.916765213012695,26.129053115844727,20.87546157836914,,,,425.4352111816406,14.890315055847168,30.651752471923828
2022-03-23,92.7734375,16.032777786254883,19.040538787841797,23.560440063476562,42.97667694091797,29.185508728027344,,28.297470092773438,31.510690689086914,38.00453567504883,27.862293243408203,26.411394119262695,21.087932586669922,,,,419.956298828125,15.077227592468262,31.025455474853516
2022-03-24,92.56571197509766,15.980069160461426,19.016979217529297,23.279958724975586,43.05488204956055,29.221162796020508,,28.46916389465332,31.500808715820312,38.421958923339844,27.971237182617188,26.52261734008789,21.07023048400879,,,,426.2868347167969,14.90958023071289,30.84709358215332
2022-03-25,91.83003234863281,16.19091033935547,19.039752960205078,23.55803680419922,43.17652893066406,29.479597091674805,,28.81080436706543,31.609500885009766,38.459991455078125,27.880449295043945,26.787841796875,21.043670654296875,,,,428.36865234375,14.722318649291992,30.82161521911621
2022-03-28,92.05506134033203,16.076702117919922,18.94315528869629,23.421003341674805,42.6899299621582,28.86964988708496,,28.102121353149414,31.629262924194336,38.70719909667969,27.907686233520508,26.325838088989258,20.951953887939453,,,,431.4156799316406,14.695564270019531,30.490386962890625
2022-03-29,92.48780059814453,15.865860939025879,18.823793411254883,23.288776397705078,42.490089416503906,29.010892868041992,,27.68864631652832,31.67867088317871,39.391780853271484,28.116493225097656,26.360055923461914,21.041000366210938,,,,436.7526550292969,14.650980949401855,30.490386962890625
2022-03-30,92.73882293701172,15.988852500915527,18.97614097595215,23.175783157348633,42.69862365722656,29.147634506225586,,27.970720291137695,31.599620819091797,39.16358947753906,28.098339080810547,26.642396926879883,21.130041122436523,,,,434.0557861328125,14.731237411499023,30.67723274230957
2022-03-31,92.69551086425781,16.11184310913086,18.900754928588867,22.91373062133789,42.43795394897461,28.994699478149414,,27.66236686706543,31.560096740722656,38.526554107666016,27.998472213745117,26.37717056274414,21.06771469116211,,,,427.3750915527344,14.847159385681152,30.541345596313477
2022-04-01,92.5308609008789,16.12062644958496,18.98320960998535,23.119686126708984,42.715999603271484,29.080167770385742,,27.664119720458984,31.688549041748047,38.65966033935547,28.034786224365234,26.591060638427734,21.130041122436523,,,,428.5863342285156,14.722318649291992,30.481891632080078
2022-04-04,92.60883331298828,15.804366111755371,18.96514892578125,23.38974952697754,42.56827926635742,29.17462730407715,,27.926042556762695,31.609500885009766,38.878353118896484,28.152809143066406,26.719396591186523,21.174564361572266,,,,432.25787353515625,14.677729606628418,30.67723274230957
2022-04-05,91.67268371582031,16.103057861328125,19.031902313232422,23.656606674194336,42.802894592285156,28.8057804107666,,28.321998596191406,31.73795509338379,38.15573501586914,27.953081130981445,26.462722778320312,20.809486389160156,,,,426.7978515625,14.650980949401855,30.405454635620117
2022-04-06,91.43865966796875,16.55109977722168,19.15990447998047,23.632564544677734,42.78551483154297,28.720317840576172,,28.356159210205078,31.70831298828125,37.83245849609375,27.85321617126465,26.445613861083984,20.595781326293945,,,,422.5301818847656,14.68664836883545,30.37997817993164
2022-04-07,91.23931121826172,16.656518936157227,19.232152938842773,23.729534149169922,42.802894592285156,28.848066329956055,,28.451644897460938,31.73795509338379,37.927547454833984,27.862293243408203,26.531169891357422,20.480024337768555,,,,424.65924072265625,14.606392860412598,30.405454635620117
2022-04-08,90.77994537353516,16.77072525024414,19.166969299316406,23.92106056213379,43.11570358276367,29.07386589050293,,28.815185546875,31.67867088317871,37.689842224121094,27.825977325439453,26.779285430908203,20.480024337768555,,,,423.5237731933594,14.55289363861084,30.354494094848633
2022-04-11,90.38985443115234,16.779510498046875,19.34838104248047,24.073320388793945,43.28079605102539,29.17462730407715,,29.010534286499023,31.629262924194336,36.929203033447266,27.66256332397461,26.531169891357422,20.195083618164062,,,,416.2847595214844,14.65989875793457,30.159154891967773
2022-04-12,90.6759033203125,16.81464958190918,19.232152938842773,24.20795440673828,43.41982650756836,29.43551254272461,,29.420501708984375,31.609500885009766,36.777076721191406,27.707956314086914,26.822065353393555,20.239606857299805,,,,414.7423095703125,14.713401794433594,30.24408531188965
2022-04-13,90.8579330444336,16.647735595703125,19.45203971862793,24.401885986328125,43.74132537841797,30.033754348754883,,29.721845626831055,31.7873592376709,37.44263458251953,27.79874610900879,27.138626098632812,20.328651428222656,,,,419.49261474609375,14.633145332336426,30.651752471923828
2022-04-14,90.12116241455078,16.86736297607422,19.708049774169922,24.602230072021484,44.2279167175293,29.82235336303711,,30.406003952026367,31.718191146850586,36.862632751464844,27.735191345214844,27.284069061279297,20.097135543823242,,,,414.2691650390625,14.624227523803711,30.76216697692871
2022-04-18,89.84375,16.87614631652832,19.946775436401367,24.858673095703125,44.427764892578125,29.984285354614258,,30.99818229675293,31.75771713256836,36.74855422973633,27.626249313354492,27.369626998901367,20.114946365356445,,,,414.4395446777344,14.583209037780762,30.95750617980957
2022-04-19,89.29766845703125,16.66530418395996,19.692338943481445,25.108699798583984,44.375633239746094,29.74138641357422,,30.441041946411133,31.72807502746582,37.147884368896484,27.653486251831055,27.232738494873047,20.016998291015625,,,,421.12969970703125,14.321043014526367,30.84709358215332
2022-04-20,89.80908203125,16.81464958190918,19.593395233154297,24.6823673248291,44.16709518432617,30.14621353149414,,30.038959503173828,31.797243118286133,37.1859130859375,27.7170352935791,27.34395980834961,20.186176300048828,,,,420.8173522949219,14.379006385803223,30.75366973876953
2022-04-21,89.31501007080078,17.148483276367188,19.660140991210938,25.018943786621094,44.375633239746094,29.624431610107422,,30.452434539794922,31.69843292236328,36.63444900512695,27.54454231262207,26.907621383666992,19.92795181274414,,,,414.5246887207031,14.490471839904785,30.617780685424805
2022-04-22,89.22836303710938,17.36811065673828,19.847043991088867,24.954835891723633,44.25397872924805,29.165626525878906,,30.03632926940918,31.688549041748047,35.664634704589844,27.272184371948242,26.300167083740234,19.634109497070312,,,,403.15045166015625,14.802573204040527,30.06572914123535
2022-04-25,89.82643127441406,17.271474838256836,20.095985412597656,24.674352645874023,43.81952667236328,28.38296127319336,,29.57730484008789,31.668787002563477,35.911842346191406,27.272184371948242,25.94083023071289,19.536165237426758,,,,405.48779296875,14.793659210205078,30.159154891967773
2022-04-26,90.10381317138672,17.447175979614258,20.090486526489258,24.690380096435547,44.06282424926758,28.364971160888672,,30.09064292907715,31.490930557250977,35.18922805786133,27.117847442626953,25.87238121032715,19.375879287719727,,,,393.7445068359375,15.208308219909668,29.87038230895996
2022-04-27,89.73975372314453,17.561382293701172,20.32294273376465,24.922779083251953,44.749267578125,28.418947219848633,,30.448049545288086,31.4415225982666,35.08464813232422,27.054296493530273,26.103384017944336,19.384790420532227,,,,394.85162353515625,15.061171531677246,30.13367462158203
2022-04-28,89.70508575439453,17.438390731811523,20.304880142211914,25.415626525878906,44.497276306152344,28.724817276000977,,30.712602615356445,31.520572662353516,35.9023323059082,27.199552536010742,26.3942813873291,19.598491668701172,,,,404.82537841796875,14.802573204040527,30.43093490600586
2022-04-29,89.16765594482422,17.482315063476562,20.593873977661133,25.339496612548828,44.43645477294922,28.149059295654297,,30.36045265197754,31.402000427246094,34.618751525878906,27.063373565673828,25.94083023071289,19.295743942260742,,,,389.8647766113281,15.132508277893066,30.19312286376953
2022-05-02,88.6822509765625,17.245119094848633,20.684967041015625,25.892446517944336,45.10552215576172,28.0051212310791,,30.964889526367188,31.35259437561035,34.618751525878906,26.99982452392578,25.906606674194336,18.9306697845459,,,,392.2115173339844,14.918495178222656,30.014766693115234
2022-05-03,88.8819808959961,17.245119094848633,20.684967041015625,25.427642822265625,44.70581817626953,28.3289852142334,,30.984163284301758,31.4415225982666,34.84693908691406,27.017982482910156,26.08627700805664,19.162179946899414,,,,394.00946044921875,14.864995002746582,29.96380615234375
2022-05-04,89.45506286621094,17.13091278076172,20.50434684753418,25.151973724365234,44.95780944824219,29.003694534301758,,31.153234481811523,31.510690689086914,35.84528350830078,27.281261444091797,26.668062210083008,19.47383689880371,,,,406.0081787109375,14.624227523803711,30.32901382446289
2022-05-05,88.56940460205078,17.438390731811523,20.673187255859375,25.579906463623047,45.027320861816406,28.499910354614258,,31.762928009033203,31.36247444152832,34.571205139160156,26.94535255432129,26.21460723876953,18.912858963012695,,,,391.5775146484375,14.90958023071289,30.541345596313477
2022-05-06,88.19600677490234,17.68437385559082,20.661407470703125,25.956554412841797,45.26192855834961,28.562883377075195,,31.903963088989258,31.28342628479004,34.12432861328125,26.781938552856445,26.223163604736328,18.71695899963379,,,,389.2402648925781,14.91403865814209,30.34599494934082
2022-05-09,88.63016510009766,18.123626708984375,20.661407470703125,25.61997413635254,44.64500045776367,27.928651809692383,,30.9578857421875,30.87830352783203,33.106964111328125,26.455108642578125,25.09381866455078,18.2806453704834,,,,376.7778015136719,15.413403511047363,30.261066436767578
2022-05-10,88.89936065673828,18.114843368530273,20.853805541992188,25.3875789642334,44.79271697998047,27.312414169311523,,30.755529403686523,30.84865951538086,33.36368179321289,26.436952590942383,25.042484283447266,18.307361602783203,,,,377.6483459472656,15.346522331237793,30.150659561157227
2022-05-11,89.22932434082031,18.387182235717773,20.933910369873047,25.529420852661133,44.98387145996094,27.645275115966797,,31.176883697509766,30.81901741027832,32.526981353759766,26.337085723876953,25.273487091064453,18.54777717590332,,,,371.6490783691406,15.685378074645996,30.278057098388672
2022-05-12,89.39429473876953,18.29932975769043,21.305360794067383,25.41802978515625,45.12290573120117,27.4383602142334,,31.369606018066406,30.74985122680664,33.06894302368164,26.30984878540039,25.1365966796875,18.4409236907959,,,,371.260986328125,15.680919647216797,30.19312286376953
2022-05-13,89.01224517822266,17.95671272277832,21.163999557495117,25.748197555541992,45.14896774291992,27.852182388305664,,31.38800048828125,30.72020721435547,33.67745590209961,26.491422653198242,25.658491134643555,18.574491500854492,,,,380.1370849609375,15.275182723999023,30.481891632080078
2022-05-16,89.21194458007812,18.062131881713867,21.06191062927246,25.908472061157227,45.21848678588867,28.095077514648438,,31.763803482055664,30.631277084350586,33.51581954956055,26.509578704833984,25.9151668548584,18.610107421875,,,,378.5946350097656,15.373273849487305,30.651752471923828
2022-05-17,88.72566986083984,17.991851806640625,20.97945785522461,25.563879013061523,45.12290573120117,28.350574493408203,,31.922365188598633,31.036399841308594,33.972198486328125,26.691150665283203,26.19750213623047,18.708059310913086,,,,386.3824768066406,15.016586303710938,30.67723274230957
2022-05-18,89.08170318603516,18.026992797851562,20.960613250732422,25.563879013061523,45.088138580322266,27.820697784423828,,31.417787551879883,30.74985122680664,32.94533920288086,26.491422653198242,25.69271469116211,18.619014739990234,,,,370.80682373046875,15.631875038146973,30.32901382446289
2022-05-19,89.30747985839844,17.75465202331543,20.9291934967041,25.339496612548828,44.92304992675781,28.129268646240234,,30.782682418823242,30.81901741027832,32.67911148071289,26.573129653930664,25.8124942779541,18.645727157592773,,,,368.5357666015625,15.658625602722168,30.456411361694336
2022-05-20,89.57662200927734,17.781009674072266,20.91663360595703,25.299428939819336,44.98387145996094,28.152658462524414,,31.163745880126953,30.838777542114258,32.935829162597656,26.61852264404297,25.94083023071289,18.645727157592773,,,,368.69659423828125,15.7567138671875,30.28654670715332
2022-05-23,89.28140258789062,17.851289749145508,20.982601165771484,25.195247650146484,44.74058151245117,28.445934295654297,,31.243459701538086,30.986995697021484,33.392215728759766,26.682071685791016,26.30872344970703,18.725868225097656,,,,375.59503173828125,15.453534126281738,30.481891632080078
2022-05-24,89.9673843383789,18.193906784057617,20.84203338623047,24.970861434936523,44.74058151245117,28.508909225463867,,30.9578857421875,30.87830352783203,33.08795166015625,26.636680603027344,26.37717056274414,18.797100067138672,,,,372.727783203125,15.712127685546875,30.16764259338379
2022-05-25,90.34078216552734,18.20269203186035,21.075265884399414,25.03497314453125,44.96649932861328,28.641155242919922,,31.14535140991211,30.967233657836914,33.54433059692383,26.718385696411133,26.54828453063965,18.90395164489746,,,,376.02081298828125,15.551619529724121,30.261066436767578
2022-05-26,90.27131652832031,17.98306655883789,21.006946563720703,25.05901527404785,44.79271697998047,28.751802444458008,,31.071767807006836,31.066043853759766,34.16236114501953,26.827329635620117,26.71084213256836,19.03751564025879,,,,383.53411865234375,15.310853004455566,30.176136016845703
2022-05-27,90.41893768310547,17.693157196044922,21.046205520629883,24.946823120117188,44.67106628417969,28.985706329345703,,31.02708625793457,31.174734115600586,34.82792663574219,26.99982452392578,27.04451560974121,19.153276443481445,,,,392.94964599609375,15.012128829956055,30.354494094848633
2022-05-31,89.8458251953125,17.789794921875,20.826324462890625,25.0910701751709,44.74058151245117,28.77699089050293,,30.940364837646484,31.21426010131836,34.44759750366211,26.954431533813477,26.847728729248047,18.9395694732666,,,,390.7447814941406,14.980917930603027,30.28654670715332
2022-06-01,89.47702026367188,18.123626708984375,20.755645751953125,25.5238094329834,45.24455642700195,28.913740158081055,,31.66219139099121,31.105567932128906,34.28596496582031,26.836408615112305,26.881956100463867,18.966283798217773,,,,387.584228515625,14.972001075744629,30.36298942565918
2022-06-02,89.59005737304688,17.55259895324707,20.457231521606445,25.43566131591797,45.0794563293457,29.3095645904541,,31.246963500976562,31.303190231323242,34.84693908691406,27.063373565673828,27.207073211669922,19.144371032714844,,,,394.9652099609375,14.75798511505127,30.515865325927734
2022-06-03,89.44218444824219,17.798580169677734,20.512203216552734,25.756210327148438,45.52260208129883,29.201608657836914,,31.746286392211914,31.174734115600586,34.400062561035156,26.927196502685547,27.19851303100586,19.157726287841797,,,,388.4831848144531,14.927417755126953,30.600793838500977
2022-06-06,88.89415740966797,17.71072769165039,20.598583221435547,25.94854164123535,45.65294647216797,29.38153648376465,,32.66608810424805,31.026519775390625,34.20039367675781,26.9362735748291,27.258407592773438,19.01970672607422,,,,389.66607666015625,14.74907112121582,30.96599769592285
2022-06-07,89.2334213256836,17.62287712097168,20.70853042602539,25.8684024810791,45.57474136352539,29.75037384033203,,32.62228775024414,31.036399841308594,34.64726638793945,27.00890350341797,27.506519317626953,19.171085357666016,,,,393.40380859375,14.713401794433594,30.86408233642578
2022-06-08,88.86807250976562,17.62287712097168,20.535757064819336,26.204984664916992,45.93968963623047,29.59744644165039,,32.63629913330078,30.977113723754883,34.295475006103516,26.97258758544922,27.352516174316406,18.992992401123047,,,,389.1266784667969,14.775823593139648,30.685728073120117
2022-06-09,88.77236938476562,17.965497970581055,20.598583221435547,26.301143646240234,46.469730377197266,29.345550537109375,,33.007728576660156,30.86842155456543,33.44926071166992,26.727466583251953,26.907621383666992,18.823814392089844,,,,379.8721618652344,15.061171531677246,30.75366973876953
2022-06-10,88.08516693115234,18.457460403442383,20.6771183013916,26.357242584228516,46.730403900146484,28.949722290039062,,33.393165588378906,30.7004451751709,32.42238998413086,26.455108642578125,26.488388061523438,18.565587997436523,,,,368.8575134277344,15.293020248413086,30.498878479003906
2022-06-13,86.6411361694336,18.931856155395508,20.85773277282715,26.709848403930664,46.852046966552734,28.30199432373047,,34.023887634277344,30.216272354125977,30.644386291503906,25.8649959564209,25.68415641784668,17.835430145263672,,,,354.8526306152344,15.721044540405273,30.28654670715332
2022-06-14,86.1279296875,18.940641403198242,20.802766799926758,26.69382095336914,47.06928634643555,28.28400421142578,,33.866207122802734,30.137224197387695,30.663406372070312,25.846837997436523,25.444602966308594,17.577199935913086,,,,353.7833557128906,15.605122566223145,30.14216423034668
2022-06-15,87.08478546142578,18.677087783813477,20.717952728271484,26.212993621826172,46.53055191040039,28.266014099121094,,32.70988845825195,30.058176040649414,31.300439834594727,26.064725875854492,25.59004783630371,17.94228172302246,,,,358.8270263671875,15.480281829833984,30.116683959960938
2022-06-16,87.2935562133789,19.098773956298828,20.637847900390625,26.14888572692871,46.73909378051758,27.75322914123535,,32.998966217041016,29.801267623901367,30.520784378051758,25.83776092529297,25.128040313720703,17.755290985107422,,,,346.95123291015625,16.07773780822754,29.912853240966797
2022-06-17,87.28485870361328,18.905500411987305,20.750930786132812,26.164913177490234,46.38283157348633,27.35739517211914,,32.631046295166016,30.107580184936523,30.606359481811523,25.90131187438965,24.631807327270508,17.728578567504883,,,,347.6991882324219,16.006397247314453,30.031755447387695
2022-06-21,86.93689727783203,18.773723602294922,20.41796112060547,26.421354293823242,46.1308479309082,27.39337921142578,,32.902610778808594,30.28544044494629,31.243396759033203,25.98301887512207,24.928142547607422,17.737483978271484,,,,356.4520263671875,15.560534477233887,29.912853240966797
2022-06-22,87.67632293701172,18.782508850097656,20.747791290283203,25.980594635009766,45.8006591796875,26.988554000854492,,32.00908660888672,30.35460662841797,31.34798812866211,25.928546905517578,24.58155632019043,17.853239059448242,,,,355.80584716796875,15.774550437927246,30.116683959960938
2022-06-23,88.04169464111328,18.439891815185547,21.046205520629883,25.700115203857422,44.775333404541016,26.547740936279297,,31.40464210510254,30.502824783325195,31.747316360473633,26.073802947998047,24.1916446685791,17.853239059448242,,,,359.2935791015625,15.677072525024414,29.997787475585938
2022-06-24,87.90247344970703,18.158767700195312,21.116884231567383,25.644018173217773,44.707550048828125,26.694181442260742,,31.571083068847656,30.660921096801758,32.63939666748047,26.20090675354004,24.65953254699707,17.986804962158203,,,,370.71697998046875,15.212037086486816,30.057235717773438
2022-06-27,87.51104736328125,18.29932975769043,21.124740600585938,25.820322036743164,44.516395568847656,26.95633316040039,,31.746286392211914,30.641159057617188,32.43903732299805,26.24629783630371,24.81549644470215,17.873966217041016,,,,369.3009033203125,15.18520736694336,30.201618194580078
2022-06-28,87.54584503173828,18.677087783813477,21.195415496826172,26.052719116210938,45.29844665527344,27.100969314575195,,32.14048385620117,30.641159057617188,31.780719757080078,26.082883834838867,24.919483184814453,17.747577667236328,,,,361.75506591796875,15.444551467895508,30.252573013305664
2022-06-29,88.05038452148438,18.91428565979004,21.234683990478516,26.172927856445312,45.142032623291016,26.85689353942871,,31.75504493713379,30.621395111083984,31.885665893554688,26.128278732299805,24.616214752197266,17.747577667236328,,,,361.4604187011719,15.533980369567871,30.116683959960938
2022-06-30,88.45051574707031,19.133913040161133,21.548803329467773,25.964567184448242,44.77706527709961,26.658021926879883,,30.49360466003418,30.591751098632812,31.809335708618164,26.04656982421875,24.234968185424805,17.630231857299805,,,,358.5238037109375,15.721787452697754,29.81943130493164
2022-07-01,89.18777465820312,19.089984893798828,21.792253494262695,25.772235870361328,44.38604736328125,26.71858787536621,,30.70384407043457,30.730087280273438,32.20051574707031,26.13735580444336,24.347610473632812,17.85590934753418,,,,362.3157653808594,15.694954872131348,29.641071319580078
2022-07-05,89.3533935546875,18.483816146850586,22.695350646972656,25.7081298828125,43.656124114990234,25.889650344848633,,29.784040451049805,30.759729385375977,32.43903732299805,26.019332885742188,23.54180335998535,17.81979751586914,,,,363.0,15.739676475524902,29.36928939819336
2022-07-06,88.75202178955078,18.633163452148438,22.734619140625,25.732166290283203,43.699581146240234,25.826374053955078,,29.556283950805664,30.730087280273438,32.43903732299805,26.001174926757812,23.333847045898438,17.548982620239258,,,,364.2259521484375,15.587637901306152,29.66655158996582
2022-07-07,88.55162048339844,18.106056213378906,22.3812313079834,25.81230354309082,43.517093658447266,26.21598243713379,,30.48484230041504,30.828899383544922,32.792049407958984,26.119197845458984,23.853729248046875,17.6031436920166,,,,369.6810302734375,15.28357982635498,29.80244255065918
2022-07-08,88.22047424316406,18.229049682617188,22.18490219116211,25.892446517944336,43.725643157958984,26.160842895507812,,30.984163284301758,30.81901741027832,32.63939666748047,26.119197845458984,23.897048950195312,17.512868881225586,,,,369.3769226074219,15.194149017333984,29.946823120117188
2022-07-11,88.63005828857422,18.606807708740234,22.30270004272461,26.06874656677246,44.429500579833984,26.32355499267578,,31.325803756713867,30.571990966796875,32.32454299926758,25.992097854614258,23.732423782348633,17.46773338317871,,,,365.1573791503906,15.489267349243164,30.031755447387695
2022-07-12,88.75202178955078,18.527742385864258,22.6875,25.804292678833008,44.17749786376953,26.01620864868164,,30.353445053100586,30.532466888427734,32.07648849487305,25.964860916137695,23.31652069091797,17.512868881225586,,,,361.9261474609375,15.632356643676758,29.895862579345703
2022-07-13,89.07449340820312,18.527742385864258,22.644306182861328,25.956554412841797,43.986324310302734,26.10660171508789,,30.581201553344727,30.562110900878906,32.14327621459961,25.874074935913086,23.35983657836914,17.630231857299805,,,,360.025390625,15.694954872131348,29.83641242980957
2022-07-14,88.76078033447266,18.677087783813477,22.9702091217041,26.14888572692871,44.646732330322266,26.025243759155273,,31.001684188842773,30.502824783325195,31.93337631225586,25.874074935913086,23.091238021850586,17.48127555847168,,,,359.1510314941406,15.703898429870605,29.96380615234375
2022-07-15,89.10936737060547,18.527742385864258,22.8524112701416,25.94854164123535,44.39473342895508,26.07044219970703,,30.922842025756836,30.79925537109375,32.41995620727539,25.928546905517578,23.351177215576172,17.612173080444336,,,,366.0127258300781,15.462440490722656,29.658056259155273
2022-07-18,88.82176208496094,18.308116912841797,22.546140670776367,26.11682891845703,43.838600158691406,26.305479049682617,,31.098045349121094,30.828899383544922,32.17189407348633,25.98301887512207,23.619783401489258,17.539955139160156,,,,362.9905090332031,15.489267349243164,29.75997543334961
2022-07-19,88.69976043701172,18.13241195678711,22.781736373901367,25.892446517944336,43.92549133300781,26.350675582885742,,31.045480728149414,31.036399841308594,32.91608428955078,26.146434783935547,23.975034713745117,17.675363540649414,,,,372.7983093261719,15.167319297790527,29.861892700195312
2022-07-20,88.6387710571289,17.67559051513672,23.009471893310547,26.012649536132812,44.02977752685547,26.38683319091797,,30.896564483642578,31.056163787841797,33.1927604675293,26.182748794555664,23.91438102722168,17.720497131347656,,,,375.17413330078125,15.104718208312988,29.895862579345703
2022-07-21,89.37952423095703,17.39446449279785,22.923095703125,25.636003494262695,43.3780632019043,26.12468147277832,,30.773923873901367,31.056163787841797,33.593482971191406,26.273534774780273,23.819068908691406,17.928129196166992,,,,378.9945983886719,15.104718208312988,29.641071319580078
2022-07-22,90.07672882080078,17.83371925354004,22.978063583374023,25.379562377929688,43.06523895263672,26.24219512939453,,30.096773147583008,31.036399841308594,33.56486511230469,26.291690826416016,23.680435180664062,18.090620040893555,,,,375.4783020019531,15.319348335266113,29.641071319580078
2022-07-25,89.74552917480469,17.98306655883789,23.174386978149414,25.499767303466797,42.94358444213867,26.43202781677246,,30.581201553344727,30.996877670288086,33.47898864746094,26.228137969970703,24.070344924926758,18.054508209228516,,,,375.9344787597656,15.247806549072266,29.573122024536133
2022-07-26,89.72811889648438,18.246620178222656,23.076229095458984,25.732166290283203,43.178199768066406,26.567628860473633,,30.72136116027832,30.937589645385742,33.09735870361328,26.16459083557129,24.03568458557129,18.046384811401367,,,,371.4867858886719,15.355122566223145,29.751482009887695
2022-07-27,90.0418472290039,17.868860244750977,22.836706161499023,25.45970344543457,42.830623626708984,26.65350341796875,,30.32716178894043,31.145092010498047,33.95603942871094,26.382474899291992,24.390932083129883,18.28019142150879,,,,381.1329040527344,15.095775604248047,29.921342849731445
2022-07-28,90.68675994873047,17.745868682861328,22.3812313079834,25.179222106933594,43.23033905029297,26.567628860473633,,29.897924423217773,31.174734115600586,34.44261932373047,26.536813735961914,24.624881744384766,18.514902114868164,,,,385.91326904296875,15.14049243927002,29.513673782348633
2022-07-29,90.69548034667969,17.526243209838867,22.341964721679688,25.03497314453125,42.847999572753906,26.7393798828125,,29.731481552124023,31.16485595703125,34.82425308227539,26.536813735961914,24.962799072265625,18.74960708618164,,,,391.5393981933594,14.988457679748535,29.30983543395996
2022-08-01,91.0097885131836,17.491100311279297,22.318403244018555,24.73846435546875,42.27449035644531,26.479942321777344,,29.083242416381836,31.135211944580078,34.91967010498047,26.536813735961914,24.694194793701172,18.79474449157715,,,,390.3798828125,15.086832046508789,29.471208572387695
2022-08-02,90.07550811767578,17.209980010986328,22.546140670776367,25.03497314453125,42.491737365722656,26.477231979370117,,29.713960647583008,31.15497398376465,34.54757308959961,26.455108642578125,24.49491310119629,18.460735321044922,,,,387.8044128417969,14.997404098510742,29.377784729003906
2022-08-03,90.4771957397461,16.92007064819336,22.53043556213379,25.179222106933594,42.42221450805664,26.355194091796875,,29.740243911743164,31.224140167236328,35.08186721801758,26.564048767089844,24.42559051513672,18.641277313232422,,,,393.8772888183594,14.925858497619629,29.62408447265625
2022-08-04,90.69547271728516,16.81464958190918,22.561847686767578,24.7945613861084,42.2484245300293,26.22412109375,,28.943082809448242,31.056163787841797,35.0341682434082,26.70022964477539,24.295623779296875,18.668359756469727,,,,393.61114501953125,14.934803009033203,29.556137084960938
2022-08-05,89.68260955810547,16.674089431762695,22.444053649902344,25.083053588867188,42.465660095214844,26.1527042388916,,29.486202239990234,31.174734115600586,34.75747299194336,26.573129653930664,24.347610473632812,18.43364906311035,,,,392.9458923339844,14.796187400817871,29.709014892578125
2022-08-08,90.09297943115234,16.53352928161621,22.561847686767578,25.219287872314453,42.50910949707031,26.324462890625,,29.398601531982422,31.085803985595703,34.90058898925781,26.682071685791016,24.53823471069336,18.632251739501953,,,,392.48968505859375,14.907974243164062,29.63257598876953
2022-08-09,89.89215087890625,16.972782135009766,22.593263626098633,25.219287872314453,42.58731460571289,26.368755340576172,,29.79279899597168,31.510690689086914,34.728851318359375,26.600364685058594,24.71152687072754,18.596147537231445,,,,390.93115234375,14.872201919555664,29.28435707092285
2022-08-10,90.11918640136719,16.401752471923828,22.45976448059082,24.818601608276367,42.682899475097656,26.341632843017578,,29.09200096130371,31.649024963378906,35.301307678222656,26.772859573364258,25.032119750976562,18.641277313232422,,,,399.14227294921875,14.70228385925293,29.641071319580078
2022-08-11,89.63894653320312,16.375394821166992,22.373376846313477,24.986892700195312,42.63945770263672,26.658021926879883,,29.959243774414062,31.540334701538086,35.282222747802734,26.836408615112305,25.292055130004883,18.487817764282227,,,,399.14227294921875,14.657567977905273,29.700525283813477
2022-08-12,90.04059600830078,16.182125091552734,22.365520477294922,24.858673095703125,42.82193374633789,26.55858612060547,,29.751632690429688,31.639144897460938,35.7688102722168,26.963510513305664,25.430688858032227,18.641277313232422,,,,405.8993225097656,14.577079772949219,29.895862579345703
2022-08-15,90.15410614013672,16.234834671020508,22.319189071655273,24.962848663330078,42.50910949707031,26.450109481811523,,29.740243911743164,31.649024963378906,36.01687240600586,26.963510513305664,25.17074966430664,18.61419677734375,,,,407.572021484375,14.586024284362793,29.989290237426758
2022-08-16,90.02314758300781,16.349040985107422,22.53043556213379,24.986892700195312,42.465660095214844,26.468191146850586,,29.99428367614746,31.74783706665039,35.98826217651367,26.90903663635254,25.23140525817871,18.62322425842285,,,,408.37030029296875,14.550251960754395,30.19312286376953
2022-08-17,89.4905014038086,16.718015670776367,22.640382766723633,25.05901527404785,42.856685638427734,26.314517974853516,,30.66004180908203,31.718191146850586,35.68293762207031,26.76378059387207,25.144758224487305,18.505870819091797,,,,405.4716796875,14.523425102233887,29.72599983215332
2022-08-18,89.68260955810547,16.779510498046875,22.671794891357422,25.2753849029541,43.00441360473633,26.648984909057617,,31.21192741394043,31.70831298828125,35.72110366821289,26.818252563476562,25.326717376708984,18.61419677734375,,,,406.650146484375,14.501066207885742,29.853403091430664
2022-08-19,89.05390930175781,17.2626895904541,22.671794891357422,25.50778579711914,43.317230224609375,26.703222274780273,,31.45720672607422,31.579856872558594,35.29176712036133,26.591289520263672,25.162086486816406,18.379486083984375,,,,401.185546875,14.550251960754395,29.921342849731445
2022-08-22,88.6697006225586,17.5086727142334,22.930944442749023,25.563879013061523,43.71695327758789,26.62186622619629,,31.75504493713379,31.579856872558594,34.42354202270508,26.455108642578125,25.075443267822266,18.226024627685547,,,,392.8318176269531,14.63074016571045,29.810930252075195
2022-08-23,88.63478088378906,17.315399169921875,22.746395111083984,25.587919235229492,43.63874435424805,26.983457565307617,,31.877685546875,31.481048583984375,34.394920349121094,26.46418571472168,25.439355850219727,18.271163940429688,,,,391.8815002441406,14.577079772949219,29.581621170043945
2022-08-24,88.39905548095703,17.139698028564453,22.7581787109375,25.563879013061523,43.743019104003906,26.938251495361328,,31.95652198791504,31.589738845825195,34.309043884277344,26.491422653198242,25.534664154052734,18.253108978271484,,,,393.135986328125,14.469765663146973,29.72599983215332
2022-08-25,88.88800811767578,16.779510498046875,22.781736373901367,25.34750747680664,43.29116439819336,27.010570526123047,,31.72876739501953,31.668787002563477,34.96737289428711,26.6457576751709,25.629976272583008,18.505870819091797,,,,398.68609619140625,14.442935943603516,29.64956283569336
2022-08-26,88.72211456298828,17.201194763183594,22.829099655151367,25.467716217041016,43.8907470703125,26.965368270874023,,31.903963088989258,31.461286544799805,33.95603942871094,26.427871704101562,25.387367248535156,18.487817764282227,,,,385.1908874511719,14.74252986907959,29.573122024536133
2022-08-29,88.29428100585938,17.332969665527344,22.9475040435791,25.579906463623047,44.05583953857422,27.11000633239746,,32.254364013671875,31.481048583984375,33.60302734375,26.391555786132812,25.482677459716797,18.244081497192383,,,,382.64398193359375,14.657567977905273,29.471208572387695
2022-08-30,88.40777587890625,17.38568115234375,23.081701278686523,25.69209861755371,43.57792282104492,26.65983009338379,,32.228084564208984,31.490930557250977,33.183231353759766,26.30984878540039,24.936803817749023,18.135753631591797,,,,378.44342041015625,14.782772064208984,29.241893768310547
2022-08-31,87.936279296875,17.37689781188965,23.286943435668945,25.716142654418945,43.43019485473633,26.436553955078125,,32.31568908691406,31.402000427246094,32.9924201965332,26.228137969970703,24.6422061920166,17.837858200073242,,,,375.5638427734375,14.70228385925293,29.377784729003906
2022-09-01,87.55479431152344,17.631664276123047,23.389564514160156,26.124839782714844,43.54316329956055,26.183441162109375,,32.455848693847656,31.461286544799805,32.92562484741211,26.228137969970703,24.295623779296875,17.612173080444336,,,,376.7422180175781,14.568140029907227,29.488195419311523
2022-09-02,87.80853271484375,17.543813705444336,22.955400466918945,26.100801467895508,44.06453323364258,26.26027488708496,,32.455848693847656,31.372356414794922,32.7061767578125,26.091960906982422,24.38226890563965,17.711471557617188,,,,372.76971435546875,14.746999740600586,29.411758422851562
2022-09-06,86.98607635498047,17.587739944458008,23.105388641357422,26.437381744384766,43.76040267944336,26.10660171508789,,32.74492645263672,31.29330825805664,32.5916862487793,25.955781936645508,24.27829360961914,17.41357421875,,,,371.3631896972656,14.648625373840332,29.318334579467773
2022-09-07,87.58979797363281,17.359325408935547,22.694904327392578,26.25305938720703,43.508399963378906,25.8986873626709,,31.72000503540039,31.411882400512695,32.96378707885742,26.21906089782715,24.27829360961914,17.639257431030273,,,,378.03472900390625,14.514482498168945,29.46271324157715
2022-09-08,87.309814453125,17.043062210083008,22.765945434570312,26.357242584228516,43.491024017333984,25.925813674926758,,32.079166412353516,31.510690689086914,33.202301025390625,26.20090675354004,24.35627555847168,17.558006286621094,,,,380.50567626953125,14.442935943603516,29.496686935424805
2022-09-09,87.30106353759766,16.81464958190918,22.821203231811523,26.26909065246582,43.508399963378906,26.200618743896484,,31.91710662841797,31.629262924194336,33.63165283203125,26.382474899291992,24.87615394592285,17.711471557617188,,,,386.4168701171875,14.273019790649414,29.887374877929688
2022-09-12,87.16983795166016,16.647735595703125,22.702795028686523,26.02066421508789,43.29985809326172,26.097566604614258,,31.930248260498047,31.639144897460938,33.87016296386719,26.509578704833984,25.10143280029297,17.675363540649414,,,,390.5700378417969,14.183589935302734,29.853403091430664
2022-09-13,86.67987060546875,17.157270431518555,23.2316837310791,26.421354293823242,43.699581146240234,26.11564064025879,,32.71864700317383,31.500808715820312,32.582149505615234,26.173669815063477,24.59888458251953,17.41357421875,,,,373.5870666503906,14.523425102233887,29.615591049194336
2022-09-14,86.79360961914062,17.09577178955078,23.421138763427734,26.38929557800293,43.743019104003906,26.11564064025879,,32.521549224853516,31.560096740722656,32.52490997314453,26.228137969970703,24.65953254699707,17.48579216003418,,,,375.01263427734375,14.469765663146973,29.68354034423828
2022-09-15,86.53114318847656,17.06063461303711,23.41324806213379,26.45340919494629,43.4215087890625,25.95292854309082,,32.4996452331543,31.490930557250977,32.25776290893555,26.082883834838867,24.234968185424805,17.341360092163086,,,,370.7549743652344,14.550251960754395,29.454219818115234
2022-09-16,86.46988677978516,17.341754913330078,23.326412200927734,26.373271942138672,43.586612701416016,26.01620864868164,,32.14924621582031,31.42176055908203,31.971532821655273,26.04656982421875,24.04434585571289,17.151782989501953,,,,367.9264831542969,14.568140029907227,29.573122024536133
2022-09-19,86.3386459350586,17.289047241210938,23.484291076660156,26.437381744384766,43.76908874511719,25.871572494506836,,32.569725036621094,31.431642532348633,32.18142318725586,26.028411865234375,24.226306915283203,17.151782989501953,,,,370.77978515625,14.485862731933594,29.598604202270508
2022-09-20,85.95368957519531,17.38568115234375,23.460603713989258,26.62169647216797,44.23833084106445,25.795637130737305,,32.6836051940918,31.36247444152832,31.51357078552246,25.910390853881836,23.99152183532715,17.03443145751953,,,,366.5237731933594,14.45188045501709,29.28435707092285
2022-09-21,86.22491455078125,17.5086727142334,23.468507766723633,26.76594352722168,44.23833084106445,25.844451904296875,,32.62228775024414,31.29330825805664,31.33229637145996,25.7651309967041,23.70456314086914,17.016376495361328,,,,360.1302185058594,14.738055229187012,29.275867462158203
2022-09-22,85.30620574951172,17.921571731567383,23.50008201599121,26.822040557861328,44.412113189697266,25.87970733642578,,32.85880661010742,31.382238388061523,30.836162567138672,25.64710807800293,23.652387619018555,16.718477249145508,,,,357.1051940917969,14.606900215148926,29.33531951904297
2022-09-23,85.04373168945312,18.00063705444336,23.68952751159668,27.118547439575195,44.490318298339844,25.458263397216797,,33.41944885253906,31.224140167236328,30.25417137145996,25.392906188964844,22.782814025878906,16.4927921295166,,,,351.12188720703125,14.858433723449707,29.32682228088379
2022-09-26,83.95006561279297,18.062131881713867,23.79215431213379,27.50320816040039,45.03776168823242,25.304521560668945,,34.216609954833984,31.066043853759766,29.713151931762695,25.26580810546875,22.295854568481445,16.041433334350586,,,,347.64837646484375,14.84046745300293,29.66655158996582
2022-09-27,83.59134674072266,17.87764549255371,23.720748901367188,27.695537567138672,45.02037048339844,25.40852165222168,,34.33048629760742,31.056163787841797,29.68442153930664,25.247650146484375,22.400203704833984,15.824271202087402,,,,346.760986328125,14.795549392700195,29.598604202270508
2022-09-28,84.93875122070312,17.605310440063477,23.109882354736328,27.102519989013672,44.67280578613281,25.52157211303711,,33.2354850769043,31.16485595703125,30.54623031616211,25.50185203552246,23.026294708251953,16.3465576171875,,,,353.5838928222656,14.750633239746094,29.26737403869629
2022-09-29,84.49251556396484,17.781009674072266,23.165416717529297,27.134572982788086,44.67280578613281,25.621055603027344,,33.64720916748047,31.046281814575195,29.770605087280273,25.256729125976562,22.730640411376953,16.071672439575195,,,,346.1979064941406,15.0291166305542,29.080524444580078
2022-09-30,84.29129028320312,17.860074996948242,23.2685489654541,27.198680877685547,44.73362350463867,25.621055603027344,,33.6034049987793,30.917829513549805,29.282245635986328,25.184099197387695,22.54802894592285,15.879244804382324,,,,340.844482421875,15.136014938354492,29.241893768310547
2022-10-03,84.97614288330078,17.77222442626953,23.054351806640625,26.878137588500977,44.18619155883789,25.802839279174805,,32.902610778808594,30.977113723754883,30.163204193115234,25.4473819732666,23.22629737854004,16.319061279296875,,,,349.84320068359375,14.894365310668945,29.131481170654297
2022-10-04,85.20407104492188,17.36811065673828,22.840150833129883,26.381284713745117,44.05583953857422,26.073246002197266,,32.263126373291016,31.204378128051758,31.245250701904297,25.746976852416992,23.800214767456055,16.621440887451172,,,,360.6836242675781,14.579950332641602,29.14846420288086
2022-10-05,84.75692749023438,17.37689781188965,22.887752532958984,26.637720108032227,44.3686637878418,26.145591735839844,,33.09182357788086,31.075925827026367,31.02501106262207,25.792367935180664,23.74803924560547,16.4244384765625,,,,359.8439025878906,14.508081436157227,29.250383377075195
2022-10-06,84.4237060546875,17.245119094848633,23.1892147064209,26.942245483398438,44.56852340698242,25.982805252075195,,33.892486572265625,31.075925827026367,30.661136627197266,25.728816986083984,23.66108512878418,16.26408576965332,,,,356.1318359375,14.561981201171875,29.343809127807617
2022-10-07,83.97648620605469,17.587739944458008,23.37168312072754,27.222728729248047,45.13334655761719,26.15915870666504,,34.234130859375,30.957351684570312,29.674848556518555,25.465538024902344,23.461082458496094,16.080829620361328,,,,346.1979064941406,14.822497367858887,29.352306365966797
2022-10-10,83.59944915771484,17.904001235961914,23.3002872467041,27.439098358154297,45.48092269897461,26.20889663696289,,34.49692916870117,30.92770767211914,29.34927749633789,25.32935905456543,23.365428924560547,15.897576332092285,,,,343.55462646484375,14.885384559631348,29.275867462158203
2022-10-11,83.65203857421875,18.07970428466797,23.205081939697266,27.50320816040039,45.367958068847656,26.16910743713379,18.018207550048828,34.667747497558594,30.907947540283203,29.12904167175293,25.220413208007812,23.148035049438477,15.870087623596191,,,,341.3788146972656,15.020133018493652,29.343809127807617
2022-10-12,83.72222137451172,18.035778045654297,23.292348861694336,27.439098358154297,45.22024154663086,26.100374221801758,17.9965763092041,34.54072952270508,30.917829513549805,29.330121994018555,25.247650146484375,23.069774627685547,15.934225082397461,,,,340.2528076171875,15.109966278076172,29.301342010498047
2022-10-13,83.45916748046875,18.229049682617188,23.64141273498535,27.41505241394043,45.289756774902344,26.190811157226562,18.13267707824707,34.38304901123047,30.947471618652344,29.761028289794922,25.311201095581055,23.548038482666016,15.989203453063965,,,,349.2323913574219,14.651817321777344,29.32682228088379
2022-10-14,83.00318908691406,18.439891815185547,23.847684860229492,27.695537567138672,45.66341018676758,26.172727584838867,17.9920711517334,34.98748779296875,30.957351684570312,29.071584701538086,25.156864166259766,22.965421676635742,15.842599868774414,,,,341.2738952636719,14.930299758911133,29.428739547729492
2022-10-17,83.17855072021484,18.20269203186035,23.625547409057617,27.350948333740234,45.115966796875,26.073246002197266,18.162416458129883,34.207847595214844,30.986995697021484,29.847209930419922,25.274885177612305,23.356733322143555,15.970876693725586,,,,350.0435791015625,14.606900215148926,29.420249938964844
2022-10-18,83.31888580322266,18.237834930419922,23.530353546142578,27.246768951416016,44.98562240600586,26.09132957458496,18.20478057861328,33.822410583496094,30.986995697021484,30.239810943603516,25.401987075805664,23.3828182220459,15.998366355895996,,,,354.156494140625,14.472148895263672,29.63257598876953
2022-10-19,82.59982299804688,18.41353416442871,23.720748901367188,27.727590560913086,45.142032623291016,26.01898193359375,18.166927337646484,34.207847595214844,30.947471618652344,29.86635971069336,25.274885177612305,23.356733322143555,15.833433151245117,,,,351.646728515625,14.400283813476562,29.377784729003906
2022-10-20,82.10000610351562,18.404752731323242,23.73661994934082,27.879854202270508,45.33319854736328,26.000898361206055,18.12005615234375,34.25164794921875,31.026519775390625,29.4067325592041,25.238571166992188,23.348037719726562,15.769292831420898,,,,348.6981201171875,14.445199966430664,29.658056259155273
2022-10-21,82.2227783203125,18.3432559967041,23.37168312072754,27.59136199951172,44.976932525634766,25.946630477905273,18.24714469909668,33.87496566772461,31.006755828857422,30.211084365844727,25.55632209777832,23.73065185546875,15.824271202087402,,,,357.1719665527344,14.238582611083984,29.522165298461914
2022-10-24,82.1087875366211,18.360824584960938,23.482751846313477,27.743621826171875,45.09858703613281,26.053348541259766,18.238130569458008,33.76984786987305,31.006755828857422,30.34514617919922,25.347515106201172,23.66108512878418,15.796783447265625,,,,361.5425109863281,14.058916091918945,29.66655158996582
2022-10-25,82.91548919677734,17.921571731567383,23.5977840423584,27.399028778076172,44.594600677490234,26.055152893066406,18.274181365966797,33.2354850769043,31.16485595703125,31.111190795898438,25.510929107666016,23.921953201293945,16.016695022583008,,,,367.3157958984375,14.040949821472168,29.670978546142578
2022-10-26,83.2837905883789,17.98306655883789,23.370532989501953,27.022382736206055,44.34259796142578,26.127504348754883,18.296714782714844,32.578487396240234,31.105567932128906,30.871801376342773,25.628952026367188,24.200218200683594,16.154132843017578,,,,364.54840087890625,14.139766693115234,29.298873901367188
2022-10-27,83.70467376708984,18.07970428466797,23.370532989501953,27.094507217407227,43.93418502807617,26.150117874145508,18.3021240234375,32.30692672729492,31.046281814575195,30.871801376342773,25.574481964111328,24.226306915283203,16.236602783203125,,,,362.6016845703125,14.202649116516113,29.3697509765625
2022-10-28,83.49425506591797,18.20269203186035,23.482168197631836,27.262798309326172,44.55115509033203,26.073246002197266,18.35980796813965,32.70988845825195,31.26366424560547,31.503795623779297,25.64710807800293,24.200218200683594,16.26408576965332,,,,371.2282409667969,13.92416763305664,29.626678466796875
2022-10-31,83.21365356445312,18.20269203186035,23.68151092529297,27.4631404876709,44.56852340698242,26.190811157226562,18.358905792236328,33.130367279052734,31.253782272338867,31.235671997070312,25.55632209777832,24.17413330078125,16.13581085205078,,,,368.54681396484375,13.888232231140137,29.74185562133789
2022-11-01,83.36831665039062,18.185123443603516,23.33066749572754,27.294851303100586,44.30784606933594,26.172727584838867,18.355300903320312,32.99020767211914,31.29330825805664,31.07288932800293,25.64710807800293,24.417612075805664,16.328229904174805,,,,366.9341125488281,13.906198501586914,29.414047241210938
2022-11-02,83.22766876220703,18.65951919555664,23.753265380859375,27.53526496887207,44.924800872802734,26.1817684173584,18.269676208496094,33.340606689453125,30.907947540283203,30.297264099121094,25.42014503479004,24.078479766845703,16.108320236206055,,,,357.7253723144531,14.095747947692871,29.44948959350586
2022-11-03,82.92010498046875,18.518957138061523,23.817060470581055,27.70355224609375,45.08120346069336,26.20256996154785,18.24263572692871,33.883724212646484,30.641159057617188,29.971691131591797,25.347515106201172,24.06108856201172,15.943389892578125,,,,354.0419921875,14.175700187683105,29.591243743896484
2022-11-04,82.91130065917969,18.606807708740234,23.56987762451172,27.38300132751465,44.55115509033203,26.362646102905273,18.3868465423584,33.37564468383789,30.838777542114258,30.144054412841797,25.628952026367188,24.756742477416992,16.144969940185547,,,,359.1377258300781,13.996034622192383,29.3077335357666
2022-11-07,82.64765167236328,18.58045196533203,23.713401794433594,27.41505241394043,44.55115509033203,26.407867431640625,18.40306854248047,33.36688995361328,30.759729385375977,30.479202270507812,25.701581954956055,24.73065757751465,16.171546936035156,,,,362.5730895996094,13.861284255981445,29.4317684173584
2022-11-08,82.99919891357422,18.606807708740234,23.31472396850586,27.006357192993164,44.14274215698242,26.299339294433594,18.42289924621582,32.937644958496094,30.74985122680664,30.603681564331055,25.7651309967041,24.826313018798828,16.309904098510742,,,,364.5293273925781,13.915184020996094,29.183698654174805
2022-11-09,83.09586334228516,18.861572265625,23.075515747070312,27.102519989013672,44.281776428222656,26.127504348754883,18.321950912475586,32.7974853515625,30.641159057617188,30.06744956970215,25.610795974731445,24.26978302001953,16.172454833984375,,,,357.0192565917969,14.166714668273926,29.02422332763672
2022-11-10,84.87996673583984,18.026992797851562,22.684812545776367,26.04470443725586,42.7089729309082,26.15463638305664,18.674367904663086,31.098045349121094,30.917829513549805,31.819786071777344,26.110118865966797,24.95674705505371,16.88715934753418,,,,376.6389465332031,13.897215843200684,29.09510040283203
2022-11-11,84.81842041015625,17.38568115234375,22.601089477539062,25.65203285217285,42.5786247253418,26.24959373474121,18.720333099365234,30.765161514282227,30.92770767211914,32.13579177856445,26.300771713256836,25.339357376098633,17.00628089904785,,,,380.2843322753906,13.816366195678711,28.900190353393555
2022-11-14,84.58114624023438,17.543813705444336,22.72467803955078,25.748197555541992,42.65683364868164,26.127504348754883,18.621187210083008,30.9578857421875,30.917829513549805,32.11663055419922,26.237218856811523,25.095874786376953,16.923816680908203,,,,377.0492858886719,13.816366195678711,28.96220588684082
2022-11-15,85.20510864257812,17.306615829467773,22.557235717773438,25.491756439208984,42.396148681640625,26.281251907348633,18.684280395507812,30.57244300842285,30.967233657836914,32.327293395996094,26.427871704101562,25.304576873779297,17.116235733032227,,,,380.26519775390625,13.85229778289795,29.02422332763672
2022-11-16,85.7324447631836,17.649234771728516,22.318023681640625,25.30743980407715,42.396148681640625,26.1817684173584,18.634706497192383,30.20452117919922,31.006755828857422,32.308143615722656,26.337085723876953,25.165447235107422,17.180376052856445,,,,377.36419677734375,13.951116561889648,28.953346252441406
2022-11-17,85.3720932006836,17.851289749145508,22.32600212097168,25.499767303466797,42.257110595703125,26.11846160888672,18.61217498779297,30.60748291015625,30.917829513549805,32.13579177856445,26.228137969970703,24.913267135620117,17.00628089904785,,,,376.20953369140625,13.897215843200684,28.83816909790039
2022-11-18,85.24906921386719,17.991851806640625,22.34593391418457,25.62799072265625,42.283180236816406,25.985517501831055,18.632003784179688,30.70384407043457,31.046281814575195,32.18366622924805,26.209983825683594,24.939353942871094,16.905492782592773,,,,377.917724609375,13.762465476989746,28.847028732299805
2022-11-21,85.19635009765625,18.264190673828125,22.373842239379883,25.764223098754883,42.7089729309082,25.91950035095215,18.594148635864258,30.80020523071289,31.075925827026367,32.06875991821289,26.173669815063477,24.808921813964844,16.923816680908203,,,,376.5435485839844,13.7983980178833,29.041942596435547
2022-11-22,85.6357650756836,18.264190673828125,22.365861892700195,25.595932006835938,42.31794357299805,26.145591735839844,18.657241821289062,30.49360466003418,31.105567932128906,32.490081787109375,26.25537872314453,25.2263126373291,17.152883529663086,,,,381.61065673828125,13.735515594482422,28.900190353393555
2022-11-23,86.14546966552734,18.158767700195312,22.461549758911133,25.299428939819336,42.30056381225586,26.13654899597168,18.702308654785156,29.652639389038086,31.21426010131836,32.66244888305664,26.30984878540039,25.208921432495117,17.381961822509766,,,,384.01544189453125,13.726531982421875,28.9710636138916
2022-11-25,86.1630859375,18.220264434814453,22.413455963134766,25.2753849029541,42.031185150146484,26.145591735839844,18.711320877075195,29.75951385498047,31.085803985595703,32.71989440917969,26.30984878540039,25.20022964477539,17.354469299316406,,,,383.92950439453125,13.735515594482422,28.909048080444336
2022-11-28,86.02244567871094,18.44867515563965,22.485595703125,25.371551513671875,41.987735748291016,25.980093002319336,18.567110061645508,30.10816192626953,31.085803985595703,32.28899383544922,26.20090675354004,24.861093521118164,17.27200698852539,,,,377.80322265625,13.861284255981445,28.820449829101562
2022-11-29,85.71485137939453,18.44867515563965,22.57377815246582,25.427642822265625,42.2484245300293,26.09132957458496,18.630203247070312,30.248321533203125,31.135211944580078,32.06875991821289,26.291690826416016,25.095874786376953,17.180376052856445,,,,377.1542053222656,13.834330558776855,28.944486618041992
2022-11-30,86.38278198242188,18.149982452392578,22.052722930908203,25.03497314453125,41.735740661621094,26.226985931396484,18.819477081298828,29.801563262939453,31.125329971313477,33.16994857788086,26.573129653930664,25.574142456054688,17.55605125427246,,,,389.03485107421875,13.645681381225586,28.891328811645508
2022-12-01,87.1015625,18.13241195678711,21.539682388305664,24.770519256591797,41.4402961730957,26.236034393310547,18.819477081298828,29.083242416381836,31.135211944580078,33.294437408447266,26.691150665283203,25.53936004638672,17.922565460205078,,,,388.74859619140625,13.843316078186035,28.616680145263672
2022-12-02,87.46275329589844,18.123626708984375,21.38737678527832,24.690380096435547,41.27519989013672,26.190811157226562,18.810466766357422,29.021923065185547,31.184616088867188,33.41891860961914,26.691150665283203,25.41762351989746,18.197458267211914,,,,388.3000793457031,13.807382583618164,28.474924087524414
2022-12-05,86.7756576538086,18.404752731323242,21.44348907470703,24.938810348510742,41.07533645629883,25.933063507080078,18.485990524291992,29.47744369506836,31.174734115600586,32.66244888305664,26.491422653198242,24.98283576965332,17.812612533569336,,,,381.3148193359375,13.843316078186035,28.581239700317383
2022-12-06,87.03111267089844,18.466245651245117,21.347293853759766,24.922779083251953,40.74513626098633,25.847148895263672,18.57612419128418,29.37232208251953,31.135211944580078,32.327293395996094,26.400634765625,24.852397918701172,17.895082473754883,,,,375.8182678222656,14.00501823425293,28.430625915527344
2022-12-07,87.80630493164062,18.439891815185547,21.371339797973633,24.714420318603516,40.632171630859375,25.72505760192871,18.522045135498047,29.092876434326172,31.174734115600586,32.4326286315918,26.482343673706055,24.80022430419922,18.069171905517578,,,,375.1789245605469,14.148750305175781,28.235715866088867
2022-12-08,87.5420150756836,18.360824584960938,21.563732147216797,24.690380096435547,40.61479568481445,25.66446304321289,18.504018783569336,29.12704086303711,31.24390411376953,32.59540939331055,26.482343673706055,24.861093521118164,18.133312225341797,,,,378.1180725097656,13.969084739685059,28.30659294128418
2022-12-09,87.0223159790039,18.422319412231445,21.764137268066406,24.87470054626465,41.240440368652344,25.584880828857422,18.567110061645508,29.459922790527344,31.28342628479004,32.24110412597656,26.473264694213867,24.66109275817871,17.785125732421875,,,,375.2934265136719,13.969084739685059,28.24457550048828
2022-12-12,87.03990173339844,18.21147918701172,21.724058151245117,24.84264373779297,41.231754302978516,25.70244789123535,18.589643478393555,29.512481689453125,31.372356414794922,32.57625961303711,26.600364685058594,24.921964645385742,17.867589950561523,,,,380.7041320800781,13.861284255981445,28.297731399536133
2022-12-13,87.62130737304688,18.062131881713867,21.54769515991211,24.64229965209961,41.101409912109375,25.792884826660156,18.684280395507812,29.135799407958984,31.382238388061523,32.92098617553711,26.6457576751709,25.20022964477539,17.922565460205078,,,,383.58599853515625,13.843316078186035,28.342029571533203
2022-12-14,87.81510925292969,18.097272872924805,21.459516525268555,24.59421730041504,41.41423416137695,25.675315856933594,18.69329261779785,29.10076141357422,31.4415225982666,32.76778030395508,26.727466583251953,25.165447235107422,17.830936431884766,,,,381.13360595703125,13.906198501586914,28.404050827026367
2022-12-15,87.9439926147461,18.246620178222656,21.36332130432129,24.58620262145996,41.293827056884766,25.566791534423828,18.522045135498047,29.661401748657227,31.34271240234375,32.07833480834961,26.400634765625,24.774139404296875,17.775957107543945,,,,371.8103332519531,14.11281681060791,28.049659729003906
2022-12-16,87.71443939208984,18.3432559967041,21.323244094848633,24.76250457763672,41.06698989868164,25.38591766357422,18.458951950073242,29.88916015625,31.253782272338867,31.68572998046875,26.282615661621094,24.452396392822266,17.574378967285156,,,,367.42071533203125,14.18468189239502,28.147117614746094
2022-12-19,87.1758804321289,18.475032806396484,21.30721092224121,24.754491806030273,41.581748962402344,25.485395431518555,18.35980796813965,29.959243774414062,31.224140167236328,31.302703857421875,26.25537872314453,24.35674285888672,17.436933517456055,,,,364.3051452636719,14.139766693115234,27.907909393310547
2022-12-20,86.5843505859375,18.439891815185547,21.403409957885742,24.914766311645508,40.92739486694336,25.621055603027344,18.395858764648438,30.033702850341797,31.26366424560547,31.2644100189209,26.25537872314453,24.511009216308594,17.3727970123291,,,,364.8035888671875,14.040949821472168,28.085102081298828
2022-12-21,86.82270812988281,18.439891815185547,21.323244094848633,24.810588836669922,41.51194763183594,25.924020767211914,18.46796417236328,30.09064292907715,31.322952270507812,31.819786071777344,26.446027755737305,24.83577537536621,17.58354377746582,,,,370.25830078125,13.897215843200684,28.173694610595703
2022-12-22,86.79623413085938,18.694658279418945,21.38737678527832,24.978878021240234,41.50322341918945,25.593917846679688,18.411842346191406,30.33592414855957,31.27354621887207,31.2644100189209,26.328006744384766,24.628280639648438,17.336145401000977,,,,364.9761657714844,14.025376319885254,28.049659729003906
2022-12-23,86.49606323242188,18.782508850097656,21.659927368164062,24.954835891723633,41.68644332885742,25.898635864257812,18.429946899414062,30.318401336669922,31.26366424560547,31.343215942382812,26.34616470336914,24.94403076171875,17.253677368164062,,,,367.07562255859375,13.917071342468262,28.311092376708984
2022-12-27,85.86923217773438,18.966997146606445,21.761083602905273,24.994903564453125,41.293827056884766,25.89133071899414,18.493310928344727,30.134443283081055,31.303190231323242,31.16059684753418,26.382474899291992,25.01620101928711,17.172733306884766,,,,365.6280517578125,13.853896141052246,28.132640838623047
2022-12-28,85.71913146972656,19.076128005981445,21.81960105895996,25.208213806152344,41.80858612060547,25.5720272064209,18.33942413330078,29.13465118408203,31.303190231323242,30.68001937866211,26.21906089782715,24.736541748046875,17.07155990600586,,,,361.0841064453125,13.917071342468262,28.248634338378906
2022-12-29,86.0369644165039,18.863187789916992,21.894840240478516,25.070037841796875,41.948177337646484,25.86396598815918,18.457101821899414,28.908069610595703,31.372356414794922,31.343215942382812,26.43021011352539,24.862836837768555,17.21872329711914,,,,367.5837097167969,13.817793846130371,28.427085876464844
2022-12-30,85.63084411621094,18.818824768066406,21.74436378479004,25.139123916625977,41.52939987182617,25.836597442626953,18.4471435546875,28.841981887817383,31.35259437561035,31.189430236816406,26.356121063232422,24.84479522705078,17.135944366455078,,,,366.615478515625,13.808768272399902,28.141565322875977
2023-01-03,86.13410186767578,19.0672550201416,21.894840240478516,25.078672409057617,41.61664581298828,25.68150520324707,18.411842346191406,29.021360397338867,31.34271240234375,31.179819107055664,26.356121063232422,24.492969512939453,17.227924346923828,,,,365.0720520019531,13.862920761108398,28.266477584838867
2023-01-04,86.61084747314453,18.96965789794922,21.878124237060547,24.888681411743164,41.415977478027344,25.6450138092041,18.583831787109375,28.709810256958008,31.31307029724121,31.4777774810791,26.569120407104492,24.56513214111328,17.448678970336914,,,,367.8905334472656,13.853896141052246,28.150487899780273
2023-01-05,86.54019165039062,19.0672550201416,21.953357696533203,24.931861877441406,41.60791778564453,25.5720272064209,18.4842586517334,29.078004837036133,31.253782272338867,31.16059684753418,26.43021011352539,24.55611228942871,17.411888122558594,,,,363.69158935546875,13.9351224899292,28.18617820739746
2023-01-06,87.48489379882812,19.031766891479492,21.485198974609375,24.61233139038086,41.48576736450195,25.998075485229492,18.656248092651367,28.369935989379883,31.372356414794922,31.948747634887695,26.698768615722656,25.052284240722656,17.86258888244629,,,,372.0318298339844,13.862920761108398,28.409238815307617
2023-01-09,87.70559692382812,18.74784278869629,21.292924880981445,24.586429595947266,40.97974395751953,26.04642677307129,18.701507568359375,28.200000762939453,31.224140167236328,31.987186431884766,26.754331588745117,25.19662857055664,17.936172485351562,,,,371.8208923339844,13.899020195007324,28.400318145751953
2023-01-10,87.37012481689453,18.588136672973633,21.32636260986328,24.698692321777344,41.381080627441406,26.00993537902832,18.751293182373047,28.473785400390625,31.35259437561035,32.01602554321289,26.763595581054688,25.286842346191406,17.917776107788086,,,,374.42840576171875,13.72754192352295,28.480619430541992
2023-01-11,87.90869140625,18.339702606201172,21.109004974365234,24.543245315551758,41.49449920654297,26.137659072875977,18.828235626220703,27.93565559387207,31.29330825805664,32.458152770996094,26.828420639038086,25.4582462310791,18.101736068725586,,,,379.1641845703125,13.718517303466797,28.337858200073242
2023-01-12,88.54437255859375,18.242101669311523,20.916723251342773,24.491430282592773,41.46832275390625,26.420473098754883,18.945911407470703,27.520254135131836,31.35259437561035,32.58311080932617,26.939550399780273,25.737911224365234,18.35008430480957,,,,380.54461669921875,13.781691551208496,28.480619430541992
2023-01-13,88.21771240234375,18.126758575439453,21.109004974365234,24.525972366333008,41.82603454589844,26.48433494567871,18.936859130859375,27.652429580688477,31.35259437561035,32.88106155395508,27.004375457763672,25.828125,18.239707946777344,,,,382.0209655761719,13.664362907409668,28.48954200744629
2023-01-17,88.05874633789062,17.896072387695312,20.791324615478516,24.59505844116211,41.712608337402344,26.511703491210938,18.945911407470703,27.541025161743164,31.253782272338867,32.6119384765625,26.98585319519043,25.89127540588379,18.120136260986328,,,,381.3210754394531,13.655336380004883,28.418163299560547
2023-01-18,88.93282318115234,17.913818359375,20.465282440185547,24.430978775024414,41.23275375366211,26.201519012451172,18.83728790283203,27.397523880004883,31.27354621887207,32.448543548583984,27.032155990600586,25.665742874145508,18.267303466796875,,,,375.3008117675781,13.908045768737793,28.436004638671875
2023-01-19,88.72978210449219,18.17112159729004,20.749521255493164,24.59505844116211,41.36362838745117,26.3018741607666,18.80107879638672,27.444726943969727,31.224140167236328,32.22747802734375,26.958070755004883,25.737911224365234,18.33169174194336,,,,372.5686950683594,13.962199211120605,28.409238815307617
2023-01-20,88.36776733398438,17.94930648803711,20.77460479736328,24.577787399291992,41.25020980834961,26.511703491210938,18.928712844848633,27.567459106445312,31.33283042907715,32.73688888549805,27.059938430786133,25.990507125854492,18.212114334106445,,,,379.5093078613281,13.709486961364746,28.39139175415039
2023-01-23,88.14704895019531,17.656511306762695,20.983600616455078,24.577787399291992,40.92739486694336,26.64855194091797,18.984834671020508,27.444726943969727,31.471166610717773,32.91950607299805,27.078460693359375,26.053653717041016,18.267303466796875,,,,384.0628967285156,13.547033309936523,28.418163299560547
2023-01-24,88.53553771972656,17.7452392578125,20.849838256835938,24.569154739379883,41.311283111572266,26.721540451049805,18.99117088317871,27.425844192504883,31.36247444152832,33.00600814819336,27.134023666381836,26.035614013671875,18.423667907714844,,,,383.6506652832031,13.619237899780273,28.578763961791992
2023-01-25,88.64149475097656,17.842836380004883,20.69099998474121,24.551881790161133,41.04082107543945,26.758026123046875,19.00022315979004,27.45888900756836,31.31307029724121,33.05406188964844,27.180330276489258,26.008548736572266,18.506454467773438,,,,383.7944641113281,13.565082550048828,28.685836791992188
2023-01-26,88.49140167236328,17.656511306762695,20.77460479736328,24.59505844116211,41.27638626098633,26.81276512145996,19.108850479125977,27.690189361572266,31.253782272338867,33.26551818847656,27.226633071899414,26.252126693725586,18.543241500854492,,,,388.012451171875,13.49288272857666,28.855365753173828
2023-01-27,88.35895538330078,17.523422241210938,20.757877349853516,24.543245315551758,41.03208541870117,26.67591667175293,19.09074592590332,27.756277084350586,31.253782272338867,33.40008544921875,27.20810890197754,26.04463768005371,18.469661712646484,,,,388.9040222167969,13.456780433654785,28.935665130615234
2023-01-30,88.12054443359375,17.674257278442383,20.77460479736328,24.543245315551758,41.35490798950195,26.4022274017334,18.973068237304688,28.0206241607666,31.15497398376465,32.871456146240234,27.013635635375977,25.737911224365234,18.313291549682617,,,,384.0245056152344,13.519956588745117,28.73937225341797
2023-01-31,88.48255920410156,17.621021270751953,20.854021072387695,24.327346801757812,41.05826187133789,26.695079803466797,19.117900848388672,28.011180877685547,31.204378128051758,33.361637115478516,27.124765396118164,25.999528884887695,18.29489517211914,,,,389.67095947265625,13.456780433654785,28.998123168945312
2023-02-01,89.10653686523438,17.274988174438477,20.55724334716797,24.422344207763672,41.02336502075195,26.758026123046875,19.145057678222656,27.92621421813965,31.303190231323242,33.88066864013672,27.291458129882812,25.90931510925293,18.552446365356445,,,,393.812255859375,13.519956588745117,29.14980697631836
2023-02-02,89.2038803100586,16.875720977783203,20.431842803955078,24.284170150756836,40.857601165771484,26.438722610473633,19.24462890625,27.69963264465332,31.23402214050293,34.27473449707031,27.43962860107422,25.773990631103516,18.47885513305664,,,,399.5450134277344,13.456780433654785,29.239030838012695
2023-02-03,88.34538269042969,17.186262130737305,20.874916076660156,24.30143928527832,40.997196197509766,26.25625991821289,19.097984313964844,27.77515983581543,31.075925827026367,33.89988708496094,27.124765396118164,25.40411949157715,18.1937198638916,,,,395.2982177734375,13.36652660369873,29.239030838012695
2023-02-06,87.85859680175781,17.274988174438477,21.301279067993164,24.387800216674805,40.66565704345703,25.991689682006836,18.96401596069336,27.963979721069336,30.947471618652344,33.457759857177734,27.050678253173828,25.259775161743164,18.00975799560547,,,,392.8824157714844,13.285297393798828,29.185497283935547
2023-02-07,87.70813751220703,17.0709171295166,21.32636260986328,24.551881790161133,41.154232025146484,26.3018741607666,19.063589096069336,27.831804275512695,31.145092010498047,33.93833541870117,27.134023666381836,25.530418395996094,18.10817527770996,,,,398.0207214355469,13.186019897460938,29.301490783691406
2023-02-08,87.83207702636719,17.159643173217773,21.195947647094727,24.361892700195312,41.07571792602539,26.08292007446289,19.009275436401367,28.001741409301758,31.056163787841797,33.5250358581543,27.050678253173828,25.44922637939453,18.101736068725586,18.992908477783203,,,393.66845703125,13.31237506866455,29.203338623046875
2023-02-09,87.48687744140625,17.372587203979492,21.527000427246094,24.508699417114258,40.831424713134766,25.983478546142578,18.909704208374023,28.0206241607666,31.026519775390625,33.15018081665039,27.06920051574707,25.27781867980957,17.99135971069336,18.9246883392334,,,390.2557373046875,13.330425262451172,29.247953414916992
2023-02-10,87.1063003540039,17.629894256591797,21.61895751953125,24.413705825805664,41.21530532836914,26.064674377441406,18.945911407470703,27.869569778442383,30.986995697021484,33.10212326049805,27.032155990600586,25.530418395996094,17.890180587768555,18.75129508972168,,,391.1664733886719,13.249197006225586,29.08734703063965
2023-02-13,87.37181091308594,17.487930297851562,21.75271987915039,24.525972366333008,41.12805938720703,26.201519012451172,18.99117088317871,28.08670997619629,31.105567932128906,33.61153793334961,27.096981048583984,25.566503524780273,17.99135971069336,19.6135311126709,,,395.75836181640625,13.176995277404785,29.221187591552734
2023-02-14,87.06204986572266,17.266115188598633,22.078760147094727,24.698692321777344,41.05826187133789,26.32924461364746,19.027379989624023,28.166955947875977,31.056163787841797,33.553863525390625,27.078460693359375,25.593568801879883,17.926977157592773,19.03554916381836,,,395.57623291015625,13.095766067504883,29.105194091796875
2023-02-15,86.8938980102539,16.928955078125,22.15399932861328,24.6555118560791,41.06698989868164,26.08292007446289,19.009275436401367,28.228322982788086,31.066043853759766,33.573097229003906,27.004375457763672,25.494335174560547,17.825796127319336,18.893421173095703,,,396.86083984375,13.05966567993164,29.319334030151367
2023-02-16,86.53102111816406,17.14189910888672,22.108020782470703,24.71596336364746,41.433433532714844,26.155906677246094,18.931428909301758,28.388818740844727,31.026519775390625,33.07329177856445,27.180330276489258,25.3680362701416,17.669431686401367,18.970169067382812,,,391.3965148925781,13.104790687561035,29.256879806518555
2023-02-17,86.73461151123047,17.541168212890625,22.162363052368164,24.64687728881836,41.44215393066406,25.9551944732666,18.855392456054688,28.436025619506836,31.095685958862305,33.02523422241211,26.976591110229492,25.18760871887207,17.6970272064209,19.032705307006836,,,390.4186706542969,13.122842788696289,29.265796661376953
2023-02-21,85.92032623291016,17.718618392944336,22.304481506347656,24.67278289794922,41.398529052734375,25.581151962280273,18.76487159729004,28.96471405029297,31.135211944580078,32.208251953125,26.73581314086914,24.9891414642334,17.444076538085938,18.975854873657227,,,382.5865173339844,13.163457870483398,29.078426361083984
2023-02-22,86.15042877197266,17.638765335083008,22.325380325317383,24.586429595947266,41.11061477661133,25.654136657714844,18.722326278686523,28.747573852539062,31.372356414794922,32.208251953125,26.763595581054688,24.790664672851562,17.448678970336914,18.893421173095703,,,382.059326171875,13.186019897460938,28.944589614868164
2023-02-23,86.46025085449219,17.56778335571289,22.379718780517578,24.46552276611328,41.12805938720703,25.6450138092041,18.752199172973633,28.50210952758789,31.28342628479004,32.448543548583984,26.939550399780273,24.953054428100586,17.54065704345703,18.820463180541992,,,384.09161376953125,13.16796875,28.980276107788086
2023-02-24,85.96458435058594,17.771854400634766,22.856243133544922,24.60369873046875,41.09316635131836,25.426055908203125,18.54762077331543,28.57763671875,31.145092010498047,32.112144470214844,26.83768081665039,24.736541748046875,17.298749923706055,18.678335189819336,,,379.98858642578125,13.222122192382812,28.73937225341797
2023-02-27,86.13276672363281,17.629894256591797,22.881317138671875,24.733232498168945,41.320003509521484,25.599397659301758,18.653532028198242,28.66260528564453,31.026519775390625,32.2851448059082,26.94881248474121,24.88088035583496,17.402687072753906,18.8252010345459,,,381.2828063964844,13.158942222595215,28.748292922973633
2023-02-28,86.12390899658203,17.523422241210938,22.78936004638672,24.508699417114258,41.162960052490234,25.517290115356445,18.67435073852539,28.50210952758789,30.8980655670166,32.102535247802734,26.893245697021484,24.83577537536621,17.393489837646484,18.738977432250977,,,379.8736267089844,13.16796875,29.024890899658203
2023-03-01,85.630615234375,17.523422241210938,22.923118591308594,24.70733070373535,41.46832275390625,25.854843139648438,18.710559844970703,28.672046661376953,30.78937339782715,31.919910430908203,26.726552963256836,25.052284240722656,17.421083450317383,18.893421173095703,,,378.41644287109375,13.077714920043945,29.051660537719727
2023-03-02,85.45319366455078,17.461313247680664,22.975788116455078,24.802322387695312,41.49449920654297,25.781858444213867,18.665300369262695,28.73813247680664,30.78937339782715,31.948747634887695,26.772855758666992,25.205652236938477,17.393489837646484,18.969221115112305,,,381.3594970703125,12.99648666381836,29.01597023010254
2023-03-03,86.12745666503906,17.133026123046875,22.73084259033203,24.6555118560791,41.60791778564453,26.11029052734375,18.84634017944336,28.40770149230957,30.937589645385742,32.573490142822266,26.930288314819336,25.530418395996094,17.770606994628906,19.0165958404541,,,387.4757080078125,12.960387229919434,29.17657470703125
2023-03-06,85.9145736694336,17.248371124267578,22.914764404296875,24.810958862304688,41.91328811645508,26.05554962158203,18.792028427124023,28.73813247680664,30.7004451751709,32.621551513671875,26.893245697021484,25.3680362701416,17.641834259033203,19.092397689819336,,,387.74407958984375,12.906233787536621,29.230106353759766
2023-03-07,85.7991943359375,17.337095260620117,23.533403396606445,24.48279571533203,41.860931396484375,25.581151962280273,18.629091262817383,28.908069610595703,30.641159057617188,32.140968322753906,26.73581314086914,24.89892578125,17.441314697265625,19.03554916381836,,,381.8004455566406,13.014537811279297,29.051660537719727
2023-03-08,85.71047973632812,17.319351196289062,23.508317947387695,24.551881790161133,41.83475875854492,25.585710525512695,18.63814353942871,28.945831298828125,30.621395111083984,32.15058517456055,26.708032608032227,24.916967391967773,17.393489837646484,19.096187591552734,,,382.4235534667969,12.99648666381836,29.1319637298584
2023-03-09,86.02100372314453,17.594402313232422,23.240798950195312,24.33598518371582,41.68644332885742,25.325702667236328,18.443523406982422,29.087446212768555,30.552228927612305,31.70845603942871,26.615421295166016,24.637304306030273,17.301509857177734,18.75129508972168,,,375.367919921875,13.204070091247559,29.167648315429688
2023-03-10,87.02351379394531,18.082395553588867,22.1790828704834,23.593297958374023,41.1804084777832,25.13411521911621,18.248905181884766,28.42658233642578,30.680681228637695,31.573896408081055,26.578378677368164,24.511009216308594,17.65103530883789,18.050132751464844,,,369.9515686035156,13.655336380004883,28.757217407226562
2023-03-13,87.71552276611328,18.02916145324707,19.591657638549805,22.876514434814453,40.68310546875,24.997272491455078,18.158384323120117,27.5768985748291,30.473180770874023,31.746896743774414,26.55059814453125,24.41176986694336,17.715423583984375,17.1253604888916,,,369.4242858886719,13.844870567321777,28.855365753173828
2023-03-14,87.200927734375,18.073524475097656,20.114158630371094,23.368762969970703,40.84014892578125,24.976287841796875,18.212697982788086,27.973417282104492,30.621395111083984,32.25632095336914,26.624683380126953,24.55611228942871,17.614238739013672,17.339496612548828,,,375.5309143066406,13.569595336914062,28.980276107788086
2023-03-15,88.07038879394531,18.14450454711914,19.696157455444336,22.53108024597168,40.02003479003906,24.386024475097656,18.10407066345215,27.78459930419922,30.601633071899414,32.2467041015625,26.513553619384766,23.90657615661621,17.641834259033203,17.214426040649414,,,373.1822204589844,13.908045768737793,28.91781997680664
2023-03-16,87.7243881225586,18.064651489257812,19.89679718017578,22.807430267333984,40.456260681152344,24.705333709716797,18.11312484741211,27.92621421813965,30.690563201904297,32.63115692138672,26.58763885498047,24.077980041503906,17.57653045654297,17.21253204345703,,,379.7297668457031,13.619237899780273,29.06058120727539
2023-03-17,88.27439880371094,18.162250518798828,19.754680633544922,22.367000579833984,40.06365203857422,24.466306686401367,18.03618049621582,27.605222702026367,30.532466888427734,32.40048599243164,26.643203735351562,23.915597915649414,17.605043411254883,17.311073303222656,,,375.2897033691406,13.944147109985352,29.140884399414062
2023-03-20,87.91957092285156,18.39293670654297,19.754680633544922,22.643346786499023,40.299217224121094,24.735437393188477,18.058813095092773,27.61466407775879,30.591751098632812,32.679229736328125,26.633943557739258,24.159175872802734,17.679548263549805,17.149995803833008,,,378.8983154296875,13.772666931152344,29.221187591552734
2023-03-21,87.65343475341797,18.00254249572754,19.98040008544922,22.88515281677246,40.54351806640625,24.760982513427734,18.14933204650879,27.897890090942383,30.621395111083984,32.909889221191406,26.726552963256836,24.2696533203125,17.678627014160156,17.1452579498291,,,383.87347412109375,13.46580696105957,29.283645629882812
2023-03-22,88.4962158203125,18.242101669311523,20.03056526184082,22.53108024597168,40.77035140991211,24.810245513916016,18.167436599731445,27.897890090942383,30.601633071899414,32.5062141418457,26.745071411132812,24.14286994934082,17.86258888244629,17.34708023071289,,,377.329833984375,13.790715217590332,29.337181091308594
2023-03-23,88.70917510986328,18.179996490478516,20.03056526184082,22.418811798095703,40.901222229003906,24.811159133911133,18.158384323120117,27.718515396118164,30.680681228637695,32.73688888549805,26.80063819885254,24.088539123535156,17.893861770629883,17.401086807250977,,,378.349853515625,13.872589111328125,29.399639129638672
2023-03-24,88.8599853515625,18.321956634521484,19.779760360717773,22.19428253173828,40.515907287597656,24.732702255249023,18.14933204650879,27.53913688659668,30.72020721435547,32.986785888671875,26.791378021240234,24.14286994934082,17.83039665222168,17.32054901123047,,,380.83258056640625,13.7543306350708,29.42640495300293
2023-03-27,87.9018325805664,18.330829620361328,19.654361724853516,22.755615234375,40.73533248901367,24.845678329467773,18.1855411529541,27.756277084350586,30.917829513549805,32.707237243652344,26.754331588745117,24.369266510009766,17.637235641479492,17.211585998535156,,,381.544677734375,13.53600788116455,29.363948822021484
2023-03-28,87.76873016357422,18.47279167175293,19.63764190673828,22.746976852416992,40.84943771362305,24.943958282470703,18.257959365844727,27.79404067993164,30.92770767211914,32.668678283691406,26.791378021240234,24.54132843017578,17.75083351135254,17.222007751464844,,,380.688232421875,13.560569763183594,29.497785568237305
2023-03-29,87.87520599365234,18.330829620361328,19.595842361450195,22.88515281677246,40.93721008300781,25.142356872558594,18.29416275024414,27.992300033569336,31.036399841308594,33.015708923339844,26.90250587463379,24.659053802490234,17.82472038269043,17.17652702331543,,,386.2215270996094,13.435942649841309,29.729768753051758
2023-03-30,87.9728012084961,18.25984764099121,19.662721633911133,22.902423858642578,41.22686004638672,25.309528350830078,18.375633239746094,28.17167854309082,31.21426010131836,33.33382034301758,26.94881248474121,24.840173721313477,17.937397003173828,17.26938247680664,,,388.48297119140625,13.399556159973145,29.91714096069336
2023-03-31,88.39863586425781,18.100141525268555,19.579118728637695,22.712430953979492,41.26197052001953,25.33983612060547,18.448049545288086,27.831804275512695,31.253782272338867,33.796512603759766,27.050678253173828,24.976009368896484,18.064844131469727,17.301599502563477,,,393.95849609375,13.37226390838623,29.94390869140625
2023-04-03,88.78286743164062,18.188867568969727,19.537322998046875,22.58289337158203,40.92843246459961,25.496906280517578,18.47520637512207,27.61466407775879,31.204378128051758,33.97967529296875,27.08772087097168,25.302021026611328,18.20153045654297,17.415298461914062,,,395.4596252441406,13.435942649841309,29.899293899536133
2023-04-04,89.11195373535156,18.2775936126709,19.70452308654785,22.461992263793945,41.26197052001953,25.590587615966797,18.429946899414062,27.690189361572266,31.27354621887207,33.93146896362305,27.124765396118164,25.211463928222656,18.244014739990234,17.457937240600586,,,393.2655334472656,13.554200172424316,29.783308029174805
2023-04-05,89.41436767578125,18.605878829956055,19.671083450317383,22.323820114135742,41.09519958496094,25.455568313598633,18.375633239746094,27.633544921875,31.174734115600586,33.912200927734375,27.161808013916016,25.292964935302734,18.2864990234375,17.45319938659668,,,392.2359313964844,13.626974105834961,29.649465560913086
2023-04-06,89.33431243896484,18.61475372314453,19.829919815063477,22.315183639526367,41.55160903930664,25.286563873291016,18.448049545288086,27.916772842407227,31.26366424560547,34.027862548828125,27.161808013916016,25.20240592956543,18.304967880249023,17.535634994506836,,,393.7660217285156,13.572396278381348,29.69407844543457
2023-04-10,88.72059631347656,18.490537643432617,19.938600540161133,22.556987762451172,41.13908767700195,25.415157318115234,18.420894622802734,27.841245651245117,31.29330825805664,33.902557373046875,27.161808013916016,25.302021026611328,18.221853256225586,17.358448028564453,,,394.1700744628906,13.426847457885742,29.69407844543457
2023-04-11,88.77399444580078,18.35744857788086,20.17268180847168,22.58289337158203,41.49017333984375,25.681522369384766,18.520463943481445,28.00646209716797,31.27354621887207,33.796512603759766,27.20810890197754,25.49219512939453,18.295738220214844,17.34234046936035,,,394.2760009765625,13.408653259277344,29.881450653076172
2023-04-12,88.88069915771484,18.47279167175293,20.222841262817383,22.686525344848633,41.55160903930664,25.698057174682617,18.502363204956055,28.133913040161133,31.322952270507812,33.729042053222656,27.198850631713867,25.546527862548828,18.309589385986328,17.491100311279297,,,392.6689147949219,13.490523338317871,29.801151275634766
2023-04-13,88.84513854980469,18.481664657592773,20.289724349975586,22.755615234375,41.78860092163086,26.177518844604492,18.529518127441406,28.237764358520508,31.4415225982666,34.471290588378906,27.245155334472656,25.673311233520508,18.374238967895508,17.529001235961914,,,397.8846130371094,13.344975471496582,29.92606544494629
2023-04-14,88.40933227539062,18.499408721923828,20.114158630371094,22.88515281677246,41.929046630859375,25.90196418762207,18.47520637512207,28.133913040161133,31.382238388061523,33.97967529296875,27.245155334472656,25.55558204650879,18.19414520263672,17.391611099243164,,,396.9127502441406,13.281298637390137,29.729768753051758
2023-04-17,87.96461486816406,18.455045700073242,20.013843536376953,23.014686584472656,41.52528762817383,25.803688049316406,18.520463943481445,28.030065536499023,31.540334701538086,33.93146896362305,27.263675689697266,25.501249313354492,18.083316802978516,17.258012771606445,,,398.3369140625,13.190330505371094,29.818992614746094
2023-04-18,88.08910369873047,18.36631965637207,19.95281219482422,23.040597915649414,41.86759948730469,25.904720306396484,18.569347381591797,28.081045150756836,31.481048583984375,34.05678939819336,27.263675689697266,25.573698043823242,18.124879837036133,17.287385940551758,,,398.5967102050781,13.181232452392578,29.881450653076172
2023-04-19,87.95569610595703,18.321956634521484,20.013843536376953,23.006053924560547,41.82371139526367,25.85603904724121,18.502363204956055,28.40770149230957,31.490930557250977,33.94110870361328,27.17106819152832,25.40163230895996,18.069461822509766,17.294965744018555,,,398.52947998046875,13.172137260437012,29.71192169189453
2023-04-20,88.35592651367188,18.410682678222656,20.214487075805664,22.971511840820312,41.92026138305664,25.770618438720703,18.487878799438477,28.587078094482422,31.42176055908203,33.84471893310547,27.161808013916016,25.265796661376953,18.092552185058594,17.324338912963867,,,396.3546142578125,13.29039478302002,29.94390869140625
2023-04-21,88.2047348022461,18.384065628051758,20.306442260742188,22.971511840820312,41.9027099609375,25.479448318481445,18.429946899414062,28.596519470214844,31.411882400512695,33.8350715637207,27.161808013916016,25.12090492248535,17.986343383789062,17.338552474975586,,,396.6625061035156,13.217618942260742,30.00636863708496
2023-04-24,88.55162048339844,18.446176528930664,20.507080078125,23.006053924560547,42.087032318115234,25.5657901763916,18.43899917602539,28.72869110107422,31.4415225982666,33.97967529296875,27.17106819152832,25.329187393188477,18.11102294921875,17.377399444580078,,,397.0762634277344,13.272200584411621,29.988521575927734
2023-04-25,89.10305786132812,18.68573570251465,20.498722076416016,22.729705810546875,41.84126281738281,25.461078643798828,18.257959365844727,28.690927505493164,31.303190231323242,33.65191650390625,27.096981048583984,24.948841094970703,18.1461181640625,17.405824661254883,,,390.773193359375,13.581491470336914,30.300809860229492
2023-04-26,88.77399444580078,18.676860809326172,20.61993980407715,22.772886276245117,41.78860092163086,25.314119338989258,18.257959365844727,29.078004837036133,31.322952270507812,33.439849853515625,27.041418075561523,24.785839080810547,18.018665313720703,17.34234046936035,,,389.1180114746094,13.463233947753906,30.068824768066406
2023-04-27,88.45379638671875,18.69460678100586,21.008682250976562,22.941286087036133,41.70960998535156,25.722858428955078,18.375633239746094,29.219619750976562,31.392118453979492,33.89291000366211,27.143285751342773,24.912616729736328,18.021438598632812,17.325286865234375,,,396.8646240234375,13.272200584411621,30.45249366760254
2023-04-28,88.90737915039062,18.588136672973633,20.900001525878906,22.936965942382812,42.01681137084961,25.60987663269043,18.493310928344727,29.096885681152344,31.34271240234375,34.23993682861328,27.18958854675293,25.139015197753906,18.129491806030273,17.449411392211914,,,400.2518615722656,13.308588027954102,30.247278213500977
2023-05-01,87.99702453613281,18.703479766845703,20.910032272338867,23.1614990234375,41.77982711791992,25.568544387817383,18.434471130371094,29.096885681152344,31.35259437561035,34.027862548828125,27.134023666381836,24.95789909362793,17.82472038269043,17.301599502563477,,,399.8478088378906,13.14484691619873,30.238351821899414
2023-05-02,88.85301208496094,18.74784278869629,21.017038345336914,22.98878288269043,41.66572189331055,25.486799240112305,18.348478317260742,29.28570556640625,31.28342628479004,33.97967529296875,27.096981048583984,24.604719161987305,17.9909610748291,17.367923736572266,,,395.3537902832031,13.37226390838623,30.3721923828125
2023-05-03,89.24535369873047,18.756715774536133,20.6893253326416,22.902423858642578,42.02559280395508,25.628250122070312,18.330373764038086,29.47452163696289,31.253782272338867,33.77724075317383,27.124765396118164,24.42360496520996,18.037139892578125,17.478782653808594,,,392.6400451660156,13.526909828186035,30.309734344482422
2023-05-04,89.13832092285156,18.738969802856445,20.55724334716797,22.833335876464844,41.49017333984375,25.574975967407227,18.257959365844727,29.417877197265625,31.36247444152832,33.671207427978516,27.134023666381836,24.4145450592041,17.977108001708984,17.438987731933594,,,389.8590393066406,13.581491470336914,30.639863967895508
2023-05-05,88.85301208496094,18.5615177154541,20.448558807373047,22.954238891601562,41.77982711791992,25.802764892578125,18.420894622802734,29.38011360168457,31.510690689086914,34.10498046875,27.25441551208496,24.840173721313477,18.046375274658203,17.338552474975586,,,397.0762634277344,13.338605880737305,30.684478759765625
2023-05-08,88.36257934570312,18.419557571411133,20.448558807373047,22.971511840820312,42.13969421386719,25.81562614440918,18.448049545288086,29.247941970825195,31.411882400512695,33.97967529296875,27.20810890197754,24.813003540039062,17.954017639160156,17.266538619995117,,,397.1821594238281,13.29039478302002,30.309734344482422
2023-05-09,88.28235626220703,18.47279167175293,20.632482528686523,23.075143814086914,41.81493377685547,25.78531265258789,18.39373779296875,29.191295623779297,31.431642532348633,33.89291000366211,27.180330276489258,24.840173721313477,17.85243034362793,17.197370529174805,,,395.4403381347656,13.299492835998535,30.60417366027832
2023-05-10,88.85301208496094,18.428430557250977,20.706886291503906,22.876514434814453,42.42934799194336,25.7550048828125,18.448049545288086,29.20073699951172,31.411882400512695,34.07606887817383,27.245155334472656,24.79489517211914,17.9632511138916,17.27317237854004,,,397.28802490234375,13.344975471496582,30.666629791259766
2023-05-11,89.12047576904297,18.2775936126709,20.782960891723633,22.82469940185547,42.31523895263672,25.516191482543945,18.351194381713867,29.115768432617188,31.29330825805664,34.172462463378906,27.18958854675293,24.441715240478516,17.98172378540039,17.197370529174805,,,396.59515380859375,13.390458106994629,30.61309814453125
2023-05-12,88.62116241455078,18.455045700073242,20.874916076660156,22.954238891601562,42.24502182006836,25.419748306274414,18.325849533081055,29.257381439208984,31.253782272338867,33.95075607299805,27.124765396118164,24.40549087524414,17.907840728759766,17.10262107849121,,,396.0754699707031,13.29039478302002,30.59525489807129
2023-05-15,88.39825439453125,18.304210662841797,20.607404708862305,23.101045608520508,42.473228454589844,25.635601043701172,18.416366577148438,28.9930362701416,31.382238388061523,33.99894714355469,27.23589324951172,24.604719161987305,17.926311492919922,17.041032791137695,,,397.4419250488281,13.281298637390137,30.684478759765625
2023-05-16,88.19316864013672,18.321956634521484,20.89164161682129,22.980146408081055,42.20991516113281,25.375659942626953,18.271533966064453,29.0496826171875,30.8980655670166,33.757965087890625,27.11550521850586,24.18815040588379,17.736980438232422,17.007869720458984,,,394.7860412597656,13.20852279663086,30.648784637451172
2023-05-17,88.0594482421875,18.179996490478516,20.944311141967773,23.057870864868164,42.464454650878906,25.456485748291016,18.362056732177734,29.0496826171875,30.86842155456543,34.05678939819336,27.18958854675293,24.38738250732422,17.797012329101562,17.003131866455078,,,399.57830810546875,13.135747909545898,30.83616065979004
2023-05-18,87.64927673339844,17.922691345214844,20.950162887573242,23.066505432128906,41.97292709350586,25.350860595703125,18.353004455566406,28.9930362701416,30.86842155456543,34.27850341796875,27.161808013916016,24.287765502929688,17.676950454711914,16.998394012451172,,,403.42755126953125,12.999297142028809,30.83616065979004
2023-05-19,87.45310974121094,18.064651489257812,21.067201614379883,23.118322372436523,42.19235610961914,25.44454574584961,18.320417404174805,29.238500595092773,30.77949333190918,34.172462463378906,27.134023666381836,24.305879592895508,17.644622802734375,16.989866256713867,,,402.8404846191406,12.981103897094727,30.889694213867188
2023-05-22,87.37287139892578,17.860578536987305,21.033761978149414,23.170137405395508,42.32401657104492,25.48404312133789,18.371109008789062,29.295146942138672,30.769611358642578,34.172462463378906,27.161808013916016,24.287765502929688,17.603063583374023,17.069456100463867,,,403.004150390625,12.962911605834961,31.01460838317871
2023-05-23,87.470947265625,17.842836380004883,21.083925247192383,23.118322372436523,42.19235610961914,25.18828582763672,18.23894691467285,29.181856155395508,30.769611358642578,33.84471893310547,27.06920051574707,24.23343276977539,17.59383201599121,16.993654251098633,,,398.4812927246094,13.008393287658691,30.96999740600586
2023-05-24,87.24799346923828,17.878328323364258,21.192604064941406,22.971511840820312,42.06947326660156,24.98712921142578,18.119461059570312,29.115768432617188,30.79925537109375,33.59408950805664,26.976591110229492,24.061370849609375,17.43682289123535,16.88943099975586,,,395.5943603515625,13.062975883483887,30.880769729614258
2023-05-25,86.92705535888672,17.860578536987305,21.30963706970215,23.066505432128906,42.701438903808594,24.820877075195312,18.07148551940918,29.417877197265625,30.730087280273438,33.757965087890625,26.930288314819336,23.74441909790039,17.3887996673584,17.01260757446289,,,399.0201416015625,12.908329010009766,30.880769729614258
2023-05-26,86.99835205078125,17.70087432861328,21.267005920410156,23.1614990234375,42.648773193359375,25.01835823059082,18.18372917175293,29.389554977416992,30.710325241088867,34.16282653808594,27.02289581298828,23.916475296020508,17.524564743041992,17.18315887451172,,,404.1877136230469,12.835555076599121,30.96999740600586
2023-05-30,87.57793426513672,17.523422241210938,21.267841339111328,23.196044921875,42.59611129760742,24.929264068603516,18.13575553894043,29.69166374206543,30.680681228637695,34.28813934326172,27.041418075561523,23.644804000854492,17.566123962402344,17.15947151184082,,,404.3417053222656,12.935620307922363,31.032453536987305
2023-05-31,87.8900375366211,17.576656341552734,21.30963706970215,23.066505432128906,42.31523895263672,24.830060958862305,18.06424331665039,29.512287139892578,30.74985122680664,34.18210220336914,27.013635635375977,23.472736358642578,17.510711669921875,17.073246002197266,,,402.0995788574219,13.017491340637207,30.871849060058594
2023-06-01,88.15641784667969,17.443567276000977,21.25111961364746,23.03196144104004,42.508338928222656,25.125823974609375,18.23080062866211,29.47452163696289,30.690563201904297,34.60625076293945,27.18958854675293,23.7806396484375,17.681570053100586,17.088407516479492,,,405.9199523925781,12.953813552856445,31.06814193725586
2023-06-02,87.69153594970703,17.337095260620117,21.401601791381836,23.0924129486084,42.718990325927734,25.383007049560547,18.40731430053711,29.16297149658203,30.759729385375977,34.89543914794922,27.25441551208496,24.124759674072266,17.69172477722168,17.11209487915039,,,411.7899475097656,12.799168586730957,31.184141159057617
2023-06-05,87.68262481689453,17.31047821044922,21.35980224609375,23.006053924560547,42.72777557373047,25.337081909179688,18.375633239746094,29.21017837524414,30.7004451751709,34.85688400268555,27.300718307495117,24.03420066833496,17.686182022094727,17.126310348510742,,,411.0008850097656,12.780975341796875,31.059221267700195
2023-06-06,87.7898941040039,17.12415313720703,21.32636260986328,23.057870864868164,42.718990325927734,25.422500610351562,18.4842586517334,29.125211715698242,30.74985122680664,34.92435836791992,27.282197952270508,24.179096221923828,17.78038787841797,17.140522003173828,,,411.8958435058594,12.753684043884277,31.24659538269043
2023-06-07,87.32501983642578,17.20400619506836,21.468481063842773,23.135595321655273,42.68388748168945,25.323305130004883,18.470680236816406,29.115768432617188,30.730087280273438,34.586971282958984,27.272937774658203,24.369266510009766,17.667713165283203,16.992708206176758,,,410.4715576171875,12.662715911865234,31.032453536987305
2023-06-08,87.7898941040039,17.212881088256836,21.3179988861084,23.075143814086914,42.78043746948242,25.48404312133789,18.54762077331543,29.20073699951172,30.690563201904297,34.95326614379883,27.347023010253906,24.396434783935547,17.854270935058594,17.066612243652344,,,412.9543762207031,12.690008163452148,31.157367706298828
2023-06-09,87.58426666259766,17.274988174438477,21.376522064208984,23.178775787353516,42.473228454589844,25.476696014404297,18.538570404052734,29.257381439208984,30.631277084350586,34.88579177856445,27.328500747680664,24.31493377685547,17.797012329101562,17.131044387817383,,,413.69537353515625,12.644523620605469,31.166292190551758
2023-06-12,87.73625946044922,17.10641098022461,21.435039520263672,23.316946029663086,42.48201370239258,25.60803985595703,18.576589584350586,29.43675994873047,30.67080307006836,35.18462371826172,27.393327713012695,24.160982131958008,17.833955764770508,17.27317237854004,,,417.44830322265625,12.662715911865234,31.326900482177734
2023-06-13,87.32501983642578,16.955575942993164,21.568801879882812,23.386035919189453,42.33279800415039,25.690706253051758,18.680686950683594,29.427318572998047,30.680681228637695,35.19426345825195,27.522977828979492,24.40549087524414,17.78778076171875,17.344236373901367,,,420.2005310058594,12.517168045043945,31.21982765197754
2023-06-14,87.40544891357422,16.831356048583984,21.61060333251953,23.299673080444336,42.32401657104492,25.75867462158203,18.656248092651367,29.47452163696289,30.660921096801758,35.19426345825195,27.532236099243164,24.42360496520996,17.903223037719727,17.404876708984375,,,420.7008972167969,12.57629680633545,31.157367706298828
2023-06-15,88.01338195800781,16.857975006103516,21.297937393188477,23.37740135192871,42.262577056884766,26.029640197753906,18.78026008605957,28.87030601501465,30.77949333190918,35.79191970825195,27.58780288696289,24.695280075073242,18.09809684753418,17.499629974365234,,,425.9165954589844,12.626328468322754,30.987842559814453
2023-06-16,87.73625946044922,16.955575942993164,21.334716796875,23.601930618286133,42.51711654663086,25.88542938232422,18.76487159729004,28.66260528564453,30.759729385375977,35.724449157714844,27.550758361816406,24.74961280822754,18.046375274658203,17.55742835998535,,,424.4659118652344,12.580843925476074,30.86292839050293
2023-06-20,87.89718627929688,16.94670295715332,21.292924880981445,23.52420997619629,42.20991516113281,25.81562614440918,18.649911880493164,28.643722534179688,30.621395111083984,35.51237106323242,27.485933303833008,24.425527572631836,18.027902603149414,17.481626510620117,,,422.2636413574219,12.67181396484375,30.854001998901367
2023-06-21,88.04019927978516,17.14189910888672,21.192604064941406,23.567392349243164,42.1748046875,25.631006240844727,18.640859603881836,28.33217430114746,30.730087280273438,35.41597366333008,27.485933303833008,24.581165313720703,18.046375274658203,17.408666610717773,,,420.10009765625,12.68091106414795,30.702320098876953
2023-06-22,87.58426666259766,17.14189910888672,21.31549072265625,23.748743057250977,42.420570373535156,25.580486297607422,18.57025146484375,28.681486129760742,30.77949333190918,35.45453643798828,27.467411041259766,24.3431339263916,17.870895385742188,17.482572555541992,,,421.61651611328125,12.562533378601074,30.729089736938477
2023-06-23,87.84353637695312,17.10641098022461,21.242759704589844,23.748743057250977,41.77104949951172,25.357236862182617,18.467058181762695,28.351055145263672,30.7004451751709,35.20390319824219,27.3377628326416,24.050174713134766,17.861661911010742,17.31580924987793,,,418.4291076660156,12.681827545166016,30.702320098876953
2023-06-26,87.95081329345703,17.12415313720703,21.150802612304688,23.77465057373047,41.727169036865234,25.45490837097168,18.505985260009766,28.200000762939453,30.81901741027832,35.15555953979492,27.402587890625,24.251583099365234,17.870895385742188,17.21347999572754,,,416.7195129394531,12.681827545166016,30.755859375
2023-06-27,87.78097534179688,16.7869930267334,21.25151824951172,23.852373123168945,41.81647491455078,25.543277740478516,18.574779510498047,28.55875587463379,30.86842155456543,35.49396896362305,27.411848068237305,24.196653366088867,17.86343765258789,17.434249877929688,,,421.2881164550781,12.51665210723877,30.925382614135742
2023-06-28,88.04019927978516,16.574052810668945,21.117231369018555,23.92146110534668,41.97563934326172,25.45490837097168,18.57930564880371,28.55875587463379,30.78937339782715,35.52296829223633,27.430368423461914,24.141725540161133,17.91937828063965,17.4200382232666,,,421.5006103515625,12.59924030303955,31.094911575317383
2023-06-29,87.36077880859375,16.724885940551758,21.34384536743164,23.930095672607422,41.92258071899414,25.478164672851562,18.606462478637695,28.75701332092285,30.77949333190918,35.3779411315918,27.504457473754883,24.2424259185791,17.74223518371582,17.424774169921875,,,423.1618957519531,12.479947090148926,31.0413818359375
2023-06-30,87.56639099121094,16.64503288269043,21.40259552001953,23.861011505126953,42.27627944946289,25.7479248046875,18.669824600219727,28.76456642150879,30.828899383544922,35.842037200927734,27.624845504760742,24.37975311279297,17.928699493408203,17.529001235961914,,,428.155517578125,12.461594581604004,31.21982765197754
2023-07-03,87.46331787109375,16.60066795349121,21.42777442932129,23.895553588867188,42.87758255004883,25.986055374145508,18.73318862915039,28.9930362701416,30.769611358642578,35.80336380004883,27.643367767333984,24.544540405273438,17.99396514892578,17.73745346069336,,,428.6481628417969,12.434064865112305,31.24659538269043
2023-07-05,87.0689468383789,16.627286911010742,21.51171112060547,23.904191970825195,42.35586929321289,25.670713424682617,18.675256729125977,29.040241241455078,30.73996925354004,35.81303787231445,27.615585327148438,24.44384002685547,17.798175811767578,17.562164306640625,,,428.0106506347656,12.369828224182129,30.978919982910156
2023-07-06,86.5042495727539,16.831356048583984,21.612422943115234,23.92146110534668,42.32933807373047,25.478164672851562,18.520463943481445,29.394275665283203,30.78937339782715,35.26191329956055,27.56928062438965,24.141725540161133,17.482114791870117,17.481626510620117,,,424.6590881347656,12.296415328979492,30.7647762298584
2023-07-07,86.52217864990234,16.751502990722656,21.57045555114746,23.73147201538086,42.347023010253906,25.68280792236328,18.587451934814453,29.531169891357422,30.85854148864746,35.232913970947266,27.597063064575195,24.407217025756836,17.495168685913086,17.32054901123047,,,423.5868835449219,12.333123207092285,30.89862060546875
2023-07-10,86.76416778564453,16.43208885192871,21.503318786621094,23.679656982421875,42.68304443359375,25.622346878051758,18.629091262817383,29.455642700195312,30.977113723754883,35.358604431152344,27.65262794494629,24.37975311279297,17.5324649810791,17.228639602661133,,,424.6590881347656,12.342299461364746,30.934303283691406
2023-07-11,86.9524154663086,16.245763778686523,21.654394149780273,23.662384033203125,42.461978912353516,25.71071434020996,18.715084075927734,29.408437728881836,31.026519775390625,35.571319580078125,27.884145736694336,24.672710418701172,17.639680862426758,17.26369857788086,,,427.3635559082031,12.342299461364746,31.0413818359375
2023-07-12,87.6604995727539,16.086055755615234,21.269142150878906,23.44648551940918,42.82452392578125,26.208372116088867,18.83909797668457,29.314027786254883,31.095685958862305,36.01607894897461,27.893407821655273,25.01144790649414,17.96599578857422,17.21632194519043,,,430.8020324707031,12.397357940673828,31.1395263671875
2023-07-13,88.20726776123047,15.873115539550781,20.991329193115234,23.37740135192871,42.57693099975586,26.380460739135742,18.96673011779785,29.22905731201172,31.125329971313477,36.49951171875,27.939712524414062,25.203704833984375,18.1524600982666,17.301599502563477,,,434.2212829589844,12.470771789550781,31.264440536499023
2023-07-14,87.7860107421875,16.103801727294922,21.092052459716797,23.55011749267578,42.88642120361328,26.31534767150879,18.88616943359375,29.389554977416992,31.046281814575195,36.383487701416016,27.921188354492188,24.974828720092773,18.02193832397461,17.26369857788086,,,433.95086669921875,12.452415466308594,31.1395263671875
2023-07-17,87.88457489013672,15.997330665588379,21.041688919067383,23.610572814941406,42.65651321411133,26.389760971069336,18.917850494384766,29.408437728881836,31.115447998046875,36.50918197631836,27.958234786987305,24.864967346191406,18.049907684326172,17.38687515258789,,,435.4575500488281,12.452415466308594,31.21982765197754
2023-07-18,87.95629119873047,15.864241600036621,21.092052459716797,23.645109176635742,42.797996520996094,26.538593292236328,18.953153610229492,29.20073699951172,31.046281814575195,36.71223068237305,28.02305793762207,25.075531005859375,18.115169525146484,17.411510467529297,,,438.69329833984375,12.407453536987305,31.38042640686035
2023-07-19,88.2251968383789,15.828750610351562,20.966150283813477,23.619205474853516,42.76262283325195,26.550683975219727,18.973068237304688,28.87030601501465,30.957351684570312,36.9249382019043,28.032320022583008,25.15792465209961,18.236370086669922,17.363187789916992,,,439.6688537597656,12.498298645019531,31.50535011291504
2023-07-20,87.76806640625,16.254636764526367,21.10883140563965,23.705564498901367,42.64767837524414,26.470687866210938,18.897937774658203,28.860864639282227,30.8980655670166,36.52853012084961,27.96749496459961,25.23116683959961,18.161781311035156,17.083669662475586,,,436.75189208984375,12.427640914916992,31.353660583496094
2023-07-21,87.83079528808594,16.307872772216797,21.092052459716797,23.73147201538086,42.859893798828125,26.347900390625,18.906082153320312,29.021360397338867,30.80913734436035,36.518856048583984,28.004535675048828,25.267786026000977,18.157121658325195,17.121570587158203,,,436.75189208984375,12.418465614318848,31.38935661315918
2023-07-24,87.66946411132812,16.32561683654785,21.40259552001953,23.722835540771484,42.72725296020508,26.45859718322754,18.95496368408203,28.634281158447266,30.80913734436035,36.538185119628906,28.041580200195312,25.43257713317871,18.180429458618164,17.140522003173828,,,438.70294189453125,12.369828224182129,31.469655990600586
2023-07-25,87.57086944580078,16.272384643554688,21.48484992980957,23.6710205078125,42.95716094970703,26.529293060302734,18.97759437561035,28.633338928222656,30.81901741027832,36.6445426940918,28.06936264038086,25.624834060668945,18.227046966552734,17.167051315307617,,,439.90069580078125,12.314770698547363,31.407197952270508
2023-07-26,87.8576889038086,16.263507843017578,21.276702880859375,23.705564498901367,43.116329193115234,26.590681076049805,19.01923179626465,28.955272674560547,30.87830352783203,36.67354965209961,28.10640525817871,25.579057693481445,18.199077606201172,17.17652702331543,,,439.96826171875,12.388182640075684,31.523191452026367
2023-07-27,87.10477447509766,16.37885284423828,21.654394149780273,23.705564498901367,43.15169143676758,26.31255340576172,18.914230346679688,28.823101043701172,30.85854148864746,36.364158630371094,27.995275497436523,25.35934066772461,17.90073013305664,17.059980392456055,,,437.05126953125,12.268887519836426,31.478578567504883
2023-07-28,87.44540405273438,16.032821655273438,21.5788516998291,23.817832946777344,43.328548431396484,26.51068687438965,19.031906127929688,28.804218292236328,30.907947540283203,36.71223068237305,28.10640525817871,25.487506866455078,18.040578842163086,17.345184326171875,,,441.3301696777344,12.259712219238281,31.612417221069336
2023-07-31,87.55292510986328,15.828750610351562,21.536888122558594,23.77465057373047,43.28433609008789,26.789745330810547,19.085311889648438,28.96471405029297,30.78937339782715,36.7315673828125,28.161968231201172,25.64314079284668,18.105844497680664,17.390663146972656,,,442.1705017089844,12.296415328979492,31.523191452026367
2023-08-01,86.97323608398438,15.899731636047363,21.54528045654297,23.93873405456543,43.37276077270508,26.389760971069336,18.99479103088379,29.238500595092773,30.611515045166016,36.6445426940918,28.115665435791016,25.395952224731445,17.86343765258789,17.377399444580078,,,440.9051513671875,12.195476531982422,31.451812744140625
2023-08-02,86.76651000976562,16.45870590209961,21.461349487304688,23.947368621826172,43.27549362182617,25.97117042541504,18.80107879638672,29.03080177307129,30.7004451751709,35.98707580566406,27.939712524414062,25.075531005859375,17.649003982543945,16.988920211791992,,,434.7718200683594,12.287242889404297,31.36258888244629
2023-08-03,86.18232727050781,16.476451873779297,21.713144302368164,24.02509307861328,42.859893798828125,25.924659729003906,18.792028427124023,29.266822814941406,30.730087280273438,35.92906188964844,27.96749496459961,25.09383773803711,17.443891525268555,16.913118362426758,,,433.52581787109375,12.179877281188965,31.264440536499023
2023-08-04,86.89234924316406,16.494197845458984,21.51171112060547,23.783288955688477,43.04559326171875,25.961872100830078,18.78388023376465,28.983596801757812,30.78937339782715,35.76469421386719,27.97675323486328,25.148771286010742,17.62103271484375,16.799415588378906,,,431.5650329589844,12.323946952819824,31.228748321533203
2023-08-07,86.91034698486328,16.56517791748047,21.587247848510742,23.904191970825195,42.78915023803711,26.045589447021484,18.835477828979492,28.926950454711914,30.87830352783203,36.112762451171875,28.050840377807617,25.17623519897461,17.598657608032227,16.93206787109375,,,435.3320007324219,12.232183456420898,31.237668991088867
2023-08-08,87.1170654296875,16.680522918701172,21.612422943115234,23.904191970825195,42.56808090209961,25.876291275024414,18.759441375732422,28.653165817260742,30.977113723754883,36.05474853515625,27.939712524414062,25.121305465698242,17.611709594726562,16.851530075073242,,,433.4388732910156,12.33495807647705,31.255516052246094
2023-08-09,87.17996978759766,16.90233612060547,21.780292510986328,23.895553588867188,42.66535568237305,25.818618774414062,18.750389099121094,28.624841690063477,31.026519775390625,35.78402328491211,27.930450439453125,25.222009658813477,17.639680862426758,16.93206787109375,,,430.541259765625,12.379005432128906,31.264440536499023
2023-08-10,86.61373901367188,16.86684799194336,21.713144302368164,23.981914520263672,42.87758255004883,25.818618774414062,18.743144989013672,28.89862823486328,31.006755828857422,35.59065628051758,27.911928176879883,25.21285629272461,17.462539672851562,16.951017379760742,,,430.69580078125,12.296415328979492,31.228748321533203
2023-08-11,86.34410858154297,17.053171157836914,21.822256088256836,24.12872314453125,42.92179489135742,25.757230758666992,18.669824600219727,29.219619750976562,31.036399841308594,35.619651794433594,27.828580856323242,25.16707992553711,17.378623962402344,16.92259407043457,,,430.4446716308594,12.195476531982422,31.27336311340332
2023-08-14,86.28119659423828,16.920082092285156,21.973329544067383,24.04236602783203,43.204750061035156,25.608394622802734,18.63271141052246,29.238500595092773,30.967233657836914,35.658329010009766,27.83784294128418,25.048067092895508,17.30404281616211,16.998394012451172,,,432.8207092285156,12.167947769165039,31.157367706298828
2023-08-15,86.04751586914062,17.03542709350586,22.043834686279297,24.02509307861328,42.93947982788086,25.33863639831543,18.491498947143555,29.432039260864258,30.977113723754883,35.3779411315918,27.828580856323242,24.709335327148438,17.12689971923828,16.886587142944336,,,427.7788391113281,12.186299324035645,31.023530960083008
2023-08-16,85.8408203125,17.133026123046875,21.956544876098633,24.033727645874023,42.84220886230469,25.003761291503906,18.40550422668457,29.44620132446289,30.92770767211914,34.952518463134766,27.70819091796875,24.56285285949707,16.99637222290039,16.861003875732422,,,424.6397399902344,12.195476531982422,30.90753936767578
2023-08-17,85.75092315673828,17.301605224609375,21.931365966796875,24.033727645874023,43.072113037109375,25.00469398498535,18.33670997619629,29.597253799438477,30.87830352783203,34.76881408691406,27.7452335357666,24.626935958862305,16.968400955200195,16.799415588378906,,,421.4040222167969,12.223006248474121,30.934303283691406
2023-08-18,85.93965911865234,17.31047821044922,21.948152542114258,24.04236602783203,43.12517166137695,25.148874282836914,18.353004455566406,29.455642700195312,31.046281814575195,34.797813415527344,27.726715087890625,24.672710418701172,16.987049102783203,16.780466079711914,,,421.6069030761719,12.223006248474121,30.952150344848633
2023-08-21,85.50827026367188,17.239498138427734,21.922975540161133,24.1805362701416,43.231285095214844,24.901443481445312,18.36115074157715,29.67278289794922,31.095685958862305,34.913841247558594,27.735977172851562,24.663558959960938,16.921783447265625,16.89890480041504,,,424.3499755859375,12.115640640258789,30.978919982910156
2023-08-22,85.59815216064453,17.337095260620117,21.93975830078125,24.1114501953125,43.01021194458008,25.15166664123535,18.312267303466797,29.587814331054688,31.174734115600586,34.913841247558594,27.726715087890625,24.64525032043457,16.940433502197266,16.827842712402344,,,423.20050048828125,12.122065544128418,31.023530960083008
2023-08-23,86.416015625,17.168516159057617,21.31866455078125,23.852373123168945,42.95716094970703,25.347938537597656,18.448049545288086,29.219619750976562,31.174734115600586,35.33926010131836,27.902667999267578,24.718486785888672,17.276073455810547,16.662025451660156,,,427.9140625,12.223006248474121,31.13060188293457
2023-08-24,86.2182846069336,17.29273223876953,21.528491973876953,23.904191970825195,43.0367431640625,25.054927825927734,18.352096557617188,29.238500595092773,31.085803985595703,34.913841247558594,27.763755798339844,24.56285285949707,17.136220932006836,16.690452575683594,,,421.98358154296875,12.232183456420898,30.90753936767578
2023-08-25,86.16434478759766,17.28386116027832,21.612422943115234,23.99918556213379,43.24012756347656,25.29863739013672,18.40731430053711,29.653900146484375,31.23402214050293,35.15555953979492,27.83784294128418,24.755109786987305,17.18283462524414,16.7709903717041,,,424.9584045410156,12.131242752075195,31.1395263671875
2023-08-28,86.35311126708984,17.212881088256836,21.48652458190918,23.96463966369629,43.363922119140625,25.32282066345215,18.525896072387695,29.644458770751953,31.4415225982666,35.28125762939453,27.911928176879883,24.82834815979004,17.248104095458984,16.780466079711914,,,427.65325927734375,12.122065544128418,31.14844512939453
2023-08-29,86.91034698486328,16.893465042114258,21.40259552001953,23.83510398864746,43.425819396972656,25.71071434020996,18.65715217590332,29.597253799438477,31.461286544799805,35.86137771606445,28.078622817993164,25.112150192260742,17.462539672851562,16.74730110168457,,,433.8349304199219,12.144087791442871,31.38935661315918
2023-08-30,86.87435913085938,16.80474090576172,21.23473358154297,23.956003189086914,43.231285095214844,25.800945281982422,18.687929153442383,29.531169891357422,31.35259437561035,36.01607894897461,28.10640525817871,25.09383773803711,17.45321273803711,16.75204086303711,,,435.6217956542969,12.10371208190918,31.27336311340332
2023-08-31,87.0002212524414,16.680522918701172,21.29348373413086,23.852373123168945,43.16054153442383,25.7479248046875,18.659868240356445,29.389554977416992,31.046281814575195,36.01607894897461,27.995275497436523,25.01144790649414,17.47186279296875,16.64781379699707,,,434.98431396484375,12.131242752075195,31.300134658813477
2023-09-01,86.54961395263672,16.64503288269043,21.51254653930664,23.93873405456543,43.22243118286133,25.79443359375,18.710559844970703,29.663341522216797,31.27354621887207,35.996742248535156,28.078622817993164,25.203704833984375,17.359983444213867,16.737829208374023,,,435.79559326171875,12.057828903198242,31.335817337036133
2023-09-05,86.08102416992188,16.6184139251709,21.822256088256836,24.163265228271484,43.47887420654297,25.961872100830078,18.62456512451172,30.16370964050293,31.016637802124023,35.77436447143555,27.911928176879883,25.066375732421875,17.20148468017578,16.87521743774414,,,433.9122009277344,11.996347427368164,31.353660583496094
2023-09-06,85.9998779296875,16.6184139251709,21.931365966796875,24.189172744750977,43.470027923583984,25.689319610595703,18.56844139099121,30.17314910888672,31.026519775390625,35.50363540649414,28.06009864807129,24.98398208618164,17.1875,16.87521743774414,,19.668846130371094,430.9952392578125,11.984418869018555,31.344741821289062
2023-09-07,86.27027130126953,16.7603759765625,21.721532821655273,24.02509307861328,43.443504333496094,25.592575073242188,18.503267288208008,30.18259048461914,30.986995697021484,35.47462463378906,27.995275497436523,24.98398208618164,17.17351531982422,16.8183650970459,,19.4857120513916,429.6719665527344,12.039477348327637,31.282283782958984
2023-09-08,86.31531524658203,16.857975006103516,21.805469512939453,24.137361526489258,43.77067565917969,25.882801055908203,18.510507583618164,30.34308624267578,31.016637802124023,35.52296829223633,28.02305793762207,25.048067092895508,17.22013282775879,16.890378952026367,,19.67961883544922,430.3190612792969,12.030301094055176,31.398277282714844
2023-09-11,86.2161865234375,16.813613891601562,21.948152542114258,24.206443786621094,43.92984390258789,25.740482330322266,18.601028442382812,30.428054809570312,31.15497398376465,35.648658752441406,28.10640525817871,25.112150192260742,17.21080780029297,16.87900733947754,,19.713895797729492,433.1491394042969,12.002772331237793,31.451812744140625
2023-09-12,86.2431869506836,16.90233612060547,22.04047393798828,24.266897201538086,43.77067565917969,25.69118309020996,18.583831787109375,30.446935653686523,31.204378128051758,35.48429489135742,28.06009864807129,25.194547653198242,17.248104095458984,16.88943099975586,,19.596378326416016,430.77301025390625,12.021124839782715,31.487503051757812
2023-09-13,86.3693618774414,16.98219108581543,21.956544876098633,24.240989685058594,43.87678527832031,25.5618839263916,18.54762077331543,30.361968994140625,31.095685958862305,35.39727783203125,28.041580200195312,25.21285629272461,17.229455947875977,16.90837860107422,,19.606170654296875,431.27532958984375,12.002772331237793,31.451812744140625
2023-09-14,86.2522201538086,17.053171157836914,22.351024627685547,24.396434783935547,44.186279296875,25.859546661376953,18.69698143005371,30.456377029418945,31.16485595703125,35.81303787231445,28.17123031616211,25.505817413330078,17.276073455810547,17.069456100463867,,19.880380630493164,434.9939880371094,11.96606731414795,31.683799743652344
2023-09-15,86.053955078125,17.053171157836914,22.602819442749023,24.4482479095459,44.230499267578125,25.766529083251953,18.6236572265625,30.399734497070312,31.066043853759766,35.387603759765625,28.097145080566406,25.441730499267578,17.18283462524414,16.988920211791992,,19.635549545288086,429.7530212402344,11.9935941696167,31.692718505859375
2023-09-18,86.18011474609375,17.23062515258789,22.6112117767334,24.4482479095459,43.761837005615234,25.718156814575195,18.589262008666992,30.5507869720459,31.066043853759766,35.329593658447266,28.08788299560547,25.43257713317871,17.23877716064453,16.92259407043457,,19.586584091186523,430.0050354003906,11.9935941696167,31.67487335205078
2023-09-19,85.92780303955078,17.39033317565918,22.946941375732422,24.525972366333008,43.87678527832031,25.71443748474121,18.57387351989746,30.616872787475586,31.174734115600586,35.21356964111328,28.078622817993164,25.38945198059082,17.136220932006836,17.007869720458984,,19.745235443115234,429.11328125,11.929361343383789,31.728412628173828
2023-09-20,85.88275909423828,17.55891227722168,22.963727951049805,24.422344207763672,43.92984390258789,25.6744384765625,18.5322322845459,30.399734497070312,31.15497398376465,34.86549758911133,28.013797760009766,25.260990142822266,17.089603424072266,16.92543601989746,,19.526844024658203,425.1683349609375,11.96606731414795,31.549959182739258
2023-09-21,85.2969970703125,17.780729293823242,23.089624404907227,24.577787399291992,44.1243782043457,25.436304092407227,18.370201110839844,30.64519500732422,31.125329971313477,34.27570724487305,27.847103118896484,24.976537704467773,16.735321044921875,16.761516571044922,,19.20464515686035,418.1409912109375,11.981806755065918,31.46073341369629
2023-09-22,85.65745544433594,17.771854400634766,22.980510711669922,24.50006675720215,43.7314453125,25.432580947875977,18.38921356201172,30.48470115661621,31.23402214050293,34.22736740112305,27.87488555908203,24.994890213012695,16.83787727355957,16.80889129638672,,19.07733154296875,417.20074462890625,12.046624183654785,31.451812744140625
2023-09-25,84.98155212402344,17.825090408325195,23.00569725036621,24.66415023803711,43.71361541748047,25.310630798339844,18.362056732177734,30.594215393066406,31.26366424560547,34.25161361694336,27.902667999267578,24.985715866088867,16.60478973388672,16.92259407043457,,19.369173049926758,418.9551696777344,11.980880737304688,31.451812744140625
2023-09-26,84.87344360351562,17.88719940185547,23.014081954956055,24.76778221130371,43.588871002197266,25.153308868408203,18.239852905273438,30.607431411743164,31.16485595703125,33.62092208862305,27.791540145874023,24.74714469909668,16.46849822998047,16.93206787109375,,19.153718948364258,412.8002014160156,12.11143970489502,31.31797218322754
2023-09-27,84.57601928710938,17.70087432861328,23.28365135192871,24.98367691040039,43.945281982421875,24.780941009521484,18.265199661254883,30.84345245361328,31.21426010131836,33.7276496887207,27.77301597595215,24.79302406311035,16.39329719543457,17.246641159057617,,19.4896297454834,412.9649658203125,12.000327110290527,31.496421813964844
2023-09-28,84.828369140625,17.70087432861328,23.16571617126465,24.95777130126953,43.597782135009766,25.227785110473633,18.31317710876465,30.805692672729492,31.23402214050293,33.96052932739258,27.856365203857422,24.921485900878906,16.53429412841797,17.13578224182129,,19.36721420288086,415.359130859375,11.972546577453613,31.50535011291504
2023-09-29,84.74725341796875,17.621021270751953,23.20783233642578,24.95777130126953,43.642333984375,25.08628273010254,18.320417404174805,30.749048233032227,31.21426010131836,33.921714782714844,27.810060501098633,24.73796844482422,16.4591007232666,17.038190841674805,,19.264385223388672,414.3510437011719,11.981806755065918,31.41612434387207
2023-10-02,84.15715026855469,17.621021270751953,23.224681854248047,25.01822280883789,43.46413040161133,24.885204315185547,18.23080062866211,30.937864303588867,31.105567932128906,33.74706268310547,27.763755798339844,24.2791805267334,16.197782516479492,17.197370529174805,,19.601272583007812,414.1863098144531,11.916991233825684,31.201984405517578
2023-10-03,83.49749755859375,17.940433502197266,23.241535186767578,25.156394958496094,43.348297119140625,24.48304557800293,18.06515121459961,31.003950119018555,31.135211944580078,33.13577651977539,27.615585327148438,24.114015579223633,15.925185203552246,17.149995803833008,,19.439685821533203,408.6419372558594,11.954029083251953,31.12167739868164
2023-10-04,84.08485412597656,17.83396339416504,23.030933380126953,24.828227996826172,42.90279006958008,24.554731369018555,18.08144187927246,30.531906127929688,31.115447998046875,33.45596694946289,27.624845504760742,23.875446319580078,16.036104202270508,16.93964958190918,,19.259489059448242,411.6177062988281,11.935510635375977,30.987842559814453
2023-10-05,84.13910675048828,18.011417388916016,22.778215408325195,24.802322387695312,42.724586486816406,24.517492294311523,18.13032341003418,30.0220947265625,31.046281814575195,33.514190673828125,27.65262794494629,23.75615692138672,15.979704856872559,16.767200469970703,,18.955896377563477,411.4625549316406,11.963289260864258,30.934303283691406
2023-10-06,83.81376647949219,17.86945152282715,22.74452018737793,24.98367691040039,42.653297424316406,24.692502975463867,18.181015014648438,30.050418853759766,31.006755828857422,33.80528259277344,27.726715087890625,23.967201232910156,15.932705879211426,16.752988815307617,,19.31237030029297,416.3477478027344,11.861433029174805,31.032453536987305
2023-10-09,84.68128204345703,17.913818359375,22.56761932373047,24.750505447387695,42.6087532043457,24.808870315551758,18.226274490356445,29.984333038330078,31.056163787841797,34.12548065185547,27.726715087890625,24.32505989074707,16.205299377441406,16.64781379699707,,19.06460189819336,419.0133361816406,11.972546577453613,31.0413818359375
2023-10-10,84.59994506835938,17.771854400634766,22.56340789794922,24.785049438476562,42.83149719238281,25.022979736328125,18.30050277709961,29.871042251586914,31.194496154785156,34.31953811645508,27.856365203857422,24.526926040649414,16.308700561523438,16.61465072631836,,19.20464515686035,421.1942138671875,11.833653450012207,31.175212860107422
2023-10-11,84.98853302001953,17.81621742248535,22.50865364074707,24.61233139038086,42.68893814086914,25.013673782348633,18.330373764038086,29.587814331054688,31.194496154785156,34.75617218017578,27.83784294128418,24.481046676635742,16.52395248413086,16.58148956298828,,19.185060501098633,422.9195556640625,11.926250457763672,31.08599090576172
2023-10-12,84.25655364990234,17.904943466186523,22.6434326171875,24.793684005737305,42.85823440551758,24.89637565612793,18.22174835205078,30.097623825073242,31.15497398376465,34.20310592651367,27.78227996826172,24.270004272460938,16.19120216369629,16.846792221069336,,19.400510787963867,420.34124755859375,11.796616554260254,31.077070236206055
2023-10-13,84.61803436279297,18.153377532958984,22.47495460510254,24.698692321777344,42.99188232421875,24.94850730895996,18.1855411529541,30.097623825073242,31.174734115600586,34.22250747680664,27.80080223083496,24.526926040649414,16.383899688720703,16.794677734375,,19.192893981933594,418.2475891113281,11.981806755065918,31.201984405517578
2023-10-16,84.14814758300781,18.046907424926758,22.445472717285156,24.871410369873047,43.054256439208984,25.11513900756836,18.239852905273438,30.305322647094727,31.29330825805664,34.416568756103516,27.87488555908203,24.646209716796875,16.318098068237305,16.742565155029297,,19.400510787963867,422.648193359375,11.796616554260254,31.31797218322754
2023-10-17,83.54267883300781,17.993669509887695,22.6434326171875,25.18230438232422,43.134456634521484,25.162616729736328,18.248905181884766,30.64519500732422,31.36247444152832,33.97993087768555,27.893407821655273,24.7654972076416,16.253238677978516,16.742565155029297,,19.572874069213867,422.6287841796875,11.750319480895996,31.36258888244629
2023-10-18,83.15409851074219,18.242101669311523,22.6687068939209,25.070037841796875,43.312660217285156,25.083486557006836,18.14933204650879,30.89065933227539,31.15497398376465,33.59181594848633,27.717453002929688,24.637035369873047,16.092504501342773,16.789939880371094,,19.400510787963867,416.9972229003906,11.791986465454102,31.31797218322754
2023-10-19,82.83782958984375,18.313085556030273,22.6687068939209,25.147762298583984,42.99188232421875,24.9764347076416,18.04523468017578,31.060598373413086,31.036399841308594,33.23280334472656,27.661890029907227,24.572805404663086,15.95150375366211,16.665817260742188,,19.23304557800293,413.333251953125,11.796616554260254,31.255516052246094
2023-10-20,83.13603973388672,18.410682678222656,22.580251693725586,24.98367691040039,43.20573806762695,24.780010223388672,18.004501342773438,30.9945125579834,31.006755828857422,32.99992752075195,27.513715744018555,24.31588363647461,15.89510726928711,16.61465072631836,,18.873632431030273,408.2541809082031,11.981806755065918,31.077070236206055
2023-10-23,83.46135711669922,18.348575592041016,22.491806030273438,24.802322387695312,43.12554168701172,24.585445404052734,17.965576171875,30.56966781616211,30.977113723754883,33.03874588012695,27.467411041259766,24.123191833496094,15.89510726928711,16.55116844177246,,18.68657875061035,407.546630859375,12.000327110290527,31.08599090576172
2023-10-24,83.75955963134766,18.25984764099121,22.44125747680664,24.71596336364746,43.036441802978516,24.692502975463867,18.05428695678711,30.475255966186523,31.115447998046875,33.33953857421875,27.597063064575195,24.178245544433594,16.06430435180664,16.576751708984375,,18.818790435791016,410.6192321777344,11.907730102539062,31.103836059570312
2023-10-25,83.13603973388672,18.632497787475586,22.53392219543457,24.949132919311523,43.16118240356445,24.548213958740234,17.923030853271484,30.918981552124023,30.996877670288086,32.737953186035156,27.476673126220703,24.15071678161621,15.829307556152344,16.6951904296875,,18.739465713500977,404.72601318359375,11.991066932678223,31.273557662963867
2023-10-26,83.6963119506836,18.69460678100586,22.365442276000977,24.785049438476562,43.18791580200195,24.369476318359375,17.98639678955078,30.503582000732422,31.066043853759766,32.49537658691406,27.347023010253906,24.123191833496094,15.94210433959961,16.64781379699707,,18.385927200317383,399.87957763671875,12.166998863220215,31.06024742126465
2023-10-27,83.66919708251953,18.69460678100586,22.449689865112305,24.785049438476562,43.303741455078125,24.38902473449707,17.90492820739746,30.597991943359375,31.036399841308594,32.28190612792969,27.31924057006836,24.123191833496094,15.89510726928711,16.61086082458496,,18.22237777709961,398.06695556640625,12.213294982910156,31.069520950317383
2023-10-30,83.47037506103516,18.69460678100586,22.34017562866211,24.71596336364746,43.027530670166016,24.44581413269043,17.94113540649414,30.513023376464844,31.036399841308594,32.65062713623047,27.504457473754883,24.132366180419922,15.904510498046875,16.505687713623047,,18.391803741455078,402.8262023925781,12.0095853805542,31.14371681213379
2023-10-31,83.41615295410156,18.71235466003418,22.255931854248047,24.862773895263672,43.09880828857422,24.46442985534668,17.995447158813477,30.541345596313477,31.095685958862305,32.805870056152344,27.467411041259766,24.077312469482422,15.85750675201416,16.638338088989258,,18.70224952697754,405.3560485839844,11.912362098693848,31.134443283081055
2023-11-01,84.33792877197266,18.872058868408203,22.44125747680664,24.60369873046875,42.89387512207031,24.631996154785156,18.063337326049805,30.371408462524414,31.036399841308594,33.2716178894043,27.550758361816406,24.196596145629883,16.10190200805664,16.4962100982666,,18.666013717651367,409.6790771484375,11.907730102539062,31.292110443115234
2023-11-02,84.84553527832031,18.543771743774414,22.449689865112305,24.413705825805664,43.268104553222656,24.818178176879883,18.256145477294922,30.116504669189453,31.006755828857422,34.00904083251953,27.75449562072754,24.65538787841797,16.440296173095703,16.486736297607422,,18.830541610717773,417.53033447265625,11.830877304077148,31.533245086669922
2023-11-03,85.3621597290039,18.401809692382812,22.373868942260742,24.102815628051758,42.5463752746582,24.8693790435791,18.429946899414062,29.408437728881836,31.145092010498047,34.45538330078125,27.87488555908203,24.728796005249023,16.581295013427734,16.35408592224121,,18.66895294189453,421.3395690917969,11.833653450012207,31.459049224853516
2023-11-06,84.93614959716797,18.579265594482422,22.47495460510254,24.223716735839844,42.78696060180664,24.947574615478516,18.29416275024414,29.795513153076172,30.80913734436035,34.49419403076172,27.865625381469727,24.673736572265625,16.477895736694336,16.3446102142334,,18.785491943359375,422.3089294433594,11.75865364074707,31.46832275390625
2023-11-07,85.38935089111328,18.490537643432617,22.52549934387207,24.154632568359375,42.68893814086914,24.707399368286133,18.327655792236328,29.559492111206055,30.77949333190918,34.64944076538086,27.884145736694336,24.31588363647461,16.544635772705078,16.382511138916016,,18.852088928222656,423.5108337402344,11.815136909484863,31.561065673828125
2023-11-08,85.67937469482422,18.490537643432617,22.550771713256836,24.102815628051758,42.430545806884766,24.596620559692383,18.33942413330078,29.323467254638672,30.72020721435547,34.74646759033203,27.884145736694336,24.159893035888672,16.647092819213867,16.420412063598633,,18.847190856933594,423.82098388671875,11.842913627624512,31.542516708374023
2023-11-09,84.96334838867188,18.632497787475586,22.786640167236328,24.327346801757812,42.71567153930664,24.5305233001709,18.257959365844727,29.738868713378906,30.690563201904297,34.309837341308594,27.791540145874023,24.040607452392578,16.365097045898438,16.373035430908203,,18.805078506469727,420.5157470703125,11.781801223754883,31.663087844848633
2023-11-10,85.16272735595703,18.64137077331543,22.73609733581543,24.361892700195312,42.81367874145508,24.548213958740234,18.282398223876953,29.86159896850586,30.581872940063477,34.843502044677734,27.856365203857422,24.169071197509766,16.440296173095703,16.420412063598633,,19.145883560180664,427.0777587890625,11.704022407531738,31.755830764770508
2023-11-13,85.15367126464844,18.650243759155273,22.664493560791016,24.387800216674805,42.87605285644531,24.71950340270996,18.28511619567871,29.94656753540039,30.51270294189453,34.71736526489258,27.902667999267578,24.260828018188477,16.412097930908203,16.420412063598633,,19.08614730834961,426.670654296875,11.65772533416748,31.644535064697266
2023-11-14,86.22319793701172,18.2775936126709,21.699960708618164,23.826465606689453,42.5820198059082,25.07604217529297,18.411842346191406,29.06856346130371,30.74985122680664,35.6197395324707,28.078622817993164,24.75632095336914,16.7974910736084,16.36355972290039,,19.096920013427734,434.9483947753906,11.7595796585083,31.681638717651367
2023-11-15,85.68846130371094,18.064651489257812,21.902130126953125,24.0078182220459,42.644386291503906,25.06393814086914,18.434471130371094,29.323467254638672,30.74985122680664,35.59063720703125,28.134187698364258,24.682912826538086,16.704429626464844,16.349346160888672,,19.322162628173828,435.8692321777344,11.655872344970703,31.774381637573242
2023-11-16,86.1597671508789,18.17112159729004,22.02849006652832,23.800561904907227,42.6176643371582,24.808870315551758,18.408222198486328,28.983596801757812,30.581872940063477,35.66826248168945,28.06936264038086,24.453516006469727,16.787153244018555,16.287757873535156,,19.214439392089844,436.4023132324219,11.704022407531738,31.867124557495117
2023-11-17,86.33196258544922,18.09126853942871,21.986370086669922,23.74010467529297,42.5285530090332,24.98574447631836,18.45257568359375,28.9930362701416,30.74985122680664,35.76528549194336,28.124927520751953,24.7654972076416,16.85388946533203,16.31618309020996,,19.2731990814209,436.9450988769531,11.694762229919434,31.84857749938965
2023-11-20,86.46792602539062,17.940433502197266,22.00322151184082,23.662384033203125,42.82258987426758,25.134689331054688,18.54762077331543,29.144092559814453,30.710325241088867,36.02727127075195,28.236055374145508,24.86642837524414,16.985485076904297,16.3446102142334,,19.361337661743164,440.30859375,11.731800079345703,31.87639808654785
2023-11-21,86.5585708618164,18.135631561279297,22.011638641357422,23.6710205078125,42.92060470581055,24.9764347076416,18.493310928344727,29.191295623779297,30.710325241088867,35.9205322265625,28.22679328918457,24.921485900878906,16.947887420654297,16.221433639526367,,19.205625534057617,439.3489685058594,11.71328067779541,31.88567543029785
2023-11-22,86.64013671875,18.100141525268555,22.10430145263672,23.869644165039062,42.78696060180664,24.999706268310547,18.483354568481445,29.21017837524414,30.730087280273438,36.10489273071289,28.236055374145508,24.811376571655273,16.985485076904297,16.29723358154297,,19.356441497802734,441.04522705078125,11.671613693237305,31.987695693969727
2023-11-24,86.24134826660156,18.100141525268555,22.27278709411621,23.83510398864746,42.840415954589844,25.0983829498291,18.515941619873047,29.21017837524414,30.838777542114258,36.06608200073242,28.236055374145508,24.921485900878906,16.872690200805664,16.283021926879883,,19.332935333251953,441.31658935546875,11.64476203918457,32.12681198120117
2023-11-27,86.73077392578125,18.064651489257812,22.230661392211914,23.679656982421875,42.840415954589844,25.027633666992188,18.502363204956055,29.13465118408203,30.77949333190918,36.06608200073242,28.22679328918457,24.84807586669922,16.994884490966797,16.268808364868164,,19.258508682250977,440.5218200683594,11.71328067779541,32.21027755737305
2023-11-28,87.11145782470703,17.83396339416504,21.79262351989746,23.541481018066406,42.82258987426758,25.196128845214844,18.525896072387695,28.951496124267578,30.78937339782715,36.143707275390625,28.282360076904297,24.967363357543945,17.06068229675293,16.268808364868164,,19.185060501098633,440.9579162597656,11.778099060058594,32.03406524658203
2023-11-29,87.53744506835938,17.70087432861328,21.514633178710938,23.420581817626953,42.6176643371582,25.21381950378418,18.538570404052734,28.75701332092285,30.77949333190918,36.26984786987305,28.300880432128906,25.01324462890625,17.192285537719727,16.3446102142334,,19.106712341308594,440.6477966308594,11.834580421447754,31.89495086669922
2023-11-30,87.24740600585938,17.807344436645508,21.640989303588867,23.567392349243164,42.537471771240234,25.11048698425293,18.56391716003418,28.73813247680664,30.80913734436035,36.30865478515625,28.365705490112305,24.994890213012695,17.063505172729492,16.325658798217773,,19.224231719970703,442.3828125,11.731800079345703,32.0062370300293
2023-12-01,88.01456451416016,17.381460189819336,21.48093605041504,23.23922348022461,42.24342727661133,25.376724243164062,18.62456512451172,28.058385848999023,30.84865951538086,36.638553619384766,28.476835250854492,25.150882720947266,17.369937896728516,16.373035430908203,,19.271238327026367,444.9999084472656,11.833653450012207,32.02478790283203
2023-12-04,87.67823791503906,17.274988174438477,21.6494140625,23.411943435668945,42.12759780883789,25.12352180480957,18.565725326538086,28.25664520263672,30.72020721435547,36.39598083496094,28.365705490112305,24.921485900878906,17.182884216308594,16.268808364868164,,19.149803161621094,442.6639099121094,11.796616554260254,32.04334259033203
2023-12-05,88.25997924804688,17.408079147338867,21.6072940826416,23.221948623657227,42.10086441040039,25.004364013671875,18.55667495727539,27.869569778442383,30.67080307006836,36.541526794433594,28.412012100219727,24.701263427734375,17.295679092407227,16.35408592224121,19.018455505371094,19.094961166381836,442.57666015625,11.916991233825684,32.182456970214844
2023-12-06,88.48725128173828,17.408079147338867,21.775774002075195,23.23922348022461,42.03849411010742,24.83772850036621,18.55215072631836,27.737394332885742,30.690563201904297,36.52212142944336,28.347185134887695,24.554452896118164,17.399076461791992,16.401458740234375,19.026052474975586,19.096920013427734,440.7932434082031,11.963289260864258,32.14535903930664
2023-12-07,88.51451873779297,17.28386116027832,21.80104637145996,23.03196144104004,41.833560943603516,24.920581817626953,18.605554580688477,27.482492446899414,30.79925537109375,36.66766357421875,28.476835250854492,24.646209716796875,17.399076461791992,16.401458740234375,19.092510223388672,19.146865844726562,444.1566467285156,11.912362098693848,32.30302810668945
2023-12-08,88.0691146850586,17.159643173217773,22.13800048828125,23.28240203857422,42.02067184448242,24.941059112548828,18.61551284790039,27.803483963012695,30.85854148864746,36.72588348388672,28.458311080932617,24.65538787841797,17.361480712890625,16.429885864257812,19.08301544189453,19.28788948059082,446.0661315917969,11.796616554260254,32.34012222290039
2023-12-11,88.07821655273438,17.20400619506836,22.13800048828125,23.394670486450195,42.18106460571289,24.934541702270508,18.6607723236084,28.115032196044922,30.917829513549805,36.87143325805664,28.4953556060791,24.664560317993164,17.276880264282227,16.420412063598633,19.11529541015625,19.459272384643555,447.8011779785156,11.787357330322266,32.4143180847168
2023-12-12,88.34178161621094,17.345970153808594,22.449689865112305,23.2651309967041,42.10086441040039,24.842382431030273,18.692455291748047,27.850685119628906,30.957351684570312,37.036373138427734,28.48609733581543,24.398466110229492,17.276880264282227,16.4962100982666,19.210233688354492,19.562101364135742,449.8463439941406,11.787357330322266,32.544158935546875
2023-12-13,89.45074462890625,16.778121948242188,21.725234985351562,23.101045608520508,41.92265701293945,25.21195411682129,18.87530517578125,27.444726943969727,31.194496154785156,37.69618606567383,28.773178100585938,24.893959045410156,17.699872970581055,16.690452575683594,19.68303871154785,19.759923934936523,456.0497741699219,11.861433029174805,32.70182800292969
2023-12-14,90.17269897460938,15.979585647583008,21.396697998046875,22.867877960205078,41.77118682861328,25.649484634399414,18.959489822387695,27.255908966064453,31.550216674804688,38.08430480957031,28.791702270507812,25.334396362304688,18.122865676879883,16.7311954498291,20.09033203125,19.71291732788086,457.513427734375,11.954904556274414,32.62763214111328
2023-12-15,89.9630355834961,15.997330665588379,21.388273239135742,23.006053924560547,41.73883056640625,25.51171112060547,18.873497009277344,27.114295959472656,31.253782272338867,37.97757339477539,28.726877212524414,25.187583923339844,18.06646728515625,16.780466079711914,19.9023494720459,19.78049087524414,456.7601318359375,12.001639366149902,32.48851776123047
2023-12-18,89.78070831298828,16.15703773498535,21.413541793823242,22.98878288269043,41.675899505615234,25.575944900512695,18.94138526916504,27.22758674621582,31.224140167236328,38.1522331237793,28.838003158569336,25.352746963500977,18.038267135620117,16.733089447021484,19.90329933166504,19.89997100830078,459.3294372558594,11.945557594299316,32.4977912902832
2023-12-19,89.89009094238281,15.881987571716309,21.455665588378906,22.98878288269043,41.693878173828125,25.804948806762695,19.022855758666992,27.31255531311035,31.402000427246094,38.375389099121094,28.884309768676758,25.56524658203125,18.113466262817383,16.856266021728516,20.08463478088379,20.056663513183594,462.12255859375,11.936211585998535,32.46996307373047
2023-12-20,90.21827697753906,16.059438705444336,21.34615707397461,22.96287727355957,41.837711334228516,25.60293960571289,18.91061019897461,27.340877532958984,31.26366424560547,37.84172058105469,28.745397567749023,25.284412384033203,18.075862884521484,16.799415588378906,19.91089630126953,19.7462158203125,455.7188415527344,12.085763931274414,32.4143180847168
2023-12-21,90.20916748046875,15.828750610351562,21.421974182128906,22.902423858642578,41.675899505615234,25.842185974121094,19.03281021118164,27.15205955505371,31.31307029724121,38.21044921875,28.92135238647461,25.527801513671875,18.141666412353516,16.80889129638672,20.12735939025879,20.037073135375977,460.0399169921875,12.067069053649902,32.65545654296875
2023-12-22,90.09064483642578,15.819878578186035,21.24506950378418,22.971511840820312,41.60398483276367,25.930164337158203,19.054534912109375,27.14261817932129,31.31307029724121,38.26887512207031,28.930614471435547,25.57460594177246,18.094667434692383,16.799415588378906,20.136850357055664,20.011611938476562,460.9643859863281,12.048376083374023,32.786563873291016
2023-12-26,90.27294921875,15.74889850616455,21.28560447692871,22.928333282470703,41.60398483276367,26.054088592529297,19.105226516723633,27.114295959472656,31.382238388061523,38.50257110595703,28.949134826660156,25.69630241394043,18.159250259399414,16.865741729736328,20.22514533996582,20.162429809570312,462.91082763671875,12.001639366149902,32.60863494873047
2023-12-27,90.84725189208984,15.749838829040527,21.213537216186523,22.94610595703125,41.47813034057617,26.133554458618164,19.138275146484375,27.237028121948242,31.402000427246094,38.58047103881836,29.02322006225586,25.715024948120117,18.39668846130371,17.153789520263672,20.57761001586914,20.290916442871094,463.7478942871094,12.076416015625,32.786563873291016
2023-12-28,90.6467056274414,15.69328784942627,21.18651580810547,22.919448852539062,41.49610900878906,25.985031127929688,19.158472061157227,27.1048526763916,31.459999084472656,38.68758773803711,29.020328521728516,25.546524047851562,18.31121253967285,16.933631896972656,20.365558624267578,20.141674041748047,463.9230041503906,11.992293357849121,32.79593276977539
2023-12-29,90.4734878540039,15.976051330566406,21.25857925415039,22.89278221130371,41.4511604309082,26.005844116210938,19.107980728149414,27.208703994750977,31.40999984741211,38.26887512207031,29.010690689086914,25.480993270874023,18.16874885559082,16.729963302612305,20.29774284362793,19.974641799926758,462.5799560546875,11.973599433898926,32.84275436401367
2024-01-02,90.04508209228516,16.27766227722168,21.53782081604004,22.94610595703125,41.64893341064453,25.75609588623047,18.99323272705078,27.05765151977539,31.440000534057617,37.97673797607422,28.99141502380371,25.452911376953125,18.07377052307129,16.40021324157715,20.058944702148438,19.480464935302734,459.9911804199219,12.001639366149902,32.814659118652344
2024-01-03,90.09064483642578,16.871461868286133,21.438732147216797,22.89278221130371,41.61296844482422,25.464725494384766,18.933563232421875,27.15205955505371,31.399999618530273,37.94752883911133,28.856481552124023,25.4903564453125,18.0452823638916,16.429309844970703,19.920442581176758,19.24325942993164,456.234619140625,12.043702125549316,32.42133331298828
2024-01-04,89.72602844238281,16.767784118652344,21.627899169921875,23.07052230834961,41.666908264160156,25.578243255615234,18.873891830444336,27.085973739624023,31.399999618530273,37.752777099609375,28.885395050048828,25.38738250732422,17.883821487426758,16.099559783935547,19.790536880493164,18.999135971069336,454.7650146484375,11.982945442199707,32.56180953979492
2024-01-05,89.51636505126953,16.692378997802734,21.546831130981445,22.990541458129883,41.61296844482422,25.75893783569336,18.918874740600586,27.14261817932129,31.440000534057617,37.68461990356445,28.885395050048828,25.38738250732422,17.779346466064453,16.05591583251953,19.759016036987305,18.966522216796875,455.3879089355469,11.88947582244873,32.52434539794922
2024-01-08,89.85365295410156,16.456743240356445,21.627899169921875,23.13273048400879,41.729835510253906,25.750417709350586,19.020771026611328,27.21814727783203,31.559999465942383,38.239654541015625,28.981775283813477,25.312496185302734,17.90281867980957,16.262493133544922,20.046527862548828,19.450815200805664,461.8890075683594,11.861433029174805,32.84275436401367
2024-01-09,89.83541870117188,16.598125457763672,21.53782081604004,23.159395217895508,41.61296844482422,25.69366455078125,18.94733238220215,27.048208236694336,31.5,38.1617546081543,28.89503288269043,25.11591148376465,17.779346466064453,16.118955612182617,19.942413330078125,19.33023452758789,461.18829345703125,11.85208797454834,32.7022819519043
2024-01-10,89.6622085571289,16.626401901245117,21.63060188293457,23.372676849365234,41.72084426879883,25.627439498901367,18.974872589111328,27.170942306518555,31.520000457763672,38.356510162353516,29.107072830200195,25.0410213470459,17.722360610961914,16.240188598632812,20.011186599731445,19.54767417907715,463.7964782714844,11.805350303649902,32.814659118652344
2024-01-11,90.17269897460938,16.71122932434082,21.40270233154297,23.177167892456055,42.008506774902344,25.629329681396484,19.024446487426758,27.15205955505371,31.520000457763672,38.43441390991211,28.90467071533203,25.069107055664062,17.807842254638672,16.371116638183594,20.080915451049805,19.551626205444336,463.5920715332031,11.861433029174805,32.75847625732422
2024-01-12,90.33674621582031,16.975141525268555,21.195526123046875,23.186052322387695,42.071434020996094,25.78069496154785,19.041885375976562,27.274791717529297,31.5,38.512306213378906,28.923948287963867,25.172077178955078,17.893321990966797,16.366268157958984,20.15541648864746,19.59906768798828,463.91326904296875,11.880127906799316,32.730377197265625
2024-01-16,89.6622085571289,17.22962760925293,21.474769592285156,23.328243255615234,42.30516815185547,25.372961044311523,18.920711517333984,27.085973739624023,31.440000534057617,38.249393463134766,28.82756805419922,24.722742080688477,17.598899841308594,16.177146911621094,19.753284454345703,19.431047439575195,462.2101135253906,11.85208797454834,32.66482162475586
2024-01-17,89.41607666015625,17.352157592773438,21.862104415893555,23.372676849365234,42.30516815185547,25.073078155517578,18.834421157836914,26.925477981567383,31.399999618530273,37.95726776123047,28.74082374572754,24.479354858398438,17.465930938720703,15.92983341217041,19.6109619140625,19.16518211364746,459.6408386230469,11.81470012664795,32.46815490722656
2024-01-18,89.33406829833984,17.257904052734375,21.754011154174805,23.408226013183594,42.37708282470703,25.424047470092773,18.871137619018555,26.81218719482422,31.3799991607666,38.1617546081543,28.760099411010742,24.51679801940918,17.465930938720703,16.177146911621094,19.715076446533203,19.470582962036133,463.7283935546875,11.739922523498535,32.62736129760742
2024-01-19,89.35227966308594,17.144800186157227,21.8350830078125,23.443771362304688,42.655765533447266,25.80718231201172,18.910614013671875,27.038766860961914,31.309999465942383,38.63890075683594,28.837203979492188,24.582326889038086,17.551408767700195,16.303226470947266,19.89751625061035,19.865924835205078,469.50927734375,11.683839797973633,32.75847625732422
2024-01-22,89.51636505126953,17.012842178344727,21.74500274658203,23.532642364501953,42.75465774536133,25.70406723022461,18.991397857666016,27.123737335205078,31.260000228881836,38.77522659301758,28.856481552124023,24.469995498657227,17.589401245117188,16.293527603149414,20.004499435424805,19.954875946044922,470.50201416015625,11.69318675994873,32.7022819519043
2024-01-23,89.29759216308594,17.05054473876953,21.627899169921875,23.532642364501953,42.69173049926758,25.665279388427734,18.956512451171875,26.878271102905273,31.280000686645508,38.80443572998047,28.837203979492188,24.5636043548584,17.541912078857422,16.361419677734375,19.998767852783203,20.044816970825195,471.8741760253906,11.646450996398926,32.64609146118164
2024-01-24,89.09703063964844,17.144800186157227,21.53782081604004,23.452661514282227,42.655765533447266,25.58013916015625,18.969364166259766,26.538400650024414,31.260000228881836,38.843387603759766,28.9335880279541,24.63849449157715,17.484926223754883,16.206241607666016,20.002588272094727,19.944992065429688,472.3900146484375,11.609062194824219,32.533714294433594
2024-01-25,89.49813842773438,17.05997085571289,21.49278450012207,23.47043800354004,42.6287956237793,25.7598819732666,19.029953002929688,26.727216720581055,31.389999389648438,38.950504302978516,28.952863693237305,24.844440460205078,17.617889404296875,16.355600357055664,20.140134811401367,20.17824363708496,474.9593200683594,11.646450996398926,32.47752380371094
2024-01-26,89.3978500366211,17.05997085571289,21.609886169433594,23.5948543548584,42.83555603027344,25.721092224121094,19.025362014770508,26.887712478637695,31.3700008392334,38.98945999145508,29.010690689086914,24.94740867614746,17.57990074157715,16.390514373779297,20.14491081237793,20.183183670043945,474.35589599609375,11.69318675994873,32.58053970336914
2024-01-29,89.75335693359375,16.777206420898438,21.59637451171875,23.62151336669922,42.77263259887695,25.750417709350586,19.13460350036621,27.237028121948242,31.360000610351562,39.378963470458984,29.058879852294922,24.96613121032715,17.750858306884766,16.565088272094727,20.35791778564453,20.479692459106445,478.112548828125,11.730574607849121,32.870845794677734
2024-01-30,89.92656707763672,17.022268295288086,21.690956115722656,23.630403518676758,42.9614143371582,26.119365692138672,19.09421157836914,26.972681045532227,31.329999923706055,39.378963470458984,28.99141502380371,25.02229881286621,17.779346466064453,16.515625,20.343589782714844,20.419403076171875,477.7427062988281,11.683839797973633,32.777198791503906
2024-01-31,90.33674621582031,17.29560661315918,21.411712646484375,23.452661514282227,42.75465774536133,25.70122528076172,19.103391647338867,26.934919357299805,31.170000076293945,38.9310302734375,28.89503288269043,24.816356658935547,17.817338943481445,16.5165958404541,20.190759658813477,19.767087936401367,469.947265625,11.861433029174805,32.64609146118164
2024-02-01,90.85152435302734,17.418134689331055,21.25857925415039,23.674835205078125,43.08726501464844,25.908405303955078,19.148372650146484,27.133176803588867,31.06999969482422,39.50555419921875,28.952863693237305,24.90996742248535,18.121261596679688,16.676620483398438,20.531763076782227,20.26917266845703,476.09796142578125,11.870780944824219,32.814659118652344
2024-02-02,90.01951599121094,17.361583709716797,21.78103256225586,23.81702423095703,43.15019607543945,25.589595794677734,19.117162704467773,27.1048526763916,31.030000686645508,39.6905632019043,28.90467071533203,24.657217025756836,17.807842254638672,16.664012908935547,20.412364959716797,20.645734786987305,481.1100158691406,11.69318675994873,32.99259567260742
2024-02-05,89.27896118164062,17.484111785888672,21.96119499206543,23.710384368896484,43.15019607543945,25.665279388427734,18.984052658081055,27.1614990234375,30.989999771118164,39.26211166381836,28.82756805419922,24.51679801940918,17.589401245117188,16.409912109375,20.192670822143555,20.46980857849121,479.35821533203125,11.581022262573242,32.84275436401367
2024-02-06,89.74524688720703,17.33330726623535,21.94317626953125,23.719268798828125,43.24009323120117,25.669065475463867,19.122669219970703,27.1048526763916,30.969999313354492,39.495811462402344,28.952863693237305,24.675939559936523,17.722360610961914,16.468101501464844,20.259532928466797,20.491552352905273,480.7499084472656,11.62775707244873,32.945770263671875
2024-02-07,89.56239318847656,17.305030822753906,21.844087600708008,23.737043380737305,43.644630432128906,25.822315216064453,19.117162704467773,27.284231185913086,31.040000915527344,39.86583709716797,29.03960418701172,24.629131317138672,17.703367233276367,16.574787139892578,20.431467056274414,20.78805923461914,484.75958251953125,11.618412017822266,33.1330680847168
2024-02-08,89.28811645507812,17.144800186157227,21.97920799255371,23.82591438293457,44.03117370605469,26.00300407409668,19.15479850769043,27.444726943969727,31.3799991607666,39.768470764160156,29.04924201965332,24.610410690307617,17.617889404296875,16.574787139892578,20.38179588317871,20.824626922607422,484.97369384765625,11.543633460998535,33.423377990722656
2024-02-09,89.26066589355469,17.125947952270508,22.087303161621094,23.89700698852539,44.148048400878906,25.845020294189453,19.191518783569336,27.567459106445312,31.290000915527344,39.93400573730469,29.116708755493164,24.554243087768555,17.598899841308594,16.70086669921875,20.47922706604004,21.15078353881836,487.7766418457031,11.524938583374023,33.507659912109375
2024-02-12,89.27896118164062,16.852609634399414,22.23143196105957,23.852575302124023,44.33682632446289,26.195049285888672,19.186010360717773,27.633544921875,31.329999923706055,39.92426681518555,29.116708755493164,24.685298919677734,17.655881881713867,16.750329971313477,20.52316665649414,21.179447174072266,487.5624694824219,11.543633460998535,33.75115203857422
2024-02-13,88.45611572265625,17.361583709716797,22.555715560913086,23.719268798828125,44.0941047668457,25.75798797607422,19.029953002929688,27.71379280090332,31.200000762939453,39.29132080078125,28.99141502380371,24.329574584960938,17.35196304321289,16.459375381469727,19.9930362701416,20.709978103637695,480.84722900390625,11.5025053024292,33.451473236083984
2024-02-14,88.84925079345703,16.99399185180664,22.609760284423828,23.852575302124023,44.30086898803711,26.046520233154297,19.120832443237305,27.723234176635742,31.299999237060547,39.71003723144531,29.04924201965332,24.338937759399414,17.49442481994629,16.66886329650879,20.285322189331055,21.111249923706055,485.217041015625,11.487550735473633,33.68560028076172
2024-02-15,89.05953216552734,16.824337005615234,22.627777099609375,24.003652572631836,44.78630828857422,26.238563537597656,19.337480545043945,27.897890090942383,31.34000015258789,39.93400573730469,29.18417739868164,24.647855758666992,17.580848693847656,16.80755043029785,20.488780975341797,21.338571548461914,488.5649108886719,11.478203773498535,34.05082702636719
2024-02-16,88.776123046875,17.041120529174805,22.816940307617188,23.950334548950195,44.732364654541016,26.16477394104004,19.277809143066406,27.92621421813965,31.420000076293945,39.71003723144531,29.20345115661621,24.70401954650879,17.589401245117188,16.652374267578125,20.368423461914062,21.05194854736328,486.1318359375,11.440815925598145,34.00400924682617
2024-02-20,88.85838317871094,17.22962760925293,22.51067352294922,23.77259063720703,44.45369338989258,26.02003288269043,19.392559051513672,27.61466407775879,31.260000228881836,39.4373893737793,29.107072830200195,24.63849449157715,17.522916793823242,16.458402633666992,20.318754196166992,20.755443572998047,483.45550537109375,11.515592575073242,33.75115203857422
2024-02-21,88.59326171875,17.39928436279297,22.600749969482422,23.90589714050293,44.45369338989258,26.00300407409668,19.29616928100586,27.491933822631836,31.31999969482422,39.5250244140625,29.135986328125,24.806995391845703,17.50391960144043,16.32262420654297,20.291053771972656,20.656606674194336,483.8934326171875,11.45016098022461,33.732418060302734
2024-02-22,88.66641235351562,17.418134689331055,22.816940307617188,24.1369571685791,44.58853530883789,26.35586929321289,19.452228546142578,27.652429580688477,31.34000015258789,40.2456169128418,29.299833297729492,24.82571792602539,17.57990074157715,16.75905990600586,20.619638442993164,21.70821762084961,493.9078674316406,11.356691360473633,33.95717239379883
2024-02-23,88.99552917480469,17.51239013671875,22.843963623046875,24.199169158935547,44.9481201171875,26.416410446166992,19.387968063354492,27.737394332885742,31.299999237060547,40.226139068603516,29.261281967163086,24.82571792602539,17.712865829467773,16.88513946533203,20.723752975463867,21.739843368530273,494.24847412109375,11.39408016204834,34.0601921081543
2024-02-26,88.80353546142578,17.418134689331055,22.825944900512695,24.181392669677734,45.011051177978516,26.59237289428711,19.40449333190918,27.756277084350586,31.31999969482422,40.07033157348633,29.261281967163086,24.713380813598633,17.646385192871094,16.8502254486084,20.640653610229492,21.595542907714844,492.4382629394531,11.412774085998535,34.15384292602539
2024-02-27,88.6846923828125,17.097671508789062,22.88900375366211,24.26137351989746,45.073978424072266,26.672779083251953,19.443965911865234,27.661867141723633,31.31999969482422,40.1190185546875,29.309471130371094,24.806995391845703,17.589401245117188,16.831796646118164,20.63205909729004,21.644962310791016,493.3531188964844,11.356691360473633,34.032100677490234
2024-02-28,88.85838317871094,17.248477935791016,22.753887176513672,24.208053588867188,44.47167205810547,26.72481346130371,19.384296417236328,27.482492446899414,31.350000381469727,40.080074310302734,29.270919799804688,24.732107162475586,17.63688850402832,16.760997772216797,20.612953186035156,21.447290420532227,492.7010192871094,11.423054695129395,33.97591018676758
2024-02-29,89.00468444824219,17.107097625732422,22.690832138061523,24.305809020996094,44.65146255493164,26.738056182861328,19.392559051513672,27.5768985748291,31.329999923706055,40.41115188598633,29.348024368286133,24.844440460205078,17.741361618041992,16.80755043029785,20.67981719970703,21.674612045288086,494.4722900390625,11.45950984954834,34.08829116821289
2024-03-01,89.43199920654297,16.94686508178711,22.366544723510742,24.50132179260254,44.93014144897461,26.994426727294922,19.533010482788086,27.78459930419922,31.420000076293945,40.79091262817383,29.44440460205078,24.96613121032715,17.936058044433594,17.084928512573242,20.988340377807617,22.020538330078125,499.1145324707031,11.45950984954834,34.434791564941406
2024-03-04,89.2119140625,17.05054473876953,22.366544723510742,24.554643630981445,44.507633209228516,26.885635375976562,19.525667190551758,27.69963264465332,31.469999313354492,40.72275161743164,29.44440460205078,24.96613121032715,17.917062759399414,17.050983428955078,20.89664649963379,21.99088478088379,498.57928466796875,11.440815925598145,34.33177947998047
2024-03-05,89.6978988647461,17.201351165771484,22.15936851501465,24.332468032836914,44.45369338989258,26.75319480895996,19.510061264038086,27.567459106445312,31.510000228881836,40.41115188598633,29.42513084411621,24.928688049316406,18.02153778076172,16.889019012451172,20.846975326538086,21.536243438720703,493.596435546875,11.581022262573242,34.097652435302734
2024-03-06,89.83544921875,17.154226303100586,22.141347885131836,24.430225372314453,44.867218017578125,26.951852798461914,19.610122680664062,27.491933822631836,31.459999084472656,40.79091262817383,29.473318099975586,25.125272750854492,18.1488037109375,17.05001449584961,21.042789459228516,21.773447036743164,496.09759521484375,11.543633460998535,34.453521728515625
2024-03-07,90.02802276611328,16.99399185180664,22.29448127746582,24.510210037231445,44.867218017578125,27.275390625,19.681726455688477,27.482492446899414,31.510000228881836,41.10251998901367,29.560062408447266,25.331214904785156,18.225730895996094,17.153789520263672,21.2911376953125,22.089719772338867,501.0220642089844,11.524938583374023,34.565895080566406
2024-03-08,90.11054229736328,16.95629119873047,22.0440673828125,24.216941833496094,44.81328201293945,27.182682037353516,19.664283752441406,27.38808250427246,31.579999923706055,40.85907745361328,29.550424575805664,25.340578079223633,18.192489624023438,16.94915008544922,21.209945678710938,21.674612045288086,498.0148010253906,11.562328338623047,34.434791564941406
2024-03-11,90.00968170166016,17.11652374267578,22.150358200073242,24.10141372680664,44.615509033203125,27.1013240814209,19.600025177001953,27.425844192504883,31.6200008392334,40.7130126953125,29.540786743164062,25.38738250732422,18.192489624023438,16.905506134033203,21.117292404174805,21.605426788330078,497.58660888671875,11.552980422973633,34.30368423461914
2024-03-12,89.78042602539062,17.17307472229004,22.29448127746582,24.181392669677734,44.81328201293945,27.229984283447266,19.724870681762695,27.529695510864258,31.600000381469727,40.98566818237305,29.598613739013672,25.349939346313477,18.140254974365234,17.040315628051758,21.24433135986328,22.16878890991211,502.93939208984375,11.468857765197754,34.434791564941406
2024-03-13,89.6153793334961,17.17307472229004,22.717851638793945,24.48354721069336,44.95711135864258,27.353912353515625,19.702838897705078,27.709074020385742,31.34000015258789,40.92724609375,29.5697021484375,25.55588150024414,18.159250259399414,17.05486297607422,21.166961669921875,22.13913917541504,502.1509704589844,11.468857765197754,34.64082336425781
2024-03-14,89.04686737060547,17.408708572387695,22.843963623046875,24.572418212890625,44.966102600097656,27.054969787597656,19.635826110839844,27.888450622558594,31.34000015258789,40.70328140258789,29.53114891052246,25.480993270874023,18.01679039001465,16.86865234375,20.917659759521484,21.951351165771484,501.1583251953125,11.384733200073242,34.64082336425781
2024-03-15,89.03770446777344,17.521814346313477,23.177255630493164,24.68794822692871,45.325687408447266,26.951852798461914,19.599105834960938,27.991355895996094,31.43000030517578,40.3722038269043,29.492595672607422,25.53716278076172,17.90281867980957,16.856042861938477,20.803991317749023,21.91181755065918,497.71710205078125,11.401557922363281,34.584632873535156
2024-03-18,88.94599914550781,17.4464111328125,23.23130226135254,24.839031219482422,45.11892318725586,27.046457290649414,19.677135467529297,28.181119918823242,31.389999389648438,40.62538146972656,29.521509170532227,25.55588150024414,17.894268035888672,16.942359924316406,20.86798858642578,22.040302276611328,500.6750793457031,11.347346305847168,34.743831634521484
2024-03-19,89.16606903076172,17.550092697143555,22.88900375366211,25.0345401763916,44.93014144897461,26.99915313720703,19.7423152923584,28.228322982788086,31.420000076293945,40.89802932739258,29.44440460205078,25.659912109375,17.934160232543945,17.069412231445312,20.997892379760742,22.346694946289062,503.4574279785156,11.359496116638184,34.66891098022461
2024-03-20,89.3494644165039,17.16364860534668,22.816940307617188,25.221162796020508,45.16387939453125,27.44378089904785,19.879093170166016,28.133913040161133,31.43000030517578,41.23884582519531,29.66608238220215,25.856721878051758,18.06427574157715,17.298297882080078,21.229049682617188,22.722267150878906,508.11395263671875,11.356691360473633,34.7625617980957
2024-03-21,89.41365051269531,16.95629119873047,22.708845138549805,25.372241973876953,45.36030578613281,27.620683670043945,19.94794273376465,28.058385848999023,31.399999618530273,41.404388427734375,29.733549118041992,25.8660888671875,18.10416603088379,17.338062286376953,21.292091369628906,22.85075569152832,509.793212890625,11.338783264160156,34.865577697753906
2024-03-22,89.6978988647461,17.069395065307617,22.393571853637695,25.274486541748047,45.441768646240234,27.43560791015625,19.91030502319336,28.125417709350586,31.299999237060547,41.477603912353516,29.608253479003906,25.725515365600586,18.15165138244629,17.298297882080078,21.313106536865234,22.85075569152832,508.8267822265625,11.385910987854004,34.725101470947266
2024-03-25,89.5328598022461,17.041120529174805,22.63825798034668,25.301149368286133,45.46893310546875,27.647258758544922,19.879093170166016,28.24720573425293,31.389999389648438,41.26284408569336,29.68535804748535,25.8660888671875,18.072616577148438,17.297325134277344,21.221406936645508,22.85075569152832,507.42095947265625,11.367058753967285,34.9217643737793
2024-03-26,89.62454223632812,17.07882308959961,22.602006912231445,25.235912322998047,45.586605072021484,27.42137336730957,19.894699096679688,28.124475479125977,31.459999084472656,41.3018913269043,29.63716697692871,25.80986213684082,18.082141876220703,17.281808853149414,21.252927780151367,22.702499389648438,506.4836730957031,11.385910987854004,34.98732376098633
2024-03-27,89.91797637939453,17.07882308959961,22.592947006225586,25.27165985107422,45.74049377441406,27.595060348510742,20.013120651245117,28.294408798217773,31.459999084472656,41.58497619628906,29.656442642211914,26.02541160583496,18.27638816833496,17.442806243896484,21.419132232666016,23.107725143432617,510.7401428222656,11.376484870910645,35.024784088134766
2024-03-28,89.80792999267578,16.984567642211914,22.61107635498047,25.629108428955078,45.776702880859375,27.623533248901367,20.048006057739258,28.218881607055664,31.479999542236328,41.223793029785156,29.7721004486084,26.194103240966797,18.343996047973633,17.59798240661621,21.4277286529541,23.097843170166016,510.6424560546875,11.423613548278809,35.11842727661133
2024-04-01,89.15496063232422,17.16364860534668,22.964508056640625,25.888259887695312,45.63187026977539,27.685224533081055,20.0158748626709,28.50210952758789,31.459999084472656,41.25307846069336,29.743186950683594,26.203472137451172,18.16974449157715,17.50390625,21.20326042175293,23.167028427124023,509.7540588378906,11.3482084274292,35.11842727661133
2024-04-02,89.0905990600586,17.305030822753906,22.991697311401367,25.79889488220215,45.677127838134766,27.42042350769043,19.928665161132812,28.66260528564453,31.459999084472656,41.06760787963867,29.68535804748535,26.372163772583008,18.160219192504883,17.39916229248047,21.015087127685547,23.127492904663086,506.5130310058594,11.310507774353027,35.07160949707031
2024-04-03,89.14576721191406,17.248477935791016,22.991697311401367,25.8167667388916,45.6680793762207,27.675731658935547,19.911224365234375,28.643722534179688,31.540000915527344,41.077369689941406,29.743186950683594,26.531482696533203,18.1964054107666,17.551427841186523,21.109649658203125,23.07807731628418,507.06951904296875,11.310507774353027,35.08096694946289
2024-04-04,89.3572769165039,17.314456939697266,22.90106964111328,25.5129337310791,45.57755661010742,27.485912322998047,19.77352523803711,28.653165817260742,31.290000915527344,40.80404281616211,29.675722122192383,26.493999481201172,18.23163414001465,17.385583877563477,20.933897018432617,22.583898544311523,500.880126953125,11.451888084411621,34.959224700927734
2024-04-05,88.91582489013672,17.474689483642578,23.26357650756836,25.879322052001953,45.52324676513672,27.589365005493164,19.871747970581055,28.66260528564453,31.239999771118164,41.174983978271484,29.675722122192383,26.615833282470703,18.180217742919922,17.580524444580078,21.004581451416016,23.196678161621094,506.1126708984375,11.310507774353027,34.97795486450195
2024-04-08,88.83305358886719,17.191925048828125,23.435762405395508,26.02230453491211,45.53230285644531,27.941482543945312,19.934173583984375,28.672046661376953,31.25,40.960227966308594,29.71427345275879,26.6533203125,18.205930709838867,17.656171798706055,21.023683547973633,23.37458038330078,506.395751953125,11.272805213928223,35.06223678588867
2024-04-09,89.1365737915039,16.99399185180664,23.209203720092773,25.87038803100586,45.5051383972168,27.761152267456055,19.969057083129883,28.73813247680664,31.360000610351562,41.25307846069336,29.801013946533203,26.737667083740234,18.353515625,17.6105899810791,21.097232818603516,23.176912307739258,506.9815979003906,11.301081657409668,35.146522521972656
2024-04-10,88.06971740722656,17.220203399658203,23.952327728271484,26.361879348754883,45.3240966796875,27.372020721435547,19.785459518432617,28.97415542602539,31.209999084472656,40.50143051147461,29.608253479003906,26.540857315063477,18.053577423095703,17.554338455200195,20.565195083618164,23.107725143432617,501.9051513671875,11.197403907775879,34.88430404663086
2024-04-11,88.08810424804688,17.07882308959961,24.151704788208008,26.52273178100586,45.55039978027344,27.29134750366211,19.787294387817383,29.125211715698242,31.25,40.70642852783203,29.71427345275879,26.568973541259766,18.044055938720703,17.7677059173584,20.72279930114746,23.720504760742188,505.6929016113281,11.150276184082031,35.13715744018555
2024-04-12,88.25365447998047,17.323881149291992,24.061077117919922,26.156347274780273,45.18830871582031,26.883237838745117,19.676218032836914,29.153532028198242,30.90999984741211,40.16952896118164,29.511873245239258,26.2409610748291,17.968830108642578,17.500995635986328,20.42191505432129,22.890287399291992,498.7127990722656,11.32935905456543,34.78129577636719
2024-04-15,87.72025299072266,17.68204689025879,24.405460357666016,26.486982345581055,45.197364807128906,26.631723403930664,19.53943634033203,29.587814331054688,30.799999237060547,39.76929473876953,29.434768676757812,26.147241592407227,17.822193145751953,17.622228622436523,20.058944702148438,22.890287399291992,492.4649353027344,11.32935905456543,34.800025939941406
2024-04-16,87.471923828125,17.804576873779297,24.496084213256836,26.4244327545166,44.98917007446289,26.744667053222656,19.369609832763672,29.531169891357422,30.860000610351562,39.5252571105957,29.309471130371094,25.931692123413086,17.67650604248047,17.583433151245117,19.991127014160156,22.880403518676758,491.56671142578125,11.225679397583008,34.6595458984375
2024-04-17,87.87659454345703,17.917680740356445,24.423580169677734,26.02230453491211,44.83527374267578,26.703853607177734,19.347578048706055,29.323467254638672,30.770000457763672,39.320255279541016,29.261281967163086,25.950437545776367,17.74887466430664,17.34193992614746,20.004499435424805,22.346694946289062,488.6575622558594,11.301081657409668,34.528438568115234
2024-04-18,87.62825012207031,18.030786514282227,24.523269653320312,26.111661911010742,45.00727081298828,26.632673263549805,19.307186126708984,29.455642700195312,30.8700008392334,39.25192642211914,29.299833297729492,25.959808349609375,17.720308303833008,17.39916229248047,19.8889217376709,22.445528030395508,487.6520080566406,11.291656494140625,34.565895080566406
2024-04-19,87.72025299072266,18.153316497802734,24.622957229614258,26.14740753173828,44.79001998901367,26.527324676513672,19.34665870666504,29.36311912536621,30.84000015258789,39.105499267578125,29.299833297729492,26.175357818603516,17.744110107421875,17.33127212524414,19.76092529296875,22.21820640563965,483.3956298828125,11.3482084274292,34.49098205566406
2024-04-22,87.77543640136719,18.040210723876953,24.704524993896484,26.120601654052734,44.699493408203125,26.8386287689209,19.419179916381836,29.13465118408203,30.989999771118164,39.22263717651367,29.396215438842773,26.175357818603516,17.739351272583008,17.282779693603516,20.00163459777832,22.386226654052734,487.8472595214844,11.206827163696289,34.47224807739258
2024-04-23,87.95936584472656,17.87997817993164,24.67733383178711,26.326133728027344,44.80812454223633,26.993331909179688,19.51648712158203,28.96471405029297,30.889999389648438,39.72048568725586,29.463682174682617,26.269075393676758,17.770776748657227,17.378795623779297,20.273860931396484,22.445528030395508,493.6363830566406,11.150276184082031,34.55653762817383
2024-04-24,87.72945404052734,17.84227752685547,24.59576988220215,26.344005584716797,44.898643493652344,27.07020378112793,19.556880950927734,29.087446212768555,30.799999237060547,39.652156829833984,29.502235412597656,26.2409610748291,17.719356536865234,17.4340763092041,20.20222282409668,22.85075569152832,493.402099609375,11.112574577331543,34.565895080566406
2024-04-25,87.48110961914062,17.936532974243164,24.99452018737793,26.352941513061523,44.80812454223633,26.97340202331543,19.532093048095703,29.253604888916016,30.790000915527344,39.486209869384766,29.42513084411621,26.437767028808594,17.672697067260742,17.505844116210938,20.058944702148438,22.722267150878906,491.5276794433594,11.084297180175781,34.36923599243164
2024-04-26,87.67424774169922,17.68204689025879,25.06702423095703,26.996349334716797,44.98011016845703,27.09298324584961,19.51648712158203,29.37067413330078,30.969999313354492,39.66191864013672,29.5697021484375,26.437767028808594,17.81743621826172,17.7871036529541,20.20222282409668,23.354814529418945,496.1843566894531,11.065446853637695,34.622093200683594
2024-04-29,87.94095611572266,17.700897216796875,24.9129638671875,26.621030807495117,44.74475860595703,27.137592315673828,19.57156753540039,29.078004837036133,31.0,40.00358200073242,29.550424575805664,26.57834815979004,17.939311981201172,17.631925582885742,20.403766632080078,23.03853988647461,497.9415588378906,11.074871063232422,34.51907730102539
2024-04-30,87.58229064941406,17.927108764648438,24.82233428955078,26.746137619018555,44.69044494628906,26.906015396118164,19.39714813232422,29.398996353149414,30.920000076293945,39.34954833984375,29.415491104125977,26.13787078857422,17.682220458984375,17.554338455200195,20.042705535888672,22.771686553955078,490.0535888671875,11.103147506713867,34.24748992919922
2024-05-01,87.89134216308594,17.974233627319336,24.713586807250977,26.495920181274414,44.491302490234375,26.634567260742188,19.360429763793945,29.219619750976562,30.93000030517578,39.320255279541016,29.357662200927734,25.98792266845703,17.720308303833008,17.42825698852539,20.06849479675293,22.53447914123535,488.4622802734375,11.197403907775879,34.08829116821289
2024-05-02,88.28802490234375,17.738597869873047,24.731708526611328,25.977622985839844,43.99342346191406,26.794967651367188,19.49812889099121,28.526655197143555,31.030000686645508,39.68144226074219,29.473318099975586,26.2409610748291,17.836475372314453,17.117904663085938,20.33881378173828,22.13913917541504,493.03106689453125,11.140849113464355,34.05082702636719
2024-05-03,88.74009704589844,17.700897216796875,24.668270111083984,25.897197723388672,43.68565368652344,27.226808547973633,19.617467880249023,28.011180877685547,31.059999465942383,40.267147064208984,29.608253479003906,26.400278091430664,18.043100357055664,17.166397094726562,20.69223403930664,22.346694946289062,499.14239501953125,11.140849113464355,34.15384292602539
2024-05-06,88.80464935302734,17.531240463256836,24.650150299072266,26.058046340942383,43.73092269897461,27.365379333496094,19.74598503112793,27.897890090942383,31.170000076293945,40.72594451904297,29.704633712768555,26.540857315063477,18.152603149414062,17.437955856323242,20.861303329467773,22.95947265625,504.29693603515625,11.103147506713867,34.294315338134766
2024-05-07,88.98916625976562,17.710325241088867,24.54139518737793,26.209962844848633,43.884803771972656,27.414731979370117,19.782705307006836,27.850685119628906,31.170000076293945,40.72594451904297,29.675722122192383,26.559600830078125,18.1868839263916,17.467050552368164,20.952045440673828,22.979238510131836,504.85345458984375,11.12199878692627,34.26622009277344
2024-05-08,88.80464935302734,17.90825653076172,24.505144119262695,26.31719970703125,43.91196060180664,27.27711296081543,19.76801872253418,28.162235260009766,31.1299991607666,40.70642852783203,29.68535804748535,26.540857315063477,18.139270782470703,17.476749420166016,20.889957427978516,23.07807731628418,504.9021301269531,11.10785961151123,34.228763580322266
2024-05-09,88.97071838378906,17.795150756835938,24.477956771850586,26.451242446899414,43.93912124633789,27.5096378326416,19.77352523803711,28.00646209716797,31.100000381469727,40.89189529418945,29.66608238220215,26.859498977661133,18.272581100463867,17.641624450683594,21.042789459228516,23.196678161621094,507.8113708496094,11.084297180175781,34.35050582885742
2024-05-10,88.7862319946289,17.955381393432617,24.867647171020508,26.43337059020996,44.00248336791992,27.372020721435547,19.80106544494629,28.096149444580078,31.059999465942383,40.80404281616211,29.723909378051758,26.7751522064209,18.25258445739746,17.641624450683594,21.018905639648438,23.49318504333496,508.4654846191406,11.051309585571289,34.359867095947266
2024-05-13,88.83235168457031,17.804576873779297,25.121395111083984,26.540603637695312,43.83048629760742,27.411882400512695,19.75516700744629,28.067827224731445,31.1299991607666,40.92117691040039,29.704633712768555,26.859498977661133,18.2440128326416,17.651323318481445,21.03801155090332,23.384464263916016,508.5338134765625,11.056020736694336,34.284950256347656
2024-05-14,89.07220458984375,17.616069793701172,25.09421157836914,26.478050231933594,44.04774475097656,27.31032943725586,19.782705307006836,27.992300033569336,31.209999084472656,41.126182556152344,29.78173828125,26.925100326538086,18.379226684570312,17.806499481201172,21.214719772338867,23.661205291748047,510.8670654296875,11.078641891479492,34.33177947998047
2024-05-15,89.66263580322266,17.49353790283203,24.82233428955078,26.236774444580078,44.11110305786133,27.915855407714844,19.883684158325195,27.718515396118164,31.350000381469727,41.78021240234375,29.897397994995117,26.981332778930664,18.58680534362793,17.913183212280273,21.5528564453125,23.928058624267578,517.193115234375,11.103147506713867,34.500343322753906
2024-05-16,89.56114959716797,17.69147300720215,24.96733283996582,26.30826187133789,43.99342346191406,27.808605194091797,19.921321868896484,27.727954864501953,31.200000762939453,41.711875915527344,29.849205017089844,26.962587356567383,18.55537986755371,17.88893699645996,21.461158752441406,23.933002471923828,516.1289672851562,11.103147506713867,34.44415283203125
2024-05-17,89.27515411376953,17.72917366027832,25.28452491760254,26.549537658691406,44.19257736206055,27.933887481689453,19.847881317138672,27.869569778442383,31.110000610351562,41.65331268310547,29.87812042236328,27.159393310546875,18.604894638061523,18.12655258178711,21.449697494506836,24.165266036987305,516.8709106445312,11.074871063232422,34.60335922241211
2024-05-20,89.192138671875,17.644344329833984,25.583587646484375,26.719324111938477,44.07490539550781,28.05347442626953,19.9663028717041,27.718515396118164,31.219999313354492,41.74116516113281,29.91667366027832,27.215627670288086,18.57728385925293,18.121702194213867,21.45351791381836,24.392587661743164,517.4664916992188,11.04659652709961,34.66891098022461
2024-05-21,89.35820007324219,17.861129760742188,25.511093139648438,26.66571044921875,43.99342346191406,27.989883422851562,20.020463943481445,27.727954864501953,31.170000076293945,41.76068878173828,29.868480682373047,27.206254959106445,18.62013053894043,18.136249542236328,21.487905502319336,24.367877960205078,518.7355346679688,11.056020736694336,34.6595458984375
2024-05-22,89.24746704101562,17.861129760742188,25.438587188720703,26.531667709350586,43.739967346191406,27.742168426513672,19.872669219970703,27.482492446899414,31.1299991607666,41.74116516113281,29.78173828125,26.906354904174805,18.53919219970703,17.816198348999023,21.338897705078125,23.918176651000977,517.2418823242188,11.079584121704102,34.34113693237305
2024-05-23,88.99839782714844,18.0213623046875,25.239212036132812,26.469118118286133,43.64944839477539,27.704204559326172,19.782705307006836,27.510812759399414,31.149999618530273,41.3506965637207,29.743186950683594,26.6533203125,18.301145553588867,17.641624450683594,21.121112823486328,23.631553649902344,513.4638671875,11.056020736694336,34.27558517456055
2024-05-24,89.0998764038086,18.06848907470703,25.012649536132812,26.52273178100586,43.79428482055664,27.623533248901367,19.911224365234375,27.605222702026367,31.239999771118164,41.633785247802734,29.801013946533203,26.747039794921875,18.370655059814453,17.748308181762695,21.300687789916992,23.809457778930664,516.8611450195312,11.027745246887207,34.48161315917969
2024-05-28,88.68473052978516,17.974233627319336,25.3660888671875,26.80868911743164,44.00248336791992,27.822843551635742,19.967220306396484,27.79404067993164,31.170000076293945,41.6142692565918,29.810653686523438,26.915727615356445,18.26495933532715,17.8743896484375,21.176513671875,24.15538215637207,517.2223510742188,11.008893013000488,34.528438568115234
2024-05-29,88.34339141845703,17.993083953857422,25.291772842407227,26.7282657623291,44.00248336791992,27.713695526123047,19.82952308654785,28.25664520263672,31.1299991607666,41.379981994628906,29.78173828125,26.568973541259766,18.064050674438477,17.680418014526367,20.851749420166016,23.769922256469727,513.6004028320312,11.008893013000488,34.50970458984375
2024-05-30,88.758544921875,18.096763610839844,25.017179489135742,26.531667709350586,43.921016693115234,27.593162536621094,19.858896255493164,28.0206241607666,31.280000686645508,40.94070816040039,29.78173828125,26.63457489013672,18.1678409576416,17.505844116210938,20.909061431884766,23.325164794921875,510.19342041015625,11.084297180175781,34.322410583496094
2024-05-31,89.04452514648438,18.162742614746094,24.74077033996582,26.486982345581055,43.78522491455078,27.464082717895508,19.845129013061523,27.94509506225586,31.200000762939453,41.27260208129883,29.810653686523438,26.887615203857422,18.284006118774414,17.564037322998047,21.090547561645508,23.710620880126953,514.8403930664062,11.027745246887207,34.51907730102539
2024-06-03,89.58313751220703,18.106189727783203,24.704524993896484,26.24570655822754,43.866695404052734,27.455541610717773,19.91030502319336,27.558019638061523,31.299999237060547,41.43854904174805,29.820293426513672,26.62520408630371,18.415409088134766,17.564037322998047,21.300687789916992,23.354814529418945,515.2601318359375,11.084297180175781,34.228763580322266
2024-06-04,89.90705108642578,18.23814582824707,24.351085662841797,25.8167667388916,43.586082458496094,27.523876190185547,19.76893424987793,27.293672561645508,31.229999542236328,41.73141098022461,29.723909378051758,26.428396224975586,18.455402374267578,17.39916229248047,21.343669891357422,23.058307647705078,515.8359985351562,11.140849113464355,34.20066833496094
2024-06-05,90.1846694946289,18.11561393737793,24.269519805908203,26.10272789001465,43.93912124633789,27.720338821411133,19.933256149291992,27.208703994750977,31.31999969482422,42.248779296875,29.78173828125,26.447139739990234,18.585851669311523,17.680418014526367,21.529935836791992,23.67108917236328,521.9668579101562,11.140849113464355,34.27558517456055
2024-06-06,90.21244049072266,18.01193618774414,24.12451934814453,26.165281295776367,43.94817352294922,27.713695526123047,19.915813446044922,27.1614990234375,31.3700008392334,42.21949005126953,29.868480682373047,26.615833282470703,18.615367889404297,17.748308181762695,21.644556045532227,23.680971145629883,521.9571533203125,11.131423950195312,34.36923599243164
2024-06-07,89.41657257080078,18.200443267822266,24.396392822265625,26.379749298095703,43.875755310058594,27.400497436523438,19.929582595825195,27.14261817932129,31.25,42.05353927612305,29.762460708618164,26.259708404541016,18.263057708740234,17.51554298400879,21.319791793823242,23.60190200805664,521.3225708007812,11.03717041015625,34.12574768066406
2024-06-10,89.342529296875,18.209869384765625,24.51420783996582,26.612089157104492,43.984378814697266,27.320768356323242,19.871747970581055,27.340877532958984,31.219999313354492,42.08283233642578,29.92630958557129,26.36279296875,18.273534774780273,17.534940719604492,21.34653663635254,23.730390548706055,522.9332885742188,10.980618476867676,34.032100677490234
2024-06-11,89.64794158935547,18.143892288208008,24.351085662841797,26.540603637695312,43.85764694213867,27.272367477416992,19.929582595825195,27.189821243286133,31.139999389648438,42.151161193847656,29.752826690673828,26.175357818603516,18.312570571899414,17.486448287963867,21.424863815307617,23.641437530517578,524.1927490234375,11.051309585571289,33.98527526855469
2024-06-12,90.0736083984375,17.955381393432617,24.151704788208008,26.451242446899414,43.94817352294922,27.357784271240234,20.029645919799805,27.05765151977539,31.25,42.707576751708984,29.907033920288086,26.203472137451172,18.4344539642334,17.69011688232422,21.7114200592041,24.046663284301758,528.4979858398438,11.09372329711914,34.05082702636719
2024-06-13,90.52708435058594,17.945959091186523,23.9342041015625,26.27251625061035,43.839542388916016,27.571331024169922,19.959877014160156,26.897153854370117,31.209999084472656,42.87352752685547,29.849205017089844,26.119129180908203,18.54490852355957,17.583433151245117,21.7496280670166,23.77980613708496,529.5621337890625,11.140849113464355,33.872894287109375
2024-06-14,90.6196517944336,18.153316497802734,23.925140380859375,26.27251625061035,43.72186279296875,27.011363983154297,19.847881317138672,26.897153854370117,31.149999618530273,43.1663818359375,29.801013946533203,25.922319412231445,18.58680534362793,17.534940719604492,21.740074157714844,23.730390548706055,529.88427734375,11.1926908493042,33.601314544677734
2024-06-17,90.29572296142578,18.23814582824707,24.039329528808594,26.52273178100586,43.90291213989258,27.324565887451172,19.906633377075195,27.06709098815918,31.18000030517578,43.342098236083984,29.849205017089844,25.903573989868164,18.531578063964844,17.627077102661133,21.77541732788086,24.1059627532959,534.1015625,11.11728572845459,33.732418060302734
2024-06-18,90.6196517944336,18.24757194519043,23.99764060974121,26.52273178100586,43.96627426147461,27.362531661987305,19.969974517822266,26.953800201416016,31.1200008392334,43.459232330322266,29.887758255004883,26.072267532348633,18.65821647644043,17.719213485717773,21.900545120239258,24.175148010253906,535.4585571289062,11.150276184082031,33.638771057128906
2024-06-20,90.46232604980469,18.44550323486328,24.01576805114746,26.853368759155273,44.04774475097656,27.324565887451172,19.996599197387695,27.255908966064453,31.1200008392334,43.205421447753906,29.82992935180664,26.287818908691406,18.643936157226562,17.79680061340332,21.8308162689209,24.38270378112793,534.0040283203125,11.169126510620117,33.89162063598633
2024-06-21,90.47157287597656,18.568035125732422,24.12451934814453,26.772945404052734,44.05679702758789,27.092037200927734,19.922239303588867,27.237028121948242,31.18000030517578,43.078529357910156,29.82992935180664,26.165985107421875,18.53919219970703,17.719213485717773,21.76108741760254,24.165266036987305,533.2879638671875,11.186357498168945,33.807342529296875
2024-06-24,90.54560852050781,18.57745933532715,24.31483268737793,26.88018035888672,44.364566802978516,27.094892501831055,19.91030502319336,27.010446548461914,31.209999084472656,43.00042724609375,29.801013946533203,26.419025421142578,18.624889373779297,17.738611221313477,21.797386169433594,24.07631492614746,531.5545043945312,11.229437828063965,33.72305679321289
2024-06-25,90.53633880615234,18.605735778808594,24.342166900634766,26.817628860473633,44.29214859008789,27.46631622314453,19.92499351501465,27.208703994750977,30.989999771118164,43.23048782348633,29.791378021240234,26.30231475830078,18.648698806762695,17.709514617919922,21.82604217529297,24.165266036987305,533.6015014648438,11.191145896911621,33.88226318359375
2024-06-26,90.129150390625,18.549182891845703,24.57912254333496,26.96954345703125,44.246891021728516,27.11965560913086,19.906633377075195,27.350317001342773,31.1299991607666,43.14237976074219,29.82992935180664,26.226402282714844,18.476442337036133,17.719213485717773,21.682764053344727,24.30363655090332,534.2674560546875,11.109772682189941,33.872894287109375
2024-06-27,90.27722930908203,18.45492935180664,24.48798942565918,27.00018310546875,44.302555084228516,27.02822494506836,19.901126861572266,27.32577133178711,31.420000076293945,43.26964569091797,29.849205017089844,26.28333854675293,18.558237075805664,17.765766143798828,21.720970153808594,24.30363655090332,535.1096801757812,11.143279075622559,33.88226318359375
2024-06-28,89.83302307128906,18.492631912231445,24.53355598449707,27.090303421020508,44.402931213378906,27.15774917602539,19.97089195251465,27.529695510864258,31.600000381469727,42.98574447631836,29.907033920288086,26.216917037963867,18.385988235473633,17.758007049560547,21.671300888061523,24.224567413330078,533.0039672851562,11.095413208007812,33.966548919677734
2024-07-01,89.35121154785156,18.605735778808594,24.606464385986328,27.531892776489258,44.494178771972656,27.02536964416504,19.90755271911621,27.680749893188477,31.579999923706055,42.78016662597656,30.09015655517578,26.29282569885254,18.19255828857422,17.748308181762695,21.47262191772461,24.659442901611328,534.1009521484375,10.961385726928711,33.98527526855469
2024-07-02,89.64826965332031,18.549182891845703,24.670255661010742,27.441776275634766,44.6949348449707,27.319652557373047,19.958959579467773,27.62410545349121,31.6299991607666,43.16195297241211,29.97450065612793,26.27385139465332,18.320547103881836,17.845293045043945,21.7114200592041,24.748395919799805,537.6953735351562,10.9805326461792,33.97591018676758
2024-07-03,90.13099670410156,18.44550323486328,24.51532554626465,27.45078468322754,44.74968338012695,27.565364837646484,20.062692642211914,27.61466407775879,31.690000534057617,43.54375076293945,30.099796295166016,26.58697509765625,18.524560928344727,18.12655258178711,21.90245819091797,25.22280502319336,540.0948486328125,11.041802406311035,34.23813247680664
2024-07-05,90.58586120605469,18.313547134399414,24.18724250793457,27.414737701416016,44.9869384765625,27.642505645751953,20.04708480834961,27.822362899780273,31.760000228881836,43.935333251953125,30.09015655517578,26.577482223510742,18.688152313232422,18.281728744506836,22.198564529418945,25.311756134033203,543.209228515625,11.085838317871094,34.33177947998047
2024-07-08,90.61373138427734,18.2852725982666,24.19635581970215,27.279556274414062,44.99606704711914,27.485366821289062,20.082887649536133,27.93565559387207,31.729999542236328,43.876590728759766,30.051605224609375,26.444644927978516,18.65928077697754,18.25263214111328,22.179460525512695,25.20303726196289,543.836181640625,11.066692352294922,34.11638259887695
2024-07-09,90.5301742553711,18.294696807861328,24.18724250793457,27.396713256835938,45.20594024658203,27.4520320892334,20.030561447143555,27.94509506225586,31.75,43.89617156982422,30.032329559326172,26.35924530029297,18.57267189025879,18.204139709472656,22.093494415283203,25.3018741607666,544.364990234375,11.047545433044434,34.11638259887695
2024-07-10,90.62301635742188,18.294696807861328,24.205467224121094,27.558931350708008,45.36106491088867,27.699644088745117,20.154491424560547,28.133913040161133,31.889999389648438,44.29753875732422,30.10943603515625,26.530038833618164,18.68334197998047,18.495094299316406,22.341842651367188,25.904767990112305,549.7515869140625,11.095413208007812,34.36923599243164
2024-07-11,91.08719635009766,17.945959091186523,23.932064056396484,27.180423736572266,45.19681167602539,27.57107925415039,20.292190551757812,28.039505004882812,32.02000045776367,43.808067321777344,30.25400733947754,26.70083236694336,18.870990753173828,18.145946502685547,22.475570678710938,25.035017013549805,545.0112915039062,11.152850151062012,34.4254264831543
2024-07-12,91.33782196044922,17.804576873779297,23.704225540161133,27.126352310180664,45.30632019042969,27.77678871154785,20.314220428466797,28.0914306640625,31.860000610351562,44.38564682006836,30.33111000061035,26.814699172973633,18.938352584838867,18.1750431060791,22.56153678894043,25.193153381347656,548.448974609375,11.143279075622559,34.27558517456055
2024-07-15,91.0221939086914,17.814001083374023,23.99586296081543,27.144376754760742,45.38844680786133,27.853931427001953,20.301368713378906,28.313291549682617,31.8799991607666,44.463966369628906,30.292558670043945,26.767253875732422,18.83249855041504,18.068359375,22.580638885498047,25.212921142578125,549.9573364257812,11.119343757629395,34.40669631958008
2024-07-16,91.39350891113281,17.66319465637207,23.822702407836914,27.30659294128418,45.2424430847168,28.42535400390625,20.4482479095459,28.313291549682617,31.959999084472656,44.767433166503906,30.446767807006836,26.843162536621094,19.044208526611328,18.272029876708984,22.828989028930664,25.667564392089844,553.2186279296875,11.171998023986816,34.49098205566406
2024-07-17,91.45849609375,18.087339401245117,23.795360565185547,26.82895278930664,45.0599365234375,28.239639282226562,20.260059356689453,28.28496742248535,31.950000762939453,44.1213264465332,30.25400733947754,26.843162536621094,18.986469268798828,17.86469078063965,22.532880783081055,24.698976516723633,545.4619140625,11.245711326599121,34.294315338134766
2024-07-18,91.20785522460938,18.181594848632812,23.92568588256836,26.84697914123535,44.904808044433594,27.915834426879883,20.13521385192871,28.237764358520508,31.969999313354492,43.79827880859375,30.196176528930664,26.69134521484375,18.822874069213867,17.719213485717773,22.28453254699707,24.343168258666992,541.27001953125,11.246667861938477,34.163204193115234
2024-07-19,91.0221939086914,18.294696807861328,23.96851348876953,26.738832473754883,44.47593307495117,27.552030563354492,20.003023147583008,28.077268600463867,32.0,43.49480056762695,30.08051872253418,26.48259735107422,18.65928077697754,17.457351684570312,22.074390411376953,23.84899139404297,537.6757202148438,11.267730712890625,34.00400924682617
2024-07-22,90.98506927490234,18.049636840820312,23.713340759277344,26.892038345336914,44.466800689697266,27.675838470458984,20.104001998901367,27.897890090942383,32.130001068115234,43.74932861328125,30.25400733947754,26.558504104614258,18.649660110473633,17.564037322998047,22.28453254699707,24.234451293945312,543.2191162109375,11.16242504119873,33.98527526855469
2024-07-23,90.97577667236328,18.002511978149414,23.649545669555664,26.66673469543457,44.339054107666016,27.8225040435791,20.11318016052246,27.897890090942383,32.060001373291016,43.808067321777344,30.196176528930664,26.387710571289062,18.58229637145996,17.476749420166016,22.22722053527832,24.056547164916992,542.366943359375,11.181571960449219,33.82606887817383
2024-07-24,90.6972885131836,18.426652908325195,23.63132095336914,26.342302322387695,43.93754959106445,27.423460006713867,19.892864227294922,27.879009246826172,32.06999969482422,43.03469467163086,29.984140396118164,26.29282569885254,18.351343154907227,17.1334228515625,21.78687858581543,23.11760902404785,530.0756225585938,11.301237106323242,33.70432662963867
2024-07-25,90.94792175292969,18.294696807861328,23.521953582763672,26.180084228515625,44.12917709350586,27.46631622314453,19.819425582885742,27.841245651245117,32.13999938964844,42.68226623535156,29.97450065612793,26.29282569885254,18.418703079223633,17.04807472229004,21.75440216064453,22.860637664794922,527.3137817382812,11.344316482543945,33.57321548461914
2024-07-26,91.2728271484375,18.2852725982666,23.88649559020996,26.252178192138672,44.1748046875,27.632980346679688,19.9204044342041,28.058385848999023,32.13999938964844,43.21090316772461,30.128711700439453,26.406686782836914,18.59577178955078,17.253684997558594,22.036182403564453,23.2658634185791,533.2194213867188,11.33474349975586,33.7979736328125
2024-07-29,91.42137145996094,18.322975158691406,23.950288772583008,26.171072006225586,44.04704666137695,27.475841522216797,19.902042388916016,28.0489444732666,32.11000061035156,43.22069549560547,30.07088279724121,26.28333854675293,18.62078857421875,17.263381958007812,22.064838409423828,23.167028427124023,533.5328979492188,11.286877632141113,33.70432662963867
2024-07-30,91.51420593261719,18.5114803314209,24.059654235839844,26.062929153442383,44.092674255371094,27.60155487060547,19.984663009643555,27.992300033569336,32.13999938964844,42.78016662597656,30.06124496459961,26.368732452392578,18.658321380615234,17.253684997558594,22.00752830505371,23.07807731628418,530.8297119140625,11.377822875976562,33.666866302490234
2024-07-31,92.0062255859375,18.256996154785156,23.512842178344727,26.080951690673828,44.147430419921875,27.99869155883789,20.315139770507812,28.058385848999023,32.209999084472656,43.8178596496582,30.244367599487305,26.643905639648438,18.92873191833496,17.486448287963867,22.475570678710938,23.503068923950195,539.4581909179688,11.325169563293457,33.95717239379883
2024-08-01,92.39171600341797,18.756542205810547,23.594860076904297,25.612321853637695,44.074424743652344,27.405364990234375,19.810243606567383,28.1055908203125,32.11000061035156,43.29901123046875,30.013051986694336,26.311803817749023,18.840194702148438,17.360366821289062,22.203340530395508,22.979238510131836,531.8189697265625,11.533867835998535,33.61067581176758
2024-08-02,93.42533111572266,19.30321502685547,23.449045181274414,24.76519012451172,43.81892395019531,26.742517471313477,19.645004272460938,27.79404067993164,32.16999816894531,43.03469467163086,29.68535804748535,26.046125411987305,18.943166732788086,17.3089656829834,21.997976303100586,22.287391662597656,521.9173583984375,11.966578483581543,33.29227066040039
2024-08-05,93.35084533691406,19.42574691772461,23.695114135742188,24.17038917541504,43.81892395019531,25.452056884765625,19.36685562133789,27.46360969543457,32.06999969482422,41.8207893371582,29.396215438842773,25.600160598754883,18.85174560546875,16.991823196411133,21.443965911865234,21.20020294189453,506.7171630859375,12.50268268585205,32.777198791503906
2024-08-06,92.7921142578125,19.46344757080078,23.850040435791016,24.23347282409668,43.426536560058594,25.818721771240234,19.338397979736328,27.340877532958984,32.209999084472656,42.09489440917969,29.53114891052246,25.723512649536133,18.668903350830078,16.894838333129883,21.424863815307617,21.48682403564453,511.3888854980469,12.071885108947754,32.84275436401367
2024-08-07,92.51277160644531,19.717933654785156,23.745235443115234,24.296558380126953,43.55428695678711,25.571104049682617,19.386133193969727,27.208703994750977,32.18000030517578,41.93826675415039,29.521509170532227,25.714021682739258,18.56304931640625,16.856042861938477,21.377103805541992,21.210084915161133,507.97076416015625,12.04316520690918,32.48688507080078
2024-08-08,92.37309265136719,19.454021453857422,23.722455978393555,24.602970123291016,43.727664947509766,26.28537940979004,19.3787899017334,27.22758674621582,32.27000045776367,42.53542709350586,29.743186950683594,25.979703903198242,18.688152313232422,16.943330764770508,21.720970153808594,21.793214797973633,519.7136840820312,11.832551956176758,32.786563873291016
2024-08-09,92.69901275634766,19.435171127319336,23.713340759277344,24.620994567871094,43.55428695678711,26.321569442749023,19.449474334716797,27.331438064575195,32.279998779296875,42.8291130065918,29.810653686523438,26.084077835083008,18.791120529174805,17.020917892456055,21.87380027770996,22.06995391845703,522.00537109375,11.746393203735352,32.814659118652344
2024-08-12,92.8573226928711,19.378616333007812,23.66777229309082,24.756174087524414,43.6546745300293,26.637754440307617,19.4705867767334,27.397523880004883,32.36000061035156,42.84868621826172,29.801013946533203,26.197940826416016,18.880613327026367,17.088809967041016,21.90245819091797,22.010652542114258,522.2797241210938,11.773199081420898,32.777198791503906
2024-08-13,93.22978973388672,19.142982482910156,23.932064056396484,24.873334884643555,43.79154586791992,26.809181213378906,19.727624893188477,27.605222702026367,32.349998474121094,43.58290481567383,29.91667366027832,26.30231475830078,19.000905990600586,17.214889526367188,22.351394653320312,22.445528030395508,530.868896484375,11.65449047088623,33.020687103271484
2024-08-14,93.39739227294922,19.34091567993164,23.868268966674805,24.891357421875,43.87367630004883,26.904420852661133,19.729463577270508,27.595781326293945,32.470001220703125,43.74932861328125,29.92630958557129,26.27385139465332,19.00571632385254,17.23428726196289,22.466018676757812,22.485061645507812,532.5437622070312,11.587478637695312,32.964500427246094
2024-08-15,93.00629425048828,18.926198959350586,23.877382278442383,25.152706146240234,43.74592208862305,27.204416275024414,19.87542152404785,27.652429580688477,32.52000045776367,44.21922302246094,30.06124496459961,26.454132080078125,19.03458595275879,17.205190658569336,22.60547637939453,23.028657913208008,541.671630859375,11.430476188659668,33.151798248291016
2024-08-16,93.22978973388672,19.001602172851562,24.178131103515625,25.242828369140625,43.964927673339844,27.175844192504883,19.985580444335938,27.727954864501953,32.540000915527344,44.336700439453125,30.157625198364258,26.492084503173828,19.130813598632812,17.32157325744629,22.74302101135254,23.181852340698242,542.8860473632812,11.497488975524902,33.395286560058594
2024-08-19,93.33221435546875,18.850797653198242,24.077882766723633,25.323936462402344,43.718544006347656,27.632980346679688,20.10308265686035,27.79404067993164,32.58000183105469,44.83595657348633,30.25400733947754,26.653392791748047,19.246294021606445,17.370065689086914,22.943613052368164,23.44376564025879,548.0768432617188,11.459196090698242,33.357826232910156
2024-08-20,93.611572265625,18.869647979736328,24.150785446166992,25.188756942749023,43.77330017089844,27.361555099487305,20.058103561401367,27.93565559387207,32.59000015258789,44.787017822265625,30.16726303100586,26.473108291625977,19.31269645690918,17.370065689086914,22.92450714111328,23.305397033691406,547.1856079101562,11.530996322631836,33.32036590576172
2024-08-21,93.78849792480469,19.02045249938965,24.096107482910156,25.170730590820312,43.92842483520508,27.475841522216797,20.116853713989258,28.0489444732666,32.65999984741211,45.12964630126953,30.273283004760742,26.558504104614258,19.39545249938965,17.5213623046875,23.086891174316406,23.582138061523438,549.0660400390625,11.571202278137207,33.460838317871094
2024-08-22,93.40669250488281,18.96390151977539,24.117977142333984,25.197769165039062,43.946678161621094,27.37774658203125,20.004858016967773,28.030065536499023,32.560001373291016,44.512908935546875,30.2250919342041,26.454132080078125,19.188554763793945,17.35066795349121,22.819435119628906,23.23621368408203,544.7566528320312,11.583648681640625,33.395286560058594
2024-08-23,93.83504486083984,18.605735778808594,23.932064056396484,25.161720275878906,44.04704666137695,27.775836944580078,20.144393920898438,27.982858657836914,32.599998474121094,45.07090759277344,30.427492141723633,26.833675384521484,19.426250457763672,17.5737361907959,23.182409286499023,23.680971145629883,550.5448608398438,11.545355796813965,33.62940979003906
2024-08-26,93.75123596191406,18.699989318847656,23.932064056396484,25.188756942749023,44.03792190551758,27.561555862426758,20.17560577392578,27.812923431396484,32.599998474121094,44.992591857910156,30.379301071166992,26.985492706298828,19.41469955444336,17.534940719604492,23.13942527770996,23.5524845123291,549.2324829101562,11.545355796813965,33.61067581176758
2024-08-27,93.77919006347656,18.813095092773438,23.831811904907227,25.13468360900879,43.864540100097656,27.685361862182617,20.18294906616211,27.718515396118164,32.63999938964844,44.93385696411133,30.408214569091797,26.900094985961914,19.41469955444336,17.544639587402344,23.105993270874023,23.631553649902344,549.9866333007812,11.526209831237793,33.4983024597168
2024-08-28,93.69538116455078,19.039304733276367,23.831811904907227,25.125667572021484,43.76416778564453,27.421554565429688,20.045251846313477,27.727954864501953,32.68000030517578,44.326904296875,30.33111000061035,26.68185806274414,19.325204849243164,17.42825698852539,23.010475158691406,23.37458038330078,546.7937622070312,11.564501762390137,33.385921478271484
2024-08-29,93.57432556152344,18.935625076293945,23.850040435791016,25.2067813873291,43.700294494628906,27.745357513427734,20.15816307067871,27.53913688659668,32.75,44.61080551147461,30.41785430908203,26.843162536621094,19.313657760620117,17.41855812072754,23.010475158691406,23.354814529418945,546.8427734375,11.47834300994873,33.41401672363281
2024-08-30,93.35084533691406,19.02045249938965,23.740680694580078,25.278873443603516,43.453914642333984,27.742504119873047,20.25363540649414,27.491933822631836,32.72999954223633,45.0317497253418,30.475683212280273,26.862136840820312,19.217424392700195,17.35066795349121,23.0964412689209,23.641437530517578,552.0629272460938,11.392183303833008,33.507659912109375
2024-09-03,93.74504852294922,19.369192123413086,23.99586296081543,25.098636627197266,42.97028350830078,27.20822525024414,19.938762664794922,27.633544921875,32.66999816894531,44.199649810791016,30.186538696289062,26.34975814819336,19.130813598632812,17.23428726196289,22.76212501525879,22.791452407836914,540.7020263671875,11.660235404968262,33.179893493652344
2024-09-04,94.15601348876953,19.388044357299805,23.932064056396484,25.04456329345703,43.06153106689453,27.143465042114258,20.093904495239258,27.86012840270996,32.70000076293945,44.29753875732422,30.16726303100586,26.28333854675293,19.227046966552734,17.33127212524414,22.83854103088379,22.870519638061523,539.59521484375,11.736820220947266,33.25481033325195
2024-09-05,94.39888763427734,19.46344757080078,23.96851348876953,25.071598052978516,43.29878616333008,27.018701553344727,19.92499351501465,27.982858657836914,32.75,44.326904296875,30.196176528930664,26.28333854675293,19.256879806518555,17.40886116027832,22.867197036743164,22.85075569152832,538.2828979492188,11.784687995910645,33.236083984375
2024-09-06,94.52031707763672,19.501150131225586,24.004972457885742,24.864320755004883,43.32616424560547,26.52347183227539,19.712018966674805,28.096149444580078,32.70000076293945,43.524166107177734,29.984140396118164,25.989192962646484,19.121191024780273,17.15669822692871,22.437360763549805,22.18855857849121,529.2235107421875,11.957006454467773,33.058143615722656
2024-09-09,94.6604232788086,19.689655303955078,23.977632522583008,24.972463607788086,43.344417572021484,26.890134811401367,19.81758689880371,28.08670997619629,32.7599983215332,44.11153793334961,30.10943603515625,26.112546920776367,19.235706329345703,17.33127212524414,22.695262908935547,22.485061645507812,535.1488647460938,11.803833961486816,33.29227066040039
2024-09-10,94.94998168945312,19.62367820739746,24.06876564025879,25.062585830688477,43.66379165649414,26.847274780273438,19.94243621826172,28.464345932006836,32.7599983215332,44.57164001464844,30.14798927307129,25.941747665405273,19.294408798217773,17.49614715576172,22.800334930419922,22.682735443115234,537.4797973632812,11.856486320495605,33.488929748535156
2024-09-11,94.92196655273438,19.284364700317383,24.14167594909668,25.089624404907227,43.6546745300293,26.9329891204834,20.075544357299805,28.360496520996094,32.84000015258789,44.620601654052734,30.25400733947754,26.017658233642578,19.34830093383789,17.52524185180664,22.991371154785156,22.98912239074707,542.9937744140625,11.765541076660156,33.357826232910156
2024-09-12,94.83789825439453,19.218385696411133,23.977632522583008,25.152706146240234,43.435665130615234,27.352031707763672,20.06728172302246,28.209440231323242,32.81999969482422,44.84575271606445,30.340747833251953,26.311803817749023,19.419511795043945,17.52524185180664,23.1346492767334,23.21644401550293,547.5675659179688,11.683210372924805,33.32973098754883
2024-09-13,95.03406524658203,19.095857620239258,23.95940399169922,25.22480583190918,43.84629821777344,27.552030563354492,20.035154342651367,28.25664520263672,32.869998931884766,45.315650939941406,30.45640754699707,26.473108291625977,19.525365829467773,17.622228622436523,23.325687408447266,23.52283477783203,550.4273071289062,11.708100318908691,33.460838317871094
2024-09-16,95.25823974609375,19.039304733276367,23.777135848999023,25.3059139251709,43.95579528808594,27.675838470458984,20.03974151611328,28.42658233642578,32.91999816894531,45.44291305541992,30.504596710205078,26.662879943847656,19.701467514038086,17.80164909362793,23.382997512817383,23.690855026245117,551.240234375,11.698527336120605,33.4983024597168
2024-09-17,95.16483306884766,18.850797653198242,23.66777229309082,25.26085090637207,43.718544006347656,27.790122985839844,20.048921585083008,28.200000762939453,32.9900016784668,45.41354751586914,30.55278778076172,26.757766723632812,19.66008949279785,17.641624450683594,23.35434341430664,23.60190200805664,551.4655151367188,11.708100318908691,33.47020721435547
2024-09-18,94.86592864990234,18.775394439697266,23.58574867248535,25.143693923950195,43.39004135131836,27.552030563354492,20.176523208618164,27.95453643798828,32.959999084472656,45.159019470214844,30.533512115478516,26.70083236694336,19.512855529785156,17.39916229248047,23.211063385009766,23.23621368408203,549.8299560546875,11.65066146850586,33.4983024597168
2024-09-19,94.8752670288086,18.398378372192383,23.521953582763672,25.396034240722656,43.78242492675781,28.37106704711914,20.252716064453125,27.912052154541016,32.959999084472656,45.883445739746094,30.755186080932617,26.994979858398438,19.683185577392578,17.622228622436523,23.621793746948242,23.87864112854004,559.2124633789062,11.545355796813965,33.43274688720703
2024-09-20,94.79120635986328,18.436079025268555,23.58574867248535,25.486156463623047,43.59079360961914,28.180593490600586,20.361957550048828,27.69963264465332,32.900001525878906,45.638702392578125,30.678083419799805,26.93804931640625,19.61197280883789,17.59313201904297,23.507173538208008,23.750158309936523,558.245849609375,11.583648681640625,33.32973098754883
2024-09-23,94.75384521484375,18.502056121826172,23.772579193115234,25.486156463623047,43.46303939819336,28.469785690307617,20.411529541015625,27.633544921875,32.88999938964844,45.90301513671875,30.76482582092285,27.070890426635742,19.708202362060547,17.534940719604492,23.57403564453125,23.888526916503906,559.6408081054688,11.554927825927734,33.32973098754883
2024-09-24,94.88460540771484,18.502056121826172,23.768022537231445,25.630346298217773,43.49954605102539,28.620161056518555,20.503328323364258,27.642988204956055,32.939998626708984,46.010704040527344,30.832290649414062,27.35346031188965,19.855440139770508,17.69981575012207,23.755521774291992,24.244335174560547,561.2420654296875,11.526209831237793,33.33909225463867
2024-09-25,94.52031707763672,18.605735778808594,23.9155330657959,25.594297409057617,43.24403381347656,28.465927124023438,20.49414825439453,27.38808250427246,32.88999938964844,45.93217086791992,30.774463653564453,27.15366554260254,19.698579788208008,17.583433151245117,23.612241744995117,23.918176651000977,560.0042114257812,11.526209831237793,33.25481033325195
2024-09-26,94.53900146484375,18.473779678344727,24.155241012573242,25.711454391479492,43.673160552978516,28.706918716430664,20.691516876220703,27.765718460083008,32.959999084472656,46.059783935546875,30.967227935791016,27.22977638244629,19.86484718322754,17.69011688232422,23.87014389038086,24.28386688232422,562.2245483398438,11.535780906677246,33.367191314697266
2024-09-27,94.80989074707031,18.426652908325195,24.091625213623047,25.612354278564453,43.746517181396484,28.59124183654785,20.69426918029785,27.77515983581543,32.93000030517578,46.03033447265625,30.928674697875977,27.362977981567383,19.94701385498047,17.77352523803711,23.88924789428711,24.244335174560547,561.4090576171875,11.545355796813965,33.357826232910156
2024-09-30,94.59503936767578,18.473779678344727,23.970849990844727,25.57598304748535,43.553958892822266,28.53340721130371,20.530866622924805,27.595781326293945,32.880001068115234,46.12850570678711,30.919036865234375,27.34394645690918,19.922847747802734,17.63677406311035,23.8605899810791,24.214683532714844,563.6588745117188,11.535780906677246,33.26417541503906
2024-10-01,94.84519958496094,18.813095092773438,23.78645896911621,25.60325813293457,43.388916015625,28.571962356567383,20.574012756347656,27.529695510864258,32.880001068115234,46.01070785522461,30.841930389404297,27.553258895874023,20.038843154907227,17.60283088684082,23.765071868896484,23.99724578857422,558.6093139648438,11.65066146850586,33.170528411865234
2024-10-02,94.64845275878906,18.709415435791016,24.063047409057617,25.630537033081055,43.12300109863281,28.186376571655273,20.480377197265625,27.208703994750977,32.95000076293945,45.72602081298828,30.89975929260254,27.638891220092773,19.973114013671875,17.554338455200195,23.702030181884766,23.631553649902344,558.8450927734375,11.574075698852539,33.0394172668457
2024-10-03,94.26432037353516,18.803668975830078,24.044607162475586,25.34868049621582,42.921287536621094,28.282773971557617,20.439067840576172,26.67057228088379,32.790000915527344,45.6180419921875,30.832290649414062,27.65791893005371,19.80008316040039,17.040315628051758,23.411653518676758,23.176912307739258,557.8234252929688,11.554927825927734,32.814659118652344
2024-10-04,93.65530395507812,18.747116088867188,24.146024703979492,25.257762908935547,42.89377212524414,28.54593849182129,20.719972610473633,26.35902214050293,32.93000030517578,45.62785339355469,30.919036865234375,27.71500015258789,19.697614669799805,16.734811782836914,23.529142379760742,23.226327896118164,562.8925170898438,11.382611274719238,32.83339309692383
2024-10-07,93.33673095703125,18.5114803314209,23.970849990844727,25.066829681396484,42.75623321533203,28.24421501159668,20.452838897705078,26.094676971435547,32.79999923706055,45.195919036865234,30.89975929260254,27.762575149536133,19.614484786987305,16.44870376586914,23.28270149230957,22.613548278808594,557.8037719726562,11.44962215423584,32.66482162475586
2024-10-08,93.49604797363281,18.520906448364258,23.850997924804688,25.057737350463867,42.86626052856445,28.24421501159668,20.611648559570312,26.35902214050293,32.869998931884766,45.53950881958008,30.81301498413086,27.37248992919922,19.5168514251709,16.569936752319336,23.297029495239258,22.98912239074707,563.0792236328125,11.41132926940918,32.88957977294922
2024-10-09,93.25242614746094,18.634014129638672,23.9155330657959,25.057737350463867,42.875431060791016,27.906827926635742,20.64561653137207,26.226850509643555,32.869998931884766,45.873268127441406,30.89975929260254,27.382003784179688,19.468515396118164,16.545690536499023,23.344791412353516,23.11760902404785,566.9793090820312,11.33474349975586,33.001956939697266
2024-10-10,93.19622039794922,18.530332565307617,24.256654739379883,24.985000610351562,42.948787689208984,28.08997917175293,20.618995666503906,26.1324405670166,32.880001068115234,45.73583984375,30.90939712524414,27.52471923828125,19.458850860595703,16.545690536499023,23.306583404541016,23.058307647705078,565.987060546875,11.2964506149292,32.90830612182617
2024-10-11,93.22432708740234,18.379526138305664,24.477924346923828,25.112289428710938,43.1596794128418,28.388811111450195,20.56299591064453,26.27405548095703,32.88999938964844,46.01070785522461,31.053970336914062,27.64840316772461,19.48784828186035,16.671772003173828,23.492843627929688,23.404233932495117,569.3763427734375,11.267730712890625,33.10497283935547
2024-10-14,93.13999938964844,18.46435546875,24.542465209960938,25.121379852294922,43.407249450683594,28.437007904052734,20.764955520629883,26.44399070739746,32.880001068115234,46.32483673095703,31.092519760131836,27.600833892822266,19.478179931640625,16.61358070373535,23.554931640625,23.631553649902344,574.0328979492188,11.171998023986816,33.33909225463867
2024-10-15,93.51477813720703,18.46435546875,24.505584716796875,25.048643112182617,43.453094482421875,28.53340721130371,20.63276481628418,26.736658096313477,32.91999816894531,46.12850570678711,30.95758628845215,27.324918746948242,19.44918441772461,16.642675399780273,23.449859619140625,23.33405876159668,569.5729370117188,11.33474349975586,33.3016357421875
2024-10-16,93.63656616210938,18.332399368286133,24.524024963378906,25.13047218322754,43.553958892822266,28.600881576538086,20.742923736572266,26.81218719482422,32.93000030517578,46.28557586669922,31.082881927490234,27.39151954650879,19.531349182128906,16.7105655670166,23.526273727416992,23.55742645263672,572.0484619140625,11.289749145507812,33.526390075683594
2024-10-17,93.17748260498047,18.473779678344727,24.542465209960938,25.02136993408203,43.673160552978516,28.69727897644043,20.636436462402344,26.698896408081055,32.93000030517578,46.12850570678711,31.06360626220703,27.420059204101562,19.458850860595703,16.68147087097168,23.411653518676758,23.611785888671875,572.0975341796875,11.200716972351074,33.57321548461914
2024-10-18,93.2430648803711,18.370100021362305,24.72685432434082,25.139564514160156,43.7831916809082,28.745479583740234,20.728235244750977,27.001005172729492,32.91999816894531,46.383731842041016,31.082881927490234,27.48666000366211,19.496551513671875,16.826948165893555,23.516725540161133,23.947826385498047,574.2981567382812,11.210291862487793,33.69496154785156
2024-10-21,92.59657287597656,18.549182891845703,24.662317276000977,24.93954086303711,43.35223388671875,28.793678283691406,20.623584747314453,26.642250061035156,32.849998474121094,46.118682861328125,31.005775451660156,27.34394645690918,19.226850509643555,16.68147087097168,23.249271392822266,23.67108917236328,573.3550415039062,11.104987144470215,33.507659912109375
2024-10-22,92.61529541015625,18.57745933532715,24.477924346923828,24.930448532104492,43.269710540771484,28.56232452392578,20.773218154907227,26.50063705444336,32.88999938964844,46.17758560180664,30.95758628845215,27.429574966430664,19.294517517089844,16.67856216430664,23.249271392822266,23.710620880126953,573.0504760742188,11.085838317871094,33.423377990722656
2024-10-23,92.38109588623047,18.775394439697266,24.348852157592773,24.694053649902344,42.85709762573242,28.389774322509766,20.581356048583984,26.387346267700195,32.86000061035156,45.667118072509766,30.8515682220459,27.248804092407227,19.138885498046875,16.351720809936523,22.93406105041504,23.028657913208008,567.8142700195312,11.152850151062012,33.57321548461914
2024-10-24,92.55909729003906,18.586883544921875,24.17367935180664,24.784975051879883,42.75623321533203,28.157459259033203,20.51709747314453,26.34014129638672,32.86000061035156,45.88309097290039,30.8515682220459,27.296377182006836,19.23651885986328,16.481679916381836,23.00092124938965,23.325164794921875,569.0422973632812,11.181571960449219,33.37656021118164
2024-10-25,92.3717041015625,18.57745933532715,24.321189880371094,24.739513397216797,42.930450439453125,28.456289291381836,20.576766967773438,26.349580764770508,32.779998779296875,45.74565505981445,30.8708438873291,27.182205200195312,19.1591854095459,16.371116638183594,22.943613052368164,23.226327896118164,568.8458251953125,11.181571960449219,33.21735382080078
2024-10-28,92.2218017578125,18.2852725982666,24.911243438720703,24.830432891845703,43.498939514160156,28.600881576538086,20.732824325561523,26.793304443359375,32.83000183105469,45.74565505981445,30.95758628845215,27.22977638244629,19.168851852416992,16.5165958404541,23.00092124938965,23.49318504333496,570.6043701171875,11.124131202697754,33.7972526550293
2024-10-29,92.32486724853516,18.46435546875,25.123294830322266,24.90317153930664,43.4806022644043,28.610523223876953,20.631847381591797,26.67057228088379,32.849998474121094,45.93217086791992,30.938308715820312,27.058521270751953,19.139854431152344,16.60194206237793,23.03913116455078,23.62166976928711,571.5277709960938,11.076264381408691,33.91227722167969
2024-10-30,92.23118591308594,18.45492935180664,25.058759689331055,24.721332550048828,43.37057113647461,28.434114456176758,20.507917404174805,26.576162338256836,32.88999938964844,45.81437301635742,30.90939712524414,26.953861236572266,19.20655059814453,16.42057991027832,22.972267150878906,23.325164794921875,569.798828125,11.100197792053223,33.70140075683594
2024-10-31,92.21243286132812,18.699989318847656,24.662317276000977,24.484935760498047,42.97629928588867,28.24421501159668,20.452838897705078,26.5903263092041,32.83000183105469,45.097755432128906,30.735910415649414,27.001434326171875,19.091520309448242,16.089860916137695,22.54243278503418,22.336809158325195,558.6289672851562,11.210291862487793,33.62472152709961
2024-11-01,91.84589385986328,18.634014129638672,24.819047927856445,24.521303176879883,43.09549331665039,28.056243896484375,20.42070960998535,26.623369216918945,32.83000183105469,45.068302154541016,30.803377151489258,26.81114959716797,18.94651985168457,16.1441707611084,22.590190887451172,22.623432159423828,560.9867553710938,11.152850151062012,33.337162017822266
2024-11-04,92.23123931884766,18.5114803314209,24.634660720825195,24.430381774902344,42.95795440673828,27.810428619384766,20.3757266998291,26.42510986328125,32.84000015258789,45.00940704345703,30.793739318847656,27.010948181152344,19.079919815063477,16.06076431274414,22.63795280456543,22.405994415283203,559.7782592773438,11.17678451538086,33.16463088989258
2024-11-05,92.44740295410156,18.34182357788086,24.689979553222656,24.50312042236328,43.17802047729492,28.098655700683594,20.636436462402344,26.481754302978516,32.90999984741211,45.53950881958008,30.89975929260254,27.15366554260254,19.205585479736328,16.196544647216797,22.914955139160156,22.791452407836914,566.5470581054688,11.133705139160156,33.40426254272461
2024-11-06,91.72368621826172,18.200443267822266,24.514801025390625,24.584949493408203,43.28805160522461,28.821630477905273,20.700695037841797,26.35902214050293,32.93000030517578,46.47208786010742,31.11179542541504,27.277345657348633,18.902055740356445,16.17229652404785,23.0582332611084,23.51295280456543,580.6346435546875,10.81778621673584,33.7972526550293
2024-11-07,92.4192123413086,18.27584457397461,24.56089973449707,24.82134246826172,43.51728057861328,28.93634033203125,20.791576385498047,26.415666580200195,32.900001525878906,46.96292495727539,31.217815399169922,27.48666000366211,19.188188552856445,16.41864013671875,23.449859619140625,23.87864112854004,585.1240844726562,10.903946876525879,33.94103240966797
2024-11-08,92.5790023803711,18.153316497802734,24.330413818359375,24.748607635498047,43.37974166870117,28.875612258911133,20.71905517578125,26.486474990844727,32.79999923706055,47.2181510925293,31.179264068603516,27.286863327026367,19.193017959594727,16.371116638183594,23.411653518676758,23.868757247924805,587.6587524414062,10.913520812988281,33.72057342529297
2024-11-11,92.37222290039062,18.040210723876953,24.247434616088867,24.67586898803711,43.4622688293457,28.935379028320312,20.833805084228516,26.453432083129883,32.83000183105469,47.2181510925293,31.227455139160156,27.15366554260254,19.06735610961914,16.22563934326172,23.411653518676758,23.829225540161133,588.21875,10.822574615478516,33.95061492919922
2024-11-12,91.83649444580078,18.2852725982666,24.58856201171875,24.639503479003906,43.7831916809082,28.644264221191406,20.957733154296875,26.491195678710938,32.869998931884766,46.9334716796875,31.10215950012207,26.820663452148438,18.762855529785156,16.177146911621094,23.07733726501465,23.809457778930664,586.3914794921875,10.77470874786377,34.218997955322266
2024-11-13,91.81769561767578,18.209869384765625,24.634660720825195,24.64859390258789,43.59980392456055,28.520872116088867,20.748430252075195,26.528961181640625,32.790000915527344,47.021820068359375,31.0732479095459,26.735034942626953,18.617860794067383,16.245037078857422,23.029579162597656,23.89841079711914,586.6763305664062,10.779494285583496,33.92185974121094
2024-11-14,91.78007507324219,18.172168731689453,24.911243438720703,24.521303176879883,44.16830062866211,28.341575622558594,20.598796844482422,26.878271102905273,32.75,46.66842269897461,31.03469467163086,26.71600914001465,18.658456802368164,16.22563934326172,22.88629913330078,23.809457778930664,582.9038696289062,10.808215141296387,34.15190505981445
2024-11-15,91.78948211669922,18.379526138305664,24.837491989135742,24.50312042236328,44.16830062866211,28.26349639892578,20.77229881286621,26.764982223510742,32.66999816894531,46.06960678100586,30.99614143371582,26.782604217529297,18.583059310913086,16.133502960205078,22.733469009399414,23.246097564697266,575.437744140625,10.869483947753906,33.845184326171875
2024-11-18,91.87409210205078,18.22871971130371,24.782169342041016,24.512210845947266,43.76484680175781,28.577747344970703,20.714466094970703,26.406227111816406,32.650001525878906,46.31501770019531,31.0732479095459,27.087060928344727,18.724191665649414,16.04136848449707,22.828989028930664,23.21644401550293,577.7954711914062,10.827361106872559,33.85476303100586
2024-11-19,92.00565338134766,18.12504005432129,24.985000610351562,24.50312042236328,43.929893493652344,28.34061050415039,20.79708480834961,26.406227111816406,32.599998474121094,46.609527587890625,31.092519760131836,27.15366554260254,18.77445411682129,16.021970748901367,22.972267150878906,23.2658634185791,579.9075927734375,10.84650707244873,33.94103240966797
2024-11-20,91.91167449951172,18.209869384765625,25.316905975341797,24.603134155273438,43.893218994140625,28.60666847229004,20.85308074951172,26.349580764770508,32.66999816894531,46.452449798583984,31.121435165405273,27.191720962524414,18.768657684326172,16.167448043823242,22.90540313720703,23.423999786376953,580.1041259765625,10.880012512207031,33.902687072753906
2024-11-21,91.86466979980469,18.096763610839844,25.60271453857422,24.666776657104492,43.975746154785156,28.95562171936035,20.911834716796875,26.151323318481445,32.779998779296875,46.78622055053711,31.227455139160156,27.33443260192871,18.82085418701172,16.195573806762695,23.02002716064453,23.661205291748047,583.2183227539062,10.875226974487305,35.45549011230469
2024-11-22,91.93048095703125,17.917680740356445,25.83319664001465,24.7758846282959,44.315006256103516,29.16962432861328,20.9210147857666,26.28349494934082,32.79999923706055,46.894203186035156,31.36238670349121,27.35346031188965,18.874021530151367,16.303226470947266,23.12032127380371,23.908294677734375,585.02587890625,10.81778621673584,34.26692581176758
2024-11-25,92.75755310058594,17.56894302368164,25.51051902770996,24.666776657104492,44.269161224365234,29.18215560913086,21.06789207458496,26.11355972290039,32.869998931884766,47.22797393798828,31.38166618347168,27.31540298461914,19.072185516357422,16.283830642700195,23.35434341430664,23.680971145629883,587.0103759765625,10.903946876525879,34.24775695800781
2024-11-26,92.61658477783203,17.738597869873047,25.83319664001465,24.748607635498047,44.406700134277344,29.07033348083496,20.953144073486328,26.217411041259766,32.779998779296875,47.512657165527344,31.372026443481445,27.182205200195312,18.97551727294922,16.33232307434082,23.344791412353516,23.888526916503906,590.0753784179688,10.81778621673584,34.18065643310547
2024-11-27,92.8703384399414,17.861129760742188,25.704124450683594,24.594038009643555,44.78264236450195,29.227458953857422,20.865934371948242,26.179645538330078,32.84000015258789,47.326133728027344,31.39130210876465,27.220260620117188,19.057689666748047,16.22563934326172,23.430757522583008,23.532716751098633,588.2874755859375,10.877141952514648,34.34360885620117
2024-11-29,93.23690032958984,17.77630043029785,25.630369186401367,24.739513397216797,44.64509963989258,29.34795570373535,20.957733154296875,25.97194480895996,32.83000183105469,47.728614807128906,31.43949317932129,27.382003784179688,19.22974967956543,16.30419921875,23.65522575378418,23.77980613708496,591.9419555664062,10.903946876525879,34.544898986816406
2024-12-02,93.24822998046875,17.550092697143555,25.39066505432129,24.839529037475586,44.855987548828125,29.22456932067871,20.911834716796875,26.151323318481445,32.81999969482422,47.91514205932617,31.458768844604492,27.191720962524414,19.217182159423828,16.452585220336914,23.688657760620117,24.056547164916992,593.0030517578125,10.88479995727539,34.535308837890625
2024-12-03,93.06907653808594,17.578367233276367,25.114072799682617,24.82134246826172,44.9843635559082,29.073225021362305,20.979764938354492,26.255170822143555,32.849998474121094,47.885684967041016,31.468406677246094,27.258317947387695,19.20751953125,16.453554153442383,23.707759857177734,24.046663284301758,593.2778930664062,10.856081008911133,34.59281921386719
2024-12-04,93.37078857421875,17.51239013671875,25.09563636779785,24.90317153930664,45.131072998046875,29.305540084838867,21.040353775024414,26.339197158813477,32.81999969482422,48.19000244140625,31.516599655151367,27.13463592529297,19.290651321411133,16.603883743286133,23.8605899810791,24.44200325012207,596.9619140625,10.865653991699219,34.81327819824219
2024-12-05,93.38966369628906,17.597217559814453,25.141735076904297,24.739513397216797,45.00270462036133,29.23806381225586,21.06789207458496,26.137161254882812,32.88999938964844,48.1998176574707,31.49732208251953,27.163177490234375,19.265520095825195,16.535991668701172,23.880651473999023,24.224567413330078,595.9796142578125,10.887672424316406,34.8612060546875
2024-12-06,93.65365600585938,17.436986923217773,25.049541473388672,24.866806030273438,45.19525909423828,29.11081886291504,21.1734619140625,26.415666580200195,32.83000183105469,48.37651824951172,31.53587532043457,26.98240852355957,19.265520095825195,16.632976531982422,23.917903900146484,24.451889038085938,597.1094360351562,10.894373893737793,34.8036994934082
2024-12-09,93.38023376464844,17.408708572387695,25.316905975341797,24.87589454650879,45.17691421508789,29.04141616821289,21.23955535888672,26.26461410522461,32.88999938964844,48.013301849365234,31.526235580444336,27.029977798461914,19.258752822875977,16.565088272094727,23.793729782104492,24.318458557128906,594.034423828125,10.924050331115723,34.8036994934082
2024-12-10,93.26708984375,17.644344329833984,25.621150970458984,24.85771369934082,45.26860809326172,28.774396896362305,21.14592170715332,26.34014129638672,32.849998474121094,47.83660888671875,31.429855346679688,26.91580581665039,19.189151763916016,16.545690536499023,23.5931396484375,24.28386688232422,592.1875610351562,10.913520812988281,34.55447769165039
2024-12-11,93.05020904541016,17.427560806274414,25.667247772216797,25.003185272216797,44.855987548828125,29.132028579711914,21.178050994873047,26.373184204101562,32.90999984741211,47.90532302856445,31.516599655151367,26.97289276123047,19.14468765258789,16.652374267578125,23.707759857177734,24.629793167114258,596.7655029296875,10.865653991699219,34.755767822265625
2024-12-12,92.673095703125,17.55951499938965,25.777881622314453,24.89407730102539,44.83766174316406,28.906457901000977,21.086252212524414,26.387346267700195,32.880001068115234,47.728614807128906,31.39130210876465,26.725522994995117,18.907852172851562,16.58448600769043,23.507173538208008,24.412355422973633,593.6905517578125,10.875226974487305,34.46821212768555
2024-12-13,92.32423400878906,17.653770446777344,26.07291030883789,24.684961318969727,44.93851852416992,28.827417373657227,21.082578659057617,26.51007652282715,32.869998931884766,47.58137512207031,31.35274887084961,26.6303768157959,18.791854858398438,16.458402633666992,23.363893508911133,24.432119369506836,593.5728149414062,10.808215141296387,34.55447769165039
2024-12-16,92.4090805053711,17.408708572387695,26.17432403564453,24.67586898803711,45.45199203491211,28.86307716369629,21.15326499938965,26.58560562133789,32.880001068115234,47.90532302856445,31.36238670349121,26.449607849121094,18.73095703125,16.477800369262695,23.402101516723633,24.629793167114258,596.1072998046875,10.779494285583496,34.69825744628906
2024-12-17,92.4090805053711,17.6254940032959,26.303401947021484,24.684961318969727,45.347389221191406,28.714630126953125,20.97701072692871,26.737903594970703,32.88999938964844,47.73843765258789,31.275646209716797,26.221267700195312,18.685523986816406,16.4971981048584,23.306583404541016,24.432119369506836,593.6513061523438,10.823531150817871,34.525726318359375
2024-12-18,91.70531463623047,17.927108764648438,26.709056854248047,24.466751098632812,45.347389221191406,27.848024368286133,20.677745819091797,27.080575942993164,32.79999923706055,46.25611877441406,31.005775451660156,25.745553970336914,18.318193435668945,16.283830642700195,22.486774444580078,23.515064239501953,575.95849609375,11.037971496582031,34.22858428955078
2024-12-19,91.4688491821289,18.134464263916016,26.331058502197266,24.403108596801758,45.04582595825195,27.592575073242188,20.62266731262207,27.213836669921875,32.779998779296875,46.118682861328125,30.8708438873291,25.65992546081543,18.1712589263916,16.23533821105957,22.428768157958984,23.515064239501953,575.7815551757812,10.951812744140625,33.988956451416016
2024-12-20,91.71479034423828,17.974233627319336,26.460128784179688,24.42129135131836,44.89504623413086,27.881765365600586,20.69426918029785,26.842609405517578,32.869998931884766,46.5800666809082,30.967227935791016,25.840694427490234,18.269859313964844,16.22563934326172,22.680124282836914,23.801952362060547,582.697265625,10.879348754882812,34.04646682739258
2024-12-23,91.43102264404297,17.889406204223633,26.316295623779297,24.484935760498047,44.95158767700195,27.81798553466797,20.760366439819336,27.061538696289062,32.91999816894531,46.68805694580078,31.005775451660156,25.973894119262695,18.221527099609375,16.439008712768555,22.680124282836914,24.088842391967773,586.1866455078125,10.763404846191406,33.95061492919922
2024-12-24,91.53504943847656,17.795150756835938,26.268978118896484,24.57585906982422,44.91389465332031,28.01801300048828,20.921222686767578,27.01394271850586,32.9900016784668,47.27705001831055,31.11179542541504,26.050010681152344,18.318193435668945,16.458402633666992,22.825138092041016,24.56369400024414,592.7020263671875,10.676447868347168,34.065643310546875
2024-12-26,91.60127258300781,17.766876220703125,26.212203979492188,24.512210845947266,44.98929214477539,28.123340606689453,20.930742263793945,27.042499542236328,33.040000915527344,47.251434326171875,31.11179542541504,26.010364532470703,18.3375244140625,16.41961097717285,22.950817108154297,24.534015655517578,592.7415771484375,10.657123565673828,34.107364654541016
2024-12-27,91.412109375,18.0213623046875,26.004016876220703,24.48499870300293,45.017555236816406,27.9320125579834,20.880294799804688,27.052019119262695,33.040000915527344,46.59133529663086,30.99614143371582,26.03937339782715,18.201311111450195,16.361419677734375,22.67045783996582,24.158092498779297,586.5020141601562,10.72475814819336,34.0200309753418
2024-12-30,91.77154541015625,18.07501220703125,26.278446197509766,24.40991973876953,44.65945053100586,27.724252700805664,20.726099014282227,26.661754608154297,32.97999954223633,46.413997650146484,30.916336059570312,25.962018966674805,18.204227447509766,16.206241607666016,22.631786346435547,23.544740676879883,579.80908203125,10.806883811950684,33.70952224731445
2024-12-31,91.65803527832031,18.02623748779297,26.391992568969727,24.55069351196289,44.83850860595703,27.760976791381836,20.702302932739258,26.74742317199707,32.959999084472656,46.00019454956055,30.945894241333008,26.12639617919922,18.17990493774414,16.245037078857422,22.467437744140625,23.64366912841797,577.69970703125,10.82137680053711,33.89388656616211
2025-01-02,91.66749572753906,17.957956314086914,26.477161407470703,24.72900390625,44.9798583984375,27.8634033203125,20.711822509765625,26.92827796936035,33.08000183105469,46.0888671875,31.01485824584961,26.31011199951172,18.243148803710938,16.44870376586914,22.486774444580078,23.663454055786133,576.2803344726562,10.850361824035645,33.942405700683594
2025-01-03,91.57291412353516,17.850658416748047,26.429847717285156,24.71961784362793,45.60183334350586,28.19581413269043,20.807004928588867,27.099611282348633,33.20000076293945,46.61104202270508,31.18234634399414,26.319780349731445,18.194499969482422,16.390514373779297,22.622119903564453,24.02948760986328,583.4857788085938,10.705432891845703,34.301429748535156
2025-01-06,91.47831726074219,17.440969467163086,26.46769905090332,24.635154724121094,45.07410430908203,28.123340606689453,20.844125747680664,26.81405258178711,33.09000015258789,46.82778549194336,31.202051162719727,26.377798080444336,18.184770584106445,16.33232307434082,22.738130569458008,24.118520736694336,586.8469848632812,10.686110496520996,33.99092102050781
2025-01-07,91.1567153930664,17.704341888427734,26.448774337768555,24.710229873657227,45.32854080200195,27.974529266357422,20.745136260986328,26.94731330871582,33.18000030517578,46.21694564819336,31.133087158203125,26.44548225402832,18.077743530273438,16.44870376586914,22.448102951049805,24.039379119873047,580.2131958007812,10.753744125366211,33.942405700683594
2025-01-08,91.26075744628906,17.72385025024414,26.316295623779297,24.860389709472656,45.13064193725586,27.822816848754883,20.772737503051758,27.17576026916504,33.310001373291016,46.266204833984375,31.044416427612305,26.35845947265625,18.116662979125977,16.574787139892578,22.467437744140625,24.26691246032715,581.06103515625,10.744081497192383,33.942405700683594
2025-01-10,90.74998474121094,17.899431228637695,26.82729148864746,25.123165130615234,45.347389221191406,27.54935646057129,20.56238555908203,27.080575942993164,33.29999923706055,45.379512786865234,30.9360408782959,26.387468338012695,17.941526412963867,16.729963302612305,21.9163875579834,24.21744728088379,572.1896362304688,10.763404846191406,34.02973175048828
2025-01-13,90.66484069824219,17.938447952270508,27.158491134643555,25.198244094848633,45.12122344970703,27.771604537963867,20.35012435913086,26.88068389892578,33.29999923706055,45.49773406982422,30.926189422607422,26.580852508544922,17.951257705688477,16.62327766418457,21.984060287475586,24.10862922668457,573.0768432617188,10.741183280944824,34.09765625
2025-01-14,90.69322204589844,17.957956314086914,27.205806732177734,25.00115966796875,44.99871063232422,27.88949203491211,20.49765968322754,26.83308982849121,33.34000015258789,45.300689697265625,30.995153427124023,26.725889205932617,17.980445861816406,16.574787139892578,22.013063430786133,23.980022430419922,573.8653564453125,10.744081497192383,34.00062561035156
2025-01-15,91.47831726074219,17.63606071472168,27.489696502685547,25.029314041137695,45.2625732421875,28.250890731811523,20.82128143310547,26.40475082397461,33.40999984741211,46.453407287597656,31.1429386138916,26.95795440673828,18.282068252563477,16.4971981048584,22.631786346435547,24.21744728088379,584.303955078125,10.688042640686035,34.50519943237305
2025-01-16,91.67695617675781,17.558025360107422,27.347747802734375,25.00115966796875,45.09294509887695,28.437389373779297,20.707061767578125,26.366676330566406,33.380001068115234,46.49281311035156,31.162641525268555,27.04497718811035,18.340444564819336,16.468101501464844,22.631786346435547,24.207555770874023,583.1802368164062,10.734418869018555,34.25291061401367
2025-01-17,91.67695617675781,17.489744186401367,27.149030685424805,25.08562469482422,45.32854080200195,28.565906524658203,20.886959075927734,26.547529220581055,33.43000030517578,46.90660858154297,31.330129623413086,27.170679092407227,18.413414001464844,16.70086669921875,22.79613494873047,24.6032657623291,589.035400390625,10.695772171020508,34.563419342041016
2025-01-21,91.9796371459961,17.353181838989258,27.139564514160156,24.822851181030273,44.96101379394531,28.92633819580078,21.20677375793457,26.166784286499023,33.47999954223633,47.389366149902344,31.40894889831543,27.325387954711914,18.57590103149414,16.429309844970703,23.17317008972168,24.435089111328125,594.4270629882812,10.628138542175293,34.427574157714844
2025-01-22,91.7620849609375,17.275144577026367,27.385601043701172,24.879161834716797,45.2154541015625,28.851932525634766,21.14490509033203,26.233413696289062,33.459999084472656,47.65538024902344,31.389245986938477,27.1126651763916,18.53017234802246,16.61358070373535,23.192506790161133,24.88026237487793,597.7686767578125,10.628138542175293,34.340240478515625
2025-01-23,91.6107406616211,17.236127853393555,27.39506721496582,24.944852828979492,45.12122344970703,28.88768768310547,21.082082748413086,26.26197052001953,33.470001220703125,47.7144889831543,31.517322540283203,27.219022750854492,18.5350399017334,16.579635620117188,23.289182662963867,25.088010787963867,601.03125,10.531518936157227,34.388755798339844
2025-01-24,91.7620849609375,17.343427658081055,27.328824996948242,24.757158279418945,45.224884033203125,28.912811279296875,21.143953323364258,26.12870979309082,33.54999923706055,47.66523361206055,31.468063354492188,27.22869300842285,18.603147506713867,16.477800369262695,23.318185806274414,24.6032657623291,599.2766723632812,10.618475914001465,34.45668411254883
2025-01-27,92.27286529541016,18.19206428527832,26.865140914916992,24.58823013305664,45.14949035644531,28.65577507019043,20.918367385864258,26.071596145629883,33.54999923706055,47.16276550292969,31.330129623413086,26.996631622314453,18.661523818969727,16.32553482055664,23.105497360229492,23.960235595703125,590.7997436523438,10.744081497192383,34.155879974365234
2025-01-28,92.24451446533203,17.977466583251953,26.95030975341797,24.76654052734375,45.47931671142578,28.80458641052246,21.02116584777832,26.204858779907227,33.400001525878906,47.69478988647461,31.379392623901367,26.890268325805664,18.642066955566406,16.50010871887207,23.29884910583496,24.56369400024414,595.8760986328125,10.649394989013672,34.408164978027344
2025-01-29,92.18773651123047,17.889677047729492,27.19634437561035,24.747772216796875,45.43220520019531,28.626785278320312,21.073516845703125,26.176301956176758,33.45000076293945,47.369667053222656,31.438505172729492,26.90960693359375,18.621631622314453,16.642675399780273,23.231176376342773,24.543909072875977,593.2048950195312,10.647461891174316,34.18498611450195
2025-01-30,92.32017517089844,17.645814895629883,27.026010513305664,24.81346893310547,45.460479736328125,28.953393936157227,21.23628044128418,26.06207847595215,33.380001068115234,47.66523361206055,31.53702735900879,27.132001876831055,18.74909210205078,16.729963302612305,23.434194564819336,24.791227340698242,596.3886108398438,10.659055709838867,34.28202438354492
2025-01-31,92.1309814453125,17.684831619262695,26.969236373901367,24.84161949157715,45.57355880737305,28.75433921813965,21.119203567504883,26.166784286499023,33.400001525878906,47.46818542480469,31.4483585357666,26.870929718017578,18.63233184814453,16.58448600769043,23.2408447265625,24.712085723876953,593.2146606445312,10.666786193847656,34.311134338378906
2025-02-03,92.21829986572266,18.045747756958008,27.205806732177734,24.888545989990234,45.38508987426758,28.57847023010254,20.987852096557617,26.24293327331543,33.279998779296875,47.22187805175781,31.40894889831543,26.851593017578125,18.651792526245117,16.68147087097168,23.11516571044922,24.355947494506836,589.2225952148438,10.753744125366211,34.18498611450195
2025-02-04,92.38914489746094,17.928693771362305,27.23419189453125,24.77592658996582,45.0269775390625,28.738874435424805,21.106830596923828,25.78603744506836,33.47999954223633,47.62582015991211,31.458209991455078,27.132001876831055,18.81719970703125,16.468101501464844,23.269845962524414,24.326269149780273,593.1752319335938,10.72475814819336,34.1170654296875
2025-02-05,92.88263702392578,17.879920959472656,27.4613037109375,24.710229873657227,45.0269775390625,28.856765747070312,21.19915771484375,25.662294387817383,33.45000076293945,47.881980895996094,31.5468807220459,27.170679092407227,18.992334365844727,16.477800369262695,23.521203994750977,24.326269149780273,595.5802612304688,10.734418869018555,34.126766204833984
2025-02-06,92.78771209716797,17.675079345703125,27.489696502685547,24.747772216796875,44.86677551269531,28.75723648071289,21.232471466064453,25.586145401000977,33.439998626708984,48.010066986083984,31.556732177734375,27.170679092407227,18.992334365844727,16.642675399780273,23.55987548828125,24.6032657623291,597.6503295898438,10.676447868347168,33.942405700683594
2025-02-07,92.49352264404297,17.86041259765625,27.489696502685547,24.84161949157715,44.96101379394531,28.689594268798828,21.263883590698242,25.65277671813965,33.349998474121094,47.56671142578125,31.517322540283203,27.05464744567871,18.899898529052734,16.5165958404541,23.22150993347168,24.41530418395996,592.1797485351562,10.695772171020508,33.87447738647461
2025-02-10,92.52198791503906,17.509252548217773,27.811431884765625,25.06685447692871,45.50759506225586,28.78139305114746,21.326704025268555,25.795557022094727,33.41999816894531,47.70463562011719,31.596141815185547,27.33505630493164,18.9641170501709,16.836647033691406,23.434194564819336,24.909940719604492,596.2012939453125,10.671616554260254,34.155879974365234
2025-02-11,92.3132095336914,17.850658416748047,27.470767974853516,25.07624053955078,45.47931671142578,28.85869598388672,21.29814910888672,25.85266876220703,33.369998931884766,47.78345489501953,31.5468807220459,27.37373161315918,18.935901641845703,16.729963302612305,23.442895889282227,24.8505859375,596.65478515625,10.644564628601074,34.146175384521484
2025-02-12,91.82918548583984,17.72385025024414,27.839818954467773,25.132551193237305,45.451053619384766,28.794919967651367,21.324798583984375,26.052560806274414,33.41999816894531,47.29084777832031,31.527175903320312,27.24803352355957,18.735471725463867,16.729963302612305,23.231176376342773,25.018762588500977,594.732666015625,10.592389106750488,34.136474609375
2025-02-13,92.379638671875,17.577533721923828,27.953372955322266,25.057472229003906,45.14949035644531,29.059690475463867,21.414270401000977,25.71940803527832,33.41999816894531,48.14799118041992,31.67496109008789,27.44141960144043,19.006927490234375,16.856042861938477,23.66138458251953,25.17308807373047,601.0115356445312,10.604948997497559,34.27231979370117
2025-02-14,92.72129821777344,17.41170883178711,27.82089614868164,24.8040828704834,44.59348678588867,29.182411193847656,21.41141700744629,25.529033660888672,33.4900016784668,48.27607727050781,31.67496109008789,27.431751251220703,19.055572509765625,16.70086669921875,23.753225326538086,24.830799102783203,600.9820556640625,10.637799263000488,34.058841705322266
2025-02-18,92.3511734008789,17.372690200805664,28.312963485717773,25.179473876953125,44.76311111450195,29.069353103637695,21.460912704467773,25.85266876220703,33.59000015258789,48.069175720214844,31.79318618774414,27.58646011352539,19.003036499023438,16.865741729736328,23.70488739013672,25.31554412841797,602.7463989257812,10.57016658782959,34.17528533935547
2025-02-19,92.48402404785156,17.421463012695312,28.587387084960938,25.057472229003906,44.650028228759766,29.095441818237305,21.48185157775879,26.147747039794922,33.630001068115234,48.32533264160156,31.684812545776367,27.567119598388672,19.031251907348633,16.78815269470215,23.675884246826172,25.23640251159668,604.1658325195312,10.608814239501953,34.087955474853516
2025-02-20,92.62639617919922,17.8116397857666,28.19940757751465,24.916698455810547,44.33904266357422,29.042295455932617,21.414270401000977,25.78603744506836,33.75,48.14799118041992,31.625696182250977,27.654142379760742,19.089630126953125,16.632976531982422,23.733888626098633,24.914886474609375,601.65234375,10.647461891174316,34.02973175048828
2025-02-21,93.02496337890625,18.104272842407227,28.16156005859375,24.6539249420166,43.92439270019531,28.59586524963379,21.22580909729004,25.681331634521484,33.72999954223633,47.556854248046875,31.418800354003906,27.325387954711914,19.070171356201172,16.477800369262695,23.49220085144043,24.05916404724121,591.3616333007812,10.809782028198242,33.7192268371582
2025-02-24,93.18632507324219,18.396907806396484,27.915523529052734,24.606998443603516,44.329620361328125,28.49343490600586,21.116348266601562,25.847909927368164,33.650001525878906,47.29084777832031,31.379392623901367,27.29637908935547,19.09935760498047,16.535991668701172,23.414859771728516,23.900880813598633,588.6705932617188,10.860024452209473,33.87447738647461
2025-02-25,93.76522827148438,18.845613479614258,27.631635665893555,24.353609085083008,43.86785125732422,28.375545501708984,21.02116584777832,25.605182647705078,33.68000030517578,47.12335968017578,31.300575256347656,27.102994918823242,19.19470977783203,16.5165958404541,23.55987548828125,23.56452751159668,585.7430419921875,10.966306686401367,33.53486633300781
2025-02-26,93.91709899902344,18.49445152282715,27.50861930847168,24.362993240356445,43.839576721191406,28.36491584777832,21.025924682617188,25.595664978027344,33.70000076293945,47.28099822998047,31.349834442138672,27.064315795898438,19.256980895996094,16.603883743286133,23.61787986755371,23.60409927368164,586.0387573242188,10.95567798614502,33.47664260864258
2025-02-27,93.77471923828125,18.79684066772461,27.357213973999023,24.334840774536133,44.16941452026367,28.100149154663086,20.919321060180664,25.91929817199707,33.66999816894531,46.571632385253906,31.211904525756836,26.938617706298828,19.040979385375977,16.4971981048584,23.27951431274414,23.28753089904785,576.6843872070312,11.082249641418457,33.48634338378906
2025-02-28,94.19231414794922,19.04070281982422,27.186880111694336,24.269145965576172,44.3201904296875,28.219968795776367,21.003082275390625,25.824111938476562,33.68000030517578,47.32040023803711,31.261165618896484,27.015972137451172,19.177196502685547,16.68147087097168,23.579208374023438,23.68324089050293,585.6838989257812,11.014616966247559,33.69982147216797
2025-03-03,94.39602661132812,19.37235450744629,27.300434112548828,24.10960578918457,44.15056228637695,28.003517150878906,20.826040267944336,25.8812255859375,33.77000045776367,46.72926712036133,31.093677520751953,26.793577194213867,19.148008346557617,16.6911678314209,23.376190185546875,23.36667251586914,575.4227905273438,11.246502876281738,33.33108901977539
2025-03-04,94.15803527832031,19.6259708404541,27.489696502685547,23.921907424926758,44.235382080078125,27.80735969543457,20.702302932739258,26.01448631286621,33.84000015258789,46.11842727661133,31.02471160888672,26.667877197265625,19.040979385375977,16.43512725830078,23.163501739501953,22.654394149780273,568.611572265625,11.294811248779297,33.418418884277344
2025-03-05,93.83435821533203,19.391860961914062,27.74519157409668,23.893754959106445,44.04690933227539,28.015113830566406,20.86982536315918,26.20009994506836,33.88999938964844,46.35487747192383,31.19219970703125,26.83225440979004,19.089630126953125,16.526294708251953,23.36652183532715,23.05010414123535,574.7229614257812,11.130559921264648,33.321388244628906
2025-03-06,93.73918151855469,19.694252014160156,27.58432388305664,23.771751403808594,43.68880081176758,27.471084594726562,20.626157760620117,25.890743255615234,33.869998931884766,45.625816345214844,31.01485824584961,26.71622085571289,18.97287368774414,16.283830642700195,23.06682777404785,22.496110916137695,564.5209350585938,11.304473876953125,33.175838470458984
2025-03-07,93.62493133544922,19.94786834716797,27.50861930847168,23.80929183959961,43.76418685913086,27.89722442626953,20.787967681884766,26.043041229248047,34.0,45.675071716308594,31.044416427612305,26.967622756958008,18.9971981048584,16.34687042236328,23.105497360229492,22.664287567138672,567.6849365234375,11.188530921936035,33.166133880615234
2025-03-10,94.07234954833984,20.338045120239258,27.66002082824707,23.358816146850586,43.566287994384766,27.38411521911621,20.356788635253906,26.01448631286621,33.790000915527344,44.620887756347656,30.699586868286133,26.745229721069336,18.982601165771484,16.245037078857422,22.718795776367188,21.675012588500977,552.5643920898438,11.584670066833496,33.02058410644531
2025-03-11,93.73918151855469,20.191728591918945,27.783042907714844,23.34943389892578,43.4720458984375,27.2884521484375,20.340608596801758,26.090635299682617,33.900001525878906,44.40413284301758,30.709440231323242,26.841922760009766,18.885305404663086,16.109256744384766,22.47710609436035,21.54640769958496,547.9708862304688,11.613656044006348,32.933250427246094
2025-03-12,93.46310424804688,19.70400619506836,27.546470642089844,23.5465145111084,43.4249382019043,27.52036476135254,20.392005920410156,25.938335418701172,34.119998931884766,44.571624755859375,30.798110961914062,26.83225440979004,18.838605880737305,16.128652572631836,22.47710609436035,21.724475860595703,550.8788452148438,11.459064483642578,32.933250427246094
2025-03-13,93.74869537353516,20.03565788269043,27.896596908569336,23.56528663635254,43.292999267578125,27.394744873046875,20.17403793334961,26.043041229248047,33.9900016784668,44.03959655761719,30.729145050048828,26.890268325805664,18.889198303222656,16.264434814453125,22.351428985595703,21.477155685424805,543.5352172851562,11.603994369506836,33.07880401611328
2025-03-14,93.55830383300781,19.70400619506836,27.66002082824707,23.7905216217041,43.368385314941406,27.887561798095703,20.407236099243164,26.01448631286621,34.02000045776367,44.79822540283203,30.945894241333008,27.24803352355957,19.118818283081055,16.312925338745117,22.72846221923828,22.031150817871094,554.7625122070312,11.314136505126953,33.117618560791016
2025-03-17,93.68206024169922,19.694252014160156,27.773582458496094,23.884366989135742,43.22703552246094,28.17455291748047,20.589035034179688,25.91929817199707,34.290000915527344,45.133201599121094,31.1429386138916,27.509103775024414,19.14314079284668,16.303226470947266,22.96048355102539,22.13007926940918,559.0404663085938,11.256163597106934,33.13702392578125
2025-03-18,93.7772445678711,19.908849716186523,28.019615173339844,23.950061798095703,43.35896301269531,28.051834106445312,20.569047927856445,25.91929817199707,34.220001220703125,44.64059066772461,30.995153427124023,27.44141960144043,19.157737731933594,16.390514373779297,22.873476028442383,22.060829162597656,552.9981079101562,11.362445831298828,33.098209381103516
2025-03-19,94.05332946777344,19.567441940307617,28.341354370117188,23.959447860717773,43.63225555419922,28.248960494995117,20.701351165771484,26.052560806274414,34.22999954223633,45.08393859863281,31.202051162719727,27.59613037109375,19.2939510345459,16.477800369262695,23.057161331176758,22.370473861694336,559.020751953125,11.249402046203613,33.428123474121094
2025-03-20,94.11042785644531,19.586952209472656,28.312963485717773,23.893754959106445,43.76418685913086,28.129138946533203,20.63567543029785,26.024003982543945,34.20000076293945,45.15290451049805,31.10352897644043,27.644474029541016,19.274494171142578,16.439008712768555,22.979820251464844,22.139970779418945,557.4041748046875,11.250370979309082,33.175838470458984
2025-03-21,93.9961929321289,19.557687759399414,28.07638931274414,23.884366989135742,43.707645416259766,27.948440551757812,20.56048011779785,26.033523559570312,34.150001525878906,45.12334442138672,31.18234634399414,27.38340187072754,19.148008346557617,16.293527603149414,22.912147521972656,22.189435958862305,557.5880737304688,11.26975154876709,33.1273193359375
2025-03-24,93.63447570800781,19.02119255065918,27.726261138916016,23.912521362304688,43.726497650146484,28.13880157470703,20.741329193115234,26.024003982543945,34.20000076293945,45.81300735473633,31.300575256347656,27.489765167236328,19.09935760498047,16.254735946655273,23.095829010009766,22.39718246459961,567.5736083984375,11.012958526611328,33.166133880615234
2025-03-25,93.72013092041016,19.04070281982422,27.90606117248535,23.950061798095703,43.952667236328125,28.171199798583984,20.664228439331055,26.08111572265625,34.209999084472656,45.88197326660156,31.310426712036133,27.567119598388672,19.174278259277344,16.32262420654297,23.17317008972168,22.660329818725586,568.93798828125,11.0081148147583,33.28257369995117
2025-03-26,93.49166870117188,19.567441940307617,27.792036056518555,23.959447860717773,43.754764556884766,27.995460510253906,20.617589950561523,26.06778907775879,34.20000076293945,45.35833740234375,31.10352897644043,27.615467071533203,19.055572509765625,16.264434814453125,22.873476028442383,22.258684158325195,562.1458129882812,11.114706993103027,33.098209381103516
2025-03-27,93.44406127929688,19.830812454223633,27.792036056518555,24.034109115600586,43.729190826416016,28.201635360717773,20.622350692749023,26.08111572265625,34.33000183105469,45.15086364746094,31.15279197692871,27.567119598388672,19.043851852416992,16.293527603149414,22.786468505859375,22.35761260986328,560.6529541015625,11.143776893615723,33.33108901977539
2025-03-28,93.98667907714844,20.133201599121094,27.96306800842285,23.939599990844727,43.7197151184082,27.887466430664062,20.378681182861328,26.119192123413086,34.310001373291016,44.5383186340332,30.88677978515625,27.4800968170166,19.09075355529785,16.361419677734375,22.535110473632812,21.70469093322754,549.3623657226562,11.415103912353516,33.31168746948242
2025-03-31,94.16755676269531,20.328290939331055,28.124597549438477,23.87343978881836,43.69129180908203,28.070077896118164,20.35012435913086,25.96689224243164,34.29999923706055,44.76555633544922,30.847370147705078,27.59613037109375,19.239273071289062,16.439008712768555,22.651123046875,21.85308265686035,553.0501098632812,11.415103912353516,33.117618560791016
2025-04-01,94.51618194580078,20.250255584716797,28.28611946105957,23.920698165893555,43.79549789428711,28.16825294494629,20.389150619506836,25.862186431884766,34.349998474121094,45.03230667114258,30.945894241333008,27.692819595336914,19.29789924621582,16.312925338745117,22.767131805419922,21.862974166870117,554.6121826171875,11.415103912353516,33.301979064941406
2025-04-02,94.41108703613281,19.830812454223633,28.409639358520508,23.85453987121582,43.9849739074707,28.30079460144043,20.480527877807617,25.8812255859375,34.40999984741211,45.2793083190918,31.005006790161133,27.721826553344727,19.29789924621582,16.31777572631836,22.94114875793457,22.139970779418945,558.1220092773438,11.32789134979248,33.25346374511719
2025-04-03,94.90775299072266,20.93306541442871,27.96306800842285,23.627714157104492,43.58708572387695,27.648895263671875,19.82662010192871,25.595664978027344,34.36000061035156,43.550331115722656,30.50254249572754,27.083654403686523,19.14156150817871,16.06076431274414,22.245084762573242,20.507667541503906,530.6172485351562,12.132183074951172,32.99147415161133
2025-04-04,94.99370574951172,20.81601333618164,27.411977767944336,23.344181060791016,43.388145446777344,26.188005447387695,19.160337448120117,25.576627731323242,33.90999984741211,40.31962203979492,29.674955368041992,25.642932891845703,18.633464813232422,15.56613826751709,20.881956100463867,18.519224166870117,499.5533447265625,13.227178573608398,32.61304473876953
2025-04-07,93.79029846191406,20.27952003479004,26.708866119384766,23.296924591064453,42.592384338378906,25.5891170501709,18.88335609436035,25.500478744506836,33.650001525878906,40.961814880371094,29.487762451171875,25.449546813964844,18.1253662109375,15.258695602416992,20.398578643798828,18.192764282226562,498.6635437011719,13.324081420898438,31.933807373046875
2025-04-08,93.3031997680664,20.542888641357422,26.68035888671875,23.259122848510742,42.93342208862305,25.31716537475586,18.622554779052734,25.424327850341797,33.84000015258789,40.24058532714844,29.320274353027344,24.966081619262695,17.78338050842285,15.151041984558105,20.06987953186035,17.925661087036133,490.8531188964844,13.479126930236816,32.195796966552734
2025-04-09,93.51332092285156,19.567441940307617,26.452322006225586,23.722225189208984,42.83869171142578,26.58562660217285,19.66195297241211,25.70037078857422,34.400001525878906,43.678768157958984,30.24638557434082,26.194082260131836,18.397003173828125,15.178197860717773,21.790708541870117,19.884424209594727,542.4021606445312,12.403508186340332,32.77799606323242
2025-04-10,92.77787780761719,20.31853675842285,26.31930160522461,23.589908599853516,42.55448532104492,26.511009216308594,19.436368942260742,25.252994537353516,34.439998626708984,42.058475494384766,29.80303382873535,25.72028923034668,17.921152114868164,15.401264190673828,21.123645782470703,19.350215911865234,518.6346435546875,12.955852508544922,32.331642150878906
2025-04-11,92.68240356445312,20.445343017578125,26.119768142700195,23.674968719482422,42.53554153442383,27.18549346923828,19.556299209594727,25.23395538330078,34.630001068115234,42.720428466796875,29.940963745117188,26.194082260131836,18.164453506469727,15.139403343200684,21.413673400878906,19.617321014404297,527.888427734375,12.616695404052734,32.43838119506836
2025-04-14,93.2267837524414,20.464853286743164,26.395313262939453,23.57101058959961,42.53554153442383,27.381851196289062,19.692411422729492,25.23395538330078,34.540000915527344,43.204532623291016,30.06904411315918,26.484161376953125,18.358896255493164,15.352771759033203,21.752037048339844,19.755817413330078,533.0098266601562,12.500410079956055,32.51600646972656
2025-04-15,93.41780853271484,20.338045120239258,26.518831253051758,23.684419631958008,42.658695220947266,27.43584632873535,19.7076416015625,25.14828872680664,34.400001525878906,43.224300384521484,30.16756820678711,26.426143646240234,18.37941551208496,15.313977241516113,21.80037498474121,19.844852447509766,531.5169067382812,12.519791603088379,32.5548210144043
2025-04-16,93.71388244628906,20.552642822265625,26.727869033813477,23.769479751586914,42.83869171142578,27.558568954467773,19.61150550842285,25.024545669555664,34.41999816894531,42.364749908447266,30.088748931884766,26.571182250976562,18.418502807617188,15.430359840393066,21.52968406677246,19.557964324951172,519.7023315429688,12.781427383422852,32.661556243896484
2025-04-17,93.4751205444336,20.31853675842285,26.689863204956055,23.750579833984375,42.952369689941406,27.71074676513672,19.682893753051758,24.96743392944336,34.459999084472656,42.40426254272461,30.20697593688965,26.86126136779785,18.43511199951172,15.405143737792969,21.595422744750977,19.52828598022461,520.44384765625,12.665144920349121,32.64215087890625
2025-04-21,92.9115982055664,20.601415634155273,26.699359893798828,23.731678009033203,43.42604064941406,27.694055557250977,19.552492141723633,24.98647117614746,34.40999984741211,41.38664627075195,30.039487838745117,26.580852508544922,18.270957946777344,15.381867408752441,21.200986862182617,19.06332778930664,508.05584716796875,12.907401084899902,32.48689651489258
2025-04-22,93.08352661132812,20.50387191772461,26.737367630004883,23.892345428466797,43.22710037231445,28.005279541015625,19.674325942993164,24.96743392944336,34.54999923706055,42.23631286621094,30.315349578857422,26.938617706298828,18.486900329589844,15.396414756774902,21.686298370361328,19.48871612548828,521.2744140625,12.616695404052734,32.671260833740234
2025-04-23,93.31273651123047,20.09418487548828,26.499826431274414,23.863990783691406,42.96184158325195,27.95815086364746,19.859933853149414,24.98647117614746,34.310001373291016,42.96742248535156,30.44342803955078,26.851593017578125,18.584609985351562,15.32852554321289,21.926054000854492,19.884424209594727,529.3516845703125,12.490721702575684,32.97206497192383
2025-04-24,93.82850646972656,19.6259708404541,26.86088752746582,23.939599990844727,42.90500259399414,28.224218368530273,19.954164505004883,24.85321044921875,34.38999938964844,43.87636947631836,30.650327682495117,27.257701873779297,18.87774085998535,15.454607009887695,22.467437744140625,20.270240783691406,540.4940185546875,12.355057716369629,32.89444351196289
2025-04-25,94.17231750488281,19.547935485839844,26.889392852783203,24.053010940551758,43.056575775146484,28.062223434448242,19.974153518676758,24.80561637878418,34.529998779296875,44.31107711791992,30.689735412597656,27.219022750854492,18.88751220703125,15.440058708190918,22.641454696655273,20.240562438964844,544.3992919921875,12.306605339050293,33.00117492675781
2025-04-28,94.43022155761719,19.48940658569336,26.841888427734375,23.93014907836914,43.1134147644043,28.171199798583984,19.995094299316406,25.0531005859375,34.56999969482422,44.39011764526367,30.71929168701172,27.315717697143555,19.0047664642334,15.546743392944336,22.651123046875,20.52745246887207,544.6068725585938,12.31629753112793,33.321388244628906
2025-04-29,94.65941619873047,19.59670639038086,26.81338119506836,23.863990783691406,43.09447479248047,28.201635360717773,20.01793670654297,25.157806396484375,34.560001373291016,44.785316467285156,30.788257598876953,27.22869300842285,19.082935333251953,15.6243314743042,22.834806442260742,20.477991104125977,548.0374755859375,12.374439239501953,33.24375915527344
2025-04-30,94.57345581054688,19.76253318786621,26.66135597229004,23.87343978881836,42.99973678588867,28.14665412902832,20.016033172607422,25.0531005859375,34.54999923706055,44.8445930480957,30.768552780151367,26.90960693359375,19.023332595825195,15.64372730255127,22.825138092041016,20.497774124145508,548.2550659179688,12.36474895477295,33.22435760498047
2025-05-01,94.31571960449219,19.450389862060547,26.33830451965332,23.712772369384766,42.810264587402344,28.042587280273438,19.981767654418945,24.938879013061523,34.529998779296875,44.95327377319336,30.788257598876953,26.870929718017578,18.88751220703125,15.401264190673828,22.815471649169922,20.468097686767578,552.1405029296875,12.287226676940918,33.36990737915039
2025-05-02,93.85578155517578,19.24554443359375,25.94873809814453,23.684419631958008,42.55448532104492,28.08382225036621,20.162616729736328,25.138769149780273,34.619998931884766,45.31882095336914,31.005006790161133,27.1126651763916,18.916826248168945,15.352771759033203,23.182838439941406,20.853914260864258,560.3365478515625,12.132183074951172,33.602787017822266
2025-05-05,93.69286346435547,19.29431915283203,26.005748748779297,23.74112892150879,42.772377014160156,28.095603942871094,20.197832107543945,25.18636131286621,34.65999984741211,45.052066802978516,30.995153427124023,27.073986053466797,18.92561912536621,15.343072891235352,23.124834060668945,20.84402084350586,557.1234130859375,12.141871452331543,33.593082427978516
2025-05-06,93.9228515625,19.48940658569336,26.3573055267334,23.98685646057129,42.91447830200195,28.363628387451172,20.29301643371582,25.18636131286621,34.7400016784668,44.854469299316406,30.955745697021484,27.286710739135742,19.01649284362793,15.469154357910156,22.979820251464844,20.77477264404297,552.4667358398438,12.190323829650879,33.5251579284668
2025-05-07,94.06656646728516,19.5089168548584,26.271793365478516,23.901796340942383,42.82921600341797,28.254650115966797,20.164518356323242,25.17684555053711,34.709999084472656,44.982906341552734,30.965599060058594,27.209354400634766,18.965679168701172,15.474003791809082,23.11516571044922,20.705522537231445,554.7901611328125,12.200014114379883,33.74833297729492
2025-05-08,93.57789611816406,19.26505470275879,26.148273468017578,23.816736221313477,42.772377014160156,28.213417053222656,20.211158752441406,25.0340633392334,34.7400016784668,45.091583251953125,30.995153427124023,27.122331619262695,18.858200073242188,15.246088027954102,22.931480407714844,20.665950775146484,558.6558837890625,12.09342098236084,33.50575256347656
2025-05-09,93.6737289428711,19.12849235534668,26.328800201416016,23.920698165893555,43.03763198852539,28.391117095947266,20.243520736694336,25.043582916259766,34.75,45.04218673706055,31.02471160888672,27.306049346923828,18.916826248168945,15.319796562194824,23.11516571044922,20.69563102722168,557.9439697265625,12.04496955871582,33.47664260864258
2025-05-12,93.35751342773438,18.474943161010742,26.290796279907227,23.797832489013672,42.45975112915039,28.02000617980957,20.455778121948242,24.815134048461914,34.63999938964844,46.18825149536133,31.073972702026367,27.364063262939453,18.867969512939453,15.090911865234375,23.51153564453125,21.20016098022461,576.3826293945312,11.793024063110352,33.5251579284668
2025-05-13,93.2616958618164,18.16280174255371,26.461824417114258,23.816736221313477,42.83869171142578,28.324357986450195,20.483383178710938,24.796096801757812,34.630001068115234,46.69211959838867,31.40894889831543,27.644474029541016,19.00965118408203,15.120007514953613,23.61304473876953,21.5068359375,580.1890258789062,11.725192070007324,33.48634338378906
2025-05-14,92.993408203125,18.123783111572266,26.243289947509766,23.750579833984375,42.725006103515625,28.02000617980957,20.435791015625,24.80561637878418,34.54999923706055,46.563682556152344,31.35968780517578,27.51877212524414,18.909008026123047,14.984227180480957,23.550207138061523,21.407907485961914,580.9304809570312,11.71550178527832,33.27287292480469
2025-05-15,93.52041625976562,18.484699249267578,26.024751663208008,23.8450870513916,42.63027572631836,28.307668685913086,20.464345932006836,24.796096801757812,34.560001373291016,46.869956970214844,31.4483585357666,27.58646011352539,19.068279266357422,15.129706382751465,23.820898056030273,21.4969425201416,583.7680053710938,11.744572639465332,33.40871810913086
2025-05-16,93.57789611816406,18.533470153808594,26.138771057128906,23.807287216186523,42.81974792480469,28.309629440307617,20.520503997802734,24.748504638671875,34.63999938964844,47.30466842651367,31.527175903320312,27.58646011352539,19.09172821044922,15.090911865234375,23.927242279052734,21.684904098510742,587.4655151367188,11.725192070007324,33.61248779296875
2025-05-19,93.54914855957031,18.621259689331055,26.328800201416016,23.83563804626465,42.942893981933594,28.53445816040039,20.559528350830078,24.89128303527832,34.630001068115234,47.215755462646484,31.527175903320312,27.70248794555664,19.10052490234375,15.158801078796387,23.97557830810547,21.744260787963867,588.108154296875,11.71550178527832,33.61248779296875
2025-05-20,93.38626861572266,18.71880531311035,26.21478271484375,23.882892608642578,42.81974792480469,28.72197723388672,20.55762481689453,25.024545669555664,34.84000015258789,46.93911361694336,31.497617721557617,27.79918098449707,19.037010192871094,15.255785942077637,23.917573928833008,21.823402404785156,586.130859375,11.739727020263672,33.49605178833008
2025-05-21,92.77300262451172,18.96266746520996,26.233787536621094,23.85453987121582,42.90500259399414,28.691543579101562,20.450069427490234,25.167325973510742,34.869998931884766,46.020294189453125,31.330129623413086,27.654142379760742,18.798593521118164,15.134554862976074,23.3858585357666,21.437585830688477,576.2540893554688,11.76395320892334,33.466941833496094
2025-05-22,93.04129791259766,18.884632110595703,26.243289947509766,23.807287216186523,42.49764633178711,28.61693000793457,20.431983947753906,25.18636131286621,34.84000015258789,46.32656478881836,31.320280075073242,27.460758209228516,18.770261764526367,15.202445030212402,23.443862915039062,21.477155685424805,576.4814453125,11.831785202026367,33.670711517333984
2025-05-23,93.17545318603516,18.874876022338867,26.10076332092285,23.939599990844727,42.7060661315918,28.69252586364746,20.378681182861328,25.310104370117188,34.91999816894531,46.09933090209961,31.290721893310547,27.73149871826172,18.886537551879883,15.23638916015625,23.424528121948242,21.398014068603516,572.5465698242188,11.88023567199707,33.670711517333984
2025-05-27,93.5970687866211,18.60175132751465,25.901229858398438,23.87343978881836,42.791316986083984,28.65423583984375,20.583324432373047,25.138769149780273,34.939998626708984,47.01815414428711,31.497617721557617,27.79918098449707,19.068279266357422,15.352771759033203,23.941741943359375,21.793725967407227,584.4501342773438,11.783332824707031,33.72892761230469
2025-05-28,93.42459869384766,18.68954086303711,25.891733169555664,23.83563804626465,42.76290512084961,28.506967544555664,20.48242950439453,25.129249572753906,34.880001068115234,46.435245513916016,31.339982986450195,27.576791763305664,18.918779373168945,15.216992378234863,23.695220947265625,21.4969425201416,581.0689086914062,11.76395320892334,33.661006927490234
2025-05-29,93.76954650878906,18.552980422973633,25.8347225189209,23.87343978881836,42.53554153442383,28.605146408081055,20.52716636657715,25.157806396484375,34.93000030517578,46.99839401245117,31.369539260864258,27.605796813964844,19.052644729614258,15.313977241516113,23.90790557861328,21.665119171142578,583.3626098632812,11.822093963623047,33.651302337646484
2025-05-30,93.99951171875,18.777332305908203,25.758710861206055,23.83563804626465,42.56395721435547,28.609073638916016,20.481477737426758,25.18636131286621,34.900001525878906,47.07743453979492,31.35968780517578,27.62513542175293,19.061437606811523,15.353741645812988,24.014249801635742,21.58597755432129,582.7100830078125,11.831785202026367,33.78715133666992
2025-06-02,93.75245666503906,18.543224334716797,25.796714782714844,23.977405548095703,42.67763900756836,28.79364776611328,20.559528350830078,25.433847427368164,34.9900016784668,47.18610763549805,31.35968780517578,27.924880981445312,19.057531356811523,15.42551040649414,24.072254180908203,21.952009201049805,585.992431640625,11.754262924194336,33.661006927490234
2025-06-03,93.68515014648438,18.367645263671875,25.872726440429688,23.91124725341797,42.55448532104492,28.89379119873047,20.611879348754883,25.291067123413086,34.95000076293945,47.393592834472656,31.418800354003906,27.924880981445312,19.01453399658203,15.36828899383545,24.091590881347656,21.97179412841797,589.3341064453125,11.734881401062012,33.661006927490234
2025-06-04,94.24272918701172,18.260345458984375,25.891733169555664,24.034109115600586,42.66817092895508,28.911460876464844,20.626157760620117,25.252994537353516,34.9900016784668,47.630706787109375,31.497617721557617,27.924880981445312,19.29789924621582,15.537044525146484,24.342947006225586,22.070720672607422,589.1759643554688,11.793024063110352,33.69982147216797
2025-06-05,94.00238037109375,18.367645263671875,26.157773971557617,23.98685646057129,43.009212493896484,28.869247436523438,20.65756607055664,25.367216110229492,34.97999954223633,47.255271911621094,31.517322540283203,28.0312442779541,19.288127899169922,15.486612319946289,24.20760154724121,21.902544021606445,586.3285522460938,11.802715301513672,33.864776611328125
2025-06-06,93.5217056274414,18.114028930664062,26.528331756591797,23.920698165893555,42.85763931274414,28.923242568969727,20.699447631835938,25.224437713623047,34.869998931884766,47.57143020629883,31.596141815185547,28.069923400878906,19.11224937438965,15.333374977111816,24.236602783203125,22.070720672607422,592.3495483398438,11.686430931091309,34.02973175048828
2025-06-09,93.63707733154297,18.035993576049805,26.756372451782227,23.93014907836914,43.16078567504883,29.001787185668945,20.826040267944336,25.205398559570312,34.900001525878906,47.640586853027344,31.63555145263672,28.108600616455078,19.16598892211914,15.381867408752441,24.304275512695312,22.139970779418945,592.8834228515625,11.647669792175293,34.078250885009766
2025-06-10,93.84858703613281,18.045747756958008,26.727869033813477,23.939599990844727,43.39762496948242,28.988040924072266,20.822233200073242,25.110212326049805,34.93000030517578,47.798667907714844,31.63555145263672,28.12793731689453,19.278356552124023,15.343072891235352,24.390317916870117,22.19932746887207,596.2449340820312,11.667051315307617,34.136474609375
2025-06-11,94.16581726074219,17.870166778564453,26.756372451782227,24.08136558532715,43.24604797363281,29.094072341918945,20.855546951293945,24.948394775390625,35.0,47.8974609375,31.625696182250977,28.243968963623047,19.327213287353516,15.420660972595215,24.4202880859375,22.139970779418945,594.54443359375,11.725192070007324,34.058841705322266
2025-06-12,94.51192474365234,18.123783111572266,26.737367630004883,24.2042293548584,43.33130645751953,29.24232292175293,20.831750869750977,25.072139739990234,35.040000915527344,48.02589797973633,31.605995178222656,28.369670867919922,19.468891143798828,15.604933738708496,24.574968338012695,22.347719192504883,596.9072875976562,11.754262924194336,34.02973175048828
2025-06-13,94.1754379272461,18.367645263671875,26.53783416748047,24.27984046936035,43.17973327636719,29.193233489990234,20.649951934814453,24.82465362548828,35.0,47.541786193847656,31.458209991455078,28.543718338012695,19.327213287353516,15.440058708190918,24.168930053710938,21.922330856323242,590.23388671875,11.802715301513672,33.952110290527344
2025-06-16,93.98316955566406,17.977466583251953,26.889392852783203,24.223133087158203,43.56814193725586,29.20992088317871,20.772737503051758,24.758024215698242,35.06999969482422,47.828304290771484,31.615846633911133,28.582393646240234,19.288127899169922,15.424541473388672,24.43962287902832,22.211198806762695,595.8494262695312,11.705812454223633,34.18498611450195
2025-06-17,94.27156829833984,18.065256118774414,26.490327835083008,24.242033004760742,42.82921600341797,29.026330947875977,20.671844482421875,24.41535186767578,35.02000045776367,47.660343170166016,31.497617721557617,28.60173225402832,19.39365577697754,15.352771759033203,24.304275512695312,21.843189239501953,590.7578735351562,11.841475486755371,33.942405700683594
2025-06-18,94.3388671875,17.792131423950195,26.395313262939453,24.242033004760742,42.592384338378906,28.961532592773438,20.688026428222656,24.18690299987793,34.970001220703125,47.61094665527344,31.507471084594727,28.61140251159668,19.371183395385742,15.32852554321289,24.178598403930664,21.885726928710938,590.6688842773438,11.812140464782715,33.89388656616211
2025-06-20,94.4253921508789,17.86041259765625,26.262292861938477,24.260936737060547,42.45975112915039,28.828994750976562,20.654712677001953,24.139310836791992,34.900001525878906,47.591182708740234,31.4483585357666,28.553388595581055,19.33698272705078,15.347922325134277,24.10125732421875,21.684904098510742,589.2816162109375,11.812140464782715,33.87447738647461
2025-06-23,94.61764526367188,17.86041259765625,26.005748748779297,24.242033004760742,42.55448532104492,29.006694793701172,20.733715057373047,24.577167510986328,34.900001525878906,47.99626159667969,31.566585540771484,28.437355041503906,19.38388442993164,15.372169494628906,24.36228370666504,21.912437438964844,595.1021728515625,11.812140464782715,33.825965881347656
2025-06-24,95.00221252441406,17.558025360107422,25.568675994873047,24.32709503173828,42.7818489074707,29.0284423828125,20.879344940185547,24.71042823791504,34.97999954223633,48.6779670715332,31.684812545776367,28.243968963623047,19.464008331298828,15.473033905029297,24.88433074951172,22.268577575683594,601.676513671875,11.733914375305176,34.107364654541016
2025-06-25,94.99259948730469,17.49949836730957,25.52072525024414,24.345996856689453,42.66817092895508,29.07687759399414,20.925983428955078,24.815134048461914,35.02000045776367,48.69283676147461,31.655256271362305,28.08889389038086,19.483551025390625,15.469154357910156,24.772188186645508,22.31804084777832,602.0135498046875,11.763248443603516,34.02973175048828
2025-06-26,95.25216674804688,17.28489875793457,25.664587020874023,24.46885871887207,43.05236053466797,29.19450569152832,21.03163719177246,25.005508422851562,35.099998474121094,49.089271545410156,31.79318618774414,28.371734619140625,19.63988494873047,15.74071216583252,25.02934455871582,22.783000946044922,606.7236328125,11.753470420837402,34.1946907043457
2025-06-27,94.98298645019531,17.177600860595703,25.64539909362793,24.450782775878906,42.69963073730469,29.127288818359375,21.02973175048828,24.929359436035156,35.20000076293945,49.24784851074219,31.812891006469727,28.303462982177734,19.56968116760254,15.68252182006836,25.174360275268555,22.881927490234375,609.7380981445312,11.685022354125977,34.33053970336914
2025-06-30,95.3675308227539,17.265392303466797,25.64539909362793,24.479324340820312,43.10002517700195,29.314109802246094,21.127771377563477,25.104501724243164,35.27000045776367,49.614559173583984,31.84244728088379,28.371734619140625,19.726903915405273,15.721315383911133,25.338706970214844,23.069889068603516,612.6533203125,11.724135398864746,34.26261901855469
2025-07-01,95.27977752685547,17.49949836730957,25.664587020874023,24.498353958129883,43.09049606323242,29.312131881713867,21.151567459106445,25.138769149780273,35.189998626708984,49.50553894042969,31.832595825195312,28.547290802001953,19.79612159729004,15.779507637023926,25.319372177124023,23.069889068603516,612.455078125,11.699688911437988,34.37905502319336
2025-07-02,95.16402435302734,17.128828048706055,25.92352867126465,24.564952850341797,43.12862777709961,29.470287322998047,21.14014434814453,25.291067123413086,35.22999954223633,49.66411590576172,31.921266555786133,28.84963607788086,19.865337371826172,15.894919395446777,25.333873748779297,23.31720733642578,615.2315063476562,11.66546630859375,34.28202438354492
2025-07-03,94.97114562988281,17.031282424926758,25.971485137939453,24.51738166809082,43.08095932006836,29.494998931884766,21.259122848510742,25.072139739990234,35.33000183105469,49.82269287109375,31.990232467651367,28.7813663482666,19.83567237854004,15.807632446289062,25.416048049926758,23.485383987426758,620.0803833007812,11.611685752868652,34.36935043334961
2025-07-07,94.6335678100586,17.089811325073242,26.11534309387207,24.44127082824707,43.281158447265625,29.2716064453125,21.171554565429688,25.0531005859375,35.11000061035156,49.52536392211914,31.911413192749023,28.5863037109375,19.591434478759766,15.625300407409668,25.1550235748291,23.05010414123535,615.4595336914062,11.621463775634766,34.32083511352539
2025-07-08,94.59500885009766,16.89472198486328,26.460607528686523,24.460296630859375,43.729225158691406,29.234045028686523,21.15537452697754,25.405292510986328,35.16999816894531,49.31722640991211,31.93111801147461,28.605810165405273,19.578580856323242,15.771747589111328,25.039012908935547,23.356779098510742,615.1224365234375,11.582350730895996,34.51490020751953
2025-07-09,94.99043273925781,16.738649368286133,26.498971939086914,24.50786781311035,43.7387580871582,29.36748695373535,21.21819496154785,25.367216110229492,35.29999923706055,49.75331497192383,32.039493560791016,28.635068893432617,19.647798538208008,15.968628883361816,25.42571449279785,23.70302391052246,618.8110961914062,11.611685752868652,34.611934661865234
2025-07-10,94.96147918701172,16.56307029724121,26.364702224731445,24.469812393188477,43.452762603759766,29.41691017150879,21.257219314575195,25.414810180664062,35.310001373291016,49.92180252075195,32.06904983520508,28.859390258789062,19.751623153686523,16.008392333984375,25.38704490661621,23.83163070678711,620.5563354492188,11.597017288208008,34.7089729309082
2025-07-11,94.5660629272461,16.670368194580078,26.73873519897461,24.498353958129883,43.872222900390625,29.617570877075195,21.17536163330078,25.605182647705078,35.209999084472656,48.97034454345703,31.990232467651367,28.908153533935547,19.6102237701416,15.922075271606445,25.193693161010742,23.653562545776367,618.3748168945312,11.587240219116211,34.75748825073242
2025-07-14,94.5564193725586,16.582578659057617,26.403064727783203,24.460296630859375,43.6434211730957,29.62943458557129,21.219146728515625,25.39101219177246,35.33000183105469,49.614559173583984,32.029640197753906,28.820377349853516,19.56869125366211,15.827999114990234,25.173391342163086,23.592226028442383,619.5548095703125,11.587240219116211,34.72837829589844
2025-07-15,94.27671813964844,16.69963264465332,26.51815414428711,24.35564613342285,43.49089050292969,29.32004165649414,21.171554565429688,25.50999641418457,35.20000076293945,49.45598220825195,31.97052764892578,28.53753662109375,19.43025779724121,15.6243314743042,24.97134017944336,23.158924102783203,616.9072875976562,11.548127174377441,34.611934661865234
2025-07-16,94.41175079345703,16.602088928222656,26.546924591064453,24.460296630859375,43.54808807373047,29.48017120361328,21.268640518188477,25.34817886352539,35.22999954223633,49.654205322265625,32.039493560791016,28.654573440551758,19.53309440612793,15.721315383911133,25.077682495117188,23.416135787963867,618.9697265625,11.548127174377441,34.611934661865234
2025-07-17,94.45032501220703,16.289945602416992,26.623647689819336,24.460296630859375,43.795955657958984,29.531574249267578,21.30671501159668,25.500478744506836,35.220001220703125,49.82269287109375,32.10845947265625,28.73259925842285,19.58055877685547,15.779507637023926,25.244932174682617,23.722810745239258,622.7576293945312,11.548127174377441,34.87392807006836
2025-07-18,94.62393188476562,16.270437240600586,26.58528709411621,24.52689552307129,43.4622917175293,29.546401977539062,21.297197341918945,25.433847427368164,35.290000915527344,49.901973724365234,32.07890319824219,28.810625076293945,19.56869125366211,15.778536796569824,25.213027954101562,23.663454055786133,622.301513671875,11.587240219116211,34.85451889038086
2025-07-21,94.88433837890625,16.250926971435547,26.901779174804688,24.622034072875977,44.07242202758789,29.72432518005371,21.38191032409668,25.567110061645508,35.369998931884766,50.09029006958008,32.1281623840332,28.84963607788086,19.736791610717773,15.965718269348145,25.396713256835938,23.866256713867188,623.4815063476562,11.601905822753906,34.75748825073242
2025-07-22,95.06758117675781,16.543560028076172,26.930551528930664,24.679119110107422,44.0438232421875,30.005050659179688,21.394283294677734,25.605182647705078,35.33000183105469,50.24886703491211,32.14786911010742,29.122722625732422,19.8870906829834,16.05106544494629,25.47405433654785,24.04531478881836,623.5706787109375,11.62635326385498,35.048587799072266
2025-07-23,94.85540771484375,16.211910247802734,27.266223907470703,24.736202239990234,44.6348876953125,30.100933074951172,21.5446720123291,25.957374572753906,35.310001373291016,50.407440185546875,32.24638748168945,29.220252990722656,19.845561981201172,16.283830642700195,25.648069381713867,24.3856258392334,628.8757934570312,11.548127174377441,35.19414138793945
2025-07-24,94.79753112792969,16.358226776123047,27.1319522857666,24.688631057739258,44.291683197021484,30.035694122314453,21.482803344726562,25.78603744506836,35.369998931884766,50.48672866821289,32.167572021484375,29.11296844482422,19.825782775878906,16.1635684967041,25.628734588623047,24.346054077148438,629.083984375,11.509015083312988,34.86422348022461
2025-07-25,94.95184326171875,16.133874893188477,26.930551528930664,24.669605255126953,44.44422149658203,29.877538681030273,21.44948959350586,25.747962951660156,35.43000030517578,50.71467971801758,32.19712829589844,29.093461990356445,19.829740524291992,16.103437423706055,25.729276657104492,24.378700256347656,631.741455078125,11.533459663391113,34.97096252441406
2025-07-28,94.82647705078125,16.007064819335938,27.160724639892578,24.564952850341797,44.30121994018555,29.68379783630371,21.40665626525879,25.53855323791504,35.2400016784668,50.67504119873047,32.18727493286133,28.937414169311523,19.70712661743164,15.813451766967773,25.483720779418945,23.91077423095703,631.582763671875,11.489457130432129,35.02918243408203
2025-07-29,95.3376235961914,16.026575088500977,27.227859497070312,24.545921325683594,44.61581802368164,29.736186981201172,21.37619972229004,25.452884674072266,35.540000915527344,50.7345085144043,32.167572021484375,29.015439987182617,19.8870906829834,15.9249849319458,25.570730209350586,23.980022430419922,629.9169311523438,11.572572708129883,35.13591766357422
2025-07-30,95.06758117675781,16.03632926940918,26.901779174804688,24.384187698364258,44.37748336791992,29.451509475708008,21.378101348876953,25.024545669555664,35.43000030517578,50.62548065185547,32.1281623840332,28.703340530395508,19.667573928833008,15.380897521972656,25.42571449279785,23.12924575805664,629.1236572265625,11.528570175170898,35.00007247924805
2025-07-31,95.11581420898438,16.06559181213379,26.345518112182617,24.365158081054688,44.03428268432617,29.3724308013916,21.316234588623047,24.89128303527832,35.36000061035156,50.38761901855469,32.05919647216797,28.53753662109375,19.644832611083984,15.292640686035156,25.271034240722656,23.089675903320312,626.763671875,11.567683219909668,34.95155334472656
2025-08-01,95.9383544921875,16.436262130737305,25.434410095214844,24.193906784057617,43.82455825805664,29.3328914642334,21.14490509033203,24.79990577697754,35.400001525878906,49.901973724365234,32.04934310913086,28.498523712158203,19.726903915405273,15.253846168518066,25.30970573425293,22.149864196777344,616.4907836914062,11.782804489135742,34.60223388671875
2025-08-04,96.0157699584961,16.06559181213379,25.376863479614258,24.374671936035156,44.120086669921875,29.702579498291016,21.308618545532227,24.929359436035156,35.5099983215332,50.71467971801758,32.08875274658203,28.64482307434082,19.875225067138672,15.429390907287598,25.5997314453125,22.783000946044922,625.8612670898438,11.675244331359863,34.74778747558594
2025-08-05,96.0447998046875,16.124120712280273,25.71253776550293,24.365158081054688,44.396549224853516,29.66996192932129,21.297197341918945,24.943635940551758,35.4900016784668,50.357887268066406,32.06904983520508,28.761859893798828,19.917743682861328,15.42357063293457,25.551393508911133,22.82257080078125,622.6881713867188,11.685022354125977,34.825408935546875
2025-08-06,96.00611114501953,16.182645797729492,25.92352867126465,24.393699645996094,44.46329116821289,29.9704532623291,21.373342514038086,24.929359436035156,35.4900016784668,50.81379318237305,32.10845947265625,28.752105712890625,19.867313385009766,15.517646789550781,25.696407318115234,23.069889068603516,627.4578247070312,11.636131286621094,34.98066329956055
2025-08-07,95.9286880493164,16.36798095703125,26.24961280822754,24.498353958129883,44.653953552246094,30.04953384399414,21.41141700744629,25.0531005859375,35.5099983215332,50.71467971801758,32.18727493286133,28.898401260375977,19.895002365112305,15.580687522888184,25.72541046142578,23.099567413330078,626.9322509765625,11.645909309387207,34.9903678894043
2025-08-08,95.74481964111328,16.241172790527344,25.856395721435547,24.498353958129883,44.74928283691406,30.069303512573242,21.47899627685547,25.129249572753906,35.529998779296875,50.8831672668457,32.18727493286133,28.947166442871094,19.92961311340332,15.63403034210205,25.83175277709961,23.544740676879883,631.82080078125,11.601905822753906,35.15532302856445
2025-08-11,95.81255340576172,16.387489318847656,25.798851013183594,24.469812393188477,44.606285095214844,30.070289611816406,21.439971923828125,24.929359436035156,35.52000045776367,50.922813415527344,32.19712829589844,28.83988380432129,19.885114669799805,15.572927474975586,25.735078811645508,23.277637481689453,630.5712890625,11.606796264648438,35.0097770690918
2025-08-12,95.81255340576172,15.841239929199219,26.086576461791992,24.66008949279785,44.99715042114258,30.287755966186523,21.577987670898438,25.252994537353516,35.70000076293945,51.62649917602539,32.37446975708008,29.034944534301758,19.899946212768555,15.716466903686523,26.005769729614258,23.772275924682617,637.284423828125,11.553016662597656,35.30087661743164
2025-08-13,96.16094207763672,15.9387845993042,26.019437789916992,24.793283462524414,45.006683349609375,30.414278030395508,21.751218795776367,25.08165740966797,35.790000915527344,51.656227111816406,32.463138580322266,29.16173553466797,20.048269271850586,15.84545612335205,26.29579734802246,23.920665740966797,639.4659423828125,11.606796264648438,35.47554016113281
2025-08-14,95.88996887207031,16.075345993041992,25.846805572509766,24.707658767700195,44.95901870727539,30.258102416992188,21.67317008972168,25.2786922454834,35.709999084472656,51.596763610839844,32.40402603149414,29.05445098876953,19.902912139892578,15.774657249450684,26.102445602416992,23.930559158325195,639.5254516601562,11.557904243469238,35.38821029663086
2025-08-15,95.74481964111328,16.26068115234375,26.13452911376953,24.66008949279785,45.17828369140625,30.232398986816406,21.682689666748047,25.39577293395996,35.630001068115234,51.05165481567383,32.37446975708008,29.04469871520996,19.844573974609375,15.73392391204834,26.054107666015625,23.98991584777832,638.0281372070312,11.543237686157227,35.349395751953125
2025-08-18,95.63838195800781,16.007064819335938,26.393474578857422,24.698144912719727,45.16875457763672,30.296649932861328,21.628433227539062,25.462404251098633,35.91999816894531,51.388633728027344,32.4335823059082,28.947166442871094,19.823808670043945,15.73586368560791,26.102445602416992,23.801952362060547,637.8892822265625,11.523680686950684,35.45613098144531
2025-08-19,95.82221984863281,16.50454330444336,26.326337814331055,24.564952850341797,45.17828369140625,30.089073181152344,21.598926544189453,25.529033660888672,35.68000030517578,51.091304779052734,32.36461639404297,28.986177444458008,19.825782775878906,15.657304763793945,26.001903533935547,23.68324089050293,634.4286499023438,11.587240219116211,35.47554016113281
2025-08-20,95.88029479980469,16.689878463745117,26.51815414428711,24.536409378051758,45.14015197753906,30.10883903503418,21.59511947631836,25.452884674072266,35.65999984741211,51.02192687988281,32.38431930541992,29.122722625732422,19.83567237854004,15.722286224365234,25.93809700012207,23.67334747314453,632.7429809570312,11.587240219116211,35.42701721191406
2025-08-21,95.65771484375,16.689878463745117,26.681190490722656,24.536409378051758,45.245018005371094,30.116750717163086,21.5446720123291,25.481441497802734,35.61000061035156,50.744415283203125,32.35476303100586,29.17148780822754,19.776342391967773,15.64372730255127,25.783414840698242,23.416135787963867,630.2044677734375,11.606796264648438,35.32028579711914
2025-08-22,96.1899642944336,16.133874893188477,26.757917404174805,24.888425827026367,45.92188262939453,30.642616271972656,21.865440368652344,25.567110061645508,35.689998626708984,51.56703186035156,32.640480041503906,29.571365356445312,20.099685668945312,15.963778495788574,26.3344669342041,24.128414154052734,639.88232421875,11.577461242675781,35.70841979980469
2025-08-25,96.0447998046875,16.104610443115234,26.882596969604492,24.774259567260742,45.740745544433594,30.360902786254883,21.758834838867188,25.50999641418457,35.599998474121094,51.39854049682617,32.55181121826172,29.50309181213379,20.048269271850586,15.833819389343262,26.141117095947266,24.009700775146484,637.0662231445312,11.553016662597656,35.57257080078125
2025-08-26,96.16094207763672,15.909520149230957,26.728599548339844,24.745716094970703,45.521484375,30.35694694519043,21.79500389099121,25.500478744506836,35.720001220703125,51.62649917602539,32.57151412963867,29.483585357666016,20.043325424194336,15.860005378723145,26.22812271118164,23.98991584777832,639.733642578125,11.567683219909668,35.52405548095703
2025-08-27,96.2577133178711,15.948539733886719,26.747844696044922,24.736202239990234,45.69308090209961,30.393522262573242,21.788341522216797,25.53855323791504,35.790000915527344,51.785072326660156,32.61091995239258,29.512845993041992,20.068044662475586,15.86679458618164,26.344135284423828,24.118520736694336,641.1912841796875,11.567683219909668,35.64049530029297
2025-08-28,96.37381744384766,15.607132911682129,26.69009780883789,24.821826934814453,45.71215057373047,30.563539505004883,21.86258316040039,25.357698440551758,35.79999923706055,52.01302719116211,32.62077713012695,29.54210662841797,20.176815032958984,15.886190414428711,26.489147186279297,24.257020950317383,643.4620361328125,11.606796264648438,35.6793098449707
2025-08-29,96.24803161621094,15.968049049377441,26.86334800720215,24.688631057739258,45.378482818603516,30.494346618652344,21.794052124023438,25.4433650970459,35.79999923706055,51.6165885925293,32.541954040527344,29.63963508605957,20.111553192138672,15.872611999511719,26.344135284423828,23.98892593383789,639.6245727539062,11.587240219116211,35.533756256103516
2025-09-02,95.99268341064453,16.026575088500977,27.229093551635742,24.755229949951172,45.7312126159668,30.4261417388916,21.885427474975586,25.643259048461914,35.79999923706055,51.239967346191406,32.5321044921875,29.581117630004883,20.018604278564453,15.857095718383789,25.976768493652344,23.890987396240234,634.884765625,11.616575241088867,35.6793098449707
2025-09-03,96.34220123291016,15.958293914794922,27.007719039916992,24.85036849975586,45.62635040283203,30.561561584472656,21.79214859008789,25.65277671813965,35.560001373291016,51.56703186035156,32.52225112915039,29.473833084106445,20.161983489990234,15.939532279968262,26.305463790893555,24.078950881958008,638.3255615234375,11.62635326385498,35.747230529785156
2025-09-04,96.73056030273438,15.733940124511719,26.795970916748047,25.002592086791992,45.63587951660156,30.583309173583984,21.863534927368164,25.542360305786133,35.560001373291016,52.092315673828125,32.59122085571289,29.473833084106445,20.267786026000977,16.012271881103516,26.45047950744629,24.363861083984375,643.6603393554688,11.62635326385498,35.70841979980469
2025-09-05,97.18688201904297,15.694923400878906,26.353221893310547,25.08821678161621,45.521484375,30.83635711669922,21.863534927368164,25.55759048461914,35.689998626708984,52.092315673828125,32.65032958984375,29.464078903198242,20.52784538269043,16.196544647216797,26.6825008392334,24.247127532958984,641.7960815429688,11.69480037689209,35.834564208984375
2025-09-08,97.5169906616211,15.802223205566406,26.305095672607422,25.297521591186523,45.49288558959961,31.033061981201172,21.95871925354004,25.605182647705078,35.65999984741211,52.330177307128906,32.758705139160156,29.54210662841797,20.66133689880371,16.32262420654297,26.837181091308594,24.48455238342285,643.372802734375,11.733914375305176,35.883079528808594
2025-09-09,97.32280731201172,15.772958755493164,26.228097915649414,25.326065063476562,45.45474624633789,30.963869094848633,21.963478088378906,25.586145401000977,35.619998931884766,52.32026672363281,32.768558502197266,29.571365356445312,20.586185455322266,16.259584426879883,26.84684944152832,24.553802490234375,644.8601684570312,11.714357376098633,35.94129943847656
2025-09-10,97.5169906616211,15.509588241577148,26.382097244262695,25.449745178222656,45.75981521606445,31.1566219329834,21.930164337158203,25.53855323791504,35.61000061035156,52.62751007080078,32.85722732543945,29.75667381286621,20.68111228942871,16.303226470947266,27.001529693603516,24.652729034423828,646.724365234375,11.714357376098633,35.92189025878906
2025-09-11,97.70145416259766,15.519342422485352,26.276222229003906,25.640024185180664,45.93141555786133,31.417577743530273,22.218568801879883,25.524274826049805,35.68000030517578,52.845550537109375,33.00501251220703,29.912721633911133,20.852176666259766,16.51174545288086,27.156211853027344,25.063278198242188,652.0987548828125,11.729024887084961,36.377952575683594
2025-09-12,97.61408233642578,15.577869415283203,26.40134620666504,25.630510330200195,45.8170166015625,31.480838775634766,22.187156677246094,25.65277671813965,35.599998474121094,52.895103454589844,32.99516296386719,29.902969360351562,20.81163787841797,16.488468170166016,27.02086639404297,25.15726089477539,651.8805541992188,11.685022354125977,36.17417907714844
2025-09-15,97.77912139892578,15.412043571472168,26.699722290039062,25.83981704711914,46.22694778442383,31.68149757385254,22.320415496826172,25.681331634521484,35.66999816894531,53.1726188659668,33.073978424072266,30.049264907836914,20.888763427734375,16.574787139892578,27.320560455322266,25.43227767944336,655.3511352539062,11.69480037689209,36.14506912231445
2025-09-16,97.81795501708984,15.324254035949707,26.68047332763672,25.792245864868164,45.85514831542969,31.670629501342773,22.34992218017578,25.72797393798828,35.70000076293945,53.33119583129883,33.05427169799805,30.098031997680664,20.933259963989258,16.652374267578125,27.320560455322266,25.46393394470215,654.4488525390625,11.724135398864746,36.26150894165039
2025-09-17,97.6432113647461,15.431551933288574,26.459096908569336,25.754192352294922,45.75981521606445,31.502586364746094,22.33945083618164,25.71940803527832,35.619998931884766,53.023948669433594,33.05427169799805,29.941984176635742,20.883819580078125,16.491378784179688,27.281888961791992,25.167152404785156,653.6357421875,11.69480037689209,36.251808166503906
2025-09-18,97.37135314941406,15.109655380249023,26.593849182128906,25.830303192138672,45.90281677246094,31.45909309387207,22.372764587402344,25.747962951660156,36.0099983215332,53.33119583129883,33.1429443359375,29.844451904296875,20.72560691833496,16.52144432067871,27.214216232299805,25.434255599975586,656.6898193359375,11.64374828338623,36.4555778503418
2025-09-19,97.37135314941406,15.168182373046875,26.62272071838379,25.83981704711914,46.05534744262695,31.600444793701172,22.39846420288086,25.728925704956055,35.720001220703125,53.390655517578125,33.15279769897461,29.785934448242188,20.779993057250977,16.4971981048584,27.204547882080078,25.651897430419922,659.9423217773438,11.614295959472656,36.63994216918945
2025-09-22,97.25484466552734,15.01211166381836,26.949970245361328,25.944469451904297,46.47481155395508,31.838665008544922,22.486984252929688,25.91929817199707,35.849998474121094,53.598793029785156,33.18235397338867,29.932228088378906,20.787904739379883,16.754209518432617,27.320560455322266,26.008037567138672,663.0645751953125,11.604476928710938,36.834007263183594
2025-09-23,97.41019439697266,15.070637702941895,26.872968673706055,25.97300910949707,46.312747955322266,31.774288177490234,22.407981872558594,25.94785499572754,36.0,53.4798583984375,33.1429443359375,30.01025390625,20.859098434448242,16.76972770690918,27.287689208984375,25.800289154052734,659.4551391601562,11.673201560974121,36.581722259521484
2025-09-24,97.2257080078125,15.363271713256836,27.017349243164062,25.93495750427246,46.29368209838867,31.348384857177734,22.40608024597168,25.633739471435547,35.97999954223633,53.24199676513672,33.073978424072266,30.058197021484375,20.794828414916992,16.632007598876953,27.114641189575195,25.61232566833496,657.3569946289062,11.633931159973145,36.552608489990234
2025-09-25,97.08979034423828,15.343762397766113,27.075302124023438,25.92544174194336,46.07319259643555,31.179014205932617,22.306137084960938,25.567110061645508,35.790000915527344,52.9437141418457,33.024715423583984,30.08755111694336,20.802736282348633,16.61164093017578,26.933856964111328,25.522302627563477,654.3242797851562,11.633931159973145,36.41676330566406
2025-09-26,97.15775299072266,15.421798706054688,27.210535049438477,25.982524871826172,46.552520751953125,31.74853515625,22.329931259155273,25.69085121154785,35.849998474121094,53.20221710205078,33.06412887573242,30.244104385375977,20.798782348632812,16.817249298095703,27.040199279785156,25.96846580505371,658.072998046875,11.594660758972168,36.48468780517578
2025-09-29,97.34222412109375,15.382781028747559,27.046323776245117,26.08867835998535,46.4566535949707,31.891162872314453,22.435585021972656,25.65277671813965,35.77000045776367,53.43090057373047,33.10353469848633,30.214750289916992,20.952999114990234,16.831796646118164,27.220983505249023,26.106962203979492,659.9224243164062,11.624113082885742,36.756385803222656
2025-09-30,97.33251190185547,15.529097557067871,27.017343521118164,26.117366790771484,46.686729431152344,32.02586364746094,22.47175407409668,25.633739471435547,35.900001525878906,53.60986328125,33.13309097290039,30.214750289916992,20.982851028442383,16.903568267822266,27.24321937561035,26.176212310791016,662.4082641601562,11.614295959472656,36.76608657836914
2025-10-01,97.58089447021484,15.275481224060059,26.853134155273438,26.213001251220703,46.75383758544922,32.252681732177734,22.510780334472656,25.529033660888672,35.869998931884766,53.868370056152344,33.16264724731445,30.293025970458984,21.024639129638672,17.06456184387207,27.45590591430664,26.55213737487793,664.6654052734375,11.64374828338623,36.92134094238281
2025-10-02,97.68804931640625,15.265726089477539,26.553693771362305,26.25125503540039,46.4566535949707,32.21306228637695,22.554563522338867,25.367216110229492,35.90999984741211,53.739112854003906,33.221763610839844,30.244104385375977,21.064435958862305,16.97727394104004,27.603818893432617,26.403745651245117,665.4309692382812,11.658474922180176,37.066890716552734
2025-10-03,97.58089447021484,15.265726089477539,26.804840087890625,26.356449127197266,46.89763259887695,32.23980712890625,22.614530563354492,25.433847427368164,35.970001220703125,53.808712005615234,33.221763610839844,30.420225143432617,21.087322235107422,17.1324520111084,27.620254516601562,26.730207443237305,665.421142578125,11.64374828338623,37.222145080566406
2025-10-06,97.3666000366211,15.177937507629395,27.123600006103516,26.87286949157715,47.10853958129883,32.62510299682617,22.730653762817383,25.567110061645508,35.97999954223633,53.95785140991211,33.320281982421875,30.488718032836914,21.07339096069336,17.3283634185791,27.64925765991211,27.16548728942871,667.8074951171875,11.584842681884766,37.38710021972656
2025-10-07,97.5322036743164,15.22670841217041,27.24917221069336,26.930248260498047,46.77301025390625,32.346778869628906,22.629758834838867,25.567110061645508,35.83000183105469,53.798770904541016,33.2414665222168,30.469148635864258,21.18284034729004,17.320602416992188,27.581584930419922,26.848918914794922,665.3316040039062,11.633931159973145,37.32888412475586
2025-10-08,97.54194641113281,15.031620025634766,27.548612594604492,27.274526596069336,47.24275588989258,32.60529327392578,22.758255004882812,25.576627731323242,35.81999969482422,53.947906494140625,33.31043243408203,30.576780319213867,21.272384643554688,17.52621078491211,27.658926010131836,27.382139205932617,669.2990112304688,11.614295959472656,37.42591857910156
2025-10-09,97.42504119873047,15.080391883850098,27.471338272094727,26.958938598632812,47.18523406982422,32.25664520263672,22.701147079467773,25.605182647705078,35.72999954223633,53.838539123535156,33.2414665222168,30.361520767211914,21.164928436279297,17.311874389648438,27.56224822998047,26.98741912841797,667.3600463867188,11.599569320678711,37.338584899902344
2025-10-10,97.82441711425781,15.568115234375,27.297466278076172,25.993045806884766,46.686729431152344,31.757450103759766,22.29947280883789,25.70037078857422,35.72999954223633,52.68521499633789,32.85722732543945,29.970134735107422,21.111202239990234,16.983095169067383,27.011198043823242,25.592540740966797,649.32275390625,11.830284118652344,36.87282180786133
2025-10-13,98.00948333740234,15.138919830322266,27.819074630737305,26.748544692993164,47.434486389160156,32.29923629760742,22.382282257080078,25.862186431884766,35.81999969482422,53.5004997253418,33.18235397338867,30.400657653808594,21.282333374023438,17.40886116027832,27.446237564086914,26.680742263793945,659.2860107421875,11.741925239562988,37.319175720214844
2025-10-14,98.16534423828125,15.168182373046875,27.906007766723633,26.786800384521484,47.30027389526367,32.22197723388672,22.44224739074707,25.814594268798828,35.7599983215332,53.58003234863281,33.202056884765625,30.390872955322266,21.35894775390625,17.554338455200195,27.359230041503906,26.809349060058594,658.4805908203125,11.79592227935791,37.40650939941406
2025-10-15,98.1263656616211,14.982847213745117,27.983285903930664,26.968503952026367,47.55910873413086,32.66868591308594,22.60405921936035,25.85266876220703,35.7599983215332,53.75899887084961,33.31043243408203,30.596349716186523,21.436555862426758,17.564037322998047,27.610586166381836,26.97752571105957,661.4039306640625,11.761560440063477,37.51324462890625
2025-10-16,98.47703552246094,15.041374206542969,28.21510887145996,27.140640258789062,47.51118087768555,32.74692916870117,22.57645606994629,25.914539337158203,35.70000076293945,53.570091247558594,33.26116943359375,30.557209014892578,21.569881439208984,17.641624450683594,27.64925765991211,26.819242477416992,656.8995971679688,11.908824920654297,37.542354583740234
2025-10-17,98.34066772460938,15.216955184936523,27.53895378112793,26.987627029418945,47.30027389526367,32.402244567871094,22.567888259887695,25.866945266723633,35.83000183105469,53.798770904541016,33.2414665222168,30.381088256835938,21.489288330078125,17.533000946044922,27.504243850708008,26.77967071533203,660.62841796875,11.810647964477539,37.44532012939453
2025-10-20,98.50625610351562,15.129164695739746,27.799755096435547,27.44666862487793,47.434486389160156,32.767730712890625,22.734460830688477,25.776519775390625,35.790000915527344,54.30583953857422,33.399105072021484,30.7039794921875,21.730070114135742,17.862751007080078,27.93928337097168,27.531518936157227,667.499267578125,11.732107162475586,37.474430084228516
2025-10-21,98.60366821289062,15.031620025634766,27.519634246826172,27.188457489013672,47.30027389526367,32.20018768310547,22.63642120361328,25.62421989440918,35.83000183105469,54.3853759765625,33.339988708496094,30.244104385375977,21.580825805664062,17.631925582885742,27.890947341918945,27.0170955657959,667.4893188476562,11.75174331665039,37.52294921875
2025-10-22,98.59391021728516,15.314498901367188,27.24917221069336,27.11195182800293,47.261924743652344,32.12887191772461,22.567888259887695,25.567110061645508,35.779998779296875,54.0771598815918,33.26116943359375,30.400657653808594,21.596744537353516,17.651323318481445,27.803937911987305,26.878597259521484,664.0191040039062,11.786105155944824,37.280364990234375
2025-10-23,98.4186019897461,14.934075355529785,26.998027801513672,27.140640258789062,47.271514892578125,32.400264739990234,22.778244018554688,25.55759048461914,35.83000183105469,54.22629928588867,33.339988708496094,30.635486602783203,21.603710174560547,17.709514617919922,27.755599975585938,27.29409408569336,667.9566650390625,11.712472915649414,37.590877532958984
2025-10-24,98.51598358154297,14.67070484161377,26.59233283996582,27.255399703979492,47.07978439331055,32.57656478881836,22.902935028076172,25.65277671813965,35.900001525878906,54.67371368408203,33.46806716918945,30.635486602783203,21.637537002563477,17.77740478515625,28.055295944213867,27.630447387695312,673.4155883789062,11.673201560974121,37.746131896972656
2025-10-27,98.58415985107422,14.4463529586792,26.16731834411621,27.322343826293945,46.86887741088867,32.54586410522461,22.962900161743164,25.71940803527832,35.849998474121094,55.29014205932617,33.52717971801758,30.527856826782227,21.670373916625977,17.816198348999023,28.33565330505371,28.016263961791992,681.3603515625,11.653566360473633,37.67820358276367
2025-10-28,98.64262390136719,14.43659782409668,26.080059051513672,27.23627471923828,46.52375793457031,32.539920806884766,22.939104080200195,25.614702224731445,35.83000183105469,55.4691047668457,33.458213806152344,30.420225143432617,21.700220108032227,17.845293045043945,28.432331085205078,28.055835723876953,683.1700439453125,11.673201560974121,37.752559661865234
2025-10-29,98.1750717163086,14.212244987487793,26.30304718017578,27.140640258789062,46.418304443359375,32.45077896118164,22.88960838317871,25.53855323791504,35.810001373291016,55.26031494140625,33.4483642578125,30.420225143432617,21.576845169067383,17.656171798706055,28.229312896728516,28.085512161254883,683.4982299804688,11.614295959472656,37.663333892822266
2025-10-30,97.99000549316406,14.358562469482422,26.41939353942871,27.169330596923828,46.552520751953125,32.47256851196289,22.763967514038086,25.471921920776367,35.7599983215332,54.6935920715332,33.369544982910156,30.33216667175293,21.457448959350586,17.61931800842285,27.842607498168945,27.768945693969727,675.9810180664062,11.604476928710938,37.62367630004883
2025-10-31,97.93156433105469,14.30003547668457,26.40000343322754,27.131078720092773,46.34161376953125,32.37154006958008,22.90007781982422,25.424327850341797,35.79999923706055,54.86261749267578,33.35969543457031,30.33216667175293,21.43556022644043,17.709514617919922,27.91994857788086,27.620553970336914,678.1983032226562,11.629022598266602,37.67324447631836
2025-11-03,97.81134796142578,14.241509437561035,26.4484806060791,27.178895950317383,46.3128547668457,32.36262512207031,22.877235412597656,25.17684555053711,35.810001373291016,54.91232681274414,33.379398345947266,30.33216667175293,21.322134017944336,17.5921630859375,27.98762321472168,27.848087310791016,679.4711303710938,11.614295959472656,37.5741081237793
2025-11-04,97.86022186279297,14.778003692626953,26.14792823791504,26.81549072265625,46.07319259643555,31.785181045532227,22.843921661376953,25.067378997802734,35.83000183105469,54.3853759765625,33.16264724731445,29.989704132080078,21.218656539916992,17.476749420166016,27.610586166381836,27.264413833618164,671.4169921875,11.67811107635498,37.237030029296875
2025-11-05,97.59635925292969,14.53414249420166,26.409698486328125,26.958938598632812,46.27450942993164,32.072418212890625,22.753498077392578,25.060714721679688,35.810001373291016,54.25612258911133,33.33013916015625,30.107120513916016,21.193782806396484,17.453474044799805,27.571916580200195,27.447431564331055,673.7437133789062,11.584842681884766,37.53445053100586
2025-11-06,97.95793914794922,14.67070484161377,26.0606689453125,26.844179153442383,46.33203125,32.00308609008789,22.834402084350586,25.220630645751953,35.689998626708984,53.98767852783203,33.1429443359375,30.146257400512695,21.270395278930664,17.380733489990234,27.45590591430664,26.967632293701172,666.514892578125,11.697746276855469,37.2072868347168
2025-11-07,97.9188461303711,14.826776504516602,26.18670654296875,26.920684814453125,46.4566535949707,32.183349609375,22.634519577026367,25.272029876708984,35.7599983215332,53.87831115722656,33.18235397338867,30.381088256835938,21.284324645996094,17.380733489990234,27.47524070739746,26.98741912841797,667.1710815429688,11.67811107635498,37.316341400146484
2025-11-10,97.87977600097656,14.465861320495605,26.89445686340332,27.226709365844727,47.00308609008789,32.713253021240234,22.920066833496094,25.359601974487305,35.81999969482422,54.48480224609375,33.40895462036133,30.684410095214844,21.458444595336914,17.69011688232422,27.81360626220703,27.838193893432617,677.5818481445312,11.594660758972168,37.54436111450195
2025-11-11,98.17292785644531,14.719477653503418,26.613296508789062,27.398849487304688,47.10853958129883,32.776641845703125,22.91340446472168,25.50999641418457,35.84000015258789,55.111175537109375,33.41880416870117,30.919239044189453,21.550975799560547,17.792922973632812,28.06496238708496,28.164653778076172,679.1329956054688,11.633931159973145,37.69307327270508
2025-11-12,98.13385009765625,14.690214157104492,26.5648193359375,27.64749526977539,47.10853958129883,32.978702545166016,22.86962127685547,25.433847427368164,35.810001373291016,54.86261749267578,33.379398345947266,30.948591232299805,21.649478912353516,17.854991912841797,28.035959243774414,28.233905792236328,679.5109252929688,11.633931159973145,37.821956634521484
2025-11-13,97.84068298339844,15.168182373046875,26.584209442138672,27.35103416442871,46.830528259277344,32.47752380371094,22.66307258605957,25.357698440551758,35.72999954223633,54.00756072998047,33.083831787109375,30.723548889160156,21.451478958129883,17.51942253112793,27.70726203918457,27.185272216796875,668.235107421875,11.697746276855469,37.35599899291992
2025-11-14,97.72340393066406,15.080391883850098,26.438785552978516,27.169330596923828,46.66756057739258,32.389366149902344,22.6440372467041,25.310104370117188,35.650001525878906,53.82859802246094,33.05427169799805,30.713764190673828,21.3420352935791,17.410799026489258,27.59125328063965,27.155595779418945,668.1256713867188,11.673201560974121,37.375823974609375
2025-11-17,97.7429428100586,15.304744720458984,26.584209442138672,27.11195182800293,46.47582244873047,32.13283920288086,22.4936466217041,25.26251220703125,35.66999816894531,53.49055099487305,32.916343688964844,30.5180721282959,21.21268653869629,17.26241111755371,27.301223754882812,26.66095733642578,661.901123046875,11.7222900390625,37.05857849121094
2025-11-18,97.80158996582031,15.275481224060059,26.593904495239258,27.092824935913086,46.5141716003418,31.95256996154785,22.368005752563477,25.34817886352539,35.709999084472656,53.172393798828125,32.876930236816406,30.566993713378906,21.162939071655273,17.282779693603516,27.040199279785156,26.43342399597168,656.3427734375,11.80083179473877,37.12797546386719
2025-11-19,97.80158996582031,15.070637702941895,26.458173751831055,27.255399703979492,46.79218292236328,31.86639976501465,22.440345764160156,25.19112205505371,35.689998626708984,53.25193405151367,32.88678741455078,30.41044044494629,21.14005470275879,17.2575626373291,27.059534072875977,26.413639068603516,658.8783569335938,11.75174331665039,37.12797546386719
2025-11-20,97.9188461303711,15.421798706054688,26.089754104614258,27.264965057373047,46.4566535949707,31.446441650390625,22.2728214263916,25.173988342285156,35.56999969482422,52.50625228881836,32.62077713012695,30.058197021484375,21.036577224731445,17.110145568847656,26.769508361816406,25.721145629882812,648.8355712890625,11.908824920654297,37.04866027832031
2025-11-21,98.15340423583984,15.353516578674316,26.0994873046875,27.226709365844727,46.26491928100586,31.563318252563477,22.39846420288086,25.128299713134766,35.790000915527344,53.00337219238281,32.7390022277832,30.136472702026367,21.098264694213867,17.22943687438965,27.127206802368164,26.136642456054688,655.2987670898438,11.849919319152832,37.27668380737305
2025-11-24,98.34883880615234,14.90481185913086,26.050830841064453,27.44666862487793,46.48541259765625,31.992189407348633,22.407981872558594,25.129249572753906,35.790000915527344,53.838539123535156,32.9360466003418,30.420225143432617,21.273380279541016,17.35066795349121,27.465572357177734,26.785606384277344,664.9437866210938,11.761560440063477,37.55427932739258
2025-11-25,98.50519561767578,14.787757873535156,26.216266632080078,27.51361083984375,46.3703727722168,32.15760040283203,22.51458740234375,25.26251220703125,35.810001373291016,54.474857330322266,33.06412887573242,30.537639617919922,21.391780853271484,17.49614715576172,27.745933532714844,27.16548728942871,671.1982421875,11.707563400268555,37.48488235473633
2025-11-26,98.66155242919922,14.53414249420166,26.43035316467285,27.666622161865234,46.638797760009766,32.49039840698242,22.618337631225586,25.38149642944336,35.83000183105469,54.882503509521484,33.221763610839844,30.880102157592773,21.511178970336914,17.617380142211914,28.016624450683594,27.55427360534668,675.8318481445312,11.673201560974121,37.65341567993164
2025-11-28,98.52474975585938,14.514634132385254,26.576324462890625,27.64749526977539,46.715492248535156,32.8350830078125,22.658313751220703,25.424327850341797,35.849998474121094,55.02169418334961,33.33013916015625,31.114931106567383,21.49127769470215,17.307024002075195,28.08429718017578,27.650232315063477,679.5208129882812,11.633931159973145,38.00040817260742
2025-12-01,98.0992431640625,14.514634132385254,26.469282150268555,27.417978286743164,46.619625091552734,32.748905181884766,22.59263801574707,25.338661193847656,35.790000915527344,54.623992919921875,33.221763610839844,31.0855770111084,21.35198211669922,17.505844116210938,27.842607498168945,27.422698974609375,676.41845703125,11.575024604797363,37.76247024536133
2025-12-02,98.2267074584961,14.504878997802734,26.459550857543945,27.494482040405273,46.686729431152344,32.74494934082031,22.580263137817383,25.28154945373535,35.79999923706055,54.65382385253906,33.27102279663086,30.977947235107422,21.360937118530273,17.578584671020508,27.890947341918945,27.521625518798828,677.67138671875,11.584842681884766,37.96075439453125
2025-12-03,98.41297912597656,14.251262664794922,26.2746524810791,27.51361083984375,46.6579704284668,32.87370681762695,22.672590255737305,25.400531768798828,35.81999969482422,55.061466217041016,33.339988708496094,31.114931106567383,21.52112579345703,17.649383544921875,28.113300323486328,27.79862403869629,680.0180053710938,11.584842681884766,38.040061950683594
2025-12-04,98.17768096923828,14.192736625671387,26.225996017456055,27.40841293334961,46.89763259887695,32.86083221435547,22.691627502441406,25.319623947143555,35.790000915527344,54.962039947509766,33.34983825683594,31.232345581054688,21.52112579345703,17.60283088684082,27.929616928100586,27.82830047607422,680.51513671875,11.550480842590332,37.9805793762207
2025-12-05,98.06983184814453,14.202491760253906,25.904863357543945,27.427539825439453,46.66756057739258,32.86776351928711,22.673542022705078,25.224437713623047,35.849998474121094,55.01175308227539,33.38924789428711,31.13450050354004,21.40670394897461,17.60283088684082,27.968286514282227,27.956907272338867,681.8078002929688,11.506300926208496,37.9805793762207
2025-12-08,97.9129638671875,14.085436820983887,25.934053421020508,27.40841293334961,46.47582244873047,32.754852294921875,22.625,25.367216110229492,35.72999954223633,54.61405563354492,33.379398345947266,30.909454345703125,21.308204650878906,17.51554298400879,27.83294105529785,27.571090698242188,679.7594604492188,11.49648380279541,38.020233154296875
2025-12-09,97.8247299194336,14.017156600952148,25.96324920654297,27.57098960876465,46.418304443359375,32.82319259643555,22.701147079467773,25.4433650970459,35.83000183105469,54.544456481933594,33.41880416870117,30.899669647216797,21.35198211669922,17.447654724121094,27.745933532714844,27.78873062133789,679.1727905273438,11.491575241088867,38.0301513671875
2025-12-10,98.13846588134766,13.822067260742188,25.895130157470703,27.676185607910156,46.46623992919922,33.04803466796875,23.01525115966797,25.481441497802734,35.95000076293945,55.12112045288086,33.5468864440918,31.02686882019043,21.517147064208984,17.651323318481445,28.122968673706055,27.986587524414062,683.6771850585938,11.491575241088867,37.861610412597656
2025-12-11,98.15807342529297,13.783049583435059,26.118953704833984,27.762256622314453,46.74424743652344,33.357059478759766,22.834402084350586,25.709888458251953,36.08000183105469,55.02169418334961,33.615848541259766,31.349761962890625,21.557939529418945,17.758007049560547,28.25831413269043,28.392189025878906,685.26806640625,11.476848602294922,38.248260498046875
2025-12-12,97.85413360595703,14.231754302978516,26.041101455688477,27.70487403869629,46.33203125,33.10052490234375,22.50126075744629,25.628978729248047,35.91999816894531,54.55439758300781,33.43851089477539,31.17363929748535,21.39277458190918,17.612529754638672,27.910282135009766,27.620553970336914,677.9000854492188,11.471940040588379,38.0301513671875
2025-12-15,97.95219421386719,14.309789657592773,26.177337646484375,27.666622161865234,46.715492248535156,33.23126983642578,22.539335250854492,25.67181396484375,35.93000030517578,54.51463317871094,33.379398345947266,31.154069900512695,21.360937118530273,17.661020278930664,27.910282135009766,27.78873062133789,676.8758544921875,11.49648380279541,38.109458923339844
2025-12-16,98.13846588134766,14.270771980285645,26.30384635925293,27.58055305480957,46.49333190917969,33.044071197509766,22.396560668945312,25.686092376708984,36.0,54.35554885864258,33.35969543457031,30.811609268188477,21.31715965270996,17.505844116210938,27.849374771118164,27.521625518798828,675.0264282226562,11.506300926208496,38.040061950683594
2025-12-17,98.10905456542969,14.641441345214844,26.32330894470215,27.63793182373047,46.433563232421875,32.82913589477539,22.343259811401367,25.70037078857422,36.0099983215332,53.87831115722656,33.251319885253906,31.046438217163086,21.311189651489258,17.60283088684082,27.49457550048828,27.29409408569336,667.5986938476562,11.584842681884766,37.94092559814453
2025-12-18,98.3541488647461,14.40733528137207,26.49847412109375,27.676185607910156,46.52322006225586,33.02227783203125,22.388944625854492,25.871706008911133,35.97999954223633,54.34560775756836,33.379398345947266,31.02686882019043,21.4285945892334,17.69981575012207,27.79427146911621,27.64034080505371,672.6399536132812,11.549077987670898,38.17885971069336
2025-12-19,98.21052551269531,14.222000122070312,26.469282150268555,28.020463943481445,46.712501525878906,33.220375061035156,22.539335250854492,25.767000198364258,35.959999084472656,54.45497512817383,33.53703308105469,31.144285202026367,21.40968894958496,17.893787384033203,27.948951721191406,28.243797302246094,678.7363891601562,11.444764137268066,38.159034729003906
2025-12-22,98.17118072509766,14.124454498291016,26.615249633789062,28.125659942626953,46.662689208984375,33.61854553222656,22.539335250854492,25.989999771118164,35.900001525878906,55.04158401489258,33.57644271850586,31.428035736083984,21.4813289642334,18.05866241455078,28.17130470275879,28.619722366333008,682.96484375,11.405024528503418,38.377140045166016
2025-12-23,98.17118072509766,14.163473129272461,26.732454299926758,28.183040618896484,46.772274017333984,33.831298828125,22.625,25.954999923706055,35.88999938964844,55.14100646972656,33.615848541259766,31.64329719543457,21.57087516784668,18.1750431060791,28.296985626220703,28.936288833618164,686.0863037109375,11.37522029876709,38.28791427612305
2025-12-24,98.3875961303711,14.173227310180664,26.634784698486328,28.15435028076172,46.52322006225586,33.90421676635742,22.639999389648438,25.906999588012695,35.939998626708984,55.49893569946289,33.66511154174805,31.672651290893555,21.707183837890625,18.204139709472656,28.461334228515625,28.98575210571289,688.4996948242188,11.414958953857422,38.27799987792969
2025-12-26,98.40726470947266,14.10494613647461,27.074302673339844,28.33605194091797,46.69257736206055,34.04905319213867,22.92300033569336,25.93000030517578,35.939998626708984,55.47699737548828,33.674964904785156,31.75092887878418,21.723106384277344,18.466001510620117,28.47100067138672,29.331998825073242,688.4298706054688,11.414958953857422,38.470001220703125
2025-12-29,98.52531433105469,14.222000122070312,26.52734375,28.001338958740234,46.61288070678711,33.62154006958008,22.559999465942383,25.780000686645508,35.959999084472656,55.33738327026367,33.60599899291992,31.499176025390625,21.685131072998047,18.104999542236328,29.280000686645508,28.670000076293945,685.9765625,11.429862022399902,38.27000045776367
2025-12-30,98.48597717285156,14.350000381469727,26.4785099029541,28.029226303100586,46.89181900024414,33.7923469543457,22.549999237060547,25.969999313354492,35.88999938964844,55.26757049560547,33.61000061035156,31.629047393798828,21.625171661376953,18.239999771118164,28.989999771118164,28.8799991607666,685.138916015625,11.414958953857422,38.27000045776367
2025-12-31,98.24987030029297,14.390000343322754,26.625019073486328,27.949542999267578,46.87189483642578,33.4866943359375,22.549999237060547,25.950000762939453,35.790000915527344,54.65925216674805,33.5099983215332,31.419254302978516,21.435302734375,17.920000076293945,28.1200008392334,28.350000381469727,680.062744140625,11.414958953857422,38.02000045776367
2026-01-02,98.22037506103516,14.050000190734863,26.52734375,28.039188385009766,47.26041793823242,33.672481536865234,22.540000915527344,26.100000381469727,35.869998931884766,54.67919921875,33.7400016784668,31.738941192626953,21.614179611206055,18.100000381469727,28.274999618530273,28.56999969482422,681.309326171875,11.400057792663574,38.209999084472656
2026-01-05,98.40726470947266,13.899999618530273,26.87896156311035,28.248361587524414,47.469627380371094,34.08900451660156,22.940000534057617,26.31999969482422,35.91999816894531,55.078094482421875,33.90999984741211,32.0086784362793,21.80204963684082,18.489999771118164,28.56999969482422,29.219999313354492,685.846923828125,11.409992218017578,38.72999954223633
2026-01-06,98.3875961303711,13.65999984741211,27.05476951599121,28.328046798706055,47.459659576416016,34.46257781982422,23.014999389648438,26.450000762939453,35.77000045776367,55.47699737548828,34.13999938964844,32.12855911254883,21.914974212646484,18.540000915527344,28.56999969482422,29.6299991607666,689.92578125,11.38018798828125,38.709999084472656
2026-01-07,98.48597717285156,13.729999542236328,26.859426498413086,28.21847915649414,47.091064453125,34.226844787597656,22.964000701904297,26.100000381469727,35.970001220703125,55.32740783691406,33.970001220703125,31.828853607177734,21.884992599487305,18.299999237060547,28.670000076293945,29.260000228881836,687.701904296875,11.434828758239746,38.720001220703125
2026-01-08,98.30890655517578,13.979999542236328,26.898494720458984,28.168676376342773,47.469627380371094,34.19987487792969,22.940000534057617,26.209999084472656,35.97999954223633,55.32740783691406,33.9900016784668,32.09859085083008,21.828033447265625,18.350000381469727,28.549999237060547,29.200000762939453,687.632080078125,11.38515567779541,38.63999938964844
2026-01-09,98.52531433105469,13.859999656677246,27.191505432128906,28.38780975341797,48.05739212036133,34.56446075439453,23.049999237060547,26.347000122070312,35.900001525878906,55.54680252075195,34.13999938964844,32.3183708190918,21.96993637084961,18.6299991607666,28.790000915527344,29.790000915527344,692.1796264648438,11.37522029876709,38.84000015258789
2026-01-12,98.47612762451172,13.920000076293945,27.3184757232666,28.736433029174805,48.09723663330078,35.00994873046875,23.204999923706055,26.510000228881836,35.869998931884766,55.71633529663086,34.220001220703125,32.5181770324707,22.05487632751465,18.829999923706055,28.90999984741211,30.1200008392334,693.2666625976562,11.345417022705078,39.02000045776367
2026-01-13,98.56465148925781,13.8100004196167,27.3184757232666,28.696590423583984,48.18689727783203,34.73027038574219,23.131000518798828,26.510000228881836,35.84000015258789,55.706363677978516,34.20000076293945,32.578121185302734,22.094850540161133,18.829999923706055,28.729999542236328,30.079999923706055,691.8804931640625,11.395090103149414,39.0
2026-01-14,98.71220397949219,14.010000228881836,27.689626693725586,28.79619598388672,48.57542037963867,35.031925201416016,23.27199935913086,26.670000076293945,35.97999954223633,55.53683090209961,34.22999954223633,32.947757720947266,22.23475456237793,18.860000610351562,28.81999969482422,30.079999923706055,688.479736328125,11.424894332885742,39.31999969482422
2026-01-15,98.58433532714844,13.920000076293945,27.357545852661133,28.74639320373535,48.635196685791016,35.31659698486328,23.197999954223633,26.579999923706055,36.0,55.34735107421875,34.31999969482422,32.92777633666992,22.26273536682129,18.809999465942383,28.920000076293945,30.010000228881836,690.3546142578125,11.395090103149414,39.400001525878906
2026-01-16,98.4171142578125,13.800000190734863,26.918027877807617,28.596982955932617,48.4160270690918,35.28563690185547,23.155000686645508,26.399999618530273,35.9900016784668,55.34735107421875,34.31999969482422,32.917789459228516,22.16180419921875,18.719999313354492,28.670000076293945,29.920000076293945,689.7761840820312,11.335481643676758,39.11000061035156
2026-01-20,98.0433120727539,14.0600004196167,27.10360336303711,28.646787643432617,47.878074645996094,35.17975997924805,23.079999923706055,26.40999984741211,35.91999816894531,54.130706787109375,34.08000183105469,33.0176887512207,21.974931716918945,18.540000915527344,28.100000381469727,28.8700008392334,675.7345581054688,11.444764137268066,38.59000015258789
2026-01-21,98.367919921875,13.859999656677246,26.996166229248047,29.07509422302246,47.937843322753906,35.66520309448242,23.329999923706055,26.209999084472656,36.099998474121094,54.70911407470703,34.27000045776367,33.387325286865234,22.287717819213867,18.719999313354492,28.450000762939453,29.579999923706055,683.5332641601562,11.355351448059082,38.689998626708984
2026-01-22,98.3875961303711,13.84000015258789,27.181739807128906,29.373912811279297,48.2367057800293,36.15763854980469,23.420000076293945,26.360000610351562,36.029998779296875,54.94845199584961,34.38999938964844,33.477237701416016,22.36766242980957,18.8799991607666,28.6299991607666,30.030000686645508,687.103515625,11.32058048248291,38.93000030517578
2026-01-23,98.47612762451172,14.0600004196167,27.543123245239258,29.244426727294922,48.09723663330078,36.118682861328125,23.40999984741211,26.31999969482422,36.02000045776367,54.99831771850586,34.38999938964844,33.84687805175781,22.50457000732422,18.950000762939453,28.690000534057617,30.110000610351562,687.352783203125,11.345417022705078,38.95000076293945
2026-01-26,98.6236801147461,14.15999984741211,27.855669021606445,29.184659957885742,48.29648208618164,36.46828079223633,23.559999465942383,26.360000610351562,36.119998931884766,55.29749298095703,34.38999938964844,33.91680908203125,22.701433181762695,18.959999084472656,28.975000381469727,30.34000015258789,690.84326171875,11.345417022705078,38.869998931884766
2026-01-27,98.55481719970703,13.920000076293945,27.796857833862305,29.752418518066406,48.27655792236328,36.95772171020508,23.559999465942383,26.59000015258789,36.220001220703125,55.586692810058594,34.560001373291016,34.34638977050781,22.80936050415039,19.139999389648438,29.149999618530273,30.790000915527344,693.5957641601562,11.32058048248291,38.90999984741211
2026-01-28,98.51547241210938,13.920000076293945,28.31633186340332,29.951629638671875,48.495723724365234,37.2324104309082,23.709999084472656,26.690000534057617,36.130001068115234,55.41716003417969,34.630001068115234,34.53620147705078,22.92428207397461,19.3700008392334,29.049999237060547,31.09000015258789,693.5259399414062,11.31561279296875,39.11000061035156
2026-01-29,98.51547241210938,13.949999809265137,28.433950424194336,30.07115936279297,48.455875396728516,37.275360107421875,23.676000595092773,26.579999923706055,36.290000915527344,55.20773696899414,34.619998931884766,34.70603942871094,22.965253829956055,19.459999084472656,29.110000610351562,31.09000015258789,692.1497192382812,11.335481643676758,38.869998931884766
2026-01-30,98.49580383300781,14.220000267028809,27.493013381958008,29.07509422302246,47.977691650390625,35.94188690185547,23.437999725341797,25.959999084472656,36.16999816894531,55.088069915771484,34.290000915527344,33.856868743896484,22.44960594177246,18.610000610351562,28.850000381469727,29.610000610351562,690.0853271484375,11.355351448059082,37.810001373291016
2026-02-02,98.38230895996094,14.09000015258789,27.08135223388672,28.95556640625,48.27655792236328,35.85398483276367,23.40999984741211,26.420000076293945,36.08000183105469,55.43710708618164,34.38999938964844,33.41729736328125,22.31969451904297,18.610000610351562,28.899999618530273,29.860000610351562,693.5159912109375,11.290775299072266,38.619998931884766
2026-02-03,98.39217376708984,14.140000343322754,27.493013381958008,29.48348045349121,48.675045013427734,36.407352447509766,23.549999237060547,26.670000076293945,36.11000061035156,54.898590087890625,34.45000076293945,34.196533203125,22.631481170654297,18.829999923706055,28.93000030517578,29.889999389648438,687.6520385742188,11.340449333190918,38.59000015258789
2026-02-04,98.33296203613281,14.40999984741211,27.77725601196289,29.56316566467285,48.934059143066406,36.418338775634766,23.399999618530273,26.6200008392334,36.060001373291016,54.619361877441406,34.33000183105469,34.23649597167969,22.571523666381836,18.760000228881836,28.729999542236328,29.709999084472656,684.3211059570312,11.37522029876709,38.619998931884766
2026-02-05,98.75732421875,14.529999732971191,27.551822662353516,29.08505630493164,48.107200622558594,35.693172454833984,23.229999542236328,26.200000762939453,35.93000030517578,54.140682220458984,34.119998931884766,33.806915283203125,22.484582901000977,18.440000534057617,28.540000915527344,28.770000457763672,675.7744750976562,11.514307022094727,38.279998779296875
2026-02-06,98.81653594970703,14.100000381469727,27.767452239990234,30.041275024414062,49.013755798339844,36.76893997192383,23.670000076293945,26.625999450683594,36.209999084472656,55.078094482421875,34.529998779296875,34.3164176940918,22.71942138671875,18.94300079345703,29.190000534057617,29.969999313354492,688.739013671875,11.39012336730957,38.4900016784668
2026-02-09,98.84614562988281,13.819999694824219,28.1007022857666,30.499465942382812,49.491939544677734,37.3582649230957,23.770000457763672,26.889999389648438,36.31999969482422,55.37726974487305,34.66999816894531,34.82592010498047,22.929277420043945,19.170000076293945,29.440000534057617,30.5,692.0599975585938,11.37025260925293,38.959999084472656
2026-02-10,99.1323471069336,13.970000267028809,28.159509658813477,30.399858474731445,49.4122428894043,37.15449523925781,23.743000030517578,26.84000015258789,36.40999984741211,55.44707489013672,34.709999084472656,34.8159294128418,22.96725082397461,19.15999984741211,29.4950008392334,30.25,690.2349243164062,11.439796447753906,38.81999969482422
2026-02-11,98.90535736083984,13.920000076293945,28.36534309387207,30.509424209594727,49.561676025390625,37.541053771972656,23.899999618530273,26.799999237060547,36.290000915527344,55.3672981262207,34.77000045776367,35.29546356201172,23.174110412597656,19.219999313354492,29.40999984741211,30.360000610351562,690.075439453125,11.405024528503418,38.91999816894531
2026-02-12,99.34945678710938,14.130000114440918,28.12030601501465,30.041275024414062,48.4160270690918,37.11753845214844,23.639999389648438,26.440000534057617,36.25,54.56949996948242,34.540000915527344,34.805938720703125,23.124143600463867,19.059999465942383,29.200000762939453,29.540000915527344,679.41455078125,11.57888126373291,38.400001525878906
2026-02-13,99.66525268554688,14.079999923706055,28.257526397705078,30.260408401489258,48.6252326965332,37.07558822631836,23.790000915527344,26.530000686645508,36.34000015258789,54.719085693359375,34.619998931884766,35.055694580078125,23.134136199951172,19.160999298095703,29.270000457763672,29.670000076293945,679.8931884765625,11.618619918823242,38.38999938964844
2026-02-17,99.67512512207031,14.0,28.522165298461914,30.06119728088379,48.91413497924805,36.830867767333984,23.68000030517578,26.530000686645508,36.380001068115234,54.868675231933594,34.59000015258789,34.835906982421875,23.034204483032227,19.190000534057617,29.299999237060547,29.719999313354492,680.9901733398438,11.563980102539062,38.18000030517578
2026-02-18,99.53695678710938,13.90999984741211,28.9730281829834,30.42974090576172,49.402278900146484,37.134517669677734,23.829999923706055,26.68000030517578,36.459999084472656,54.94845199584961,34.75,35.07567596435547,23.151124954223633,19.25,29.309999465942383,29.940000534057617,684.4208374023438,11.514307022094727,38.689998626708984
2026-02-19,99.55669403076172,13.890000343322754,29.178861618041992,30.489505767822266,49.601524353027344,37.23640441894531,23.78499984741211,26.68000030517578,36.33000183105469,54.94845199584961,34.7400016784668,35.225528717041016,23.179105758666992,19.260000228881836,29.290000915527344,29.969999313354492,682.61572265625,11.568947792053223,38.90999984741211
2026-02-20,99.57643127441406,13.850000381469727,29.20826530456543,30.848087310791016,49.691184997558594,37.64593505859375,23.954999923706055,26.65999984741211,36.52000045776367,55.27754592895508,34.86000061035156,35.37538146972656,23.508880615234375,19.399999618530273,29.610000610351562,30.399999618530273,687.5523071289062,11.514307022094727,38.84000015258789
2026-02-23,99.77381134033203,14.020000457763672,29.414093017578125,30.828166961669922,49.74099349975586,37.62795639038086,23.725000381469727,26.770000457763672,36.45000076293945,54.70911407470703,34.689998626708984,35.51524353027344,23.343994140625,19.389999389648438,29.459999084472656,30.030000686645508,680.531494140625,11.628555297851562,38.849998474121094
2026-02-24,99.7639389038086,13.829999923706055,29.423946380615234,30.987537384033203,50.00000762939453,37.804752349853516,23.790000915527344,26.850000381469727,36.34000015258789,55.157875061035156,34.86000061035156,35.65510559082031,23.38396644592285,19.3799991607666,29.56999969482422,30.329999923706055,685.4779052734375,11.559012413024902,39.31999969482422
2026-02-25,99.714599609375,13.619999885559082,29.483049392700195,31.19670867919922,50.189292907714844,38.1513557434082,24.038000106811523,26.860000610351562,36.380001068115234,55.60663604736328,35.0,35.76499938964844,23.484895706176758,19.559999465942383,29.81999969482422,30.8799991607666,691.26220703125,11.494436264038086,39.65999984741211
2026-02-26,99.87248992919922,13.800000190734863,29.542152404785156,31.11702537536621,50.34868621826172,38.0265007019043,24.0,26.969999313354492,36.470001220703125,55.41716003417969,34.97999954223633,35.81494903564453,23.503883361816406,19.690000534057617,29.84000015258789,30.65999984741211,687.422607421875,11.544110298156738,39.540000915527344
2026-02-27,100.06987762451172,14.079999923706055,29.788421630859375,31.346118927001953,50.2291374206543,38.12538528442383,23.895000457763672,27.059999465942383,36.290000915527344,55.1678466796875,34.900001525878906,36.084686279296875,23.67376708984375,19.75,29.809999465942383,30.700000762939453,684.1216430664062,11.638489723205566,39.630001068115234
2026-03-02,99.66992950439453,14.020000457763672,29.84752082824707,31.166828155517578,50.468231201171875,37.94159698486328,23.854999542236328,27.25,36.29999923706055,55.14790344238281,34.79999923706055,36.27450180053711,23.539859771728516,19.520000457763672,29.399999618530273,30.600000381469727,684.5106201171875,11.57888126373291,39.72999954223633
2026-03-03,99.56102752685547,14.25,29.276182174682617,30.200645446777344,49.83065414428711,36.767940521240234,23.43600082397461,27.024999618530273,36.20000076293945,54.64927673339844,34.45000076293945,35.63512420654297,23.132139205932617,19.100000381469727,28.780000686645508,29.559999465942383,678.4771118164062,11.643457412719727,39.31999969482422
2026-03-04,99.52143859863281,14.119999885559082,29.689910888671875,30.489505767822266,50.488155364990234,36.977699279785156,23.674999237060547,27.360000610351562,36.38999938964844,54.898590087890625,34.61000061035156,35.70506286621094,23.14712905883789,19.329999923706055,29.09000015258789,30.25,683.2639770507812,11.544110298156738,39.63999938964844
2026-03-05,99.23434448242188,14.210000038146973,29.630807876586914,30.130922317504883,50.42837905883789,36.44630813598633,23.445999145507812,27.280000686645508,36.20000076293945,54.64927673339844,34.41999816894531,35.4453125,22.894302368164062,19.059999465942383,28.600000381469727,29.729999542236328,679.4544067382812,11.573914527893066,39.540000915527344
2026-03-06,99.11555480957031,14.510000228881836,29.76871681213379,30.688716888427734,50.23910140991211,36.38338088989258,23.670000076293945,27.479999542236328,36.150001525878906,54.001068115234375,34.25,35.63512420654297,22.78437614440918,19.170000076293945,28.200000762939453,29.389999389648438,670.5487060546875,11.732870101928711,39.689998626708984
2026-03-09,99.43234252929688,14.3100004196167,29.62095832824707,30.74848175048828,50.01993179321289,36.50723648071289,23.707000732421875,27.40999984741211,36.31999969482422,54.55952453613281,34.38999938964844,35.65510559082031,22.978242874145508,19.15999984741211,28.6200008392334,29.649999618530273,676.4227294921875,11.628555297851562,39.439998626708984
2026-03-10,99.10564422607422,14.149999618530273,29.975582122802734,30.808244705200195,50.418418884277344,36.718997955322266,23.770000457763672,27.6299991607666,36.130001068115234,54.34013366699219,34.45000076293945,35.715049743652344,22.85433006286621,19.280000686645508,28.420000076293945,29.760000228881836,675.3356323242188,11.623587608337402,39.7599983215332
2026-03-11,98.66016387939453,14.029999732971191,29.81797218322754,30.768402099609375,50.60770034790039,36.67904281616211,23.719999313354492,27.829999923706055,36.119998931884766,54.320186614990234,34.470001220703125,35.994773864746094,22.774385452270508,19.1299991607666,28.270000457763672,29.809999465942383,674.4879760742188,11.549077987670898,39.9900016784668
2026-03-12,98.29387664794922,14.359999656677246,30.034687042236328,30.778362274169922,50.95637512207031,36.27550506591797,23.454999923706055,28.049999237060547,36.040000915527344,53.13345718383789,34.20000076293945,36.10466766357422,22.56452751159668,19.09000015258789,27.829999923706055,29.229999542236328,664.2459106445312,11.663326263427734,40.099998474121094
2026-03-13,98.21467590332031,14.399999618530273,29.985431671142578,30.539308547973633,50.68739700317383,35.61925506591797,23.309999465942383,27.8799991607666,36.02000045776367,52.99384307861328,34.13999938964844,35.82494354248047,22.414630889892578,18.950000762939453,27.549999237060547,28.790000915527344,660.4862060546875,11.693131446838379,39.790000915527344
2026-03-16,98.60076141357422,14.220000267028809,29.433795928955078,30.69867706298828,50.32876205444336,36.0347785949707,23.5,27.93000030517578,36.08000183105469,53.45257568359375,34.33000183105469,35.894874572753906,22.574522018432617,19.040000915527344,28.049999237060547,29.270000457763672,667.2078857421875,11.603718757629395,40.0099983215332
2026-03-17,98.79875946044922,14.09000015258789,30.182445526123047,30.94769287109375,50.747169494628906,36.22156524658203,23.600000381469727,28.229999542236328,36.220001220703125,53.76172637939453,34.45000076293945,36.15461730957031,22.69443702697754,19.209999084472656,28.18000030517578,29.469999313354492,668.9630126953125,11.59378433227539,40.189998626708984
2026-03-18,98.38297271728516,13.979999542236328,30.369609832763672,30.688716888427734,50.567848205566406,35.78705978393555,23.399999618530273,28.170000076293945,36.0099983215332,52.904090881347656,34.2400016784668,35.88488006591797,22.438613891601562,19.040000915527344,27.600000381469727,28.950000762939453,659.6285400390625,11.703064918518066,39.75
2026-03-19,98.49186706542969,13.9399995803833,29.8770751953125,30.120960235595703,49.691184997558594,35.384521484375,23.22100067138672,27.84000015258789,36.06999969482422,52.5550537109375,34.220001220703125,35.695068359375,22.317697525024414,18.85700035095215,27.510000228881836,28.639999389648438,658.0029907226562,11.713000297546387,39.4900016784668
2026-03-20,97.67019653320312,14.149999618530273,29.916479110717773,29.69265365600586,49.661293029785156,34.50053405761719,22.850000381469727,27.969999313354492,36.08000183105469,51.25863265991211,33.849998474121094,35.16558837890625,21.755083084106445,18.610000610351562,26.670000076293945,28.125,648.5700073242188,11.760000228881836,38.97999954223633
2026-03-23,98.03648376464844,13.859999656677246,28.429027557373047,29.43367576599121,49.561676025390625,35.05789566040039,23.18000030517578,27.350000381469727,36.369998931884766,51.966678619384766,34.060001373291016,35.10564422607422,21.92496681213379,18.559999465942383,27.229999542236328,28.280000686645508,655.3800048828125,11.630000114440918,39.279998779296875
2026-03-24,97.76920318603516,13.760000228881836,28.78365135192871,29.593046188354492,49.601524353027344,34.96799850463867,23.18000030517578,27.510000228881836,36.38999938964844,52.006568908691406,34.0,35.555206298828125,21.83502769470215,18.670000076293945,26.989999771118164,28.329999923706055,653.1799926757812,11.630000114440918,39.09000015258789
2026-03-25,98.11567687988281,13.699999809265137,28.616188049316406,29.792259216308594,49.2130012512207,35.4640007019043,23.270000457763672,27.479999542236328,36.380001068115234,52.57500076293945,34.150001525878906,35.76499938964844,22.154808044433594,18.709999084472656,27.3700008392334,28.479999542236328,656.8200073242188,11.619999885559082,39.45000076293945
2026-03-26,97.5613021850586,14.010000228881836,29.091474533081055,29.74245834350586,49.58000183105469,34.875999450683594,22.920000076293945,27.739999771118164,36.2400016784668,51.540000915527344,33.81999969482422,35.630001068115234,21.875,18.68000030517578,26.65999984741211,28.059999465942383,645.0900268554688,11.75,39.22999954223633
2026-03-27,97.55139923095703,14.0600004196167,29.82421112060547,30.111000061035156,49.689998626708984,34.94499969482422,22.969999313354492,28.06999969482422,36.20000076293945,50.61000061035156,33.709999084472656,35.880001068115234,21.761999130249023,18.68000030517578,26.3700008392334,27.68000030517578,634.0900268554688,11.925000190734863,39.150001525878906
2026-03-30,98.04638671875,14.350000381469727,30.319299697875977,30.209999084472656,50.4900016784668,34.849998474121094,22.850000381469727,28.280000686645508,36.189998626708984,50.7400016784668,33.70000076293945,35.95000076293945,21.920000076293945,18.780000686645508,26.469999313354492,27.450000762939453,631.969970703125,12.010000228881836,39.31999969482422
2026-03-31,98.27407836914062,13.960000038146973,29.923227310180664,30.149999618530273,50.619998931884766,35.770999908447266,23.209999084472656,28.200000762939453,36.349998474121094,52.150001525878906,34.119998931884766,36.150001525878906,22.260000228881836,18.850000381469727,27.209999084472656,28.280000686645508,650.3400268554688,11.710000038146973,39.689998626708984
2026-04-01,98.34062957763672,13.8100004196167,29.18058967590332,30.209999084472656,50.779998779296875,36.17499923706055,23.329999923706055,27.989999771118164,36.11000061035156,52.349998474121094,34.25,36.099998474121094,22.389999389648438,18.809999465942383,27.485000610351562,28.579999923706055,655.239990234375,11.614999771118164,39.849998474121094
2026-04-02,98.56909942626953,13.979999542236328,30.438119888305664,30.309999465942383,51.529998779296875,35.97600173950195,23.257999420166016,28.34000015258789,36.349998474121094,52.58000183105469,34.349998474121094,36.349998474121094,22.299999237060547,19.049999237060547,27.530000686645508,28.799999237060547,655.8300170898438,11.625,39.91999816894531
2026-04-06,98.39030456542969,13.979999542236328,30.65595817565918,30.440000534057617,51.43000030517578,36.132999420166016,23.361000061035156,28.489999771118164,36.33000183105469,52.7400016784668,34.38999938964844,36.38999938964844,22.333999633789062,18.989999771118164,27.65999984741211,28.989999771118164,658.9299926757812,11.539999961853027,40.13999938964844
2026-04-07,98.50949096679688,13.920000076293945,30.448022842407227,30.43000030517578,51.58000183105469,36.60599899291992,23.395000457763672,28.530000686645508,36.380001068115234,52.7599983215332,34.439998626708984,36.349998474121094,22.31999969482422,19.100000381469727,27.65999984741211,28.950000762939453,659.219970703125,11.595000267028809,40.130001068115234
2026-04-08,98.76776885986328,13.550000190734863,28.853830337524414,30.18000030517578,51.15999984741211,36.7130012512207,23.68899917602539,27.860000610351562,36.529998779296875,53.900001525878906,34.849998474121094,36.529998779296875,22.65999984741211,19.09000015258789,28.489999771118164,29.5,676.010009765625,11.350000381469727,40.16999816894531
2026-04-09,98.8273696899414,13.520000457763672,29.15088653564453,30.270000457763672,51.459999084472656,36.87900161743164,23.700000762939453,28.079999923706055,36.34000015258789,54.349998474121094,34.849998474121094,36.529998779296875,22.6200008392334,19.100000381469727,28.59000015258789,29.875,679.9099731445312,11.289999961853027,40.060001373291016
2026-04-10,98.65850067138672,13.270000457763672,28.942947387695312,30.329999923706055,51.560001373291016,36.90999984741211,23.760000228881836,28.1200008392334,36.22999954223633,54.2400016784668,34.88999938964844,36.439998626708984,22.75,19.06999969482422,28.610000610351562,29.81999969482422,679.4600219726562,11.28499984741211,40.060001373291016
2026-04-13,98.85716247558594,13.140000343322754,29.47764778137207,30.440000534057617,51.290000915527344,37.08399963378906,23.780000686645508,28.40999984741211,36.25,54.599998474121094,35.04999923706055,36.619998931884766,22.799999237060547,19.15999984741211,28.950000762939453,30.219999313354492,686.0999755859375,11.229999542236328,40.220001220703125
2026-04-14,99.11543273925781,12.84000015258789,29.061769485473633,30.299999237060547,51.09000015258789,37.209999084472656,23.878999710083008,28.200000762939453,36.290000915527344,55.529998779296875,35.209999084472656,36.54999923706055,22.950000762939453,19.229999542236328,29.350000381469727,30.559999465942383,694.4600219726562,11.210000038146973,40.400001525878906
2026-04-15,98.95650482177734,12.819999694824219,29.01226043701172,30.260000228881836,51.13999938964844,36.96799850463867,23.915000915527344,28.299999237060547,36.2599983215332,55.77000045776367,35.220001220703125,36.43000030517578,22.959999084472656,19.149999618530273,29.389999389648438,30.860000610351562,699.9400024414062,11.15999984741211,40.279998779296875
2026-04-16,98.81743621826172,12.850000381469727,29.329118728637695,30.420000076293945,51.38999938964844,37.12200164794922,23.90999984741211,28.510000228881836,36.36000061035156,55.83000183105469,35.29999923706055,36.52000045776367,22.81999969482422,19.239999771118164,29.420000076293945,31.020000457763672,701.6599731445312,11.140000343322754,40.31999969482422
2026-04-17,99.18496704101562,12.579999923706055,28.101295471191406,29.969999313354492,51.0,37.32600021362305,24.059999465942383,27.8799991607666,36.43000030517578,56.58000183105469,35.459999084472656,36.29999923706055,23.010000228881836,19.200000762939453,29.875,31.270000457763672,710.1400146484375,11.130000114440918,40.310001373291016
2026-04-20,99.17503356933594,12.470000267028809,28.616188049316406,30.170000076293945,51.18000030517578,37.36399841308594,24.059999465942383,28.100000381469727,36.459999084472656,56.599998474121094,35.43000030517578,36.38999938964844,23.010000228881836,19.270000457763672,29.780000686645508,31.260000228881836,708.719970703125,11.154999732971191,40.31999969482422
2026-04-21,98.8074951171875,12.539999961853027,29.24990463256836,30.329999923706055,51.220001220703125,36.819000244140625,23.94499969482422,28.579999923706055,36.400001525878906,56.150001525878906,35.33000183105469,36.2599983215332,22.81999969482422,19.190000534057617,29.3700008392334,31.030000686645508,704.0800170898438,11.140000343322754,40.400001525878906
2026-04-22,98.94656372070312,12.390000343322754,29.428136825561523,30.40999984741211,51.349998474121094,37.16999816894531,24.05500030517578,28.635000228881836,36.34000015258789,56.63999938964844,35.4900016784668,36.5,22.979999542236328,19.24799919128418,29.65999984741211,31.530000686645508,711.2100219726562,11.095000267028809,40.540000915527344
2026-04-23,98.78762817382812,12.5,30.022245407104492,30.469999313354492,51.400001525878906,37.10200119018555,23.979999542236328,28.950000762939453,36.29999923706055,56.40999984741211,35.380001068115234,36.58000183105469,22.865999221801758,19.18000030517578,29.398000717163086,31.3799991607666,708.4500122070312,11.100000381469727,40.540000915527344
2026-04-24,98.92669677734375,12.350000381469727,29.952932357788086,30.510000228881836,51.36000061035156,37.138999938964844,24.075000762939453,28.860000610351562,36.36000061035156,56.84000015258789,35.540000915527344,36.59000015258789,22.899999618530273,19.264999389648438,29.700000762939453,31.6299991607666,713.9400024414062,11.079999923706055,40.5
2026-04-27,98.77770233154297,12.359999656677246,30.589805603027344,30.6200008392334,51.650001525878906,37.0890007019043,24.024999618530273,29.209999084472656,36.5,56.779998779296875,35.540000915527344,36.56999969482422,22.83099937438965,19.309999465942383,29.68000030517578,31.709999084472656,715.1699829101562,11.0600004196167,40.529998779296875
2026-04-28,98.73796844482422,12.649999618530273,31.206775665283203,30.719999313354492,51.58000183105469,36.893001556396484,23.93000030517578,29.469999313354492,36.470001220703125,56.540000915527344,35.400001525878906,36.619998931884766,22.719999313354492,19.260000228881836,29.40999984741211,31.56999969482422,711.6900024414062,11.050000190734863,40.599998474121094
2026-04-29,98.30089569091797,12.720000267028809,32.37105941772461,31.1200008392334,51.869998931884766,36.814998626708984,23.889999389648438,29.940000534057617,36.380001068115234,56.33000183105469,35.459999084472656,36.619998931884766,22.57200050354004,19.23200035095215,29.149999618530273,31.68000030517578,711.5800170898438,11.005000114440918,40.68000030517578
2026-04-30,98.4399642944336,12.460000038146973,32.19193649291992,30.559999465942383,51.59000015258789,37.37300109863281,24.100000381469727,29.639999389648438,36.41999816894531,57.02000045776367,35.689998626708984,37.09000015258789,22.78499984741211,19.15999984741211,29.690000534057617,31.850000381469727,718.6599731445312,10.956999778747559,40.689998626708984
2026-05-01,98.56953430175781,12.380000114440918,31.883455276489258,30.530000686645508,51.47999954223633,37.17900085449219,24.100000381469727,29.329999923706055,36.349998474121094,57.209999084472656,35.68000030517578,36.97999954223633,22.760000228881836,19.1200008392334,29.760000228881836,31.90999984741211,720.6500244140625,10.968000411987305,40.68000030517578
2026-05-04,98.26056671142578,12.369999885559082,32.45066833496094,30.700000762939453,51.45000076293945,37.029998779296875,24.003000259399414,29.459999084472656,36.279998779296875,56.880001068115234,35.65999984741211,36.90999984741211,22.648000717163086,19.1200008392334,29.520000457763672,31.940000534057617,718.010009765625,10.944999694824219,40.81999969482422
2026-05-05,98.4399642944336,12.210000038146973,32.07252502441406,30.739999771118164,51.599998474121094,37.27000045776367,24.219999313354492,29.510000228881836,36.45000076293945,57.380001068115234,35.900001525878906,37.16999816894531,22.78700065612793,19.229999542236328,29.920000076293945,32.15999984741211,723.77001953125,10.930000305175781,40.810001373291016
2026-05-06,98.85856628417969,11.84000015258789,30.68931770324707,30.450000762939453,51.209999084472656,37.56999969482422,24.44499969482422,29.040000915527344,36.560001373291016,58.220001220703125,36.18000030517578,37.02000045776367,23.069000244140625,19.360000610351562,30.520000457763672,32.63999938964844,733.8300170898438,10.925000190734863,40.75
2026-05-07,98.6193618774414,12.199999809265137,30.68931770324707,30.549999237060547,51.22999954223633,37.18000030517578,24.235000610351562,29.18000030517578,36.290000915527344,57.869998931884766,36.0,36.619998931884766,22.84000015258789,19.239999771118164,30.25,32.5099983215332,731.5800170898438,10.90999984741211,40.91999816894531
2026-05-08,98.84859466552734,12.020000457763672,30.569902420043945,30.690000534057617,51.5,37.459999084472656,24.354999542236328,29.18000030517578,36.47999954223633,58.40999984741211,36.130001068115234,36.70000076293945,23.06100082397461,19.40999984741211,30.579999923706055,33.03900146484375,737.6199951171875,10.920000076293945,40.849998474121094
2026-05-11,98.58946228027344,11.869999885559082,31.127166748046875,31.020000457763672,51.70000076293945,37.89899826049805,24.43400001525879,29.530000686645508,36.45000076293945,58.36000061035156,36.25,37.209999084472656,23.05299949645996,19.579999923706055,30.479999542236328,33.400001525878906,739.2999877929688,10.880000114440918,41.150001525878906
2026-05-12,98.30043029785156,12.020000457763672,31.833698272705078,31.020000457763672,51.91999816894531,37.79399871826172,24.27899932861328,30.170000076293945,36.619998931884766,58.31999969482422,36.099998474121094,37.400001525878906,22.961000442504883,19.610000610351562,30.170000076293945,33.58000183105469,738.1799926757812,10.845000267028809,41.27000045776367
2026-05-13,98.34030151367188,12.010000228881836,31.53516387939453,31.1200008392334,51.83000183105469,37.80099868774414,24.409000396728516,29.8799991607666,36.38999938964844,58.65999984741211,36.22999954223633,37.310001373291016,22.95800018310547,19.6299991607666,30.43000030517578,33.81999969482422,742.3099975585938,10.819999694824219,41.279998779296875
2026-05-14,98.3104019165039,11.989999771118164,31.545114517211914,31.239999771118164,51.83000183105469,37.70100021362305,24.450000762939453,29.6299991607666,36.38999938964844,59.040000915527344,36.290000915527344,37.13999938964844,22.981000900268555,19.65999984741211,30.579999923706055,34.029998779296875,748.1699829101562,10.789999961853027,41.310001373291016
2026-05-15,97.69246673583984,12.170000076293945,31.86355209350586,31.229999542236328,51.7599983215332,37.07899856567383,24.040000915527344,29.84000015258789,36.310001373291016,58.15999984741211,35.93000030517578,36.70000076293945,22.58099937438965,19.40999984741211,29.8700008392334,33.400001525878906,739.1699829101562,10.739999771118164,40.95000076293945
2026-05-18,97.68251037597656,12.479999542236328,31.97301483154297,31.309999465942383,52.04999923706055,37.215999603271484,24.020000457763672,29.90999984741211,36.36000061035156,58.119998931884766,35.849998474121094,36.959999084472656,22.600000381469727,19.423999786376953,29.899999618530273,33.47999954223633,738.6500244140625,10.710000038146973,40.970001220703125
2026-05-19,97.30377197265625,12.630000114440918,32.18198776245117,31.31999969482422,51.959999084472656,36.96699905395508,23.8799991607666,29.940000534057617,36.5099983215332,57.63999938964844,35.790000915527344,36.84000015258789,22.309999465942383,19.30500030517578,29.56999969482422,33.150001525878906,733.72998046875,10.699999809265137,40.91999816894531
2026-05-20,97.89180755615234,12.369999885559082,31.206775665283203,31.110000610351562,51.77000045776367,37.209999084472656,24.091999053955078,29.420000076293945,36.5099983215332,58.349998474121094,35.9900016784668,36.790000915527344,22.60099983215332,19.389999389648438,30.149999618530273,33.380001068115234,741.25,10.720000267028809,41.16999816894531
2026-05-21,98.01139831542969,12.239999771118164,30.788827896118164,31.110000610351562,51.79999923706055,37.14699935913086,24.132999420166016,29.190000534057617,36.52000045776367,58.5,36.04999923706055,36.7400016784668,22.6200008392334,19.385000228881836,30.280000686645508,33.47999954223633,742.719970703125,10.699999809265137,41.099998474121094
2026-05-22,98.11106872558594,12.199999809265137,30.55000114440918,31.09000015258789,51.900001525878906,37.16600036621094,24.21500015258789,29.21500015258789,36.470001220703125,58.70000076293945,36.119998931884766,36.77000045776367,22.65999984741211,19.420000076293945,30.34000015258789,33.650001525878906,745.6400146484375,10.694999694824219,41.09000015258789
2026-05-26,98.39013671875,11.84000015258789,29.84000015258789,31.170000076293945,51.43000030517578,37.31399917602539,24.385000228881836,28.889999389648438,36.5,58.9900016784668,36.400001525878906,36.75,22.860000610351562,19.549999237060547,30.690000534057617,33.83000183105469,750.5900268554688,10.729999542236328,41.2400016784668
2026-05-27,98.4698715209961,11.779999732971191,29.229999542236328,31.010000228881836,51.31999969482422,37.020999908447266,24.385000228881836,28.600000381469727,36.5099983215332,59.11000061035156,36.369998931884766,36.5099983215332,22.8700008392334,19.31999969482422,30.756999969482422,33.52000045776367,750.4600219726562,10.720000267028809,41.09000015258789
2026-05-28,98.66919708251953,11.600000381469727,29.1299991607666,31.040000915527344,51.349998474121094,37.172000885009766,24.44499969482422,28.540000915527344,36.630001068115234,59.630001068115234,36.41999816894531,36.61000061035156,22.920000076293945,19.399999618530273,30.950000762939453,33.80699920654297,754.5999755859375,10.725000381469727,41.2400016784668
2026-05-29,98.72899627685547,11.550000190734863,28.8799991607666,31.0,51.560001373291016,37.11600112915039,24.3799991607666,28.270000457763672,36.2599983215332,59.790000915527344,36.40999984741211,36.5,22.920000076293945,19.420000076293945,30.989999771118164,33.89500045776367,756.47998046875,10.710000038146973,41.18000030517578
2026-06-01,98.68000030517578,11.649999618530273,29.579999923706055,31.290000915527344,51.90999984741211,37.209999084472656,24.516000747680664,28.549999237060547,36.220001220703125,59.939998626708984,36.56999969482422,36.459999084472656,22.969999313354492,19.719999313354492,31.025999069213867,34.37699890136719,758.5399780273438,10.710000038146973,41.29999923706055
2026-06-02,98.70999908447266,11.479999542236328,29.739999771118164,31.40999984741211,51.84000015258789,37.57099914550781,24.610000610351562,28.700000762939453,36.310001373291016,60.0,36.68000030517578,36.90999984741211,23.15999984741211,19.829999923706055,31.190000534057617,34.7599983215332,759.5700073242188,10.71500015258789,41.2599983215332
2026-06-03,98.5,11.5600004196167,29.899999618530273,31.420000076293945,52.0099983215332,37.35599899291992,24.5,28.75,36.2400016784668,59.369998931884766,36.54999923706055,36.79999923706055,23.049999237060547,19.799999237060547,30.809999465942383,34.43000030517578,754.239990234375,10.710000038146973,41.25
2026-06-04,98.66000366210938,11.510000228881836,29.479999542236328,31.290000915527344,51.709999084472656,37.44599914550781,24.479999542236328,28.479999542236328,36.29999923706055,59.849998474121094,36.529998779296875,36.75,23.079999923706055,19.760000228881836,31.020000457763672,34.51499938964844,757.0900268554688,10.6899995803833,41.209999084472656
2026-06-05,98.16999816894531,11.970000267028809,29.040000915527344,30.65999984741211,51.04999923706055,36.310001373291016,24.06800079345703,28.3799991607666,36.459999084472656,58.130001068115234,35.900001525878906,35.95000076293945,22.59000015258789,18.920000076293945,29.93000030517578,32.25,737.5499877929688,10.765000343322754,40.45000076293945
2026-06-08,98.16999816894531,11.699999809265137,29.190000534057617,30.8700008392334,51.15999984741211,36.50199890136719,24.125,28.5,36.43000030517578,58.36000061035156,36.04999923706055,35.93000030517578,22.469999313354492,19.149999618530273,30.06100082397461,32.630001068115234,739.219970703125,10.71500015258789,40.65999984741211
2026-06-09,98.37000274658203,11.680000305175781,28.8799991607666,30.780000686645508,50.869998931884766,36.1619987487793,24.121000289916992,28.34000015258789,36.470001220703125,58.130001068115234,36.0099983215332,35.84000015258789,22.49799919128418,18.8700008392334,30.06999969482422,32.16600036621094,737.0499877929688,10.755000114440918,40.459999084472656
