date,WALCL,WTREGEN,RRPONTSYD,net_liquidity
2005-01-03,810.9440000000001,4.631,2.25,804.0630000000001
2005-01-04,810.9440000000001,4.631,2.25,804.0630000000001
2005-01-05,815.702,5.65,2.25,807.802
2005-01-06,815.702,5.65,2.25,807.802
2005-01-07,815.702,5.65,2.25,807.802
2005-01-10,815.702,5.65,2.25,807.802
2005-01-11,815.702,5.65,2.25,807.802
2005-01-12,798.455,5.1450000000000005,2.25,791.0600000000001
2005-01-13,798.455,5.1450000000000005,2.25,791.0600000000001
2005-01-14,798.455,5.1450000000000005,2.25,791.0600000000001
2005-01-17,798.455,5.1450000000000005,2.25,791.0600000000001
2005-01-18,798.455,5.1450000000000005,2.25,791.0600000000001
2005-01-19,806.96,4.781,2.25,799.9290000000001
2005-01-20,806.96,4.781,2.25,799.9290000000001
2005-01-21,806.96,4.781,2.25,799.9290000000001
2005-01-24,806.96,4.781,2.25,799.9290000000001
2005-01-25,806.96,4.781,2.25,799.9290000000001
2005-01-26,807.2620000000001,5.252,2.25,799.7600000000001
2005-01-27,807.2620000000001,5.252,2.25,799.7600000000001
2005-01-28,807.2620000000001,5.252,2.25,799.7600000000001
2005-01-31,807.2620000000001,5.252,2.25,799.7600000000001
2005-02-01,807.2620000000001,5.252,2.25,799.7600000000001
2005-02-02,804.746,5.07,2.25,797.4259999999999
2005-02-03,804.746,5.07,2.25,797.4259999999999
2005-02-04,804.746,5.07,2.25,797.4259999999999
2005-02-07,804.746,5.07,2.25,797.4259999999999
2005-02-08,804.746,5.07,2.25,797.4259999999999
2005-02-09,797.299,4.913,2.25,790.136
2005-02-10,797.299,4.913,2.25,790.136
2005-02-11,797.299,4.913,2.25,790.136
2005-02-14,797.299,4.913,2.25,790.136
2005-02-15,797.299,4.913,2.25,790.136
2005-02-16,795.606,4.924,2.25,788.432
2005-02-17,795.606,4.924,2.25,788.432
2005-02-18,795.606,4.924,2.25,788.432
2005-02-21,795.606,4.924,2.25,788.432
2005-02-22,795.606,4.924,2.25,788.432
2005-02-23,804.576,5.25,2.25,797.076
2005-02-24,804.576,5.25,2.25,797.076
2005-02-25,804.576,5.25,2.25,797.076
2005-02-28,804.576,5.25,2.25,797.076
2005-03-01,804.576,5.25,2.25,797.076
2005-03-02,801.2520000000001,5.199,2.25,793.8030000000001
2005-03-03,801.2520000000001,5.199,2.25,793.8030000000001
2005-03-04,801.2520000000001,5.199,2.25,793.8030000000001
2005-03-07,801.2520000000001,5.199,2.25,793.8030000000001
2005-03-08,801.2520000000001,5.199,2.25,793.8030000000001
2005-03-09,799.25,4.304,2.25,792.696
2005-03-10,799.25,4.304,2.25,792.696
2005-03-11,799.25,4.304,2.25,792.696
2005-03-14,799.25,4.304,2.25,792.696
2005-03-15,799.25,4.304,2.25,792.696
2005-03-16,807.211,5.118,2.25,799.843
2005-03-17,807.211,5.118,2.25,799.843
2005-03-18,807.211,5.118,2.25,799.843
2005-03-21,807.211,5.118,2.25,799.843
2005-03-22,807.211,5.118,2.25,799.843
2005-03-23,797.094,4.968,2.25,789.8760000000001
2005-03-24,797.094,4.968,2.25,789.8760000000001
2005-03-25,797.094,4.968,2.25,789.8760000000001
2005-03-28,797.094,4.968,2.25,789.8760000000001
2005-03-29,797.094,4.968,2.25,789.8760000000001
2005-03-30,807.551,4.5920000000000005,2.25,800.7090000000001
2005-03-31,807.551,4.5920000000000005,2.25,800.7090000000001
2005-04-01,807.551,4.5920000000000005,2.25,800.7090000000001
2005-04-04,807.551,4.5920000000000005,2.25,800.7090000000001
2005-04-05,807.551,4.5920000000000005,2.25,800.7090000000001
2005-04-06,797.327,5.296,2.25,789.781
2005-04-07,797.327,5.296,2.25,789.781
2005-04-08,797.327,5.296,2.25,789.781
2005-04-11,797.327,5.296,2.25,789.781
2005-04-12,797.327,5.296,2.25,789.781
2005-04-13,805.707,5.175,2.25,798.282
2005-04-14,805.707,5.175,2.25,798.282
2005-04-15,805.707,5.175,2.25,798.282
2005-04-18,805.707,5.175,2.25,798.282
2005-04-19,805.707,5.175,2.25,798.282
2005-04-20,801.793,5.2010000000000005,2.25,794.342
2005-04-21,801.793,5.2010000000000005,2.25,794.342
2005-04-22,801.793,5.2010000000000005,2.25,794.342
2005-04-25,801.793,5.2010000000000005,2.25,794.342
2005-04-26,801.793,5.2010000000000005,2.25,794.342
2005-04-27,809.797,5.586,2.25,801.961
2005-04-28,809.797,5.586,2.25,801.961
2005-04-29,809.797,5.586,2.25,801.961
2005-05-02,809.797,5.586,2.25,801.961
2005-05-03,809.797,5.586,2.25,801.961
2005-05-04,802.412,4.863,2.25,795.299
2005-05-05,802.412,4.863,2.25,795.299
2005-05-06,802.412,4.863,2.25,795.299
2005-05-09,802.412,4.863,2.25,795.299
2005-05-10,802.412,4.863,2.25,795.299
2005-05-11,808.378,4.993,2.25,801.135
2005-05-12,808.378,4.993,2.25,801.135
2005-05-13,808.378,4.993,2.25,801.135
2005-05-16,808.378,4.993,2.25,801.135
2005-05-17,808.378,4.993,2.25,801.135
2005-05-18,801.546,5.2090000000000005,2.25,794.0870000000001
2005-05-19,801.546,5.2090000000000005,2.25,794.0870000000001
2005-05-20,801.546,5.2090000000000005,2.25,794.0870000000001
2005-05-23,801.546,5.2090000000000005,2.25,794.0870000000001
2005-05-24,801.546,5.2090000000000005,2.25,794.0870000000001
2005-05-25,810.16,4.936,2.25,802.9739999999999
2005-05-26,810.16,4.936,2.25,802.9739999999999
2005-05-27,810.16,4.936,2.25,802.9739999999999
2005-05-30,810.16,4.936,2.25,802.9739999999999
2005-05-31,810.16,4.936,2.25,802.9739999999999
2005-06-01,817.335,4.9270000000000005,2.25,810.158
2005-06-02,817.335,4.9270000000000005,2.25,810.158
2005-06-03,817.335,4.9270000000000005,2.25,810.158
2005-06-06,817.335,4.9270000000000005,2.25,810.158
2005-06-07,817.335,4.9270000000000005,2.25,810.158
2005-06-08,814.172,4.7780000000000005,2.25,807.144
2005-06-09,814.172,4.7780000000000005,2.25,807.144
2005-06-10,814.172,4.7780000000000005,2.25,807.144
2005-06-13,814.172,4.7780000000000005,2.25,807.144
2005-06-14,814.172,4.7780000000000005,2.25,807.144
2005-06-15,811.198,5.534,2.25,803.414
2005-06-16,811.198,5.534,2.25,803.414
2005-06-17,811.198,5.534,2.25,803.414
2005-06-20,811.198,5.534,2.25,803.414
2005-06-21,811.198,5.534,2.25,803.414
2005-06-22,810.429,4.982,2.25,803.197
2005-06-23,810.429,4.982,2.25,803.197
2005-06-24,810.429,4.982,2.25,803.197
2005-06-27,810.429,4.982,2.25,803.197
2005-06-28,810.429,4.982,2.25,803.197
2005-06-29,810.082,4.726,2.25,803.106
2005-06-30,810.082,4.726,2.25,803.106
2005-07-01,810.082,4.726,2.25,803.106
2005-07-04,810.082,4.726,2.25,803.106
2005-07-05,810.082,4.726,2.25,803.106
2005-07-06,821.556,3.84,2.25,815.466
2005-07-07,821.556,3.84,2.25,815.466
2005-07-08,821.556,3.84,2.25,815.466
2005-07-11,821.556,3.84,2.25,815.466
2005-07-12,821.556,3.84,2.25,815.466
2005-07-13,808.861,4.843,2.25,801.768
2005-07-14,808.861,4.843,2.25,801.768
2005-07-15,808.861,4.843,2.25,801.768
2005-07-18,808.861,4.843,2.25,801.768
2005-07-19,808.861,4.843,2.25,801.768
2005-07-20,816.804,5.423,2.25,809.131
2005-07-21,816.804,5.423,2.25,809.131
2005-07-22,816.804,5.423,2.25,809.131
2005-07-25,816.804,5.423,2.25,809.131
2005-07-26,816.804,5.423,2.25,809.131
2005-07-27,814.259,4.878,2.25,807.131
2005-07-28,814.259,4.878,2.25,807.131
2005-07-29,814.259,4.878,2.25,807.131
2005-08-01,814.259,4.878,2.25,807.131
2005-08-02,814.259,4.878,2.25,807.131
2005-08-03,818.841,5.0120000000000005,2.25,811.579
2005-08-04,818.841,5.0120000000000005,2.25,811.579
2005-08-05,818.841,5.0120000000000005,2.25,811.579
2005-08-08,818.841,5.0120000000000005,2.25,811.579
2005-08-09,818.841,5.0120000000000005,2.25,811.579
2005-08-10,808.544,4.989,2.25,801.305
2005-08-11,808.544,4.989,2.25,801.305
2005-08-12,808.544,4.989,2.25,801.305
2005-08-15,808.544,4.989,2.25,801.305
2005-08-16,808.544,4.989,2.25,801.305
2005-08-17,813.774,4.805,2.25,806.719
2005-08-18,813.774,4.805,2.25,806.719
2005-08-19,813.774,4.805,2.25,806.719
2005-08-22,813.774,4.805,2.25,806.719
2005-08-23,813.774,4.805,2.25,806.719
2005-08-24,811.313,5.181,2.25,803.882
2005-08-25,811.313,5.181,2.25,803.882
2005-08-26,811.313,5.181,2.25,803.882
2005-08-29,811.313,5.181,2.25,803.882
2005-08-30,811.313,5.181,2.25,803.882
2005-08-31,823.237,4.909,2.25,816.078
2005-09-01,823.237,4.909,2.25,816.078
2005-09-02,823.237,4.909,2.25,816.078
2005-09-05,823.237,4.909,2.25,816.078
2005-09-06,823.237,4.909,2.25,816.078
2005-09-07,822.5,4.7860000000000005,2.25,815.464
2005-09-08,822.5,4.7860000000000005,2.25,815.464
2005-09-09,822.5,4.7860000000000005,2.25,815.464
2005-09-12,822.5,4.7860000000000005,2.25,815.464
2005-09-13,822.5,4.7860000000000005,2.25,815.464
2005-09-14,823.59,4.973,2.25,816.3670000000001
2005-09-15,823.59,4.973,2.25,816.3670000000001
2005-09-16,823.59,4.973,2.25,816.3670000000001
2005-09-19,823.59,4.973,2.25,816.3670000000001
2005-09-20,823.59,4.973,2.25,816.3670000000001
2005-09-21,812.926,6.319,2.25,804.3570000000001
2005-09-22,812.926,6.319,2.25,804.3570000000001
2005-09-23,812.926,6.319,2.25,804.3570000000001
2005-09-26,812.926,6.319,2.25,804.3570000000001
2005-09-27,812.926,6.319,2.25,804.3570000000001
2005-09-28,823.7710000000001,5.3660000000000005,2.25,816.1550000000001
2005-09-29,823.7710000000001,5.3660000000000005,2.25,816.1550000000001
2005-09-30,823.7710000000001,5.3660000000000005,2.25,816.1550000000001
2005-10-03,823.7710000000001,5.3660000000000005,2.25,816.1550000000001
2005-10-04,823.7710000000001,5.3660000000000005,2.25,816.1550000000001
2005-10-05,817.1370000000001,4.857,2.25,810.0300000000001
2005-10-06,817.1370000000001,4.857,2.25,810.0300000000001
2005-10-07,817.1370000000001,4.857,2.25,810.0300000000001
2005-10-10,817.1370000000001,4.857,2.25,810.0300000000001
2005-10-11,817.1370000000001,4.857,2.25,810.0300000000001
2005-10-12,826.306,4.787,2.25,819.269
2005-10-13,826.306,4.787,2.25,819.269
2005-10-14,826.306,4.787,2.25,819.269
2005-10-17,826.306,4.787,2.25,819.269
2005-10-18,826.306,4.787,2.25,819.269
2005-10-19,814.2810000000001,4.555,2.25,807.4760000000001
2005-10-20,814.2810000000001,4.555,2.25,807.4760000000001
2005-10-21,814.2810000000001,4.555,2.25,807.4760000000001
2005-10-24,814.2810000000001,4.555,2.25,807.4760000000001
2005-10-25,814.2810000000001,4.555,2.25,807.4760000000001
2005-10-26,819.105,5.149,2.25,811.706
2005-10-27,819.105,5.149,2.25,811.706
2005-10-28,819.105,5.149,2.25,811.706
2005-10-31,819.105,5.149,2.25,811.706
2005-11-01,819.105,5.149,2.25,811.706
2005-11-02,814.571,4.981,2.25,807.34
2005-11-03,814.571,4.981,2.25,807.34
2005-11-04,814.571,4.981,2.25,807.34
2005-11-07,814.571,4.981,2.25,807.34
2005-11-08,814.571,4.981,2.25,807.34
2005-11-09,824.991,5.002,2.25,817.739
2005-11-10,824.991,5.002,2.25,817.739
2005-11-11,824.991,5.002,2.25,817.739
2005-11-14,824.991,5.002,2.25,817.739
2005-11-15,824.991,5.002,2.25,817.739
2005-11-16,823.263,4.522,2.25,816.491
2005-11-17,823.263,4.522,2.25,816.491
2005-11-18,823.263,4.522,2.25,816.491
2005-11-21,823.263,4.522,2.25,816.491
2005-11-22,823.263,4.522,2.25,816.491
2005-11-23,833.124,5.107,2.25,825.767
2005-11-24,833.124,5.107,2.25,825.767
2005-11-25,833.124,5.107,2.25,825.767
2005-11-28,833.124,5.107,2.25,825.767
2005-11-29,833.124,5.107,2.25,825.767
2005-11-30,835.059,5.09,2.25,827.7189999999999
2005-12-01,835.059,5.09,2.25,827.7189999999999
2005-12-02,835.059,5.09,2.25,827.7189999999999
2005-12-05,835.059,5.09,2.25,827.7189999999999
2005-12-06,835.059,5.09,2.25,827.7189999999999
2005-12-07,833.25,4.932,2.25,826.068
2005-12-08,833.25,4.932,2.25,826.068
2005-12-09,833.25,4.932,2.25,826.068
2005-12-12,833.25,4.932,2.25,826.068
2005-12-13,833.25,4.932,2.25,826.068
2005-12-14,830.95,5.396,2.25,823.3040000000001
2005-12-15,830.95,5.396,2.25,823.3040000000001
2005-12-16,830.95,5.396,2.25,823.3040000000001
2005-12-19,830.95,5.396,2.25,823.3040000000001
2005-12-20,830.95,5.396,2.25,823.3040000000001
2005-12-21,848.317,5.402,2.25,840.665
2005-12-22,848.317,5.402,2.25,840.665
2005-12-23,848.317,5.402,2.25,840.665
2005-12-26,848.317,5.402,2.25,840.665
2005-12-27,848.317,5.402,2.25,840.665
2005-12-28,847.7,4.853,2.25,840.5970000000001
2005-12-29,847.7,4.853,2.25,840.5970000000001
2005-12-30,847.7,4.853,2.25,840.5970000000001
2006-01-02,847.7,4.853,2.25,840.5970000000001
2006-01-03,847.7,4.853,2.25,840.5970000000001
2006-01-04,851.856,4.734,2.25,844.872
2006-01-05,851.856,4.734,2.25,844.872
2006-01-06,851.856,4.734,2.25,844.872
2006-01-09,851.856,4.734,2.25,844.872
2006-01-10,851.856,4.734,2.25,844.872
2006-01-11,829.357,4.795,2.25,822.312
2006-01-12,829.357,4.795,2.25,822.312
2006-01-13,829.357,4.795,2.25,822.312
2006-01-16,829.357,4.795,2.25,822.312
2006-01-17,829.357,4.795,2.25,822.312
2006-01-18,836.042,4.8100000000000005,2.25,828.9820000000001
2006-01-19,836.042,4.8100000000000005,2.25,828.9820000000001
2006-01-20,836.042,4.8100000000000005,2.25,828.9820000000001
2006-01-23,836.042,4.8100000000000005,2.25,828.9820000000001
2006-01-24,836.042,4.8100000000000005,2.25,828.9820000000001
2006-01-25,828.9010000000001,5.314,2.25,821.3370000000001
2006-01-26,828.9010000000001,5.314,2.25,821.3370000000001
2006-01-27,828.9010000000001,5.314,2.25,821.3370000000001
2006-01-30,828.9010000000001,5.314,2.25,821.3370000000001
2006-01-31,828.9010000000001,5.314,2.25,821.3370000000001
2006-02-01,831.808,5.117,2.25,824.441
2006-02-02,831.808,5.117,2.25,824.441
2006-02-03,831.808,5.117,2.25,824.441
2006-02-06,831.808,5.117,2.25,824.441
2006-02-07,831.808,5.117,2.25,824.441
2006-02-08,827.613,5.36,2.25,820.003
2006-02-09,827.613,5.36,2.25,820.003
2006-02-10,827.613,5.36,2.25,820.003
2006-02-13,827.613,5.36,2.25,820.003
2006-02-14,827.613,5.36,2.25,820.003
2006-02-15,835.24,5.224,2.25,827.766
2006-02-16,835.24,5.224,2.25,827.766
2006-02-17,835.24,5.224,2.25,827.766
2006-02-20,835.24,5.224,2.25,827.766
2006-02-21,835.24,5.224,2.25,827.766
2006-02-22,840.5550000000001,5.005,2.25,833.3000000000001
2006-02-23,840.5550000000001,5.005,2.25,833.3000000000001
2006-02-24,840.5550000000001,5.005,2.25,833.3000000000001
2006-02-27,840.5550000000001,5.005,2.25,833.3000000000001
2006-02-28,840.5550000000001,5.005,2.25,833.3000000000001
2006-03-01,839.356,5.08,2.25,832.026
2006-03-02,839.356,5.08,2.25,832.026
2006-03-03,839.356,5.08,2.25,832.026
2006-03-06,839.356,5.08,2.25,832.026
2006-03-07,839.356,5.08,2.25,832.026
2006-03-08,839.234,5.0280000000000005,2.25,831.956
2006-03-09,839.234,5.0280000000000005,2.25,831.956
2006-03-10,839.234,5.0280000000000005,2.25,831.956
2006-03-13,839.234,5.0280000000000005,2.25,831.956
2006-03-14,839.234,5.0280000000000005,2.25,831.956
2006-03-15,843.01,4.479,2.25,836.281
2006-03-16,843.01,4.479,2.25,836.281
2006-03-17,843.01,4.479,2.25,836.281
2006-03-20,843.01,4.479,2.25,836.281
2006-03-21,843.01,4.479,2.25,836.281
2006-03-22,838.003,5.142,2.25,830.611
2006-03-23,838.003,5.142,2.25,830.611
2006-03-24,838.003,5.142,2.25,830.611
2006-03-27,838.003,5.142,2.25,830.611
2006-03-28,838.003,5.142,2.25,830.611
2006-03-29,833.6750000000001,5.4,2.25,826.0250000000001
2006-03-30,833.6750000000001,5.4,2.25,826.0250000000001
2006-03-31,833.6750000000001,5.4,2.25,826.0250000000001
2006-04-03,833.6750000000001,5.4,2.25,826.0250000000001
2006-04-04,833.6750000000001,5.4,2.25,826.0250000000001
2006-04-05,834.589,5.228,2.25,827.1110000000001
2006-04-06,834.589,5.228,2.25,827.1110000000001
2006-04-07,834.589,5.228,2.25,827.1110000000001
2006-04-10,834.589,5.228,2.25,827.1110000000001
2006-04-11,834.589,5.228,2.25,827.1110000000001
2006-04-12,836.862,5.126,2.25,829.486
2006-04-13,836.862,5.126,2.25,829.486
2006-04-14,836.862,5.126,2.25,829.486
2006-04-17,836.862,5.126,2.25,829.486
2006-04-18,836.862,5.126,2.25,829.486
2006-04-19,836.352,4.999,2.25,829.103
2006-04-20,836.352,4.999,2.25,829.103
2006-04-21,836.352,4.999,2.25,829.103
2006-04-24,836.352,4.999,2.25,829.103
2006-04-25,836.352,4.999,2.25,829.103
2006-04-26,844.572,4.953,2.25,837.369
2006-04-27,844.572,4.953,2.25,837.369
2006-04-28,844.572,4.953,2.25,837.369
2006-05-01,844.572,4.953,2.25,837.369
2006-05-02,844.572,4.953,2.25,837.369
2006-05-03,843.867,5.3660000000000005,2.25,836.251
2006-05-04,843.867,5.3660000000000005,2.25,836.251
2006-05-05,843.867,5.3660000000000005,2.25,836.251
2006-05-08,843.867,5.3660000000000005,2.25,836.251
2006-05-09,843.867,5.3660000000000005,2.25,836.251
2006-05-10,838.405,5.151,2.25,831.004
2006-05-11,838.405,5.151,2.25,831.004
2006-05-12,838.405,5.151,2.25,831.004
2006-05-15,838.405,5.151,2.25,831.004
2006-05-16,838.405,5.151,2.25,831.004
2006-05-17,838.153,5.192,2.25,830.711
2006-05-18,838.153,5.192,2.25,830.711
2006-05-19,838.153,5.192,2.25,830.711
2006-05-22,838.153,5.192,2.25,830.711
2006-05-23,838.153,5.192,2.25,830.711
2006-05-24,840.251,5.476,2.25,832.525
2006-05-25,840.251,5.476,2.25,832.525
2006-05-26,840.251,5.476,2.25,832.525
2006-05-29,840.251,5.476,2.25,832.525
2006-05-30,840.251,5.476,2.25,832.525
2006-05-31,851.58,4.87,2.25,844.46
2006-06-01,851.58,4.87,2.25,844.46
2006-06-02,851.58,4.87,2.25,844.46
2006-06-05,851.58,4.87,2.25,844.46
2006-06-06,851.58,4.87,2.25,844.46
2006-06-07,849.0740000000001,5.2330000000000005,2.25,841.5910000000001
2006-06-08,849.0740000000001,5.2330000000000005,2.25,841.5910000000001
2006-06-09,849.0740000000001,5.2330000000000005,2.25,841.5910000000001
2006-06-12,849.0740000000001,5.2330000000000005,2.25,841.5910000000001
2006-06-13,849.0740000000001,5.2330000000000005,2.25,841.5910000000001
2006-06-14,845.869,4.97,2.25,838.649
2006-06-15,845.869,4.97,2.25,838.649
2006-06-16,845.869,4.97,2.25,838.649
2006-06-19,845.869,4.97,2.25,838.649
2006-06-20,845.869,4.97,2.25,838.649
2006-06-21,844.773,5.007,2.25,837.5160000000001
2006-06-22,844.773,5.007,2.25,837.5160000000001
2006-06-23,844.773,5.007,2.25,837.5160000000001
2006-06-26,844.773,5.007,2.25,837.5160000000001
2006-06-27,844.773,5.007,2.25,837.5160000000001
2006-06-28,844.436,4.924,2.25,837.2620000000001
2006-06-29,844.436,4.924,2.25,837.2620000000001
2006-06-30,844.436,4.924,2.25,837.2620000000001
2006-07-03,844.436,4.924,2.25,837.2620000000001
2006-07-04,844.436,4.924,2.25,837.2620000000001
2006-07-05,851.659,5.3340000000000005,2.25,844.075
2006-07-06,851.659,5.3340000000000005,2.25,844.075
2006-07-07,851.659,5.3340000000000005,2.25,844.075
2006-07-10,851.659,5.3340000000000005,2.25,844.075
2006-07-11,851.659,5.3340000000000005,2.25,844.075
2006-07-12,844.391,5.186,2.25,836.9549999999999
2006-07-13,844.391,5.186,2.25,836.9549999999999
2006-07-14,844.391,5.186,2.25,836.9549999999999
2006-07-17,844.391,5.186,2.25,836.9549999999999
2006-07-18,844.391,5.186,2.25,836.9549999999999
2006-07-19,849.894,4.915,2.25,842.729
2006-07-20,849.894,4.915,2.25,842.729
2006-07-21,849.894,4.915,2.25,842.729
2006-07-24,849.894,4.915,2.25,842.729
2006-07-25,849.894,4.915,2.25,842.729
2006-07-26,841.552,5.017,2.25,834.285
2006-07-27,841.552,5.017,2.25,834.285
2006-07-28,841.552,5.017,2.25,834.285
2006-07-31,841.552,5.017,2.25,834.285
2006-08-01,841.552,5.017,2.25,834.285
2006-08-02,850.263,4.72,2.25,843.293
2006-08-03,850.263,4.72,2.25,843.293
2006-08-04,850.263,4.72,2.25,843.293
2006-08-07,850.263,4.72,2.25,843.293
2006-08-08,850.263,4.72,2.25,843.293
2006-08-09,840.006,4.643,2.25,833.1129999999999
2006-08-10,840.006,4.643,2.25,833.1129999999999
2006-08-11,840.006,4.643,2.25,833.1129999999999
2006-08-14,840.006,4.643,2.25,833.1129999999999
2006-08-15,840.006,4.643,2.25,833.1129999999999
2006-08-16,842.876,4.747,2.25,835.879
2006-08-17,842.876,4.747,2.25,835.879
2006-08-18,842.876,4.747,2.25,835.879
2006-08-21,842.876,4.747,2.25,835.879
2006-08-22,842.876,4.747,2.25,835.879
2006-08-23,837.987,4.997,2.25,830.74
2006-08-24,837.987,4.997,2.25,830.74
2006-08-25,837.987,4.997,2.25,830.74
2006-08-28,837.987,4.997,2.25,830.74
2006-08-29,837.987,4.997,2.25,830.74
2006-08-30,850.9250000000001,5.095,2.25,843.58
2006-08-31,850.9250000000001,5.095,2.25,843.58
2006-09-01,850.9250000000001,5.095,2.25,843.58
2006-09-04,850.9250000000001,5.095,2.25,843.58
2006-09-05,850.9250000000001,5.095,2.25,843.58
2006-09-06,848.594,4.531,2.25,841.8130000000001
2006-09-07,848.594,4.531,2.25,841.8130000000001
2006-09-08,848.594,4.531,2.25,841.8130000000001
2006-09-11,848.594,4.531,2.25,841.8130000000001
2006-09-12,848.594,4.531,2.25,841.8130000000001
2006-09-13,840.886,4.749,2.25,833.887
2006-09-14,840.886,4.749,2.25,833.887
2006-09-15,840.886,4.749,2.25,833.887
2006-09-18,840.886,4.749,2.25,833.887
2006-09-19,840.886,4.749,2.25,833.887
2006-09-20,838.192,6.113,2.25,829.829
2006-09-21,838.192,6.113,2.25,829.829
2006-09-22,838.192,6.113,2.25,829.829
2006-09-25,838.192,6.113,2.25,829.829
2006-09-26,838.192,6.113,2.25,829.829
2006-09-27,849.971,4.28,2.25,843.441
2006-09-28,849.971,4.28,2.25,843.441
2006-09-29,849.971,4.28,2.25,843.441
2006-10-02,849.971,4.28,2.25,843.441
2006-10-03,849.971,4.28,2.25,843.441
2006-10-04,842.296,6.65,2.25,833.3960000000001
2006-10-05,842.296,6.65,2.25,833.3960000000001
2006-10-06,842.296,6.65,2.25,833.3960000000001
2006-10-09,842.296,6.65,2.25,833.3960000000001
2006-10-10,842.296,6.65,2.25,833.3960000000001
2006-10-11,859.339,5.174,2.25,851.9150000000001
2006-10-12,859.339,5.174,2.25,851.9150000000001
2006-10-13,859.339,5.174,2.25,851.9150000000001
2006-10-16,859.339,5.174,2.25,851.9150000000001
2006-10-17,859.339,5.174,2.25,851.9150000000001
2006-10-18,844.2,4.855,2.25,837.095
2006-10-19,844.2,4.855,2.25,837.095
2006-10-20,844.2,4.855,2.25,837.095
2006-10-23,844.2,4.855,2.25,837.095
2006-10-24,844.2,4.855,2.25,837.095
2006-10-25,852.648,5.178,2.25,845.22
2006-10-26,852.648,5.178,2.25,845.22
2006-10-27,852.648,5.178,2.25,845.22
2006-10-30,852.648,5.178,2.25,845.22
2006-10-31,852.648,5.178,2.25,845.22
2006-11-01,855.5360000000001,4.982,2.25,848.3040000000001
2006-11-02,855.5360000000001,4.982,2.25,848.3040000000001
2006-11-03,855.5360000000001,4.982,2.25,848.3040000000001
2006-11-06,855.5360000000001,4.982,2.25,848.3040000000001
2006-11-07,855.5360000000001,4.982,2.25,848.3040000000001
2006-11-08,858.63,5.034,2.25,851.346
2006-11-09,858.63,5.034,2.25,851.346
2006-11-10,858.63,5.034,2.25,851.346
2006-11-13,858.63,5.034,2.25,851.346
2006-11-14,858.63,5.034,2.25,851.346
2006-11-15,855.551,4.96,2.25,848.341
2006-11-16,855.551,4.96,2.25,848.341
2006-11-17,855.551,4.96,2.25,848.341
2006-11-20,855.551,4.96,2.25,848.341
2006-11-21,855.551,4.96,2.25,848.341
2006-11-22,865.126,4.663,2.25,858.213
2006-11-23,865.126,4.663,2.25,858.213
2006-11-24,865.126,4.663,2.25,858.213
2006-11-27,865.126,4.663,2.25,858.213
2006-11-28,865.126,4.663,2.25,858.213
2006-11-29,856.671,5.03,2.25,849.3910000000001
2006-11-30,856.671,5.03,2.25,849.3910000000001
2006-12-01,856.671,5.03,2.25,849.3910000000001
2006-12-04,856.671,5.03,2.25,849.3910000000001
2006-12-05,856.671,5.03,2.25,849.3910000000001
2006-12-06,862.178,5.0600000000000005,2.25,854.868
2006-12-07,862.178,5.0600000000000005,2.25,854.868
2006-12-08,862.178,5.0600000000000005,2.25,854.868
2006-12-11,862.178,5.0600000000000005,2.25,854.868
2006-12-12,862.178,5.0600000000000005,2.25,854.868
2006-12-13,853.851,4.74,2.25,846.861
2006-12-14,853.851,4.74,2.25,846.861
2006-12-15,853.851,4.74,2.25,846.861
2006-12-18,853.851,4.74,2.25,846.861
2006-12-19,853.851,4.74,2.25,846.861
2006-12-20,865.01,6.066,2.25,856.694
2006-12-21,865.01,6.066,2.25,856.694
2006-12-22,865.01,6.066,2.25,856.694
2006-12-25,865.01,6.066,2.25,856.694
2006-12-26,865.01,6.066,2.25,856.694
2006-12-27,869.988,5.24,2.25,862.498
2006-12-28,869.988,5.24,2.25,862.498
2006-12-29,869.988,5.24,2.25,862.498
2007-01-01,869.988,5.24,2.25,862.498
2007-01-02,869.988,5.24,2.25,862.498
2007-01-03,874.626,5.027,2.25,867.3489999999999
2007-01-04,874.626,5.027,2.25,867.3489999999999
2007-01-05,874.626,5.027,2.25,867.3489999999999
2007-01-08,874.626,5.027,2.25,867.3489999999999
2007-01-09,874.626,5.027,2.25,867.3489999999999
2007-01-10,854.8190000000001,4.797,2.25,847.772
2007-01-11,854.8190000000001,4.797,2.25,847.772
2007-01-12,854.8190000000001,4.797,2.25,847.772
2007-01-15,854.8190000000001,4.797,2.25,847.772
2007-01-16,854.8190000000001,4.797,2.25,847.772
2007-01-17,859.363,4.686,2.25,852.427
2007-01-18,859.363,4.686,2.25,852.427
2007-01-19,859.363,4.686,2.25,852.427
2007-01-22,859.363,4.686,2.25,852.427
2007-01-23,859.363,4.686,2.25,852.427
2007-01-24,851.755,5.112,2.25,844.393
2007-01-25,851.755,5.112,2.25,844.393
2007-01-26,851.755,5.112,2.25,844.393
2007-01-29,851.755,5.112,2.25,844.393
2007-01-30,851.755,5.112,2.25,844.393
2007-01-31,865.73,5.055,2.25,858.4250000000001
2007-02-01,865.73,5.055,2.25,858.4250000000001
2007-02-02,865.73,5.055,2.25,858.4250000000001
2007-02-05,865.73,5.055,2.25,858.4250000000001
2007-02-06,865.73,5.055,2.25,858.4250000000001
2007-02-07,855.057,5.097,2.25,847.71
2007-02-08,855.057,5.097,2.25,847.71
2007-02-09,855.057,5.097,2.25,847.71
2007-02-12,855.057,5.097,2.25,847.71
2007-02-13,855.057,5.097,2.25,847.71
2007-02-14,867.1990000000001,5.014,2.25,859.9350000000001
2007-02-15,867.1990000000001,5.014,2.25,859.9350000000001
2007-02-16,867.1990000000001,5.014,2.25,859.9350000000001
2007-02-19,867.1990000000001,5.014,2.25,859.9350000000001
2007-02-20,867.1990000000001,5.014,2.25,859.9350000000001
2007-02-21,869.235,4.94,2.25,862.045
2007-02-22,869.235,4.94,2.25,862.045
2007-02-23,869.235,4.94,2.25,862.045
2007-02-26,869.235,4.94,2.25,862.045
2007-02-27,869.235,4.94,2.25,862.045
2007-02-28,877.409,4.674,2.25,870.485
2007-03-01,877.409,4.674,2.25,870.485
2007-03-02,877.409,4.674,2.25,870.485
2007-03-05,877.409,4.674,2.25,870.485
2007-03-06,877.409,4.674,2.25,870.485
2007-03-07,864.505,4.7250000000000005,2.25,857.53
2007-03-08,864.505,4.7250000000000005,2.25,857.53
2007-03-09,864.505,4.7250000000000005,2.25,857.53
2007-03-12,864.505,4.7250000000000005,2.25,857.53
2007-03-13,864.505,4.7250000000000005,2.25,857.53
2007-03-14,876.1080000000001,5.038,2.25,868.82
2007-03-15,876.1080000000001,5.038,2.25,868.82
2007-03-16,876.1080000000001,5.038,2.25,868.82
2007-03-19,876.1080000000001,5.038,2.25,868.82
2007-03-20,876.1080000000001,5.038,2.25,868.82
2007-03-21,863.067,5.408,2.25,855.409
2007-03-22,863.067,5.408,2.25,855.409
2007-03-23,863.067,5.408,2.25,855.409
2007-03-26,863.067,5.408,2.25,855.409
2007-03-27,863.067,5.408,2.25,855.409
2007-03-28,869.803,4.99,2.25,862.563
2007-03-29,869.803,4.99,2.25,862.563
2007-03-30,869.803,4.99,2.25,862.563
2007-04-02,869.803,4.99,2.25,862.563
2007-04-03,869.803,4.99,2.25,862.563
2007-04-04,862.3190000000001,4.769,2.25,855.3000000000001
2007-04-05,862.3190000000001,4.769,2.25,855.3000000000001
2007-04-06,862.3190000000001,4.769,2.25,855.3000000000001
2007-04-09,862.3190000000001,4.769,2.25,855.3000000000001
2007-04-10,862.3190000000001,4.769,2.25,855.3000000000001
2007-04-11,865.441,4.672,2.25,858.519
2007-04-12,865.441,4.672,2.25,858.519
2007-04-13,865.441,4.672,2.25,858.519
2007-04-16,865.441,4.672,2.25,858.519
2007-04-17,865.441,4.672,2.25,858.519
2007-04-18,861.335,5.454,2.25,853.6310000000001
2007-04-19,861.335,5.454,2.25,853.6310000000001
2007-04-20,861.335,5.454,2.25,853.6310000000001
2007-04-23,861.335,5.454,2.25,853.6310000000001
2007-04-24,861.335,5.454,2.25,853.6310000000001
2007-04-25,879.686,6.534,2.25,870.902
2007-04-26,879.686,6.534,5.25,867.902
2007-04-27,879.686,6.534,6.5,866.652
2007-04-30,879.686,6.534,6.5,866.652
2007-05-01,879.686,6.534,6.5,866.652
2007-05-02,890.857,14.887,5.75,870.22
2007-05-03,890.857,14.887,5.75,870.22
2007-05-04,890.857,14.887,5.75,870.22
2007-05-07,890.857,14.887,5.75,870.22
2007-05-08,890.857,14.887,5.75,870.22
2007-05-09,875.27,4.914,5.75,864.606
2007-05-10,875.27,4.914,1.5,868.856
2007-05-11,875.27,4.914,1.5,868.856
2007-05-14,875.27,4.914,1.5,868.856
2007-05-15,875.27,4.914,1.5,868.856
2007-05-16,859.559,4.4510000000000005,1.5,853.608
2007-05-17,859.559,4.4510000000000005,1.5,853.608
2007-05-18,859.559,4.4510000000000005,1.5,853.608
2007-05-21,859.559,4.4510000000000005,1.5,853.608
2007-05-22,859.559,4.4510000000000005,1.5,853.608
2007-05-23,873.9350000000001,4.913,1.5,867.522
2007-05-24,873.9350000000001,4.913,1.5,867.522
2007-05-25,873.9350000000001,4.913,1.5,867.522
2007-05-28,873.9350000000001,4.913,1.5,867.522
2007-05-29,873.9350000000001,4.913,1.5,867.522
2007-05-30,876.986,5.183,1.5,870.303
2007-05-31,876.986,5.183,1.5,870.303
2007-06-01,876.986,5.183,1.5,870.303
2007-06-04,876.986,5.183,1.5,870.303
2007-06-05,876.986,5.183,1.5,870.303
2007-06-06,872.706,4.938,1.5,866.268
2007-06-07,872.706,4.938,1.5,866.268
2007-06-08,872.706,4.938,1.5,866.268
2007-06-11,872.706,4.938,1.5,866.268
2007-06-12,872.706,4.938,1.5,866.268
2007-06-13,864.989,4.958,1.5,858.5310000000001
2007-06-14,864.989,4.958,1.5,858.5310000000001
2007-06-15,864.989,4.958,1.5,858.5310000000001
2007-06-18,864.989,4.958,1.5,858.5310000000001
2007-06-19,864.989,4.958,1.5,858.5310000000001
2007-06-20,866.089,5.4750000000000005,1.5,859.114
2007-06-21,866.089,5.4750000000000005,1.5,859.114
2007-06-22,866.089,5.4750000000000005,1.5,859.114
2007-06-25,866.089,5.4750000000000005,1.5,859.114
2007-06-26,866.089,5.4750000000000005,1.5,859.114
2007-06-27,865.105,4.923,1.5,858.682
2007-06-28,865.105,4.923,1.5,858.682
2007-06-29,865.105,4.923,1.5,858.682
2007-07-02,865.105,4.923,1.5,858.682
2007-07-03,865.105,4.923,1.5,858.682
2007-07-04,876.611,4.607,1.5,870.504
2007-07-05,876.611,4.607,1.5,870.504
2007-07-06,876.611,4.607,1.5,870.504
2007-07-09,876.611,4.607,1.5,870.504
2007-07-10,876.611,4.607,1.5,870.504
2007-07-11,869.407,4.912,1.5,862.995
2007-07-12,869.407,4.912,1.5,862.995
2007-07-13,869.407,4.912,1.5,862.995
2007-07-16,869.407,4.912,1.5,862.995
2007-07-17,869.407,4.912,1.5,862.995
2007-07-18,872.916,4.174,1.5,867.2420000000001
2007-07-19,872.916,4.174,1.5,867.2420000000001
2007-07-20,872.916,4.174,1.5,867.2420000000001
2007-07-23,872.916,4.174,1.5,867.2420000000001
2007-07-24,872.916,4.174,1.5,867.2420000000001
2007-07-25,863.89,5.0520000000000005,1.5,857.338
2007-07-26,863.89,5.0520000000000005,1.5,857.338
2007-07-27,863.89,5.0520000000000005,1.5,857.338
2007-07-30,863.89,5.0520000000000005,1.5,857.338
2007-07-31,863.89,5.0520000000000005,1.5,857.338
2007-08-01,870.261,4.874,1.5,863.887
2007-08-02,870.261,4.874,1.5,863.887
2007-08-03,870.261,4.874,1.5,863.887
2007-08-06,870.261,4.874,1.5,863.887
2007-08-07,870.261,4.874,1.5,863.887
2007-08-08,865.453,4.998,1.5,858.9549999999999
2007-08-09,865.453,4.998,1.5,858.9549999999999
2007-08-10,865.453,4.998,1.5,858.9549999999999
2007-08-13,865.453,4.998,1.5,858.9549999999999
2007-08-14,865.453,4.998,1.5,858.9549999999999
2007-08-15,864.931,4.735,1.5,858.696
2007-08-16,864.931,4.735,1.5,858.696
2007-08-17,864.931,4.735,1.5,858.696
2007-08-20,864.931,4.735,1.5,858.696
2007-08-21,864.931,4.735,1.5,858.696
2007-08-22,862.775,4.8420000000000005,1.5,856.433
2007-08-23,862.775,4.8420000000000005,1.5,856.433
2007-08-24,862.775,4.8420000000000005,1.5,856.433
2007-08-27,862.775,4.8420000000000005,1.5,856.433
2007-08-28,862.775,4.8420000000000005,1.5,856.433
2007-08-29,872.873,5.089,1.5,866.284
2007-08-30,872.873,5.089,1.5,866.284
2007-08-31,872.873,5.089,1.5,866.284
2007-09-03,872.873,5.089,1.5,866.284
2007-09-04,872.873,5.089,1.5,866.284
2007-09-05,871.1560000000001,4.6850000000000005,1.5,864.9710000000001
2007-09-06,871.1560000000001,4.6850000000000005,1.5,864.9710000000001
2007-09-07,871.1560000000001,4.6850000000000005,1.5,864.9710000000001
2007-09-10,871.1560000000001,4.6850000000000005,1.5,864.9710000000001
2007-09-11,871.1560000000001,4.6850000000000005,1.5,864.9710000000001
2007-09-12,886.314,4.755,1.5,880.059
2007-09-13,886.314,4.755,1.5,880.059
2007-09-14,886.314,4.755,1.5,880.059
2007-09-17,886.314,4.755,1.5,880.059
2007-09-18,886.314,4.755,1.5,880.059
2007-09-19,867.732,5.416,1.5,860.8159999999999
2007-09-20,867.732,5.416,1.5,860.8159999999999
2007-09-21,867.732,5.416,1.5,860.8159999999999
2007-09-24,867.732,5.416,1.5,860.8159999999999
2007-09-25,867.732,5.416,1.5,860.8159999999999
2007-09-26,889.9,4.761,1.5,883.639
2007-09-27,889.9,4.761,1.5,883.639
2007-09-28,889.9,4.761,1.5,883.639
2007-10-01,889.9,4.761,1.5,883.639
2007-10-02,889.9,4.761,1.5,883.639
2007-10-03,869.051,5.43,1.5,862.1210000000001
2007-10-04,869.051,5.43,1.5,862.1210000000001
2007-10-05,869.051,5.43,1.5,862.1210000000001
2007-10-08,869.051,5.43,1.5,862.1210000000001
2007-10-09,869.051,5.43,1.5,862.1210000000001
2007-10-10,886.363,4.3790000000000004,1.5,880.484
2007-10-11,886.363,4.3790000000000004,1.5,880.484
2007-10-12,886.363,4.3790000000000004,1.5,880.484
2007-10-15,886.363,4.3790000000000004,1.5,880.484
2007-10-16,886.363,4.3790000000000004,1.5,880.484
2007-10-17,869.509,5.08,1.5,862.929
2007-10-18,869.509,5.08,1.5,862.929
2007-10-19,869.509,5.08,1.5,862.929
2007-10-22,869.509,5.08,1.5,862.929
2007-10-23,869.509,5.08,1.5,862.929
2007-10-24,881.395,5.046,1.5,874.8489999999999
2007-10-25,881.395,5.046,1.5,874.8489999999999
2007-10-26,881.395,5.046,1.5,874.8489999999999
2007-10-29,881.395,5.046,1.5,874.8489999999999
2007-10-30,881.395,5.046,1.5,874.8489999999999
2007-10-31,883.385,4.95,1.5,876.935
2007-11-01,883.385,4.95,1.5,876.935
2007-11-02,883.385,4.95,1.5,876.935
2007-11-05,883.385,4.95,1.5,876.935
2007-11-06,883.385,4.95,1.5,876.935
2007-11-07,885.724,5.119,1.5,879.105
2007-11-08,885.724,5.119,1.5,879.105
2007-11-09,885.724,5.119,1.5,879.105
2007-11-12,885.724,5.119,1.5,879.105
2007-11-13,885.724,5.119,1.5,879.105
2007-11-14,889.537,5.143,1.5,882.894
2007-11-15,889.537,5.143,1.5,882.894
2007-11-16,889.537,5.143,1.5,882.894
2007-11-19,889.537,5.143,1.5,882.894
2007-11-20,889.537,5.143,1.5,882.894
2007-11-21,891.028,4.9590000000000005,1.5,884.5690000000001
2007-11-22,891.028,4.9590000000000005,1.5,884.5690000000001
2007-11-23,891.028,4.9590000000000005,1.5,884.5690000000001
2007-11-26,891.028,4.9590000000000005,1.5,884.5690000000001
2007-11-27,891.028,4.9590000000000005,1.5,884.5690000000001
2007-11-28,879.417,5.176,1.5,872.741
2007-11-29,879.417,5.176,1.5,872.741
2007-11-30,879.417,5.176,1.5,872.741
2007-12-03,879.417,5.176,1.5,872.741
2007-12-04,879.417,5.176,1.5,872.741
2007-12-05,882.764,4.905,1.5,876.359
2007-12-06,882.764,4.905,1.5,876.359
2007-12-07,882.764,4.905,1.5,876.359
2007-12-10,882.764,4.905,1.5,876.359
2007-12-11,882.764,4.905,1.5,876.359
2007-12-12,881.75,4.831,1.5,875.419
2007-12-13,881.75,4.831,1.5,875.419
2007-12-14,881.75,4.831,1.5,875.419
2007-12-17,881.75,4.831,1.5,875.419
2007-12-18,881.75,4.831,1.5,875.419
2007-12-19,887.9830000000001,7.5,1.5,878.9830000000001
2007-12-20,887.9830000000001,7.5,1.5,878.9830000000001
2007-12-21,887.9830000000001,7.5,1.5,878.9830000000001
2007-12-24,887.9830000000001,7.5,1.5,878.9830000000001
2007-12-25,887.9830000000001,7.5,1.5,878.9830000000001
2007-12-26,890.662,4.91,1.5,884.2520000000001
2007-12-27,890.662,4.91,1.5,884.2520000000001
2007-12-28,890.662,4.91,1.5,884.2520000000001
2007-12-31,890.662,4.91,1.5,884.2520000000001
2008-01-01,890.662,4.91,1.5,884.2520000000001
2008-01-02,922.187,8.693,1.5,911.994
2008-01-03,922.187,8.693,1.5,911.994
2008-01-04,922.187,8.693,1.5,911.994
2008-01-07,922.187,8.693,1.5,911.994
2008-01-08,922.187,8.693,1.5,911.994
2008-01-09,880.754,5.146,1.5,874.1080000000001
2008-01-10,880.754,5.146,1.5,874.1080000000001
2008-01-11,880.754,5.146,1.5,874.1080000000001
2008-01-14,880.754,5.146,1.5,874.1080000000001
2008-01-15,880.754,5.146,1.5,874.1080000000001
2008-01-16,893.581,5.171,1.5,886.91
2008-01-17,893.581,5.171,1.5,886.91
2008-01-18,893.581,5.171,1.5,886.91
2008-01-21,893.581,5.171,1.5,886.91
2008-01-22,893.581,5.171,1.5,886.91
2008-01-23,877.253,5.335,1.5,870.418
2008-01-24,877.253,5.335,1.5,870.418
2008-01-25,877.253,5.335,1.5,870.418
2008-01-28,877.253,5.335,1.5,870.418
2008-01-29,877.253,5.335,1.5,870.418
2008-01-30,900.264,4.65,1.5,894.114
2008-01-31,900.264,4.65,1.5,894.114
2008-02-01,900.264,4.65,1.5,894.114
2008-02-04,900.264,4.65,1.5,894.114
2008-02-05,900.264,4.65,1.5,894.114
2008-02-06,871.022,5.548,1.5,863.974
2008-02-07,871.022,5.548,1.5,863.974
2008-02-08,871.022,5.548,1.5,863.974
2008-02-11,871.022,5.548,1.5,863.974
2008-02-12,871.022,5.548,1.5,863.974
2008-02-13,883.005,5.316,1.5,876.189
2008-02-14,883.005,5.316,1.5,876.189
2008-02-15,883.005,5.316,1.5,876.189
2008-02-18,883.005,5.316,1.5,876.189
2008-02-19,883.005,5.316,1.5,876.189
2008-02-20,878.9490000000001,3.861,1.5,873.5880000000001
2008-02-21,878.9490000000001,3.861,1.5,873.5880000000001
2008-02-22,878.9490000000001,3.861,1.5,873.5880000000001
2008-02-25,878.9490000000001,3.861,1.5,873.5880000000001
2008-02-26,878.9490000000001,3.861,1.5,873.5880000000001
2008-02-27,893.825,4.74,1.5,887.585
2008-02-28,893.825,4.74,1.5,887.585
2008-02-29,893.825,4.74,1.5,887.585
2008-03-03,893.825,4.74,1.5,887.585
2008-03-04,893.825,4.74,1.5,887.585
2008-03-05,881.208,4.867,1.5,874.841
2008-03-06,881.208,4.867,1.5,874.841
2008-03-07,881.208,4.867,1.5,874.841
2008-03-10,881.208,4.867,1.5,874.841
2008-03-11,881.208,4.867,1.5,874.841
2008-03-12,896.565,5.0760000000000005,1.5,889.989
2008-03-13,896.565,5.0760000000000005,1.5,889.989
2008-03-14,896.565,5.0760000000000005,1.5,889.989
2008-03-17,896.565,5.0760000000000005,1.5,889.989
2008-03-18,896.565,5.0760000000000005,1.5,889.989
2008-03-19,888.6460000000001,5.152,7.25,876.244
2008-03-20,888.6460000000001,5.152,7.25,876.244
2008-03-21,888.6460000000001,5.152,7.25,876.244
2008-03-24,888.6460000000001,5.152,7.25,876.244
2008-03-25,888.6460000000001,5.152,7.25,876.244
2008-03-26,893.965,5.729,7.25,880.986
2008-03-27,893.965,5.729,7.25,880.986
2008-03-28,893.965,5.729,6.0,882.236
2008-03-31,893.965,5.729,5.0,883.236
2008-04-01,893.965,5.729,5.0,883.236
2008-04-02,883.708,5.158,3.75,874.8
2008-04-03,883.708,5.158,3.75,874.8
2008-04-04,883.708,5.158,3.75,874.8
2008-04-07,883.708,5.158,3.75,874.8
2008-04-08,883.708,5.158,3.75,874.8
2008-04-09,893.029,5.127,3.75,884.152
2008-04-10,893.029,5.127,3.75,884.152
2008-04-11,893.029,5.127,3.75,884.152
2008-04-14,893.029,5.127,3.75,884.152
2008-04-15,893.029,5.127,3.75,884.152
2008-04-16,881.904,4.745,3.75,873.409
2008-04-17,881.904,4.745,3.75,873.409
2008-04-18,881.904,4.745,3.75,873.409
2008-04-21,881.904,4.745,3.75,873.409
2008-04-22,881.904,4.745,3.75,873.409
2008-04-23,885.7810000000001,5.437,3.75,876.594
2008-04-24,885.7810000000001,5.437,3.75,876.594
2008-04-25,885.7810000000001,5.437,3.75,876.594
2008-04-28,885.7810000000001,5.437,3.75,876.594
2008-04-29,885.7810000000001,5.437,3.75,876.594
2008-04-30,888.131,5.721,3.75,878.66
2008-05-01,888.131,5.721,3.75,878.66
2008-05-02,888.131,5.721,3.75,878.66
2008-05-05,888.131,5.721,3.75,878.66
2008-05-06,888.131,5.721,3.75,878.66
2008-05-07,889.2280000000001,5.191,3.75,880.287
2008-05-08,889.2280000000001,5.191,3.75,880.287
2008-05-09,889.2280000000001,5.191,3.75,880.287
2008-05-12,889.2280000000001,5.191,3.75,880.287
2008-05-13,889.2280000000001,5.191,3.75,880.287
2008-05-14,880.1750000000001,4.657,3.75,871.768
2008-05-15,880.1750000000001,4.657,3.75,871.768
2008-05-16,880.1750000000001,4.657,3.75,871.768
2008-05-19,880.1750000000001,4.657,3.75,871.768
2008-05-20,880.1750000000001,4.657,3.75,871.768
2008-05-21,898.487,4.399,3.75,890.338
2008-05-22,898.487,4.399,3.75,890.338
2008-05-23,898.487,4.399,3.75,890.338
2008-05-26,898.487,4.399,3.75,890.338
2008-05-27,898.487,4.399,3.75,890.338
2008-05-28,904.054,4.94,3.75,895.3639999999999
2008-05-29,904.054,4.94,3.75,895.3639999999999
2008-05-30,904.054,4.94,3.75,895.3639999999999
2008-06-02,904.054,4.94,3.75,895.3639999999999
2008-06-03,904.054,4.94,3.75,895.3639999999999
2008-06-04,895.939,4.844,3.75,887.3449999999999
2008-06-05,895.939,4.844,3.75,887.3449999999999
2008-06-06,895.939,4.844,3.75,887.3449999999999
2008-06-09,895.939,4.844,3.75,887.3449999999999
2008-06-10,895.939,4.844,3.75,887.3449999999999
2008-06-11,890.61,4.849,3.75,882.011
2008-06-12,890.61,4.849,3.75,882.011
2008-06-13,890.61,4.849,3.75,882.011
2008-06-16,890.61,4.849,3.75,882.011
2008-06-17,890.61,4.849,3.75,882.011
2008-06-18,902.304,4.926,3.75,893.6279999999999
2008-06-19,902.304,4.926,3.75,893.6279999999999
2008-06-20,902.304,4.926,3.75,893.6279999999999
2008-06-23,902.304,4.926,3.75,893.6279999999999
2008-06-24,902.304,4.926,3.75,893.6279999999999
2008-06-25,892.713,5.07,3.75,883.8929999999999
2008-06-26,892.713,5.07,3.75,883.8929999999999
2008-06-27,892.713,5.07,3.75,883.8929999999999
2008-06-30,892.713,5.07,3.75,883.8929999999999
2008-07-01,892.713,5.07,3.75,883.8929999999999
2008-07-02,902.962,5.042,3.75,894.17
2008-07-03,902.962,5.042,3.75,894.17
2008-07-04,902.962,5.042,3.75,894.17
2008-07-07,902.962,5.042,3.75,894.17
2008-07-08,902.962,5.042,3.75,894.17
2008-07-09,898.034,5.18,3.75,889.104
2008-07-10,898.034,5.18,3.75,889.104
2008-07-11,898.034,5.18,3.75,889.104
2008-07-14,898.034,5.18,3.75,889.104
2008-07-15,898.034,5.18,3.75,889.104
2008-07-16,910.681,4.711,3.75,902.22
2008-07-17,910.681,4.711,3.75,902.22
2008-07-18,910.681,4.711,3.75,902.22
2008-07-21,910.681,4.711,3.75,902.22
2008-07-22,910.681,4.711,3.75,902.22
2008-07-23,899.665,5.4190000000000005,3.75,890.496
2008-07-24,899.665,5.4190000000000005,3.75,890.496
2008-07-25,899.665,5.4190000000000005,3.75,890.496
2008-07-28,899.665,5.4190000000000005,3.75,890.496
2008-07-29,899.665,5.4190000000000005,3.75,890.496
2008-07-30,918.625,5.094,3.75,909.781
2008-07-31,918.625,5.094,3.75,909.781
2008-08-01,918.625,5.094,3.75,909.781
2008-08-04,918.625,5.094,3.75,909.781
2008-08-05,918.625,5.094,3.75,909.781
2008-08-06,901.71,4.88,3.75,893.08
2008-08-07,901.71,4.88,3.75,893.08
2008-08-08,901.71,4.88,3.75,893.08
2008-08-11,901.71,4.88,3.75,893.08
2008-08-12,901.71,4.88,3.75,893.08
2008-08-13,914.6320000000001,4.859,3.75,906.023
2008-08-14,914.6320000000001,4.859,3.75,906.023
2008-08-15,914.6320000000001,4.859,3.75,906.023
2008-08-18,914.6320000000001,4.859,3.75,906.023
2008-08-19,914.6320000000001,4.859,3.75,906.023
2008-08-20,898.611,4.765,3.75,890.096
2008-08-21,898.611,4.765,3.75,890.096
2008-08-22,898.611,4.765,3.75,890.096
2008-08-25,898.611,4.765,3.75,890.096
2008-08-26,898.611,4.765,3.75,890.096
2008-08-27,909.982,4.828,3.75,901.404
2008-08-28,909.982,4.828,3.75,901.404
2008-08-29,909.982,4.828,3.75,901.404
2008-09-01,909.982,4.828,3.75,901.404
2008-09-02,909.982,4.828,3.75,901.404
2008-09-03,905.253,4.746,3.75,896.7570000000001
2008-09-04,905.253,4.746,3.75,896.7570000000001
2008-09-05,905.253,4.746,3.75,896.7570000000001
2008-09-08,905.253,4.746,3.75,896.7570000000001
2008-09-09,905.253,4.746,3.75,896.7570000000001
2008-09-10,925.725,4.723,3.75,917.2520000000001
2008-09-11,925.725,4.723,3.75,917.2520000000001
2008-09-12,925.725,4.723,3.75,917.2520000000001
2008-09-15,925.725,4.723,3.75,917.2520000000001
2008-09-16,925.725,4.723,3.75,917.2520000000001
2008-09-17,995.0930000000001,4.941,3.75,986.402
2008-09-18,995.0930000000001,4.941,3.75,986.402
2008-09-19,995.0930000000001,4.941,3.75,986.402
2008-09-22,995.0930000000001,4.941,3.75,986.402
2008-09-23,995.0930000000001,4.941,3.75,986.402
2008-09-24,1211.825,5.088,25.0,1181.737
2008-09-25,1211.825,5.088,22.0,1184.737
2008-09-26,1211.825,5.088,26.0,1180.737
2008-09-29,1211.825,5.088,26.0,1180.737
2008-09-30,1211.825,5.088,26.0,1180.737
2008-10-01,1503.989,8.629,20.0,1475.3600000000001
2008-10-02,1503.989,8.629,25.0,1470.3600000000001
2008-10-03,1503.989,8.629,25.0,1470.3600000000001
2008-10-06,1503.989,8.629,25.0,1470.3600000000001
2008-10-07,1503.989,8.629,25.0,1470.3600000000001
2008-10-08,1591.587,7.91,25.0,1558.677
2008-10-09,1591.587,7.91,25.0,1558.677
2008-10-10,1591.587,7.91,25.0,1558.677
2008-10-13,1591.587,7.91,25.0,1558.677
2008-10-14,1591.587,7.91,25.0,1558.677
2008-10-15,1770.809,7.338,25.0,1738.471
2008-10-16,1770.809,7.338,25.0,1738.471
2008-10-17,1770.809,7.338,25.0,1738.471
2008-10-20,1770.809,7.338,25.0,1738.471
2008-10-21,1770.809,7.338,25.0,1738.471
2008-10-22,1802.602,23.166,25.0,1754.4360000000001
2008-10-23,1802.602,23.166,25.0,1754.4360000000001
2008-10-24,1802.602,23.166,25.0,1754.4360000000001
2008-10-27,1802.602,23.166,25.0,1754.4360000000001
2008-10-28,1802.602,23.166,25.0,1754.4360000000001
2008-10-29,1969.086,100.736,25.0,1843.35
2008-10-30,1969.086,100.736,25.0,1843.35
2008-10-31,1969.086,100.736,25.0,1843.35
2008-11-03,1969.086,100.736,25.0,1843.35
2008-11-04,1969.086,100.736,25.0,1843.35
2008-11-05,2074.205,31.8,25.0,2017.405
2008-11-06,2074.205,31.8,25.0,2017.405
2008-11-07,2074.205,31.8,25.0,2017.405
2008-11-10,2074.205,31.8,15.0,2027.405
2008-11-11,2074.205,31.8,15.0,2027.405
2008-11-12,2212.852,61.776,25.0,2126.076
2008-11-13,2212.852,61.776,25.0,2126.076
2008-11-14,2212.852,61.776,25.0,2126.076
2008-11-17,2212.852,61.776,25.0,2126.076
2008-11-18,2212.852,61.776,20.0,2131.076
2008-11-19,2187.137,60.465,25.0,2101.672
2008-11-20,2187.137,60.465,25.0,2101.672
2008-11-21,2187.137,60.465,25.0,2101.672
2008-11-24,2187.137,60.465,25.0,2101.672
2008-11-25,2187.137,60.465,25.0,2101.672
2008-11-26,2106.117,64.531,25.0,2016.5860000000002
2008-11-27,2106.117,64.531,25.0,2016.5860000000002
2008-11-28,2106.117,64.531,25.0,2016.5860000000002
2008-12-01,2106.117,64.531,25.0,2016.5860000000002
2008-12-02,2106.117,64.531,25.0,2016.5860000000002
2008-12-03,2136.924,61.049,25.0,2050.875
2008-12-04,2136.924,61.049,25.0,2050.875
2008-12-05,2136.924,61.049,25.0,2050.875
2008-12-08,2136.924,61.049,25.0,2050.875
2008-12-09,2136.924,61.049,25.0,2050.875
2008-12-10,2250.012,49.529,25.0,2175.483
2008-12-11,2250.012,49.529,25.0,2175.483
2008-12-12,2250.012,49.529,25.0,2175.483
2008-12-15,2250.012,49.529,25.0,2175.483
2008-12-16,2250.012,49.529,25.0,2175.483
2008-12-17,2254.983,79.632,25.0,2150.351
2008-12-18,2254.983,79.632,25.0,2150.351
2008-12-19,2254.983,79.632,25.0,2150.351
2008-12-22,2254.983,79.632,25.0,2150.351
2008-12-23,2254.983,79.632,25.0,2150.351
2008-12-24,2232.311,125.933,25.0,2081.378
2008-12-25,2232.311,125.933,25.0,2081.378
2008-12-26,2232.311,125.933,25.0,2081.378
2008-12-29,2232.311,125.933,25.0,2081.378
2008-12-30,2232.311,125.933,25.0,2081.378
2008-12-31,2239.457,114.229,25.0,2100.228
2009-01-01,2239.457,114.229,25.0,2100.228
2009-01-02,2239.457,114.229,25.0,2100.228
2009-01-05,2239.457,114.229,25.0,2100.228
2009-01-06,2239.457,114.229,25.0,2100.228
2009-01-07,2121.439,66.137,25.0,2030.3019999999997
2009-01-08,2121.439,66.137,25.0,2030.3019999999997
2009-01-09,2121.439,66.137,25.0,2030.3019999999997
2009-01-12,2121.439,66.137,25.0,2030.3019999999997
2009-01-13,2121.439,66.137,25.0,2030.3019999999997
2009-01-14,2049.714,36.826,25.0,1987.888
2009-01-15,2049.714,36.826,25.0,1987.888
2009-01-16,2049.714,36.826,25.0,1987.888
2009-01-19,2049.714,36.826,25.0,1987.888
2009-01-20,2049.714,36.826,25.0,1987.888
2009-01-21,2037.112,35.51,25.0,1976.602
2009-01-22,2037.112,35.51,25.0,1976.602
2009-01-23,2037.112,35.51,25.0,1976.602
2009-01-26,2037.112,35.51,25.0,1976.602
2009-01-27,2037.112,35.51,25.0,1976.602
2009-01-28,1927.082,55.539,25.0,1846.5430000000001
2009-01-29,1927.082,55.539,25.0,1846.5430000000001
2009-01-30,1927.082,55.539,25.0,1846.5430000000001
2009-02-02,1927.082,55.539,25.0,1846.5430000000001
2009-02-03,1927.082,55.539,25.0,1846.5430000000001
2009-02-04,1851.4370000000001,41.917,25.0,1784.5200000000002
2009-02-05,1851.4370000000001,41.917,25.0,1784.5200000000002
2009-02-06,1851.4370000000001,41.917,25.0,1784.5200000000002
2009-02-09,1851.4370000000001,41.917,25.0,1784.5200000000002
2009-02-10,1851.4370000000001,41.917,25.0,1784.5200000000002
2009-02-11,1843.4,36.506,25.0,1781.894
2009-02-12,1843.4,36.506,25.0,1781.894
2009-02-13,1843.4,36.506,25.0,1781.894
2009-02-16,1843.4,36.506,25.0,1781.894
2009-02-17,1843.4,36.506,25.0,1781.894
2009-02-18,1915.5620000000001,31.082,25.0,1859.48
2009-02-19,1915.5620000000001,31.082,25.0,1859.48
2009-02-20,1915.5620000000001,31.082,25.0,1859.48
2009-02-23,1915.5620000000001,31.082,25.0,1859.48
2009-02-24,1915.5620000000001,31.082,25.0,1859.48
2009-02-25,1916.115,35.583,25.0,1855.532
2009-02-26,1916.115,35.583,25.0,1855.532
2009-02-27,1916.115,35.583,25.0,1855.532
2009-03-02,1916.115,35.583,25.0,1855.532
2009-03-03,1916.115,35.583,25.0,1855.532
2009-03-04,1901.317,52.413000000000004,25.0,1823.904
2009-03-05,1901.317,52.413000000000004,25.0,1823.904
2009-03-06,1901.317,52.413000000000004,25.0,1823.904
2009-03-09,1901.317,52.413000000000004,25.0,1823.904
2009-03-10,1901.317,52.413000000000004,25.0,1823.904
2009-03-11,1899.5140000000001,48.896,25.0,1825.6180000000002
2009-03-12,1899.5140000000001,48.896,25.0,1825.6180000000002
2009-03-13,1899.5140000000001,48.896,25.0,1825.6180000000002
2009-03-16,1899.5140000000001,48.896,25.0,1825.6180000000002
2009-03-17,1899.5140000000001,48.896,25.0,1825.6180000000002
2009-03-18,2066.942,72.723,25.0,1969.219
2009-03-19,2066.942,72.723,25.0,1969.219
2009-03-20,2066.942,72.723,25.0,1969.219
2009-03-23,2066.942,72.723,25.0,1969.219
2009-03-24,2066.942,72.723,25.0,1969.219
2009-03-25,2071.556,78.083,25.0,1968.473
2009-03-26,2071.556,78.083,25.0,1968.473
2009-03-27,2071.556,78.083,25.0,1968.473
2009-03-30,2071.556,78.083,25.0,1968.473
2009-03-31,2071.556,78.083,25.0,1968.473
2009-04-01,2078.936,47.129,25.0,2006.8070000000002
2009-04-02,2078.936,47.129,25.0,2006.8070000000002
2009-04-03,2078.936,47.129,25.0,2006.8070000000002
2009-04-06,2078.936,47.129,25.0,2006.8070000000002
2009-04-07,2078.936,47.129,25.0,2006.8070000000002
2009-04-08,2088.573,35.981,25.0,2027.5919999999996
2009-04-09,2088.573,35.981,25.0,2027.5919999999996
2009-04-10,2088.573,35.981,25.0,2027.5919999999996
2009-04-13,2088.573,35.981,25.0,2027.5919999999996
2009-04-14,2088.573,35.981,25.0,2027.5919999999996
2009-04-15,2186.498,41.866,25.0,2119.632
2009-04-16,2186.498,41.866,25.0,2119.632
2009-04-17,2186.498,41.866,25.0,2119.632
2009-04-20,2186.498,41.866,25.0,2119.632
2009-04-21,2186.498,41.866,25.0,2119.632
2009-04-22,2196.812,65.72,25.0,2106.092
2009-04-23,2196.812,65.72,25.0,2106.092
2009-04-24,2196.812,65.72,25.0,2106.092
2009-04-27,2196.812,65.72,25.0,2106.092
2009-04-28,2196.812,65.72,25.0,2106.092
2009-04-29,2066.712,84.774,25.0,1956.938
2009-04-30,2066.712,84.774,25.0,1956.938
2009-05-01,2066.712,84.774,25.0,1956.938
2009-05-04,2066.712,84.774,25.0,1956.938
2009-05-05,2066.712,84.774,25.0,1956.938
2009-05-06,2079.7580000000003,87.083,25.0,1967.6750000000002
2009-05-07,2079.7580000000003,87.083,25.0,1967.6750000000002
2009-05-08,2079.7580000000003,87.083,25.0,1967.6750000000002
2009-05-11,2079.7580000000003,87.083,25.0,1967.6750000000002
2009-05-12,2079.7580000000003,87.083,25.0,1967.6750000000002
2009-05-13,2196.351,76.059,25.0,2095.292
2009-05-14,2196.351,76.059,25.0,2095.292
2009-05-15,2196.351,76.059,25.0,2095.292
2009-05-18,2196.351,76.059,25.0,2095.292
2009-05-19,2196.351,76.059,25.0,2095.292
2009-05-20,2181.632,49.838,25.0,2106.794
2009-05-21,2181.632,49.838,25.0,2106.794
2009-05-22,2181.632,49.838,25.0,2106.794
2009-05-25,2181.632,49.838,25.0,2106.794
2009-05-26,2181.632,49.838,25.0,2106.794
2009-05-27,2080.1150000000002,26.692,25.0,2028.4230000000002
2009-05-28,2080.1150000000002,26.692,25.0,2028.4230000000002
2009-05-29,2080.1150000000002,26.692,25.0,2028.4230000000002
2009-06-01,2080.1150000000002,26.692,25.0,2028.4230000000002
2009-06-02,2080.1150000000002,26.692,25.0,2028.4230000000002
2009-06-03,2077.695,32.573,25.0,2020.122
2009-06-04,2077.695,32.573,25.0,2020.122
2009-06-05,2077.695,32.573,25.0,2020.122
2009-06-08,2077.695,32.573,25.0,2020.122
2009-06-09,2077.695,32.573,25.0,2020.122
2009-06-10,2052.297,31.392,25.0,1995.905
2009-06-11,2052.297,31.392,25.0,1995.905
2009-06-12,2052.297,31.392,25.0,1995.905
2009-06-15,2052.297,31.392,25.0,1995.905
2009-06-16,2052.297,31.392,25.0,1995.905
2009-06-17,2072.527,42.257,25.0,2005.27
2009-06-18,2072.527,42.257,25.0,2005.27
2009-06-19,2072.527,42.257,25.0,2005.27
2009-06-22,2072.527,42.257,25.0,2005.27
2009-06-23,2072.527,42.257,25.0,2005.27
2009-06-24,2025.5710000000001,118.671,25.0,1881.9
2009-06-25,2025.5710000000001,118.671,25.0,1881.9
2009-06-26,2025.5710000000001,118.671,25.0,1881.9
2009-06-29,2025.5710000000001,118.671,25.0,1881.9
2009-06-30,2025.5710000000001,118.671,25.0,1881.9
2009-07-01,2005.627,71.99,25.0,1908.637
2009-07-02,2005.627,71.99,25.0,1908.637
2009-07-03,2005.627,71.99,25.0,1908.637
2009-07-06,2005.627,71.99,25.0,1908.637
2009-07-07,2005.627,71.99,25.0,1908.637
2009-07-08,1992.74,34.2,25.0,1933.54
2009-07-09,1992.74,34.2,25.0,1933.54
2009-07-10,1992.74,34.2,25.0,1933.54
2009-07-13,1992.74,34.2,25.0,1933.54
2009-07-14,1992.74,34.2,25.0,1933.54
2009-07-15,2072.451,26.431,25.0,2021.02
2009-07-16,2072.451,26.431,25.0,2021.02
2009-07-17,2072.451,26.431,25.0,2021.02
2009-07-20,2072.451,26.431,25.0,2021.02
2009-07-21,2072.451,26.431,25.0,2021.02
2009-07-22,2039.001,73.188,25.0,1940.8129999999999
2009-07-23,2039.001,73.188,25.0,1940.8129999999999
2009-07-24,2039.001,73.188,25.0,1940.8129999999999
2009-07-27,2039.001,73.188,25.0,1940.8129999999999
2009-07-28,2039.001,73.188,25.0,1940.8129999999999
2009-07-29,2000.547,61.406,25.0,1914.141
2009-07-30,2000.547,61.406,25.0,1914.141
2009-07-31,2000.547,61.406,25.0,1914.141
2009-08-03,2000.547,61.406,25.0,1914.141
2009-08-04,2000.547,61.406,25.0,1914.141
2009-08-05,1989.203,70.812,25.0,1893.391
2009-08-06,1989.203,70.812,25.0,1893.391
2009-08-07,1989.203,70.812,25.0,1893.391
2009-08-10,1989.203,70.812,25.0,1893.391
2009-08-11,1989.203,70.812,25.0,1893.391
2009-08-12,2014.8990000000001,48.217,25.0,1941.682
2009-08-13,2014.8990000000001,48.217,25.0,1941.682
2009-08-14,2014.8990000000001,48.217,25.0,1941.682
2009-08-17,2014.8990000000001,48.217,25.0,1941.682
2009-08-18,2014.8990000000001,48.217,25.0,1941.682
2009-08-19,2060.641,29.767,25.0,2005.874
2009-08-20,2060.641,29.767,25.0,2005.874
2009-08-21,2060.641,29.767,25.0,2005.874
2009-08-24,2060.641,29.767,25.0,2005.874
2009-08-25,2060.641,29.767,25.0,2005.874
2009-08-26,2074.902,26.273,25.0,2023.629
2009-08-27,2074.902,26.273,25.0,2023.629
2009-08-28,2074.902,26.273,25.0,2023.629
2009-08-31,2074.902,26.273,25.0,2023.629
2009-09-01,2074.902,26.273,25.0,2023.629
2009-09-02,2083.7200000000003,35.581,25.0,2023.1390000000001
2009-09-03,2083.7200000000003,35.581,25.0,2023.1390000000001
2009-09-04,2083.7200000000003,35.581,25.0,2023.1390000000001
2009-09-07,2083.7200000000003,35.581,25.0,2023.1390000000001
2009-09-08,2083.7200000000003,35.581,25.0,2023.1390000000001
2009-09-09,2087.946,16.798000000000002,25.0,2046.1480000000001
2009-09-10,2087.946,16.798000000000002,25.0,2046.1480000000001
2009-09-11,2087.946,16.798000000000002,25.0,2046.1480000000001
2009-09-14,2087.946,16.798000000000002,25.0,2046.1480000000001
2009-09-15,2087.946,16.798000000000002,25.0,2046.1480000000001
2009-09-16,2139.783,25.346,25.0,2089.437
2009-09-17,2139.783,25.346,25.0,2089.437
2009-09-18,2139.783,25.346,25.0,2089.437
2009-09-21,2139.783,25.346,25.0,2089.437
2009-09-22,2139.783,25.346,25.0,2089.437
2009-09-23,2158.631,53.301,25.0,2080.33
2009-09-24,2158.631,53.301,25.0,2080.33
2009-09-25,2158.631,53.301,25.0,2080.33
2009-09-28,2158.631,53.301,25.0,2080.33
2009-09-29,2158.631,53.301,25.0,2080.33
2009-09-30,2141.02,37.910000000000004,25.0,2078.11
2009-10-01,2141.02,37.910000000000004,25.0,2078.11
2009-10-02,2141.02,37.910000000000004,25.0,2078.11
2009-10-05,2141.02,37.910000000000004,25.0,2078.11
2009-10-06,2141.02,37.910000000000004,25.0,2078.11
2009-10-07,2138.0860000000002,41.579,25.0,2071.507
2009-10-08,2138.0860000000002,41.579,25.0,2071.507
2009-10-09,2138.0860000000002,41.579,25.0,2071.507
2009-10-12,2138.0860000000002,41.579,25.0,2071.507
2009-10-13,2138.0860000000002,41.579,25.0,2071.507
2009-10-14,2192.7870000000003,23.173000000000002,25.0,2144.6140000000005
2009-10-15,2192.7870000000003,23.173000000000002,25.0,2144.6140000000005
2009-10-16,2192.7870000000003,23.173000000000002,25.0,2144.6140000000005
2009-10-19,2192.7870000000003,23.173000000000002,25.0,2144.6140000000005
2009-10-20,2192.7870000000003,23.173000000000002,25.0,2144.6140000000005
2009-10-21,2201.119,83.461,25.0,2092.6580000000004
2009-10-22,2201.119,83.461,25.0,2092.6580000000004
2009-10-23,2201.119,83.461,25.0,2092.6580000000004
2009-10-26,2201.119,83.461,25.0,2092.6580000000004
2009-10-27,2201.119,83.461,25.0,2092.6580000000004
2009-10-28,2161.5370000000003,43.241,25.0,2093.2960000000003
2009-10-29,2161.5370000000003,43.241,25.0,2093.2960000000003
2009-10-30,2161.5370000000003,43.241,25.0,2093.2960000000003
2009-11-02,2161.5370000000003,43.241,25.0,2093.2960000000003
2009-11-03,2161.5370000000003,43.241,25.0,2093.2960000000003
2009-11-04,2165.067,49.511,25.0,2090.556
2009-11-05,2165.067,49.511,25.0,2090.556
2009-11-06,2165.067,49.511,25.0,2090.556
2009-11-09,2165.067,49.511,25.0,2090.556
2009-11-10,2165.067,49.511,25.0,2090.556
2009-11-11,2135.035,74.637,25.0,2035.3979999999997
2009-11-12,2135.035,74.637,25.0,2035.3979999999997
2009-11-13,2135.035,74.637,25.0,2035.3979999999997
2009-11-16,2135.035,74.637,25.0,2035.3979999999997
2009-11-17,2135.035,74.637,25.0,2035.3979999999997
2009-11-18,2208.721,61.634,25.0,2122.087
2009-11-19,2208.721,61.634,25.0,2122.087
2009-11-20,2208.721,61.634,25.0,2122.087
2009-11-23,2208.721,61.634,25.0,2122.087
2009-11-24,2208.721,61.634,25.0,2122.087
2009-11-25,2206.359,25.904,25.0,2155.455
2009-11-26,2206.359,25.904,25.0,2155.455
2009-11-27,2206.359,25.904,25.0,2155.455
2009-11-30,2206.359,25.904,25.0,2155.455
2009-12-01,2206.359,25.904,25.0,2155.455
2009-12-02,2204.074,38.243,25.0,2140.831
2009-12-03,2204.074,38.243,25.0,2140.831
2009-12-04,2204.074,38.243,0.18,2165.6510000000003
2009-12-07,2204.074,38.243,0.18,2165.6510000000003
2009-12-08,2204.074,38.243,0.18,2165.6510000000003
2009-12-09,2186.3830000000003,31.793,0.18,2154.4100000000003
2009-12-10,2186.3830000000003,31.793,0.225,2154.3650000000002
2009-12-11,2186.3830000000003,31.793,0.225,2154.3650000000002
2009-12-14,2186.3830000000003,31.793,0.225,2154.3650000000002
2009-12-15,2186.3830000000003,31.793,0.225,2154.3650000000002
2009-12-16,2235.763,76.741,0.225,2158.797
2009-12-17,2235.763,76.741,0.225,2158.797
2009-12-18,2235.763,76.741,0.225,2158.797
2009-12-21,2235.763,76.741,0.225,2158.797
2009-12-22,2235.763,76.741,0.225,2158.797
2009-12-23,2235.803,94.95100000000001,0.225,2140.627
2009-12-24,2235.803,94.95100000000001,0.225,2140.627
2009-12-25,2235.803,94.95100000000001,0.225,2140.627
2009-12-28,2235.803,94.95100000000001,0.225,2140.627
2009-12-29,2235.803,94.95100000000001,0.225,2140.627
2009-12-30,2234.067,118.523,0.225,2115.319
2009-12-31,2234.067,118.523,0.225,2115.319
2010-01-01,2234.067,118.523,0.225,2115.319
2010-01-04,2234.067,118.523,0.225,2115.319
2010-01-05,2234.067,118.523,0.225,2115.319
2010-01-06,2235.304,178.34300000000002,0.225,2056.7360000000003
2010-01-07,2235.304,178.34300000000002,0.225,2056.7360000000003
2010-01-08,2235.304,178.34300000000002,0.225,2056.7360000000003
2010-01-11,2235.304,178.34300000000002,0.225,2056.7360000000003
2010-01-12,2235.304,178.34300000000002,0.225,2056.7360000000003
2010-01-13,2291.7000000000003,136.382,0.225,2155.0930000000003
2010-01-14,2291.7000000000003,136.382,0.225,2155.0930000000003
2010-01-15,2291.7000000000003,136.382,0.225,2155.0930000000003
2010-01-18,2291.7000000000003,136.382,0.225,2155.0930000000003
2010-01-19,2291.7000000000003,136.382,0.225,2155.0930000000003
2010-01-20,2251.806,143.90800000000002,0.225,2107.6730000000002
2010-01-21,2251.806,143.90800000000002,0.225,2107.6730000000002
2010-01-22,2251.806,143.90800000000002,0.225,2107.6730000000002
2010-01-25,2251.806,143.90800000000002,0.225,2107.6730000000002
2010-01-26,2251.806,143.90800000000002,0.225,2107.6730000000002
2010-01-27,2246.886,135.038,0.225,2111.623
2010-01-28,2246.886,135.038,0.225,2111.623
2010-01-29,2246.886,135.038,0.225,2111.623
2010-02-01,2246.886,135.038,0.225,2111.623
2010-02-02,2246.886,135.038,0.225,2111.623
2010-02-03,2249.319,109.506,0.225,2139.588
2010-02-04,2249.319,109.506,0.225,2139.588
2010-02-05,2249.319,109.506,0.225,2139.588
2010-02-08,2249.319,109.506,0.225,2139.588
2010-02-09,2249.319,109.506,0.225,2139.588
2010-02-10,2256.679,79.862,0.225,2176.592
2010-02-11,2256.679,79.862,0.225,2176.592
2010-02-12,2256.679,79.862,0.225,2176.592
2010-02-15,2256.679,79.862,0.225,2176.592
2010-02-16,2256.679,79.862,0.225,2176.592
2010-02-17,2277.574,46.480000000000004,0.225,2230.869
2010-02-18,2277.574,46.480000000000004,0.225,2230.869
2010-02-19,2277.574,46.480000000000004,0.225,2230.869
2010-02-22,2277.574,46.480000000000004,0.225,2230.869
2010-02-23,2277.574,46.480000000000004,0.225,2230.869
2010-02-24,2286.127,32.891,0.225,2253.011
2010-02-25,2286.127,32.891,0.225,2253.011
2010-02-26,2286.127,32.891,0.225,2253.011
2010-03-01,2286.127,32.891,0.225,2253.011
2010-03-02,2286.127,32.891,0.225,2253.011
2010-03-03,2280.147,38.894,0.225,2241.0280000000002
2010-03-04,2280.147,38.894,0.225,2241.0280000000002
2010-03-05,2280.147,38.894,0.225,2241.0280000000002
2010-03-08,2280.147,38.894,0.225,2241.0280000000002
2010-03-09,2280.147,38.894,0.225,2241.0280000000002
2010-03-10,2282.474,36.142,0.225,2246.1070000000004
2010-03-11,2282.474,36.142,0.225,2246.1070000000004
2010-03-12,2282.474,36.142,0.225,2246.1070000000004
2010-03-15,2282.474,36.142,0.225,2246.1070000000004
2010-03-16,2282.474,36.142,0.225,2246.1070000000004
2010-03-17,2307.997,52.167,0.225,2255.605
2010-03-18,2307.997,52.167,0.225,2255.605
2010-03-19,2307.997,52.167,0.225,2255.605
2010-03-22,2307.997,52.167,0.225,2255.605
2010-03-23,2307.997,52.167,0.225,2255.605
2010-03-24,2313.149,67.603,0.225,2245.321
2010-03-25,2313.149,67.603,0.225,2245.321
2010-03-26,2313.149,67.603,0.225,2245.321
2010-03-29,2313.149,67.603,0.225,2245.321
2010-03-30,2313.149,67.603,0.225,2245.321
2010-03-31,2307.15,35.896,0.225,2271.029
2010-04-01,2307.15,35.896,0.225,2271.029
2010-04-02,2307.15,35.896,0.225,2271.029
2010-04-05,2307.15,35.896,0.225,2271.029
2010-04-06,2307.15,35.896,0.225,2271.029
2010-04-07,2307.5750000000003,19.091,0.225,2288.2590000000005
2010-04-08,2307.5750000000003,19.091,0.225,2288.2590000000005
2010-04-09,2307.5750000000003,19.091,0.225,2288.2590000000005
2010-04-12,2307.5750000000003,19.091,0.225,2288.2590000000005
2010-04-13,2307.5750000000003,19.091,0.225,2288.2590000000005
2010-04-14,2339.3450000000003,11.666,0.225,2327.454
2010-04-15,2339.3450000000003,11.666,0.225,2327.454
2010-04-16,2339.3450000000003,11.666,0.225,2327.454
2010-04-19,2339.3450000000003,11.666,0.225,2327.454
2010-04-20,2339.3450000000003,11.666,0.225,2327.454
2010-04-21,2337.556,46.088,0.225,2291.243
2010-04-22,2337.556,46.088,0.225,2291.243
2010-04-23,2337.556,46.088,0.225,2291.243
2010-04-26,2337.556,46.088,0.225,2291.243
2010-04-27,2337.556,46.088,0.225,2291.243
2010-04-28,2330.472,57.162,0.225,2273.0850000000005
2010-04-29,2330.472,57.162,0.225,2273.0850000000005
2010-04-30,2330.472,57.162,0.225,2273.0850000000005
2010-05-03,2330.472,57.162,0.225,2273.0850000000005
2010-05-04,2330.472,57.162,0.225,2273.0850000000005
2010-05-05,2326.164,76.667,0.225,2249.2720000000004
2010-05-06,2326.164,76.667,0.225,2249.2720000000004
2010-05-07,2326.164,76.667,0.225,2249.2720000000004
2010-05-10,2326.164,76.667,0.225,2249.2720000000004
2010-05-11,2326.164,76.667,0.225,2249.2720000000004
2010-05-12,2336.103,34.305,0.225,2301.5730000000003
2010-05-13,2336.103,34.305,0.225,2301.5730000000003
2010-05-14,2336.103,34.305,0.225,2301.5730000000003
2010-05-17,2336.103,34.305,0.225,2301.5730000000003
2010-05-18,2336.103,34.305,0.225,2301.5730000000003
2010-05-19,2350.89,21.159,0.225,2329.506
2010-05-20,2350.89,21.159,0.225,2329.506
2010-05-21,2350.89,21.159,0.225,2329.506
2010-05-24,2350.89,21.159,0.225,2329.506
2010-05-25,2350.89,21.159,0.225,2329.506
2010-05-26,2334.041,26.077,0.225,2307.739
2010-05-27,2334.041,26.077,0.225,2307.739
2010-05-28,2334.041,26.077,0.225,2307.739
2010-05-31,2334.041,26.077,0.225,2307.739
2010-06-01,2334.041,26.077,0.225,2307.739
2010-06-02,2336.216,33.135,0.225,2302.8559999999998
2010-06-03,2336.216,33.135,0.225,2302.8559999999998
2010-06-04,2336.216,33.135,0.225,2302.8559999999998
2010-06-07,2336.216,33.135,0.225,2302.8559999999998
2010-06-08,2336.216,33.135,0.225,2302.8559999999998
2010-06-09,2331.529,32.796,0.225,2298.5080000000003
2010-06-10,2331.529,32.796,0.225,2298.5080000000003
2010-06-11,2331.529,32.796,0.225,2298.5080000000003
2010-06-14,2331.529,32.796,0.225,2298.5080000000003
2010-06-15,2331.529,32.796,0.225,2298.5080000000003
2010-06-16,2344.3160000000003,29.199,0.225,2314.8920000000003
2010-06-17,2344.3160000000003,29.199,0.225,2314.8920000000003
2010-06-18,2344.3160000000003,29.199,0.225,2314.8920000000003
2010-06-21,2344.3160000000003,29.199,0.225,2314.8920000000003
2010-06-22,2344.3160000000003,29.199,0.225,2314.8920000000003
2010-06-23,2344.497,45.852000000000004,0.225,2298.42
2010-06-24,2344.497,45.852000000000004,0.225,2298.42
2010-06-25,2344.497,45.852000000000004,0.225,2298.42
2010-06-28,2344.497,45.852000000000004,0.225,2298.42
2010-06-29,2344.497,45.852000000000004,0.225,2298.42
2010-06-30,2330.851,40.112,0.225,2290.514
2010-07-01,2330.851,40.112,0.225,2290.514
2010-07-02,2330.851,40.112,0.225,2290.514
2010-07-05,2330.851,40.112,0.225,2290.514
2010-07-06,2330.851,40.112,0.225,2290.514
2010-07-07,2332.017,25.984,0.225,2305.808
2010-07-08,2332.017,25.984,0.225,2305.808
2010-07-09,2332.017,25.984,0.225,2305.808
2010-07-12,2332.017,25.984,0.225,2305.808
2010-07-13,2332.017,25.984,0.225,2305.808
2010-07-14,2340.717,18.262,0.225,2322.23
2010-07-15,2340.717,18.262,0.225,2322.23
2010-07-16,2340.717,18.262,0.225,2322.23
2010-07-19,2340.717,18.262,0.225,2322.23
2010-07-20,2340.717,18.262,0.225,2322.23
2010-07-21,2332.322,51.307,0.225,2280.7900000000004
2010-07-22,2332.322,51.307,0.225,2280.7900000000004
2010-07-23,2332.322,51.307,0.225,2280.7900000000004
2010-07-26,2332.322,51.307,0.225,2280.7900000000004
2010-07-27,2332.322,51.307,0.225,2280.7900000000004
2010-07-28,2325.2980000000002,41.603,0.225,2283.4700000000003
2010-07-29,2325.2980000000002,41.603,0.225,2283.4700000000003
2010-07-30,2325.2980000000002,41.603,0.225,2283.4700000000003
2010-08-02,2325.2980000000002,41.603,0.225,2283.4700000000003
2010-08-03,2325.2980000000002,41.603,0.225,2283.4700000000003
2010-08-04,2326.4790000000003,27.377,0.225,2298.8770000000004
2010-08-05,2326.4790000000003,27.377,0.225,2298.8770000000004
2010-08-06,2326.4790000000003,27.377,0.225,2298.8770000000004
2010-08-09,2326.4790000000003,27.377,0.225,2298.8770000000004
2010-08-10,2326.4790000000003,27.377,0.225,2298.8770000000004
2010-08-11,2327.533,36.113,0.225,2291.195
2010-08-12,2327.533,36.113,0.18,2291.2400000000002
2010-08-13,2327.533,36.113,0.18,2291.2400000000002
2010-08-16,2327.533,36.113,0.18,2291.2400000000002
2010-08-17,2327.533,36.113,0.18,2291.2400000000002
2010-08-18,2313.6620000000003,28.343,0.18,2285.1390000000006
2010-08-19,2313.6620000000003,28.343,0.18,2285.1390000000006
2010-08-20,2313.6620000000003,28.343,0.18,2285.1390000000006
2010-08-23,2313.6620000000003,28.343,0.18,2285.1390000000006
2010-08-24,2313.6620000000003,28.343,0.18,2285.1390000000006
2010-08-25,2301.015,18.823,0.18,2282.012
2010-08-26,2301.015,18.823,0.18,2282.012
2010-08-27,2301.015,18.823,0.18,2282.012
2010-08-30,2301.015,18.823,0.18,2282.012
2010-08-31,2301.015,18.823,0.18,2282.012
2010-09-01,2301.996,23.113,0.18,2278.7030000000004
2010-09-02,2301.996,23.113,0.18,2278.7030000000004
2010-09-03,2301.996,23.113,0.18,2278.7030000000004
2010-09-06,2301.996,23.113,0.18,2278.7030000000004
2010-09-07,2301.996,23.113,0.18,2278.7030000000004
2010-09-08,2305.802,23.062,0.18,2282.5600000000004
2010-09-09,2305.802,23.062,0.18,2282.5600000000004
2010-09-10,2305.802,23.062,0.18,2282.5600000000004
2010-09-13,2305.802,23.062,0.18,2282.5600000000004
2010-09-14,2305.802,23.062,0.18,2282.5600000000004
2010-09-15,2296.079,22.341,0.18,2273.5580000000004
2010-09-16,2296.079,22.341,0.18,2273.5580000000004
2010-09-17,2296.079,22.341,0.18,2273.5580000000004
2010-09-20,2296.079,22.341,0.18,2273.5580000000004
2010-09-21,2296.079,22.341,0.18,2273.5580000000004
2010-09-22,2307.171,77.377,0.18,2229.614
2010-09-23,2307.171,77.377,0.18,2229.614
2010-09-24,2307.171,77.377,0.18,2229.614
2010-09-27,2307.171,77.377,0.18,2229.614
2010-09-28,2307.171,77.377,0.18,2229.614
2010-09-29,2298.6910000000003,57.576,0.18,2240.9350000000004
2010-09-30,2298.6910000000003,57.576,0.18,2240.9350000000004
2010-10-01,2298.6910000000003,57.576,0.18,2240.9350000000004
2010-10-04,2298.6910000000003,57.576,0.18,2240.9350000000004
2010-10-05,2298.6910000000003,57.576,0.18,2240.9350000000004
2010-10-06,2308.092,58.125,0.18,2249.7870000000003
2010-10-07,2308.092,58.125,0.18,2249.7870000000003
2010-10-08,2308.092,58.125,0.18,2249.7870000000003
2010-10-11,2308.092,58.125,0.18,2249.7870000000003
2010-10-12,2308.092,58.125,0.18,2249.7870000000003
2010-10-13,2309.885,22.78,0.18,2286.925
2010-10-14,2309.885,22.78,0.18,2286.925
2010-10-15,2309.885,22.78,0.18,2286.925
2010-10-18,2309.885,22.78,0.18,2286.925
2010-10-19,2309.885,22.78,0.18,2286.925
2010-10-20,2305.227,49.934,0.18,2255.113
2010-10-21,2305.227,49.934,0.18,2255.113
2010-10-22,2305.227,49.934,0.18,2255.113
2010-10-25,2305.227,49.934,0.18,2255.113
2010-10-26,2305.227,49.934,0.18,2255.113
2010-10-27,2295.392,37.919000000000004,0.18,2257.293
2010-10-28,2295.392,37.919000000000004,0.18,2257.293
2010-10-29,2295.392,37.919000000000004,0.18,2257.293
2010-11-01,2295.392,37.919000000000004,0.18,2257.293
2010-11-02,2295.392,37.919000000000004,0.18,2257.293
2010-11-03,2300.353,34.276,0.18,2265.8970000000004
2010-11-04,2300.353,34.276,0.18,2265.8970000000004
2010-11-05,2300.353,34.276,0.18,2265.8970000000004
2010-11-08,2300.353,34.276,0.18,2265.8970000000004
2010-11-09,2300.353,34.276,0.18,2265.8970000000004
2010-11-10,2312.768,21.585,0.18,2291.003
2010-11-11,2312.768,21.585,0.18,2291.003
2010-11-12,2312.768,21.585,0.18,2291.003
2010-11-15,2312.768,21.585,0.18,2291.003
2010-11-16,2312.768,21.585,0.18,2291.003
2010-11-17,2314.757,21.787,0.18,2292.7900000000004
2010-11-18,2314.757,21.787,0.18,2292.7900000000004
2010-11-19,2314.757,21.787,0.18,2292.7900000000004
2010-11-22,2314.757,21.787,0.18,2292.7900000000004
2010-11-23,2314.757,21.787,0.18,2292.7900000000004
2010-11-24,2346.001,29.391000000000002,0.18,2316.4300000000003
2010-11-25,2346.001,29.391000000000002,0.18,2316.4300000000003
2010-11-26,2346.001,29.391000000000002,0.18,2316.4300000000003
2010-11-29,2346.001,29.391000000000002,0.18,2316.4300000000003
2010-11-30,2346.001,29.391000000000002,0.18,2316.4300000000003
2010-12-01,2346.92,35.378,0.18,2311.362
2010-12-02,2346.92,35.378,0.18,2311.362
2010-12-03,2346.92,35.378,0.18,2311.362
2010-12-06,2346.92,35.378,0.18,2311.362
2010-12-07,2346.92,35.378,0.18,2311.362
2010-12-08,2382.294,21.184,0.18,2360.93
2010-12-09,2382.294,21.184,0.18,2360.93
2010-12-10,2382.294,21.184,0.18,2360.93
2010-12-13,2382.294,21.184,0.18,2360.93
2010-12-14,2382.294,21.184,0.18,2360.93
2010-12-15,2385.754,30.093,0.18,2355.481
2010-12-16,2385.754,30.093,0.18,2355.481
2010-12-17,2385.754,30.093,0.18,2355.481
2010-12-20,2385.754,30.093,0.18,2355.481
2010-12-21,2385.754,30.093,0.18,2355.481
2010-12-22,2427.9210000000003,91.479,0.18,2336.2620000000006
2010-12-23,2427.9210000000003,91.479,0.18,2336.2620000000006
2010-12-24,2427.9210000000003,91.479,0.18,2336.2620000000006
2010-12-27,2427.9210000000003,91.479,0.18,2336.2620000000006
2010-12-28,2427.9210000000003,91.479,0.18,2336.2620000000006
2010-12-29,2420.57,87.47200000000001,0.18,2332.918
2010-12-30,2420.57,87.47200000000001,0.18,2332.918
2010-12-31,2420.57,87.47200000000001,0.18,2332.918
2011-01-03,2420.57,87.47200000000001,0.18,2332.918
2011-01-04,2420.57,87.47200000000001,0.18,2332.918
2011-01-05,2436.064,115.386,0.18,2320.498
2011-01-06,2436.064,115.386,0.18,2320.498
2011-01-07,2436.064,115.386,0.18,2320.498
2011-01-10,2436.064,115.386,0.18,2320.498
2011-01-11,2436.064,115.386,0.18,2320.498
2011-01-12,2468.131,89.107,0.18,2378.844
2011-01-13,2468.131,89.107,0.18,2378.844
2011-01-14,2468.131,89.107,0.18,2378.844
2011-01-17,2468.131,89.107,0.18,2378.844
2011-01-18,2468.131,89.107,0.18,2378.844
2011-01-19,2425.164,58.958,0.18,2366.0260000000003
2011-01-20,2425.164,58.958,0.18,2366.0260000000003
2011-01-21,2425.164,58.958,0.18,2366.0260000000003
2011-01-24,2425.164,58.958,0.18,2366.0260000000003
2011-01-25,2425.164,58.958,0.18,2366.0260000000003
2011-01-26,2443.527,91.70400000000001,0.18,2351.643
2011-01-27,2443.527,91.70400000000001,0.18,2351.643
2011-01-28,2443.527,91.70400000000001,0.18,2351.643
2011-01-31,2443.527,91.70400000000001,0.18,2351.643
2011-02-01,2443.527,91.70400000000001,0.18,2351.643
2011-02-02,2469.419,97.31400000000001,0.18,2371.925
2011-02-03,2469.419,97.31400000000001,0.18,2371.925
2011-02-04,2469.419,97.31400000000001,0.18,2371.925
2011-02-07,2469.419,97.31400000000001,0.18,2371.925
2011-02-08,2469.419,97.31400000000001,0.18,2371.925
2011-02-09,2500.481,81.217,0.18,2419.0840000000003
2011-02-10,2500.481,81.217,0.18,2419.0840000000003
2011-02-11,2500.481,81.217,0.18,2419.0840000000003
2011-02-14,2500.481,81.217,0.18,2419.0840000000003
2011-02-15,2500.481,81.217,0.18,2419.0840000000003
2011-02-16,2508.868,46.423,0.18,2462.265
2011-02-17,2508.868,46.423,0.18,2462.265
2011-02-18,2508.868,46.423,0.18,2462.265
2011-02-21,2508.868,46.423,0.18,2462.265
2011-02-22,2508.868,46.423,0.18,2462.265
2011-02-23,2533.221,40.558,0.18,2492.483
2011-02-24,2533.221,40.558,0.18,2492.483
2011-02-25,2533.221,40.558,0.18,2492.483
2011-02-28,2533.221,40.558,0.18,2492.483
2011-03-01,2533.221,40.558,0.18,2492.483
2011-03-02,2545.119,47.058,0.18,2497.8810000000003
2011-03-03,2545.119,47.058,0.18,2497.8810000000003
2011-03-04,2545.119,47.058,0.18,2497.8810000000003
2011-03-07,2545.119,47.058,0.18,2497.8810000000003
2011-03-08,2545.119,47.058,0.18,2497.8810000000003
2011-03-09,2577.076,35.841,0.18,2541.0550000000003
2011-03-10,2577.076,35.841,0.18,2541.0550000000003
2011-03-11,2577.076,35.841,0.18,2541.0550000000003
2011-03-14,2577.076,35.841,0.18,2541.0550000000003
2011-03-15,2577.076,35.841,0.18,2541.0550000000003
2011-03-16,2583.0460000000003,42.088,0.18,2540.7780000000002
2011-03-17,2583.0460000000003,42.088,0.18,2540.7780000000002
2011-03-18,2583.0460000000003,42.088,0.18,2540.7780000000002
2011-03-21,2583.0460000000003,42.088,0.18,2540.7780000000002
2011-03-22,2583.0460000000003,42.088,0.18,2540.7780000000002
2011-03-23,2601.341,87.28,0.18,2513.881
2011-03-24,2601.341,87.28,0.18,2513.881
2011-03-25,2601.341,87.28,0.31,2513.7509999999997
2011-03-28,2601.341,87.28,0.31,2513.7509999999997
2011-03-29,2601.341,87.28,0.31,2513.7509999999997
2011-03-30,2622.523,58.515,0.77,2563.2380000000003
2011-03-31,2622.523,58.515,0.77,2563.2380000000003
2011-04-01,2622.523,58.515,0.77,2563.2380000000003
2011-04-04,2622.523,58.515,0.77,2563.2380000000003
2011-04-05,2622.523,58.515,0.77,2563.2380000000003
2011-04-06,2648.676,54.802,0.77,2593.104
2011-04-07,2648.676,54.802,0.77,2593.104
2011-04-08,2648.676,54.802,0.77,2593.104
2011-04-11,2648.676,54.802,0.77,2593.104
2011-04-12,2648.676,54.802,0.77,2593.104
2011-04-13,2665.408,25.419,0.77,2639.219
2011-04-14,2665.408,25.419,0.77,2639.219
2011-04-15,2665.408,25.419,0.77,2639.219
2011-04-18,2665.408,25.419,0.77,2639.219
2011-04-19,2665.408,25.419,0.77,2639.219
2011-04-20,2685.782,73.268,0.77,2611.744
2011-04-21,2685.782,73.268,0.77,2611.744
2011-04-22,2685.782,73.268,0.77,2611.744
2011-04-25,2685.782,73.268,0.77,2611.744
2011-04-26,2685.782,73.268,0.77,2611.744
2011-04-27,2690.985,104.152,0.77,2586.063
2011-04-28,2690.985,104.152,0.77,2586.063
2011-04-29,2690.985,104.152,0.77,2586.063
2011-05-02,2690.985,104.152,0.77,2586.063
2011-05-03,2690.985,104.152,0.77,2586.063
2011-05-04,2718.757,115.026,0.77,2602.9610000000002
2011-05-05,2718.757,115.026,0.77,2602.9610000000002
2011-05-06,2718.757,115.026,0.77,2602.9610000000002
2011-05-09,2718.757,115.026,0.77,2602.9610000000002
2011-05-10,2718.757,115.026,0.77,2602.9610000000002
2011-05-11,2744.498,99.593,0.77,2644.135
2011-05-12,2744.498,99.593,0.77,2644.135
2011-05-13,2744.498,99.593,0.77,2644.135
2011-05-16,2744.498,99.593,0.77,2644.135
2011-05-17,2744.498,99.593,0.77,2644.135
2011-05-18,2758.009,91.44800000000001,0.77,2665.791
2011-05-19,2758.009,91.44800000000001,0.77,2665.791
2011-05-20,2758.009,91.44800000000001,0.77,2665.791
2011-05-23,2758.009,91.44800000000001,0.77,2665.791
2011-05-24,2758.009,91.44800000000001,0.77,2665.791
2011-05-25,2774.996,84.259,0.77,2689.967
2011-05-26,2774.996,84.259,0.77,2689.967
2011-05-27,2774.996,84.259,0.77,2689.967
2011-05-30,2774.996,84.259,0.77,2689.967
2011-05-31,2774.996,84.259,0.77,2689.967
2011-06-01,2788.723,65.992,0.77,2721.961
2011-06-02,2788.723,65.992,0.77,2721.961
2011-06-03,2788.723,65.992,0.77,2721.961
2011-06-06,2788.723,65.992,0.77,2721.961
2011-06-07,2788.723,65.992,0.77,2721.961
2011-06-08,2811.206,38.188,0.77,2772.248
2011-06-09,2811.206,38.188,0.28,2772.738
2011-06-10,2811.206,38.188,0.28,2772.738
2011-06-13,2811.206,38.188,0.28,2772.738
2011-06-14,2811.206,38.188,0.28,2772.738
2011-06-15,2827.549,41.336,0.749,2785.4640000000004
2011-06-16,2827.549,41.336,0.749,2785.4640000000004
2011-06-17,2827.549,41.336,0.749,2785.4640000000004
2011-06-20,2827.549,41.336,0.749,2785.4640000000004
2011-06-21,2827.549,41.336,0.749,2785.4640000000004
2011-06-22,2856.4030000000002,122.935,0.749,2732.7190000000005
2011-06-23,2856.4030000000002,122.935,0.749,2732.7190000000005
2011-06-24,2856.4030000000002,122.935,0.749,2732.7190000000005
2011-06-27,2856.4030000000002,122.935,0.749,2732.7190000000005
2011-06-28,2856.4030000000002,122.935,0.749,2732.7190000000005
2011-06-29,2865.251,107.983,0.749,2756.5190000000002
2011-06-30,2865.251,107.983,0.749,2756.5190000000002
2011-07-01,2865.251,107.983,0.749,2756.5190000000002
2011-07-04,2865.251,107.983,0.749,2756.5190000000002
2011-07-05,2865.251,107.983,0.749,2756.5190000000002
2011-07-06,2870.103,76.56,0.749,2792.7940000000003
2011-07-07,2870.103,76.56,0.749,2792.7940000000003
2011-07-08,2870.103,76.56,0.749,2792.7940000000003
2011-07-11,2870.103,76.56,0.749,2792.7940000000003
2011-07-12,2870.103,76.56,0.749,2792.7940000000003
2011-07-13,2878.074,50.339,0.749,2826.9860000000003
2011-07-14,2878.074,50.339,0.749,2826.9860000000003
2011-07-15,2878.074,50.339,0.749,2826.9860000000003
2011-07-18,2878.074,50.339,0.749,2826.9860000000003
2011-07-19,2878.074,50.339,0.749,2826.9860000000003
2011-07-20,2871.301,90.71900000000001,0.749,2779.833
2011-07-21,2871.301,90.71900000000001,0.749,2779.833
2011-07-22,2871.301,90.71900000000001,0.749,2779.833
2011-07-25,2871.301,90.71900000000001,0.749,2779.833
2011-07-26,2871.301,90.71900000000001,0.749,2779.833
2011-07-27,2863.576,77.019,0.749,2785.808
2011-07-28,2863.576,77.019,0.749,2785.808
2011-07-29,2863.576,77.019,0.749,2785.808
2011-08-01,2863.576,77.019,0.749,2785.808
2011-08-02,2863.576,77.019,0.749,2785.808
2011-08-03,2867.215,56.911,0.749,2809.5550000000003
2011-08-04,2867.215,56.911,0.749,2809.5550000000003
2011-08-05,2867.215,56.911,0.749,2809.5550000000003
2011-08-08,2867.215,56.911,0.749,2809.5550000000003
2011-08-09,2867.215,56.911,0.749,2809.5550000000003
2011-08-10,2872.4230000000002,23.425,0.749,2848.2490000000003
2011-08-11,2872.4230000000002,23.425,0.749,2848.2490000000003
2011-08-12,2872.4230000000002,23.425,0.749,2848.2490000000003
2011-08-15,2872.4230000000002,23.425,0.749,2848.2490000000003
2011-08-16,2872.4230000000002,23.425,0.02,2848.978
2011-08-17,2857.906,20.172,0.02,2837.714
2011-08-18,2857.906,20.172,0.624,2837.11
2011-08-19,2857.906,20.172,0.624,2837.11
2011-08-22,2857.906,20.172,0.624,2837.11
2011-08-23,2857.906,20.172,0.624,2837.11
2011-08-24,2859.433,20.782,0.624,2838.027
2011-08-25,2859.433,20.782,0.624,2838.027
2011-08-26,2859.433,20.782,0.624,2838.027
2011-08-29,2859.433,20.782,0.624,2838.027
2011-08-30,2859.433,20.782,0.624,2838.027
2011-08-31,2853.888,20.32,0.624,2832.944
2011-09-01,2853.888,20.32,0.624,2832.944
2011-09-02,2853.888,20.32,0.624,2832.944
2011-09-05,2853.888,20.32,0.624,2832.944
2011-09-06,2853.888,20.32,0.624,2832.944
2011-09-07,2858.66,20.192,0.624,2837.844
2011-09-08,2858.66,20.192,0.624,2837.844
2011-09-09,2858.66,20.192,0.624,2837.844
2011-09-12,2858.66,20.192,0.624,2837.844
2011-09-13,2858.66,20.192,0.624,2837.844
2011-09-14,2863.54,13.766,0.624,2849.15
2011-09-15,2863.54,13.766,0.624,2849.15
2011-09-16,2863.54,13.766,0.624,2849.15
2011-09-19,2863.54,13.766,0.624,2849.15
2011-09-20,2863.54,13.766,0.624,2849.15
2011-09-21,2857.747,64.915,0.624,2792.208
2011-09-22,2857.747,64.915,0.624,2792.208
2011-09-23,2857.747,64.915,0.624,2792.208
2011-09-26,2857.747,64.915,0.624,2792.208
2011-09-27,2857.747,64.915,0.624,2792.208
2011-09-28,2850.9210000000003,55.718,0.624,2794.5790000000006
2011-09-29,2850.9210000000003,55.718,0.624,2794.5790000000006
2011-09-30,2850.9210000000003,55.718,0.624,2794.5790000000006
2011-10-03,2850.9210000000003,55.718,0.624,2794.5790000000006
2011-10-04,2850.9210000000003,55.718,0.624,2794.5790000000006
2011-10-05,2859.701,43.655,0.624,2815.422
2011-10-06,2859.701,43.655,0.624,2815.422
2011-10-07,2859.701,43.655,0.624,2815.422
2011-10-10,2859.701,43.655,0.624,2815.422
2011-10-11,2859.701,43.655,0.624,2815.422
2011-10-12,2860.822,21.906,0.624,2838.2920000000004
2011-10-13,2860.822,21.906,0.624,2838.2920000000004
2011-10-14,2860.822,21.906,0.624,2838.2920000000004
2011-10-17,2860.822,21.906,0.624,2838.2920000000004
2011-10-18,2860.822,21.906,0.624,2838.2920000000004
2011-10-19,2852.39,43.403,0.624,2808.3630000000003
2011-10-20,2852.39,43.403,0.624,2808.3630000000003
2011-10-21,2852.39,43.403,0.624,2808.3630000000003
2011-10-24,2852.39,43.403,0.624,2808.3630000000003
2011-10-25,2852.39,43.403,0.624,2808.3630000000003
2011-10-26,2845.685,64.369,0.624,2780.692
2011-10-27,2845.685,64.369,0.624,2780.692
2011-10-28,2845.685,64.369,0.624,2780.692
2011-10-31,2845.685,64.369,0.624,2780.692
2011-11-01,2845.685,64.369,0.624,2780.692
2011-11-02,2822.034,57.775,0.624,2763.635
2011-11-03,2822.034,57.775,0.624,2763.635
2011-11-04,2822.034,57.775,0.624,2763.635
2011-11-07,2822.034,57.775,0.624,2763.635
2011-11-08,2822.034,57.775,0.624,2763.635
2011-11-09,2839.786,37.029,0.624,2802.1330000000003
2011-11-10,2839.786,37.029,0.624,2802.1330000000003
2011-11-11,2839.786,37.029,0.624,2802.1330000000003
2011-11-14,2839.786,37.029,0.624,2802.1330000000003
2011-11-15,2839.786,37.029,0.624,2802.1330000000003
2011-11-16,2831.576,29.786,0.624,2801.166
2011-11-17,2831.576,29.786,0.624,2801.166
2011-11-18,2831.576,29.786,0.624,2801.166
2011-11-21,2831.576,29.786,0.624,2801.166
2011-11-22,2831.576,29.786,0.624,2801.166
2011-11-23,2821.98,44.347,0.624,2777.009
2011-11-24,2821.98,44.347,0.624,2777.009
2011-11-25,2821.98,44.347,0.624,2777.009
2011-11-28,2821.98,44.347,0.624,2777.009
2011-11-29,2821.98,44.347,0.624,2777.009
2011-11-30,2814.235,43.77,0.624,2769.8410000000003
2011-12-01,2814.235,43.77,0.624,2769.8410000000003
2011-12-02,2814.235,43.77,0.624,2769.8410000000003
2011-12-05,2814.235,43.77,0.624,2769.8410000000003
2011-12-06,2814.235,43.77,0.624,2769.8410000000003
2011-12-07,2820.6910000000003,28.282,0.624,2791.7850000000003
2011-12-08,2820.6910000000003,28.282,0.624,2791.7850000000003
2011-12-09,2820.6910000000003,28.282,0.624,2791.7850000000003
2011-12-12,2820.6910000000003,28.282,0.624,2791.7850000000003
2011-12-13,2820.6910000000003,28.282,0.624,2791.7850000000003
2011-12-14,2902.4880000000003,21.484,0.624,2880.3800000000006
2011-12-15,2902.4880000000003,21.484,0.624,2880.3800000000006
2011-12-16,2902.4880000000003,21.484,0.624,2880.3800000000006
2011-12-19,2902.4880000000003,21.484,0.624,2880.3800000000006
2011-12-20,2902.4880000000003,21.484,0.624,2880.3800000000006
2011-12-21,2916.085,112.404,0.624,2803.0570000000002
2011-12-22,2916.085,112.404,0.624,2803.0570000000002
2011-12-23,2916.085,112.404,0.624,2803.0570000000002
2011-12-26,2916.085,112.404,0.624,2803.0570000000002
2011-12-27,2916.085,112.404,0.624,2803.0570000000002
2011-12-28,2926.0950000000003,98.652,0.624,2826.8190000000004
2011-12-29,2926.0950000000003,98.652,0.624,2826.8190000000004
2011-12-30,2926.0950000000003,98.652,0.624,2826.8190000000004
2012-01-02,2926.0950000000003,98.652,0.624,2826.8190000000004
2012-01-03,2926.0950000000003,98.652,0.624,2826.8190000000004
2012-01-04,2917.689,87.058,0.624,2830.007
2012-01-05,2917.689,87.058,0.624,2830.007
2012-01-06,2917.689,87.058,0.624,2830.007
2012-01-09,2917.689,87.058,0.624,2830.007
2012-01-10,2917.689,87.058,0.624,2830.007
2012-01-11,2899.149,78.263,0.624,2820.262
2012-01-12,2899.149,78.263,0.624,2820.262
2012-01-13,2899.149,78.263,0.624,2820.262
2012-01-16,2899.149,78.263,0.624,2820.262
2012-01-17,2899.149,78.263,0.624,2820.262
2012-01-18,2919.4230000000002,78.069,0.624,2840.7300000000005
2012-01-19,2919.4230000000002,78.069,0.624,2840.7300000000005
2012-01-20,2919.4230000000002,78.069,0.624,2840.7300000000005
2012-01-23,2919.4230000000002,78.069,0.624,2840.7300000000005
2012-01-24,2919.4230000000002,78.069,0.624,2840.7300000000005
2012-01-25,2919.545,111.236,0.624,2807.6850000000004
2012-01-26,2919.545,111.236,0.624,2807.6850000000004
2012-01-27,2919.545,111.236,0.624,2807.6850000000004
2012-01-30,2919.545,111.236,0.624,2807.6850000000004
2012-01-31,2919.545,111.236,0.624,2807.6850000000004
2012-02-01,2924.947,117.554,0.624,2806.7690000000002
2012-02-02,2924.947,117.554,0.624,2806.7690000000002
2012-02-03,2924.947,117.554,0.624,2806.7690000000002
2012-02-06,2924.947,117.554,0.624,2806.7690000000002
2012-02-07,2924.947,117.554,0.624,2806.7690000000002
2012-02-08,2928.275,87.962,0.624,2839.6890000000003
2012-02-09,2928.275,87.962,0.624,2839.6890000000003
2012-02-10,2928.275,87.962,0.624,2839.6890000000003
2012-02-13,2928.275,87.962,0.624,2839.6890000000003
2012-02-14,2928.275,87.962,0.624,2839.6890000000003
2012-02-15,2937.893,58.049,0.624,2879.2200000000003
2012-02-16,2937.893,58.049,0.624,2879.2200000000003
2012-02-17,2937.893,58.049,0.624,2879.2200000000003
2012-02-20,2937.893,58.049,0.624,2879.2200000000003
2012-02-21,2937.893,58.049,0.624,2879.2200000000003
2012-02-22,2932.813,55.795,0.624,2876.3940000000002
2012-02-23,2932.813,55.795,0.624,2876.3940000000002
2012-02-24,2932.813,55.795,0.624,2876.3940000000002
2012-02-27,2932.813,55.795,0.624,2876.3940000000002
2012-02-28,2932.813,55.795,0.624,2876.3940000000002
2012-02-29,2925.722,39.475,0.624,2885.6230000000005
2012-03-01,2925.722,39.475,0.1,2886.1470000000004
2012-03-02,2925.722,39.475,0.1,2886.1470000000004
2012-03-05,2925.722,39.475,0.1,2886.1470000000004
2012-03-06,2925.722,39.475,0.1,2886.1470000000004
2012-03-07,2884.747,36.963,0.99,2846.794
2012-03-08,2884.747,36.963,0.99,2846.794
2012-03-09,2884.747,36.963,0.99,2846.794
2012-03-12,2884.747,36.963,0.99,2846.794
2012-03-13,2884.747,36.963,0.99,2846.794
2012-03-14,2893.56,41.816,0.99,2850.7540000000004
2012-03-15,2893.56,41.816,0.99,2850.7540000000004
2012-03-16,2893.56,41.816,0.99,2850.7540000000004
2012-03-19,2893.56,41.816,0.99,2850.7540000000004
2012-03-20,2893.56,41.816,0.99,2850.7540000000004
2012-03-21,2892.646,102.488,0.99,2789.1680000000006
2012-03-22,2892.646,102.488,0.99,2789.1680000000006
2012-03-23,2892.646,102.488,0.99,2789.1680000000006
2012-03-26,2892.646,102.488,0.99,2789.1680000000006
2012-03-27,2892.646,102.488,0.99,2789.1680000000006
2012-03-28,2878.137,84.043,0.99,2793.1040000000003
2012-03-29,2878.137,84.043,0.99,2793.1040000000003
2012-03-30,2878.137,84.043,0.99,2793.1040000000003
2012-04-02,2878.137,84.043,0.99,2793.1040000000003
2012-04-03,2878.137,84.043,0.99,2793.1040000000003
2012-04-04,2865.478,54.899,0.99,2809.5890000000004
2012-04-05,2865.478,54.899,0.99,2809.5890000000004
2012-04-06,2865.478,54.899,0.99,2809.5890000000004
2012-04-09,2865.478,54.899,0.99,2809.5890000000004
2012-04-10,2865.478,54.899,0.99,2809.5890000000004
2012-04-11,2867.2000000000003,45.289,0.99,2820.9210000000003
2012-04-12,2867.2000000000003,45.289,0.99,2820.9210000000003
2012-04-13,2867.2000000000003,45.289,0.99,2820.9210000000003
2012-04-16,2867.2000000000003,45.289,0.99,2820.9210000000003
2012-04-17,2867.2000000000003,45.289,0.99,2820.9210000000003
2012-04-18,2875.4700000000003,53.427,0.99,2821.0530000000003
2012-04-19,2875.4700000000003,53.427,0.99,2821.0530000000003
2012-04-20,2875.4700000000003,53.427,0.99,2821.0530000000003
2012-04-23,2875.4700000000003,53.427,0.99,2821.0530000000003
2012-04-24,2875.4700000000003,53.427,0.99,2821.0530000000003
2012-04-25,2866.561,78.498,0.99,2787.0730000000003
2012-04-26,2866.561,78.498,0.99,2787.0730000000003
2012-04-27,2866.561,78.498,0.99,2787.0730000000003
2012-04-30,2866.561,78.498,0.99,2787.0730000000003
2012-05-01,2866.561,78.498,0.99,2787.0730000000003
2012-05-02,2864.28,120.748,0.99,2742.5420000000004
2012-05-03,2864.28,120.748,0.99,2742.5420000000004
2012-05-04,2864.28,120.748,0.99,2742.5420000000004
2012-05-07,2864.28,120.748,0.99,2742.5420000000004
2012-05-08,2864.28,120.748,0.99,2742.5420000000004
2012-05-09,2864.15,113.232,0.99,2749.9280000000003
2012-05-10,2864.15,113.232,0.99,2749.9280000000003
2012-05-11,2864.15,113.232,0.99,2749.9280000000003
2012-05-14,2864.15,113.232,0.99,2749.9280000000003
2012-05-15,2864.15,113.232,0.99,2749.9280000000003
2012-05-16,2850.984,99.876,0.99,2750.118
2012-05-17,2850.984,99.876,0.99,2750.118
2012-05-18,2850.984,99.876,0.99,2750.118
2012-05-21,2850.984,99.876,0.99,2750.118
2012-05-22,2850.984,99.876,0.99,2750.118
2012-05-23,2859.495,90.083,0.99,2768.422
2012-05-24,2859.495,90.083,0.99,2768.422
2012-05-25,2859.495,90.083,0.99,2768.422
2012-05-28,2859.495,90.083,0.99,2768.422
2012-05-29,2859.495,90.083,0.99,2768.422
2012-05-30,2842.654,67.804,0.99,2773.86
2012-05-31,2842.654,67.804,0.99,2773.86
2012-06-01,2842.654,67.804,0.99,2773.86
2012-06-04,2842.654,67.804,0.99,2773.86
2012-06-05,2842.654,67.804,0.99,2773.86
2012-06-06,2852.018,60.763,0.99,2790.2650000000003
2012-06-07,2852.018,60.763,0.99,2790.2650000000003
2012-06-08,2852.018,60.763,0.99,2790.2650000000003
2012-06-11,2852.018,60.763,0.99,2790.2650000000003
2012-06-12,2852.018,60.763,0.99,2790.2650000000003
2012-06-13,2869.071,41.885,0.99,2826.196
2012-06-14,2869.071,41.885,0.99,2826.196
2012-06-15,2869.071,41.885,0.99,2826.196
2012-06-18,2869.071,41.885,0.99,2826.196
2012-06-19,2869.071,41.885,0.99,2826.196
2012-06-20,2870.846,114.74600000000001,0.99,2755.11
2012-06-21,2870.846,114.74600000000001,0.99,2755.11
2012-06-22,2870.846,114.74600000000001,0.99,2755.11
2012-06-25,2870.846,114.74600000000001,0.99,2755.11
2012-06-26,2870.846,114.74600000000001,0.99,2755.11
2012-06-27,2863.547,129.149,0.99,2733.4080000000004
2012-06-28,2863.547,129.149,0.99,2733.4080000000004
2012-06-29,2863.547,129.149,0.99,2733.4080000000004
2012-07-02,2863.547,129.149,0.99,2733.4080000000004
2012-07-03,2863.547,129.149,0.99,2733.4080000000004
2012-07-04,2865.858,100.82900000000001,0.99,2764.039
2012-07-05,2865.858,100.82900000000001,0.99,2764.039
2012-07-06,2865.858,100.82900000000001,0.99,2764.039
2012-07-09,2865.858,100.82900000000001,0.99,2764.039
2012-07-10,2865.858,100.82900000000001,0.99,2764.039
2012-07-11,2866.279,86.4,0.99,2778.889
2012-07-12,2866.279,86.4,0.99,2778.889
2012-07-13,2866.279,86.4,0.99,2778.889
2012-07-16,2866.279,86.4,0.99,2778.889
2012-07-17,2866.279,86.4,0.99,2778.889
2012-07-18,2855.8070000000002,63.021,0.99,2791.7960000000003
2012-07-19,2855.8070000000002,63.021,0.99,2791.7960000000003
2012-07-20,2855.8070000000002,63.021,0.99,2791.7960000000003
2012-07-23,2855.8070000000002,63.021,0.99,2791.7960000000003
2012-07-24,2855.8070000000002,63.021,0.99,2791.7960000000003
2012-07-25,2846.757,45.537,0.99,2800.2300000000005
2012-07-26,2846.757,45.537,0.99,2800.2300000000005
2012-07-27,2846.757,45.537,0.99,2800.2300000000005
2012-07-30,2846.757,45.537,0.99,2800.2300000000005
2012-07-31,2846.757,45.537,0.99,2800.2300000000005
2012-08-01,2851.118,42.102000000000004,0.99,2808.0260000000003
2012-08-02,2851.118,42.102000000000004,0.99,2808.0260000000003
2012-08-03,2851.118,42.102000000000004,0.99,2808.0260000000003
2012-08-06,2851.118,42.102000000000004,0.99,2808.0260000000003
2012-08-07,2851.118,42.102000000000004,0.99,2808.0260000000003
2012-08-08,2856.181,35.622,0.99,2819.5690000000004
2012-08-09,2856.181,35.622,0.99,2819.5690000000004
2012-08-10,2856.181,35.622,0.99,2819.5690000000004
2012-08-13,2856.181,35.622,0.99,2819.5690000000004
2012-08-14,2856.181,35.622,0.99,2819.5690000000004
2012-08-15,2833.317,28.398,0.99,2803.929
2012-08-16,2833.317,28.398,0.99,2803.929
2012-08-17,2833.317,28.398,0.99,2803.929
2012-08-20,2833.317,28.398,0.99,2803.929
2012-08-21,2833.317,28.398,0.99,2803.929
2012-08-22,2825.661,24.038,0.99,2800.6330000000003
2012-08-23,2825.661,24.038,0.99,2800.6330000000003
2012-08-24,2825.661,24.038,0.99,2800.6330000000003
2012-08-27,2825.661,24.038,0.99,2800.6330000000003
2012-08-28,2825.661,24.038,0.99,2800.6330000000003
2012-08-29,2812.806,25.194,0.99,2786.6220000000003
2012-08-30,2812.806,25.194,0.99,2786.6220000000003
2012-08-31,2812.806,25.194,0.99,2786.6220000000003
2012-09-03,2812.806,25.194,0.99,2786.6220000000003
2012-09-04,2812.806,25.194,0.99,2786.6220000000003
2012-09-05,2822.169,30.048000000000002,0.99,2791.1310000000003
2012-09-06,2822.169,30.048000000000002,0.99,2791.1310000000003
2012-09-07,2822.169,30.048000000000002,0.06,2792.061
2012-09-10,2822.169,30.048000000000002,0.06,2792.061
2012-09-11,2822.169,30.048000000000002,0.06,2792.061
2012-09-12,2823.448,47.019,0.06,2776.369
2012-09-13,2823.448,47.019,0.06,2776.369
2012-09-14,2823.448,47.019,0.06,2776.369
2012-09-17,2823.448,47.019,0.06,2776.369
2012-09-18,2823.448,47.019,0.06,2776.369
2012-09-19,2821.574,64.71600000000001,0.06,2756.7980000000002
2012-09-20,2821.574,64.71600000000001,0.06,2756.7980000000002
2012-09-21,2821.574,64.71600000000001,0.06,2756.7980000000002
2012-09-24,2821.574,64.71600000000001,0.06,2756.7980000000002
2012-09-25,2821.574,64.71600000000001,0.06,2756.7980000000002
2012-09-26,2804.457,73.239,0.06,2731.158
2012-09-27,2804.457,73.239,0.06,2731.158
2012-09-28,2804.457,73.239,0.06,2731.158
2012-10-01,2804.457,73.239,0.06,2731.158
2012-10-02,2804.457,73.239,0.06,2731.158
2012-10-03,2808.512,83.297,0.06,2725.155
2012-10-04,2808.512,83.297,0.06,2725.155
2012-10-05,2808.512,83.297,0.06,2725.155
2012-10-08,2808.512,83.297,0.06,2725.155
2012-10-09,2808.512,83.297,0.06,2725.155
2012-10-10,2811.623,65.845,0.06,2745.7180000000003
2012-10-11,2811.623,65.845,0.06,2745.7180000000003
2012-10-12,2811.623,65.845,0.06,2745.7180000000003
2012-10-15,2811.623,65.845,0.06,2745.7180000000003
2012-10-16,2811.623,65.845,0.06,2745.7180000000003
2012-10-17,2846.92,58.473,0.06,2788.387
2012-10-18,2846.92,58.473,0.06,2788.387
2012-10-19,2846.92,58.473,0.06,2788.387
2012-10-22,2846.92,58.473,0.06,2788.387
2012-10-23,2846.92,58.473,0.06,2788.387
2012-10-24,2840.964,62.738,0.06,2778.166
2012-10-25,2840.964,62.738,0.06,2778.166
2012-10-26,2840.964,62.738,0.06,2778.166
2012-10-29,2840.964,62.738,0.06,2778.166
2012-10-30,2840.964,62.738,0.06,2778.166
2012-10-31,2823.137,53.905,0.06,2769.172
2012-11-01,2823.137,53.905,0.06,2769.172
2012-11-02,2823.137,53.905,0.06,2769.172
2012-11-05,2823.137,53.905,0.06,2769.172
2012-11-06,2823.137,53.905,0.06,2769.172
2012-11-07,2830.791,28.002,0.06,2802.7290000000003
2012-11-08,2830.791,28.002,0.06,2802.7290000000003
2012-11-09,2830.791,28.002,0.06,2802.7290000000003
2012-11-12,2830.791,28.002,0.06,2802.7290000000003
2012-11-13,2830.791,28.002,0.06,2802.7290000000003
2012-11-14,2877.244,38.664,0.06,2838.52
2012-11-15,2877.244,38.664,0.06,2838.52
2012-11-16,2877.244,38.664,0.06,2838.52
2012-11-19,2877.244,38.664,0.06,2838.52
2012-11-20,2877.244,38.664,0.06,2838.52
2012-11-21,2871.161,24.433,0.06,2846.668
2012-11-22,2871.161,24.433,0.06,2846.668
2012-11-23,2871.161,24.433,0.06,2846.668
2012-11-26,2871.161,24.433,0.06,2846.668
2012-11-27,2871.161,24.433,0.06,2846.668
2012-11-28,2851.362,27.904,0.06,2823.398
2012-11-29,2851.362,27.904,0.06,2823.398
2012-11-30,2851.362,27.904,1.18,2822.2780000000002
2012-12-03,2851.362,27.904,1.18,2822.2780000000002
2012-12-04,2851.362,27.904,1.18,2822.2780000000002
2012-12-05,2859.8070000000002,33.997,1.18,2824.6300000000006
2012-12-06,2859.8070000000002,33.997,1.18,2824.6300000000006
2012-12-07,2859.8070000000002,33.997,1.18,2824.6300000000006
2012-12-10,2859.8070000000002,33.997,1.18,2824.6300000000006
2012-12-11,2859.8070000000002,33.997,1.18,2824.6300000000006
2012-12-12,2917.26,38.980000000000004,1.18,2877.1000000000004
2012-12-13,2917.26,38.980000000000004,1.18,2877.1000000000004
2012-12-14,2917.26,38.980000000000004,1.18,2877.1000000000004
2012-12-17,2917.26,38.980000000000004,1.18,2877.1000000000004
2012-12-18,2917.26,38.980000000000004,1.18,2877.1000000000004
2012-12-19,2920.231,54.986000000000004,1.18,2864.0650000000005
2012-12-20,2920.231,54.986000000000004,1.18,2864.0650000000005
2012-12-21,2920.231,54.986000000000004,1.18,2864.0650000000005
2012-12-24,2920.231,54.986000000000004,1.18,2864.0650000000005
2012-12-25,2920.231,54.986000000000004,1.18,2864.0650000000005
2012-12-26,2907.3,55.563,1.18,2850.5570000000002
2012-12-27,2907.3,55.563,1.18,2850.5570000000002
2012-12-28,2907.3,55.563,1.18,2850.5570000000002
2012-12-31,2907.3,55.563,1.18,2850.5570000000002
2013-01-01,2907.3,55.563,1.18,2850.5570000000002
2013-01-02,2917.189,71.56400000000001,1.18,2844.445
2013-01-03,2917.189,71.56400000000001,1.18,2844.445
2013-01-04,2917.189,71.56400000000001,1.18,2844.445
2013-01-07,2917.189,71.56400000000001,1.18,2844.445
2013-01-08,2917.189,71.56400000000001,1.18,2844.445
2013-01-09,2928.728,59.644,1.18,2867.9040000000005
2013-01-10,2928.728,59.644,1.18,2867.9040000000005
2013-01-11,2928.728,59.644,1.18,2867.9040000000005
2013-01-14,2928.728,59.644,1.18,2867.9040000000005
2013-01-15,2928.728,59.644,1.18,2867.9040000000005
2013-01-16,2963.812,54.02,1.18,2908.612
2013-01-17,2963.812,54.02,1.18,2908.612
2013-01-18,2963.812,54.02,1.18,2908.612
2013-01-21,2963.812,54.02,1.18,2908.612
2013-01-22,2963.812,54.02,1.18,2908.612
2013-01-23,3011.697,72.20700000000001,1.18,2938.3100000000004
2013-01-24,3011.697,72.20700000000001,1.18,2938.3100000000004
2013-01-25,3011.697,72.20700000000001,1.18,2938.3100000000004
2013-01-28,3011.697,72.20700000000001,1.18,2938.3100000000004
2013-01-29,3011.697,72.20700000000001,1.18,2938.3100000000004
2013-01-30,3008.704,71.127,1.18,2936.3970000000004
2013-01-31,3008.704,71.127,1.18,2936.3970000000004
2013-02-01,3008.704,71.127,1.18,2936.3970000000004
2013-02-04,3008.704,71.127,1.18,2936.3970000000004
2013-02-05,3008.704,71.127,1.18,2936.3970000000004
2013-02-06,3014.975,64.279,1.18,2949.516
2013-02-07,3014.975,64.279,1.18,2949.516
2013-02-08,3014.975,64.279,1.18,2949.516
2013-02-11,3014.975,64.279,1.18,2949.516
2013-02-12,3014.975,64.279,1.18,2949.516
2013-02-13,3074.225,34.908,1.18,3038.137
2013-02-14,3074.225,34.908,1.18,3038.137
2013-02-15,3074.225,34.908,1.18,3038.137
2013-02-18,3074.225,34.908,1.18,3038.137
2013-02-19,3074.225,34.908,1.18,3038.137
2013-02-20,3095.15,24.877,1.18,3069.0930000000003
2013-02-21,3095.15,24.877,1.18,3069.0930000000003
2013-02-22,3095.15,24.877,1.18,3069.0930000000003
2013-02-25,3095.15,24.877,1.18,3069.0930000000003
2013-02-26,3095.15,24.877,1.18,3069.0930000000003
2013-02-27,3090.6,43.012,1.18,3046.408
2013-02-28,3090.6,43.012,1.18,3046.408
2013-03-01,3090.6,43.012,1.18,3046.408
2013-03-04,3090.6,43.012,1.18,3046.408
2013-03-05,3090.6,43.012,1.18,3046.408
2013-03-06,3108.8050000000003,36.793,1.18,3070.8320000000003
2013-03-07,3108.8050000000003,36.793,1.18,3070.8320000000003
2013-03-08,3108.8050000000003,36.793,1.18,3070.8320000000003
2013-03-11,3108.8050000000003,36.793,1.18,3070.8320000000003
2013-03-12,3108.8050000000003,36.793,1.18,3070.8320000000003
2013-03-13,3165.396,43.0,1.18,3121.2160000000003
2013-03-14,3165.396,43.0,1.18,3121.2160000000003
2013-03-15,3165.396,43.0,1.18,3121.2160000000003
2013-03-18,3165.396,43.0,1.18,3121.2160000000003
2013-03-19,3165.396,43.0,1.18,3121.2160000000003
2013-03-20,3206.888,71.366,1.18,3134.342
2013-03-21,3206.888,71.366,1.18,3134.342
2013-03-22,3206.888,71.366,1.18,3134.342
2013-03-25,3206.888,71.366,1.18,3134.342
2013-03-26,3206.888,71.366,1.18,3134.342
2013-03-27,3202.256,68.019,1.18,3133.0570000000002
2013-03-28,3202.256,68.019,1.18,3133.0570000000002
2013-03-29,3202.256,68.019,1.18,3133.0570000000002
2013-04-01,3202.256,68.019,1.18,3133.0570000000002
2013-04-02,3202.256,68.019,1.18,3133.0570000000002
2013-04-03,3215.4320000000002,76.144,0.12,3139.1680000000006
2013-04-04,3215.4320000000002,76.144,0.12,3139.1680000000006
2013-04-05,3215.4320000000002,76.144,1.19,3138.0980000000004
2013-04-08,3215.4320000000002,76.144,1.19,3138.0980000000004
2013-04-09,3215.4320000000002,76.144,1.19,3138.0980000000004
2013-04-10,3227.762,58.767,1.19,3167.8050000000003
2013-04-11,3227.762,58.767,1.19,3167.8050000000003
2013-04-12,3227.762,58.767,1.19,3167.8050000000003
2013-04-15,3227.762,58.767,1.19,3167.8050000000003
2013-04-16,3227.762,58.767,1.19,3167.8050000000003
2013-04-17,3295.109,82.572,1.19,3211.3469999999998
2013-04-18,3295.109,82.572,1.19,3211.3469999999998
2013-04-19,3295.109,82.572,1.19,3211.3469999999998
2013-04-22,3295.109,82.572,1.19,3211.3469999999998
2013-04-23,3295.109,82.572,1.19,3211.3469999999998
2013-04-24,3318.649,128.7,1.19,3188.759
2013-04-25,3318.649,128.7,1.19,3188.759
2013-04-26,3318.649,128.7,1.19,3188.759
2013-04-29,3318.649,128.7,1.19,3188.759
2013-04-30,3318.649,128.7,1.19,3188.759
2013-05-01,3317.194,157.054,1.19,3158.95
2013-05-02,3317.194,157.054,1.19,3158.95
2013-05-03,3317.194,157.054,1.19,3158.95
2013-05-06,3317.194,157.054,1.19,3158.95
2013-05-07,3317.194,157.054,1.19,3158.95
2013-05-08,3324.6150000000002,144.071,1.19,3179.3540000000003
2013-05-09,3324.6150000000002,144.071,1.19,3179.3540000000003
2013-05-10,3324.6150000000002,144.071,1.19,3179.3540000000003
2013-05-13,3324.6150000000002,144.071,1.19,3179.3540000000003
2013-05-14,3324.6150000000002,144.071,1.19,3179.3540000000003
2013-05-15,3354.2690000000002,89.999,1.19,3263.0800000000004
2013-05-16,3354.2690000000002,89.999,1.19,3263.0800000000004
2013-05-17,3354.2690000000002,89.999,1.19,3263.0800000000004
2013-05-20,3354.2690000000002,89.999,1.19,3263.0800000000004
2013-05-21,3354.2690000000002,89.999,1.19,3263.0800000000004
2013-05-22,3398.713,33.233000000000004,1.19,3364.29
2013-05-23,3398.713,33.233000000000004,1.19,3364.29
2013-05-24,3398.713,33.233000000000004,1.19,3364.29
2013-05-27,3398.713,33.233000000000004,1.19,3364.29
2013-05-28,3398.713,33.233000000000004,1.19,3364.29
2013-05-29,3385.128,13.502,1.19,3370.436
2013-05-30,3385.128,13.502,1.19,3370.436
2013-05-31,3385.128,13.502,1.19,3370.436
2013-06-03,3385.128,13.502,1.19,3370.436
2013-06-04,3385.128,13.502,1.19,3370.436
2013-06-05,3400.183,30.23,1.19,3368.763
2013-06-06,3400.183,30.23,1.19,3368.763
2013-06-07,3400.183,30.23,1.19,3368.763
2013-06-10,3400.183,30.23,1.19,3368.763
2013-06-11,3400.183,30.23,1.19,3368.763
2013-06-12,3410.842,43.056,1.19,3366.596
2013-06-13,3410.842,43.056,1.19,3366.596
2013-06-14,3410.842,43.056,1.19,3366.596
2013-06-17,3410.842,43.056,1.19,3366.596
2013-06-18,3410.842,43.056,1.19,3366.596
2013-06-19,3470.53,79.129,1.19,3390.2110000000002
2013-06-20,3470.53,79.129,1.19,3390.2110000000002
2013-06-21,3470.53,79.129,1.19,3390.2110000000002
2013-06-24,3470.53,79.129,1.19,3390.2110000000002
2013-06-25,3470.53,79.129,1.19,3390.2110000000002
2013-06-26,3478.672,97.212,1.19,3380.27
2013-06-27,3478.672,97.212,1.19,3380.27
2013-06-28,3478.672,97.212,1.19,3380.27
2013-07-01,3478.672,97.212,1.19,3380.27
2013-07-02,3478.672,97.212,1.19,3380.27
2013-07-03,3492.742,118.745,1.19,3372.8070000000002
2013-07-04,3492.742,118.745,1.19,3372.8070000000002
2013-07-05,3492.742,118.745,1.19,3372.8070000000002
2013-07-08,3492.742,118.745,1.19,3372.8070000000002
2013-07-09,3492.742,118.745,1.19,3372.8070000000002
2013-07-10,3504.0950000000003,88.69,1.19,3414.215
2013-07-11,3504.0950000000003,88.69,1.19,3414.215
2013-07-12,3504.0950000000003,88.69,1.19,3414.215
2013-07-15,3504.0950000000003,88.69,1.19,3414.215
2013-07-16,3504.0950000000003,88.69,1.19,3414.215
2013-07-17,3537.861,70.158,1.19,3466.513
2013-07-18,3537.861,70.158,1.19,3466.513
2013-07-19,3537.861,70.158,1.19,3466.513
2013-07-22,3537.861,70.158,1.19,3466.513
2013-07-23,3537.861,70.158,1.19,3466.513
2013-07-24,3574.574,58.403,1.19,3514.981
2013-07-25,3574.574,58.403,1.19,3514.981
2013-07-26,3574.574,58.403,1.19,3514.981
2013-07-29,3574.574,58.403,1.19,3514.981
2013-07-30,3574.574,58.403,1.19,3514.981
2013-07-31,3571.797,60.063,1.19,3510.544
2013-08-01,3571.797,60.063,1.19,3510.544
2013-08-02,3571.797,60.063,1.19,3510.544
2013-08-05,3571.797,60.063,1.19,3510.544
2013-08-06,3571.797,60.063,1.19,3510.544
2013-08-07,3585.359,60.845,2.26,3522.254
2013-08-08,3585.359,60.845,2.26,3522.254
2013-08-09,3585.359,60.845,2.26,3522.254
2013-08-12,3585.359,60.845,2.26,3522.254
2013-08-13,3585.359,60.845,2.32,3522.194
2013-08-14,3646.323,64.121,1.21,3580.9919999999997
2013-08-15,3646.323,64.121,1.21,3580.9919999999997
2013-08-16,3646.323,64.121,1.21,3580.9919999999997
2013-08-19,3646.323,64.121,5.0,3577.2019999999998
2013-08-20,3646.323,64.121,5.0,3577.2019999999998
2013-08-21,3645.668,51.174,5.0,3589.494
2013-08-22,3645.668,51.174,5.0,3589.494
2013-08-23,3645.668,51.174,5.0,3589.494
2013-08-26,3645.668,51.174,5.0,3589.494
2013-08-27,3645.668,51.174,5.0,3589.494
2013-08-28,3644.456,37.298,5.0,3602.1580000000004
2013-08-29,3644.456,37.298,5.0,3602.1580000000004
2013-08-30,3644.456,37.298,5.0,3602.1580000000004
2013-09-02,3644.456,37.298,5.0,3602.1580000000004
2013-09-03,3644.456,37.298,5.0,3602.1580000000004
2013-09-04,3654.1820000000002,32.432,5.0,3616.7500000000005
2013-09-05,3654.1820000000002,32.432,5.0,3616.7500000000005
2013-09-06,3654.1820000000002,32.432,5.0,3616.7500000000005
2013-09-09,3654.1820000000002,32.432,5.0,3616.7500000000005
2013-09-10,3654.1820000000002,32.432,5.0,3616.7500000000005
2013-09-11,3662.035,38.551,5.0,3618.484
2013-09-12,3662.035,38.551,5.0,3618.484
2013-09-13,3662.035,38.551,5.0,3618.484
2013-09-16,3662.035,38.551,5.0,3618.484
2013-09-17,3662.035,38.551,5.0,3618.484
2013-09-18,3722.192,48.099000000000004,5.0,3669.093
2013-09-19,3722.192,48.099000000000004,5.0,3669.093
2013-09-20,3722.192,48.099000000000004,5.0,3669.093
2013-09-23,3722.192,48.099000000000004,11.809,3662.2839999999997
2013-09-24,3722.192,48.099000000000004,12.711,3661.382
2013-09-25,3734.018,44.991,6.244,3682.783
2013-09-26,3734.018,44.991,9.403,3679.6240000000003
2013-09-27,3734.018,44.991,16.622,3672.405
2013-09-30,3734.018,44.991,58.157,3630.87
2013-10-01,3734.018,44.991,4.507,3684.52
2013-10-02,3747.387,37.961,2.702,3706.724
2013-10-03,3747.387,37.961,2.256,3707.1700000000005
2013-10-04,3747.387,37.961,1.381,3708.0450000000005
2013-10-07,3747.387,37.961,0.755,3708.6710000000003
2013-10-08,3747.387,37.961,0.725,3708.7010000000005
2013-10-09,3758.663,28.728,0.425,3729.5099999999998
2013-10-10,3758.663,28.728,1.997,3727.938
2013-10-11,3758.663,28.728,1.421,3728.514
2013-10-14,3758.663,28.728,1.421,3728.514
2013-10-15,3758.663,28.728,2.096,3727.839
2013-10-16,3813.599,35.301,2.97,3775.3280000000004
2013-10-17,3813.599,35.301,3.122,3775.1760000000004
2013-10-18,3813.599,35.301,4.221,3774.077
2013-10-21,3813.599,35.301,4.876,3773.422
2013-10-22,3813.599,35.301,8.37,3769.9280000000003
2013-10-23,3839.033,44.193,15.74,3779.1
2013-10-24,3839.033,44.193,4.949,3789.8909999999996
2013-10-25,3839.033,44.193,3.283,3791.557
2013-10-28,3839.033,44.193,2.148,3792.6919999999996
2013-10-29,3839.033,44.193,1.872,3792.968
2013-10-30,3843.396,31.806,5.456,3806.134
2013-10-31,3843.396,31.806,13.89,3797.7000000000003
2013-11-01,3843.396,31.806,4.65,3806.94
2013-11-04,3843.396,31.806,4.088,3807.502
2013-11-05,3843.396,31.806,2.425,3809.165
2013-11-06,3851.623,34.358000000000004,6.715,3810.5499999999997
2013-11-07,3851.623,34.358000000000004,1.075,3816.19
2013-11-08,3851.623,34.358000000000004,1.48,3815.785
2013-11-11,3851.623,34.358000000000004,1.48,3815.785
2013-11-12,3851.623,34.358000000000004,4.4,3812.865
2013-11-13,3907.424,45.639,3.97,3857.815
2013-11-14,3907.424,45.639,1.341,3860.444
2013-11-15,3907.424,45.639,0.345,3861.44
2013-11-18,3907.424,45.639,2.32,3859.4649999999997
2013-11-19,3907.424,45.639,5.07,3856.7149999999997
2013-11-20,3906.62,49.446,6.121,3851.053
2013-11-21,3906.62,49.446,5.571,3851.603
2013-11-22,3906.62,49.446,3.345,3853.829
2013-11-25,3906.62,49.446,3.37,3853.804
2013-11-26,3906.62,49.446,3.95,3853.224
2013-11-27,3925.876,53.744,5.721,3866.411
2013-11-28,3925.876,53.744,5.721,3866.411
2013-11-29,3925.876,53.744,22.018,3850.114
2013-12-02,3925.876,53.744,8.02,3864.112
2013-12-03,3925.876,53.744,7.12,3865.012
2013-12-04,3932.626,37.947,11.095,3883.5840000000003
2013-12-05,3932.626,37.947,5.696,3888.983
2013-12-06,3932.626,37.947,7.42,3887.259
2013-12-09,3932.626,37.947,10.845,3883.8340000000003
2013-12-10,3932.626,37.947,14.22,3880.4590000000003
2013-12-11,3993.955,28.992,34.461,3930.502
2013-12-12,3993.955,28.992,26.12,3938.843
2013-12-13,3993.955,28.992,17.515,3947.448
2013-12-16,3993.955,28.992,6.146,3958.8169999999996
2013-12-17,3993.955,28.992,14.07,3950.8929999999996
2013-12-18,4008.062,70.572,11.105,3926.3849999999998
2013-12-19,4008.062,70.572,15.391,3922.0989999999997
2013-12-20,4008.062,70.572,26.525,3910.9649999999997
2013-12-23,4008.062,70.572,28.761,3908.729
2013-12-24,4008.062,70.572,42.245,3895.245
2013-12-25,4032.5750000000003,99.122,42.245,3891.2080000000005
2013-12-26,4032.5750000000003,99.122,46.97,3886.4830000000006
2013-12-27,4032.5750000000003,99.122,94.995,3838.4580000000005
2013-12-30,4032.5750000000003,99.122,102.573,3830.8800000000006
2013-12-31,4032.5750000000003,99.122,197.755,3735.6980000000003
2014-01-01,4023.64,105.104,197.755,3720.781
2014-01-02,4023.64,105.104,83.725,3834.811
2014-01-03,4023.64,105.104,56.682,3861.8540000000003
2014-01-06,4023.64,105.104,77.265,3841.271
2014-01-07,4023.64,105.104,60.261,3858.275
2014-01-08,4028.185,119.258,43.545,3865.382
2014-01-09,4028.185,119.258,51.2,3857.7270000000003
2014-01-10,4028.185,119.258,49.565,3859.362
2014-01-13,4028.185,119.258,60.47,3848.4570000000003
2014-01-14,4028.185,119.258,54.16,3854.7670000000003
2014-01-15,4071.5280000000002,80.022,46.752,3944.7540000000004
2014-01-16,4071.5280000000002,80.022,67.829,3923.677
2014-01-17,4071.5280000000002,80.022,73.016,3918.4900000000002
2014-01-20,4071.5280000000002,80.022,73.016,3918.4900000000002
2014-01-21,4071.5280000000002,80.022,82.42,3909.0860000000002
2014-01-22,4097.914,77.798,93.711,3926.405
2014-01-23,4097.914,77.798,84.917,3935.199
2014-01-24,4097.914,77.798,72.495,3947.621
2014-01-27,4097.914,77.798,85.68,3934.436
2014-01-28,4097.914,77.798,94.53,3925.586
2014-01-29,4102.138,89.337,94.276,3918.525
2014-01-30,4102.138,89.337,98.32,3914.4809999999998
2014-01-31,4102.138,89.337,102.139,3910.662
2014-02-03,4102.138,89.337,69.923,3942.8779999999997
2014-02-04,4102.138,89.337,105.798,3907.0029999999997
2014-02-05,4109.285,80.081,100.382,3928.8219999999997
2014-02-06,4109.285,80.081,101.917,3927.287
2014-02-07,4109.285,80.081,101.109,3928.095
2014-02-10,4109.285,80.081,112.214,3916.99
2014-02-11,4109.285,80.081,98.871,3930.3329999999996
2014-02-12,4119.474,36.410000000000004,94.026,3989.0380000000005
2014-02-13,4119.474,36.410000000000004,101.186,3981.878
2014-02-14,4119.474,36.410000000000004,87.715,3995.349
2014-02-17,4119.474,36.410000000000004,87.715,3995.349
2014-02-18,4119.474,36.410000000000004,70.834,4012.2300000000005
2014-02-19,4149.224,41.184,83.299,4024.741
2014-02-20,4149.224,41.184,84.254,4023.786
2014-02-21,4149.224,41.184,104.045,4003.995
2014-02-24,4149.224,41.184,96.142,4011.898
2014-02-25,4149.224,41.184,103.735,4004.305
2014-02-26,4159.972,46.704,130.111,3983.157
2014-02-27,4159.972,46.704,120.886,3992.382
2014-02-28,4159.972,46.704,114.479,3998.789
2014-03-03,4159.972,46.704,80.225,4033.043
2014-03-04,4159.972,46.704,66.129,4047.139
2014-03-05,4171.762,45.394,76.183,4050.1849999999995
2014-03-06,4171.762,45.394,55.489,4070.8789999999995
2014-03-07,4171.762,45.394,57.908,4068.4599999999996
2014-03-10,4171.762,45.394,71.89,4054.4779999999996
2014-03-11,4171.762,45.394,72.275,4054.0929999999994
2014-03-12,4181.361,56.141,66.2,4059.0200000000004
2014-03-13,4181.361,56.141,70.357,4054.8630000000003
2014-03-14,4181.361,56.141,54.253,4070.967
2014-03-17,4181.361,56.141,48.592,4076.628
2014-03-18,4181.361,56.141,78.606,4046.6140000000005
2014-03-19,4222.081,88.345,76.145,4057.591
2014-03-20,4222.081,88.345,80.564,4053.172
2014-03-21,4222.081,88.345,96.847,4036.8889999999997
2014-03-24,4222.081,88.345,79.629,4054.107
2014-03-25,4222.081,88.345,94.432,4039.304
2014-03-26,4226.9710000000005,102.04,101.944,4022.9870000000005
2014-03-27,4226.9710000000005,102.04,112.832,4012.0990000000006
2014-03-28,4226.9710000000005,102.04,128.162,3996.7690000000007
2014-03-31,4226.9710000000005,102.04,242.069,3882.8620000000005
2014-04-01,4226.9710000000005,102.04,113.017,4011.9140000000007
2014-04-02,4236.441,96.163,106.045,4034.233
2014-04-03,4236.441,96.163,96.38,4043.898
2014-04-04,4236.441,96.163,95.244,4045.034
2014-04-07,4236.441,96.163,94.739,4045.539
2014-04-08,4236.441,96.163,94.435,4045.8430000000003
2014-04-09,4244.188,62.436,89.023,4092.7290000000003
2014-04-10,4244.188,62.436,93.958,4087.7940000000003
2014-04-11,4244.188,62.436,80.874,4100.878000000001
2014-04-14,4244.188,62.436,75.823,4105.929
2014-04-15,4244.188,62.436,64.907,4116.845
2014-04-16,4283.967,65.45700000000001,71.744,4146.766
2014-04-17,4283.967,65.45700000000001,71.744,4146.766
2014-04-18,4283.967,65.45700000000001,71.744,4146.766
2014-04-21,4283.967,65.45700000000001,129.837,4088.6729999999993
2014-04-22,4283.967,65.45700000000001,159.202,4059.307999999999
2014-04-23,4296.339,111.394,147.951,4036.9939999999997
2014-04-24,4296.339,111.394,153.847,4031.0979999999995
2014-04-25,4296.339,111.394,166.168,4018.7769999999996
2014-04-28,4296.339,111.394,180.822,4004.1229999999996
2014-04-29,4296.339,111.394,183.327,4001.6179999999995
2014-04-30,4296.049,84.126,208.222,4003.7009999999996
2014-05-01,4296.049,84.126,175.868,4036.055
2014-05-02,4296.049,84.126,185.246,4026.6769999999997
2014-05-05,4296.049,84.126,199.895,4012.028
2014-05-06,4296.049,84.126,198.721,4013.2019999999998
2014-05-07,4303.143,91.397,193.706,4018.04
2014-05-08,4303.143,91.397,192.03,4019.716
2014-05-09,4303.143,91.397,186.455,4025.291
2014-05-12,4303.143,91.397,188.963,4022.783
2014-05-13,4303.143,91.397,204.839,4006.907
2014-05-14,4336.649,71.25,183.187,4082.2120000000004
2014-05-15,4336.649,71.25,192.416,4072.983
2014-05-16,4336.649,71.25,203.54,4061.8590000000004
2014-05-19,4336.649,71.25,201.974,4063.425
2014-05-20,4336.649,71.25,212.512,4052.887
2014-05-21,4327.56,37.745,220.722,4069.0930000000003
2014-05-22,4327.56,37.745,209.095,4080.7200000000007
2014-05-23,4327.56,37.745,182.124,4107.691000000001
2014-05-26,4327.56,37.745,182.124,4107.691000000001
2014-05-27,4327.56,37.745,185.923,4103.892000000001
2014-05-28,4322.654,33.573,171.269,4117.812
2014-05-29,4322.654,33.573,155.686,4133.395
2014-05-30,4322.654,33.573,164.726,4124.3550000000005
2014-06-02,4322.654,33.573,129.721,4159.360000000001
2014-06-03,4322.654,33.573,130.952,4158.129
2014-06-04,4330.917,33.895,127.401,4169.621
2014-06-05,4330.917,33.895,103.755,4193.267
2014-06-06,4330.917,33.895,101.903,4195.119
2014-06-09,4330.917,33.895,105.036,4191.986
2014-06-10,4330.917,33.895,106.527,4190.495
2014-06-11,4340.904,46.921,110.875,4183.108
2014-06-12,4340.904,46.921,104.237,4189.746
2014-06-13,4340.904,46.921,67.629,4226.354
2014-06-16,4340.904,46.921,53.376,4240.607
2014-06-17,4340.904,46.921,53.362,4240.621
2014-06-18,4368.168,84.47500000000001,88.388,4195.304999999999
2014-06-19,4368.168,84.47500000000001,95.938,4187.754999999999
2014-06-20,4368.168,84.47500000000001,109.656,4174.036999999999
2014-06-23,4368.168,84.47500000000001,120.333,4163.36
2014-06-24,4368.168,84.47500000000001,107.244,4176.449
2014-06-25,4368.348,107.244,119.673,4141.4310000000005
2014-06-26,4368.348,107.244,137.105,4123.999000000001
2014-06-27,4368.348,107.244,140.898,4120.206
2014-06-30,4368.348,107.244,339.481,3921.6230000000005
2014-07-01,4368.348,107.244,150.572,4110.532
2014-07-02,4377.031,100.08500000000001,148.492,4128.454
2014-07-03,4377.031,100.08500000000001,136.039,4140.907
2014-07-04,4377.031,100.08500000000001,136.039,4140.907
2014-07-07,4377.031,100.08500000000001,143.02,4133.9259999999995
2014-07-08,4377.031,100.08500000000001,136.387,4140.559
2014-07-09,4383.401,63.826,144.921,4174.6539999999995
2014-07-10,4383.401,63.826,125.926,4193.648999999999
2014-07-11,4383.401,63.826,113.623,4205.952
2014-07-14,4383.401,63.826,108.675,4210.9
2014-07-15,4383.401,63.826,96.922,4222.653
2014-07-16,4398.201,59.384,105.841,4232.976
2014-07-17,4398.201,59.384,94.361,4244.456
2014-07-18,4398.201,59.384,113.503,4225.314
2014-07-21,4398.201,59.384,113.836,4224.981
2014-07-22,4398.201,59.384,127.244,4211.573
2014-07-23,4410.746,64.138,136.74,4209.868
2014-07-24,4410.746,64.138,87.923,4258.685
2014-07-25,4410.746,64.138,90.379,4256.229
2014-07-28,4410.746,64.138,103.848,4242.76
2014-07-29,4410.746,64.138,118.021,4228.587
2014-07-30,4406.637,62.335,115.757,4228.545
2014-07-31,4406.637,62.335,156.374,4187.928
2014-08-01,4406.637,62.335,101.035,4243.267
2014-08-04,4406.637,62.335,114.198,4230.103999999999
2014-08-05,4406.637,62.335,118.152,4226.15
2014-08-06,4410.111,71.513,123.782,4214.816
2014-08-07,4410.111,71.513,128.981,4209.617
2014-08-08,4410.111,71.513,127.846,4210.752
2014-08-11,4410.111,71.513,128.408,4210.19
2014-08-12,4410.111,71.513,130.713,4207.885
2014-08-13,4431.923,78.066,135.622,4218.235
2014-08-14,4431.923,78.066,121.978,4231.879
2014-08-15,4431.923,78.066,116.783,4237.074
2014-08-18,4431.923,78.066,135.842,4218.015
2014-08-19,4431.923,78.066,143.128,4210.729
2014-08-20,4412.924,42.803000000000004,150.444,4219.677
2014-08-21,4412.924,42.803000000000004,145.418,4224.703
2014-08-22,4412.924,42.803000000000004,130.543,4239.578
2014-08-25,4412.924,42.803000000000004,152.159,4217.962
2014-08-26,4412.924,42.803000000000004,156.973,4213.148
2014-08-27,4413.736,40.217,179.845,4193.674
2014-08-28,4413.736,40.217,157.845,4215.674
2014-08-29,4413.736,40.217,172.59,4200.929
2014-09-01,4413.736,40.217,172.59,4200.929
2014-09-02,4413.736,40.217,143.468,4230.051
2014-09-03,4415.587,42.868,151.016,4221.703
2014-09-04,4415.587,42.868,160.534,4212.185
2014-09-05,4415.587,42.868,160.186,4212.533
2014-09-08,4415.587,42.868,180.493,4192.226
2014-09-09,4415.587,42.868,168.607,4204.112
2014-09-10,4421.408,39.081,160.299,4222.028
2014-09-11,4421.408,39.081,167.4,4214.927000000001
2014-09-12,4421.408,39.081,148.338,4233.9890000000005
2014-09-15,4421.408,39.081,135.916,4246.411
2014-09-16,4421.408,39.081,147.752,4234.575
2014-09-17,4449.588,66.417,156.936,4226.235
2014-09-18,4449.588,66.417,168.148,4215.022999999999
2014-09-19,4449.588,66.417,169.519,4213.651999999999
2014-09-22,4449.588,66.417,178.327,4204.843999999999
2014-09-23,4449.588,66.417,174.426,4208.744999999999
2014-09-24,4459.05,114.828,162.317,4181.905
2014-09-25,4459.05,114.828,158.09,4186.132
2014-09-26,4459.05,114.828,172.96,4171.262
2014-09-29,4459.05,114.828,194.566,4149.656
2014-09-30,4459.05,114.828,300.0,4044.2219999999998
2014-10-01,4450.26,119.23700000000001,212.481,4118.542
2014-10-02,4450.26,119.23700000000001,179.039,4151.984
2014-10-03,4450.26,119.23700000000001,184.682,4146.341
2014-10-06,4450.26,119.23700000000001,185.508,4145.515
2014-10-07,4450.26,119.23700000000001,184.514,4146.509
2014-10-08,4455.403,96.461,182.531,4176.411
2014-10-09,4455.403,96.461,167.77,4191.172
2014-10-10,4455.403,96.461,161.647,4197.295
2014-10-13,4455.403,96.461,161.647,4197.295
2014-10-14,4455.403,96.461,151.111,4207.831
2014-10-15,4474.36,79.79,121.915,4272.655
2014-10-16,4474.36,79.79,115.559,4279.0109999999995
2014-10-17,4474.36,79.79,122.148,4272.422
2014-10-20,4474.36,79.79,137.408,4257.161999999999
2014-10-21,4474.36,79.79,124.658,4269.911999999999
2014-10-22,4481.616,123.514,135.424,4222.678
2014-10-23,4481.616,123.514,137.137,4220.965
2014-10-24,4481.616,123.514,103.501,4254.601
2014-10-27,4481.616,123.514,116.857,4241.245
2014-10-28,4481.616,123.514,118.038,4240.064
2014-10-29,4486.754,118.424,134.69,4233.64
2014-10-30,4486.754,118.424,142.244,4226.086
2014-10-31,4486.754,118.424,186.282,4182.048
2014-11-03,4486.754,118.424,122.566,4245.764
2014-11-04,4486.754,118.424,124.919,4243.411
2014-11-05,4486.585,111.382,122.9,4252.303000000001
2014-11-06,4486.585,111.382,110.247,4264.956
2014-11-07,4486.585,111.382,106.216,4268.987
2014-11-10,4486.585,111.382,100.452,4274.751
2014-11-11,4486.585,111.382,100.452,4274.751
2014-11-12,4488.895,107.205,111.681,4270.009000000001
2014-11-13,4488.895,107.205,110.881,4270.809
2014-11-14,4488.895,107.205,99.376,4282.314
2014-11-17,4488.895,107.205,115.555,4266.135
2014-11-18,4488.895,107.205,158.321,4223.369000000001
2014-11-19,4492.759,95.281,167.377,4230.101
2014-11-20,4492.759,95.281,163.034,4234.444
2014-11-21,4492.759,95.281,162.469,4235.009
2014-11-24,4492.759,95.281,133.559,4263.919
2014-11-25,4492.759,95.281,146.679,4250.799
2014-11-26,4485.9310000000005,79.769,148.284,4257.878000000001
2014-11-27,4485.9310000000005,79.769,148.284,4257.878000000001
2014-11-28,4485.9310000000005,79.769,173.91,4232.252
2014-12-01,4485.9310000000005,79.769,154.58,4251.582
2014-12-02,4485.9310000000005,79.769,153.531,4252.631
2014-12-03,4486.1900000000005,87.426,166.328,4232.436
2014-12-04,4486.1900000000005,87.426,142.641,4256.1230000000005
2014-12-05,4486.1900000000005,87.426,145.545,4253.219
2014-12-08,4486.1900000000005,87.426,104.199,4294.5650000000005
2014-12-09,4486.1900000000005,87.426,94.442,4304.322
2014-12-10,4488.865,60.092,105.322,4323.451
2014-12-11,4488.865,60.092,99.829,4328.944
2014-12-12,4488.865,60.092,86.425,4342.348
2014-12-15,4488.865,60.092,34.587,4394.186
2014-12-16,4488.865,60.092,40.717,4388.0560000000005
2014-12-17,4502.247,114.776,31.783,4355.688
2014-12-18,4502.247,114.776,59.473,4327.9980000000005
2014-12-19,4502.247,114.776,66.423,4321.048000000001
2014-12-22,4502.247,114.776,59.159,4328.312000000001
2014-12-23,4502.247,114.776,55.574,4331.897000000001
2014-12-24,4509.462,175.09300000000002,53.237,4281.1320000000005
2014-12-25,4509.462,175.09300000000002,53.237,4281.1320000000005
2014-12-26,4509.462,175.09300000000002,41.492,4292.877
2014-12-29,4509.462,175.09300000000002,29.172,4305.197000000001
2014-12-30,4509.462,175.09300000000002,39.621,4294.7480000000005
2014-12-31,4497.66,192.06300000000002,171.12,4134.477
2015-01-01,4497.66,192.06300000000002,171.12,4134.477
2015-01-02,4497.66,192.06300000000002,42.186,4263.411
2015-01-05,4497.66,192.06300000000002,164.177,4141.42
2015-01-06,4497.66,192.06300000000002,149.885,4155.7119999999995
2015-01-07,4499.524,176.817,143.749,4178.9580000000005
2015-01-08,4499.524,176.817,124.293,4198.414000000001
2015-01-09,4499.524,176.817,116.195,4206.512000000001
2015-01-12,4499.524,176.817,118.125,4204.582
2015-01-13,4499.524,176.817,107.316,4215.3910000000005
2015-01-14,4516.077,158.268,95.4,4262.409000000001
2015-01-15,4516.077,158.268,96.517,4261.292
2015-01-16,4516.077,158.268,135.836,4221.973
2015-01-19,4516.077,158.268,135.836,4221.973
2015-01-20,4516.077,158.268,147.499,4210.31
2015-01-21,4512.936,170.15200000000002,167.769,4175.014999999999
2015-01-22,4512.936,170.15200000000002,168.182,4174.602
2015-01-23,4512.936,170.15200000000002,129.836,4212.947999999999
2015-01-26,4512.936,170.15200000000002,132.698,4210.085999999999
2015-01-27,4512.936,170.15200000000002,136.677,4206.107
2015-01-28,4500.064,201.192,163.553,4135.319
2015-01-29,4500.064,201.192,148.784,4150.088000000001
2015-01-30,4500.064,201.192,190.842,4108.030000000001
2015-02-02,4500.064,201.192,132.913,4165.959000000001
2015-02-03,4500.064,201.192,142.006,4156.866
2015-02-04,4500.348,167.272,145.65,4187.426
2015-02-05,4500.348,167.272,124.667,4208.409
2015-02-06,4500.348,167.272,121.983,4211.093
2015-02-09,4500.348,167.272,118.986,4214.09
2015-02-10,4500.348,167.272,122.277,4210.799
2015-02-11,4501.685,158.907,126.752,4216.026
2015-02-12,4501.685,158.907,113.479,4229.299
2015-02-13,4501.685,158.907,92.532,4250.246
2015-02-16,4501.685,158.907,92.532,4250.246
2015-02-17,4501.685,158.907,111.325,4231.453
2015-02-18,4496.851,118.836,157.273,4220.741999999999
2015-02-19,4496.851,118.836,133.105,4244.91
2015-02-20,4496.851,118.836,157.518,4220.496999999999
2015-02-23,4496.851,118.836,152.311,4225.704
2015-02-24,4496.851,118.836,124.802,4253.213
2015-02-25,4486.725,68.114,149.75,4268.861000000001
2015-02-26,4486.725,68.114,130.583,4288.028000000001
2015-02-27,4486.725,68.114,155.001,4263.610000000001
2015-03-02,4486.725,68.114,118.208,4300.403000000001
2015-03-03,4486.725,68.114,110.872,4307.7390000000005
2015-03-04,4487.5830000000005,49.803000000000004,95.1,4342.68
2015-03-05,4487.5830000000005,49.803000000000004,73.924,4363.856000000001
2015-03-06,4487.5830000000005,49.803000000000004,80.862,4356.918000000001
2015-03-09,4487.5830000000005,49.803000000000004,85.648,4352.1320000000005
2015-03-10,4487.5830000000005,49.803000000000004,84.535,4353.245000000001
2015-03-11,4489.279,39.431,84.389,4365.459000000001
2015-03-12,4489.279,39.431,132.708,4317.140000000001
2015-03-13,4489.279,39.431,98.042,4351.8060000000005
2015-03-16,4489.279,39.431,112.056,4337.792000000001
2015-03-17,4489.279,39.431,106.3,4343.548000000001
2015-03-18,4495.888,60.686,151.424,4283.778
2015-03-19,4495.888,60.686,83.108,4352.094
2015-03-20,4495.888,60.686,91.207,4343.995
2015-03-23,4495.888,60.686,99.572,4335.63
2015-03-24,4495.888,60.686,60.115,4375.087
2015-03-25,4480.603,85.907,65.389,4329.307
2015-03-26,4480.603,85.907,80.866,4313.83
2015-03-27,4480.603,85.907,69.638,4325.058
2015-03-30,4480.603,85.907,29.522,4365.174
2015-03-31,4480.603,85.907,202.235,4192.461
2015-04-01,4481.799,75.467,31.623,4374.709000000001
2015-04-02,4481.799,75.467,31.623,4374.709000000001
2015-04-03,4481.799,75.467,31.623,4374.709000000001
2015-04-06,4481.799,75.467,119.369,4286.963000000001
2015-04-07,4481.799,75.467,125.88,4280.452
2015-04-08,4483.419,55.206,96.443,4331.7699999999995
2015-04-09,4483.419,55.206,87.069,4341.143999999999
2015-04-10,4483.419,55.206,90.933,4337.28
2015-04-13,4483.419,55.206,89.878,4338.335
2015-04-14,4483.419,55.206,75.874,4352.339
2015-04-15,4485.366,50.447,69.829,4365.09
2015-04-16,4485.366,50.447,78.293,4356.626
2015-04-17,4485.366,50.447,103.383,4331.536
2015-04-20,4485.366,50.447,111.416,4323.503
2015-04-21,4485.366,50.447,114.8,4320.119
2015-04-22,4489.695,150.028,114.148,4225.518999999999
2015-04-23,4489.695,150.028,113.993,4225.673999999999
2015-04-24,4489.695,150.028,73.512,4266.155
2015-04-27,4489.695,150.028,82.79,4256.8769999999995
2015-04-28,4489.695,150.028,87.169,4252.498
2015-04-29,4471.499,219.702,92.224,4159.572999999999
2015-04-30,4471.499,219.702,130.464,4121.333
2015-05-01,4471.499,219.702,86.212,4165.584999999999
2015-05-04,4471.499,219.702,92.311,4159.486
2015-05-05,4471.499,219.702,93.162,4158.634999999999
2015-05-06,4472.703,227.506,84.722,4160.475
2015-05-07,4472.703,227.506,94.505,4150.692
2015-05-08,4472.703,227.506,91.484,4153.713
2015-05-11,4472.703,227.506,87.331,4157.866
2015-05-12,4472.703,227.506,81.378,4163.819
2015-05-13,4501.188,216.211,92.129,4192.848
2015-05-14,4501.188,216.211,61.513,4223.464
2015-05-15,4501.188,216.211,76.249,4208.728
2015-05-18,4501.188,216.211,135.397,4149.58
2015-05-19,4501.188,216.211,131.9,4153.077
2015-05-20,4480.384,181.641,154.345,4144.398
2015-05-21,4480.384,181.641,141.963,4156.780000000001
2015-05-22,4480.384,181.641,105.844,4192.899
2015-05-25,4480.384,181.641,105.844,4192.899
2015-05-26,4480.384,181.641,111.048,4187.695000000001
2015-05-27,4463.981,175.577,128.828,4159.575999999999
2015-05-28,4463.981,175.577,135.3,4153.103999999999
2015-05-29,4463.981,175.577,160.201,4128.2029999999995
2015-06-01,4463.981,175.577,115.206,4173.197999999999
2015-06-02,4463.981,175.577,105.031,4183.373
2015-06-03,4465.36,185.794,95.389,4184.177
2015-06-04,4465.36,185.794,96.429,4183.137
2015-06-05,4465.36,185.794,83.637,4195.929
2015-06-08,4465.36,185.794,83.323,4196.2429999999995
2015-06-09,4465.36,185.794,76.043,4203.523
2015-06-10,4468.005,178.46800000000002,80.453,4209.084
2015-06-11,4468.005,178.46800000000002,90.833,4198.704000000001
2015-06-12,4468.005,178.46800000000002,81.745,4207.792
2015-06-15,4468.005,178.46800000000002,104.635,4184.902
2015-06-16,4468.005,178.46800000000002,113.979,4175.558
2015-06-17,4487.817,207.648,110.708,4169.461
2015-06-18,4487.817,207.648,151.135,4129.034
2015-06-19,4487.817,207.648,158.541,4121.628
2015-06-22,4487.817,207.648,171.906,4108.263
2015-06-23,4487.817,207.648,181.548,4098.621
2015-06-24,4495.055,239.49800000000002,136.642,4118.915000000001
2015-06-25,4495.055,239.49800000000002,64.918,4190.639000000001
2015-06-26,4495.055,239.49800000000002,86.539,4169.018000000001
2015-06-29,4495.055,239.49800000000002,45.063,4210.494000000001
2015-06-30,4495.055,239.49800000000002,192.602,4062.955000000001
2015-07-01,4479.13,227.457,93.411,4158.262
2015-07-02,4479.13,227.457,176.063,4075.6099999999997
2015-07-03,4479.13,227.457,176.063,4075.6099999999997
2015-07-06,4479.13,227.457,169.851,4081.8219999999997
2015-07-07,4479.13,227.457,159.651,4092.022
2015-07-08,4481.289,182.596,145.47,4153.222999999999
2015-07-09,4481.289,182.596,129.671,4169.021999999999
2015-07-10,4481.289,182.596,119.629,4179.063999999999
2015-07-13,4481.289,182.596,115.323,4183.369999999999
2015-07-14,4481.289,182.596,106.218,4192.474999999999
2015-07-15,4493.6050000000005,176.411,103.217,4213.977000000001
2015-07-16,4493.6050000000005,176.411,104.58,4212.6140000000005
2015-07-17,4493.6050000000005,176.411,116.519,4200.675
2015-07-20,4493.6050000000005,176.411,126.57,4190.624000000001
2015-07-21,4493.6050000000005,176.411,110.141,4207.053000000001
2015-07-22,4500.503,194.772,112.695,4193.036
2015-07-23,4500.503,194.772,112.052,4193.679
2015-07-24,4500.503,194.772,79.416,4226.315
2015-07-27,4500.503,194.772,85.122,4220.6089999999995
2015-07-28,4500.503,194.772,81.882,4223.849
2015-07-29,4485.4800000000005,196.82500000000002,86.429,4202.226000000001
2015-07-30,4485.4800000000005,196.82500000000002,87.405,4201.250000000001
2015-07-31,4485.4800000000005,196.82500000000002,131.978,4156.677000000001
2015-08-03,4485.4800000000005,196.82500000000002,95.005,4193.650000000001
2015-08-04,4485.4800000000005,196.82500000000002,88.841,4199.814
2015-08-05,4486.329,203.501,86.869,4195.959
2015-08-06,4486.329,203.501,93.508,4189.32
2015-08-07,4486.329,203.501,84.994,4197.834
2015-08-10,4486.329,203.501,81.806,4201.022
2015-08-11,4486.329,203.501,78.367,4204.460999999999
2015-08-12,4489.25,196.323,64.411,4228.516
2015-08-13,4489.25,196.323,77.057,4215.87
2015-08-14,4489.25,196.323,64.557,4228.37
2015-08-17,4489.25,196.323,66.54,4226.387
2015-08-18,4489.25,196.323,88.144,4204.782999999999
2015-08-19,4487.2080000000005,177.883,84.36,4224.965000000001
2015-08-20,4487.2080000000005,177.883,93.262,4216.063000000001
2015-08-21,4487.2080000000005,177.883,92.353,4216.972000000001
2015-08-24,4487.2080000000005,177.883,73.813,4235.512000000001
2015-08-25,4487.2080000000005,177.883,73.165,4236.160000000001
2015-08-26,4475.1050000000005,128.581,68.719,4277.805
2015-08-27,4475.1050000000005,128.581,71.312,4275.212
2015-08-28,4475.1050000000005,128.581,73.547,4272.977000000001
2015-08-31,4475.1050000000005,128.581,149.694,4196.83
2015-09-01,4475.1050000000005,128.581,84.778,4261.746
2015-09-02,4475.886,120.354,70.33,4285.202
2015-09-03,4475.886,120.354,67.183,4288.349
2015-09-04,4475.886,120.354,64.428,4291.104
2015-09-07,4475.886,120.354,64.428,4291.104
2015-09-08,4475.886,120.354,66.694,4288.838
2015-09-09,4478.213,85.792,68.129,4324.2919999999995
2015-09-10,4478.213,85.792,66.083,4326.338
2015-09-11,4478.213,85.792,70.782,4321.638999999999
2015-09-14,4478.213,85.792,72.809,4319.611999999999
2015-09-15,4478.213,85.792,73.117,4319.303999999999
2015-09-16,4487.809,117.411,82.181,4288.217000000001
2015-09-17,4487.809,117.411,106.254,4264.144
2015-09-18,4487.809,117.411,131.757,4238.6410000000005
2015-09-21,4487.809,117.411,134.575,4235.823
2015-09-22,4487.809,117.411,139.476,4230.9220000000005
2015-09-23,4497.484,153.512,144.297,4199.675000000001
2015-09-24,4497.484,153.512,45.671,4298.301
2015-09-25,4497.484,153.512,63.966,4280.006
2015-09-28,4497.484,153.512,101.855,4242.117000000001
2015-09-29,4497.484,153.512,122.86,4221.112000000001
2015-09-30,4484.111,145.165,199.614,4139.332
2015-10-01,4484.111,145.165,75.143,4263.803
2015-10-02,4484.111,145.165,173.162,4165.784
2015-10-05,4484.111,145.165,156.558,4182.388
2015-10-06,4484.111,145.165,130.247,4208.699
2015-10-07,4486.185,83.381,115.434,4287.37
2015-10-08,4486.185,83.381,121.144,4281.66
2015-10-09,4486.185,83.381,109.367,4293.437
2015-10-12,4486.185,83.381,109.367,4293.437
2015-10-13,4486.185,83.381,105.728,4297.076
2015-10-14,4504.704,66.43900000000001,90.184,4348.080999999999
2015-10-15,4504.704,66.43900000000001,100.247,4338.017999999999
2015-10-16,4504.704,66.43900000000001,123.637,4314.628
2015-10-19,4504.704,66.43900000000001,136.36,4301.905
2015-10-20,4504.704,66.43900000000001,146.257,4292.008
2015-10-21,4501.372,60.403,151.082,4289.887
2015-10-22,4501.372,60.403,152.87,4288.099
2015-10-23,4501.372,60.403,125.635,4315.334
2015-10-26,4501.372,60.403,134.597,4306.372
2015-10-27,4501.372,60.403,150.968,4290.001
2015-10-28,4489.339,47.1,155.316,4286.923
2015-10-29,4489.339,47.1,172.839,4269.4
2015-10-30,4489.339,47.1,225.326,4216.913
2015-11-02,4489.339,47.1,132.234,4310.004999999999
2015-11-03,4489.339,47.1,117.622,4324.616999999999
2015-11-04,4489.702,29.795,107.406,4352.501
2015-11-05,4489.702,29.795,87.664,4372.243
2015-11-06,4489.702,29.795,70.435,4389.472
2015-11-09,4489.702,29.795,80.894,4379.013
2015-11-10,4489.702,29.795,83.13,4376.777
2015-11-11,4492.012,107.125,83.13,4301.757
2015-11-12,4492.012,107.125,73.228,4311.659
2015-11-13,4492.012,107.125,60.117,4324.7699999999995
2015-11-16,4492.012,107.125,67.873,4317.014
2015-11-17,4492.012,107.125,86.157,4298.73
2015-11-18,4486.7210000000005,133.02100000000002,121.961,4231.7390000000005
2015-11-19,4486.7210000000005,133.02100000000002,120.822,4232.878000000001
2015-11-20,4486.7210000000005,133.02100000000002,122.99,4230.710000000001
2015-11-23,4486.7210000000005,133.02100000000002,147.598,4206.102000000001
2015-11-24,4486.7210000000005,133.02100000000002,95.918,4257.782000000001
2015-11-25,4477.088,163.491,100.152,4213.445
2015-11-26,4477.088,163.491,100.152,4213.445
2015-11-27,4477.088,163.491,81.785,4231.812
2015-11-30,4477.088,163.491,139.594,4174.003
2015-12-01,4477.088,163.491,88.983,4224.614
2015-12-02,4478.069,212.756,84.184,4181.129
2015-12-03,4478.069,212.756,74.766,4190.5470000000005
2015-12-04,4478.069,212.756,69.292,4196.021
2015-12-07,4478.069,212.756,77.805,4187.508
2015-12-08,4478.069,212.756,75.817,4189.496
2015-12-09,4480.436,186.624,87.963,4205.849
2015-12-10,4480.436,186.624,86.714,4207.098
2015-12-11,4480.436,186.624,89.317,4204.495
2015-12-14,4480.436,186.624,86.38,4207.432
2015-12-15,4480.436,186.624,95.404,4198.407999999999
2015-12-16,4489.593,196.34300000000002,102.004,4191.246
2015-12-17,4489.593,196.34300000000002,105.185,4188.065
2015-12-18,4489.593,196.34300000000002,143.223,4150.027
2015-12-21,4489.593,196.34300000000002,160.606,4132.644
2015-12-22,4489.593,196.34300000000002,185.35,4107.9
2015-12-23,4496.523,267.608,178.331,4050.584
2015-12-24,4496.523,267.608,161.879,4067.036
2015-12-25,4496.523,267.608,161.879,4067.036
2015-12-28,4496.523,267.608,177.196,4051.719
2015-12-29,4496.523,267.608,222.513,4006.402
2015-12-30,4486.587,290.467,277.446,3918.674000000001
2015-12-31,4486.587,290.467,474.591,3721.529000000001
2016-01-01,4486.587,290.467,474.591,3721.529000000001
2016-01-04,4486.587,290.467,199.67,3996.4500000000007
2016-01-05,4486.587,290.467,169.615,4026.505000000001
2016-01-06,4486.606,333.22,126.584,4026.8019999999997
2016-01-07,4486.606,333.22,116.843,4036.5429999999997
2016-01-08,4486.606,333.22,99.971,4053.4149999999995
2016-01-11,4486.606,333.22,97.39,4055.9959999999996
2016-01-12,4486.606,333.22,86.191,4067.1949999999997
2016-01-13,4501.695,302.983,84.416,4114.295999999999
2016-01-14,4501.695,302.983,78.422,4120.29
2016-01-15,4501.695,302.983,90.534,4108.178
2016-01-18,4501.695,302.983,90.534,4108.178
2016-01-19,4501.695,302.983,90.221,4108.491
2016-01-20,4488.84,285.318,106.627,4096.8949999999995
2016-01-21,4488.84,285.318,90.44,4113.082
2016-01-22,4488.84,285.318,60.316,4143.206
2016-01-25,4488.84,285.318,80.17,4123.352
2016-01-26,4488.84,285.318,83.819,4119.7029999999995
2016-01-27,4482.349,341.996,89.304,4051.049
2016-01-28,4482.349,341.996,63.251,4077.102
2016-01-29,4482.349,341.996,114.573,4025.78
2016-02-01,4482.349,341.996,76.79,4063.563
2016-02-02,4482.349,341.996,80.127,4060.226
2016-02-03,4483.495,350.858,62.461,4070.176
2016-02-04,4483.495,350.858,55.893,4076.7439999999997
2016-02-05,4483.495,350.858,50.888,4081.749
2016-02-08,4483.495,350.858,39.132,4093.5049999999997
2016-02-09,4483.495,350.858,44.123,4088.5139999999997
2016-02-10,4486.278,317.303,47.974,4121.001
2016-02-11,4486.278,317.303,44.482,4124.493
2016-02-12,4486.278,317.303,35.233,4133.742
2016-02-15,4486.278,317.303,35.233,4133.742
2016-02-16,4486.278,317.303,34.728,4134.247
2016-02-17,4483.629,266.76,52.098,4164.771
2016-02-18,4483.629,266.76,71.581,4145.288
2016-02-19,4483.629,266.76,59.088,4157.781
2016-02-22,4483.629,266.76,54.405,4162.464
2016-02-23,4483.629,266.76,64.808,4152.061
2016-02-24,4489.796,237.95000000000002,41.065,4210.781000000001
2016-02-25,4489.796,237.95000000000002,43.818,4208.028
2016-02-26,4489.796,237.95000000000002,56.919,4194.927000000001
2016-02-29,4489.796,237.95000000000002,94.123,4157.723000000001
2016-03-01,4489.796,237.95000000000002,38.763,4213.0830000000005
2016-03-02,4478.485,237.207,44.546,4196.731999999999
2016-03-03,4478.485,237.207,50.384,4190.893999999999
2016-03-04,4478.485,237.207,51.368,4189.909999999999
2016-03-07,4478.485,237.207,53.724,4187.553999999999
2016-03-08,4478.485,237.207,49.332,4191.945999999999
2016-03-09,4481.0830000000005,211.443,47.346,4222.294000000001
2016-03-10,4481.0830000000005,211.443,35.428,4234.212
2016-03-11,4481.0830000000005,211.443,39.73,4229.910000000001
2016-03-14,4481.0830000000005,211.443,40.518,4229.122
2016-03-15,4481.0830000000005,211.443,38.299,4231.341
2016-03-16,4486.3330000000005,235.63400000000001,48.389,4202.31
2016-03-17,4486.3330000000005,235.63400000000001,34.869,4215.830000000001
2016-03-18,4486.3330000000005,235.63400000000001,67.622,4183.077
2016-03-21,4486.3330000000005,235.63400000000001,55.751,4194.948
2016-03-22,4486.3330000000005,235.63400000000001,68.284,4182.415000000001
2016-03-23,4492.857,296.956,70.075,4125.826
2016-03-24,4492.857,296.956,70.075,4125.826
2016-03-25,4492.857,296.956,70.075,4125.826
2016-03-28,4492.857,296.956,65.481,4130.42
2016-03-29,4492.857,296.956,104.77,4091.131
2016-03-30,4482.84,284.66,127.119,4071.061
2016-03-31,4482.84,284.66,303.849,3894.331
2016-04-01,4482.84,284.66,89.118,4109.062
2016-04-04,4482.84,284.66,65.692,4132.488
2016-04-05,4482.84,284.66,44.369,4153.811000000001
2016-04-06,4484.069,264.323,27.455,4192.291
2016-04-07,4484.069,264.323,34.065,4185.6810000000005
2016-04-08,4484.069,264.323,21.618,4198.128
2016-04-11,4484.069,264.323,22.151,4197.595
2016-04-12,4484.069,264.323,18.711,4201.035
2016-04-13,4499.729,239.635,16.61,4243.484
2016-04-14,4499.729,239.635,18.241,4241.853
2016-04-15,4499.729,239.635,23.479,4236.615
2016-04-18,4499.729,239.635,38.607,4221.487
2016-04-19,4499.729,239.635,40.049,4220.045
2016-04-20,4490.131,268.785,31.971,4189.375000000001
2016-04-21,4490.131,268.785,36.555,4184.791
2016-04-22,4490.131,268.785,19.084,4202.262000000001
2016-04-25,4490.131,268.785,24.148,4197.198
2016-04-26,4490.131,268.785,29.563,4191.783
2016-04-27,4474.665,346.166,31.432,4097.067
2016-04-28,4474.665,346.166,25.526,4102.973
2016-04-29,4474.665,346.166,65.558,4062.941
2016-05-02,4474.665,346.166,38.947,4089.5519999999997
2016-05-03,4474.665,346.166,38.536,4089.9629999999997
2016-05-04,4477.27,336.357,35.592,4105.321000000001
2016-05-05,4477.27,336.357,30.222,4110.691000000001
2016-05-06,4477.27,336.357,28.294,4112.619000000001
2016-05-09,4477.27,336.357,23.238,4117.675
2016-05-10,4477.27,336.357,31.035,4109.878000000001
2016-05-11,4478.411,315.369,31.533,4131.509
2016-05-12,4478.411,315.369,34.843,4128.1990000000005
2016-05-13,4478.411,315.369,17.088,4145.954000000001
2016-05-16,4478.411,315.369,20.123,4142.919000000001
2016-05-17,4478.411,315.369,21.115,4141.927000000001
2016-05-18,4473.741,295.339,63.92,4114.482
2016-05-19,4473.741,295.339,63.293,4115.109
2016-05-20,4473.741,295.339,60.342,4118.06
2016-05-23,4473.741,295.339,78.109,4100.293
2016-05-24,4473.741,295.339,57.676,4120.726
2016-05-25,4461.111,268.619,65.797,4126.695000000001
2016-05-26,4461.111,268.619,58.671,4133.821
2016-05-27,4461.111,268.619,40.472,4152.02
2016-05-30,4461.111,268.619,40.472,4152.02
2016-05-31,4461.111,268.619,102.627,4089.8650000000002
2016-06-01,4461.393,267.948,61.186,4132.259
2016-06-02,4461.393,267.948,62.973,4130.472
2016-06-03,4461.393,267.948,58.183,4135.262
2016-06-06,4461.393,267.948,53.352,4140.093
2016-06-07,4461.393,267.948,49.906,4143.539
2016-06-08,4463.542,236.351,41.445,4185.746000000001
2016-06-09,4463.542,236.351,41.435,4185.756
2016-06-10,4463.542,236.351,40.5,4186.691000000001
2016-06-13,4463.542,236.351,46.016,4181.175000000001
2016-06-14,4463.542,236.351,34.936,4192.255000000001
2016-06-15,4472.817,231.257,28.313,4213.247
2016-06-16,4472.817,231.257,35.1,4206.46
2016-06-17,4472.817,231.257,58.606,4182.954000000001
2016-06-20,4472.817,231.257,67.757,4173.803000000001
2016-06-21,4472.817,231.257,86.546,4155.014
2016-06-22,4482.009,316.838,90.386,4074.7850000000003
2016-06-23,4482.009,316.838,91.509,4073.6620000000003
2016-06-24,4482.009,316.838,87.498,4077.6730000000002
2016-06-27,4482.009,316.838,116.639,4048.532
2016-06-28,4482.009,316.838,129.102,4036.0690000000004
2016-06-29,4466.482,337.093,143.206,3986.183
2016-06-30,4466.482,337.093,278.809,3850.58
2016-07-01,4466.482,337.093,113.428,4015.9610000000002
2016-07-04,4466.482,337.093,113.428,4015.9610000000002
2016-07-05,4466.482,337.093,111.242,4018.147
2016-07-06,4470.6050000000005,303.297,83.401,4083.907000000001
2016-07-07,4470.6050000000005,303.297,76.407,4090.9010000000007
2016-07-08,4470.6050000000005,303.297,67.516,4099.792000000001
2016-07-11,4470.6050000000005,303.297,61.876,4105.432000000001
2016-07-12,4470.6050000000005,303.297,62.64,4104.668000000001
2016-07-13,4472.202,316.064,48.357,4107.781
2016-07-14,4472.202,316.064,30.358,4125.78
2016-07-15,4472.202,316.064,41.162,4114.976
2016-07-18,4472.202,316.064,80.813,4075.325
2016-07-19,4472.202,316.064,82.273,4073.865
2016-07-20,4480.973,329.15000000000003,79.368,4072.4550000000004
2016-07-21,4480.973,329.15000000000003,70.517,4081.3060000000005
2016-07-22,4480.973,329.15000000000003,44.897,4106.926
2016-07-25,4480.973,329.15000000000003,49.132,4102.691000000001
2016-07-26,4480.973,329.15000000000003,69.799,4082.0240000000003
2016-07-27,4464.4980000000005,325.499,67.687,4071.312000000001
2016-07-28,4464.4980000000005,325.499,45.194,4093.8050000000007
2016-07-29,4464.4980000000005,325.499,110.518,4028.4810000000007
2016-08-01,4464.4980000000005,325.499,72.911,4066.0880000000006
2016-08-02,4464.4980000000005,325.499,80.535,4058.464000000001
2016-08-03,4466.793,298.813,68.075,4099.905
2016-08-04,4466.793,298.813,50.263,4117.717
2016-08-05,4466.793,298.813,56.235,4111.745
2016-08-08,4466.793,298.813,60.625,4107.355
2016-08-09,4466.793,298.813,66.881,4101.098999999999
2016-08-10,4468.929,259.832,80.174,4128.923
2016-08-11,4468.929,259.832,80.145,4128.951999999999
2016-08-12,4468.929,259.832,37.278,4171.8189999999995
2016-08-15,4468.929,259.832,56.95,4152.147
2016-08-16,4468.929,259.832,76.397,4132.7
2016-08-17,4466.476,260.81,81.337,4124.328999999999
2016-08-18,4466.476,260.81,95.089,4110.576999999999
2016-08-19,4466.476,260.81,101.468,4104.197999999999
2016-08-22,4466.476,260.81,116.124,4089.5419999999995
2016-08-23,4466.476,260.81,121.654,4084.0119999999993
2016-08-24,4473.84,254.376,95.35,4124.114
2016-08-25,4473.84,254.376,72.817,4146.647
2016-08-26,4473.84,254.376,76.532,4142.932
2016-08-29,4473.84,254.376,79.731,4139.733
2016-08-30,4473.84,254.376,101.422,4118.042
2016-08-31,4457.907,274.195,171.368,4012.3440000000005
2016-09-01,4457.907,274.195,90.607,4093.1050000000005
2016-09-02,4457.907,274.195,96.194,4087.5180000000005
2016-09-05,4457.907,274.195,96.194,4087.5180000000005
2016-09-06,4457.907,274.195,92.733,4090.9790000000003
2016-09-07,4459.394,236.154,79.08,4144.16
2016-09-08,4459.394,236.154,60.729,4162.5109999999995
2016-09-09,4459.394,236.154,78.784,4144.456
2016-09-12,4459.394,236.154,86.056,4137.184
2016-09-13,4459.394,236.154,83.109,4140.130999999999
2016-09-14,4481.635,243.082,64.485,4174.068
2016-09-15,4481.635,243.082,55.994,4182.559
2016-09-16,4481.635,243.082,100.761,4137.7919999999995
2016-09-19,4481.635,243.082,125.636,4112.9169999999995
2016-09-20,4481.635,243.082,156.685,4081.868
2016-09-21,4473.032,340.448,176.835,3955.749
2016-09-22,4473.032,340.448,194.053,3938.531
2016-09-23,4473.032,340.448,174.726,3957.8579999999997
2016-09-26,4473.032,340.448,200.068,3932.5159999999996
2016-09-27,4473.032,340.448,239.7,3892.884
2016-09-28,4452.002,351.7,272.277,3828.0250000000005
2016-09-29,4452.002,351.7,271.847,3828.455000000001
2016-09-30,4452.002,351.7,412.523,3687.7790000000005
2016-10-03,4452.002,351.7,320.889,3779.4130000000005
2016-10-04,4452.002,351.7,306.041,3794.2610000000004
2016-10-05,4459.407,347.76,297.964,3813.683
2016-10-06,4459.407,347.76,237.619,3874.028
2016-10-07,4459.407,347.76,226.065,3885.582
2016-10-10,4459.407,347.76,226.065,3885.582
2016-10-11,4459.407,347.76,201.546,3910.101
2016-10-12,4457.698,356.185,188.671,3912.842
2016-10-13,4457.698,356.185,180.971,3920.542
2016-10-14,4457.698,356.185,133.359,3968.154
2016-10-17,4457.698,356.185,124.407,3977.1059999999998
2016-10-18,4457.698,356.185,174.966,3926.547
2016-10-19,4467.3820000000005,391.988,191.81,3883.5840000000007
2016-10-20,4467.3820000000005,391.988,172.312,3903.082000000001
2016-10-21,4467.3820000000005,391.988,181.285,3894.109000000001
2016-10-24,4467.3820000000005,391.988,142.574,3932.8200000000006
2016-10-25,4467.3820000000005,391.988,132.403,3942.991000000001
2016-10-26,4454.326,429.027,142.065,3883.234
2016-10-27,4454.326,429.027,135.113,3890.186
2016-10-28,4454.326,429.027,129.983,3895.316
2016-10-31,4454.326,429.027,214.798,3810.501
2016-11-01,4454.326,429.027,171.89,3853.409
2016-11-02,4453.087,417.665,176.232,3859.1900000000005
2016-11-03,4453.087,417.665,148.543,3886.8790000000004
2016-11-04,4453.087,417.665,136.483,3898.9390000000003
2016-11-07,4453.087,417.665,128.671,3906.7510000000007
2016-11-08,4453.087,417.665,127.33,3908.0920000000006
2016-11-09,4455.087,376.217,130.993,3947.8770000000004
2016-11-10,4455.087,376.217,99.936,3978.934
2016-11-11,4455.087,376.217,99.936,3978.934
2016-11-14,4455.087,376.217,81.448,3997.4220000000005
2016-11-15,4455.087,376.217,102.247,3976.6230000000005
2016-11-16,4453.633,400.625,116.044,3936.964
2016-11-17,4453.633,400.625,92.397,3960.611
2016-11-18,4453.633,400.625,116.091,3936.917
2016-11-21,4453.633,400.625,135.387,3917.6209999999996
2016-11-22,4453.633,400.625,128.222,3924.7859999999996
2016-11-23,4465.782,399.665,119.371,3946.746
2016-11-24,4465.782,399.665,119.371,3946.746
2016-11-25,4465.782,399.665,121.165,3944.952
2016-11-28,4465.782,399.665,146.903,3919.2140000000004
2016-11-29,4465.782,399.665,138.401,3927.7160000000003
2016-11-30,4446.307,409.36,208.524,3828.423
2016-12-01,4446.307,409.36,159.215,3877.7319999999995
2016-12-02,4446.307,409.36,167.881,3869.066
2016-12-05,4446.307,409.36,168.369,3868.5779999999995
2016-12-06,4446.307,409.36,185.55,3851.3969999999995
2016-12-07,4448.618,343.355,185.812,3919.451000000001
2016-12-08,4448.618,343.355,186.313,3918.9500000000007
2016-12-09,4448.618,343.355,185.799,3919.464000000001
2016-12-12,4448.618,343.355,189.33,3915.933000000001
2016-12-13,4448.618,343.355,238.46,3866.803000000001
2016-12-14,4470.973,324.52500000000003,169.563,3976.885
2016-12-15,4470.973,324.52500000000003,199.654,3946.7940000000003
2016-12-16,4470.973,324.52500000000003,213.706,3932.742
2016-12-19,4470.973,324.52500000000003,237.525,3908.9230000000002
2016-12-20,4470.973,324.52500000000003,277.354,3869.0940000000005
2016-12-21,4469.089,388.497,307.477,3773.1150000000002
2016-12-22,4469.089,388.497,312.338,3768.254
2016-12-23,4469.089,388.497,280.643,3799.949
2016-12-26,4469.089,388.497,280.643,3799.949
2016-12-27,4469.089,388.497,294.061,3786.531
2016-12-28,4451.451,380.67900000000003,323.912,3746.86
2016-12-29,4451.451,380.67900000000003,346.472,3724.3
2016-12-30,4451.451,380.67900000000003,468.355,3602.417
2017-01-02,4451.451,380.67900000000003,468.355,3602.417
2017-01-03,4451.451,380.67900000000003,287.236,3783.536
2017-01-04,4453.101,387.98900000000003,266.468,3798.644
2017-01-05,4453.101,387.98900000000003,233.43,3831.682
2017-01-06,4453.101,387.98900000000003,209.205,3855.9069999999997
2017-01-09,4453.101,387.98900000000003,191.97,3873.142
2017-01-10,4453.101,387.98900000000003,180.715,3884.3969999999995
2017-01-11,4452.509,372.492,158.82,3921.1969999999997
2017-01-12,4452.509,372.492,141.218,3938.799
2017-01-13,4452.509,372.492,88.201,3991.816
2017-01-16,4452.509,372.492,88.201,3991.816
2017-01-17,4452.509,372.492,96.798,3983.219
2017-01-18,4460.758,366.09000000000003,130.118,3964.5499999999997
2017-01-19,4460.758,366.09000000000003,138.637,3956.0309999999995
2017-01-20,4460.758,366.09000000000003,148.785,3945.883
2017-01-23,4460.758,366.09000000000003,156.316,3938.352
2017-01-24,4460.758,366.09000000000003,110.193,3984.4749999999995
2017-01-25,4452.838,390.842,108.36,3953.6359999999995
2017-01-26,4452.838,390.842,94.67,3967.3259999999996
2017-01-27,4452.838,390.842,108.772,3953.2239999999997
2017-01-30,4452.838,390.842,101.514,3960.4819999999995
2017-01-31,4452.838,390.842,180.162,3881.834
2017-02-01,4453.881,374.841,133.73,3945.3100000000004
2017-02-02,4453.881,374.841,111.12,3967.9200000000005
2017-02-03,4453.881,374.841,117.361,3961.6790000000005
2017-02-06,4453.881,374.841,125.66,3953.3800000000006
2017-02-07,4453.881,374.841,131.659,3947.3810000000003
2017-02-08,4456.236,305.735,122.934,4027.567
2017-02-09,4456.236,305.735,83.894,4066.607
2017-02-10,4456.236,305.735,74.169,4076.3320000000003
2017-02-13,4456.236,305.735,98.103,4052.398
2017-02-14,4456.236,305.735,87.998,4062.503
2017-02-15,4454.676,309.919,105.123,4039.6340000000005
2017-02-16,4454.676,309.919,104.978,4039.7790000000005
2017-02-17,4454.676,309.919,147.243,3997.5140000000006
2017-02-20,4454.676,309.919,147.243,3997.5140000000006
2017-02-21,4454.676,309.919,163.259,3981.4980000000005
2017-02-22,4468.702,258.29200000000003,177.833,4032.5769999999998
2017-02-23,4468.702,258.29200000000003,187.176,4023.234
2017-02-24,4468.702,258.29200000000003,160.882,4049.528
2017-02-27,4468.702,258.29200000000003,153.382,4057.028
2017-02-28,4468.702,258.29200000000003,204.651,4005.759
2017-03-01,4458.018,175.496,156.01,4126.512
2017-03-02,4458.018,175.496,168.142,4114.38
2017-03-03,4458.018,175.496,193.272,4089.25
2017-03-06,4458.018,175.496,205.21,4077.312
2017-03-07,4458.018,175.496,208.765,4073.757
2017-03-08,4459.84,88.22,212.124,4159.496
2017-03-09,4459.84,88.22,217.831,4153.789
2017-03-10,4459.84,88.22,233.046,4138.574
2017-03-13,4459.84,88.22,232.962,4138.657999999999
2017-03-14,4459.84,88.22,200.798,4170.822
2017-03-15,4469.577,38.579,226.51,4204.488
2017-03-16,4469.577,38.579,209.114,4221.884000000001
2017-03-17,4469.577,38.579,240.669,4190.329000000001
2017-03-20,4469.577,38.579,235.827,4195.171
2017-03-21,4469.577,38.579,237.331,4193.667
2017-03-22,4478.236,70.827,251.013,4156.396
2017-03-23,4478.236,70.827,231.463,4175.946
2017-03-24,4478.236,70.827,200.237,4207.172
2017-03-27,4478.236,70.827,215.473,4191.936
2017-03-28,4478.236,70.827,224.475,4182.933999999999
2017-03-29,4469.618,65.187,260.357,4144.0740000000005
2017-03-30,4469.618,65.187,224.134,4180.2970000000005
2017-03-31,4469.618,65.187,346.853,4057.5780000000004
2017-04-03,4469.618,65.187,233.582,4170.849
2017-04-04,4469.618,65.187,207.711,4196.72
2017-04-05,4474.634,89.21000000000001,174.644,4210.78
2017-04-06,4474.634,89.21000000000001,117.337,4268.0869999999995
2017-04-07,4474.634,89.21000000000001,117.774,4267.65
2017-04-10,4474.634,89.21000000000001,120.504,4264.92
2017-04-11,4474.634,89.21000000000001,114.753,4270.671
2017-04-12,4484.492,122.218,105.528,4256.746
2017-04-13,4484.492,122.218,105.528,4256.746
2017-04-14,4484.492,122.218,105.528,4256.746
2017-04-17,4484.492,122.218,64.37,4297.904
2017-04-18,4484.492,122.218,109.402,4252.872
2017-04-19,4479.27,164.543,116.567,4198.160000000001
2017-04-20,4479.27,164.543,128.726,4186.001000000001
2017-04-21,4479.27,164.543,136.521,4178.206000000001
2017-04-24,4479.27,164.543,118.667,4196.06
2017-04-25,4479.27,164.543,116.956,4197.771000000001
2017-04-26,4470.142,234.219,122.323,4113.599999999999
2017-04-27,4470.142,234.219,127.826,4108.097
2017-04-28,4470.142,234.219,181.976,4053.9469999999997
2017-05-01,4470.142,234.219,162.198,4073.725
2017-05-02,4470.142,234.219,183.851,4052.0719999999997
2017-05-03,4471.246,244.655,186.667,4039.9240000000004
2017-05-04,4471.246,244.655,152.793,4073.7980000000002
2017-05-05,4471.246,244.655,156.789,4069.8020000000006
2017-05-08,4471.246,244.655,162.58,4064.0110000000004
2017-05-09,4471.246,244.655,167.302,4059.289
2017-05-10,4473.459,199.013,187.269,4087.1769999999997
2017-05-11,4473.459,199.013,161.232,4113.214
2017-05-12,4473.459,199.013,167.696,4106.75
2017-05-15,4473.459,199.013,144.99,4129.456
2017-05-16,4473.459,199.013,157.693,4116.753
2017-05-17,4467.108,186.08,167.158,4113.87
2017-05-18,4467.108,186.08,185.287,4095.7410000000004
2017-05-19,4467.108,186.08,182.273,4098.755
2017-05-22,4467.108,186.08,185.031,4095.9970000000003
2017-05-23,4467.108,186.08,198.865,4082.1630000000005
2017-05-24,4470.852,167.165,184.946,4118.741
2017-05-25,4470.852,167.165,153.451,4150.236
2017-05-26,4470.852,167.165,168.041,4135.646
2017-05-29,4470.852,167.165,168.041,4135.646
2017-05-30,4470.852,167.165,182.065,4121.622
2017-05-31,4459.914,170.984,256.176,4032.7539999999995
2017-06-01,4459.914,170.984,163.755,4125.174999999999
2017-06-02,4459.914,170.984,170.496,4118.433999999999
2017-06-05,4459.914,170.984,164.208,4124.722
2017-06-06,4459.914,170.984,160.949,4127.981
2017-06-07,4462.443,152.44400000000002,165.138,4144.861
2017-06-08,4462.443,152.44400000000002,151.582,4158.4169999999995
2017-06-09,4462.443,152.44400000000002,155.344,4154.655
2017-06-12,4462.443,152.44400000000002,152.198,4157.8009999999995
2017-06-13,4462.443,152.44400000000002,172.973,4137.026
2017-06-14,4476.269,153.64600000000002,163.056,4159.567000000001
2017-06-15,4476.269,153.64600000000002,131.378,4191.245000000001
2017-06-16,4476.269,153.64600000000002,158.566,4164.057000000001
2017-06-19,4476.269,153.64600000000002,166.745,4155.878000000001
2017-06-20,4476.269,153.64600000000002,192.347,4130.276000000001
2017-06-21,4474.2570000000005,212.275,198.769,4063.2130000000006
2017-06-22,4474.2570000000005,212.275,195.144,4066.8380000000006
2017-06-23,4474.2570000000005,212.275,201.475,4060.507000000001
2017-06-26,4474.2570000000005,212.275,185.227,4076.755000000001
2017-06-27,4474.2570000000005,212.275,212.664,4049.318000000001
2017-06-28,4463.347,208.365,263.699,3991.283
2017-06-29,4463.347,208.365,269.565,3985.417
2017-06-30,4463.347,208.365,398.875,3856.107
2017-07-03,4463.347,208.365,255.693,3999.2889999999998
2017-07-04,4463.347,208.365,255.693,3999.2889999999998
2017-07-05,4467.272,177.006,240.029,4050.2369999999996
2017-07-06,4467.272,177.006,189.992,4100.273999999999
2017-07-07,4467.272,177.006,189.214,4101.052
2017-07-10,4467.272,177.006,189.721,4100.545
2017-07-11,4467.272,177.006,173.774,4116.491999999999
2017-07-12,4466.702,171.03300000000002,179.172,4116.497
2017-07-13,4466.702,171.03300000000002,162.379,4133.29
2017-07-14,4466.702,171.03300000000002,136.231,4159.438
2017-07-17,4466.702,171.03300000000002,122.436,4173.233
2017-07-18,4466.702,171.03300000000002,157.322,4138.347
2017-07-19,4476.903,180.4,144.731,4151.772000000001
2017-07-20,4476.903,180.4,126.676,4169.827
2017-07-21,4476.903,180.4,122.712,4173.791
2017-07-24,4476.903,180.4,95.123,4201.380000000001
2017-07-25,4476.903,180.4,74.54,4221.963000000001
2017-07-26,4465.284,191.404,103.311,4170.5689999999995
2017-07-27,4465.284,191.404,95.636,4178.243999999999
2017-07-28,4465.284,191.404,108.479,4165.400999999999
2017-07-31,4465.284,191.404,204.622,4069.2579999999994
2017-08-01,4465.284,191.404,98.069,4175.810999999999
2017-08-02,4466.8460000000005,180.348,119.334,4167.164000000001
2017-08-03,4466.8460000000005,180.348,87.844,4198.654
2017-08-04,4466.8460000000005,180.348,93.778,4192.72
2017-08-07,4466.8460000000005,180.348,104.061,4182.437000000001
2017-08-08,4466.8460000000005,180.348,103.612,4182.886
2017-08-09,4469.0830000000005,149.862,103.95,4215.271000000001
2017-08-10,4469.0830000000005,149.862,90.273,4228.948
2017-08-11,4469.0830000000005,149.862,95.534,4223.687000000001
2017-08-14,4469.0830000000005,149.862,74.682,4244.539000000001
2017-08-15,4469.0830000000005,149.862,71.382,4247.839000000001
2017-08-16,4462.871,130.954,92.84,4239.077
2017-08-17,4462.871,130.954,78.582,4253.335
2017-08-18,4462.871,130.954,129.105,4202.812000000001
2017-08-21,4462.871,130.954,144.1,4187.817
2017-08-22,4462.871,130.954,166.094,4165.823
2017-08-23,4463.837,82.077,169.793,4211.967000000001
2017-08-24,4463.837,82.077,130.879,4250.881
2017-08-25,4463.837,82.077,122.167,4259.593
2017-08-28,4463.837,82.077,121.947,4259.813
2017-08-29,4463.837,82.077,127.243,4254.517
2017-08-30,4452.36,61.057,146.086,4245.217
2017-08-31,4452.36,61.057,213.486,4177.817
2017-09-01,4452.36,61.057,124.952,4266.351
2017-09-04,4452.36,61.057,124.952,4266.351
2017-09-05,4452.36,61.057,136.131,4255.172
2017-09-06,4453.474,37.563,145.128,4270.783
2017-09-07,4453.474,37.563,126.607,4289.304
2017-09-08,4453.474,37.563,113.842,4302.069
2017-09-11,4453.474,37.563,115.972,4299.939
2017-09-12,4453.474,37.563,127.019,4288.892
2017-09-13,4471.174,70.232,125.668,4275.274
2017-09-14,4471.174,70.232,97.564,4303.378
2017-09-15,4471.174,70.232,109.645,4291.297
2017-09-18,4471.174,70.232,138.909,4262.033
2017-09-19,4471.174,70.232,156.728,4244.214
2017-09-20,4458.576,127.782,168.025,4162.769
2017-09-21,4458.576,127.782,152.866,4177.928
2017-09-22,4458.576,127.782,157.33,4173.464
2017-09-25,4458.576,127.782,158.503,4172.291
2017-09-26,4458.576,127.782,173.715,4157.079
2017-09-27,4455.661,164.65200000000002,220.083,4070.926
2017-09-28,4455.661,164.65200000000002,208.936,4082.073
2017-09-29,4455.661,164.65200000000002,316.09,3974.919
2017-10-02,4455.661,164.65200000000002,190.377,4100.632
2017-10-03,4455.661,164.65200000000002,181.605,4109.404
2017-10-04,4460.4220000000005,160.433,178.738,4121.251
2017-10-05,4460.4220000000005,160.433,132.827,4167.162
2017-10-06,4460.4220000000005,160.433,119.529,4180.460000000001
2017-10-09,4460.4220000000005,160.433,119.529,4180.460000000001
2017-10-10,4460.4220000000005,160.433,121.913,4178.076000000001
2017-10-11,4459.415,169.766,129.805,4159.844
2017-10-12,4459.415,169.766,102.807,4186.842000000001
2017-10-13,4459.415,169.766,99.961,4189.688
2017-10-16,4459.415,169.766,78.531,4211.118
2017-10-17,4459.415,169.766,91.188,4198.461
2017-10-18,4469.723,178.974,121.457,4169.2919999999995
2017-10-19,4469.723,178.974,102.612,4188.137
2017-10-20,4469.723,178.974,102.488,4188.2609999999995
2017-10-23,4469.723,178.974,110.26,4180.489
2017-10-24,4469.723,178.974,97.202,4193.547
2017-10-25,4461.117,196.332,112.057,4152.728
2017-10-26,4461.117,196.332,98.412,4166.373
2017-10-27,4461.117,196.332,105.903,4158.882
2017-10-30,4461.117,196.332,102.147,4162.638
2017-10-31,4461.117,196.332,173.605,4091.18
2017-11-01,4455.887,193.546,87.165,4175.1759999999995
2017-11-02,4455.887,193.546,58.758,4203.583
2017-11-03,4455.887,193.546,60.915,4201.4259999999995
2017-11-06,4455.887,193.546,70.365,4191.976
2017-11-07,4455.887,193.546,58.971,4203.37
2017-11-08,4458.552,177.78,74.546,4206.226
2017-11-09,4458.552,177.78,46.378,4234.394
2017-11-10,4458.552,177.78,39.671,4241.101
2017-11-13,4458.552,177.78,35.243,4245.5289999999995
2017-11-14,4458.552,177.78,32.219,4248.553
2017-11-15,4448.289,174.631,35.038,4238.62
2017-11-16,4448.289,174.631,20.709,4252.949
2017-11-17,4448.289,174.631,38.838,4234.82
2017-11-20,4448.289,174.631,34.576,4239.081999999999
2017-11-21,4448.289,174.631,42.899,4230.758999999999
2017-11-22,4450.615,163.579,51.634,4235.402
2017-11-23,4450.615,163.579,51.634,4235.402
2017-11-24,4450.615,163.579,40.488,4246.548
2017-11-27,4450.615,163.579,39.381,4247.655
2017-11-28,4450.615,163.579,50.834,4236.202
2017-11-29,4438.592,172.282,67.019,4199.290999999999
2017-11-30,4438.592,172.282,102.719,4163.590999999999
2017-12-01,4438.592,172.282,59.03,4207.28
2017-12-04,4438.592,172.282,72.389,4193.920999999999
2017-12-05,4438.592,172.282,68.297,4198.013
2017-12-06,4437.148,127.586,76.368,4233.1939999999995
2017-12-07,4437.148,127.586,63.552,4246.01
2017-12-08,4437.148,127.586,82.714,4226.848
2017-12-11,4437.148,127.586,107.473,4202.089
2017-12-12,4437.148,127.586,119.09,4190.472
2017-12-13,4452.726,76.208,143.392,4233.126
2017-12-14,4452.726,76.208,107.679,4268.839
2017-12-15,4452.726,76.208,80.206,4296.312
2017-12-18,4452.726,76.208,117.276,4259.242
2017-12-19,4452.726,76.208,112.628,4263.89
2017-12-20,4447.47,155.612,127.582,4164.276
2017-12-21,4447.47,155.612,116.978,4174.88
2017-12-22,4447.47,155.612,113.852,4178.006
2017-12-25,4447.47,155.612,113.852,4178.006
2017-12-26,4447.47,155.612,119.456,4172.402
2017-12-27,4448.68,190.28300000000002,147.749,4110.648
2017-12-28,4448.68,190.28300000000002,158.478,4099.919
2017-12-29,4448.68,190.28300000000002,319.595,3938.8019999999997
2018-01-01,4448.68,190.28300000000002,319.595,3938.8019999999997
2018-01-02,4448.68,190.28300000000002,136.967,4121.43
2018-01-03,4443.718,211.566,131.622,4100.53
2018-01-04,4443.718,211.566,76.624,4155.528
2018-01-05,4443.718,211.566,63.804,4168.348
2018-01-08,4443.718,211.566,63.531,4168.621
2018-01-09,4443.718,211.566,56.468,4175.684
2018-01-10,4446.062,206.215,57.954,4181.893
2018-01-11,4446.062,206.215,33.597,4206.25
2018-01-12,4446.062,206.215,21.59,4218.257
2018-01-15,4446.062,206.215,21.59,4218.257
2018-01-16,4446.062,206.215,22.003,4217.844
2018-01-17,4439.145,227.665,20.548,4190.932000000001
2018-01-18,4439.145,227.665,22.804,4188.676
2018-01-19,4439.145,227.665,22.196,4189.284000000001
2018-01-22,4439.145,227.665,28.706,4182.774
2018-01-23,4439.145,227.665,31.791,4179.689
2018-01-24,4441.317,269.118,36.371,4135.8279999999995
2018-01-25,4441.317,269.118,19.891,4152.308
2018-01-26,4441.317,269.118,21.427,4150.772
2018-01-29,4441.317,269.118,23.98,4148.219
2018-01-30,4441.317,269.118,31.766,4140.433
2018-01-31,4419.225,270.244,65.797,4083.1840000000007
2018-02-01,4419.225,270.244,31.825,4117.156000000001
2018-02-02,4419.225,270.244,43.931,4105.050000000001
2018-02-05,4419.225,270.244,59.008,4089.973000000001
2018-02-06,4419.225,270.244,49.214,4099.767000000001
2018-02-07,4420.745,203.936,48.12,4168.689
2018-02-08,4420.745,203.936,33.272,4183.537
2018-02-09,4420.745,203.936,36.567,4180.242
2018-02-12,4420.745,203.936,30.631,4186.178
2018-02-13,4420.745,203.936,43.137,4173.6720000000005
2018-02-14,4434.863,197.681,38.518,4198.664000000001
2018-02-15,4434.863,197.681,29.08,4208.102000000001
2018-02-16,4434.863,197.681,29.615,4207.567000000001
2018-02-19,4434.863,197.681,29.615,4207.567000000001
2018-02-20,4434.863,197.681,32.495,4204.687000000001
2018-02-21,4411.66,214.677,45.171,4151.812
2018-02-22,4411.66,214.677,36.32,4160.6630000000005
2018-02-23,4411.66,214.677,15.875,4181.108
2018-02-26,4411.66,214.677,9.36,4187.6230000000005
2018-02-27,4411.66,214.677,19.729,4177.254
2018-02-28,4393.401,202.62,44.51,4146.271
2018-03-01,4393.401,202.62,14.334,4176.447
2018-03-02,4393.401,202.62,15.642,4175.139
2018-03-05,4393.401,202.62,15.23,4175.551
2018-03-06,4393.401,202.62,11.205,4179.576
2018-03-07,4396.097,195.071,14.295,4186.731
2018-03-08,4396.097,195.071,6.963,4194.063
2018-03-09,4396.097,195.071,3.247,4197.7789999999995
2018-03-12,4396.097,195.071,1.77,4199.255999999999
2018-03-13,4396.097,195.071,2.145,4198.880999999999
2018-03-14,4407.258,249.929,4.97,4152.3589999999995
2018-03-15,4407.258,249.929,3.746,4153.583
2018-03-16,4407.258,249.929,10.28,4147.049
2018-03-19,4407.258,249.929,7.82,4149.509
2018-03-20,4407.258,249.929,11.95,4145.379
2018-03-21,4401.222,316.454,20.586,4064.182
2018-03-22,4401.222,316.454,11.592,4073.1759999999995
2018-03-23,4401.222,316.454,10.45,4074.3179999999998
2018-03-26,4401.222,316.454,5.921,4078.8469999999998
2018-03-27,4401.222,316.454,9.62,4075.1479999999997
2018-03-28,4392.198,318.858,17.898,4055.442
2018-03-29,4392.198,318.858,17.898,4055.442
2018-03-30,4392.198,318.858,17.898,4055.442
2018-04-02,4392.198,318.858,3.823,4069.5170000000003
2018-04-03,4392.198,318.858,8.695,4064.645
2018-04-04,4386.104,303.916,4.57,4077.618
2018-04-05,4386.104,303.916,4.645,4077.543
2018-04-06,4386.104,303.916,4.895,4077.293
2018-04-09,4386.104,303.916,4.07,4078.118
2018-04-10,4386.104,303.916,3.99,4078.1980000000003
2018-04-11,4383.684,294.083,2.361,4087.2400000000002
2018-04-12,4383.684,294.083,4.12,4085.481
2018-04-13,4383.684,294.083,3.471,4086.13
2018-04-16,4383.684,294.083,3.372,4086.2290000000003
2018-04-17,4383.684,294.083,3.971,4085.63
2018-04-18,4385.903,275.246,14.021,4096.636
2018-04-19,4385.903,275.246,13.92,4096.737
2018-04-20,4385.903,275.246,12.02,4098.637
2018-04-23,4385.903,275.246,10.821,4099.836
2018-04-24,4385.903,275.246,9.532,4101.125
2018-04-25,4372.886,359.599,3.57,4009.717
2018-04-26,4372.886,359.599,3.795,4009.492
2018-04-27,4372.886,359.599,2.92,4010.367
2018-04-30,4372.886,359.599,13.83,3999.4570000000003
2018-05-01,4372.886,359.599,3.82,4009.467
2018-05-02,4356.129,399.984,6.52,3949.625
2018-05-03,4356.129,399.984,5.775,3950.37
2018-05-04,4356.129,399.984,5.415,3950.73
2018-05-07,4356.129,399.984,3.22,3952.925
2018-05-08,4356.129,399.984,3.921,3952.224
2018-05-09,4358.207,353.741,2.72,4001.7460000000005
2018-05-10,4358.207,353.741,4.645,3999.8210000000004
2018-05-11,4358.207,353.741,3.222,4001.244
2018-05-14,4358.207,353.741,3.859,4000.6070000000004
2018-05-15,4358.207,353.741,2.095,4002.3710000000005
2018-05-16,4337.609,337.258,2.545,3997.8060000000005
2018-05-17,4337.609,337.258,1.896,3998.4550000000004
2018-05-18,4337.609,337.258,9.12,3991.2310000000007
2018-05-21,4337.609,337.258,5.404,3994.9470000000006
2018-05-22,4337.609,337.258,3.951,3996.4000000000005
2018-05-23,4337.301,326.445,2.929,4007.927
2018-05-24,4337.301,326.445,6.62,4004.2360000000003
2018-05-25,4337.301,326.445,0.02,4010.8360000000002
2018-05-28,4337.301,326.445,0.02,4010.8360000000002
2018-05-29,4337.301,326.445,0.88,4009.976
2018-05-30,4327.519,325.351,3.92,3998.248
2018-05-31,4327.519,325.351,21.475,3980.693
2018-06-01,4327.519,325.351,12.546,3989.6220000000003
2018-06-04,4327.519,325.351,11.166,3991.002
2018-06-05,4327.519,325.351,6.635,3995.533
2018-06-06,4319.191,294.069,16.772,4008.35
2018-06-07,4319.191,294.069,5.771,4019.3509999999997
2018-06-08,4319.191,294.069,2.771,4022.3509999999997
2018-06-11,4319.191,294.069,4.836,4020.286
2018-06-12,4319.191,294.069,1.308,4023.814
2018-06-13,4324.906,281.188,3.025,4040.6929999999998
2018-06-14,4324.906,281.188,2.935,4040.783
2018-06-15,4324.906,281.188,0.27,4043.448
2018-06-18,4324.906,281.188,0.37,4043.348
2018-06-19,4324.906,281.188,0.195,4043.5229999999997
2018-06-20,4315.896,352.777,0.32,3962.7989999999995
2018-06-21,4315.896,352.777,1.37,3961.749
2018-06-22,4315.896,352.777,1.43,3961.689
2018-06-25,4315.896,352.777,12.73,3950.3889999999997
2018-06-26,4315.896,352.777,10.385,3952.7339999999995
2018-06-27,4305.491,373.94,20.68,3910.871
2018-06-28,4305.491,373.94,20.419,3911.132
2018-06-29,4305.491,373.94,96.97,3834.581
2018-07-02,4305.491,373.94,32.139,3899.412
2018-07-03,4305.491,373.94,4.852,3926.699
2018-07-04,4289.764,336.026,4.852,3948.8860000000004
2018-07-05,4289.764,336.026,8.205,3945.5330000000004
2018-07-06,4289.764,336.026,4.195,3949.543
2018-07-09,4289.764,336.026,3.596,3950.1420000000003
2018-07-10,4289.764,336.026,1.955,3951.7830000000004
2018-07-11,4291.201,326.476,1.23,3963.495
2018-07-12,4291.201,326.476,2.455,3962.27
2018-07-13,4291.201,326.476,0.871,3963.854
2018-07-16,4291.201,326.476,0.87,3963.855
2018-07-17,4291.201,326.476,1.22,3963.505
2018-07-18,4291.615,324.457,6.021,3961.1369999999997
2018-07-19,4291.615,324.457,3.62,3963.538
2018-07-20,4291.615,324.457,1.17,3965.988
2018-07-23,4291.615,324.457,2.27,3964.888
2018-07-24,4291.615,324.457,4.895,3962.263
2018-07-25,4277.6810000000005,348.886,0.72,3928.0750000000007
2018-07-26,4277.6810000000005,348.886,1.571,3927.2240000000006
2018-07-27,4277.6810000000005,348.886,1.47,3927.3250000000007
2018-07-30,4277.6810000000005,348.886,1.995,3926.8000000000006
2018-07-31,4277.6810000000005,348.886,9.045,3919.7500000000005
2018-08-01,4255.653,351.523,0.795,3903.335
2018-08-02,4255.653,351.523,1.817,3902.313
2018-08-03,4255.653,351.523,1.673,3902.4570000000003
2018-08-06,4255.653,351.523,2.095,3902.0350000000003
2018-08-07,4255.653,351.523,2.337,3901.793
2018-08-08,4258.03,326.471,1.659,3929.8999999999996
2018-08-09,4258.03,326.471,1.745,3929.814
2018-08-10,4258.03,326.471,2.47,3929.089
2018-08-13,4258.03,326.471,1.383,3930.176
2018-08-14,4258.03,326.471,0.685,3930.874
2018-08-15,4228.924,342.79900000000004,0.315,3885.81
2018-08-16,4228.924,342.79900000000004,0.532,3885.593
2018-08-17,4228.924,342.79900000000004,4.016,3882.109
2018-08-20,4228.924,342.79900000000004,1.646,3884.479
2018-08-21,4228.924,342.79900000000004,1.466,3884.659
2018-08-22,4228.818,348.39300000000003,1.126,3879.299
2018-08-23,4228.818,348.39300000000003,2.416,3878.009
2018-08-24,4228.818,348.39300000000003,4.665,3875.76
2018-08-27,4228.818,348.39300000000003,0.996,3879.429
2018-08-28,4228.818,348.39300000000003,1.415,3879.01
2018-08-29,4218.914,342.543,0.84,3875.5309999999995
2018-08-30,4218.914,342.543,0.985,3875.3859999999995
2018-08-31,4218.914,342.543,0.39,3875.9809999999998
2018-09-03,4218.914,342.543,0.39,3875.9809999999998
2018-09-04,4218.914,342.543,0.595,3875.776
2018-09-05,4208.496,323.764,0.01,3884.7219999999998
2018-09-06,4208.496,323.764,0.815,3883.917
2018-09-07,4208.496,323.764,0.015,3884.717
2018-09-10,4208.496,323.764,0.015,3884.717
2018-09-11,4208.496,323.764,1.241,3883.491
2018-09-12,4210.812,303.654,1.315,3905.843
2018-09-13,4210.812,303.654,1.791,3905.3669999999997
2018-09-14,4210.812,303.654,1.315,3905.843
2018-09-17,4210.812,303.654,0.715,3906.4429999999998
2018-09-18,4210.812,303.654,10.115,3897.043
2018-09-19,4208.059,335.878,8.915,3863.266
2018-09-20,4208.059,335.878,17.868,3854.313
2018-09-21,4208.059,335.878,17.465,3854.716
2018-09-24,4208.059,335.878,9.34,3862.841
2018-09-25,4208.059,335.878,3.44,3868.741
2018-09-26,4192.909,370.031,5.625,3817.2529999999997
2018-09-27,4192.909,370.031,30.056,3792.8219999999997
2018-09-28,4192.909,370.031,48.43,3774.448
2018-10-01,4192.909,370.031,4.185,3818.6929999999998
2018-10-02,4192.909,370.031,3.295,3819.5829999999996
2018-10-03,4174.704,368.007,2.954,3803.7429999999995
2018-10-04,4174.704,368.007,3.265,3803.432
2018-10-05,4174.704,368.007,1.565,3805.1319999999996
2018-10-08,4174.704,368.007,1.565,3805.1319999999996
2018-10-09,4174.704,368.007,2.39,3804.307
2018-10-10,4176.906,324.721,2.39,3849.795
2018-10-11,4176.906,324.721,2.016,3850.169
2018-10-12,4176.906,324.721,0.96,3851.225
2018-10-15,4176.906,324.721,0.366,3851.819
2018-10-16,4176.906,324.721,0.466,3851.719
2018-10-17,4175.446,332.923,0.174,3842.349
2018-10-18,4175.446,332.923,10.29,3832.233
2018-10-19,4175.446,332.923,3.916,3838.607
2018-10-22,4175.446,332.923,3.189,3839.3340000000003
2018-10-23,4175.446,332.923,4.466,3838.0570000000002
2018-10-24,4173.07,369.576,6.444,3797.0499999999997
2018-10-25,4173.07,369.576,1.944,3801.5499999999997
2018-10-26,4173.07,369.576,2.004,3801.49
2018-10-29,4173.07,369.576,1.748,3801.7459999999996
2018-10-30,4173.07,369.576,0.715,3802.7789999999995
2018-10-31,4139.731,373.368,4.815,3761.548
2018-11-01,4139.731,373.368,4.64,3761.723
2018-11-02,4139.731,373.368,1.51,3764.8529999999996
2018-11-05,4139.731,373.368,1.465,3764.8979999999997
2018-11-06,4139.731,373.368,2.54,3763.823
2018-11-07,4141.936,319.984,1.875,3820.0769999999998
2018-11-08,4141.936,319.984,1.166,3820.7859999999996
2018-11-09,4141.936,319.984,0.401,3821.551
2018-11-12,4141.936,319.984,0.401,3821.551
2018-11-13,4141.936,319.984,1.065,3820.8869999999997
2018-11-14,4145.892,341.094,0.66,3804.138
2018-11-15,4145.892,341.094,0.494,3804.3039999999996
2018-11-16,4145.892,341.094,18.565,3786.2329999999997
2018-11-19,4145.892,341.094,16.295,3788.5029999999997
2018-11-20,4145.892,341.094,15.235,3789.5629999999996
2018-11-21,4106.198,330.202,16.205,3759.791
2018-11-22,4106.198,330.202,16.205,3759.791
2018-11-23,4106.198,330.202,13.105,3762.891
2018-11-26,4106.198,330.202,0.615,3775.3810000000003
2018-11-27,4106.198,330.202,0.44,3775.556
2018-11-28,4097.17,340.596,1.464,3755.11
2018-11-29,4097.17,340.596,1.814,3754.76
2018-11-30,4097.17,340.596,2.49,3754.0840000000003
2018-12-03,4097.17,340.596,2.21,3754.364
2018-12-04,4097.17,340.596,2.21,3754.364
2018-12-05,4086.044,337.564,2.21,3746.27
2018-12-06,4086.044,337.564,3.36,3745.12
2018-12-07,4086.044,337.564,5.635,3742.845
2018-12-10,4086.044,337.564,1.424,3747.056
2018-12-11,4086.044,337.564,0.352,3748.128
2018-12-12,4088.3140000000003,334.967,0.461,3752.8860000000004
2018-12-13,4088.3140000000003,334.967,0.415,3752.9320000000002
2018-12-14,4088.3140000000003,334.967,0.315,3753.032
2018-12-17,4088.3140000000003,334.967,0.415,3752.9320000000002
2018-12-18,4088.3140000000003,334.967,6.216,3747.1310000000003
2018-12-19,4084.274,350.714,5.982,3727.578
2018-12-20,4084.274,350.714,9.521,3724.0389999999998
2018-12-21,4084.274,350.714,8.805,3724.755
2018-12-24,4084.274,350.714,7.96,3725.6
2018-12-25,4084.274,350.714,7.96,3725.6
2018-12-26,4075.636,374.085,1.005,3700.546
2018-12-27,4075.636,374.085,3.1,3698.451
2018-12-28,4075.636,374.085,3.21,3698.341
2018-12-31,4075.636,374.085,41.848,3659.703
2019-01-01,4075.636,374.085,41.848,3659.703
2019-01-02,4058.378,379.902,19.481,3658.995
2019-01-03,4058.378,379.902,7.198,3671.2780000000002
2019-01-04,4058.378,379.902,2.86,3675.616
2019-01-07,4058.378,379.902,2.786,3675.69
2019-01-08,4058.378,379.902,2.811,3675.665
2019-01-09,4056.563,356.698,2.537,3697.3280000000004
2019-01-10,4056.563,356.698,2.216,3697.6490000000003
2019-01-11,4056.563,356.698,2.016,3697.849
2019-01-14,4056.563,356.698,1.205,3698.6600000000003
2019-01-15,4056.563,356.698,2.016,3697.849
2019-01-16,4050.044,351.18,1.316,3697.5480000000002
2019-01-17,4050.044,351.18,2.065,3696.799
2019-01-18,4050.044,351.18,13.165,3685.699
2019-01-21,4050.044,351.18,13.165,3685.699
2019-01-22,4050.044,351.18,10.465,3688.399
2019-01-23,4047.052,389.62600000000003,11.415,3646.011
2019-01-24,4047.052,389.62600000000003,15.06,3642.366
2019-01-25,4047.052,389.62600000000003,1.515,3655.911
2019-01-28,4047.052,389.62600000000003,1.265,3656.161
2019-01-29,4047.052,389.62600000000003,1.84,3655.586
2019-01-30,4039.678,403.276,0.99,3635.4120000000003
2019-01-31,4039.678,403.276,1.051,3635.351
2019-02-01,4039.678,403.276,0.665,3635.737
2019-02-04,4039.678,403.276,4.515,3631.887
2019-02-05,4039.678,403.276,1.686,3634.716
2019-02-06,4026.35,352.375,1.926,3672.049
2019-02-07,4026.35,352.375,2.32,3671.6549999999997
2019-02-08,4026.35,352.375,2.016,3671.959
2019-02-11,4026.35,352.375,2.006,3671.969
2019-02-12,4026.35,352.375,1.658,3672.317
2019-02-13,4028.431,359.109,1.697,3667.625
2019-02-14,4028.431,359.109,1.341,3667.981
2019-02-15,4028.431,359.109,5.271,3664.051
2019-02-18,4028.431,359.109,5.271,3664.051
2019-02-19,4028.431,359.109,1.967,3667.355
2019-02-20,3981.42,333.896,2.275,3645.249
2019-02-21,3981.42,333.896,1.725,3645.799
2019-02-22,3981.42,333.896,6.665,3640.859
2019-02-25,3981.42,333.896,1.375,3646.149
2019-02-26,3981.42,333.896,1.815,3645.709
2019-02-27,3974.59,310.574,1.915,3662.101
2019-02-28,3974.59,310.574,3.415,3660.601
2019-03-01,3974.59,310.574,2.015,3662.001
2019-03-04,3974.59,310.574,2.917,3661.099
2019-03-05,3974.59,310.574,3.119,3660.897
2019-03-06,3969.134,220.04500000000002,2.115,3746.974
2019-03-07,3969.134,220.04500000000002,0.717,3748.372
2019-03-08,3969.134,220.04500000000002,0.015,3749.074
2019-03-11,3969.134,220.04500000000002,0.019,3749.07
2019-03-12,3969.134,220.04500000000002,0.027,3749.062
2019-03-13,3971.559,245.972,0.016,3725.571
2019-03-14,3971.559,245.972,0.019,3725.568
2019-03-15,3971.559,245.972,0.015,3725.572
2019-03-18,3971.559,245.972,3.169,3722.418
2019-03-19,3971.559,245.972,2.515,3723.072
2019-03-20,3962.748,303.623,0.617,3658.508
2019-03-21,3962.748,303.623,0.411,3658.714
2019-03-22,3962.748,303.623,5.016,3654.109
2019-03-25,3962.748,303.623,0.129,3658.996
2019-03-26,3962.748,303.623,0.566,3658.559
2019-03-27,3955.617,310.868,0.166,3644.583
2019-03-28,3955.617,310.868,0.515,3644.2340000000004
2019-03-29,3955.617,310.868,0.731,3644.018
2019-04-01,3955.617,310.868,0.011,3644.7380000000003
2019-04-02,3955.617,310.868,0.019,3644.7300000000005
2019-04-03,3935.509,310.188,0.016,3625.305
2019-04-04,3935.509,310.188,0.615,3624.706
2019-04-05,3935.509,310.188,0.015,3625.306
2019-04-08,3935.509,310.188,0.284,3625.037
2019-04-09,3935.509,310.188,0.41,3624.911
2019-04-10,3936.784,262.617,2.731,3671.4359999999997
2019-04-11,3936.784,262.617,0.122,3674.045
2019-04-12,3936.784,262.617,0.016,3674.151
2019-04-15,3936.784,262.617,0.018,3674.149
2019-04-16,3936.784,262.617,0.7,3673.467
2019-04-17,3931.827,285.264,0.015,3646.5480000000002
2019-04-18,3931.827,285.264,0.015,3646.5480000000002
2019-04-19,3931.827,285.264,0.015,3646.5480000000002
2019-04-22,3931.827,285.264,1.117,3645.446
2019-04-23,3931.827,285.264,5.69,3640.873
2019-04-24,3928.273,378.60200000000003,9.515,3540.1560000000004
2019-04-25,3928.273,378.60200000000003,0.61,3549.061
2019-04-26,3928.273,378.60200000000003,0.915,3548.7560000000003
2019-04-29,3928.273,378.60200000000003,0.615,3549.0560000000005
2019-04-30,3928.273,378.60200000000003,0.015,3549.6560000000004
2019-05-01,3889.6910000000003,400.498,0.027,3489.166
2019-05-02,3889.6910000000003,400.498,0.023,3489.17
2019-05-03,3889.6910000000003,400.498,0.01,3489.183
2019-05-06,3889.6910000000003,400.498,0.067,3489.126
2019-05-07,3889.6910000000003,400.498,0.961,3488.2320000000004
2019-05-08,3892.216,348.357,0.021,3543.8379999999997
2019-05-09,3892.216,348.357,0.516,3543.343
2019-05-10,3892.216,348.357,0.271,3543.5879999999997
2019-05-13,3892.216,348.357,0.111,3543.748
2019-05-14,3892.216,348.357,1.37,3542.489
2019-05-15,3864.7490000000003,323.786,0.46,3540.503
2019-05-16,3864.7490000000003,323.786,1.75,3539.213
2019-05-17,3864.7490000000003,323.786,9.7,3531.2630000000004
2019-05-20,3864.7490000000003,323.786,8.105,3532.858
2019-05-21,3864.7490000000003,323.786,3.705,3537.2580000000003
2019-05-22,3860.435,282.86400000000003,3.751,3573.8199999999997
2019-05-23,3860.435,282.86400000000003,4.93,3572.641
2019-05-24,3860.435,282.86400000000003,5.956,3571.615
2019-05-27,3860.435,282.86400000000003,5.956,3571.615
2019-05-28,3860.435,282.86400000000003,1.52,3576.051
2019-05-29,3851.444,247.77700000000002,2.226,3601.441
2019-05-30,3851.444,247.77700000000002,1.026,3602.641
2019-05-31,3851.444,247.77700000000002,0.855,3602.812
2019-06-03,3851.444,247.77700000000002,1.255,3602.412
2019-06-04,3851.444,247.77700000000002,1.891,3601.776
2019-06-05,3847.645,223.638,2.255,3621.752
2019-06-06,3847.645,223.638,2.21,3621.797
2019-06-07,3847.645,223.638,1.91,3622.097
2019-06-10,3847.645,223.638,2.105,3621.902
2019-06-11,3847.645,223.638,1.007,3623.0
2019-06-12,3849.955,187.56,1.705,3660.69
2019-06-13,3849.955,187.56,1.655,3660.74
2019-06-14,3849.955,187.56,1.657,3660.738
2019-06-17,3849.955,187.56,2.269,3660.126
2019-06-18,3849.955,187.56,18.006,3644.389
2019-06-19,3844.016,198.398,22.357,3623.261
2019-06-20,3844.016,198.398,27.43,3618.188
2019-06-21,3844.016,198.398,21.355,3624.263
2019-06-24,3844.016,198.398,11.156,3634.462
2019-06-25,3844.016,198.398,6.4,3639.218
2019-06-26,3826.817,248.302,7.784,3570.7309999999998
2019-06-27,3826.817,248.302,16.794,3561.721
2019-06-28,3826.817,248.302,44.307,3534.208
2019-07-01,3826.817,248.302,15.837,3562.678
2019-07-02,3826.817,248.302,8.16,3570.355
2019-07-03,3813.198,245.306,6.849,3561.0429999999997
2019-07-04,3813.198,245.306,6.849,3561.0429999999997
2019-07-05,3813.198,245.306,6.155,3561.7369999999996
2019-07-08,3813.198,245.306,6.5,3561.392
2019-07-09,3813.198,245.306,6.576,3561.316
2019-07-10,3815.038,211.115,6.252,3597.671
2019-07-11,3815.038,211.115,4.95,3598.973
2019-07-12,3815.038,211.115,5.15,3598.7729999999997
2019-07-15,3815.038,211.115,5.557,3598.366
2019-07-16,3815.038,211.115,3.007,3600.9159999999997
2019-07-17,3808.11,197.005,1.96,3609.145
2019-07-18,3808.11,197.005,16.662,3594.443
2019-07-19,3808.11,197.005,14.255,3596.85
2019-07-22,3808.11,197.005,14.16,3596.945
2019-07-23,3808.11,197.005,14.755,3596.35
2019-07-24,3803.436,193.362,8.255,3601.819
2019-07-25,3803.436,193.362,3.355,3606.719
2019-07-26,3803.436,193.362,3.25,3606.824
2019-07-29,3803.436,193.362,3.928,3606.146
2019-07-30,3803.436,193.362,2.306,3607.768
2019-07-31,3779.102,163.763,7.367,3607.9719999999998
2019-08-01,3779.102,163.763,6.044,3609.295
2019-08-02,3779.102,163.763,3.335,3612.004
2019-08-05,3779.102,163.763,3.474,3611.865
2019-08-06,3779.102,163.763,3.41,3611.929
2019-08-07,3781.543,131.704,3.622,3646.217
2019-08-08,3781.543,131.704,3.056,3646.783
2019-08-09,3781.543,131.704,2.72,3647.119
2019-08-12,3781.543,131.704,5.43,3644.409
2019-08-13,3781.543,131.704,5.001,3644.8379999999997
2019-08-14,3786.018,129.957,2.744,3653.317
2019-08-15,3786.018,129.957,3.51,3652.551
2019-08-16,3786.018,129.957,11.843,3644.2180000000003
2019-08-19,3786.018,129.957,13.403,3642.6580000000004
2019-08-20,3786.018,129.957,15.98,3640.081
2019-08-21,3764.866,125.72500000000001,15.153,3623.9880000000003
2019-08-22,3764.866,125.72500000000001,14.611,3624.53
2019-08-23,3764.866,125.72500000000001,9.046,3630.0950000000003
2019-08-26,3764.866,125.72500000000001,3.676,3635.465
2019-08-27,3764.866,125.72500000000001,1.555,3637.5860000000002
2019-08-28,3759.946,145.957,4.255,3609.734
2019-08-29,3759.946,145.957,0.102,3613.887
2019-08-30,3759.946,145.957,12.089,3601.9
2019-09-02,3759.946,145.957,12.089,3601.9
2019-09-03,3759.946,145.957,1.754,3612.235
2019-09-04,3761.5080000000003,148.74,1.425,3611.343
2019-09-05,3761.5080000000003,148.74,1.075,3611.693
2019-09-06,3761.5080000000003,148.74,0.88,3611.888
2019-09-09,3761.5080000000003,148.74,2.787,3609.981
2019-09-10,3761.5080000000003,148.74,3.608,3609.16
2019-09-11,3769.6730000000002,185.342,3.612,3580.719
2019-09-12,3769.6730000000002,185.342,3.469,3580.862
2019-09-13,3769.6730000000002,185.342,2.675,3581.656
2019-09-16,3769.6730000000002,185.342,2.202,3582.129
2019-09-17,3769.6730000000002,185.342,1.825,3582.5060000000003
2019-09-18,3844.695,250.226,18.91,3575.559
2019-09-19,3844.695,250.226,5.004,3589.465
2019-09-20,3844.695,250.226,7.552,3586.917
2019-09-23,3844.695,250.226,7.485,3586.984
2019-09-24,3844.695,250.226,0.101,3594.368
2019-09-25,3857.715,314.189,0.133,3543.3930000000005
2019-09-26,3857.715,314.189,5.18,3538.3460000000005
2019-09-27,3857.715,314.189,5.33,3538.1960000000004
2019-09-30,3857.715,314.189,7.057,3536.4690000000005
2019-10-01,3857.715,314.189,2.706,3540.82
2019-10-02,3945.831,335.171,3.054,3607.606
2019-10-03,3945.831,335.171,3.297,3607.3630000000003
2019-10-04,3945.831,335.171,5.325,3605.3350000000005
2019-10-07,3945.831,335.171,5.65,3605.01
2019-10-08,3945.831,335.171,3.976,3606.684
2019-10-09,3949.955,318.19100000000003,1.469,3630.295
2019-10-10,3949.955,318.19100000000003,1.1,3630.664
2019-10-11,3949.955,318.19100000000003,2.95,3628.8140000000003
2019-10-14,3949.955,318.19100000000003,2.95,3628.8140000000003
2019-10-15,3949.955,318.19100000000003,1.726,3630.038
2019-10-16,3966.471,324.604,1.803,3640.0640000000003
2019-10-17,3966.471,324.604,1.001,3640.866
2019-10-18,3966.471,324.604,20.1,3621.7670000000003
2019-10-21,3966.471,324.604,18.758,3623.1090000000004
2019-10-22,3966.471,324.604,20.7,3621.1670000000004
2019-10-23,3968.7000000000003,377.985,18.29,3572.425
2019-10-24,3968.7000000000003,377.985,0.425,3590.29
2019-10-25,3968.7000000000003,377.985,0.005,3590.71
2019-10-28,3968.7000000000003,377.985,0.036,3590.679
2019-10-29,3968.7000000000003,377.985,0.081,3590.634
2019-10-30,4019.823,389.872,0.196,3629.755
2019-10-31,4019.823,389.872,2.851,3627.1
2019-11-01,4019.823,389.872,2.1,3627.851
2019-11-04,4019.823,389.872,3.085,3626.866
2019-11-05,4019.823,389.872,1.836,3628.1150000000002
2019-11-06,4039.443,377.029,1.65,3660.764
2019-11-07,4039.443,377.029,1.055,3661.3590000000004
2019-11-08,4039.443,377.029,0.805,3661.6090000000004
2019-11-11,4039.443,377.029,0.805,3661.6090000000004
2019-11-12,4039.443,377.029,1.301,3661.1130000000003
2019-11-13,4047.882,381.955,1.762,3664.165
2019-11-14,4047.882,381.955,1.867,3664.06
2019-11-15,4047.882,381.955,0.002,3665.925
2019-11-18,4047.882,381.955,27.055,3638.8720000000003
2019-11-19,4047.882,381.955,26.726,3639.201
2019-11-20,4030.2490000000003,368.813,26.026,3635.4100000000003
2019-11-21,4030.2490000000003,368.813,25.719,3635.717
2019-11-22,4030.2490000000003,368.813,0.375,3661.061
2019-11-25,4030.2490000000003,368.813,0.0,3661.436
2019-11-26,4030.2490000000003,368.813,2.205,3659.231
2019-11-27,4052.875,360.94100000000003,0.506,3691.4280000000003
2019-11-28,4052.875,360.94100000000003,0.506,3691.4280000000003
2019-11-29,4052.875,360.94100000000003,0.75,3691.184
2019-12-02,4052.875,360.94100000000003,0.015,3691.9190000000003
2019-12-03,4052.875,360.94100000000003,0.151,3691.7830000000004
2019-12-04,4065.696,346.971,0.0,3718.725
2019-12-05,4065.696,346.971,0.001,3718.7239999999997
2019-12-06,4065.696,346.971,1.0,3717.725
2019-12-09,4065.696,346.971,0.115,3718.61
2019-12-10,4065.696,346.971,0.001,3718.7239999999997
2019-12-11,4095.491,326.865,0.605,3768.021
2019-12-12,4095.491,326.865,0.6,3768.0260000000003
2019-12-13,4095.491,326.865,0.0,3768.626
2019-12-16,4095.491,326.865,1.328,3767.2980000000002
2019-12-17,4095.491,326.865,0.826,3767.8
2019-12-18,4137.052,332.592,13.362,3791.0979999999995
2019-12-19,4137.052,332.592,8.936,3795.5239999999994
2019-12-20,4137.052,332.592,13.051,3791.4089999999997
2019-12-23,4137.052,332.592,7.652,3796.8079999999995
2019-12-24,4137.052,332.592,4.423,3800.037
2019-12-25,4165.591,367.82,4.423,3793.3480000000004
2019-12-26,4165.591,367.82,3.192,3794.579
2019-12-27,4165.591,367.82,0.825,3796.9460000000004
2019-12-30,4165.591,367.82,6.525,3791.246
2019-12-31,4165.591,367.82,64.087,3733.684
2020-01-01,4173.626,382.553,64.087,3726.9860000000003
2020-01-02,4173.626,382.553,3.1,3787.9730000000004
2020-01-03,4173.626,382.553,4.251,3786.822
2020-01-06,4173.626,382.553,3.825,3787.2480000000005
2020-01-07,4173.626,382.553,1.602,3789.4710000000005
2020-01-08,4149.544,367.002,0.876,3781.6659999999997
2020-01-09,4149.544,367.002,0.401,3782.141
2020-01-10,4149.544,367.002,0.627,3781.915
2020-01-13,4149.544,367.002,1.0,3781.542
2020-01-14,4149.544,367.002,0.656,3781.886
2020-01-15,4175.85,350.987,0.675,3824.188
2020-01-16,4175.85,350.987,0.3,3824.563
2020-01-17,4175.85,350.987,16.15,3808.713
2020-01-20,4175.85,350.987,16.15,3808.713
2020-01-21,4175.85,350.987,13.381,3811.4820000000004
2020-01-22,4145.912,403.94100000000003,15.604,3726.3670000000006
2020-01-23,4145.912,403.94100000000003,12.904,3729.0670000000005
2020-01-24,4145.912,403.94100000000003,0.0,3741.9710000000005
2020-01-27,4145.912,403.94100000000003,0.002,3741.9690000000005
2020-01-28,4145.912,403.94100000000003,0.002,3741.9690000000005
2020-01-29,4151.63,432.06100000000004,0.3,3719.269
2020-01-30,4151.63,432.06100000000004,4.14,3715.429
2020-01-31,4151.63,432.06100000000004,4.5,3715.069
2020-02-03,4151.63,432.06100000000004,6.16,3713.409
2020-02-04,4151.63,432.06100000000004,2.112,3717.457
2020-02-05,4166.707,413.322,4.112,3749.273
2020-02-06,4166.707,413.322,0.403,3752.9820000000004
2020-02-07,4166.707,413.322,1.1,3752.2850000000003
2020-02-10,4166.707,413.322,0.83,3752.5550000000003
2020-02-11,4166.707,413.322,0.228,3753.157
2020-02-12,4182.689,411.237,0.309,3771.143
2020-02-13,4182.689,411.237,0.45,3771.0020000000004
2020-02-14,4182.689,411.237,0.0,3771.452
2020-02-17,4182.689,411.237,0.0,3771.452
2020-02-18,4182.689,411.237,9.454,3761.998
2020-02-19,4171.57,428.805,0.095,3742.67
2020-02-20,4171.57,428.805,3.6,3739.165
2020-02-21,4171.57,428.805,4.532,3738.2329999999997
2020-02-24,4171.57,428.805,0.592,3742.173
2020-02-25,4171.57,428.805,0.111,3742.654
2020-02-26,4158.637,439.365,2.3,3716.9719999999998
2020-02-27,4158.637,439.365,0.275,3718.997
2020-02-28,4158.637,439.365,2.187,3717.085
2020-03-02,4158.637,439.365,2.525,3716.747
2020-03-03,4158.637,439.365,0.627,3718.645
2020-03-04,4241.5070000000005,374.515,5.025,3861.9670000000006
2020-03-05,4241.5070000000005,374.515,0.85,3866.1420000000007
2020-03-06,4241.5070000000005,374.515,2.93,3864.062000000001
2020-03-09,4241.5070000000005,374.515,2.504,3864.4880000000007
2020-03-10,4241.5070000000005,374.515,0.151,3866.841000000001
2020-03-11,4311.911,380.556,1.325,3930.03
2020-03-12,4311.911,380.556,21.05,3910.305
2020-03-13,4311.911,380.556,15.1,3916.255
2020-03-16,4311.911,380.556,1.425,3929.93
2020-03-17,4311.911,380.556,5.7,3925.655
2020-03-18,4668.212,362.576,0.477,4305.159000000001
2020-03-19,4668.212,362.576,1.195,4304.441000000001
2020-03-20,4668.212,362.576,12.203,4293.433
2020-03-23,4668.212,362.576,26.944,4278.692
2020-03-24,4668.212,362.576,41.516,4264.120000000001
2020-03-25,5254.278,390.252,97.411,4766.615
2020-03-26,5254.278,390.252,138.48,4725.546
2020-03-27,5254.278,390.252,210.794,4653.232
2020-03-30,5254.278,390.252,237.497,4626.5289999999995
2020-03-31,5254.278,390.252,284.908,4579.1179999999995
2020-04-01,5811.607,429.267,207.828,5174.512
2020-04-02,5811.607,429.267,182.627,5199.713
2020-04-03,5811.607,429.267,148.117,5234.223
2020-04-06,5811.607,429.267,144.294,5238.046
2020-04-07,5811.607,429.267,88.36,5293.9800000000005
2020-04-08,6083.1410000000005,698.578,53.483,5331.08
2020-04-09,6083.1410000000005,698.578,5.525,5379.0380000000005
2020-04-10,6083.1410000000005,698.578,5.525,5379.0380000000005
2020-04-13,6083.1410000000005,698.578,6.1,5378.463
2020-04-14,6083.1410000000005,698.578,9.9,5374.6630000000005
2020-04-15,6367.887,889.815,3.15,5474.9220000000005
2020-04-16,6367.887,889.815,1.525,5476.5470000000005
2020-04-17,6367.887,889.815,1.726,5476.3460000000005
2020-04-20,6367.887,889.815,31.0,5447.072
2020-04-21,6367.887,889.815,12.528,5465.544
2020-04-22,6573.136,901.331,10.825,5660.9800000000005
2020-04-23,6573.136,901.331,1.45,5670.3550000000005
2020-04-24,6573.136,901.331,1.5,5670.305
2020-04-27,6573.136,901.331,16.476,5655.329000000001
2020-04-28,6573.136,901.331,7.131,5664.674
2020-04-29,6655.929,997.5070000000001,1.45,5656.972000000001
2020-04-30,6655.929,997.5070000000001,1.775,5656.647000000001
2020-05-01,6655.929,997.5070000000001,0.251,5658.171
2020-05-04,6655.929,997.5070000000001,4.85,5653.572
2020-05-05,6655.929,997.5070000000001,1.925,5656.497
2020-05-06,6721.42,1127.49,1.175,5592.755
2020-05-07,6721.42,1127.49,0.982,5592.948
2020-05-08,6721.42,1127.49,0.68,5593.25
2020-05-11,6721.42,1127.49,0.123,5593.807000000001
2020-05-12,6721.42,1127.49,0.825,5593.1050000000005
2020-05-13,6934.227,1177.494,13.825,5742.908
2020-05-14,6934.227,1177.494,0.133,5756.6
2020-05-15,6934.227,1177.494,1.15,5755.5830000000005
2020-05-18,6934.227,1177.494,0.578,5756.155
2020-05-19,6934.227,1177.494,0.09,5756.643
2020-05-20,7037.258,1194.41,9.726,5833.122
2020-05-21,7037.258,1194.41,0.003,5842.845
2020-05-22,7037.258,1194.41,0.001,5842.847
2020-05-25,7037.258,1194.41,0.001,5842.847
2020-05-26,7037.258,1194.41,0.001,5842.847
2020-05-27,7097.316,1310.491,4.326,5782.499
2020-05-28,7097.316,1310.491,0.0,5786.825
2020-05-29,7097.316,1310.491,1.325,5785.5
2020-06-01,7097.316,1310.491,0.0,5786.825
2020-06-02,7097.316,1310.491,2.013,5784.812
2020-06-03,7165.217000000001,1434.823,0.013,5730.381
2020-06-04,7165.217000000001,1434.823,0.0,5730.394
2020-06-05,7165.217000000001,1434.823,0.0,5730.394
2020-06-08,7165.217000000001,1434.823,0.0,5730.394
2020-06-09,7165.217000000001,1434.823,1.252,5729.142
2020-06-10,7168.936000000001,1506.558,0.012,5662.366000000001
2020-06-11,7168.936000000001,1506.558,0.375,5662.003000000001
2020-06-12,7168.936000000001,1506.558,0.0,5662.378000000001
2020-06-15,7168.936000000001,1506.558,0.003,5662.375000000001
2020-06-16,7168.936000000001,1506.558,4.0,5658.378000000001
2020-06-17,7094.6900000000005,1560.8500000000001,0.001,5533.839
2020-06-18,7094.6900000000005,1560.8500000000001,0.001,5533.839
2020-06-19,7094.6900000000005,1560.8500000000001,0.001,5533.839
2020-06-22,7094.6900000000005,1560.8500000000001,0.01,5533.83
2020-06-23,7094.6900000000005,1560.8500000000001,0.011,5533.829
2020-06-24,7082.302000000001,1623.942,0.001,5458.359
2020-06-25,7082.302000000001,1623.942,0.001,5458.359
2020-06-26,7082.302000000001,1623.942,0.2,5458.160000000001
2020-06-29,7082.302000000001,1623.942,0.25,5458.110000000001
2020-06-30,7082.302000000001,1623.942,0.95,5457.410000000001
2020-07-01,7009.04,1657.6200000000001,0.002,5351.418
2020-07-02,7009.04,1657.6200000000001,0.0,5351.42
2020-07-03,7009.04,1657.6200000000001,0.0,5351.42
2020-07-06,7009.04,1657.6200000000001,0.0,5351.42
2020-07-07,7009.04,1657.6200000000001,0.003,5351.417
2020-07-08,6920.716,1653.098,0.001,5267.617
2020-07-09,6920.716,1653.098,0.0,5267.618
2020-07-10,6920.716,1653.098,0.0,5267.618
2020-07-13,6920.716,1653.098,0.001,5267.617
2020-07-14,6920.716,1653.098,0.001,5267.617
2020-07-15,6958.604,1655.32,0.001,5303.283
2020-07-16,6958.604,1655.32,0.001,5303.283
2020-07-17,6958.604,1655.32,0.0,5303.284000000001
2020-07-20,6958.604,1655.32,0.003,5303.281000000001
2020-07-21,6958.604,1655.32,0.0,5303.284000000001
2020-07-22,6964.755,1804.944,0.0,5159.811
2020-07-23,6964.755,1804.944,0.0,5159.811
2020-07-24,6964.755,1804.944,0.0,5159.811
2020-07-27,6964.755,1804.944,0.0,5159.811
2020-07-28,6964.755,1804.944,0.0,5159.811
2020-07-29,6949.032,1816.6870000000001,0.001,5132.344
2020-07-30,6949.032,1816.6870000000001,0.307,5132.0380000000005
2020-07-31,6949.032,1816.6870000000001,0.15,5132.195000000001
2020-08-03,6949.032,1816.6870000000001,0.0,5132.345
2020-08-04,6949.032,1816.6870000000001,0.005,5132.34
2020-08-05,6945.237,1745.228,0.0,5200.009
2020-08-06,6945.237,1745.228,0.0,5200.009
2020-08-07,6945.237,1745.228,0.0,5200.009
2020-08-10,6945.237,1745.228,0.008,5200.001
2020-08-11,6945.237,1745.228,0.0,5200.009
2020-08-12,6957.277,1669.733,0.103,5287.441
2020-08-13,6957.277,1669.733,0.126,5287.418
2020-08-14,6957.277,1669.733,0.001,5287.543
2020-08-17,6957.277,1669.733,0.054,5287.49
2020-08-18,6957.277,1669.733,0.002,5287.5419999999995
2020-08-19,7010.637,1643.505,0.112,5367.0199999999995
2020-08-20,7010.637,1643.505,0.15,5366.982
2020-08-21,7010.637,1643.505,0.0,5367.132
2020-08-24,7010.637,1643.505,0.0,5367.132
2020-08-25,7010.637,1643.505,0.012,5367.12
2020-08-26,6990.418000000001,1622.69,0.009,5367.719000000001
2020-08-27,6990.418000000001,1622.69,0.002,5367.726000000001
2020-08-28,6990.418000000001,1622.69,0.0,5367.728000000001
2020-08-31,6990.418000000001,1622.69,0.011,5367.717000000001
2020-09-01,6990.418000000001,1622.69,0.008,5367.720000000001
2020-09-02,7017.492,1639.159,0.014,5378.319
2020-09-03,7017.492,1639.159,0.0,5378.3330000000005
2020-09-04,7017.492,1639.159,0.0,5378.3330000000005
2020-09-07,7017.492,1639.159,0.0,5378.3330000000005
2020-09-08,7017.492,1639.159,0.0,5378.3330000000005
2020-09-09,7010.6140000000005,1611.083,0.001,5399.530000000001
2020-09-10,7010.6140000000005,1611.083,0.01,5399.521000000001
2020-09-11,7010.6140000000005,1611.083,0.0,5399.531000000001
2020-09-14,7010.6140000000005,1611.083,0.001,5399.530000000001
2020-09-15,7010.6140000000005,1611.083,0.002,5399.529
2020-09-16,7064.475,1614.855,0.055,5449.5650000000005
2020-09-17,7064.475,1614.855,0.001,5449.619000000001
2020-09-18,7064.475,1614.855,0.0,5449.620000000001
2020-09-21,7064.475,1614.855,0.054,5449.566000000001
2020-09-22,7064.475,1614.855,0.0,5449.620000000001
2020-09-23,7093.161,1680.688,0.001,5412.472
2020-09-24,7093.161,1680.688,0.004,5412.469
2020-09-25,7093.161,1680.688,0.0,5412.473
2020-09-28,7093.161,1680.688,0.0,5412.473
2020-09-29,7093.161,1680.688,1.301,5411.172
2020-09-30,7056.129,1679.152,0.85,5376.1269999999995
2020-10-01,7056.129,1679.152,0.001,5376.976
2020-10-02,7056.129,1679.152,0.0,5376.977
2020-10-05,7056.129,1679.152,0.0,5376.977
2020-10-06,7056.129,1679.152,0.0,5376.977
2020-10-07,7074.649,1697.074,0.011,5377.564
2020-10-08,7074.649,1697.074,0.212,5377.363
2020-10-09,7074.649,1697.074,0.0,5377.575000000001
2020-10-12,7074.649,1697.074,0.0,5377.575000000001
2020-10-13,7074.649,1697.074,0.0,5377.575000000001
2020-10-14,7151.426,1680.998,0.0,5470.428
2020-10-15,7151.426,1680.998,0.001,5470.427
2020-10-16,7151.426,1680.998,0.002,5470.4259999999995
2020-10-19,7151.426,1680.998,0.004,5470.424
2020-10-20,7151.426,1680.998,0.007,5470.421
2020-10-21,7177.265,1724.7920000000001,0.0,5452.473
2020-10-22,7177.265,1724.7920000000001,0.001,5452.472
2020-10-23,7177.265,1724.7920000000001,0.0,5452.473
2020-10-26,7177.265,1724.7920000000001,0.001,5452.472
2020-10-27,7177.265,1724.7920000000001,0.0,5452.473
2020-10-28,7146.3060000000005,1680.933,0.005,5465.368
2020-10-29,7146.3060000000005,1680.933,0.014,5465.359
2020-10-30,7146.3060000000005,1680.933,0.001,5465.372
2020-11-02,7146.3060000000005,1680.933,0.0,5465.3730000000005
2020-11-03,7146.3060000000005,1680.933,0.0,5465.3730000000005
2020-11-04,7157.479,1621.346,0.0,5536.133
2020-11-05,7157.479,1621.346,0.0,5536.133
2020-11-06,7157.479,1621.346,0.0,5536.133
2020-11-09,7157.479,1621.346,0.0,5536.133
2020-11-10,7157.479,1621.346,0.0,5536.133
2020-11-11,7175.417,1600.837,0.0,5574.58
2020-11-12,7175.417,1600.837,0.0,5574.58
2020-11-13,7175.417,1600.837,0.003,5574.577
2020-11-16,7175.417,1600.837,0.013,5574.567
2020-11-17,7175.417,1600.837,0.0,5574.58
2020-11-18,7243.08,1556.892,0.103,5686.085
2020-11-19,7243.08,1556.892,2.0,5684.188
2020-11-20,7243.08,1556.892,0.0,5686.188
2020-11-23,7243.08,1556.892,0.485,5685.703
2020-11-24,7243.08,1556.892,0.001,5686.187
2020-11-25,7216.4800000000005,1517.215,0.0,5699.265
2020-11-26,7216.4800000000005,1517.215,0.0,5699.265
2020-11-27,7216.4800000000005,1517.215,0.0,5699.265
2020-11-30,7216.4800000000005,1517.215,0.006,5699.259
2020-12-01,7216.4800000000005,1517.215,0.002,5699.263
2020-12-02,7222.414,1531.053,0.001,5691.36
2020-12-03,7222.414,1531.053,0.0,5691.361
2020-12-04,7222.414,1531.053,0.0,5691.361
2020-12-07,7222.414,1531.053,0.001,5691.36
2020-12-08,7222.414,1531.053,0.001,5691.36
2020-12-09,7242.658,1534.243,0.003,5708.412000000001
2020-12-10,7242.658,1534.243,0.001,5708.414000000001
2020-12-11,7242.658,1534.243,0.0,5708.415000000001
2020-12-14,7242.658,1534.243,0.1,5708.3150000000005
2020-12-15,7242.658,1534.243,0.001,5708.414000000001
2020-12-16,7362.592000000001,1529.698,0.026,5832.868
2020-12-17,7362.592000000001,1529.698,0.014,5832.88
2020-12-18,7362.592000000001,1529.698,0.032,5832.862
2020-12-21,7362.592000000001,1529.698,0.435,5832.459
2020-12-22,7362.592000000001,1529.698,0.406,5832.488
2020-12-23,7404.039,1602.407,0.857,5800.775
2020-12-24,7404.039,1602.407,0.01,5801.621999999999
2020-12-25,7404.039,1602.407,0.01,5801.621999999999
2020-12-28,7404.039,1602.407,0.901,5800.731
2020-12-29,7404.039,1602.407,0.257,5801.375
2020-12-30,7363.351000000001,1591.055,0.652,5771.644
2020-12-31,7363.351000000001,1591.055,9.651,5762.645
2021-01-01,7363.351000000001,1591.055,9.651,5762.645
2021-01-04,7363.351000000001,1591.055,0.001,5772.295
2021-01-05,7363.351000000001,1591.055,0.005,5772.291
2021-01-06,7334.809,1669.327,0.004,5665.478
2021-01-07,7334.809,1669.327,0.001,5665.481
2021-01-08,7334.809,1669.327,0.0,5665.482
2021-01-11,7334.809,1669.327,0.0,5665.482
2021-01-12,7334.809,1669.327,0.0,5665.482
2021-01-13,7333.968,1589.421,0.0,5744.547
2021-01-14,7333.968,1589.421,0.6,5743.946999999999
2021-01-15,7333.968,1589.421,0.0,5744.547
2021-01-18,7333.968,1589.421,0.0,5744.547
2021-01-19,7333.968,1589.421,0.004,5744.543
2021-01-20,7414.942,1626.906,1.806,5786.2300000000005
2021-01-21,7414.942,1626.906,1.201,5786.835
2021-01-22,7414.942,1626.906,0.0,5788.036
2021-01-25,7414.942,1626.906,2.2,5785.836
2021-01-26,7414.942,1626.906,1.631,5786.405
2021-01-27,7404.926,1633.54,1.152,5770.234
2021-01-28,7404.926,1633.54,2.655,5768.731000000001
2021-01-29,7404.926,1633.54,7.1,5764.286
2021-02-01,7404.926,1633.54,0.012,5771.374000000001
2021-02-02,7404.926,1633.54,0.011,5771.375
2021-02-03,7410.598,1625.325,0.178,5785.095
2021-02-04,7410.598,1625.325,0.5,5784.773
2021-02-05,7410.598,1625.325,0.01,5785.263
2021-02-08,7410.598,1625.325,0.002,5785.271
2021-02-09,7410.598,1625.325,0.001,5785.272
2021-02-10,7442.225,1608.906,0.0,5833.319
2021-02-11,7442.225,1608.906,0.108,5833.211
2021-02-12,7442.225,1608.906,0.001,5833.318
2021-02-15,7442.225,1608.906,0.001,5833.318
2021-02-16,7442.225,1608.906,0.004,5833.3150000000005
2021-02-17,7557.402,1567.041,0.05,5990.311
2021-02-18,7557.402,1567.041,0.0,5990.361
2021-02-19,7557.402,1567.041,0.002,5990.3589999999995
2021-02-22,7557.402,1567.041,1.1,5989.2609999999995
2021-02-23,7557.402,1567.041,0.435,5989.9259999999995
2021-02-24,7590.111,1529.977,0.001,6060.133
2021-02-25,7590.111,1529.977,9.976,6050.158
2021-02-26,7590.111,1529.977,11.2,6048.934
2021-03-01,7590.111,1529.977,0.0,6060.134
2021-03-02,7590.111,1529.977,0.005,6060.129
2021-03-03,7557.524,1429.549,0.507,6127.468000000001
2021-03-04,7557.524,1429.549,2.1,6125.875
2021-03-05,7557.524,1429.549,1.0,6126.975
2021-03-08,7557.524,1429.549,0.025,6127.950000000001
2021-03-09,7557.524,1429.549,0.0,6127.975
2021-03-10,7579.901,1360.064,0.1,6219.736999999999
2021-03-11,7579.901,1360.064,11.051,6208.785999999999
2021-03-12,7579.901,1360.064,6.8,6213.036999999999
2021-03-15,7579.901,1360.064,0.003,6219.834
2021-03-16,7579.901,1360.064,0.702,6219.134999999999
2021-03-17,7693.506,1272.583,0.0,6420.923000000001
2021-03-18,7693.506,1272.583,26.57,6394.353000000001
2021-03-19,7693.506,1272.583,18.908,6402.015
2021-03-22,7693.506,1272.583,22.242,6398.6810000000005
2021-03-23,7693.506,1272.583,19.526,6401.397000000001
2021-03-24,7719.622,1061.138,21.902,6636.582
2021-03-25,7719.622,1061.138,10.1,6648.384
2021-03-26,7719.622,1061.138,11.45,6647.034000000001
2021-03-29,7719.622,1061.138,40.354,6618.13
2021-03-30,7719.622,1061.138,104.725,6553.759
2021-03-31,7688.988,1025.727,134.307,6528.954000000001
2021-04-01,7688.988,1025.727,9.575,6653.686000000001
2021-04-02,7688.988,1025.727,9.575,6653.686000000001
2021-04-05,7688.988,1025.727,3.45,6659.811000000001
2021-04-06,7688.988,1025.727,18.951,6644.31
2021-04-07,7708.8820000000005,1010.1030000000001,35.035,6663.744000000001
2021-04-08,7708.8820000000005,1010.1030000000001,27.64,6671.139
2021-04-09,7708.8820000000005,1010.1030000000001,31.265,6667.514
2021-04-12,7708.8820000000005,1010.1030000000001,30.221,6668.558000000001
2021-04-13,7708.8820000000005,1010.1030000000001,37.543,6661.236000000001
2021-04-14,7793.104,925.094,50.856,6817.154
2021-04-15,7793.104,925.094,28.626,6839.384
2021-04-16,7793.104,925.094,39.94,6828.070000000001
2021-04-19,7793.104,925.094,53.798,6814.212
2021-04-20,7793.104,925.094,67.747,6800.263
2021-04-21,7820.948,1015.902,81.329,6723.717000000001
2021-04-22,7820.948,1015.902,102.644,6702.402
2021-04-23,7820.948,1015.902,73.794,6731.252
2021-04-26,7820.948,1015.902,100.916,6704.13
2021-04-27,7820.948,1015.902,142.172,6662.874000000001
2021-04-28,7780.962,967.689,166.732,6646.541
2021-04-29,7780.962,967.689,173.469,6639.804
2021-04-30,7780.962,967.689,183.234,6630.039
2021-05-03,7780.962,967.689,129.724,6683.549
2021-05-04,7780.962,967.689,147.806,6665.467000000001
2021-05-05,7810.486,953.689,162.8,6693.996999999999
2021-05-06,7810.486,953.689,154.921,6701.875999999999
2021-05-07,7810.486,953.689,161.856,6694.941
2021-05-10,7810.486,953.689,175.548,6681.249
2021-05-11,7810.486,953.689,181.753,6675.044
2021-05-12,7830.6630000000005,898.779,209.257,6722.627
2021-05-13,7830.6630000000005,898.779,235.217,6696.667
2021-05-14,7830.6630000000005,898.779,241.185,6690.699
2021-05-17,7830.6630000000005,898.779,208.96,6722.924
2021-05-18,7830.6630000000005,898.779,243.47,6688.414
2021-05-19,7922.883,866.119,293.998,6762.7660000000005
2021-05-20,7922.883,866.119,351.121,6705.643
2021-05-21,7922.883,866.119,369.046,6687.718
2021-05-24,7922.883,866.119,394.941,6661.823
2021-05-25,7922.883,866.119,432.955,6623.809
2021-05-26,7903.541,812.4730000000001,450.283,6640.785
2021-05-27,7903.541,812.4730000000001,485.329,6605.7390000000005
2021-05-28,7903.541,812.4730000000001,479.498,6611.570000000001
2021-05-31,7903.541,812.4730000000001,479.498,6611.570000000001
2021-06-01,7903.541,812.4730000000001,447.985,6643.0830000000005
2021-06-02,7935.703,783.235,438.778,6713.6900000000005
2021-06-03,7935.703,783.235,479.102,6673.366000000001
2021-06-04,7935.703,783.235,483.349,6669.119000000001
2021-06-07,7935.703,783.235,486.097,6666.371000000001
2021-06-08,7935.703,783.235,497.428,6655.040000000001
2021-06-09,7952.327,730.235,502.904,6719.188
2021-06-10,7952.327,730.235,534.943,6687.149
2021-06-11,7952.327,730.235,547.808,6674.284000000001
2021-06-14,7952.327,730.235,583.892,6638.200000000001
2021-06-15,7952.327,730.235,509.559,6712.533
2021-06-16,8064.2570000000005,653.889,520.942,6889.426
2021-06-17,8064.2570000000005,653.889,755.8,6654.568
2021-06-18,8064.2570000000005,653.889,747.121,6663.247
2021-06-21,8064.2570000000005,653.889,765.141,6645.227000000001
2021-06-22,8064.2570000000005,653.889,791.605,6618.763000000001
2021-06-23,8101.945000000001,734.689,813.65,6553.606000000001
2021-06-24,8101.945000000001,734.689,813.048,6554.2080000000005
2021-06-25,8101.945000000001,734.689,770.83,6596.426
2021-06-28,8101.945000000001,734.689,803.019,6564.237
2021-06-29,8101.945000000001,734.689,841.246,6526.01
2021-06-30,8078.544,745.962,991.939,6340.643
2021-07-01,8078.544,745.962,742.647,6589.935
2021-07-02,8078.544,745.962,731.504,6601.078
2021-07-05,8078.544,745.962,731.504,6601.078
2021-07-06,8078.544,745.962,772.581,6560.001
2021-07-07,8097.773,753.364,785.72,6558.688999999999
2021-07-08,8097.773,753.364,793.399,6551.009999999999
2021-07-09,8097.773,753.364,780.596,6563.813
2021-07-12,8097.773,753.364,776.472,6567.937
2021-07-13,8097.773,753.364,798.267,6546.142
2021-07-14,8201.651,704.918,859.975,6636.758
2021-07-15,8201.651,704.918,776.261,6720.472
2021-07-16,8201.651,704.918,817.566,6679.167
2021-07-19,8201.651,704.918,860.468,6636.265
2021-07-20,8201.651,704.918,848.102,6648.631
2021-07-21,8240.53,678.1030000000001,886.206,6676.2210000000005
2021-07-22,8240.53,678.1030000000001,898.197,6664.2300000000005
2021-07-23,8240.53,678.1030000000001,877.251,6685.176
2021-07-26,8240.53,678.1030000000001,891.203,6671.224
2021-07-27,8240.53,678.1030000000001,927.419,6635.008000000001
2021-07-28,8221.473,578.2040000000001,965.189,6678.08
2021-07-29,8221.473,578.2040000000001,987.283,6655.986
2021-07-30,8221.473,578.2040000000001,1039.394,6603.875
2021-08-02,8221.473,578.2040000000001,921.317,6721.952
2021-08-03,8221.473,578.2040000000001,909.442,6733.827
2021-08-04,8235.073,492.668,931.755,6810.650000000001
2021-08-05,8235.073,492.668,944.335,6798.070000000001
2021-08-06,8235.073,492.668,952.134,6790.271000000001
2021-08-09,8235.073,492.668,981.765,6760.64
2021-08-10,8235.073,492.668,998.654,6743.751
2021-08-11,8257.159,434.919,1000.46,6821.78
2021-08-12,8257.159,434.919,1087.342,6734.897999999999
2021-08-13,8257.159,434.919,1050.941,6771.299
2021-08-16,8257.159,434.919,1036.418,6785.822
2021-08-17,8257.159,434.919,1053.454,6768.786
2021-08-18,8342.598,338.808,1115.656,6888.134
2021-08-19,8342.598,338.808,1109.938,6893.852
2021-08-20,8342.598,338.808,1111.905,6891.885
2021-08-23,8342.598,338.808,1135.697,6868.093
2021-08-24,8342.598,338.808,1129.737,6874.053
2021-08-25,8332.743,301.43,1147.089,6884.224
2021-08-26,8332.743,301.43,1091.792,6939.521000000001
2021-08-27,8332.743,301.43,1120.015,6911.298
2021-08-30,8332.743,301.43,1140.711,6890.602
2021-08-31,8332.743,301.43,1189.616,6841.697
2021-09-01,8349.173,277.65000000000003,1084.115,6987.408000000001
2021-09-02,8349.173,277.65000000000003,1066.987,7004.536000000001
2021-09-03,8349.173,277.65000000000003,1074.707,6996.816000000001
2021-09-06,8349.173,277.65000000000003,1074.707,6996.816000000001
2021-09-07,8349.173,277.65000000000003,1079.945,6991.578000000001
2021-09-08,8357.314,253.496,1115.229,6988.589
2021-09-09,8357.314,253.496,1107.659,6996.159
2021-09-10,8357.314,253.496,1099.323,7004.495
2021-09-13,8357.314,253.496,1087.108,7016.71
2021-09-14,8357.314,253.496,1169.28,6934.5380000000005
2021-09-15,8448.77,230.328,1081.342,7137.1
2021-09-16,8448.77,230.328,1147.494,7070.948000000001
2021-09-17,8448.77,230.328,1218.303,7000.139000000001
2021-09-20,8448.77,230.328,1224.289,6994.153000000001
2021-09-21,8448.77,230.328,1240.494,6977.948000000001
2021-09-22,8489.824,308.022,1283.281,6898.521000000001
2021-09-23,8489.824,308.022,1352.483,6829.319
2021-09-24,8489.824,308.022,1313.657,6868.145
2021-09-27,8489.824,308.022,1297.05,6884.752
2021-09-28,8489.824,308.022,1365.185,6816.617
2021-09-29,8447.981,197.744,1415.84,6834.396999999999
2021-09-30,8447.981,197.744,1604.881,6645.355999999999
2021-10-01,8447.981,197.744,1385.991,6864.245999999999
2021-10-04,8447.981,197.744,1399.173,6851.063999999999
2021-10-05,8447.981,197.744,1431.18,6819.056999999999
2021-10-06,8464.032000000001,135.582,1451.175,6877.275000000001
2021-10-07,8464.032000000001,135.582,1375.863,6952.587
2021-10-08,8464.032000000001,135.582,1371.958,6956.492
2021-10-11,8464.032000000001,135.582,1371.958,6956.492
2021-10-12,8464.032000000001,135.582,1367.051,6961.399000000001
2021-10-13,8480.942000000001,77.858,1364.701,7038.383000000001
2021-10-14,8480.942000000001,77.858,1445.66,6957.424000000001
2021-10-15,8480.942000000001,77.858,1462.297,6940.787
2021-10-18,8480.942000000001,77.858,1477.114,6925.970000000001
2021-10-19,8480.942000000001,77.858,1470.739,6932.345000000001
2021-10-20,8564.943,83.386,1493.961,6987.595999999999
2021-10-21,8564.943,83.386,1458.605,7022.951999999999
2021-10-22,8564.943,83.386,1403.02,7078.536999999998
2021-10-25,8564.943,83.386,1413.188,7068.368999999999
2021-10-26,8564.943,83.386,1423.198,7058.358999999999
2021-10-27,8556.181,213.291,1433.37,6909.520000000001
2021-10-28,8556.181,213.291,1384.684,6958.206000000001
2021-10-29,8556.181,213.291,1502.296,6840.594000000001
2021-11-01,8556.181,213.291,1358.606,6984.2840000000015
2021-11-02,8556.181,213.291,1329.913,7012.977000000001
2021-11-03,8574.871000000001,280.205,1343.985,6950.681000000001
2021-11-04,8574.871000000001,280.205,1348.539,6946.127000000001
2021-11-05,8574.871000000001,280.205,1354.059,6940.607000000001
2021-11-08,8574.871000000001,280.205,1354.382,6940.2840000000015
2021-11-09,8574.871000000001,280.205,1377.197,6917.469000000001
2021-11-10,8663.117,259.293,1448.623,6955.201000000001
2021-11-11,8663.117,259.293,1448.623,6955.201000000001
2021-11-12,8663.117,259.293,1417.643,6986.1810000000005
2021-11-15,8663.117,259.293,1391.657,7012.167
2021-11-16,8663.117,259.293,1466.857,6936.967000000001
2021-11-17,8674.97,211.453,1520.0,6943.517
2021-11-18,8674.97,211.453,1584.097,6879.42
2021-11-19,8674.97,211.453,1575.384,6888.133
2021-11-22,8674.97,211.453,1573.769,6889.748
2021-11-23,8674.97,211.453,1571.98,6891.537
2021-11-24,8681.771,164.08700000000002,1452.897,7064.787000000001
2021-11-25,8681.771,164.08700000000002,1452.897,7064.787000000001
2021-11-26,8681.771,164.08700000000002,1451.108,7066.576000000001
2021-11-29,8681.771,164.08700000000002,1459.339,7058.345000000001
2021-11-30,8681.771,164.08700000000002,1517.956,6999.728000000001
2021-12-01,8650.402,152.651,1427.347,7070.404
2021-12-02,8650.402,152.651,1448.585,7049.166
2021-12-03,8650.402,152.651,1475.464,7022.287
2021-12-06,8650.402,152.651,1487.996,7009.755
2021-12-07,8650.402,152.651,1455.038,7042.713
2021-12-08,8664.524,115.117,1484.192,7065.214999999999
2021-12-09,8664.524,115.117,1500.027,7049.379999999999
2021-12-10,8664.524,115.117,1507.147,7042.259999999999
2021-12-13,8664.524,115.117,1599.768,6949.638999999999
2021-12-14,8664.524,115.117,1584.488,6964.918999999999
2021-12-15,8756.666000000001,104.798,1621.097,7030.771000000001
2021-12-16,8756.666000000001,104.798,1657.626,6994.242
2021-12-17,8756.666000000001,104.798,1704.586,6947.282
2021-12-20,8756.666000000001,104.798,1758.041,6893.827
2021-12-21,8756.666000000001,104.798,1748.285,6903.5830000000005
2021-12-22,8790.495,84.95400000000001,1699.277,7006.264000000001
2021-12-23,8790.495,84.95400000000001,1577.78,7127.761000000001
2021-12-24,8790.495,84.95400000000001,1577.78,7127.761000000001
2021-12-27,8790.495,84.95400000000001,1580.347,7125.194000000001
2021-12-28,8790.495,84.95400000000001,1637.064,7068.477000000001
2021-12-29,8757.460000000001,211.84900000000002,1642.506,6903.1050000000005
2021-12-30,8757.460000000001,211.84900000000002,1696.476,6849.135
2021-12-31,8757.460000000001,211.84900000000002,1904.582,6641.029
2022-01-03,8757.460000000001,211.84900000000002,1579.526,6966.085000000001
2022-01-04,8757.460000000001,211.84900000000002,1495.692,7049.919000000001
2022-01-05,8765.721,389.75100000000003,1492.787,6883.182999999999
2022-01-06,8765.721,389.75100000000003,1510.553,6865.4169999999995
2022-01-07,8765.721,389.75100000000003,1530.096,6845.874
2022-01-10,8765.721,389.75100000000003,1560.421,6815.548999999999
2022-01-11,8765.721,389.75100000000003,1527.02,6848.949999999999
2022-01-12,8788.278,456.401,1536.981,6794.896000000001
2022-01-13,8788.278,456.401,1636.742,6695.135
2022-01-14,8788.278,456.401,1598.887,6732.990000000001
2022-01-17,8788.278,456.401,1598.887,6732.990000000001
2022-01-18,8788.278,456.401,1597.137,6734.740000000001
2022-01-19,8867.834,488.697,1656.576,6722.561000000001
2022-01-20,8867.834,488.697,1678.931,6700.206
2022-01-21,8867.834,488.697,1706.127,6673.01
2022-01-24,8867.834,488.697,1614.002,6765.135
2022-01-25,8867.834,488.697,1599.502,6779.635
2022-01-26,8860.485,614.8770000000001,1613.046,6632.562
2022-01-27,8860.485,614.8770000000001,1583.895,6661.713
2022-01-28,8860.485,614.8770000000001,1615.021,6630.587
2022-01-31,8860.485,614.8770000000001,1654.85,6590.758
2022-02-01,8860.485,614.8770000000001,1584.109,6661.499
2022-02-02,8873.211,675.773,1626.895,6570.543
2022-02-03,8873.211,675.773,1640.397,6557.041
2022-02-04,8873.211,675.773,1642.892,6554.546
2022-02-07,8873.211,675.773,1679.932,6517.506
2022-02-08,8873.211,675.773,1674.61,6522.828
2022-02-09,8878.009,686.384,1653.153,6538.472
2022-02-10,8878.009,686.384,1634.146,6557.479
2022-02-11,8878.009,686.384,1635.826,6555.799
2022-02-14,8878.009,686.384,1666.232,6525.393
2022-02-15,8878.009,686.384,1608.494,6583.131
2022-02-16,8911.033,692.541,1644.134,6574.358
2022-02-17,8911.033,692.541,1647.202,6571.29
2022-02-18,8911.033,692.541,1674.929,6543.563
2022-02-21,8911.033,692.541,1674.929,6543.563
2022-02-22,8911.033,692.541,1699.432,6519.06
2022-02-23,8928.129,697.838,1738.322,6491.969000000001
2022-02-24,8928.129,697.838,1650.399,6579.892000000002
2022-02-25,8928.129,697.838,1603.349,6626.942000000001
2022-02-28,8928.129,697.838,1596.052,6634.239000000001
2022-03-01,8928.129,697.838,1552.95,6677.341000000001
2022-03-02,8904.455,682.903,1526.211,6695.340999999999
2022-03-03,8904.455,682.903,1533.992,6687.5599999999995
2022-03-04,8904.455,682.903,1483.061,6738.491
2022-03-07,8904.455,682.903,1461.227,6760.325
2022-03-08,8904.455,682.903,1525.099,6696.4529999999995
2022-03-09,8910.748,652.039,1542.504,6716.204999999999
2022-03-10,8910.748,652.039,1568.735,6689.973999999999
2022-03-11,8910.748,652.039,1557.823,6700.885999999999
2022-03-14,8910.748,652.039,1608.021,6650.687999999999
2022-03-15,8910.748,652.039,1583.471,6675.237999999999
2022-03-16,8954.306,570.606,1613.637,6770.063000000001
2022-03-17,8954.306,570.606,1659.977,6723.723000000001
2022-03-18,8954.306,570.606,1715.148,6668.552000000001
2022-03-21,8954.306,570.606,1728.893,6654.807000000001
2022-03-22,8954.306,570.606,1763.183,6620.517000000001
2022-03-23,8962.474,614.616,1803.186,6544.6720000000005
2022-03-24,8962.474,614.616,1707.655,6640.203
2022-03-25,8962.474,614.616,1676.974,6670.884
2022-03-28,8962.474,614.616,1688.632,6659.226000000001
2022-03-29,8962.474,614.616,1718.87,6628.988
2022-03-30,8937.142,575.065,1785.939,6576.137999999999
2022-03-31,8937.142,575.065,1871.97,6490.106999999999
2022-04-01,8937.142,575.065,1666.063,6696.013999999999
2022-04-04,8937.142,575.065,1692.936,6669.141
2022-04-05,8937.142,575.065,1710.834,6651.2429999999995
2022-04-06,8937.592,574.451,1731.472,6631.669
2022-04-07,8937.592,574.451,1734.424,6628.717
2022-04-08,8937.592,574.451,1750.498,6612.643
2022-04-11,8937.592,574.451,1758.958,6604.182999999999
2022-04-12,8937.592,574.451,1710.414,6652.727
2022-04-13,8965.487000000001,547.308,1815.555,6602.624
2022-04-14,8965.487000000001,547.308,1706.935,6711.244000000001
2022-04-15,8965.487000000001,547.308,1706.935,6711.244000000001
2022-04-18,8965.487000000001,547.308,1738.379,6679.8
2022-04-19,8965.487000000001,547.308,1817.292,6600.887000000001
2022-04-20,8955.851,711.4060000000001,1866.56,6377.885
2022-04-21,8955.851,711.4060000000001,1854.7,6389.745
2022-04-22,8955.851,711.4060000000001,1765.031,6479.414
2022-04-25,8955.851,711.4060000000001,1783.609,6460.835999999999
2022-04-26,8955.851,711.4060000000001,1819.343,6425.102
2022-04-27,8939.199,944.328,1803.162,6191.709000000001
2022-04-28,8939.199,944.328,1818.416,6176.455000000001
2022-04-29,8939.199,944.328,1906.802,6088.069000000001
2022-05-02,8939.199,944.328,1796.302,6198.569000000001
2022-05-03,8939.199,944.328,1796.252,6198.619000000001
2022-05-04,8939.972,945.4780000000001,1815.656,6178.838
2022-05-05,8939.972,945.4780000000001,1844.762,6149.732
2022-05-06,8939.972,945.4780000000001,1861.866,6132.628
2022-05-09,8939.972,945.4780000000001,1858.995,6135.499
2022-05-10,8939.972,945.4780000000001,1864.225,6130.269
2022-05-11,8942.008,945.658,1876.119,6120.231
2022-05-12,8942.008,945.658,1900.069,6096.280999999999
2022-05-13,8942.008,945.658,1865.287,6131.062999999999
2022-05-16,8942.008,945.658,1833.152,6163.197999999999
2022-05-17,8942.008,945.658,1877.483,6118.866999999999
2022-05-18,8945.898000000001,886.964,1973.373,6085.5610000000015
2022-05-19,8945.898000000001,886.964,1981.005,6077.929000000001
2022-05-20,8945.898000000001,886.964,1987.987,6070.947000000001
2022-05-23,8945.898000000001,886.964,2044.658,6014.276000000002
2022-05-24,8945.898000000001,886.964,1987.865,6071.069000000001
2022-05-25,8914.281,821.535,1995.75,6096.996000000001
2022-05-26,8914.281,821.535,2007.702,6085.044000000001
2022-05-27,8914.281,821.535,2006.688,6086.058000000001
2022-05-30,8914.281,821.535,2006.688,6086.058000000001
2022-05-31,8914.281,821.535,1978.538,6114.2080000000005
2022-06-01,8915.050000000001,789.532,1965.015,6160.503000000001
2022-06-02,8915.050000000001,789.532,1985.239,6140.279
2022-06-03,8915.050000000001,789.532,2031.228,6094.290000000001
2022-06-06,8915.050000000001,789.532,2040.093,6085.425000000001
2022-06-07,8915.050000000001,789.532,2091.395,6034.123000000001
2022-06-08,8918.254,723.384,2140.277,6054.593000000001
2022-06-09,8918.254,723.384,2142.318,6052.552000000001
2022-06-10,8918.254,723.384,2162.885,6031.985000000001
2022-06-13,8918.254,723.384,2212.62,5982.250000000001
2022-06-14,8918.254,723.384,2223.857,5971.013000000001
2022-06-15,8932.42,656.87,2162.924,6112.625999999999
2022-06-16,8932.42,656.87,2178.382,6097.168
2022-06-17,8932.42,656.87,2229.279,6046.270999999999
2022-06-20,8932.42,656.87,2229.279,6046.270999999999
2022-06-21,8932.42,656.87,2188.627,6086.922999999999
2022-06-22,8934.346,758.283,2259.458,5916.605
2022-06-23,8934.346,758.283,2285.442,5890.620999999999
2022-06-24,8934.346,758.283,2180.984,5995.079
2022-06-27,8934.346,758.283,2155.942,6020.120999999999
2022-06-28,8934.346,758.283,2213.784,5962.278999999999
2022-06-29,8913.553,756.6270000000001,2226.976,5929.949999999999
2022-06-30,8913.553,756.6270000000001,2329.743,5827.182999999999
2022-07-01,8913.553,756.6270000000001,2167.085,5989.840999999999
2022-07-04,8913.553,756.6270000000001,2167.085,5989.840999999999
2022-07-05,8913.553,756.6270000000001,2138.28,6018.645999999999
2022-07-06,8891.851,700.457,2168.026,6023.368
2022-07-07,8891.851,700.457,2172.457,6018.937
2022-07-08,8891.851,700.457,2144.921,6046.473
2022-07-11,8891.851,700.457,2164.266,6027.128000000001
2022-07-12,8891.851,700.457,2146.132,6045.262000000001
2022-07-13,8895.867,652.572,2155.29,6088.005
2022-07-14,8895.867,652.572,2207.121,6036.174
2022-07-15,8895.867,652.572,2153.75,6089.545
2022-07-18,8895.867,652.572,2190.375,6052.92
2022-07-19,8895.867,652.572,2211.821,6031.474
2022-07-20,8899.213,613.878,2240.204,6045.130999999999
2022-07-21,8899.213,613.878,2271.756,6013.579
2022-07-22,8899.213,613.878,2228.959,6056.375999999999
2022-07-25,8899.213,613.878,2192.367,6092.967999999999
2022-07-26,8899.213,613.878,2189.474,6095.860999999999
2022-07-27,8890.004,602.945,2188.994,6098.0650000000005
2022-07-28,8890.004,602.945,2239.883,6047.176000000001
2022-07-29,8890.004,602.945,2300.2,5986.859000000001
2022-08-01,8890.004,602.945,2161.885,6125.174000000001
2022-08-02,8890.004,602.945,2156.013,6131.046000000001
2022-08-03,8874.62,594.115,2182.238,6098.267000000002
2022-08-04,8874.62,594.115,2191.546,6088.959000000001
2022-08-05,8874.62,594.115,2194.927,6085.578000000001
2022-08-08,8874.62,594.115,2195.692,6084.813000000001
2022-08-09,8874.62,594.115,2186.568,6093.937000000001
2022-08-10,8879.138,557.265,2177.646,6144.227000000001
2022-08-11,8879.138,557.265,2199.247,6122.626000000002
2022-08-12,8879.138,557.265,2213.193,6108.680000000001
2022-08-15,8879.138,557.265,2175.857,6146.016000000001
2022-08-16,8879.138,557.265,2165.332,6156.541000000001
2022-08-17,8849.762,545.321,2199.631,6104.810000000001
2022-08-18,8849.762,545.321,2218.161,6086.280000000001
2022-08-19,8849.762,545.321,2221.68,6082.761
2022-08-22,8849.762,545.321,2235.665,6068.776000000001
2022-08-23,8849.762,545.321,2250.718,6053.723000000001
2022-08-24,8851.436,535.267,2237.072,6079.097
2022-08-25,8851.436,535.267,2187.907,6128.262
2022-08-26,8851.436,535.267,2182.452,6133.717
2022-08-29,8851.436,535.267,2205.188,6110.981
2022-08-30,8851.436,535.267,2188.975,6127.1939999999995
2022-08-31,8826.093,612.5360000000001,2251.025,5962.532000000001
2022-09-01,8826.093,612.5360000000001,2173.156,6040.401000000001
2022-09-02,8826.093,612.5360000000001,2173.413,6040.144
2022-09-05,8826.093,612.5360000000001,2173.413,6040.144
2022-09-06,8826.093,612.5360000000001,2188.796,6024.761
2022-09-07,8822.401,581.295,2206.987,6034.119
2022-09-08,8822.401,581.295,2210.466,6030.639999999999
2022-09-09,8822.401,581.295,2209.714,6031.392
2022-09-12,8822.401,581.295,2218.546,6022.5599999999995
2022-09-13,8822.401,581.295,2202.719,6038.387
2022-09-14,8832.759,593.808,2225.579,6013.372000000001
2022-09-15,8832.759,593.808,2176.188,6062.763000000001
2022-09-16,8832.759,593.808,2186.833,6052.118
2022-09-19,8832.759,593.808,2217.542,6021.4090000000015
2022-09-20,8832.759,593.808,2238.87,6000.081000000001
2022-09-21,8816.802,692.496,2315.9,5808.405999999999
2022-09-22,8816.802,692.496,2359.227,5765.079
2022-09-23,8816.802,692.496,2319.361,5804.945
2022-09-26,8816.802,692.496,2299.011,5825.295
2022-09-27,8816.802,692.496,2327.111,5797.195
2022-09-28,8795.567000000001,689.569,2366.798,5739.200000000002
2022-09-29,8795.567000000001,689.569,2371.763,5734.2350000000015
2022-09-30,8795.567000000001,689.569,2425.91,5680.088000000002
2022-10-03,8795.567000000001,689.569,2252.523,5853.475000000001
2022-10-04,8795.567000000001,689.569,2233.616,5872.382000000001
2022-10-05,8759.053,633.939,2230.799,5894.315
2022-10-06,8759.053,633.939,2232.801,5892.313
2022-10-07,8759.053,633.939,2226.95,5898.164
2022-10-10,8759.053,633.939,2226.95,5898.164
2022-10-11,8759.053,633.939,2222.479,5902.635
2022-10-12,8758.969000000001,608.302,2247.206,5903.461000000001
2022-10-13,8758.969000000001,608.302,2244.1,5906.567000000001
2022-10-14,8758.969000000001,608.302,2222.052,5928.615000000002
2022-10-17,8758.969000000001,608.302,2172.301,5978.366000000002
2022-10-18,8758.969000000001,608.302,2226.725,5923.942000000001
2022-10-19,8743.922,607.1990000000001,2241.835,5894.888
2022-10-20,8743.922,607.1990000000001,2234.071,5902.652
2022-10-21,8743.922,607.1990000000001,2265.809,5870.914
2022-10-24,8743.922,607.1990000000001,2242.044,5894.679
2022-10-25,8743.922,607.1990000000001,2195.616,5941.107
2022-10-26,8723.09,634.548,2186.856,5901.686
2022-10-27,8723.09,634.548,2152.485,5936.057000000001
2022-10-28,8723.09,634.548,2183.29,5905.252
2022-10-31,8723.09,634.548,2275.459,5813.0830000000005
2022-11-01,8723.09,634.548,2200.51,5888.032
2022-11-02,8676.87,598.544,2229.861,5848.465000000001
2022-11-03,8676.87,598.544,2219.791,5858.535000000001
2022-11-04,8676.87,598.544,2230.84,5847.486000000001
2022-11-07,8676.87,598.544,2241.317,5837.009000000001
2022-11-08,8676.87,598.544,2232.555,5845.771000000001
2022-11-09,8678.886,527.479,2237.812,5913.595
2022-11-10,8678.886,527.479,2200.586,5950.821
2022-11-11,8678.886,527.479,2200.586,5950.821
2022-11-14,8678.886,527.479,2165.018,5986.389
2022-11-15,8678.886,527.479,2086.574,6064.8330000000005
2022-11-16,8625.62,502.982,2099.07,6023.568000000001
2022-11-17,8625.62,502.982,2114.439,6008.1990000000005
2022-11-18,8625.62,502.982,2113.413,6009.225
2022-11-21,8625.62,502.982,2125.426,5997.212000000001
2022-11-22,8625.62,502.982,2103.932,6018.706000000001
2022-11-23,8621.39,479.474,2069.174,6072.741999999999
2022-11-24,8621.39,479.474,2069.174,6072.741999999999
2022-11-25,8621.39,479.474,2031.066,6110.849999999999
2022-11-28,8621.39,479.474,2054.914,6087.001999999999
2022-11-29,8621.39,479.474,2064.377,6077.538999999999
2022-11-30,8584.576000000001,511.474,2115.913,5957.189
2022-12-01,8584.576000000001,511.474,2050.286,6022.816000000001
2022-12-02,8584.576000000001,511.474,2049.763,6023.339000000001
2022-12-05,8584.576000000001,511.474,2093.647,5979.455000000001
2022-12-06,8584.576000000001,511.474,2111.465,5961.637000000001
2022-12-07,8582.735,432.33500000000004,2151.549,5998.851000000001
2022-12-08,8582.735,432.33500000000004,2175.973,5974.427000000001
2022-12-09,8582.735,432.33500000000004,2146.748,6003.652
2022-12-12,8582.735,432.33500000000004,2158.517,5991.883000000001
2022-12-13,8582.735,432.33500000000004,2180.676,5969.724
2022-12-14,8583.413,355.517,2192.864,6035.032000000001
2022-12-15,8583.413,355.517,2123.995,6103.901000000001
2022-12-16,8583.413,355.517,2126.54,6101.356000000001
2022-12-19,8583.413,355.517,2134.765,6093.131000000001
2022-12-20,8583.413,355.517,2159.408,6068.488000000001
2022-12-21,8564.411,459.78000000000003,2206.965,5897.666
2022-12-22,8564.411,459.78000000000003,2222.898,5881.733
2022-12-23,8564.411,459.78000000000003,2216.348,5888.283
2022-12-26,8564.411,459.78000000000003,2216.348,5888.283
2022-12-27,8564.411,459.78000000000003,2221.259,5883.372
2022-12-28,8551.169,427.926,2293.003,5830.24
2022-12-29,8551.169,427.926,2308.319,5814.923999999999
2022-12-30,8551.169,427.926,2553.716,5569.527
2023-01-02,8551.169,427.926,2553.716,5569.527
2023-01-03,8551.169,427.926,2188.272,5934.971
2023-01-04,8507.429,423.625,2229.542,5854.262000000001
2023-01-05,8507.429,423.625,2242.486,5841.318
2023-01-06,8507.429,423.625,2208.265,5875.539000000001
2023-01-09,8507.429,423.625,2199.121,5884.683
2023-01-10,8507.429,423.625,2192.942,5890.862
2023-01-11,8508.587,372.34000000000003,2199.17,5937.076999999999
2023-01-12,8508.587,372.34000000000003,2202.989,5933.258
2023-01-13,8508.587,372.34000000000003,2179.781,5956.465999999999
2023-01-16,8508.587,372.34000000000003,2179.781,5956.465999999999
2023-01-17,8508.587,372.34000000000003,2093.328,6042.919
2023-01-18,8489.039,339.01800000000003,2131.678,6018.343000000001
2023-01-19,8489.039,339.01800000000003,2110.145,6039.876
2023-01-20,8489.039,339.01800000000003,2090.523,6059.4980000000005
2023-01-23,8489.039,339.01800000000003,2135.499,6014.522000000001
2023-01-24,8489.039,339.01800000000003,2048.386,6101.635
2023-01-25,8470.557,491.848,2031.561,5947.148000000001
2023-01-26,8470.557,491.848,2024.069,5954.640000000001
2023-01-27,8470.557,491.848,2003.634,5975.075000000001
2023-01-30,8470.557,491.848,2048.714,5929.995000000001
2023-01-31,8470.557,491.848,2061.572,5917.137000000001
2023-02-01,8433.61,560.089,2038.262,5835.259000000001
2023-02-02,8433.61,560.089,2050.063,5823.4580000000005
2023-02-03,8433.61,560.089,2041.217,5832.304
2023-02-06,8433.61,560.089,2072.261,5801.26
2023-02-07,8433.61,560.089,2057.958,5815.563
2023-02-08,8435.369,493.277,2059.604,5882.488000000001
2023-02-09,8435.369,493.277,2058.942,5883.150000000001
2023-02-10,8435.369,493.277,2042.893,5899.1990000000005
2023-02-13,8435.369,493.277,2107.775,5834.317000000001
2023-02-14,8435.369,493.277,2076.548,5865.544000000001
2023-02-15,8384.767,490.379,2011.998,5882.389999999999
2023-02-16,8384.767,490.379,2032.457,5861.931
2023-02-17,8384.767,490.379,2059.662,5834.726000000001
2023-02-20,8384.767,490.379,2059.662,5834.726000000001
2023-02-21,8384.767,490.379,2046.064,5848.324
2023-02-22,8382.19,477.333,2113.849,5791.008000000001
2023-02-23,8382.19,477.333,2147.417,5757.4400000000005
2023-02-24,8382.19,477.333,2142.141,5762.716
2023-02-27,8382.19,477.333,2162.435,5742.4220000000005
2023-02-28,8382.19,477.333,2188.035,5716.822000000001
2023-03-01,8339.684,381.245,2133.95,5824.489
2023-03-02,8339.684,381.245,2192.355,5766.083999999999
2023-03-03,8339.684,381.245,2186.15,5772.288999999999
2023-03-06,8339.684,381.245,2190.793,5767.645999999999
2023-03-07,8339.684,381.245,2170.195,5788.243999999999
2023-03-08,8342.283,333.35,2193.237,5815.695999999999
2023-03-09,8342.283,333.35,2229.623,5779.3099999999995
2023-03-10,8342.283,333.35,2188.375,5820.557999999999
2023-03-13,8342.283,333.35,2126.677,5882.255999999999
2023-03-14,8342.283,333.35,2042.579,5966.353999999999
2023-03-15,8639.3,232.866,2055.823,6350.610999999999
2023-03-16,8639.3,232.866,2066.319,6340.115
2023-03-17,8639.3,232.866,2106.166,6300.267999999999
2023-03-20,8639.3,232.866,2098.393,6308.040999999999
2023-03-21,8639.3,232.866,2194.631,6211.803
2023-03-22,8733.787,259.587,2279.608,6194.592000000001
2023-03-23,8733.787,259.587,2233.956,6240.244000000001
2023-03-24,8733.787,259.587,2218.458,6255.742
2023-03-27,8733.787,259.587,2220.131,6254.069000000001
2023-03-28,8733.787,259.587,2231.749,6242.451000000001
2023-03-29,8705.942000000001,183.577,2264.862,6257.5030000000015
2023-03-30,8705.942000000001,183.577,2271.531,6250.834000000002
2023-03-31,8705.942000000001,183.577,2375.171,6147.194000000001
2023-04-03,8705.942000000001,183.577,2221.01,6301.355000000001
2023-04-04,8705.942000000001,183.577,2219.375,6302.990000000002
2023-04-05,8632.384,168.793,2243.011,6220.58
2023-04-06,8632.384,168.793,2173.663,6289.928
2023-04-07,8632.384,168.793,2173.663,6289.928
2023-04-10,8632.384,168.793,2239.655,6223.936
2023-04-11,8632.384,168.793,2297.208,6166.383
2023-04-12,8614.797,109.208,2303.862,6201.727
2023-04-13,8614.797,109.208,2321.699,6183.889999999999
2023-04-14,8614.797,109.208,2253.786,6251.803
2023-04-17,8614.797,109.208,2256.845,6248.744000000001
2023-04-18,8614.797,109.208,2238.994,6266.594999999999
2023-04-19,8593.263,166.555,2294.677,6132.031000000001
2023-04-20,8593.263,166.555,2277.259,6149.4490000000005
2023-04-21,8593.263,166.555,2290.023,6136.685
2023-04-24,8593.263,166.555,2308.538,6118.17
2023-04-25,8593.263,166.555,2275.402,6151.3060000000005
2023-04-26,8562.768,291.702,2279.561,5991.505000000001
2023-04-27,8562.768,291.702,2273.926,5997.140000000001
2023-04-28,8562.768,291.702,2325.479,5945.587000000001
2023-05-01,8562.768,291.702,2239.866,6031.200000000001
2023-05-02,8562.768,291.702,2267.13,6003.936000000001
2023-05-03,8503.994,269.216,2258.222,5976.5560000000005
2023-05-04,8503.994,269.216,2242.399,5992.379000000001
2023-05-05,8503.994,269.216,2207.415,6027.363
2023-05-08,8503.994,269.216,2217.601,6017.177
2023-05-09,8503.994,269.216,2222.864,6011.914000000001
2023-05-10,8503.017,197.666,2233.149,6072.202000000001
2023-05-11,8503.017,197.666,2242.243,6063.108
2023-05-12,8503.017,197.666,2229.199,6076.152
2023-05-15,8503.017,197.666,2220.927,6084.424000000001
2023-05-16,8503.017,197.666,2203.214,6102.137000000001
2023-05-17,8456.76,116.22,2213.676,6126.864000000001
2023-05-18,8456.76,116.22,2238.266,6102.274000000001
2023-05-19,8456.76,116.22,2276.72,6063.8200000000015
2023-05-22,8456.76,116.22,2275.311,6065.229000000001
2023-05-23,8456.76,116.22,2256.689,6083.851000000001
2023-05-24,8436.255000000001,61.952,2250.709,6123.594000000002
2023-05-25,8436.255000000001,61.952,2197.638,6176.665000000002
2023-05-26,8436.255000000001,61.952,2189.681,6184.622000000001
2023-05-29,8436.255000000001,61.952,2189.681,6184.622000000001
2023-05-30,8436.255000000001,61.952,2200.479,6173.824000000002
2023-05-31,8385.854,48.954,2254.859,6082.040999999999
2023-06-01,8385.854,48.954,2160.055,6176.844999999999
2023-06-02,8385.854,48.954,2142.102,6194.798
2023-06-05,8385.854,48.954,2131.417,6205.483
2023-06-06,8385.854,48.954,2134.638,6202.262
2023-06-07,8389.325,44.756,2161.556,6183.013000000001
2023-06-08,8389.325,44.756,2141.798,6202.771000000002
2023-06-09,8389.325,44.756,2127.652,6216.917000000001
2023-06-12,8389.325,44.756,2126.87,6217.699000000001
2023-06-13,8389.325,44.756,2074.52,6270.049000000001
2023-06-14,8388.323,102.11800000000001,2109.105,6177.1
2023-06-15,8388.323,102.11800000000001,1992.14,6294.065
2023-06-16,8388.323,102.11800000000001,2011.556,6274.648999999999
2023-06-19,8388.323,102.11800000000001,2011.556,6274.648999999999
2023-06-20,8388.323,102.11800000000001,1989.489,6296.716
2023-06-21,8362.06,276.85,2037.102,6048.107999999999
2023-06-22,8362.06,276.85,1994.711,6090.498999999999
2023-06-23,8362.06,276.85,1969.38,6115.829999999999
2023-06-26,8362.06,276.85,1961.027,6124.182999999999
2023-06-27,8362.06,276.85,1951.098,6134.111999999999
2023-06-28,8340.914,390.571,1945.211,6005.1320000000005
2023-06-29,8340.914,390.571,1934.684,6015.659000000001
2023-06-30,8340.914,390.571,2034.319,5916.024000000001
2023-07-03,8340.914,390.571,1909.639,6040.704000000001
2023-07-04,8340.914,390.571,1909.639,6040.704000000001
2023-07-05,8298.312,415.44100000000003,1867.061,6015.81
2023-07-06,8298.312,415.44100000000003,1854.256,6028.615
2023-07-07,8298.312,415.44100000000003,1822.303,6060.568
2023-07-10,8298.312,415.44100000000003,1811.981,6070.89
2023-07-11,8298.312,415.44100000000003,1775.796,6107.075
2023-07-12,8296.923,514.337,1820.146,5962.440000000001
2023-07-13,8296.923,514.337,1767.432,6015.154000000001
2023-07-14,8296.923,514.337,1740.777,6041.809000000001
2023-07-17,8296.923,514.337,1728.322,6054.264000000001
2023-07-18,8296.923,514.337,1716.862,6065.724000000001
2023-07-19,8274.552,531.135,1732.804,6010.612999999999
2023-07-20,8274.552,531.135,1721.001,6022.415999999999
2023-07-21,8274.552,531.135,1770.752,5972.664999999999
2023-07-24,8274.552,531.135,1770.867,5972.549999999999
2023-07-25,8274.552,531.135,1720.716,6022.700999999999
2023-07-26,8243.344000000001,543.597,1749.733,5950.014000000001
2023-07-27,8243.344000000001,543.597,1735.783,5963.964000000002
2023-07-28,8243.344000000001,543.597,1730.227,5969.520000000001
2023-07-31,8243.344000000001,543.597,1821.124,5878.623000000001
2023-08-01,8243.344000000001,543.597,1739.554,5960.193000000001
2023-08-02,8206.764000000001,517.4590000000001,1770.186,5919.1190000000015
2023-08-03,8206.764000000001,517.4590000000001,1776.774,5912.531000000001
2023-08-04,8206.764000000001,517.4590000000001,1793.804,5895.501000000001
2023-08-07,8206.764000000001,517.4590000000001,1810.583,5878.722000000002
2023-08-08,8206.764000000001,517.4590000000001,1778.351,5910.9540000000015
2023-08-09,8208.241,444.594,1796.519,5967.128
2023-08-10,8208.241,444.594,1759.897,6003.75
2023-08-11,8208.241,444.594,1773.236,5990.411
2023-08-14,8208.241,444.594,1799.311,5964.336
2023-08-15,8208.241,444.594,1743.784,6019.862999999999
2023-08-16,8145.727,435.795,1796.725,5913.207
2023-08-17,8145.727,435.795,1794.12,5915.812
2023-08-18,8145.727,435.795,1819.201,5890.731
2023-08-21,8145.727,435.795,1824.788,5885.144
2023-08-22,8145.727,435.795,1812.294,5897.638
2023-08-23,8139.066,413.78700000000003,1816.533,5908.745999999999
2023-08-24,8139.066,413.78700000000003,1731.623,5993.655999999999
2023-08-25,8139.066,413.78700000000003,1687.379,6037.9
2023-08-28,8139.066,413.78700000000003,1708.605,6016.673999999999
2023-08-29,8139.066,413.78700000000003,1693.278,6032.000999999999
2023-08-30,8121.316,470.8,1696.819,5953.697
2023-08-31,8121.316,470.8,1651.602,5998.914
2023-09-01,8121.316,470.8,1574.065,6076.450999999999
2023-09-04,8121.316,470.8,1574.065,6076.450999999999
2023-09-05,8121.316,470.8,1568.49,6082.026
2023-09-06,8101.318,470.88100000000003,1606.244,6024.193
2023-09-07,8101.318,470.88100000000003,1535.289,6095.148
2023-09-08,8101.318,470.88100000000003,1525.403,6105.034
2023-09-11,8101.318,470.88100000000003,1549.111,6081.326
2023-09-12,8101.318,470.88100000000003,1493.781,6136.656
2023-09-13,8098.779,521.5070000000001,1546.225,6031.0470000000005
2023-09-14,8098.779,521.5070000000001,1492.427,6084.845000000001
2023-09-15,8098.779,521.5070000000001,1401.403,6175.869000000001
2023-09-18,8098.779,521.5070000000001,1452.942,6124.330000000001
2023-09-19,8098.779,521.5070000000001,1453.324,6123.948
2023-09-20,8024.09,640.296,1486.984,5896.8099999999995
2023-09-21,8024.09,640.296,1454.115,5929.679
2023-09-22,8024.09,640.296,1427.575,5956.219
2023-09-25,8024.09,640.296,1437.31,5946.484
2023-09-26,8024.09,640.296,1438.301,5945.493
2023-09-27,8002.064,681.143,1442.805,5878.116
2023-09-28,8002.064,681.143,1453.366,5867.555
2023-09-29,8002.064,681.143,1557.569,5763.352000000001
2023-10-02,8002.064,681.143,1365.739,5955.182000000001
2023-10-03,8002.064,681.143,1348.465,5972.456
2023-10-04,7955.782,668.009,1342.031,5945.742
2023-10-05,7955.782,668.009,1265.132,6022.641
2023-10-06,7955.782,668.009,1283.461,6004.312
2023-10-09,7955.782,668.009,1283.461,6004.312
2023-10-10,7955.782,668.009,1222.44,6065.3330000000005
2023-10-11,7952.054,709.16,1239.382,6003.512000000001
2023-10-12,7952.054,709.16,1157.319,6085.575000000001
2023-10-13,7952.054,709.16,1151.818,6091.076
2023-10-16,7952.054,709.16,1108.819,6134.075000000001
2023-10-17,7952.054,709.16,1082.502,6160.392
2023-10-18,7933.162,759.878,1150.781,6022.503000000001
2023-10-19,7933.162,759.878,1114.179,6059.1050000000005
2023-10-20,7933.162,759.878,1138.756,6034.528
2023-10-23,7933.162,759.878,1157.976,6015.308000000001
2023-10-24,7933.162,759.878,1097.875,6075.409000000001
2023-10-25,7907.83,834.418,1100.617,5972.795
2023-10-26,7907.83,834.418,1089.85,5983.562
2023-10-27,7907.83,834.418,1091.858,5981.554
2023-10-30,7907.83,834.418,1138.035,5935.377
2023-10-31,7907.83,834.418,1137.697,5935.715
2023-11-01,7866.664,820.487,1079.462,5966.715
2023-11-02,7866.664,820.487,1054.986,5991.191
2023-11-03,7866.664,820.487,1071.139,5975.038
2023-11-06,7866.664,820.487,1062.878,5983.299
2023-11-07,7866.664,820.487,1008.685,6037.492
2023-11-08,7860.691,772.686,1024.451,6063.554
2023-11-09,7860.691,772.686,993.314,6094.691
2023-11-10,7860.691,772.686,1032.72,6055.285
2023-11-13,7860.691,772.686,1020.272,6067.733
2023-11-14,7860.691,772.686,988.298,6099.707
2023-11-15,7814.991,738.562,944.241,6132.188
2023-11-16,7814.991,738.562,912.01,6164.419
2023-11-17,7814.991,738.562,935.803,6140.626
2023-11-20,7814.991,738.562,953.088,6123.341
2023-11-21,7814.991,738.562,931.155,6145.274
2023-11-22,7810.814,706.017,931.604,6173.193
2023-11-23,7810.814,706.017,931.604,6173.193
2023-11-24,7810.814,706.017,865.907,6238.89
2023-11-27,7810.814,706.017,867.22,6237.577
2023-11-28,7810.814,706.017,873.344,6231.453
2023-11-29,7796.145,739.2090000000001,914.187,6142.749000000001
2023-11-30,7796.145,739.2090000000001,887.822,6169.1140000000005
2023-12-01,7796.145,739.2090000000001,768.543,6288.393000000001
2023-12-04,7796.145,739.2090000000001,815.847,6241.089000000001
2023-12-05,7796.145,739.2090000000001,834.428,6222.508000000001
2023-12-06,7737.385,682.509,846.498,6208.378000000001
2023-12-07,7737.385,682.509,825.734,6229.142
2023-12-08,7737.385,682.509,821.408,6233.468
2023-12-11,7737.385,682.509,838.507,6216.369000000001
2023-12-12,7737.385,682.509,837.803,6217.073
2023-12-13,7739.566,658.44,823.329,6257.7970000000005
2023-12-14,7739.566,658.44,769.346,6311.780000000001
2023-12-15,7739.566,658.44,683.254,6397.872
2023-12-18,7739.566,658.44,724.704,6356.4220000000005
2023-12-19,7739.566,658.44,773.082,6308.044
2023-12-20,7724.063,732.196,779.143,6212.724
2023-12-21,7724.063,732.196,778.402,6213.465
2023-12-22,7724.063,732.196,772.258,6219.609
2023-12-25,7724.063,732.196,772.258,6219.609
2023-12-26,7724.063,732.196,793.937,6197.93
2023-12-27,7712.781,731.405,818.869,6162.5070000000005
2023-12-28,7712.781,731.405,829.573,6151.803
2023-12-29,7712.781,731.405,1018.483,5962.893
2024-01-01,7712.781,731.405,1018.483,5962.893
2024-01-02,7712.781,731.405,704.864,6276.512000000001
2024-01-03,7681.024,758.448,719.897,6202.679
2024-01-04,7681.024,758.448,664.899,6257.677
2024-01-05,7681.024,758.448,694.478,6228.098
2024-01-08,7681.024,758.448,691.485,6231.091
2024-01-09,7681.024,758.448,676.05,6246.526
2024-01-10,7686.71,747.565,679.961,6259.184
2024-01-11,7686.71,747.565,626.37,6312.775000000001
2024-01-12,7686.71,747.565,603.116,6336.029
2024-01-15,7686.71,747.565,603.116,6336.029
2024-01-16,7686.71,747.565,583.103,6356.042
2024-01-17,7673.741,748.883,590.191,6334.667
2024-01-18,7673.741,748.883,618.234,6306.624
2024-01-19,7673.741,748.883,625.182,6299.676
2024-01-22,7673.741,748.883,647.103,6277.755
2024-01-23,7673.741,748.883,621.195,6303.6630000000005
2024-01-24,7677.2300000000005,799.3580000000001,639.56,6238.312
2024-01-25,7677.2300000000005,799.3580000000001,557.687,6320.185
2024-01-26,7677.2300000000005,799.3580000000001,570.828,6307.044
2024-01-29,7677.2300000000005,799.3580000000001,581.41,6296.462
2024-01-30,7677.2300000000005,799.3580000000001,577.755,6300.117
2024-01-31,7630.124,841.5500000000001,615.379,6173.195
2024-02-01,7630.124,841.5500000000001,503.548,6285.026
2024-02-02,7630.124,841.5500000000001,513.422,6275.152
2024-02-05,7630.124,841.5500000000001,552.289,6236.285
2024-02-06,7630.124,841.5500000000001,532.439,6256.134999999999
2024-02-07,7631.3,802.135,553.055,6276.11
2024-02-08,7631.3,802.135,535.705,6293.46
2024-02-09,7631.3,802.135,569.175,6259.99
2024-02-12,7631.3,802.135,581.568,6247.597
2024-02-13,7631.3,802.135,553.684,6275.481
2024-02-14,7633.874,838.005,575.332,6220.536999999999
2024-02-15,7633.874,838.005,493.065,6302.804
2024-02-16,7633.874,838.005,532.125,6263.744
2024-02-19,7633.874,838.005,532.125,6263.744
2024-02-20,7633.874,838.005,530.879,6264.99
2024-02-21,7581.683,785.465,574.882,6221.336
2024-02-22,7581.683,785.465,553.245,6242.973
2024-02-23,7581.683,785.465,520.107,6276.111
2024-02-26,7581.683,785.465,524.959,6271.259
2024-02-27,7581.683,785.465,519.725,6276.4929999999995
2024-02-28,7567.807,785.821,569.855,6212.130999999999
2024-02-29,7567.807,785.821,502.074,6279.912
2024-03-01,7567.807,785.821,441.265,6340.721
2024-03-04,7567.807,785.821,439.793,6342.193
2024-03-05,7567.807,785.821,444.474,6337.512
2024-03-06,7538.857,767.7330000000001,456.847,6314.277
2024-03-07,7538.857,767.7330000000001,436.754,6334.37
2024-03-08,7538.857,767.7330000000001,444.803,6326.321
2024-03-11,7538.857,767.7330000000001,478.728,6292.396
2024-03-12,7538.857,767.7330000000001,476.862,6294.262
2024-03-13,7541.969,768.369,521.738,6251.862
2024-03-14,7541.969,768.369,483.573,6290.027
2024-03-15,7541.969,768.369,413.877,6359.723
2024-03-18,7541.969,768.369,440.596,6333.004000000001
2024-03-19,7541.969,768.369,446.978,6326.622
2024-03-20,7514.348,809.298,496.245,6208.805
2024-03-21,7514.348,809.298,460.631,6244.419
2024-03-22,7514.348,809.298,478.531,6226.519
2024-03-25,7514.348,809.298,473.787,6231.263
2024-03-26,7514.348,809.298,496.062,6208.988
2024-03-27,7484.7390000000005,802.2330000000001,518.357,6164.149
2024-03-28,7484.7390000000005,802.2330000000001,594.428,6088.078
2024-03-29,7484.7390000000005,802.2330000000001,594.428,6088.078
2024-04-01,7484.7390000000005,802.2330000000001,441.903,6240.603
2024-04-02,7484.7390000000005,802.2330000000001,448.424,6234.082
2024-04-03,7439.558,768.6510000000001,436.631,6234.276
2024-04-04,7439.558,768.6510000000001,438.764,6232.143
2024-04-05,7439.558,768.6510000000001,438.319,6232.588
2024-04-08,7439.558,768.6510000000001,448.597,6222.31
2024-04-09,7439.558,768.6510000000001,441.792,6229.115
2024-04-10,7438.176,704.971,445.816,6287.389
2024-04-11,7438.176,704.971,455.361,6277.844
2024-04-12,7438.176,704.971,407.322,6325.883
2024-04-15,7438.176,704.971,327.066,6406.139
2024-04-16,7438.176,704.971,371.554,6361.651
2024-04-17,7405.506,796.535,440.508,6168.463000000001
2024-04-18,7405.506,796.535,433.006,6175.965
2024-04-19,7405.506,796.535,397.234,6211.737
2024-04-22,7405.506,796.535,409.816,6199.155000000001
2024-04-23,7405.506,796.535,435.88,6173.091
2024-04-24,7402.434,941.4300000000001,441.215,6019.789
2024-04-25,7402.434,941.4300000000001,443.928,6017.076
2024-04-26,7402.434,941.4300000000001,464.912,5996.092
2024-04-29,7402.434,941.4300000000001,505.53,5955.474
2024-04-30,7402.434,941.4300000000001,534.234,5926.7699999999995
2024-05-01,7362.474,917.177,438.148,6007.149
2024-05-02,7362.474,917.177,428.68,6016.617
2024-05-03,7362.474,917.177,450.165,5995.1320000000005
2024-05-06,7362.474,917.177,468.97,5976.327
2024-05-07,7362.474,917.177,475.325,5969.972000000001
2024-05-08,7353.408,851.591,493.427,6008.39
2024-05-09,7353.408,851.591,458.55,6043.267
2024-05-10,7353.408,851.591,486.434,6015.383
2024-05-13,7353.408,851.591,492.068,6009.749
2024-05-14,7353.408,851.591,468.344,6033.473
2024-05-15,7304.272,787.133,443.779,6073.360000000001
2024-05-16,7304.272,787.133,410.121,6107.018
2024-05-17,7304.272,787.133,449.373,6067.7660000000005
2024-05-20,7304.272,787.133,489.728,6027.411
2024-05-21,7304.272,787.133,491.72,6025.419
2024-05-22,7299.566,725.376,496.382,6077.808
2024-05-23,7299.566,725.376,467.398,6106.7919999999995
2024-05-24,7299.566,725.376,431.239,6142.951
2024-05-27,7299.566,725.376,431.239,6142.951
2024-05-28,7299.566,725.376,417.836,6156.353999999999
2024-05-29,7284.319,704.335,459.314,6120.67
2024-05-30,7284.319,704.335,452.034,6127.950000000001
2024-05-31,7284.319,704.335,439.806,6140.178000000001
2024-06-03,7284.319,704.335,387.069,6192.915
2024-06-04,7284.319,704.335,377.825,6202.159000000001
2024-06-05,7255.687,710.309,371.841,6173.536999999999
2024-06-06,7255.687,710.309,378.125,6167.253
2024-06-07,7255.687,710.309,395.462,6149.915999999999
2024-06-10,7255.687,710.309,416.481,6128.897
2024-06-11,7255.687,710.309,410.449,6134.929
2024-06-12,7258.974,673.573,447.574,6137.827
2024-06-13,7258.974,673.573,429.864,6155.537
2024-06-14,7258.974,673.573,386.885,6198.516
2024-06-17,7258.974,673.573,333.429,6251.972
2024-06-18,7258.974,673.573,375.542,6209.8589999999995
2024-06-19,7252.542,723.41,375.542,6153.59
2024-06-20,7252.542,723.41,388.841,6140.291
2024-06-21,7252.542,723.41,421.04,6108.092000000001
2024-06-24,7252.542,723.41,435.916,6093.216
2024-06-25,7252.542,723.41,466.31,6062.822
2024-06-26,7231.1630000000005,765.417,490.156,5975.59
2024-06-27,7231.1630000000005,765.417,531.692,5934.054
2024-06-28,7231.1630000000005,765.417,664.57,5801.176
2024-07-01,7231.1630000000005,765.417,451.783,6013.963
2024-07-02,7231.1630000000005,765.417,443.369,6022.377
2024-07-03,7221.52,761.373,425.898,6034.249000000001
2024-07-04,7221.52,761.373,425.898,6034.249000000001
2024-07-05,7221.52,761.373,390.632,6069.515000000001
2024-07-08,7221.52,761.373,415.257,6044.890000000001
2024-07-09,7221.52,761.373,423.152,6036.995000000001
2024-07-10,7224.079,736.402,422.147,6065.53
2024-07-11,7224.079,736.402,403.708,6083.969
2024-07-12,7224.079,736.402,406.59,6081.0869999999995
2024-07-15,7224.079,736.402,413.28,6074.397
2024-07-16,7224.079,736.402,409.594,6078.083
2024-07-17,7208.247,751.593,399.401,6057.253000000001
2024-07-18,7208.247,751.593,391.652,6065.002
2024-07-19,7208.247,751.593,379.801,6076.853
2024-07-22,7208.247,751.593,395.901,6060.753000000001
2024-07-23,7208.247,751.593,389.837,6066.817000000001
2024-07-24,7205.455,774.315,399.121,6032.018999999999
2024-07-25,7205.455,774.315,377.433,6053.706999999999
2024-07-26,7205.455,774.315,381.257,6049.883
2024-07-29,7205.455,774.315,385.281,6045.8589999999995
2024-07-30,7205.455,774.315,367.054,6064.085999999999
2024-07-31,7178.3910000000005,786.486,413.2,5978.705000000001
2024-08-01,7178.3910000000005,786.486,348.885,6043.02
2024-08-02,7178.3910000000005,786.486,338.473,6053.432000000001
2024-08-05,7178.3910000000005,786.486,316.246,6075.659000000001
2024-08-06,7178.3910000000005,786.486,291.958,6099.947000000001
2024-08-07,7175.256,770.931,286.66,6117.665000000001
2024-08-08,7175.256,770.931,303.159,6101.166000000001
2024-08-09,7175.256,770.931,312.198,6092.127
2024-08-12,7175.256,770.931,328.641,6075.684000000001
2024-08-13,7175.256,770.931,324.494,6079.831000000001
2024-08-14,7177.688,794.12,328.472,6055.0960000000005
2024-08-15,7177.688,794.12,307.141,6076.427000000001
2024-08-16,7177.688,794.12,330.317,6053.251
2024-08-19,7177.688,794.12,333.583,6049.985000000001
2024-08-20,7177.688,794.12,310.819,6072.749
2024-08-21,7139.952,736.494,321.329,6082.129000000001
2024-08-22,7139.952,736.494,316.777,6086.6810000000005
2024-08-23,7139.952,736.494,312.896,6090.562000000001
2024-08-26,7139.952,736.494,353.557,6049.901000000001
2024-08-27,7139.952,736.494,344.045,6059.4130000000005
2024-08-28,7123.238,745.851,388.89,5988.497
2024-08-29,7123.238,745.851,383.434,5993.953
2024-08-30,7123.238,745.851,433.13,5944.2570000000005
2024-09-02,7123.238,745.851,433.13,5944.2570000000005
2024-09-03,7123.238,745.851,349.808,6027.579000000001
2024-09-04,7112.567,733.9590000000001,337.312,6041.296
2024-09-05,7112.567,733.9590000000001,291.091,6087.517
2024-09-06,7112.567,733.9590000000001,299.271,6079.337
2024-09-09,7112.567,733.9590000000001,292.158,6086.45
2024-09-10,7112.567,733.9590000000001,281.392,6097.216
2024-09-11,7115.001,755.958,279.215,6079.828
2024-09-12,7115.001,755.958,294.464,6064.579000000001
2024-09-13,7115.001,755.958,284.951,6074.092000000001
2024-09-16,7115.001,755.958,239.386,6119.657
2024-09-17,7115.001,755.958,256.337,6102.706
2024-09-18,7109.137,771.194,305.831,6032.111999999999
2024-09-19,7109.137,771.194,311.777,6026.165999999999
2024-09-20,7109.137,771.194,339.316,5998.6269999999995
2024-09-23,7109.137,771.194,380.372,5957.570999999999
2024-09-24,7109.137,771.194,388.977,5948.965999999999
2024-09-25,7080.059,806.7710000000001,416.193,5857.095
2024-09-26,7080.059,806.7710000000001,424.916,5848.372
2024-09-27,7080.059,806.7710000000001,436.518,5836.77
2024-09-30,7080.059,806.7710000000001,465.638,5807.650000000001
2024-10-01,7080.059,806.7710000000001,375.221,5898.067000000001
2024-10-02,7046.925,798.277,383.398,5865.25
2024-10-03,7046.925,798.277,341.248,5907.400000000001
2024-10-04,7046.925,798.277,330.012,5918.636
2024-10-07,7046.925,798.277,322.948,5925.7
2024-10-08,7046.925,798.277,325.355,5923.293
2024-10-09,7046.84,802.115,343.448,5901.277
2024-10-10,7046.84,802.115,322.587,5922.138000000001
2024-10-11,7046.84,802.115,331.735,5912.990000000001
2024-10-14,7046.84,802.115,331.735,5912.990000000001
2024-10-15,7046.84,802.115,286.398,5958.327
2024-10-16,7039.284000000001,791.792,272.028,5975.464
2024-10-17,7039.284000000001,791.792,262.21,5985.282
2024-10-18,7039.284000000001,791.792,259.892,5987.6
2024-10-21,7039.284000000001,791.792,261.044,5986.448
2024-10-22,7039.284000000001,791.792,237.76,6009.732
2024-10-23,7029.408,829.991,270.839,5928.578
2024-10-24,7029.408,829.991,202.798,5996.619000000001
2024-10-25,7029.408,829.991,227.0,5972.417
2024-10-28,7029.408,829.991,251.032,5948.385
2024-10-29,7029.408,829.991,244.841,5954.576
2024-10-30,7013.49,835.237,228.946,5949.307
2024-10-31,7013.49,835.237,201.278,5976.974999999999
2024-11-01,7013.49,835.237,155.476,6022.777
2024-11-04,7013.49,835.237,171.885,6006.3679999999995
2024-11-05,7013.49,835.237,144.243,6034.009999999999
2024-11-06,6994.299,842.051,177.871,5974.3769999999995
2024-11-07,6994.299,842.051,159.002,5993.245999999999
2024-11-08,6994.299,842.051,163.621,5988.6269999999995
2024-11-11,6994.299,842.051,163.621,5988.6269999999995
2024-11-12,6994.299,842.051,178.814,5973.433999999999
2024-11-13,6967.108,832.186,238.106,5896.816000000001
2024-11-14,6967.108,832.186,214.509,5920.4130000000005
2024-11-15,6967.108,832.186,172.4,5962.522000000001
2024-11-18,6967.108,832.186,200.03,5934.892000000001
2024-11-19,6967.108,832.186,200.664,5934.258000000001
2024-11-20,6923.731,751.873,217.793,5954.0650000000005
2024-11-21,6923.731,751.873,188.567,5983.291
2024-11-22,6923.731,751.873,204.254,5967.604
2024-11-25,6923.731,751.873,186.749,5985.109
2024-11-26,6923.731,751.873,148.823,6023.035
2024-11-27,6905.14,775.25,169.815,5960.075000000001
2024-11-28,6905.14,775.25,169.815,5960.075000000001
2024-11-29,6905.14,775.25,197.627,5932.263
2024-12-02,6905.14,775.25,135.858,5994.032
2024-12-03,6905.14,775.25,161.572,5968.318
2024-12-04,6895.827,789.516,162.866,5943.445000000001
2024-12-05,6895.827,789.516,131.964,5974.347000000001
2024-12-06,6895.827,789.516,130.014,5976.2970000000005
2024-12-09,6895.827,789.516,153.029,5953.282000000001
2024-12-10,6895.827,789.516,174.842,5931.469000000001
2024-12-11,6897.485000000001,775.067,180.12,5942.298000000001
2024-12-12,6897.485000000001,775.067,165.025,5957.393000000001
2024-12-13,6897.485000000001,775.067,135.777,5986.6410000000005
2024-12-16,6897.485000000001,775.067,110.753,6011.665000000001
2024-12-17,6897.485000000001,775.067,118.093,6004.325000000001
2024-12-18,6889.332,767.932,131.651,5989.749000000001
2024-12-19,6889.332,767.932,112.417,6008.983
2024-12-20,6889.332,767.932,98.356,6023.044000000001
2024-12-23,6889.332,767.932,116.004,6005.396000000001
2024-12-24,6889.332,767.932,180.989,5940.411000000001
2024-12-25,6885.963,764.77,180.989,5940.204
2024-12-26,6885.963,764.77,196.818,5924.374999999999
2024-12-27,6885.963,764.77,268.739,5852.454
2024-12-30,6885.963,764.77,260.743,5860.449999999999
2024-12-31,6885.963,764.77,473.46,5647.732999999999
2025-01-01,6852.491,719.873,473.46,5659.158
2025-01-02,6852.491,719.873,239.858,5892.76
2025-01-03,6852.491,719.873,237.377,5895.241
2025-01-06,6852.491,719.873,231.926,5900.692
2025-01-07,6852.491,719.873,208.296,5924.322
2025-01-08,6853.554,652.636,185.144,6015.773999999999
2025-01-09,6853.554,652.636,168.225,6032.692999999999
2025-01-10,6853.554,652.636,178.8,6022.1179999999995
2025-01-13,6853.554,652.636,183.669,6017.249
2025-01-14,6853.554,652.636,160.219,6040.699
2025-01-15,6834.07,641.225,119.977,6072.8679999999995
2025-01-16,6834.07,641.225,94.489,6098.356
2025-01-17,6834.07,641.225,118.327,6074.517999999999
2025-01-20,6834.07,641.225,118.327,6074.517999999999
2025-01-21,6834.07,641.225,96.015,6096.829999999999
2025-01-22,6831.76,677.282,123.981,6030.497
2025-01-23,6831.76,677.282,132.031,6022.447
2025-01-24,6831.76,677.282,104.972,6049.506
2025-01-27,6831.76,677.282,92.863,6061.615
2025-01-28,6831.76,677.282,112.76,6041.718
2025-01-29,6818.186,784.206,121.842,5912.138
2025-01-30,6818.186,784.206,125.965,5908.014999999999
2025-01-31,6818.186,784.206,187.913,5846.066999999999
2025-02-03,6818.186,784.206,97.781,5936.199
2025-02-04,6818.186,784.206,85.654,5948.325999999999
2025-02-05,6810.935,805.593,78.788,5926.554000000001
2025-02-06,6810.935,805.593,79.983,5925.359
2025-02-07,6810.935,805.593,95.248,5910.094000000001
2025-02-10,6810.935,805.593,99.653,5905.689
2025-02-11,6810.935,805.593,76.446,5928.896000000001
2025-02-12,6813.513,828.102,67.67,5917.741
2025-02-13,6813.513,828.102,67.82,5917.591
2025-02-14,6813.513,828.102,58.77,5926.641
2025-02-17,6813.513,828.102,58.77,5926.641
2025-02-18,6813.513,828.102,77.817,5907.594
2025-02-19,6782.332,790.062,73.196,5919.0740000000005
2025-02-20,6782.332,790.062,63.207,5929.063
2025-02-21,6782.332,790.062,68.983,5923.287
2025-02-24,6782.332,790.062,76.818,5915.452
2025-02-25,6782.332,790.062,96.0,5896.27
2025-02-26,6766.101000000001,681.1610000000001,126.058,5958.8820000000005
2025-02-27,6766.101000000001,681.1610000000001,182.148,5902.792
2025-02-28,6766.101000000001,681.1610000000001,234.422,5850.518000000001
2025-03-03,6766.101000000001,681.1610000000001,119.987,5964.953
2025-03-04,6766.101000000001,681.1610000000001,135.257,5949.683000000001
2025-03-05,6756.764,548.331,139.493,6068.94
2025-03-06,6756.764,548.331,129.269,6079.164
2025-03-07,6756.764,548.331,136.305,6072.128
2025-03-10,6756.764,548.331,129.054,6079.379
2025-03-11,6756.764,548.331,137.31,6071.123
2025-03-12,6759.571,512.581,131.055,6115.9349999999995
2025-03-13,6759.571,512.581,113.435,6133.554999999999
2025-03-14,6759.571,512.581,126.234,6120.755999999999
2025-03-17,6759.571,512.581,89.496,6157.494
2025-03-18,6759.571,512.581,149.503,6097.487
2025-03-19,6755.982,435.93600000000004,193.378,6126.668000000001
2025-03-20,6755.982,435.93600000000004,192.64,6127.406
2025-03-21,6755.982,435.93600000000004,200.85,6119.196
2025-03-24,6755.982,435.93600000000004,196.565,6123.481000000001
2025-03-25,6755.982,435.93600000000004,214.786,6105.26
2025-03-26,6740.253,360.177,241.371,6138.705
2025-03-27,6740.253,360.177,291.785,6088.291
2025-03-28,6740.253,360.177,286.575,6093.501
2025-03-31,6740.253,360.177,399.167,5980.909
2025-04-01,6740.253,360.177,230.063,6150.013
2025-04-02,6723.452,313.326,233.488,6176.638
2025-04-03,6723.452,313.326,196.265,6213.861
2025-04-04,6723.452,313.326,184.499,6225.627
2025-04-07,6723.452,313.326,148.146,6261.9800000000005
2025-04-08,6723.452,313.326,156.911,6253.215
2025-04-09,6727.416,306.049,168.115,6253.252
2025-04-10,6727.416,306.049,129.95,6291.417
2025-04-11,6727.416,306.049,98.531,6322.836
2025-04-14,6727.416,306.049,102.838,6318.529
2025-04-15,6727.416,306.049,88.878,6332.4890000000005
2025-04-16,6727.113,422.983,54.772,6249.358
2025-04-17,6727.113,422.983,58.6,6245.53
2025-04-18,6727.113,422.983,58.6,6245.53
2025-04-21,6727.113,422.983,114.114,6190.0160000000005
2025-04-22,6727.113,422.983,137.951,6166.179
2025-04-23,6726.93,606.6320000000001,171.78,5948.518000000001
2025-04-24,6726.93,606.6320000000001,130.004,5990.294000000001
2025-04-25,6726.93,606.6320000000001,94.021,6026.277000000001
2025-04-28,6726.93,606.6320000000001,148.649,5971.649
2025-04-29,6726.93,606.6320000000001,157.537,5962.761
2025-04-30,6709.277,595.741,250.601,5862.935
2025-05-01,6709.277,595.741,157.353,5956.183
2025-05-02,6709.277,595.741,147.882,5965.654
2025-05-05,6709.277,595.741,124.69,5988.8460000000005
2025-05-06,6709.277,595.741,129.858,5983.678
2025-05-07,6710.889,583.727,154.859,5972.303
2025-05-08,6710.889,583.727,139.768,5987.394
2025-05-09,6710.889,583.727,142.272,5984.89
2025-05-12,6710.889,583.727,147.505,5979.657
2025-05-13,6710.889,583.727,144.214,5982.948
2025-05-14,6713.27,575.846,165.024,5972.400000000001
2025-05-15,6713.27,575.846,109.436,6027.988000000001
2025-05-16,6713.27,575.846,136.799,6000.625000000001
2025-05-19,6713.27,575.846,180.417,5957.0070000000005
2025-05-20,6713.27,575.846,136.033,6001.3910000000005
2025-05-21,6688.726000000001,503.055,162.802,6022.869000000001
2025-05-22,6688.726000000001,503.055,173.018,6012.653
2025-05-23,6688.726000000001,503.055,154.841,6030.83
2025-05-26,6688.726000000001,503.055,154.841,6030.83
2025-05-27,6688.726000000001,503.055,138.066,6047.6050000000005
2025-05-28,6673.244,467.204,173.641,6032.399
2025-05-29,6673.244,467.204,165.66,6040.38
2025-05-30,6673.244,467.204,315.657,5890.383
2025-06-02,6673.244,467.204,135.841,6070.199
2025-06-03,6673.244,467.204,153.177,6052.863
2025-06-04,6672.885,378.947,168.882,6125.0560000000005
2025-06-05,6672.885,378.947,152.727,6141.211
2025-06-06,6672.885,378.947,149.284,6144.654
2025-06-09,6672.885,378.947,179.315,6114.6230000000005
2025-06-10,6672.885,378.947,182.725,6111.213
2025-06-11,6677.155,332.907,204.625,6139.623
2025-06-12,6677.155,332.907,181.417,6162.830999999999
2025-06-13,6677.155,332.907,168.645,6175.602999999999
2025-06-16,6677.155,332.907,140.759,6203.489
2025-06-17,6677.155,332.907,168.939,6175.308999999999
2025-06-18,6681.0560000000005,337.762,205.05,6138.244000000001
2025-06-19,6681.0560000000005,337.762,205.05,6138.244000000001
2025-06-20,6681.0560000000005,337.762,138.283,6205.011
2025-06-23,6681.0560000000005,337.762,165.319,6177.975
2025-06-24,6681.0560000000005,337.762,187.367,6155.927000000001
2025-06-25,6662.2,364.375,210.879,6086.946
2025-06-26,6662.2,364.375,252.432,6045.393
2025-06-27,6662.2,364.375,285.742,6012.083
2025-06-30,6662.2,364.375,460.731,5837.094
2025-07-01,6662.2,364.375,245.53,6052.295
2025-07-02,6659.598,359.516,237.307,6062.775000000001
2025-07-03,6659.598,359.516,214.665,6085.417
2025-07-04,6659.598,359.516,214.665,6085.417
2025-07-07,6659.598,359.516,218.03,6082.052000000001
2025-07-08,6659.598,359.516,219.415,6080.667
2025-07-09,6661.912,319.889,227.273,6114.75
2025-07-10,6661.912,319.889,183.339,6158.684
2025-07-11,6661.912,319.889,181.637,6160.386
2025-07-14,6661.912,319.889,217.841,6124.182
2025-07-15,6661.912,319.889,198.277,6143.746
2025-07-16,6659.273,296.247,197.086,6165.94
2025-07-17,6659.273,296.247,193.66,6169.366
2025-07-18,6659.273,296.247,199.298,6163.728
2025-07-21,6659.273,296.247,213.666,6149.36
2025-07-22,6659.273,296.247,196.374,6166.652
2025-07-23,6657.715,323.176,189.632,6144.907
2025-07-24,6657.715,323.176,132.186,6202.353
2025-07-25,6657.715,323.176,150.509,6184.03
2025-07-28,6657.715,323.176,170.463,6164.076
2025-07-29,6657.715,323.176,171.018,6163.521
2025-07-30,6642.578,370.507,155.481,6116.590000000001
2025-07-31,6642.578,370.507,214.445,6057.626000000001
2025-08-01,6642.578,370.507,97.426,6174.645
2025-08-04,6642.578,370.507,125.73,6146.341000000001
2025-08-05,6642.578,370.507,84.356,6187.715000000001
2025-08-06,6640.843,421.043,91.966,6127.834
2025-08-07,6640.843,421.043,77.961,6141.839
2025-08-08,6640.843,421.043,80.303,6139.497
2025-08-11,6640.843,421.043,82.214,6137.586
2025-08-12,6640.843,421.043,57.492,6162.308
2025-08-13,6643.615,504.30400000000003,57.202,6082.1089999999995
2025-08-14,6643.615,504.30400000000003,28.818,6110.4929999999995
2025-08-15,6643.615,504.30400000000003,33.757,6105.554
2025-08-18,6643.615,504.30400000000003,38.24,6101.071
2025-08-19,6643.615,504.30400000000003,22.344,6116.967
2025-08-20,6618.415,519.534,34.999,6063.8820000000005
2025-08-21,6618.415,519.534,25.358,6073.523
2025-08-22,6618.415,519.534,36.275,6062.606000000001
2025-08-25,6618.415,519.534,47.567,6051.314
2025-08-26,6618.415,519.534,28.574,6070.307000000001
2025-08-27,6603.384,589.998,34.744,5978.642000000001
2025-08-28,6603.384,589.998,31.966,5981.42
2025-08-29,6603.384,589.998,77.898,5935.488
2025-09-01,6603.384,589.998,77.898,5935.488
2025-09-02,6603.384,589.998,21.066,5992.320000000001
2025-09-03,6602.071,597.513,17.923,5986.635
2025-09-04,6602.071,597.513,20.128,5984.43
2025-09-05,6602.071,597.513,20.997,5983.561
2025-09-08,6602.071,597.513,19.416,5985.142
2025-09-09,6602.071,597.513,22.915,5981.643
2025-09-10,6605.962,672.274,29.4,5904.2880000000005
2025-09-11,6605.962,672.274,26.897,5906.791
2025-09-12,6605.962,672.274,17.331,5916.357
2025-09-15,6605.962,672.274,16.954,5916.734
2025-09-16,6605.962,672.274,18.817,5914.871
2025-09-17,6608.597,756.376,13.963,5838.258
2025-09-18,6608.597,756.376,13.707,5838.513999999999
2025-09-19,6608.597,756.376,11.363,5840.857999999999
2025-09-22,6608.597,756.376,14.173,5838.048
2025-09-23,6608.597,756.376,14.402,5837.8189999999995
2025-09-24,6608.395,804.856,29.172,5774.367000000001
2025-09-25,6608.395,804.856,25.369,5778.170000000001
2025-09-26,6608.395,804.856,48.073,5755.466
2025-09-29,6608.395,804.856,56.22,5747.319
2025-09-30,6608.395,804.856,49.071,5754.468000000001
2025-10-01,6587.119,805.139,10.179,5771.8009999999995
2025-10-02,6587.119,805.139,8.436,5773.544
2025-10-03,6587.119,805.139,25.392,5756.588
2025-10-06,6587.119,805.139,21.776,5760.204
2025-10-07,6587.119,805.139,4.622,5777.357999999999
2025-10-08,6590.8150000000005,807.428,5.231,5778.156000000001
2025-10-09,6590.8150000000005,807.428,4.496,5778.8910000000005
2025-10-10,6590.8150000000005,807.428,4.124,5779.263000000001
2025-10-13,6590.8150000000005,807.428,4.124,5779.263000000001
2025-10-14,6590.8150000000005,807.428,3.516,5779.871000000001
2025-10-15,6596.454,809.593,5.484,5781.3769999999995
2025-10-16,6596.454,809.593,6.96,5779.901
2025-10-17,6596.454,809.593,4.102,5782.759
2025-10-20,6596.454,809.593,5.931,5780.93
2025-10-21,6596.454,809.593,4.699,5782.162
2025-10-22,6589.533,908.001,4.005,5677.527
2025-10-23,6589.533,908.001,6.941,5674.591
2025-10-24,6589.533,908.001,2.435,5679.097
2025-10-27,6589.533,908.001,10.642,5670.89
2025-10-28,6589.533,908.001,14.096,5667.436000000001
2025-10-29,6587.034000000001,957.99,19.504,5609.540000000001
2025-10-30,6587.034000000001,957.99,19.166,5609.878000000001
2025-10-31,6587.034000000001,957.99,51.802,5577.242000000001
2025-11-03,6587.034000000001,957.99,23.792,5605.252
2025-11-04,6587.034000000001,957.99,16.983,5612.061000000001
2025-11-05,6572.732,940.979,12.814,5618.938999999999
2025-11-06,6572.732,940.979,10.754,5620.999
2025-11-07,6572.732,940.979,4.903,5626.849999999999
2025-11-10,6572.732,940.979,7.152,5624.601
2025-11-11,6572.732,940.979,7.152,5624.601
2025-11-12,6580.462,953.816,5.886,5620.76
2025-11-13,6580.462,953.816,3.761,5622.885
2025-11-14,6580.462,953.816,1.559,5625.087
2025-11-17,6580.462,953.816,3.172,5623.474000000001
2025-11-18,6580.462,953.816,0.905,5625.741000000001
2025-11-19,6555.283,941.926,1.129,5612.228
2025-11-20,6555.283,941.926,6.52,5606.8369999999995
2025-11-21,6555.283,941.926,2.503,5610.854
2025-11-24,6555.283,941.926,1.077,5612.28
2025-11-25,6555.283,941.926,2.314,5611.043
2025-11-26,6552.419,903.394,2.217,5646.808
2025-11-27,6552.419,903.394,2.217,5646.808
2025-11-28,6552.419,903.394,7.561,5641.464
2025-12-01,6552.419,903.394,3.24,5645.785
2025-12-02,6552.419,903.394,5.62,5643.405
2025-12-03,6535.781,937.167,2.514,5596.099999999999
2025-12-04,6535.781,937.167,2.233,5596.380999999999
2025-12-05,6535.781,937.167,1.485,5597.129
2025-12-08,6535.781,937.167,1.703,5596.910999999999
2025-12-09,6535.781,937.167,3.211,5595.402999999999
2025-12-10,6539.303,858.946,5.045,5675.312
2025-12-11,6539.303,858.946,2.874,5677.483
2025-12-12,6539.303,858.946,0.838,5679.519
2025-12-15,6539.303,858.946,2.601,5677.756
2025-12-16,6539.303,858.946,1.554,5678.803
2025-12-17,6556.861,833.093,10.361,5713.407
2025-12-18,6556.861,833.093,11.708,5712.06
2025-12-19,6556.861,833.093,3.047,5720.7210000000005
2025-12-22,6556.861,833.093,1.523,5722.245
2025-12-23,6556.861,833.093,5.893,5717.875
2025-12-24,6581.231,837.12,4.803,5739.308
2025-12-25,6581.231,837.12,4.803,5739.308
2025-12-26,6581.231,837.12,20.339,5723.772
2025-12-29,6581.231,837.12,10.551,5733.5599999999995
2025-12-30,6581.231,837.12,12.605,5731.506
2025-12-31,6640.618,837.306,105.993,5697.3189999999995
2026-01-01,6640.618,837.306,105.993,5697.3189999999995
2026-01-02,6640.618,837.306,5.667,5797.6449999999995
2026-01-05,6640.618,837.306,6.485,5796.827
2026-01-06,6640.618,837.306,2.582,5800.73
2026-01-07,6573.602,796.148,4.582,5772.871999999999
2026-01-08,6573.602,796.148,3.083,5774.371
2026-01-09,6573.602,796.148,3.28,5774.174
2026-01-12,6573.602,796.148,3.402,5774.052
2026-01-13,6573.602,796.148,3.277,5774.177
2026-01-14,6581.7,779.1750000000001,3.223,5799.302
2026-01-15,6581.7,779.1750000000001,2.003,5800.522
2026-01-16,6581.7,779.1750000000001,1.222,5801.303
2026-01-19,6581.7,779.1750000000001,1.222,5801.303
2026-01-20,6581.7,779.1750000000001,3.506,5799.018999999999
2026-01-21,6584.58,869.261,3.344,5711.974999999999
2026-01-22,6584.58,869.261,2.058,5713.2609999999995
2026-01-23,6584.58,869.261,0.927,5714.392
2026-01-26,6584.58,869.261,1.489,5713.83
2026-01-27,6584.58,869.261,1.253,5714.066
2026-01-28,6587.568,923.042,1.103,5663.423
2026-01-29,6587.568,923.042,2.852,5661.674
2026-01-30,6587.568,923.042,9.629,5654.897
2026-02-02,6587.568,923.042,10.415,5654.111
2026-02-03,6587.568,923.042,1.785,5662.741
2026-02-04,6605.909000000001,908.773,2.414,5694.722000000001
2026-02-05,6605.909000000001,908.773,1.748,5695.388000000001
2026-02-06,6605.909000000001,908.773,3.111,5694.025000000001
2026-02-09,6605.909000000001,908.773,1.306,5695.830000000001
2026-02-10,6605.909000000001,908.773,1.447,5695.689
2026-02-11,6622.3820000000005,915.306,1.048,5706.028000000001
2026-02-12,6622.3820000000005,915.306,2.844,5704.232000000001
2026-02-13,6622.3820000000005,915.306,0.377,5706.6990000000005
2026-02-16,6622.3820000000005,915.306,0.377,5706.6990000000005
2026-02-17,6622.3820000000005,915.306,0.441,5706.635000000001
2026-02-18,6613.395,912.727,0.856,5699.812000000001
2026-02-19,6613.395,912.727,0.632,5700.036000000001
2026-02-20,6613.395,912.727,0.496,5700.1720000000005
2026-02-23,6613.395,912.727,0.877,5699.791
2026-02-24,6613.395,912.727,0.917,5699.751
2026-02-25,6613.7970000000005,887.612,1.159,5725.026000000001
2026-02-26,6613.7970000000005,887.612,3.796,5722.389
2026-02-27,6613.7970000000005,887.612,16.318,5709.867
2026-03-02,6613.7970000000005,887.612,0.627,5725.558
2026-03-03,6613.7970000000005,887.612,1.203,5724.982
2026-03-04,6628.894,832.053,0.877,5795.964
2026-03-05,6628.894,832.053,2.793,5794.048000000001
2026-03-06,6628.894,832.053,1.512,5795.329000000001
2026-03-09,6628.894,832.053,0.332,5796.509
2026-03-10,6628.894,832.053,0.278,5796.563
2026-03-11,6646.344,838.186,0.552,5807.606000000001
2026-03-12,6646.344,838.186,0.137,5808.021000000001
2026-03-13,6646.344,838.186,0.427,5807.731000000001
2026-03-16,6646.344,838.186,0.582,5807.576
2026-03-17,6646.344,838.186,0.797,5807.361000000001
2026-03-18,6655.939,853.052,0.698,5802.189
2026-03-19,6655.939,853.052,0.637,5802.250000000001
2026-03-20,6655.939,853.052,0.822,5802.0650000000005
2026-03-23,6655.939,853.052,0.857,5802.030000000001
2026-03-24,6655.939,853.052,1.123,5801.764000000001
2026-03-25,6657.161,874.077,0.777,5782.307
2026-03-26,6657.161,874.077,0.885,5782.199
2026-03-27,6657.161,874.077,0.992,5782.092
2026-03-30,6657.161,874.077,0.752,5782.331999999999
2026-03-31,6657.161,874.077,15.782,5767.302
2026-04-01,6675.344,847.718,2.107,5825.519
2026-04-02,6675.344,847.718,0.327,5827.299
2026-04-03,6675.344,847.718,0.327,5827.299
2026-04-06,6675.344,847.718,0.227,5827.399
2026-04-07,6675.344,847.718,15.345,5812.281
2026-04-08,6693.871,748.376,0.177,5945.318
2026-04-09,6693.871,748.376,0.402,5945.093
2026-04-10,6693.871,748.376,0.507,5944.988
2026-04-13,6693.871,748.376,0.227,5945.268
2026-04-14,6693.871,748.376,0.306,5945.189
2026-04-15,6705.696,751.354,0.223,5954.119
2026-04-16,6705.696,751.354,0.158,5954.183999999999
2026-04-17,6705.696,751.354,0.137,5954.205
2026-04-20,6705.696,751.354,0.503,5953.839
2026-04-21,6705.696,751.354,0.807,5953.535
2026-04-22,6707.419,1005.9680000000001,0.538,5700.9130000000005
2026-04-23,6707.419,1005.9680000000001,0.114,5701.337
2026-04-24,6707.419,1005.9680000000001,0.082,5701.369
2026-04-27,6707.419,1005.9680000000001,0.363,5701.088
2026-04-28,6707.419,1005.9680000000001,0.643,5700.808
2026-04-29,6699.95,981.929,0.747,5717.273999999999
2026-04-30,6699.95,981.929,8.261,5709.759999999999
2026-05-01,6699.95,981.929,0.607,5717.414
2026-05-04,6699.95,981.929,0.618,5717.402999999999
2026-05-05,6699.95,981.929,1.122,5716.898999999999
2026-05-06,6709.505,877.761,1.633,5830.111000000001
2026-05-07,6709.505,877.761,0.773,5830.9710000000005
2026-05-08,6709.505,877.761,0.787,5830.957
2026-05-11,6709.505,877.761,1.133,5830.611000000001
2026-05-12,6709.505,877.761,1.199,5830.545000000001
2026-05-13,6728.502,838.5840000000001,3.719,5886.1990000000005
2026-05-14,6728.502,838.5840000000001,2.034,5887.884000000001
2026-05-15,6728.502,838.5840000000001,0.647,5889.271000000001
2026-05-18,6728.502,838.5840000000001,7.193,5882.725
2026-05-19,6728.502,838.5840000000001,12.911,5877.0070000000005
2026-05-20,6713.643,781.293,24.867,5907.483
2026-05-21,6713.643,781.293,3.281,5929.069
2026-05-22,6713.643,781.293,0.965,5931.385
2026-05-25,6713.643,781.293,0.965,5931.385
2026-05-26,6713.643,781.293,1.787,5930.563
2026-05-27,6704.383,830.296,1.853,5872.2339999999995
2026-05-28,6704.383,830.296,1.163,5872.924
2026-05-29,6704.383,830.296,11.677,5862.41
2026-06-01,6704.383,830.296,1.302,5872.785
2026-06-02,6704.383,830.296,2.502,5871.584999999999
2026-06-03,6711.495,875.713,2.062,5833.72
2026-06-04,6711.495,875.713,1.122,5834.66
2026-06-05,6711.495,875.713,0.761,5835.021
2026-06-08,6711.495,875.713,1.832,5833.95
2026-06-09,6711.495,875.713,0.577,5835.205
2026-06-10,6725.397,828.1220000000001,0.387,5896.888
2026-06-11,6725.397,828.1220000000001,0.46,5896.815
