Date,BTAL,DBMF,KMLM,MNA,MTUM,QAI,QUAL,SIZE,SPY,USMV,VLUE
2009-01-02,,,,,,,,,67.98124694824219,,
2009-01-05,,,,,,,,,67.90084075927734,,
2009-01-06,,,,,,,,,68.35424041748047,,
2009-01-07,,,,,,,,,66.30659484863281,,
2009-01-08,,,,,,,,,66.5771713256836,,
2009-01-09,,,,,,,,,65.1511459350586,,
2009-01-12,,,,,,,,,63.58617401123047,,
2009-01-13,,,,,,,,,63.70321273803711,,
2009-01-14,,,,,,,,,61.699440002441406,,
2009-01-15,,,,,,,,,61.72137451171875,,
2009-01-16,,,,,,,,,62.204002380371094,,
2009-01-20,,,,,,,,,58.9205207824707,,
2009-01-21,,,,,,,,,61.46541213989258,,
2009-01-22,,,,,,,,,60.514747619628906,,
2009-01-23,,,,,,,,,60.77801513671875,,
2009-01-26,,,,,,,,,61.19483184814453,,
2009-01-27,,,,,,,,,61.816463470458984,,
2009-01-28,,,,,,,,,63.90793228149414,,
2009-01-29,,,,,,,,,61.8310661315918,,
2009-01-30,,,,,,,,,60.57323455810547,,
2009-02-02,,,,,,,,,60.39041519165039,,
2009-02-03,,,,,,,,,61.23872756958008,,
2009-02-04,,,,,,,,,60.938873291015625,,
2009-02-05,,,,,,,,,61.845680236816406,,
2009-02-06,,,,,,,,,63.60810470581055,,
2009-02-09,,,,,,,,,63.695858001708984,,
2009-02-10,,,,,,,,,60.77801513671875,,
2009-02-11,,,,,,,,,61.136348724365234,,
2009-02-12,,,,,,,,,61.18022918701172,,
2009-02-13,,,,,,,,,60.52205276489258,,
2009-02-17,,,,,,,,,57.93327331542969,,
2009-02-18,,,,,,,,,57.79430389404297,,
2009-02-19,,,,,,,,,57.17268753051758,,
2009-02-20,,,,,,,,,56.61691665649414,,
2009-02-23,,,,,,,,,54.59124755859375,,
2009-02-24,,,,,,,,,56.66079330444336,,
2009-02-25,,,,,,,,,56.21472930908203,,
2009-02-26,,,,,,,,,55.30061340332031,,
2009-02-27,,,,,,,,,54.0647087097168,,
2009-03-02,,,,,,,,,51.62947463989258,,
2009-03-03,,,,,,,,,51.241912841796875,,
2009-03-04,,,,,,,,,52.45584487915039,,
2009-03-05,,,,,,,,,50.31314468383789,,
2009-03-06,,,,,,,,,50.40089797973633,,
2009-03-09,,,,,,,,,49.80857467651367,,
2009-03-10,,,,,,,,,52.77761459350586,,
2009-03-11,,,,,,,,,53.121334075927734,,
2009-03-12,,,,,,,,,55.21282196044922,,
2009-03-13,,,,,,,,,55.6442985534668,,
2009-03-16,,,,,,,,,55.47609329223633,,
2009-03-17,,,,,,,,,57.17268753051758,,
2009-03-18,,,,,,,,,58.45248031616211,,
2009-03-19,,,,,,,,,57.72849655151367,,
2009-03-20,,,,,,,,,56.49921798706055,,
2009-03-23,,,,,,,,,60.5575065612793,,
2009-03-24,,,,,,,,,59.364315032958984,,
2009-03-25,,,,,,19.89838981628418,,,59.99037551879883,,
2009-03-26,,,,,,19.906291961669922,,,61.21300506591797,,
2009-03-27,,,,,,19.724607467651367,,,60.108211517333984,,
2009-03-30,,,,,,19.550825119018555,,,58.03121566772461,,
2009-03-31,,,,,,19.67721176147461,,,58.56887435913086,,
2009-04-01,,,,,,19.62192153930664,,,59.70314025878906,,
2009-04-02,,,,,,19.835201263427734,,,61.44869613647461,,
2009-04-03,,,,,,19.748308181762695,,,62.06004333496094,,
2009-04-06,,,,,,19.843095779418945,,,61.573936462402344,,
2009-04-07,,,,,,19.835201263427734,,,60.137691497802734,,
2009-04-08,,,,,,19.850997924804688,,,60.78582763671875,,
2009-04-09,,,,,,19.99318504333496,,,63.20166015625,,
2009-04-13,,,,,,20.048479080200195,,,63.21638870239258,,
2009-04-14,,,,,,19.99318504333496,,,62.12632751464844,,
2009-04-15,,,,,,20.024782180786133,,,62.7891960144043,,
2009-04-16,,,,,,20.04058074951172,,,63.709842681884766,,
2009-04-17,,,,,,20.056379318237305,,,64.13705444335938,,
2009-04-20,,,,,,19.827301025390625,,,61.44869613647461,,
2009-04-21,,,,,,19.92999267578125,,,62.649227142333984,,
2009-04-22,,,,,,19.92999267578125,,,62.266231536865234,,
2009-04-23,,,,,,19.94578742980957,,,62.877559661865234,,
2009-04-24,,,,,,20.008983612060547,,,63.82770538330078,,
2009-04-27,,,,,,19.874696731567383,,,63.223731994628906,,
2009-04-28,,,,,,19.906291961669922,,,63.024879455566406,,
2009-04-29,,,,,,19.99318504333496,,,64.36534118652344,,
2009-04-30,,,,,,20.127477645874023,,,64.38746643066406,,
2009-05-01,,,,,,20.095876693725586,,,64.7336196899414,,
2009-05-04,,,,,,20.372350692749023,,,66.93582153320312,,
2009-05-05,,,,,,20.348657608032227,,,66.70755767822266,,
2009-05-06,,,,,,20.388153076171875,,,67.86388397216797,,
2009-05-07,,,,,,20.435546875,,,66.92112731933594,,
2009-05-08,,,,,,20.380250930786133,,,68.48258209228516,,
2009-05-11,,,,,,20.324954986572266,,,67.20099639892578,,
2009-05-12,,,,,,20.39605140686035,,,67.00215148925781,,
2009-05-13,,,,,,20.324954986572266,,,65.31549835205078,,
2009-05-14,,,,,,20.372350692749023,,,65.87525177001953,,
2009-05-15,,,,,,20.332857131958008,,,65.33757781982422,,
2009-05-18,,,,,,20.467145919799805,,,67.19363403320312,,
2009-05-19,,,,,,20.506641387939453,,,67.11261749267578,,
2009-05-20,,,,,,20.61723518371582,,,66.66336059570312,,
2009-05-21,,,,,,20.467145919799805,,,65.70587921142578,,
2009-05-22,,,,,,20.51453971862793,,,65.56591796875,,
2009-05-26,,,,,,20.45924186706543,,,67.24519348144531,,
2009-05-27,,,,,,20.42764663696289,,,66.04466247558594,,
2009-05-28,,,,,,20.846309661865234,,,66.9653549194336,,
2009-05-29,,,,,,20.688325881958008,,,68.15113830566406,,
2009-06-01,,,,,,20.751522064208984,,,69.80096435546875,,
2009-06-02,,,,,,20.7357234954834,,,69.85989379882812,,
2009-06-03,,,,,,20.58563232421875,,,68.97605895996094,,
2009-06-04,,,,,,20.61723518371582,,,69.62417602539062,,
2009-06-05,,,,,,20.61723518371582,,,69.63893127441406,,
2009-06-08,,,,,,20.490846633911133,,,69.3516616821289,,
2009-06-09,,,,,,20.53823471069336,,,69.70521545410156,,
2009-06-10,,,,,,20.593530654907227,,,69.52842712402344,,
2009-06-11,,,,,,20.688325881958008,,,69.83778381347656,,
2009-06-12,,,,,,20.61723518371582,,,70.02928161621094,,
2009-06-15,,,,,,20.53823471069336,,,68.42366027832031,,
2009-06-16,,,,,,20.522441864013672,,,67.49562072753906,,
2009-06-17,,,,,,20.482940673828125,,,67.42938232421875,,
2009-06-18,,,,,,20.443443298339844,,,67.92279052734375,,
2009-06-19,,,,,,20.443443298339844,,,68.17314910888672,,
2009-06-22,,,,,,20.301258087158203,,,66.1288833618164,,
2009-06-23,,,,,,20.348657608032227,,,66.18071746826172,,
2009-06-24,,,,,,20.475046157836914,,,66.75106048583984,,
2009-06-25,,,,,,20.51453971862793,,,68.20282745361328,,
2009-06-26,,,,,,20.593530654907227,,,68.02503204345703,,
2009-06-29,,,,,,20.640932083129883,,,68.66203308105469,,
2009-06-30,,,,,,20.61723518371582,,,68.10651397705078,,
2009-07-01,,,,,,20.593530654907227,,,68.38794708251953,,
2009-07-02,,,,,,20.601430892944336,,,66.52140045166016,,
2009-07-06,,,,,,20.554040908813477,,,66.51402282714844,,
2009-07-07,,,,,,20.51453971862793,,,65.22518920898438,,
2009-07-08,,,,,,20.498743057250977,,,65.18074798583984,,
2009-07-09,,,,,,20.61723518371582,,,65.30672454833984,,
2009-07-10,,,,,,20.45924186706543,,,65.15116119384766,,
2009-07-13,,,,,,20.435546875,,,66.73619842529297,,
2009-07-14,,,,,,20.490846633911133,,,67.11398315429688,,
2009-07-15,,,,,,20.633033752441406,,,69.07679748535156,,
2009-07-16,,,,,,20.593530654907227,,,68.96569061279297,,
2009-07-17,,,,,,20.633033752441406,,,69.72119140625,,
2009-07-20,,,,,,20.862110137939453,,,70.46186065673828,,
2009-07-21,,,,,,20.901607513427734,,,70.78780364990234,,
2009-07-22,,,,,,20.75942039489746,,,70.77297973632812,,
2009-07-23,,,,,,20.901607513427734,,,72.33584594726562,,
2009-07-24,,,,,,20.885814666748047,,,72.6321029663086,,
2009-07-27,,,,,,20.917404174804688,,,72.84693145751953,,
2009-07-28,,,,,,20.870010375976562,,,72.50621032714844,,
2009-07-29,,,,,,20.76732063293457,,,72.32843017578125,,
2009-07-30,,,,,,20.87790870666504,,,73.0839614868164,,
2009-07-31,,,,,,20.933202743530273,,,73.18763732910156,,
2009-08-03,,,,,,21.083293914794922,,,74.39498138427734,,
2009-08-04,,,,,,21.027996063232422,,,74.5875244140625,,
2009-08-05,,,,,,20.996400833129883,,,74.37273406982422,,
2009-08-06,,,,,,20.933202743530273,,,73.98758697509766,,
2009-08-07,,,,,,20.87790870666504,,,74.95789337158203,,
2009-08-10,,,,,,21.012197494506836,,,74.80235290527344,,
2009-08-11,,,,,,20.85421371459961,,,73.86909484863281,,
2009-08-12,,,,,,20.909507751464844,,,74.6615982055664,,
2009-08-13,,,,,,20.964801788330078,,,75.23194122314453,,
2009-08-14,,,,,,20.862110137939453,,,74.65422821044922,,
2009-08-17,,,,,,20.743621826171875,,,72.81727600097656,,
2009-08-18,,,,,,20.862110137939453,,,73.39502716064453,,
2009-08-19,,,,,,20.870010375976562,,,74.03947448730469,,
2009-08-20,,,,,,20.917404174804688,,,74.80235290527344,,
2009-08-21,,,,,,20.933202743530273,,,76.2689208984375,,
2009-08-24,,,,,,20.972698211669922,,,76.26148223876953,,
2009-08-25,,,,,,20.909507751464844,,,76.4096450805664,,
2009-08-26,,,,,,20.933202743530273,,,76.41706085205078,,
2009-08-27,,,,,,20.925308227539062,,,76.5874252319336,,
2009-08-28,,,,,,20.933202743530273,,,76.57261657714844,,
2009-08-31,,,,,,20.846309661865234,,,75.89117431640625,,
2009-09-01,,,,,,20.696226119995117,,,74.21719360351562,,
2009-09-02,,,,,,20.89371109008789,,,73.93574523925781,,
2009-09-03,,,,,,20.964801788330078,,,74.55049133300781,,
2009-09-04,,,,,,21.083293914794922,,,75.59487915039062,,
2009-09-08,,,,,,21.154386520385742,,,76.24668884277344,,
2009-09-09,,,,,,21.130685806274414,,,76.83181762695312,,
2009-09-10,,,,,,21.154386520385742,,,77.61695861816406,,
2009-09-11,,,,,,21.16228675842285,,,77.6021499633789,,
2009-09-14,,,,,,21.122785568237305,,,77.97991180419922,,
2009-09-15,,,,,,21.16228675842285,,,78.3057861328125,,
2009-09-16,,,,,,21.296571731567383,,,79.49090576171875,,
2009-09-17,,,,,,21.257076263427734,,,79.3724365234375,,
2009-09-18,,,,,,21.24917984008789,,,79.42301940917969,,
2009-09-21,,,,,,21.209680557250977,,,79.2220687866211,,
2009-09-22,,,,,,21.257076263427734,,,79.6834945678711,,
2009-09-23,,,,,,21.241273880004883,,,79.02112579345703,,
2009-09-24,,,,,,21.193883895874023,,,78.15040588378906,,
2009-09-25,,,,,,21.24917984008789,,,77.7336196899414,,
2009-09-28,,,,,,21.272878646850586,,,79.12531280517578,,
2009-09-29,,,,,,21.225481033325195,,,78.88719177246094,,
2009-09-30,,,,,,21.367666244506836,,,78.58206176757812,,
2009-10-01,,,,,,21.2017822265625,,,76.63221740722656,,
2009-10-02,,,,,,21.3123722076416,,,76.27495574951172,,
2009-10-05,,,,,,21.501955032348633,,,77.41362762451172,,
2009-10-06,,,,,,21.470361709594727,,,78.52251434326172,,
2009-10-07,,,,,,21.41506576538086,,,78.73831176757812,,
2009-10-08,,,,,,21.509855270385742,,,79.34114074707031,,
2009-10-09,,,,,,21.42296600341797,,,79.82488250732422,,
2009-10-12,,,,,,21.501955032348633,,,80.13748931884766,,
2009-10-13,,,,,,21.525651931762695,,,79.97374725341797,,
2009-10-14,,,,,,21.699438095092773,,,81.35054016113281,,
2009-10-15,,,,,,21.620445251464844,,,81.64823150634766,,
2009-10-16,,,,,,21.58094596862793,,,81.03799438476562,,
2009-10-19,,,,,,21.683639526367188,,,81.7077407836914,,
2009-10-20,,,,,,21.62834358215332,,,81.27613830566406,,
2009-10-21,,,,,,21.63624382019043,,,80.54679870605469,,
2009-10-22,,,,,,21.707338333129883,,,81.36540222167969,,
2009-10-23,,,,,,21.65993881225586,,,80.4351577758789,,
2009-10-26,,,,,,21.549352645874023,,,79.56442260742188,,
2009-10-27,,,,,,21.541452407836914,,,79.1997299194336,,
2009-10-28,,,,,,21.288677215576172,,,77.70389556884766,,
2009-10-29,,,,,,21.565149307250977,,,79.37090301513672,,
2009-10-30,,,,,,21.257076263427734,,,77.0712890625,,
2009-11-02,,,,,,21.430864334106445,,,77.63690185546875,,
2009-11-03,,,,,,21.407163619995117,,,77.88243103027344,,
2009-11-04,,,,,,21.51775360107422,,,78.08338928222656,,
2009-11-05,,,,,,21.565149307250977,,,79.51974487304688,,
2009-11-06,,,,,,21.51775360107422,,,79.72814178466797,,
2009-11-09,,,,,,21.715234756469727,,,81.5440673828125,,
2009-11-10,,,,,,21.746829986572266,,,81.55891418457031,,
2009-11-11,,,,,,21.75473403930664,,,81.9757080078125,,
2009-11-12,,,,,,21.675739288330078,,,81.14215850830078,,
2009-11-13,,,,,,21.802127838134766,,,81.58123779296875,,
2009-11-16,,,,,,21.873226165771484,,,82.7645492553711,,
2009-11-17,,,,23.525327682495117,,21.857423782348633,,,82.86128997802734,,
2009-11-18,,,,23.338987350463867,,21.81003189086914,,,82.80919647216797,,
2009-11-19,,,,23.338987350463867,,21.746829986572266,,,81.7301025390625,,
2009-11-20,,,,23.394887924194336,,21.715234756469727,,,81.43984985351562,,
2009-11-23,,,,23.48805809020996,,21.802127838134766,,,82.47433471679688,,
2009-11-24,,,,23.450794219970703,,21.699438095092773,,,82.600830078125,,
2009-11-25,,,,23.413524627685547,,21.865325927734375,,,82.89107513427734,,
2009-11-27,,,,23.29240608215332,,21.604644775390625,,,81.5440673828125,,
2009-11-30,,,,23.413524627685547,,21.69154167175293,,,81.81940460205078,,
2009-12-01,,,,23.311038970947266,,21.746829986572266,,,82.83154296875,,
2009-12-02,,,,23.32967185974121,,21.802127838134766,,,82.79431915283203,,
2009-12-03,,,,23.245819091796875,,21.81003189086914,,,82.14685821533203,,
2009-12-04,,,,23.15264892578125,,21.69154167175293,,,82.61573028564453,,
2009-12-07,,,,23.199235916137695,,21.746829986572266,,,82.48920440673828,,
2009-12-08,,,,23.21786880493164,,21.644142150878906,,,81.57382202148438,,
2009-12-09,,,,23.134016036987305,,21.644142150878906,,,81.87891387939453,,
2009-12-10,,,,23.208547592163086,,21.699438095092773,,,82.3403549194336,,
2009-12-11,,,,23.283084869384766,,21.699438095092773,,,82.69012451171875,,
2009-12-14,,,,23.57191276550293,,21.738935470581055,,,83.25574493408203,,
2009-12-15,,,,23.599863052368164,,21.58884620666504,,,82.86872100830078,,
2009-12-16,,,,23.646448135375977,,21.707338333129883,,,82.99524688720703,,
2009-12-17,,,,23.76757049560547,,21.565149307250977,,,81.998046875,,
2009-12-18,,,,23.665077209472656,,21.533554077148438,,,82.4619140625,,
2009-12-21,,,,23.991174697875977,,21.44666290283203,,,83.2999038696289,,
2009-12-22,,,,23.80483627319336,,21.46245765686035,,,83.59923553466797,,
2009-12-23,,,,23.871925354003906,,21.6146297454834,,,83.7637939453125,,
2009-12-24,,,,23.853288650512695,,21.48715591430664,,,84.16036224365234,,
2009-12-28,,,,23.89987564086914,,21.4632568359375,,,84.33998107910156,,
2009-12-29,,,,23.76011085510254,,21.56682777404785,,,84.2202377319336,,
2009-12-30,,,,23.79738426208496,,21.598695755004883,,,84.19031524658203,,
2009-12-31,,,,23.75079345703125,,21.6146297454834,,,83.38224029541016,,
2010-01-04,,,,23.94646453857422,,21.853639602661133,,,84.79638671875,,
2010-01-05,,,,23.853288650512695,,21.90941047668457,,,85.0208511352539,,
2010-01-06,,,,23.94646453857422,,21.949247360229492,,,85.08069610595703,,
2010-01-07,,,,23.993053436279297,,21.893476486206055,,,85.43985748291016,,
2010-01-08,,,,23.834653854370117,,21.949247360229492,,,85.72420501708984,,
2010-01-11,,,,23.955781936645508,,21.941280364990234,,,85.8438720703125,,
2010-01-12,,,,23.89987564086914,,21.853639602661133,,,85.04329681396484,,
2010-01-13,,,,23.955781936645508,,21.86957359313965,,,85.76158142089844,,
2010-01-14,,,,23.955781936645508,,21.86160659790039,,,85.9935302734375,,
2010-01-15,,,,23.89987564086914,,21.773969650268555,,,85.02832794189453,,
2010-01-19,,,,24.17940902709961,,21.877540588378906,,,86.09081268310547,,
2010-01-20,,,,23.871925354003906,,21.702268600463867,,,85.21540069580078,,
2010-01-21,,,,24.104867935180664,,21.51902198791504,,,83.57672882080078,,
2010-01-22,,,,24.00237274169922,,21.35968780517578,,,81.71370697021484,,
2010-01-25,,,,23.89055824279785,,21.48715591430664,,,82.13269805908203,,
2010-01-26,,,,24.13282012939453,,21.367652893066406,,,81.78851318359375,,
2010-01-27,,,,23.983736038208008,,21.327816009521484,,,82.17759704589844,,
2010-01-28,,,,24.03032684326172,,21.29594612121582,,,81.23482513427734,,
2010-01-29,,,,23.871925354003906,,21.272045135498047,,,80.3519287109375,,
2010-02-01,,,,24.03032684326172,,21.391555786132812,,,81.60145568847656,,
2010-02-02,,,,24.039642333984375,,21.439353942871094,,,82.58910369873047,,
2010-02-03,,,,24.13282012939453,,21.39952278137207,,,82.17759704589844,,
2010-02-04,,,,23.78806495666504,,21.096771240234375,,,79.6410903930664,,
2010-02-05,,,,23.78806495666504,,21.017099380493164,,,79.80571746826172,,
2010-02-08,,,,23.76011085510254,,20.961332321166992,,,79.22956848144531,,
2010-02-09,,,,23.983736038208008,,21.21627426147461,,,80.22472381591797,,
2010-02-10,,,,23.834653854370117,,21.12067222595215,,,80.06759643554688,,
2010-02-11,,,,24.13282012939453,,21.232208251953125,,,80.90558624267578,,
2010-02-12,,,,24.086233139038086,,21.176441192626953,,,80.83826446533203,,
2010-02-16,,,,24.039642333984375,,21.327816009521484,,,82.11026763916016,,
2010-02-17,,,,24.16077423095703,,21.30391502380371,,,82.49934387207031,,
2010-02-18,,,,24.188724517822266,,21.35968780517578,,,82.98565673828125,,
2010-02-19,,,,24.207361221313477,,21.272045135498047,,,83.15774536132812,,
2010-02-22,,,,24.16077423095703,,21.311880111694336,,,83.17272186279297,,
2010-02-23,,,,24.039642333984375,,21.184410095214844,,,82.16260528564453,,
2010-02-24,,,,24.198041915893555,,21.25611114501953,,,82.91835021972656,,
2010-02-25,,,,24.188724517822266,,21.192373275756836,,,82.80610656738281,,
2010-02-26,,,,24.188724517822266,,21.264081954956055,,,82.85846710205078,,
2010-03-01,,,,24.039642333984375,,21.343748092651367,,,83.7188949584961,,
2010-03-02,,,,24.225997924804688,,21.4951229095459,,,83.95086669921875,,
2010-03-03,,,,24.198041915893555,,21.526994705200195,,,84.02572631835938,,
2010-03-04,,,,24.170089721679688,,21.47122573852539,,,84.28009796142578,,
2010-03-05,,,,24.486894607543945,,21.590728759765625,,,85.4847183227539,,
2010-03-08,,,,24.4403018951416,,21.590728759765625,,,85.49971008300781,,
2010-03-09,,,,24.393714904785156,,21.598695755004883,,,85.641845703125,,
2010-03-10,,,,24.486894607543945,,21.65446662902832,,,86.02348327636719,,
2010-03-11,,,,24.46825408935547,,21.646495819091797,,,86.38260650634766,,
2010-03-12,,,,24.365760803222656,,21.670400619506836,,,86.39008331298828,,
2010-03-15,,,,24.356443405151367,,21.598695755004883,,,86.41254425048828,,
2010-03-16,,,,24.33780860900879,,21.67836570739746,,,87.10090637207031,,
2010-03-17,,,,24.552114486694336,,21.742103576660156,,,87.6171875,,
2010-03-18,,,,24.44961929321289,,21.694299697875977,,,87.57230377197266,,
2010-03-19,,,,24.412351608276367,,21.598695755004883,,,87.12898254394531,,
2010-03-22,,,,24.356443405151367,,21.590728759765625,,,87.59483337402344,,
2010-03-23,,,,24.30985450744629,,21.67836570739746,,,88.2109146118164,,
2010-03-24,,,,24.30985450744629,,21.479188919067383,,,87.78266906738281,,
2010-03-25,,,,24.039642333984375,,21.407485961914062,,,87.63992309570312,,
2010-03-26,,,,24.04895782470703,,21.503089904785156,,,87.58734130859375,,
2010-03-29,,,,24.086233139038086,,21.582759857177734,,,88.1432876586914,,
2010-03-30,,,,24.235313415527344,,21.65446662902832,,,88.203369140625,,
2010-03-31,,,,24.253952026367188,,21.670400619506836,,,87.90282440185547,,
2010-04-01,,,,24.319175720214844,,21.8217716217041,,,88.5039291381836,,
2010-04-05,,,,24.46825408935547,,21.766002655029297,,,89.22517395019531,,
2010-04-06,,,,24.430986404418945,,21.758037567138672,,,89.43553161621094,,
2010-04-07,,,,24.393714904785156,,21.75006675720215,,,88.92464447021484,,
2010-04-08,,,,24.412351608276367,,21.79787254333496,,,89.23268127441406,,
2010-04-09,,,,24.44961929321289,,21.82973861694336,,,89.81873321533203,,
2010-04-12,,,,24.421667098999023,,21.83770751953125,,,89.96146392822266,,
2010-04-13,,,,24.347126007080078,,21.82973861694336,,,90.02906036376953,,
2010-04-14,,,,24.356443405151367,,21.933311462402344,,,91.05085754394531,,
2010-04-15,,,,24.4403018951416,,21.949247360229492,,,91.12599182128906,,
2010-04-16,,,,24.365760803222656,,21.781936645507812,,,89.67594909667969,,
2010-04-19,,,,24.272584915161133,,21.773969650268555,,,90.0140380859375,,
2010-04-20,,,,24.28190040588379,,21.82973861694336,,,90.81793212890625,,
2010-04-21,,,,24.46825408935547,,21.8217716217041,,,90.65262603759766,,
2010-04-22,,,,24.458938598632812,,21.71820068359375,,,90.92310333251953,,
2010-04-23,,,,24.85028076171875,,21.773969650268555,,,91.51663970947266,,
2010-04-26,,,,24.70119857788086,,21.742103576660156,,,91.17106628417969,,
2010-04-27,,,,24.589385986328125,,21.4951229095459,,,89.01480102539062,,
2010-04-28,,,,24.654611587524414,,21.574792861938477,,,89.69094848632812,,
2010-04-29,,,,24.691879272460938,,21.686330795288086,,,90.80292510986328,,
2010-04-30,,,,24.598703384399414,,21.630563735961914,,,89.26274108886719,,
2010-05-03,,,,24.62665557861328,,21.67836570739746,,,90.41972351074219,,
2010-05-04,,,,24.375080108642578,,21.407485961914062,,,88.29353332519531,,
2010-05-05,,,,24.33780860900879,,21.224245071411133,,,87.76763916015625,,
2010-05-06,,,,23.983736038208008,,20.84979248046875,,,84.8525619506836,,
2010-05-07,,,,23.38740348815918,,20.81792640686035,,,83.59036254882812,,
2010-05-10,,,,24.021007537841797,,21.25611114501953,,,87.27177429199219,,
2010-05-11,,,,23.97441864013672,,21.160507202148438,,,87.02383422851562,,
2010-05-12,,,,24.058279037475586,,21.128639221191406,,,88.24093627929688,,
2010-05-13,,,,24.198041915893555,,21.152536392211914,,,87.14405822753906,,
2010-05-14,,,,24.12350082397461,,20.969297409057617,,,85.5663070678711,,
2010-05-17,,,,23.89055824279785,,20.95336151123047,,,85.61135864257812,,
2010-05-18,,,,23.871925354003906,,20.937429428100586,,,84.44686889648438,,
2010-05-19,,,,23.685569763183594,,20.897594451904297,,,83.96600341796875,,
2010-05-20,,,,23.0892391204834,,20.531110763549805,,,80.79549407958984,,
2010-05-21,,,,23.47126579284668,,20.72231674194336,,,81.97505950927734,,
2010-05-24,,,,23.35944938659668,,20.746219635009766,,,80.9232406616211,,
2010-05-25,,,,23.331497192382812,,20.706382751464844,,,81.005859375,,
2010-05-26,,,,23.350133895874023,,20.594850540161133,,,80.51751708984375,,
2010-05-27,,,,23.415355682373047,,20.841827392578125,,,83.21470642089844,,
2010-05-28,,,,23.58307647705078,,20.730287551879883,,,82.17039489746094,,
2010-06-01,,,,23.061283111572266,,20.72231674194336,,,80.78799438476562,,
2010-06-02,,,,23.517852783203125,,20.87369728088379,,,82.89163208007812,,
2010-06-03,,,,23.489896774291992,,20.85776138305664,,,83.17715454101562,,
2010-06-04,,,,23.201051712036133,,20.690448760986328,,,80.25455474853516,,
2010-06-07,,,,23.24764060974121,,20.754186630249023,,,79.25534057617188,,
2010-06-08,,,,23.443309783935547,,20.913530349731445,,,80.10431671142578,,
2010-06-09,,,,23.406042098999023,,20.889629364013672,,,79.67605590820312,,
2010-06-10,,,,23.76011085510254,,20.95336151123047,,,82.005126953125,,
2010-06-11,,,,23.694887161254883,,20.977266311645508,,,82.40327453613281,,
2010-06-14,,,,23.713520050048828,,20.905559539794922,,,82.27560424804688,,
2010-06-15,,,,23.965099334716797,,21.041000366210938,,,84.14634704589844,,
2010-06-16,,,,23.93714714050293,,21.017099380493164,,,84.11627197265625,,
2010-06-17,,,,23.955781936645508,,21.048969268798828,,,84.25151062011719,,
2010-06-18,,,,23.94646453857422,,21.144573211669922,,,84.34286499023438,,
2010-06-21,,,,23.853288650512695,,21.200342178344727,,,84.101318359375,,
2010-06-22,,,,23.63898277282715,,21.200342178344727,,,82.71231842041016,,
2010-06-23,,,,23.657615661621094,,21.25611114501953,,,82.45567321777344,,
2010-06-24,,,,23.55512237548828,,21.152536392211914,,,81.08931732177734,,
2010-06-25,,,,23.685569763183594,,21.25611114501953,,,81.42902374267578,,
2010-06-28,,,,23.56443977355957,,21.24017906188965,,,81.17235565185547,,
2010-06-29,,,,23.061283111572266,,21.11270523071289,,,78.66614532470703,,
2010-06-30,,,,23.48058319091797,,21.041000366210938,,,77.91883850097656,,
2010-07-01,,,,23.275590896606445,,21.128639221191406,,,77.57158660888672,,
2010-07-02,,,,23.48058319091797,,21.200342178344727,,,77.14881896972656,,
2010-07-06,,,,23.266273498535156,,21.29594612121582,,,77.65461730957031,,
2010-07-07,,,,23.592391967773438,,21.25611114501953,,,80.10042572021484,,
2010-07-08,,,,23.611026763916016,,21.311880111694336,,,80.89305114746094,,
2010-07-09,,,,23.78806495666504,,21.311880111694336,,,81.4969482421875,,
2010-07-12,,,,23.79738426208496,,21.311880111694336,,,81.54981231689453,,
2010-07-13,,,,23.66693115234375,,21.375619888305664,,,82.78026580810547,,
2010-07-14,,,,23.871925354003906,,21.343748092651367,,,82.77272033691406,,
2010-07-15,,,,23.657615661621094,,21.327816009521484,,,82.79533386230469,,
2010-07-16,,,,23.78806495666504,,21.319847106933594,,,80.5156021118164,,
2010-07-19,,,,23.853288650512695,,21.319847106933594,,,80.99120330810547,,
2010-07-20,,,,23.91851234436035,,21.415451049804688,,,81.88948059082031,,
2010-07-21,,,,23.965099334716797,,21.407485961914062,,,80.82511901855469,,
2010-07-22,,,,24.142135620117188,,21.511056900024414,,,82.62926483154297,,
2010-07-23,,,,24.114181518554688,,21.54292869567871,,,83.3464126586914,,
2010-07-26,,,,24.058279037475586,,21.55885887145996,,,84.21453094482422,,
2010-07-27,,,,24.13282012939453,,21.534961700439453,,,84.20699310302734,,
2010-07-28,,,,24.207361221313477,,21.4951229095459,,,83.6634750366211,,
2010-07-29,,,,24.104867935180664,,21.534961700439453,,,83.2558364868164,,
2010-07-30,,,,24.142135620117188,,21.590728759765625,,,83.2407455444336,,
2010-08-02,,,,24.235313415527344,,21.550893783569336,,,85.120361328125,,
2010-08-03,,,,24.26326560974121,,21.6146297454834,,,84.71275329589844,,
2010-08-04,,,,24.225997924804688,,21.62259864807129,,,85.2789306640625,,
2010-08-05,,,,24.104867935180664,,21.646495819091797,,,85.1883316040039,,
2010-08-06,,,,24.07691192626953,,21.670400619506836,,,84.84107971191406,,
2010-08-09,,,,24.253952026367188,,21.694299697875977,,,85.29399871826172,,
2010-08-10,,,,24.086233139038086,,21.65446662902832,,,84.83351135253906,,
2010-08-11,,,,23.965099334716797,,21.54292869567871,,,82.50847625732422,,
2010-08-12,,,,23.955781936645508,,21.534961700439453,,,82.00271606445312,,
2010-08-13,,,,23.909194946289062,,21.638530731201172,,,81.76116180419922,,
2010-08-16,,,,24.039642333984375,,21.766002655029297,,,81.72342681884766,,
2010-08-17,,,,24.011688232421875,,21.726167678833008,,,82.72743225097656,,
2010-08-18,,,,24.011688232421875,,21.702268600463867,,,82.87838745117188,,
2010-08-19,,,,23.94646453857422,,21.75006675720215,,,81.43656921386719,,
2010-08-20,,,,23.853288650512695,,21.742103576660156,,,81.17235565185547,,
2010-08-23,,,,23.89987564086914,,21.734134674072266,,,80.86285400390625,,
2010-08-24,,,,23.853288650512695,,21.686330795288086,,,79.66259002685547,,
2010-08-25,,,,23.843971252441406,,21.65446662902832,,,79.97209167480469,,
2010-08-26,,,,23.79738426208496,,21.638530731201172,,,79.43612670898438,,
2010-08-27,,,,23.871925354003906,,21.638530731201172,,,80.66658020019531,,
2010-08-30,,,,23.76011085510254,,21.56682777404785,,,79.49652862548828,,
2010-08-31,,,,23.825332641601562,,21.630563735961914,,,79.49652862548828,,
2010-09-01,,,,23.89055824279785,,21.694299697875977,,,81.87440490722656,,
2010-09-02,,,,23.97441864013672,,21.694299697875977,,,82.63682556152344,,
2010-09-03,,,,23.676254272460938,,21.694299697875977,,,83.70874786376953,,
2010-09-07,,,,23.713520050048828,,21.630563735961914,,,82.76517486572266,,
2010-09-08,,,,23.88123893737793,,21.686330795288086,,,83.3464126586914,,
2010-09-09,,,,23.862606048583984,,21.686330795288086,,,83.73138427734375,,
2010-09-10,,,,23.89987564086914,,21.694299697875977,,,84.15415954589844,,
2010-09-13,,,,23.862606048583984,,21.8217716217041,,,85.09020233154297,,
2010-09-14,,,,23.806699752807617,,21.805837631225586,,,85.037353515625,,
2010-09-15,,,,23.89055824279785,,21.82973861694336,,,85.36194610595703,,
2010-09-16,,,,23.88123893737793,,21.789905548095703,,,85.33928680419922,,
2010-09-17,,,,23.843971252441406,,21.8217716217041,,,85.37117767333984,,
2010-09-20,,,,23.97441864013672,,21.853639602661133,,,86.67652130126953,,
2010-09-21,,,,24.04895782470703,,21.92534828186035,,,86.50196838378906,,
2010-09-22,,,,24.011688232421875,,21.941280364990234,,,86.07695770263672,,
2010-09-23,,,,23.93714714050293,,21.933311462402344,,,85.37876892089844,,
2010-09-24,,,,23.955781936645508,,21.965185165405273,,,87.13945007324219,,
2010-09-27,,,,23.955781936645508,,21.981117248535156,,,86.72207641601562,,
2010-09-28,,,,24.067594528198242,,22.044851303100586,,,87.02561950683594,,
2010-09-29,,,,24.00237274169922,,22.068756103515625,,,86.87384796142578,,
2010-09-30,,,,24.03032684326172,,22.12451934814453,,,86.61579132080078,,
2010-10-01,,,,24.04895782470703,,22.164358139038086,,,86.9801025390625,,
2010-10-04,,,,24.104867935180664,,22.180294036865234,,,86.32740783691406,,
2010-10-05,,,,24.058279037475586,,22.251996994018555,,,88.06534576416016,,
2010-10-06,,,,23.965099334716797,,22.283863067626953,,,88.05774688720703,,
2010-10-07,,,,23.871925354003906,,22.204193115234375,,,87.95150756835938,,
2010-10-08,,,,23.983736038208008,,22.299795150756836,,,88.4448013305664,,
2010-10-11,,,,23.993053436279297,,22.31572914123535,,,88.52830505371094,,
2010-10-12,,,,23.97441864013672,,22.275896072387695,,,88.80149841308594,,
2010-10-13,,,,24.039642333984375,,22.31572914123535,,,89.49212646484375,,
2010-10-14,,,,23.97441864013672,,22.220125198364258,,,89.14303588867188,,
2010-10-15,,,,23.97441864013672,,22.156391143798828,,,89.32514953613281,,
2010-10-18,,,,23.88123893737793,,22.172325134277344,,,89.76531219482422,,
2010-10-19,,,,23.843971252441406,,22.10858726501465,,,88.58902740478516,,
2010-10-20,,,,23.89987564086914,,22.220125198364258,,,89.45418548583984,,
2010-10-21,,,,23.843971252441406,,22.116552352905273,,,89.65151977539062,,
2010-10-22,,,,23.843971252441406,,22.188261032104492,,,89.81846618652344,,
2010-10-25,,,,23.89987564086914,,22.26793098449707,,,90.08409881591797,,
2010-10-26,,,,23.965099334716797,,22.26793098449707,,,90.09927368164062,,
2010-10-27,,,,24.13282012939453,,22.180294036865234,,,89.84127044677734,,
2010-10-28,,,,23.862606048583984,,22.180294036865234,,,89.85639190673828,,
2010-10-29,,,,23.76943016052246,,22.259963989257812,,,89.9247055053711,,
2010-11-01,,,,23.94646453857422,,22.31572914123535,,,89.9551010131836,,
2010-11-02,,,,23.806699752807617,,22.39539909362793,,,90.66845703125,,
2010-11-03,,,,23.993053436279297,,22.435237884521484,,,91.03272247314453,,
2010-11-04,,,,23.732158660888672,,22.48303985595703,,,92.78582763671875,,
2010-11-05,,,,23.806699752807617,,22.467105865478516,,,93.13495635986328,,
2010-11-08,,,,23.79738426208496,,22.45914077758789,,,92.96041107177734,,
2010-11-09,,,,23.685569763183594,,22.41930389404297,,,92.29252624511719,,
2010-11-10,,,,23.685569763183594,,22.3635311126709,,,92.66443634033203,,
2010-11-11,,,,23.620346069335938,,22.339630126953125,,,92.31529235839844,,
2010-11-12,,,,23.620346069335938,,22.172325134277344,,,91.22246551513672,,
2010-11-15,,,,23.592391967773438,,22.060789108276367,,,91.09344482421875,,
2010-11-16,,,,23.66693115234375,,21.99704933166504,,,89.67425537109375,,
2010-11-17,,,,23.62966537475586,,22.068756103515625,,,89.71981811523438,,
2010-11-18,,,,23.75079345703125,,22.148420333862305,,,91.04032135009766,,
2010-11-19,,,,23.56443977355957,,22.212160110473633,,,91.2907485961914,,
2010-11-22,,,,23.60171127319336,,22.164358139038086,,,91.2148666381836,,
2010-11-23,,,,23.722841262817383,,21.99704933166504,,,89.89436340332031,,
2010-11-24,,,,23.592391967773438,,22.068756103515625,,,91.22246551513672,,
2010-11-26,,,,23.676254272460938,,21.893476486206055,,,90.15995025634766,,
2010-11-29,,,,23.676254272460938,,21.989084243774414,,,90.43319702148438,,
2010-11-30,,,,23.75079345703125,,21.949247360229492,,,89.9247055053711,,
2010-12-01,,,,23.694887161254883,,21.99704933166504,,,91.83718872070312,,
2010-12-02,,,,23.685569763183594,,22.068756103515625,,,93.01354217529297,,
2010-12-03,,,,23.694887161254883,,22.132488250732422,,,93.26395416259766,,
2010-12-06,,,,23.54580307006836,,22.148420333862305,,,93.1653060913086,,
2010-12-07,,,,23.57375717163086,,21.989084243774414,,,93.21844482421875,,
2010-12-08,,,,23.48058319091797,,21.981117248535156,,,93.5599594116211,,
2010-12-09,,,,23.66693115234375,,21.989084243774414,,,93.92424011230469,,
2010-12-10,,,,23.47126579284668,,21.949247360229492,,,94.47062683105469,,
2010-12-13,,,,23.461944580078125,,21.957212448120117,,,94.53135681152344,,
2010-12-14,,,,23.461944580078125,,21.973148345947266,,,94.61483764648438,,
2010-12-15,,,,23.57375717163086,,21.885507583618164,,,94.18225860595703,,
2010-12-16,,,,23.62966537475586,,21.877540588378906,,,94.72869110107422,,
2010-12-17,,,,23.620346069335938,,21.965185165405273,,,94.83016967773438,,
2010-12-20,,,,23.48058319091797,,21.91737937927246,,,95.05901336669922,,
2010-12-21,,,,23.74147605895996,,21.949247360229492,,,95.66170501708984,,
2010-12-22,,,,23.42467498779297,,22.012981414794922,,,95.9592514038086,,
2010-12-23,,,,23.59272003173828,,21.983863830566406,,,95.82193756103516,,
2010-12-27,,,,23.63048553466797,,22.024309158325195,,,95.86009216308594,,
2010-12-28,,,,23.2717342376709,,21.983863830566406,,,95.9974136352539,,
2010-12-29,,,,23.224529266357422,,21.991952896118164,,,96.06607055664062,,
2010-12-30,,,,23.2717342376709,,22.113279342651367,,,95.91348266601562,,
2010-12-31,,,,23.31893539428711,,22.169897079467773,,,95.9364013671875,,
2011-01-03,,,,23.366140365600586,,22.177980422973633,,,96.92816925048828,,
2011-01-04,,,,23.63992691040039,,22.13753890991211,,,96.874755859375,,
2011-01-05,,,,23.677690505981445,,22.16180419921875,,,97.3782730102539,,
2011-01-06,,,,23.54551887512207,,22.105188369750977,,,97.18753051757812,,
2011-01-07,,,,23.696571350097656,,22.169897079467773,,,96.99681091308594,,
2011-01-10,,,,23.724891662597656,,22.08901023864746,,,96.874755859375,,
2011-01-11,,,,23.743776321411133,,22.129453659057617,,,97.21803283691406,,
2011-01-12,,,,23.621044158935547,,22.234600067138672,,,98.09544372558594,,
2011-01-13,,,,23.696571350097656,,22.234600067138672,,,97.93523406982422,,
2011-01-14,,,,23.611604690551758,,22.226511001586914,,,98.64471435546875,,
2011-01-18,,,,23.743776321411133,,22.186071395874023,,,98.81257629394531,,
2011-01-19,,,,23.611604690551758,,22.113279342651367,,,97.84365844726562,,
2011-01-20,,,,23.55495834350586,,22.056657791137695,,,97.71398162841797,,
2011-01-21,,,,23.6588077545166,,22.024309158325195,,,97.93523406982422,,
2011-01-24,,,,23.54551887512207,,22.040481567382812,,,98.49215698242188,,
2011-01-25,,,,23.621044158935547,,21.983863830566406,,,98.54556274414062,,
2011-01-26,,,,23.649364471435547,,22.048572540283203,,,98.927001953125,,
2011-01-27,,,,23.696571350097656,,22.03239631652832,,,99.17115020751953,,
2011-01-28,,,,23.526636123657227,,21.87063217163086,,,97.4393310546875,,
2011-01-31,,,,23.762659072875977,,21.919157028198242,,,98.17168426513672,,
2011-02-01,,,,23.73433494567871,,22.008129119873047,,,99.74333953857422,,
2011-02-02,,,,23.857065200805664,,21.943424224853516,,,99.55258178710938,,
2011-02-03,,,,23.706010818481445,,21.911073684692383,,,99.77383422851562,,
2011-02-04,,,,23.724891662597656,,21.88680648803711,,,100.05609893798828,,
2011-02-07,,,,23.819303512573242,,21.87063217163086,,,100.68170928955078,,
2011-02-08,,,,23.706010818481445,,21.86254119873047,,,101.13945770263672,,
2011-02-09,,,,23.696571350097656,,21.78165626525879,,,100.91059112548828,,
2011-02-10,,,,23.7154541015625,,21.733129501342773,,,100.9487075805664,,
2011-02-11,,,,23.83818244934082,,21.81401252746582,,,101.55142211914062,,
2011-02-14,,,,23.79098129272461,,21.822101593017578,,,101.79557800292969,,
2011-02-15,,,,23.913711547851562,,21.797836303710938,,,101.47509765625,,
2011-02-16,,,,23.979793548583984,,21.911073684692383,,,102.11599731445312,,
2011-02-17,,,,23.885387420654297,,21.951509475708008,,,102.42115783691406,,
2011-02-18,,,,23.857065200805664,,21.991952896118164,,,102.63475799560547,,
2011-02-22,,,,23.819303512573242,,21.765483856201172,,,100.57489013671875,,
2011-02-23,,,,23.79098129272461,,21.80592155456543,,,99.95693969726562,,
2011-02-24,,,,23.7154541015625,,21.838275909423828,,,99.88825225830078,,
2011-02-25,,,,23.885387420654297,,21.943424224853516,,,100.95633697509766,,
2011-02-28,,,,23.63992691040039,,21.97577476501465,,,101.5819320678711,,
2011-03-01,,,,23.743776321411133,,21.911073684692383,,,99.88825225830078,,
2011-03-02,,,,23.875947952270508,,22.024309158325195,,,100.10189056396484,,
2011-03-03,,,,23.979793548583984,,22.072837829589844,,,101.82606506347656,,
2011-03-04,,,,23.92315101623535,,22.113279342651367,,,101.06314086914062,,
2011-03-07,,,,23.828744888305664,,22.048572540283203,,,100.26973724365234,,
2011-03-08,,,,23.743776321411133,,22.040481567382812,,,101.1470947265625,,
2011-03-09,,,,23.885387420654297,,22.056657791137695,,,101.00211334228516,,
2011-03-10,,,,23.66824722290039,,21.927248001098633,,,99.13299560546875,,
2011-03-11,,,,23.951475143432617,,21.927248001098633,,,99.81961822509766,,
2011-03-14,,,,23.92315101623535,,21.88680648803711,,,99.2169189453125,,
2011-03-15,,,,24.03644371032715,,21.69268798828125,,,98.08016204833984,,
2011-03-16,,,,23.99867820739746,,21.54709815979004,,,96.26444244384766,,
2011-03-17,,,,23.86650848388672,,21.733129501342773,,,97.53852081298828,,
2011-03-18,,,,24.03644371032715,,21.84636688232422,,,97.89326477050781,,
2011-03-21,,,,24.03644371032715,,21.951509475708008,,,99.410400390625,,
2011-03-22,,,,23.913711547851562,,21.9596004486084,,,99.06560516357422,,
2011-03-23,,,,23.979793548583984,,21.991952896118164,,,99.3490982055664,,
2011-03-24,,,,23.979793548583984,,22.03239631652832,,,100.29924774169922,,
2011-03-25,,,,23.89483070373535,,21.991952896118164,,,100.60570526123047,,
2011-03-28,,,,23.92315101623535,,21.97577476501465,,,100.36050415039062,,
2011-03-29,,,,23.942035675048828,,21.97577476501465,,,101.0348129272461,,
2011-03-30,,,,24.178054809570312,,22.064746856689453,,,101.7320785522461,,
2011-03-31,,,,24.121408462524414,,22.09710121154785,,,101.59416961669922,,
2011-04-01,,,,24.07420539855957,,22.16180419921875,,,102.023193359375,,
2011-04-04,,,,24.196935653686523,,22.275041580200195,,,102.10755157470703,,
2011-04-05,,,,24.14973258972168,,22.234600067138672,,,102.09222412109375,,
2011-04-06,,,,24.187496185302734,,22.19416046142578,,,102.41404724121094,,
2011-04-07,,,,24.111970901489258,,22.20224952697754,,,102.15350341796875,,
2011-04-08,,,,23.857065200805664,,22.20224952697754,,,101.80105590820312,,
2011-04-11,,,,23.970355987548828,,22.145631790161133,,,101.49453735351562,,
2011-04-12,,,,23.885387420654297,,22.12136459350586,,,100.7359390258789,,
2011-04-13,,,,23.781539916992188,,22.19416046142578,,,100.72827911376953,,
2011-04-14,,,,23.904268264770508,,22.177980422973633,,,100.804931640625,,
2011-04-15,,,,23.99867820739746,,22.218420028686523,,,101.17271423339844,,
2011-04-18,,,,23.99867820739746,,22.21033477783203,,,100.03868865966797,,
2011-04-19,,,,24.07420539855957,,22.234600067138672,,,100.61336517333984,,
2011-04-20,,,,24.07420539855957,,22.323572158813477,,,101.98493957519531,,
2011-04-21,,,,23.89483070373535,,22.33974838256836,,,102.50595092773438,,
2011-04-25,,,,23.99867820739746,,22.372102737426758,,,102.39868927001953,,
2011-04-26,,,,24.02699851989746,,22.3963680267334,,,103.27984619140625,,
2011-04-27,,,,24.045883178710938,,22.485340118408203,,,103.95411682128906,,
2011-04-28,,,,24.045883178710938,,22.46915626525879,,,104.291259765625,,
2011-04-29,,,,23.960914611816406,,22.517690658569336,,,104.53645324707031,,
2011-05-02,,,,24.07420539855957,,22.477245330810547,,,104.37554931640625,,
2011-05-03,,,,23.99867820739746,,22.41254234313965,,,104.00009155273438,,
2011-05-04,,,,23.847625732421875,,22.372102737426758,,,103.31047821044922,,
2011-05-05,,,,23.99867820739746,,22.258869171142578,,,102.37571716308594,,
2011-05-06,,,,23.89483070373535,,22.283132553100586,,,102.82777404785156,,
2011-05-09,,,,23.819303512573242,,22.41254234313965,,,103.2262191772461,,
2011-05-10,,,,23.989240646362305,,22.3963680267334,,,104.10733795166016,,
2011-05-11,,,,23.83818244934082,,22.35592269897461,,,103.01171875,,
2011-05-12,,,,23.89483070373535,,22.347835540771484,,,103.5020751953125,,
2011-05-13,,,,23.83818244934082,,22.31548500061035,,,102.70513916015625,,
2011-05-16,,,,23.753215789794922,,22.283132553100586,,,102.05388641357422,,
2011-05-17,,,,23.828744888305664,,22.307395935058594,,,102.0385513305664,,
2011-05-18,,,,23.932592391967773,,22.347835540771484,,,102.95040893554688,,
2011-05-19,,,,23.83818244934082,,22.283132553100586,,,103.19559478759766,,
2011-05-20,,,,23.960914611816406,,22.283132553100586,,,102.37571716308594,,
2011-05-23,,,,24.07420539855957,,22.250774383544922,,,101.18802642822266,,
2011-05-24,,,,23.828744888305664,,22.24268913269043,,,101.10379791259766,,
2011-05-25,,,,24.045883178710938,,22.26695442199707,,,101.44090270996094,,
2011-05-26,,,,23.960914611816406,,22.323572158813477,,,101.9083023071289,,
2011-05-27,,,,23.875947952270508,,22.43680763244629,,,102.29907989501953,,
2011-05-31,,,,23.92315101623535,,22.517690658569336,,,103.36412811279297,,
2011-06-01,,,,23.79098129272461,,22.404455184936523,,,101.0424575805664,,
2011-06-02,,,,23.875947952270508,,22.3963680267334,,,100.9351806640625,,
2011-06-03,,,,23.932592391967773,,22.364011764526367,,,99.9314193725586,,
2011-06-06,,,,23.847625732421875,,22.29121971130371,,,98.87403106689453,,
2011-06-07,,,,23.847625732421875,,22.323572158813477,,,98.81275177001953,,
2011-06-08,,,,23.951475143432617,,22.26695442199707,,,98.39899444580078,,
2011-06-09,,,,24.02699851989746,,22.33974838256836,,,99.14987182617188,,
2011-06-10,,,,23.772098541259766,,22.20224952697754,,,97.77067565917969,,
2011-06-13,,,,23.828744888305664,,22.20224952697754,,,97.84730529785156,,
2011-06-14,,,,23.979793548583984,,22.234600067138672,,,99.08859252929688,,
2011-06-15,,,,23.857065200805664,,22.19416046142578,,,97.32623291015625,,
2011-06-16,,,,23.828744888305664,,22.145631790161133,,,97.54080963134766,,
2011-06-17,,,,23.89483070373535,,22.177980422973633,,,97.83185577392578,,
2011-06-20,,,,23.99867820739746,,22.16180419921875,,,98.3323974609375,,
2011-06-21,,,,24.055322647094727,,22.24268913269043,,,99.679931640625,,
2011-06-22,,,,23.951475143432617,,22.226511001586914,,,99.07931518554688,,
2011-06-23,,,,23.904268264770508,,22.20224952697754,,,98.79441833496094,,
2011-06-24,,,,23.847625732421875,,22.20224952697754,,,97.64705657958984,,
2011-06-27,,,,23.753215789794922,,22.20224952697754,,,98.51718139648438,,
2011-06-28,,,,24.045883178710938,,22.186071395874023,,,99.80314636230469,,
2011-06-29,,,,23.979793548583984,,22.21033477783203,,,100.65786743164062,,
2011-06-30,,,,23.79098129272461,,22.275041580200195,,,101.62040710449219,,
2011-07-01,,,,23.857065200805664,,22.31548500061035,,,103.1219482421875,,
2011-07-05,,,,23.79098129272461,,22.372102737426758,,,103.0372543334961,,
2011-07-06,,,,23.828744888305664,,22.323572158813477,,,103.16044616699219,,
2011-07-07,,,,24.017562866210938,,22.41254234313965,,,104.23080444335938,,
2011-07-08,,,,23.857065200805664,,22.46915626525879,,,103.49156188964844,,
2011-07-11,,,,23.649364471435547,,22.35592269897461,,,101.62040710449219,,
2011-07-12,,,,23.73433494567871,,22.38827896118164,,,101.18148803710938,,
2011-07-13,,,,23.970355987548828,,22.444894790649414,,,101.52032470703125,,
2011-07-14,,,,23.89483070373535,,22.38827896118164,,,100.81954956054688,,
2011-07-15,,,,24.017562866210938,,22.43680763244629,,,101.40478515625,,
2011-07-18,,,,23.89483070373535,,22.35592269897461,,,100.57317352294922,,
2011-07-19,,,,23.932592391967773,,22.477245330810547,,,102.20561218261719,,
2011-07-20,,,,24.111970901489258,,22.46915626525879,,,102.14401245117188,,
2011-07-21,,,,24.02699851989746,,22.461069107055664,,,103.56089782714844,,
2011-07-22,,,,24.017562866210938,,22.525779724121094,,,103.63015747070312,,
2011-07-25,,,,23.979793548583984,,22.444894790649414,,,103.05268096923828,,
2011-07-26,,,,23.951475143432617,,22.509605407714844,,,102.66763305664062,,
2011-07-27,,,,23.83818244934082,,22.372102737426758,,,100.5654525756836,,
2011-07-28,,,,23.8004207611084,,22.404455184936523,,,100.2728500366211,,
2011-07-29,,,,23.724891662597656,,22.428720474243164,,,99.58753204345703,,
2011-08-01,,,,23.762659072875977,,22.452985763549805,,,99.16402435302734,,
2011-08-02,,,,23.63992691040039,,22.41254234313965,,,96.630615234375,,
2011-08-03,,,,23.469987869262695,,22.485340118408203,,,97.15425872802734,,
2011-08-04,,,,22.64863395690918,,22.21033477783203,,,92.6033935546875,,
2011-08-05,,,,22.856332778930664,,22.153718948364258,,,92.46477508544922,,
2011-08-08,,,,21.883926391601562,,21.86254119873047,,,86.44317626953125,,
2011-08-09,,,,22.47869873046875,,22.03239631652832,,,90.46270751953125,,
2011-08-10,,,,22.63919448852539,,21.911073684692383,,,86.46629333496094,,
2011-08-11,,,,22.790246963500977,,21.9596004486084,,,90.34723663330078,,
2011-08-12,,,,22.903539657592773,,22.08901023864746,,,90.95553588867188,,
2011-08-15,,,,23.05459213256836,,22.218420028686523,,,92.880615234375,,
2011-08-16,,,,22.752485275268555,,22.20224952697754,,,92.08749389648438,,
2011-08-17,,,,22.97906494140625,,22.186071395874023,,,92.1490707397461,,
2011-08-18,,,,22.667518615722656,,22.008129119873047,,,88.17573547363281,,
2011-08-19,,,,22.7430419921875,,22.056657791137695,,,86.73576354980469,,
2011-08-22,,,,22.733604431152344,,22.048572540283203,,,86.80511474609375,,
2011-08-23,,,,22.771366119384766,,22.09710121154785,,,89.66190338134766,,
2011-08-24,,,,22.705278396606445,,21.991952896118164,,,90.92477416992188,,
2011-08-25,,,,22.752485275268555,,22.000043869018555,,,89.53868865966797,,
2011-08-26,,,,22.91297721862793,,22.105188369750977,,,90.84001159667969,,
2011-08-29,,,,23.045150756835938,,22.186071395874023,,,93.4504165649414,,
2011-08-30,,,,22.922422409057617,,22.275041580200195,,,93.69682312011719,,
2011-08-31,,,,23.281171798706055,,22.283132553100586,,,94.11266326904297,,
2011-09-01,,,,23.13011932373047,,22.250774383544922,,,93.12702941894531,,
2011-09-02,,,,22.922422409057617,,22.234600067138672,,,90.74764251708984,,
2011-09-06,,,,22.903539657592773,,22.258869171142578,,,90.08537292480469,,
2011-09-07,,,,23.082918167114258,,22.323572158813477,,,92.62648010253906,,
2011-09-08,,,,23.045150756835938,,22.307395935058594,,,91.66397857666016,,
2011-09-09,,,,22.88465690612793,,22.20224952697754,,,89.26148223876953,,
2011-09-12,,,,22.931859970092773,,22.13753890991211,,,89.8389892578125,,
2011-09-13,21.0932559967041,,,22.91297721862793,,22.12136459350586,,,90.66293334960938,,
2011-09-14,21.008028030395508,,,22.865772247314453,,22.234600067138672,,,91.91807556152344,,
2011-09-15,20.75235366821289,,,22.988506317138672,,22.258869171142578,,,93.50432586669922,,
2011-09-16,20.760875701904297,,,23.026268005371094,,22.258869171142578,,,94.05772399902344,,
2011-09-19,21.050642013549805,,,22.790246963500977,,22.24268913269043,,,93.12117004394531,,
2011-09-20,21.0932559967041,,,23.082918167114258,,22.226511001586914,,,93.0128173828125,,
2011-09-21,21.4597225189209,,,23.035709381103516,,22.153718948364258,,,90.27279663085938,,
2011-09-22,21.81766700744629,,,22.7430419921875,,21.983863830566406,,,87.35480499267578,,
2011-09-23,21.902891159057617,,,22.809127807617188,,21.878713607788086,,,87.88111877441406,,
2011-09-26,21.988115310668945,,,22.81856918334961,,21.97577476501465,,,89.97093963623047,,
2011-09-27,21.519376754760742,,,22.903539657592773,,21.967687606811523,,,90.97715759277344,,
2011-09-28,21.715394973754883,,,22.705278396606445,,21.919157028198242,,,89.11956024169922,,
2011-09-29,22.056297302246094,,,22.837451934814453,,21.830190658569336,,,89.82392120361328,,
2011-09-30,22.158567428588867,,,22.686399459838867,,21.789745330810547,,,87.57929992675781,,
2011-10-03,22.584692001342773,,,22.308761596679688,,21.700775146484375,,,85.08696746826172,,
2011-10-04,22.46537971496582,,,22.544784545898438,,21.716955184936523,,,86.95233917236328,,
2011-10-05,21.919937133789062,,,22.591989517211914,,21.854454040527344,,,88.56227111816406,,
2011-10-06,21.561986923217773,,,22.828014373779297,,21.951509475708008,,,90.16447448730469,,
2011-10-07,21.561986923217773,,,22.7430419921875,,21.927248001098633,,,89.56074523925781,,
2011-10-10,21.33188247680664,,,22.96962547302246,,21.9596004486084,,,92.55616760253906,,
2011-10-11,21.204044342041016,,,22.780807495117188,,22.024309158325195,,,92.64904022216797,,
2011-10-12,20.803485870361328,,,22.997947692871094,,22.129453659057617,,,93.4617691040039,,
2011-10-13,20.803485870361328,,,22.790246963500977,,22.16180419921875,,,93.27597045898438,,
2011-10-14,20.45406150817871,,,22.95074462890625,,22.21033477783203,,,94.87044525146484,,
2011-10-17,20.75235366821289,,,23.148998260498047,,22.03239631652832,,,93.05927276611328,,
2011-10-18,20.45406150817871,,,22.837451934814453,,22.186071395874023,,,94.87820434570312,,
2011-10-19,20.684171676635742,,,22.846895217895508,,22.105188369750977,,,93.75586700439453,,
2011-10-20,20.75235366821289,,,23.035709381103516,,22.145631790161133,,,94.1661148071289,19.300006866455078,
2011-10-21,20.45406150817871,,,22.270999908447266,,22.21033477783203,,,95.95404815673828,19.53592872619629,
2011-10-24,19.75521469116211,,,23.196205139160156,,22.33974838256836,,,97.13056945800781,19.53592872619629,
2011-10-25,20.027936935424805,,,22.997947692871094,,22.364011764526367,,,95.24198913574219,19.467439651489258,
2011-10-26,19.772262573242188,,,23.3000545501709,,22.35592269897461,,,96.20946502685547,19.551151275634766,
2011-10-27,18.749557495117188,,,23.224529266357422,,22.590484619140625,,,99.56095886230469,19.80990219116211,
2011-10-28,18.417179107666016,,,23.40390396118164,,22.56621742248535,,,99.53773498535156,19.802297592163086,
2011-10-31,19.0904598236084,,,23.451108932495117,,22.33974838256836,,,97.13829803466797,19.75663185119629,
2011-11-01,19.601810455322266,,,23.536075592041016,,22.177980422973633,,,94.42924499511719,19.75663185119629,
2011-11-02,19.601810455322266,,,23.3000545501709,,22.41254234313965,,,95.96954345703125,19.75663185119629,
2011-11-03,19.192729949951172,,,23.536075592041016,,22.41254234313965,,,97.71880340576172,19.75663185119629,
2011-11-04,19.11602783203125,,,23.413345336914062,,22.444894790649414,,,97.12281799316406,19.634859085083008,
2011-11-07,19.21829605102539,,,23.46055030822754,,22.461069107055664,,,97.7265625,19.558761596679688,
2011-11-08,19.269432067871094,,,23.526636123657227,,22.452985763549805,,,98.9804458618164,19.863174438476562,
2011-11-09,19.269432067871094,,,23.42278480529785,,22.29121971130371,,,95.3271255493164,19.490264892578125,
2011-11-10,19.5591983795166,,,23.3000545501709,,22.29121971130371,,,96.22496795654297,19.589202880859375,
2011-11-11,19.431360244750977,,,23.54551887512207,,22.331661224365234,,,98.03614807128906,19.939281463623047,
2011-11-14,19.431360244750977,,,23.337818145751953,,22.38018798828125,,,97.10734558105469,19.80990219116211,
2011-11-15,19.601810455322266,,,23.507755279541016,,22.31548500061035,,,97.58724212646484,19.80990219116211,
2011-11-16,19.38874626159668,,,23.13011932373047,,22.21033477783203,,,96.03922271728516,19.665300369262695,
2011-11-17,20.027936935424805,,,23.252849578857422,,22.105188369750977,,,94.514404296875,19.322843551635742,
2011-11-18,19.857486724853516,,,23.347257614135742,,22.19416046142578,,,94.41381072998047,19.42938995361328,
2011-11-21,19.959754943847656,,,22.97906494140625,,22.064746856689453,,,92.61808013916016,19.13257598876953,
2011-11-22,20.027936935424805,,,22.97906494140625,,22.016216278076172,,,92.25430297851562,19.13257598876953,
2011-11-23,20.32622528076172,,,22.922422409057617,,21.88680648803711,,,90.21864318847656,18.87382698059082,
2011-11-25,20.701215744018555,,,22.922422409057617,,21.84636688232422,,,90.04838562011719,18.8662166595459,
2011-11-28,20.701215744018555,,,22.960180282592773,,22.016216278076172,,,92.65676879882812,19.2619571685791,
2011-11-29,20.701215744018555,,,23.177324295043945,,22.008129119873047,,,92.9199447631836,19.284788131713867,
2011-11-30,19.908618927001953,,,23.05459213256836,,22.16180419921875,,,96.74354553222656,19.787078857421875,
2011-12-01,19.82339859008789,,,23.177324295043945,,22.153718948364258,,,96.72807312011719,19.939281463623047,
2011-12-02,19.635900497436523,,,23.186763763427734,,22.218420028686523,,,96.64291381835938,19.878400802612305,
2011-12-05,19.473974227905273,,,23.09235382080078,,22.24268913269043,,,97.69558715820312,19.840343475341797,
2011-12-06,19.610334396362305,,,23.177324295043945,,22.258869171142578,,,97.7265625,20.007781982421875,
2011-12-07,19.610334396362305,,,23.082918167114258,,22.31548500061035,,,98.09032440185547,20.007781982421875,
2011-12-08,19.942710876464844,,,23.045150756835938,,22.20224952697754,,,95.9385757446289,20.14476203918457,
2011-12-09,20.010892868041992,,,23.2717342376709,,22.226511001586914,,,97.56403350830078,20.022998809814453,
2011-12-12,20.010892868041992,,,23.13956069946289,,22.153718948364258,,,96.13981628417969,19.741416931152344,
2011-12-13,20.41145133972168,,,22.97906494140625,,22.145631790161133,,,95.24198913574219,19.695749282836914,
2011-12-14,20.803485870361328,,,23.05459213256836,,22.064746856689453,,,94.22801971435547,19.627260208129883,
2011-12-15,20.75235366821289,,,23.233970642089844,,22.08901023864746,,,94.56856536865234,19.710968017578125,
2011-12-16,21.17848014831543,,,23.016830444335938,,22.105188369750977,,,94.70877075195312,19.718576431274414,
2011-12-19,20.922801971435547,,,23.026268005371094,,22.145631790161133,,,93.69618225097656,19.718576431274414,
2011-12-20,20.816118240356445,,,23.09235382080078,,22.13753890991211,,,96.53145599365234,19.718576431274414,
2011-12-21,20.816118240356445,,,23.243410110473633,,22.145631790161133,,,96.71839904785156,20.12954330444336,
2011-12-22,20.547245025634766,,,23.252849578857422,,22.24268913269043,,,97.57524108886719,20.19670867919922,
2011-12-23,20.547245025634766,,,23.13956069946289,,22.226511001586914,,,98.44761657714844,20.357004165649414,
2011-12-27,19.64521026611328,,,23.186763763427734,,22.24268913269043,,,98.52549743652344,20.48676872253418,
2011-12-28,19.64521026611328,,,23.186763763427734,,22.186119079589844,,,97.23247528076172,20.33409881591797,
2011-12-29,19.64521026611328,,,23.196205139160156,,22.104124069213867,,,98.23731231689453,20.418062210083008,
2011-12-30,20.56458854675293,,,23.205646514892578,,22.2025146484375,,,97.75436401367188,20.395170211791992,
2012-01-03,20.56458854675293,,,23.526636123657227,,22.333694458007812,,,99.3122329711914,20.387540817260742,
2012-01-04,20.56458854675293,,,23.375579833984375,,22.276304244995117,,,99.46797180175781,20.303573608398438,
2012-01-05,20.56458854675293,,,23.517192840576172,,22.3009033203125,,,99.73281860351562,20.303573608398438,
2012-01-06,19.888065338134766,,,23.56439781188965,,22.284502029418945,,,99.47578430175781,20.372270584106445,
2012-01-09,19.844697952270508,,,23.583280563354492,,22.3009033203125,,,99.71723937988281,20.364635467529297,
2012-01-10,19.47174644470215,,,23.7154541015625,,22.317296981811523,,,100.58185577392578,20.47913360595703,
2012-01-11,19.454397201538086,,,23.7154541015625,,22.350093841552734,,,100.63636779785156,20.47150230407715,
2012-01-12,19.385009765625,,,23.602163314819336,,22.39108657836914,,,100.8778076171875,20.547834396362305,
2012-01-13,19.64521026611328,,,23.54551887512207,,22.407487869262695,,,100.35596466064453,20.456233978271484,
2012-01-17,19.515111923217773,,,23.536075592041016,,22.42388343811035,,,100.74542236328125,20.578359603881836,
2012-01-18,19.558475494384766,,,23.602163314819336,,22.440284729003906,,,101.8592758178711,20.685224533081055,
2012-01-19,19.08144187927246,,,23.63048553466797,,22.464876174926758,,,102.39671325683594,20.75391960144043,
2012-01-20,19.168176651000977,,,23.696571350097656,,22.45667839050293,,,102.77841186523438,20.7386531829834,
2012-01-23,18.994705200195312,,,23.56439781188965,,22.464876174926758,,,102.51354217529297,20.700485229492188,
2012-01-24,19.14215660095215,,,23.621044158935547,,22.464876174926758,,,102.39671325683594,20.66232681274414,
2012-01-25,18.734506607055664,,,23.63048553466797,,22.538665771484375,,,103.25350952148438,20.80734634399414,
2012-01-26,18.87328338623047,,,23.809858322143555,,22.522268295288086,,,102.723876953125,20.7386531829834,
2012-01-27,18.977359771728516,,,23.89483070373535,,22.546865463256836,,,102.67713928222656,20.723390579223633,
2012-01-30,18.734506607055664,,,23.932592391967773,,22.555065155029297,,,102.32659912109375,20.624156951904297,
2012-01-31,18.942668914794922,,,23.89483070373535,,22.579662322998047,,,102.28766632080078,20.66232681274414,
2012-02-01,18.561037063598633,,,24.02699851989746,,22.678049087524414,,,103.18340301513672,20.8531436920166,
2012-02-02,18.63042449951172,,,24.1591739654541,,22.74363899230957,,,103.34700775146484,20.776819229125977,
2012-02-03,18.300838470458984,,,24.121408462524414,,22.77643394470215,,,104.79580688476562,20.906574249267578,
2012-02-06,18.292163848876953,,,23.913711547851562,,22.784635543823242,,,104.72569274902344,20.822612762451172,
2012-02-07,18.300838470458984,,,24.017562866210938,,22.792835235595703,,,104.99050903320312,20.952375411987305,
2012-02-08,18.196754455566406,,,23.932592391967773,,22.801034927368164,,,105.30210876464844,20.87604522705078,
2012-02-09,18.162065505981445,,,24.008119583129883,,22.751840591430664,,,105.43453979492188,20.93710708618164,
2012-02-10,18.257471084594727,,,23.989240646362305,,22.710845947265625,,,104.65557098388672,20.784448623657227,
2012-02-13,18.274816513061523,,,24.083648681640625,,22.784635543823242,,,105.43453979492188,20.8531436920166,
2012-02-14,18.257471084594727,,,24.121408462524414,,22.801034927368164,,,105.30210876464844,20.906574249267578,
2012-02-15,18.136043548583984,,,24.121408462524414,,22.784635543823242,,,104.81134796142578,20.87604522705078,
2012-02-16,18.170738220214844,,,24.121408462524414,,22.833829879760742,,,105.97193908691406,21.01343536376953,
2012-02-17,17.979921340942383,,,24.06476402282715,,22.80923080444336,,,106.25238037109375,21.051603317260742,
2012-02-21,18.023290634155273,,,24.055322647094727,,22.81743049621582,,,106.29910278320312,20.975271224975586,
2012-02-22,18.101350784301758,,,23.89483070373535,,22.891220092773438,,,105.95638275146484,20.990537643432617,
2012-02-23,18.127368927001953,,,23.89483070373535,,22.89942169189453,,,106.4237060546875,21.097396850585938,
2012-02-24,18.084003448486328,,,24.02699851989746,,22.907621383666992,,,106.65740966796875,21.1431941986084,
2012-02-27,17.997268676757812,,,24.187496185302734,,22.907621383666992,,,106.8365249633789,21.097396850585938,
2012-02-28,17.849821090698242,,,24.178054809570312,,22.981407165527344,,,107.14813995361328,21.181360244750977,
2012-02-29,18.64777183532715,,,24.168615341186523,,22.874818801879883,,,106.7275390625,21.097396850585938,
2012-03-01,18.110023498535156,,,24.168615341186523,,22.907621383666992,,,107.28055572509766,21.1431941986084,
2012-03-02,18.04930877685547,,,24.083648681640625,,22.89942169189453,,,106.95337677001953,21.097396850585938,
2012-03-05,18.300838470458984,,,24.03644371032715,,22.833829879760742,,,106.51720428466797,21.188993453979492,
2012-03-06,18.691139221191406,,,23.904268264770508,,22.74363899230957,,,104.95939636230469,21.01343536376953,
2012-03-07,18.604406356811523,,,24.272464752197266,,22.784635543823242,,,105.69156646728516,21.105030059814453,
2012-03-08,18.543691635131836,,,24.3007869720459,,22.82562828063965,,,106.74312591552734,21.25006103515625,
2012-03-09,18.387569427490234,,,24.244140625,,22.82562828063965,,,107.15593719482422,21.303491592407227,
2012-03-12,18.43961524963379,,,24.1591739654541,,22.81743049621582,,,107.1637191772461,21.417972564697266,
2012-03-13,18.448287963867188,,,24.32910919189453,,22.842025756835938,,,109.09540557861328,21.410343170166016,
2012-03-14,18.248798370361328,,,24.130849838256836,,22.68624496459961,,,108.97857666015625,21.44850730895996,
2012-03-15,18.21410369873047,,,24.22525978088379,,22.702646255493164,,,109.60948181152344,21.471412658691406,
2012-03-16,18.023290634155273,,,24.22525978088379,,22.69445037841797,,,109.76126098632812,21.479042053222656,
2012-03-19,18.361553192138672,,,24.272464752197266,,22.69445037841797,,,110.19160461425781,21.540102005004883,
2012-03-20,18.15338897705078,,,24.14973258972168,,22.65345001220703,,,109.87081146240234,21.5019474029541,
2012-03-21,18.15338897705078,,,24.14973258972168,,22.702646255493164,,,109.69091033935547,21.50957489013672,
2012-03-22,18.266143798828125,,,24.02699851989746,,22.637054443359375,,,108.90069580078125,21.433244705200195,
2012-03-23,18.37022590637207,,,24.23470115661621,,22.678049087524414,,,109.25279998779297,21.432491302490234,
2012-03-26,18.240121841430664,,,24.319669723510742,,22.751840591430664,,,110.78617095947266,21.63944435119629,
2012-03-27,18.257471084594727,,,24.111970901489258,,22.784635543823242,,,110.44193267822266,21.647109985351562,
2012-03-28,18.47430419921875,,,24.03644371032715,,22.74363899230957,,,109.89429473876953,21.570453643798828,
2012-03-29,18.387569427490234,,,24.178054809570312,,22.72724151611328,,,109.70651245117188,21.50146484375,
2012-03-30,18.543691635131836,,,24.23470115661621,,22.73543930053711,,,110.16026306152344,21.63944435119629,
2012-04-02,18.361553192138672,,,24.3007869720459,,22.77643394470215,,,110.96604919433594,21.7620906829834,
2012-04-03,18.378896713256836,,,24.32910919189453,,22.6452579498291,,,110.5123291015625,21.65477752685547,
2012-04-04,18.65644645690918,,,24.253582000732422,,22.612459182739258,,,109.41705322265625,21.65477752685547,
2012-04-05,18.561037063598633,,,24.263023376464844,,22.62065887451172,,,109.36228942871094,21.63944435119629,
2012-04-09,18.847259521484375,,,24.32910919189453,,22.628856658935547,,,108.13404846191406,21.48613929748535,
2012-04-10,18.855934143066406,,,24.093088150024414,,22.579662322998047,,,106.31904602050781,21.225507736206055,
2012-04-11,18.968687057495117,,,24.140291213989258,,22.60426139831543,,,107.1795883178711,21.348163604736328,
2012-04-12,18.968687057495117,,,24.499046325683594,,22.702646255493164,,,108.57997131347656,21.50146484375,
2012-04-13,18.86461067199707,,,24.404638290405273,,22.69445037841797,,,107.28910064697266,21.39415740966797,
2012-04-16,18.977359771728516,,,24.244140625,,22.65345001220703,,,107.21870422363281,21.409486770629883,
2012-04-17,18.81256675720215,,,24.215816497802734,,22.702646255493164,,,108.80682373046875,21.69310188293457,
2012-04-18,18.96001625061035,,,24.272464752197266,,22.710845947265625,,,108.43915557861328,21.67777442932129,
2012-04-19,18.8819522857666,,,24.43295669555664,,22.678049087524414,,,107.74288177490234,21.50146484375,
2012-04-20,18.91664695739746,,,24.50848388671875,,22.678049087524414,,,107.9228515625,21.70076560974121,
2012-04-23,19.23756217956543,,,24.253582000732422,,22.62065887451172,,,107.01533508300781,21.5397891998291,
2012-04-24,19.202871322631836,,,24.404638290405273,,22.637054443359375,,,107.42208099365234,21.562793731689453,
2012-04-25,18.986034393310547,,,24.41407585144043,,22.68624496459961,,,108.89288330078125,21.769758224487305,
2012-04-26,18.986034393310547,,,24.366872787475586,,22.669851303100586,,,109.6517562866211,21.961393356323242,
2012-04-27,18.907974243164062,,,24.489604949951172,,22.710845947265625,,,109.83171081542969,22.007381439208984,
2012-04-30,19.06409454345703,,,24.461280822753906,,22.669851303100586,,,109.42487335205078,21.923065185546875,
2012-05-01,18.907974243164062,,,24.423521041870117,,22.661649703979492,,,110.10549926757812,22.061046600341797,
2012-05-02,18.91664695739746,,,24.385753631591797,,22.72724151611328,,,109.77696228027344,22.061046600341797,
2012-05-03,19.402359008789062,,,24.281902313232422,,22.678049087524414,,,108.93984985351562,21.984394073486328,
2012-05-04,19.558475494384766,,,24.310226440429688,,22.62065887451172,,,107.1795883178711,21.73909568786621,
2012-05-07,19.567150115966797,,,24.263023376464844,,22.612459182739258,,,107.25785064697266,21.7620906829834,
2012-05-08,19.905414581298828,,,24.187496185302734,,22.579662322998047,,,106.82752227783203,21.723770141601562,
2012-05-09,19.775312423706055,,,24.1591739654541,,22.546865463256836,,,106.19383239746094,21.63177490234375,
2012-05-10,19.818679809570312,,,24.310226440429688,,22.522268295288086,,,106.41292572021484,21.731422424316406,
2012-05-11,19.801332473754883,,,24.168615341186523,,22.49767303466797,,,106.09214782714844,21.74675941467285,
2012-05-14,19.948780059814453,,,24.281902313232422,,22.448482513427734,,,104.91864776611328,21.555118560791016,
2012-05-15,20.182964324951172,,,24.14973258972168,,22.42388343811035,,,104.31627655029297,21.5397891998291,
2012-05-16,20.382450103759766,,,23.979793548583984,,22.38288688659668,,,103.91727447509766,21.58578109741211,
2012-05-17,20.57326316833496,,,23.583280563354492,,22.3009033203125,,,102.37608337402344,21.256174087524414,
2012-05-18,20.61663246154785,,,23.479433059692383,,22.268104553222656,,,101.49984741210938,21.087535858154297,
2012-05-21,20.36510467529297,,,23.743776321411133,,22.366487503051758,,,103.2444839477539,21.286836624145508,
2012-05-22,20.356428146362305,,,23.63992691040039,,22.350093841552734,,,103.42439270019531,21.325159072875977,
2012-05-23,20.373775482177734,,,23.63048553466797,,22.333694458007812,,,103.47917175292969,21.39415740966797,
2012-05-24,20.44316291809082,,,23.573841094970703,,22.3009033203125,,,103.68256378173828,21.493803024291992,
2012-05-25,20.382450103759766,,,23.583280563354492,,22.317296981811523,,,103.34617614746094,21.4631404876709,
2012-05-29,20.130924224853516,,,23.772098541259766,,22.366487503051758,,,104.597900390625,21.555118560791016,
2012-05-30,20.46918487548828,,,23.55495834350586,,22.325498580932617,,,103.08013153076172,21.447811126708984,
2012-05-31,20.495203018188477,,,23.59272003173828,,22.38288688659668,,,102.85330200195312,21.447811126708984,
2012-06-01,20.911523818969727,,,23.479433059692383,,22.3009033203125,,,100.26378631591797,21.056873321533203,
2012-06-04,21.111013412475586,,,23.413345336914062,,22.276304244995117,,,100.21683502197266,21.141197204589844,
2012-06-05,20.894180297851562,,,23.507755279541016,,22.309099197387695,,,100.97569274902344,21.17951774597168,
2012-06-06,20.781423568725586,,,23.59272003173828,,22.325498580932617,,,103.2444839477539,21.516799926757812,
2012-06-07,20.712038040161133,,,23.73433494567871,,22.333694458007812,,,103.30705261230469,21.532133102416992,
2012-06-08,20.703367233276367,,,23.469987869262695,,22.333694458007812,,,104.12848663330078,21.65477752685547,
2012-06-11,21.111013412475586,,,23.602163314819336,,22.358293533325195,,,102.80636596679688,21.52446174621582,
2012-06-12,20.954891204833984,,,23.66824722290039,,22.341894149780273,,,103.9876708984375,21.662446975708008,
2012-06-13,21.189075469970703,,,23.507755279541016,,22.358293533325195,,,103.32267761230469,21.63177490234375,
2012-06-14,21.163055419921875,,,23.432228088378906,,22.366487503051758,,,104.41796875,21.8387451171875,
2012-06-15,20.850812911987305,,,23.536075592041016,,22.41568374633789,,,105.48587799072266,21.984394073486328,
2012-06-18,21.015607833862305,,,23.54551887512207,,22.432083129882812,,,105.6903076171875,22.091711044311523,
2012-06-19,20.712038040161133,,,23.696571350097656,,22.432083129882812,,,106.712646484375,22.183685302734375,
2012-06-20,20.677343368530273,,,23.696571350097656,,22.47307586669922,,,106.53962707519531,22.068708419799805,
2012-06-21,20.807443618774414,,,23.39446449279785,,22.374691009521484,,,104.1490249633789,21.73909568786621,
2012-06-22,20.894180297851562,,,23.281171798706055,,22.432083129882812,,,104.95112609863281,21.934946060180664,
2012-06-25,21.267135620117188,,,23.49831199645996,,22.41568374633789,,,103.26826477050781,21.696847915649414,
2012-06-26,21.28447914123535,,,23.602163314819336,,22.407487869262695,,,103.78728485107422,21.812055587768555,
2012-06-27,21.15437889099121,,,23.413345336914062,,22.45667839050293,,,104.72307586669922,21.865816116333008,
2012-06-28,21.015607833862305,,,23.29061508178711,,22.47307586669922,,,104.42424774169922,21.8504581451416,
2012-06-29,20.57326316833496,,,23.583280563354492,,22.546865463256836,,,107.02720642089844,22.226795196533203,
2012-07-02,20.816118240356445,,,23.46055030822754,,22.751840591430664,,,107.34959411621094,22.38808250427246,
2012-07-03,20.60795783996582,,,23.375579833984375,,22.628856658935547,,,108.05738830566406,22.403432846069336,
2012-07-05,20.581937789916992,,,23.337818145751953,,22.628856658935547,,,107.56983184814453,22.42648696899414,
2012-07-06,20.911523818969727,,,23.413345336914062,,22.57145881652832,,,106.5475082397461,22.28823471069336,
2012-07-09,20.954891204833984,,,23.526636123657227,,22.60426139831543,,,106.4137954711914,22.30360221862793,
2012-07-10,21.267135620117188,,,23.479433059692383,,23.63731575012207,,,105.48587799072266,22.242158889770508,
2012-07-11,21.28447914123535,,,23.366140365600586,,22.612459182739258,,,105.50160217285156,22.234474182128906,
2012-07-12,21.397235870361328,,,23.252849578857422,,22.56326675415039,,,104.99044036865234,22.28823471069336,
2012-07-13,21.21509552001953,,,23.32837677001953,,22.637054443359375,,,106.7519302368164,22.52632713317871,
2012-07-16,21.28447914123535,,,23.29061508178711,,22.678049087524414,,,106.50032043457031,22.472566604614258,
2012-07-17,21.28447914123535,,,23.337818145751953,,22.669851303100586,,,107.23163604736328,22.63385009765625,
2012-07-18,20.972240447998047,,,23.479433059692383,,22.669851303100586,,,108.02591705322266,22.679929733276367,
2012-07-19,20.842140197753906,,,23.337818145751953,,22.792835235595703,,,108.30899810791016,22.672252655029297,
2012-07-20,21.050302505493164,,,23.337818145751953,,22.74363899230957,,,107.3181381225586,22.503276824951172,
2012-07-23,21.111013412475586,,,23.337818145751953,,22.68624496459961,,,106.2329330444336,22.280561447143555,
2012-07-24,21.267135620117188,,,23.42278480529785,,22.661649703979492,,,105.32073211669922,22.111591339111328,
2012-07-25,21.267135620117188,,,23.3000545501709,,22.68624496459961,,,105.34432983398438,22.14230728149414,
2012-07-26,21.067644119262695,,,23.2717342376709,,22.73543930053711,,,107.08223724365234,22.41112518310547,
2012-07-27,20.76407814025879,,,23.488872528076172,,22.80923080444336,,,109.05603790283203,22.772092819213867,
2012-07-30,20.859487533569336,,,23.488872528076172,,22.842025756835938,,,109.05603790283203,22.787456512451172,
2012-07-31,20.76407814025879,,,23.42278480529785,,22.82562828063965,,,108.29328918457031,22.656892776489258,
2012-08-01,20.92887306213379,,,23.441667556762695,,22.842025756835938,,,108.19888305664062,22.55704689025879,
2012-08-02,21.0329532623291,,,23.753215789794922,,22.73543930053711,,,107.45185089111328,22.449520111083984,
2012-08-03,20.894180297851562,,,23.479433059692383,,22.874818801879883,,,109.58294677734375,22.672252655029297,
2012-08-06,20.79877281188965,,,23.469987869262695,,22.82562828063965,,,109.79528045654297,22.664569854736328,
2012-08-07,20.19163703918457,,,23.488872528076172,,22.907621383666992,,,110.34576416015625,22.618492126464844,
2012-08-08,20.24367332458496,,,23.696571350097656,,22.88302230834961,,,110.47943878173828,22.63385009765625,
2012-08-09,19.957454681396484,,,23.66824722290039,,22.932212829589844,,,110.57379913330078,22.580089569091797,
2012-08-10,20.00949478149414,,,23.66824722290039,,22.874818801879883,,,110.75466918945312,22.580089569091797,
2012-08-13,20.026838302612305,,,23.602163314819336,,22.842025756835938,,,110.69957733154297,22.572410583496094,
2012-08-14,20.14826774597168,,,23.573841094970703,,22.874818801879883,,,110.71532440185547,22.63385009765625,
2012-08-15,20.096229553222656,,,23.59272003173828,,22.842025756835938,,,110.84119415283203,22.63385009765625,
2012-08-16,19.827356338500977,,,23.583280563354492,,22.801034927368164,,,111.65899658203125,22.664569854736328,
2012-08-17,19.749292373657227,,,23.507755279541016,,22.842025756835938,,,111.80841827392578,22.679929733276367,
2012-08-20,19.766639709472656,,,23.507755279541016,,22.81743049621582,,,111.81629943847656,22.649211883544922,
2012-08-21,19.671232223510742,,,23.573841094970703,,22.924015045166016,,,111.47815704345703,22.580089569091797,
2012-08-22,19.69725227355957,,,23.54551887512207,,22.89942169189453,,,111.52534484863281,22.572410583496094,
2012-08-23,19.844697952270508,,,23.517192840576172,,22.874818801879883,,,110.61312103271484,22.48792839050293,
2012-08-24,19.888065338134766,,,23.517192840576172,,22.88302230834961,,,111.28157806396484,22.649211883544922,
2012-08-27,20.00949478149414,,,23.526636123657227,,22.97320556640625,,,111.30512237548828,22.63385009765625,
2012-08-28,20.00949478149414,,,23.602163314819336,,22.956811904907227,,,111.19505310058594,22.62617301940918,
2012-08-29,19.97480010986328,,,23.649364471435547,,22.940410614013672,,,111.28157806396484,22.649211883544922,
2012-08-30,20.113574981689453,,,23.649364471435547,,22.907621383666992,,,110.47943878173828,22.54168701171875,
2012-08-31,20.026838302612305,,,23.8004207611084,,22.981407165527344,,,111.00629425048828,22.618492126464844,
2012-09-04,20.14826774597168,,,23.611604690551758,,22.96500587463379,,,110.904052734375,22.656892776489258,
2012-09-05,20.14826774597168,,,23.54551887512207,,22.940410614013672,,,110.80970001220703,22.63385009765625,
2012-09-06,19.827356338500977,,,23.743776321411133,,22.997804641723633,,,113.05879211425781,22.9641056060791,
2012-09-07,19.47174644470215,,,23.743776321411133,,23.055198669433594,,,113.49913024902344,22.894983291625977,
2012-09-10,19.463069915771484,,,23.762659072875977,,23.030597686767578,,,112.85429382324219,22.84122085571289,
2012-09-11,19.419702529907227,,,23.762659072875977,,23.055198669433594,,,113.16889953613281,22.871946334838867,
2012-09-12,19.393686294555664,,,23.772098541259766,,23.030597686767578,,,113.5463638305664,22.8642578125,
2012-09-13,19.116138458251953,,,23.762659072875977,,23.104393005371094,,,115.27639770507812,23.079309463500977,
2012-09-14,18.796072006225586,,,23.79098129272461,,23.063396453857422,,,115.78755187988281,22.97178077697754,
2012-09-17,18.978219985961914,,,23.687129974365234,,23.0469970703125,,,115.39434814453125,22.97178077697754,
2012-09-18,19.255783081054688,,,23.56439781188965,,23.087995529174805,,,115.29998779296875,22.97178077697754,
2012-09-19,19.099655151367188,,,23.677690505981445,,23.128984451293945,,,115.36285400390625,23.010183334350586,
2012-09-20,19.299150466918945,,,23.63048553466797,,23.104393005371094,,,115.37075805664062,23.056262969970703,
2012-09-21,19.394563674926758,,,23.59272003173828,,23.153581619262695,,,115.32254028320312,23.079309463500977,
2012-09-24,19.47262954711914,,,23.517192840576172,,23.128984451293945,,,115.14862060546875,23.10713005065918,
2012-09-25,19.923662185668945,,,23.451108932495117,,23.09619140625,,,113.92320251464844,22.975749969482422,
2012-09-26,20.105815887451172,,,23.49831199645996,,23.104393005371094,,,113.28277587890625,22.92938995361328,
2012-09-27,19.86294937133789,,,23.56439781188965,,23.128984451293945,,,114.35009765625,23.00666046142578,
2012-09-28,19.984378814697266,,,23.441667556762695,,23.087995529174805,,,113.82047271728516,22.975749969482422,
2012-10-01,19.984378814697266,,,23.583280563354492,,23.128984451293945,,,114.12080383300781,23.00666046142578,
2012-10-02,20.04509925842285,,,23.479433059692383,,23.09619140625,,,114.2393798828125,23.037580490112305,
2012-10-03,20.06244468688965,,,23.602163314819336,,23.13718605041504,,,114.70586395263672,23.145769119262695,
2012-10-04,19.914989471435547,,,23.724891662597656,,23.104393005371094,,,115.5280532836914,23.24623680114746,
2012-10-05,19.941009521484375,,,23.743776321411133,,23.104393005371094,,,115.53595733642578,23.300336837768555,
2012-10-08,19.845600128173828,,,23.649364471435547,,23.145383834838867,,,115.1407699584961,23.25396728515625,
2012-10-09,19.932336807250977,,,23.63992691040039,,23.112590789794922,,,114.00226593017578,23.037580490112305,
2012-10-10,20.079790115356445,,,23.602163314819336,,23.104393005371094,,,113.27494812011719,22.937108993530273,
2012-10-11,19.845600128173828,,,23.611604690551758,,23.13718605041504,,,113.33816528320312,22.87528419494629,
2012-10-12,19.923662185668945,,,23.526636123657227,,23.120786666870117,,,112.96656799316406,22.813465118408203,
2012-10-15,19.906314849853516,,,23.526636123657227,,23.161781311035156,,,113.90741729736328,22.983478546142578,
2012-10-16,19.81090545654297,,,23.573841094970703,,23.178178787231445,,,115.06161499023438,23.122591018676758,
2012-10-17,19.646100997924805,,,23.743776321411133,,23.18638038635254,,,115.58338165283203,23.223051071166992,
2012-10-18,19.69814682006836,,,23.56439781188965,,23.145383834838867,,,115.28305053710938,23.223051071166992,
2012-10-19,19.845600128173828,,,23.29061508178711,,23.09619140625,,,113.36186218261719,22.898473739624023,
2012-10-22,19.81090545654297,,,23.224529266357422,,23.087995529174805,,,113.3777084350586,22.836647033691406,
2012-10-23,19.914989471435547,,,23.13011932373047,,23.071592330932617,,,111.80445861816406,22.67435646057129,
2012-10-24,19.95836067199707,,,23.215085983276367,,23.055198669433594,,,111.48818969726562,22.62798500061035,
2012-10-25,19.967031478881836,,,23.026268005371094,,23.0469970703125,,,111.81233978271484,22.720722198486328,
2012-10-26,19.95836067199707,,,22.856332778930664,,23.104393005371094,,,111.74907684326172,22.658897399902344,
2012-10-31,19.85427474975586,,,23.167884826660156,,23.120786666870117,,,111.74907684326172,22.720722198486328,
2012-11-01,19.86294937133789,,,23.007389068603516,,23.227373123168945,,,112.91915130615234,22.91392707824707,
2012-11-02,19.8282527923584,,,23.035709381103516,,23.120786666870117,,,111.91511535644531,22.70526695251465,
2012-11-05,19.73284149169922,,,23.205646514892578,,23.145383834838867,,,112.14436340332031,22.67435646057129,
2012-11-06,19.62008285522461,,,23.111236572265625,,23.120786666870117,,,113.02193450927734,22.76708984375,
2012-11-07,19.86294937133789,,,22.97906494140625,,23.079790115356445,,,110.46039581298828,22.442508697509766,
2012-11-08,20.053770065307617,,,23.045150756835938,,23.038799285888672,,,109.13226318359375,22.280223846435547,
2012-11-09,20.09714126586914,,,23.045150756835938,,23.038799285888672,,,109.22712707519531,22.257030487060547,
2012-11-12,20.053770065307617,,,23.111236572265625,,23.030597686767578,,,109.31407165527344,22.241579055786133,
2012-11-13,20.03642463684082,,,23.111236572265625,,23.014204025268555,,,108.93460845947266,22.21066665649414,
2012-11-14,20.03642463684082,,,23.167884826660156,,22.97320556640625,,,107.464111328125,21.955642700195312,
2012-11-15,20.12316131591797,,,23.026268005371094,,23.030597686767578,,,107.28227996826172,21.9169979095459,
2012-11-16,20.20989990234375,,,23.13956069946289,,22.981407165527344,,,107.81194305419922,22.110198974609375,
2012-11-19,20.079790115356445,,,23.196205139160156,,23.063396453857422,,,109.9939956665039,22.349773406982422,
2012-11-20,20.079790115356445,,,23.196205139160156,,23.014204025268555,,,110.04141998291016,22.380687713623047,
2012-11-21,20.079790115356445,,,23.30949592590332,,23.030597686767578,,,110.24696350097656,22.450237274169922,
2012-11-23,19.932336807250977,,,23.215085983276367,,23.038799285888672,,,111.74907684326172,22.651172637939453,
2012-11-26,19.923662185668945,,,23.2717342376709,,23.055198669433594,,,111.51193237304688,22.604801177978516,
2012-11-27,19.906314849853516,,,23.366140365600586,,23.087995529174805,,,110.94270324707031,22.519790649414062,
2012-11-28,20.001728057861328,,,23.26228904724121,,23.087995529174805,,,111.83602142333984,22.6898136138916,
2012-11-29,20.001728057861328,,,23.233970642089844,,23.13718605041504,,,112.35784149169922,22.759357452392578,
2012-11-30,19.836925506591797,,,23.26228904724121,,23.161781311035156,,,112.38153839111328,22.798002243041992,
2012-12-03,19.81090545654297,,,23.196205139160156,,23.079790115356445,,,111.82809448242188,22.651172637939453,
2012-12-04,19.80223274230957,,,23.082918167114258,,23.104393005371094,,,111.67005157470703,22.612531661987305,
2012-12-05,19.706817626953125,,,23.06403350830078,,23.128984451293945,,,111.8676528930664,22.682077407836914,
2012-12-06,19.750186920166016,,,23.215085983276367,,23.13718605041504,,,112.24717712402344,22.712995529174805,
2012-12-07,19.646100997924805,,,22.96962547302246,,23.09619140625,,,112.58714294433594,22.76708984375,
2012-12-10,19.611408233642578,,,23.451108932495117,,23.120786666870117,,,112.6345443725586,22.790271759033203,
2012-12-11,19.611408233642578,,,23.30949592590332,,23.09619140625,,,113.40139770507812,22.859834671020508,
2012-12-12,19.299150466918945,,,23.337818145751953,,23.0469970703125,,,113.45674133300781,22.813465118408203,
2012-12-13,19.385889053344727,,,23.49831199645996,,23.022401809692383,,,112.76103210449219,22.720722198486328,
2012-12-14,19.394563674926758,,,23.479433059692383,,23.014204025268555,,,112.3420181274414,22.651172637939453,
2012-12-17,19.24711036682129,,,23.39446449279785,,23.022401809692383,,,113.66231536865234,22.859834671020508,
2012-12-18,18.960878372192383,,,23.469987869262695,,23.014204025268555,,,114.92721557617188,22.983478546142578,
2012-12-19,18.960878372192383,,,23.536075592041016,,23.112590789794922,,,114.0733413696289,22.831008911132812,
2012-12-20,18.908830642700195,,,23.441667556762695,,23.022401809692383,,,114.72954559326172,22.893239974975586,
2012-12-21,18.908830642700195,,,23.507755279541016,,23.087995529174805,,,113.68819427490234,22.737661361694336,
2012-12-24,18.908830642700195,,,23.356700897216797,,23.00600242614746,,,113.33786010742188,22.68321990966797,
2012-12-26,19.00424575805664,,,23.385025024414062,,23.014204025268555,,,112.86014556884766,22.54319953918457,
2012-12-27,18.900157928466797,,,23.450294494628906,,23.038244247436523,,,112.70886993408203,22.532299041748047,
2012-12-28,19.117006301879883,,,23.43137550354004,,23.0631160736084,,,111.49072265625,22.314369201660156,
2012-12-31,19.117006301879883,,,23.800296783447266,,23.054821014404297,,,113.3856201171875,22.60235023498535,
2013-01-02,18.53586196899414,,,23.667863845825195,,23.18746566772461,,,116.29174041748047,23.061553955078125,
2013-01-03,18.483816146850586,,,23.648944854736328,,23.137725830078125,,,116.02899932861328,23.092697143554688,
2013-01-04,18.605249404907227,,,23.705699920654297,,23.162595748901367,,,116.53851318359375,23.225004196166992,
2013-01-07,18.44045066833496,,,23.686784744262695,,23.129432678222656,,,116.22010040283203,23.13159942626953,
2013-01-08,18.50984001159668,,,23.592187881469727,,23.08798599243164,,,115.88566589355469,23.10825538635254,
2013-01-09,18.50984001159668,,,23.648944854736328,,23.154306411743164,,,116.18020629882812,23.19386863708496,
2013-01-10,18.50984001159668,,,23.838136672973633,,23.18746566772461,,,117.10382080078125,23.32618522644043,
2013-01-11,18.50984001159668,,,23.838136672973633,,23.129432678222656,,,117.09587097167969,23.333965301513672,
2013-01-14,18.605249404907227,,,23.648944854736328,,23.212339401245117,,,117.01628112792969,23.349531173706055,
2013-01-15,18.605249404907227,,,23.47867202758789,,23.146013259887695,,,117.09587097167969,23.38067054748535,
2013-01-16,18.605249404907227,,,23.35569953918457,,23.154306411743164,,,117.0799560546875,23.333965301513672,
2013-01-17,18.475143432617188,,,23.62056541442871,,23.170886993408203,,,117.83631134033203,23.442930221557617,
2013-01-18,18.45779800415039,,,23.57326889038086,,23.245498657226562,,,118.09909057617188,23.520761489868164,
2013-01-22,18.34503746032715,,,23.686784744262695,,23.228918075561523,,,118.73603057861328,23.6219482421875,
2013-01-23,18.34503746032715,,,23.639484405517578,,23.18746566772461,,,118.92708587646484,23.629724502563477,
2013-01-24,18.275646209716797,,,23.677324295043945,,23.179174423217773,,,118.95895385742188,23.691991806030273,
2013-01-25,18.275646209716797,,,23.686784744262695,,23.179174423217773,,,119.62774658203125,23.723129272460938,
2013-01-28,18.154212951660156,,,23.753002166748047,,23.12114906311035,,,119.48448944091797,23.70755958557129,
2013-01-29,18.223604202270508,,,23.734081268310547,,23.170886993408203,,,119.95417785644531,23.847652435302734,
2013-01-30,18.223604202270508,,,23.715164184570312,,23.12114906311035,,,119.48448944091797,23.738693237304688,
2013-01-31,18.223604202270508,,,23.753002166748047,,23.18746566772461,,,119.18983459472656,23.730913162231445,
2013-02-01,18.214927673339844,,,23.78137969970703,,23.179174423217773,,,120.41600799560547,23.933269500732422,
2013-02-04,18.214927673339844,,,23.762460708618164,,23.170886993408203,,,119.06246185302734,23.71534538269043,
2013-02-05,18.214927673339844,,,23.828676223754883,,23.154306411743164,,,120.26473236083984,23.87879180908203,
2013-02-06,18.232276916503906,,,23.885433197021484,,23.179174423217773,,,120.3522720336914,23.933269500732422,
2013-02-07,18.232276916503906,,,23.753002166748047,,23.154306411743164,,,120.19303131103516,23.94883918762207,
2013-02-08,18.310340881347656,,,23.885433197021484,,23.195756912231445,,,120.86186981201172,24.065589904785156,
2013-02-11,18.310340881347656,,,23.800296783447266,,23.179174423217773,,,120.83797454833984,24.057798385620117,
2013-02-12,18.206256866455078,,,24.017866134643555,,23.179174423217773,,,121.03703308105469,24.042234420776367,
2013-02-13,18.206256866455078,,,23.923274993896484,,23.18746566772461,,,121.14051818847656,24.034456253051758,
2013-02-14,18.206256866455078,,,23.970571517944336,,23.170886993408203,,,121.25200653076172,23.972179412841797,
2013-02-15,18.1108455657959,,,24.121925354003906,,23.228918075561523,,,121.10867309570312,24.034456253051758,
2013-02-19,18.1108455657959,,,24.150304794311523,,23.245498657226562,,,122.01636505126953,24.182334899902344,
2013-02-20,18.310340881347656,,,24.017866134643555,,23.129432678222656,,,120.49564361572266,24.081159591674805,
2013-02-21,18.665966033935547,,,23.904356002807617,,23.079694747924805,,,119.76309204101562,24.018884658813477,
2013-02-22,18.665966033935547,,,23.904356002807617,,23.146013259887695,,,120.93353271484375,24.236814498901367,
2013-02-25,18.596576690673828,,,23.857053756713867,,23.054821014404297,,,118.63248443603516,23.972179412841797,
2013-02-26,18.943527221679688,,,23.961111068725586,,23.112852096557617,,,119.44459533691406,24.135635375976562,
2013-02-27,18.85679054260254,,,23.998950958251953,,23.162595748901367,,,120.94945526123047,24.40025520324707,
2013-02-28,18.839441299438477,,,23.961111068725586,,23.179174423217773,,,120.71057891845703,24.384693145751953,
2013-03-01,18.839441299438477,,,23.875974655151367,,23.195756912231445,,,121.10867309570312,24.446964263916016,
2013-03-04,18.839441299438477,,,24.00840950012207,,23.179174423217773,,,121.75362396240234,24.61040687561035,
2013-03-05,18.657291412353516,,,24.055707931518555,,23.270368576049805,,,122.84439086914062,24.773849487304688,
2013-03-06,18.53586196899414,,,24.027328491210938,,23.228918075561523,,,123.01158905029297,24.742719650268555,
2013-03-07,18.362384796142578,,,23.998950958251953,,23.228918075561523,,,123.23452758789062,24.727155685424805,
2013-03-08,18.362384796142578,,,24.103004455566406,,23.220624923706055,,,123.75994110107422,24.781631469726562,
2013-03-11,18.414426803588867,,,24.103004455566406,,23.29524040222168,,,124.229736328125,24.81276512145996,
2013-03-12,18.34503746032715,,,24.09354591369629,,23.286945343017578,,,123.95106506347656,24.81276512145996,
2013-03-13,18.4231014251709,,,24.14084243774414,,23.278656005859375,,,124.12623596191406,24.875032424926758,
2013-03-14,18.310340881347656,,,24.178682327270508,,23.270368576049805,,,124.78707122802734,24.960651397705078,
2013-03-15,18.353710174560547,,,24.065166473388672,,23.328399658203125,,,124.62230682373047,24.882822036743164,
2013-03-18,18.431774139404297,,,24.065166473388672,,23.278656005859375,,,123.93455505371094,24.79720115661621,
2013-03-19,18.7353572845459,,,24.112462997436523,,23.2537841796875,,,123.64666748046875,24.843904495239258,
2013-03-20,18.553207397460938,,,24.339494705200195,,23.2537841796875,,,124.51038360595703,25.038476943969727,
2013-03-21,18.70066261291504,,,24.09354591369629,,23.212339401245117,,,123.44672393798828,24.976213455200195,
2013-03-22,18.665966033935547,,,24.178682327270508,,23.270368576049805,,,124.43836975097656,25.194143295288086,
2013-03-25,18.718008041381836,,,24.065166473388672,,23.220624923706055,,,123.91854095458984,25.109769821166992,
2013-03-26,18.70066261291504,,,24.386791229248047,,23.320106506347656,,,124.91020202636719,25.375398635864258,
2013-03-27,18.70066261291504,,,24.320573806762695,,23.270368576049805,,,124.91020202636719,25.422273635864258,
2013-03-28,18.70066261291504,,,24.235437393188477,,23.353267669677734,,,125.2940902709961,25.59415054321289,
2013-04-01,19.012916564941406,,,24.263816833496094,,23.228918075561523,,,124.79826354980469,25.547273635864258,
2013-04-02,19.12567710876465,,,24.27328109741211,,23.220624923706055,,,125.41401672363281,25.687902450561523,
2013-04-03,19.12567710876465,,,24.065166473388672,,23.195756912231445,,,124.14246368408203,25.500408172607422,
2013-04-04,19.12567710876465,,,24.14084243774414,,23.2537841796875,,,124.64632415771484,25.633211135864258,
2013-04-05,19.33384895324707,,,24.08408546447754,,23.2537841796875,,,124.08653259277344,25.53165054321289,
2013-04-08,19.18639373779297,,,24.169219970703125,,23.278656005859375,,,124.92621612548828,25.64103126525879,
2013-04-09,19.18639373779297,,,24.263816833496094,,23.245498657226562,,,125.35810089111328,25.711341857910156,
2013-04-10,18.839441299438477,,,24.348953247070312,,23.411296844482422,,,126.8935775756836,25.961345672607422,
2013-04-11,18.77872657775879,,,24.065166473388672,,23.41958999633789,,,127.30947875976562,26.078533172607422,
2013-04-12,18.77872657775879,,,24.169219970703125,,23.494197845458984,,,126.99754333496094,26.086355209350586,
2013-04-15,19.36854362487793,,,24.017866134643555,,23.378141403198242,,,124.05452728271484,25.617591857910156,
2013-04-16,19.36854362487793,,,24.216522216796875,,23.378141403198242,,,125.88591766357422,25.945724487304688,
2013-04-17,19.36854362487793,,,24.121925354003906,,23.26207733154297,,,124.04650115966797,25.719160079956055,
2013-04-18,19.498647689819336,,,24.07462501525879,43.64208221435547,23.220624923706055,,40.31262969970703,123.270751953125,25.687902450561523,36.0550537109375
2013-04-19,19.498647689819336,,,24.301658630371094,43.64208221435547,23.320106506347656,,40.31262969970703,124.34241485595703,25.953533172607422,36.0550537109375
2013-04-22,19.62008285522461,,,24.07462501525879,43.64208221435547,23.328399658203125,,40.3608512878418,124.89424133300781,26.03165626525879,36.0550537109375
2013-04-23,19.429258346557617,,,24.330032348632812,44.75627899169922,23.45275115966797,,40.97981262207031,126.18180084228516,26.226970672607422,36.0550537109375
2013-04-24,19.44660758972168,,,24.188142776489258,44.19062423706055,23.45275115966797,,40.690433502197266,126.26177978515625,26.07071876525879,36.573883056640625
2013-04-25,19.273128509521484,,,24.207059860229492,44.40486145019531,23.494197845458984,,41.172733306884766,126.77356719970703,26.18009376525879,37.275390625
2013-04-26,19.090980529785156,,,24.188142776489258,44.37060546875,23.502490997314453,,41.15666580200195,126.54969024658203,26.148849487304688,37.11463928222656
2013-04-29,19.090980529785156,,,24.188142776489258,44.627708435058594,23.568809509277344,,41.35763168334961,127.39740753173828,26.27385902404785,37.11463928222656
2013-04-30,19.012916564941406,,,24.065166473388672,44.430599212646484,23.577104568481445,,41.4942741394043,127.7013168334961,26.30510139465332,36.51542282104492
2013-05-01,19.420583724975586,,,24.22597885131836,44.39629364013672,23.510784149169922,,40.5859375,126.58167266845703,26.086355209350586,36.51542282104492
2013-05-02,19.12567710876465,,,24.348953247070312,44.59342575073242,23.601970672607422,,40.5859375,127.75727081298828,26.203533172607422,37.406917572021484
2013-05-03,18.952199935913086,,,24.41516876220703,45.099090576171875,23.577104568481445,,41.82384490966797,129.05282592773438,26.33635139465332,37.406917572021484
2013-05-06,18.952199935913086,,,24.330032348632812,45.0305290222168,23.65171241760254,,42.1453857421875,129.3807830810547,26.242603302001953,37.406917572021484
2013-05-07,18.665966033935547,,,24.301658630371094,45.04767608642578,23.66829490661621,,41.9926643371582,130.03659057617188,26.391035079956055,37.406917572021484
2013-05-08,18.7353572845459,,,24.386791229248047,45.27052307128906,23.701452255249023,,42.056968688964844,130.62832641601562,26.39885139465332,38.20345687866211
2013-05-09,18.68331527709961,,,24.282737731933594,45.27909469604492,23.66829490661621,,41.9846305847168,130.2604522705078,26.27385902404785,38.079219818115234
2013-05-10,18.553207397460938,,,24.178682327270508,45.38193893432617,23.67658042907715,,41.9846305847168,130.684326171875,26.39885139465332,38.18152618408203
2013-05-13,18.58790397644043,,,24.14084243774414,45.501930236816406,24.306629180908203,,42.113243103027344,130.7882843017578,26.375415802001953,38.2326774597168
2013-05-14,18.475143432617188,,,24.169219970703125,45.89616775512695,23.65171241760254,,42.563377380371094,132.13986206054688,26.62542152404785,38.63459014892578
2013-05-15,18.657291412353516,,,24.159765243530273,46.05044937133789,23.792644500732422,,42.73219299316406,132.85162353515625,26.812917709350586,38.714969635009766
2013-05-16,18.657291412353516,,,24.131383895874023,45.85332489013672,23.67658042907715,,42.60358810424805,132.2278289794922,26.60978889465332,38.941497802734375
2013-05-17,18.449125289916992,,,24.150304794311523,45.75902557373047,23.751192092895508,,42.70808029174805,133.5073699951172,26.75823211669922,38.94880294799805
2013-05-20,18.449125289916992,,,24.07462501525879,45.69906234741211,23.90870475769043,,42.83669662475586,133.49935913085938,26.64104461669922,38.94880294799805
2013-05-21,18.197580337524414,,,24.24489974975586,45.89616775512695,23.792644500732422,,42.94922637939453,133.69129943847656,26.68792152404785,39.299560546875
2013-05-22,18.284318923950195,,,24.216522216796875,45.64763259887695,23.660003662109375,,42.458885192871094,132.69961547851562,26.469161987304688,38.941497802734375
2013-05-23,18.475143432617188,,,24.320573806762695,45.54477310180664,23.610261917114258,,42.249881744384766,132.3157501220703,26.406658172607422,38.539588928222656
2013-05-24,18.388404846191406,,,24.37733268737793,45.570491790771484,23.577104568481445,,42.056968688964844,132.20382690429688,26.375415802001953,38.678436279296875
2013-05-28,18.388404846191406,,,24.44354820251465,45.776187896728516,23.568809509277344,,42.362430572509766,132.99551391601562,26.406658172607422,39.24110412597656
2013-05-29,18.067474365234375,,,24.35841178894043,45.15908432006836,23.510784149169922,,41.88010787963867,132.13186645507812,26.062908172607422,39.02919006347656
2013-05-30,18.665966033935547,,,24.57598114013672,45.193382263183594,23.568809509277344,,42.113243103027344,132.61961364746094,26.07071876525879,39.1899528503418
2013-05-31,18.041454315185547,,,24.53814697265625,44.56772232055664,23.59368324279785,,42.113243103027344,130.71627807617188,25.687902450561523,39.18265151977539
2013-06-03,18.1021728515625,,,24.53814697265625,44.319156646728516,23.427879333496094,,41.4942741394043,131.43609619140625,25.797279357910156,39.18265151977539
2013-06-04,18.006759643554688,,,24.4719295501709,44.29344940185547,23.36985206604004,,41.35763168334961,130.8042755126953,25.695720672607422,38.91958236694336
2013-06-05,18.223604202270508,,,24.424631118774414,43.6849250793457,23.23720932006836,,40.97981262207031,128.97288513183594,25.391023635864258,38.07191848754883
2013-06-06,18.197580337524414,,,24.717878341674805,44.010623931884766,23.26207733154297,,40.8592414855957,130.14051818847656,25.664464950561523,38.07191848754883
2013-06-07,18.214927673339844,,,24.557064056396484,44.74769973754883,23.336687088012695,,41.679161071777344,131.7958984375,25.891040802001953,38.07191848754883
2013-06-10,18.18890953063965,,,24.566524505615234,44.6619987487793,23.29524040222168,,41.743465423583984,131.7958984375,25.859785079956055,38.912261962890625
2013-06-11,18.258298873901367,,,24.623281478881836,44.45629119873047,23.18746566772461,,41.679161071777344,130.4364013671875,25.664464950561523,38.861114501953125
2013-06-12,18.249624252319336,,,24.68004035949707,43.99347686767578,23.10456657409668,,41.341552734375,129.35671997070312,25.56290054321289,38.444602966308594
2013-06-13,18.284318923950195,,,24.72733497619629,44.550575256347656,23.228918075561523,,41.18882751464844,131.32408142089844,25.92228126525879,38.444602966308594
2013-06-14,18.258298873901367,,,24.746257781982422,44.59342575073242,23.212339401245117,,41.767581939697266,130.50033569335938,25.867597579956055,38.437278747558594
2013-06-17,18.214927673339844,,,24.73679542541504,44.6962776184082,23.270368576049805,,41.79168701171875,131.5080108642578,26.03165626525879,38.69303894042969
2013-06-18,18.214927673339844,,,24.698957443237305,44.88483428955078,23.328399658203125,,41.79168701171875,132.54766845703125,26.16447639465332,38.69303894042969
2013-06-19,17.946043014526367,,,24.746257781982422,44.45629119873047,23.792644500732422,,41.79168701171875,130.71627807617188,25.719160079956055,38.992652893066406
2013-06-20,18.18890953063965,,,24.623281478881836,43.016414642333984,22.797828674316406,,40.5859375,127.47737884521484,25.047264099121094,37.80154037475586
2013-06-21,18.17156219482422,,,24.73679542541504,43.230682373046875,22.72321891784668,,40.70652770996094,127.8866195678711,25.219141006469727,37.721153259277344
2013-06-24,18.475143432617188,,,24.765174865722656,42.956417083740234,22.557416915893555,,40.70652770996094,126.2706298828125,25.031641006469727,37.08540725708008
2013-06-25,18.475143432617188,,,24.765174865722656,43.34209442138672,22.68177032470703,,40.70652770996094,127.48460388183594,25.24258041381836,37.545772552490234
2013-06-26,18.475143432617188,,,24.746257781982422,43.727783203125,22.830989837646484,,41.05217742919922,128.74685668945312,25.508220672607422,37.545772552490234
2013-06-27,18.16288948059082,,,24.73679542541504,44.198421478271484,22.95534324645996,,41.40168762207031,129.50254821777344,25.659799575805664,37.70132827758789
2013-06-28,18.16288948059082,,,24.708419799804688,44.198421478271484,22.938762664794922,,41.41783142089844,128.971923828125,25.581256866455078,38.19295883178711
2013-07-01,18.16288948059082,,,24.689498901367188,44.28446578979492,23.013378143310547,,41.482418060302734,129.7276611328125,25.691211700439453,38.4130973815918
2013-07-02,18.16288948059082,,,24.708419799804688,44.198421478271484,22.996789932250977,,41.482418060302734,129.6070556640625,25.620529174804688,38.4130973815918
2013-07-03,18.249624252319336,,,24.746257781982422,44.25004196166992,22.996789932250977,,41.45012664794922,129.6633758544922,25.596967697143555,38.4130973815918
2013-07-05,18.249624252319336,,,24.67057991027832,44.6888542175293,22.947053909301758,,41.45012664794922,131.062255859375,25.71477699279785,38.28102493286133
2013-07-08,18.084823608398438,,,24.642200469970703,44.93836212158203,23.02165985107422,,42.015159606933594,131.80990600585938,25.918991088867188,38.90472412109375
2013-07-09,18.084823608398438,,,24.72733497619629,45.248104095458984,23.096275329589844,,42.015159606933594,132.7585906982422,26.021095275878906,39.2129020690918
2013-07-10,17.946043014526367,,,24.689498901367188,45.265316009521484,23.0714054107666,,42.015159606933594,132.80690002441406,26.11534309387207,39.2129020690918
2013-07-11,17.885326385498047,,,24.79355239868164,46.09988784790039,23.270368576049805,,42.814308166503906,134.6157989501953,26.515911102294922,39.2129020690918
2013-07-12,17.84195899963379,,,24.79355239868164,46.2031364440918,23.26207733154297,,42.814308166503906,134.67210388183594,26.508066177368164,39.67518997192383
2013-07-15,17.84195899963379,,,24.784093856811523,46.306396484375,23.328399658203125,,42.814308166503906,135.18658447265625,26.594457626342773,39.85863494873047
2013-07-16,17.911344528198242,,,24.82193374633789,46.125709533691406,23.320106506347656,,42.814308166503906,134.6800994873047,26.50020408630371,39.68986511230469
2013-07-17,17.893999099731445,,,24.784093856811523,46.340797424316406,23.361557006835938,,42.814308166503906,135.02581787109375,26.515911102294922,39.68986511230469
2013-07-18,17.893999099731445,,,24.916528701782227,46.55588912963867,23.386428833007812,41.669063568115234,42.814308166503906,135.76544189453125,26.586599349975586,40.15949249267578
2013-07-19,17.737873077392578,,,24.925989151000977,46.76239013671875,23.41958999633789,41.34502029418945,42.814308166503906,136.0066375732422,26.64944076538086,40.086090087890625
2013-07-22,17.711851119995117,,,24.916528701782227,46.82262420654297,23.45275115966797,41.54444122314453,43.58921432495117,136.27197265625,26.657285690307617,40.196170806884766
2013-07-23,17.711851119995117,,,24.73679542541504,46.745182037353516,23.436168670654297,41.47797393798828,43.58921432495117,135.98248291015625,26.625873565673828,40.196170806884766
2013-07-24,17.711851119995117,,,24.73679542541504,46.58171081542969,23.378141403198242,41.419795989990234,43.58921432495117,135.4840545654297,26.45307159423828,40.196170806884766
2013-07-25,17.737873077392578,,,24.925989151000977,46.93448257446289,23.41958999633789,41.63584518432617,43.58921432495117,135.81365966796875,26.5551815032959,39.998043060302734
2013-07-26,17.772567749023438,,,25.001665115356445,47.04633331298828,23.411296844482422,41.43642807006836,43.58921432495117,135.9584503173828,26.61016273498535,39.99070739746094
2013-07-29,17.824609756469727,,,25.06788444519043,46.97749328613281,23.353267669677734,41.58596420288086,43.38742446899414,135.5403289794922,26.570894241333008,40.086090087890625
2013-07-30,17.685829162597656,,,25.048961639404297,46.882850646972656,23.361557006835938,41.75214767456055,43.38742446899414,135.5403289794922,26.60230827331543,40.086090087890625
2013-07-31,17.685829162597656,,,25.048961639404297,46.83982849121094,23.394718170166016,41.64414978027344,43.50849914550781,135.6367950439453,26.523759841918945,40.086090087890625
2013-08-01,17.373573303222656,,,24.935447692871094,47.2356071472168,23.485912322998047,41.64414978027344,43.50849914550781,137.20455932617188,26.712268829345703,40.59241485595703
2013-08-02,17.547046661376953,,,25.077341079711914,47.45931625366211,23.494197845458984,42.14266586303711,43.50849914550781,137.43768310546875,26.712268829345703,40.63644027709961
2013-08-05,17.547046661376953,,,25.11517906188965,47.3216438293457,23.502490997314453,42.150970458984375,43.9766731262207,137.2367401123047,26.688711166381836,40.58506393432617
2013-08-06,17.477659225463867,,,24.916528701782227,47.14958190917969,23.469329833984375,41.92662811279297,43.9766731262207,136.45684814453125,26.618017196655273,40.342918395996094
2013-08-07,17.59909439086914,,,24.888151168823242,46.97749328613281,23.45275115966797,41.75214767456055,43.9766731262207,136.01470947265625,26.523759841918945,40.086090087890625
2013-08-08,17.59909439086914,,,25.228694915771484,47.02912139892578,23.519073486328125,41.951568603515625,43.9766731262207,136.5131072998047,26.625873565673828,40.086090087890625
2013-08-09,17.4863338470459,,,24.963825225830078,46.90867233276367,23.527360916137695,41.86016845703125,43.734527587890625,136.11917114257812,26.570894241333008,40.24752426147461
2013-08-12,17.4863338470459,,,24.840852737426758,46.77960205078125,23.519073486328125,41.727230072021484,43.734527587890625,135.9584503173828,26.531620025634766,40.174163818359375
2013-08-13,17.4863338470459,,,24.82193374633789,46.82262420654297,23.485912322998047,41.976497650146484,43.734527587890625,136.36036682128906,26.50020408630371,40.174163818359375
2013-08-14,17.4863338470459,,,24.859773635864258,46.435447692871094,23.494197845458984,41.694007873535156,43.734527587890625,135.6609344482422,26.366682052612305,40.29890823364258
2013-08-15,17.4863338470459,,,24.61382293701172,45.63528060913086,23.378141403198242,41.09574890136719,42.749717712402344,133.76351928710938,26.013235092163086,39.63116455078125
2013-08-16,17.43429183959961,,,24.46247100830078,45.420188903808594,23.34497833251953,40.979434967041016,42.749717712402344,133.32139587402344,25.856151580810547,39.44771194458008
2013-08-19,17.43429183959961,,,24.66111946105957,45.342742919921875,23.26207733154297,40.92957305908203,42.402618408203125,132.4691619873047,25.730484008789062,39.31562805175781
2013-08-20,17.43429183959961,,,24.68004035949707,45.56644821166992,23.270368576049805,41.253639221191406,42.69322967529297,133.12042236328125,25.903282165527344,39.31562805175781
2013-08-21,17.43429183959961,,,24.72733497619629,45.25669479370117,23.154306411743164,41.228694915771484,42.69322967529297,132.30038452148438,25.746196746826172,39.22024154663086
2013-08-22,17.174076080322266,,,24.689498901367188,45.60945510864258,23.2537841796875,41.54444122314453,42.69322967529297,133.50634765625,25.879714965820312,39.22024154663086
2013-08-23,17.174076080322266,,,24.689498901367188,45.738525390625,23.30352783203125,41.51119613647461,42.790077209472656,133.9564971923828,26.021095275878906,39.22024154663086
2013-08-26,17.36490249633789,,,24.66111946105957,45.643882751464844,23.29524040222168,41.453025817871094,42.878883361816406,133.4580841064453,25.895427703857422,39.704524993896484
2013-08-27,17.616437911987305,,,24.73679542541504,44.9899787902832,23.18746566772461,40.7883186340332,42.878883361816406,131.3114776611328,25.65195083618164,38.8680419921875
2013-08-28,17.616437911987305,,,24.689498901367188,45.084625244140625,23.40300941467285,40.93788146972656,42.152400970458984,131.77772521972656,25.659799575805664,38.8680419921875
2013-08-29,17.416942596435547,,,24.73679542541504,45.31692886352539,23.18746566772461,41.03757858276367,42.152400970458984,131.9867706298828,25.70691680908203,38.8680419921875
2013-08-30,17.416942596435547,,,24.755714416503906,45.17066955566406,23.154306411743164,40.78001403808594,42.071678161621094,131.5687713623047,25.659799575805664,38.8680419921875
2013-09-03,17.416942596435547,,,24.784093856811523,45.42879104614258,23.220624923706055,40.954498291015625,42.071678161621094,132.16371154785156,25.620529174804688,38.8680419921875
2013-09-04,17.416942596435547,,,24.765174865722656,45.60086441040039,23.278656005859375,41.303470611572266,42.426841735839844,133.25701904296875,25.730484008789062,38.8680419921875
2013-09-05,17.191425323486328,,,24.869232177734375,45.54924011230469,23.23720932006836,41.353336334228516,42.426841735839844,133.42596435546875,25.683361053466797,38.8680419921875
2013-09-06,17.191425323486328,,,24.89760971069336,45.59226608276367,23.2537841796875,41.561038970947266,42.63671875,133.49026489257812,25.746196746826172,39.550453186035156
2013-09-09,17.035297393798828,,,24.755714416503906,45.91920471191406,23.394718170166016,41.7937126159668,42.814308166503906,134.76852416992188,25.950410842895508,39.550453186035156
2013-09-10,16.88783836364746,,,24.850311279296875,46.23756408691406,23.40300941467285,42.0346565246582,43.0887565612793,135.76544189453125,26.11534309387207,40.071434020996094
2013-09-11,16.94856071472168,,,24.746257781982422,46.34940719604492,23.477619171142578,42.18421173095703,43.0887565612793,136.19149780273438,26.225309371948242,40.071434020996094
2013-09-12,16.931211471557617,,,24.840852737426758,46.4526481628418,23.45275115966797,42.23407745361328,43.0887565612793,135.8297576904297,26.162477493286133,40.071434020996094
2013-09-13,17.000600814819336,,,24.89760971069336,46.67635726928711,23.494197845458984,42.34208679199219,43.0887565612793,136.13525390625,26.264577865600586,40.071434020996094
2013-09-16,16.88783836364746,,,24.944908142089844,47.00331115722656,23.568809509277344,42.4085578918457,43.5972785949707,136.92312622070312,26.405956268310547,40.071434020996094
2013-09-17,16.88783836364746,,,25.096261978149414,47.115150451660156,23.610261917114258,42.64120864868164,43.5972785949707,137.53416442871094,26.484506607055664,40.555728912353516
2013-09-18,16.913864135742188,,,25.24761390686035,47.683013916015625,23.792644500732422,43.206214904785156,43.5972785949707,139.12599182128906,26.924327850341797,40.555728912353516
2013-09-19,16.88783836364746,,,25.153018951416016,47.67441940307617,23.792644500732422,43.26437759399414,44.347999572753906,138.89288330078125,26.86150550842285,40.96663284301758
2013-09-20,17.026622772216797,,,25.001665115356445,47.3732795715332,23.64341926574707,43.08988952636719,43.99282455444336,137.9217987060547,26.680845260620117,40.96663284301758
2013-09-23,17.08734130859375,,,25.11517906188965,47.0549201965332,23.759483337402344,42.85723876953125,43.99282455444336,137.28350830078125,26.61016273498535,40.342918395996094
2013-09-24,17.026622772216797,,,25.096261978149414,46.88566589355469,23.726322174072266,42.724693298339844,44.21430206298828,136.96038818359375,26.540498733520508,40.54573059082031
2013-09-25,17.069990158081055,,,25.06788444519043,46.65248489379883,23.726322174072266,42.54962921142578,44.21430206298828,136.56455993652344,26.445470809936523,40.54573059082031
2013-09-26,17.069990158081055,,,25.1246395111084,46.84248352050781,23.78435516357422,42.79136657714844,44.21430206298828,137.08963012695312,26.540498733520508,40.54573059082031
2013-09-27,16.965904235839844,,,25.238155364990234,46.81658172607422,23.718034744262695,42.59962844848633,44.21430206298828,136.4595947265625,26.429637908935547,40.09586715698242
2013-09-30,16.931211471557617,,,25.200315475463867,46.531593322753906,23.68487548828125,42.33287048339844,43.39491271972656,135.73240661621094,26.310871124267578,39.93362808227539
2013-10-01,16.931211471557617,,,25.162477493286133,46.928836822509766,23.726322174072266,42.54128646850586,43.39491271972656,136.80690002441406,26.49298095703125,39.93362808227539
2013-10-02,16.931211471557617,,,25.200315475463867,46.95475769042969,23.7346134185791,42.60797882080078,43.500362396240234,136.67764282226562,26.39795684814453,39.99262619018555
2013-10-03,16.931211471557617,,,25.313831329345703,46.50567626953125,23.66829490661621,42.299537658691406,43.24888610839844,135.4174041748047,26.184186935424805,39.85251235961914
2013-10-04,16.931211471557617,,,25.332752227783203,46.84248352050781,23.726322174072266,42.49126434326172,43.500362396240234,136.44337463378906,26.30295181274414,39.85251235961914
2013-10-07,16.78375816345215,,,25.17193603515625,46.54020690917969,23.64341926574707,42.16615295410156,43.500362396240234,135.2638702392578,26.13667106628418,40.00737762451172
2013-10-08,17.113361358642578,,,25.162477493286133,45.93568801879883,23.53565216064453,41.51589584350586,43.29755783081055,133.6884765625,25.954572677612305,39.53540802001953
2013-10-09,17.269489288330078,,,25.219234466552734,45.76297378540039,23.53565216064453,41.549251556396484,42.94060516357422,133.7854461669922,25.97040557861328,39.38054275512695
2013-10-10,16.991928100585938,,,25.351667404174805,46.60930252075195,23.69316291809082,42.14947509765625,42.94060516357422,136.66961669921875,26.421720504760742,40.147499084472656
2013-10-11,17.000600814819336,,,25.332752227783203,47.14475631713867,23.7346134185791,42.516265869140625,43.922237396240234,137.55018615722656,26.5800724029541,40.427738189697266
2013-10-14,16.931211471557617,,,25.332752227783203,47.29155731201172,23.767776489257812,42.841407775878906,43.79243850708008,138.09959411621094,26.643421173095703,40.700599670410156
2013-10-15,17.052642822265625,,,25.342208862304688,47.11021423339844,23.67658042907715,42.57462692260742,43.79243850708008,137.09779357910156,26.445470809936523,40.722721099853516
2013-10-16,17.052642822265625,,,25.181396484375,47.878822326660156,23.8258056640625,43.133182525634766,44.27109146118164,139.01246643066406,26.888870239257812,40.97346115112305
2013-10-17,17.043970108032227,,,25.238155364990234,48.474708557128906,23.90870475769043,43.299903869628906,44.579376220703125,139.9414825439453,27.165992736816406,40.97346115112305
2013-10-18,16.94856071472168,,,25.313831329345703,48.733802795410156,23.991607666015625,43.71672058105469,44.579376220703125,140.88673400878906,27.22933006286621,40.97346115112305
2013-10-21,16.98325538635254,,,25.162477493286133,48.5351676940918,23.983318328857422,43.800106048583984,44.887657165527344,140.89479064941406,27.2135009765625,41.519168853759766
2013-10-22,16.98325538635254,,,25.351667404174805,49.131065368652344,24.066219329833984,43.96683883666992,44.887657165527344,141.71072387695312,27.47478675842285,41.799415588378906
2013-10-23,17.061317443847656,,,25.17193603515625,48.99287796020508,23.983318328857422,43.91681671142578,44.887657165527344,141.0321807861328,27.42728042602539,41.52656173706055
2013-10-24,17.061317443847656,,,25.417888641357422,49.061954498291016,24.024763107299805,44.04186248779297,44.887657165527344,141.50074768066406,27.451038360595703,41.56342315673828
2013-10-25,16.922534942626953,,,25.380048751831055,49.09650802612305,24.041345596313477,44.15021896362305,44.887657165527344,142.1470489501953,27.553966522216797,41.71830749511719
2013-10-28,17.043970108032227,,,25.370588302612305,49.26060485839844,24.041345596313477,44.358642578125,45.36630630493164,142.3732452392578,27.625225067138672,41.81416702270508
2013-10-29,17.043970108032227,,,25.398967742919922,49.55424499511719,24.074508666992188,44.642093658447266,45.51233673095703,143.13262939453125,27.791501998901367,41.976409912109375
2013-10-30,17.043970108032227,,,25.342208862304688,49.277870178222656,24.041345596313477,44.550384521484375,45.51233673095703,142.4217071533203,27.60147476196289,41.82154846191406
2013-10-31,17.035297393798828,,,25.313831329345703,49.12242126464844,24.033058166503906,44.39198303222656,45.51233673095703,142.0177764892578,27.553966522216797,41.82154846191406
2013-11-01,16.974578857421875,,,25.351667404174805,49.25197219848633,23.983318328857422,44.425331115722656,45.382537841796875,142.35704040527344,27.633146286010742,41.66667556762695
2013-11-04,16.974578857421875,,,25.398967742919922,49.131065368652344,24.024763107299805,44.62540817260742,45.52044677734375,142.85791015625,27.70439910888672,41.9468994140625
2013-11-05,16.957231521606445,,,25.219234466552734,49.20878219604492,23.983318328857422,44.6170768737793,45.52044677734375,142.4055938720703,27.641056060791016,41.9468994140625
2013-11-06,16.957231521606445,,,25.266530990600586,49.08787155151367,24.0081844329834,44.842166900634766,45.52044677734375,143.13262939453125,27.791501998901367,41.9468994140625
2013-11-07,16.957231521606445,,,25.285451889038086,48.604248046875,23.892126083374023,44.266944885253906,45.52044677734375,141.32293701171875,27.506460189819336,41.66667556762695
2013-11-08,16.965904235839844,,,25.2570743560791,48.8460693359375,23.983318328857422,44.65043258666992,44.838993072509766,143.22959899902344,27.680652618408203,41.66667556762695
2013-11-11,17.069990158081055,,,25.455724716186523,48.932430267333984,23.941864013671875,44.80048751831055,45.43121337890625,143.25379943847656,27.641056060791016,42.21976852416992
2013-11-12,17.069990158081055,,,25.389509201049805,48.88060760498047,23.958446502685547,44.825504302978516,45.34196472167969,142.9630126953125,27.633146286010742,42.21976852416992
2013-11-13,17.069990158081055,,,25.531400680541992,49.39878463745117,24.0081844329834,45.2423210144043,45.34196472167969,144.1101531982422,27.846925735473633,42.21976852416992
2013-11-14,17.069990158081055,,,25.484102249145508,49.7701301574707,24.066219329833984,45.517417907714844,45.34196472167969,144.82920837402344,28.044862747192383,42.42625045776367
2013-11-15,17.069990158081055,,,25.540861129760742,49.925594329833984,24.1076717376709,45.7258415222168,45.34196472167969,145.45932006835938,28.108213424682617,42.42625045776367
2013-11-18,16.705692291259766,,,25.46518325805664,49.78741455078125,24.09937858581543,45.45071792602539,45.34196472167969,144.95040893554688,28.021116256713867,42.92035675048828
2013-11-19,17.0179500579834,,,25.27599334716797,49.65786361694336,24.049640655517578,45.50907897949219,45.34196472167969,144.63531494140625,27.96569061279297,42.63275909423828
2013-11-20,17.0179500579834,,,25.361127853393555,49.63196563720703,23.999897003173828,45.35069274902344,45.763832092285156,144.1829071044922,27.846925735473633,42.63275909423828
2013-11-21,16.88783836364746,,,25.389509201049805,49.951499938964844,24.115957260131836,45.74249267578125,45.79628372192383,145.3462371826172,27.94193458557129,42.7654914855957
2013-11-22,17.035297393798828,,,25.46518325805664,50.46965789794922,24.14082908630371,45.900909423828125,45.79628372192383,146.07334899902344,28.044862747192383,42.97935485839844
2013-11-25,17.035297393798828,,,25.446266174316406,50.50420379638672,24.124252319335938,45.850887298583984,45.95853805541992,145.9279327392578,28.021116256713867,43.023597717285156
2013-11-26,16.88783836364746,,,25.588159561157227,50.4178352355957,24.14911651611328,46.00926208496094,45.95853805541992,145.96829223632812,27.95777702331543,43.141597747802734
2013-11-27,16.94856071472168,,,25.597620010375977,50.49556350708008,24.207149505615234,46.15101623535156,45.95853805541992,146.32376098632812,27.973608016967773,43.04573059082031
2013-11-29,16.94856071472168,,,25.512479782104492,50.66828536987305,24.190570831298828,46.21770095825195,45.95853805541992,146.22689819335938,27.918180465698242,43.200592041015625
2013-12-02,16.731714248657227,,,25.60707664489746,50.357398986816406,24.09937858581543,46.00094223022461,45.95853805541992,145.8470916748047,27.815256118774414,43.200592041015625
2013-12-03,16.922534942626953,,,25.46518325805664,50.16740417480469,24.074508666992188,45.892578125,45.57723617553711,145.2169647216797,27.743999481201172,42.6769905090332
2013-12-04,16.82712745666504,,,25.436805725097656,49.96012496948242,24.016477584838867,45.850887298583984,45.57723617553711,145.20086669921875,27.656892776489258,42.85398864746094
2013-12-05,16.78375816345215,,,25.427345275878906,49.925594329833984,23.983318328857422,45.73417663574219,45.57723617553711,144.5626220703125,27.546056747436523,42.64750671386719
2013-12-06,16.78375816345215,,,25.436805725097656,50.49556350708008,24.074508666992188,46.07598114013672,45.89363479614258,146.17837524414062,27.894426345825195,43.03097915649414
2013-12-09,16.8618221282959,,,25.455724716186523,50.58194351196289,24.074508666992188,46.21770095825195,46.088340759277344,146.5500030517578,27.862764358520508,43.24483871459961
2013-12-10,16.8618221282959,,,25.285451889038086,50.56465530395508,24.066219329833984,46.00094223022461,46.088340759277344,146.0248565673828,27.736072540283203,43.12683868408203
2013-12-11,16.8618221282959,,,25.313831329345703,49.85650634765625,23.966739654541016,45.567440032958984,46.088340759277344,144.38485717773438,27.490619659423828,42.64750671386719
2013-12-12,16.8618221282959,,,25.313831329345703,49.8996696472168,23.916996002197266,45.467411041259766,45.220279693603516,143.90821838378906,27.332271575927734,42.5147590637207
2013-12-13,16.879165649414062,,,25.332752227783203,50.16740417480469,23.933574676513672,45.35902404785156,45.32573699951172,143.89207458496094,27.348102569580078,42.463134765625
2013-12-16,16.662322998046875,,,25.446266174316406,50.34877395629883,23.991607666015625,45.65914535522461,45.54479217529297,144.78878784179688,27.435209274291992,42.75811767578125
2013-12-17,16.896516799926758,,,25.446266174316406,50.36603546142578,23.97502899169922,45.484066009521484,45.54479217529297,144.32833862304688,27.332271575927734,42.69175338745117
2013-12-18,16.514869689941406,,,25.351667404174805,51.04828643798828,24.09937858581543,46.13433074951172,45.43121337890625,146.79234313964844,27.807323455810547,43.104732513427734
2013-12-19,16.662322998046875,,,25.304372787475586,51.229637145996094,24.057926177978516,46.2093505859375,45.877403259277344,146.6227264404297,27.77566909790039,43.104732513427734
2013-12-20,16.705692291259766,,,25.304372787475586,51.54916763305664,24.15740966796875,46.51780319213867,45.877403259277344,147.47557067871094,27.88652992248535,43.5324592590332
2013-12-23,16.740386962890625,,,25.408428192138672,51.77364730834961,24.21544075012207,46.77291488647461,46.443668365478516,148.26341247558594,27.955007553100586,43.65402603149414
2013-12-24,16.697019577026367,,,25.342208862304688,51.842979431152344,24.22372817993164,46.86491012573242,46.639503479003906,148.5883331298828,28.03465461730957,43.65402603149414
2013-12-26,16.653650283813477,,,25.446266174316406,52.111637115478516,24.248600006103516,47.166038513183594,46.64766311645508,149.34381103515625,28.122262954711914,43.98759841918945
2013-12-27,16.627628326416016,,,25.278125762939453,51.86896896362305,24.236846923828125,47.09075927734375,46.84348678588867,149.335693359375,28.1381893157959,44.01726150512695
2013-12-30,16.480175018310547,,,25.249465942382812,51.78230667114258,24.270429611206055,47.09075927734375,46.84348678588867,149.31134033203125,28.22579574584961,44.002418518066406
2013-12-31,16.480175018310547,,,25.354555130004883,52.02496337890625,24.320798873901367,47.274776458740234,46.933250427246094,150.0179901123047,28.273582458496094,44.13584899902344
2014-01-02,16.575586318969727,,,25.23036003112793,51.48765182495117,24.220056533813477,46.923465728759766,46.933250427246094,148.58023071289062,27.99483871459961,43.891239166259766
2014-01-03,16.618955612182617,,,25.354555130004883,51.574317932128906,24.220056533813477,46.831459045410156,46.6803092956543,148.55587768554688,27.986873626708984,43.839332580566406
2014-01-06,16.618955612182617,,,25.373661041259766,51.46165466308594,24.220056533813477,46.64744186401367,46.6803092956543,148.12533569335938,27.92315101623535,43.83192825317383
2014-01-07,16.618955612182617,,,25.47874641418457,51.88631057739258,24.270429611206055,47.023841857910156,46.68846893310547,149.03509521484375,28.082433700561523,44.0765495300293
2014-01-08,16.540889739990234,,,25.306787490844727,52.26762771606445,24.262033462524414,47.00710678100586,46.68846893310547,149.06761169433594,28.07447624206543,44.0765495300293
2014-01-09,16.402109146118164,,,25.278125762939453,52.362945556640625,24.278823852539062,46.98202896118164,46.590553283691406,149.1650848388672,28.114294052124023,43.980186462402344
2014-01-10,16.428133010864258,,,25.469194412231445,52.46696853637695,24.354381561279297,47.082401275634766,46.590553283691406,149.5712890625,28.249696731567383,44.12102508544922
2014-01-13,16.497522354125977,,,25.316341400146484,51.548316955566406,24.220056533813477,46.42998504638672,46.92508316040039,147.58119201660156,27.962968826293945,43.81709671020508
2014-01-14,16.497522354125977,,,25.440534591674805,52.33695602416992,24.337589263916016,46.96529769897461,46.70478057861328,149.18943786621094,28.130226135253906,43.95793914794922
2014-01-15,16.488849639892578,,,25.53606605529785,52.33695602416992,24.38796043395996,47.199493408203125,46.99851989746094,149.9936065673828,28.18597412109375,44.23965072631836
2014-01-16,16.402109146118164,,,25.392765045166016,52.37162780761719,24.413145065307617,47.22458267211914,46.8924446105957,149.79864501953125,28.201904296875,44.02467346191406
2014-01-17,16.393436431884766,,,25.526514053344727,52.094303131103516,24.396352767944336,47.09912872314453,46.84348678588867,149.1650848388672,28.162086486816406,43.92829132080078
2014-01-21,16.454153060913086,,,25.57427978515625,52.50164031982422,24.438331604003906,47.28312683105469,46.84348678588867,149.60369873046875,28.170042037963867,43.98759841918945
2014-01-22,16.43680763244629,,,25.459638595581055,52.74428176879883,24.4299373626709,47.166038513183594,47.0882682800293,149.70118713378906,28.170042037963867,44.0543098449707
2014-01-23,16.43680763244629,,,25.41187286376953,52.14630126953125,24.371170043945312,46.81474304199219,47.0882682800293,148.47470092773438,27.970932006835938,43.55765914916992
2014-01-24,16.549564361572266,,,25.488300323486328,50.8463249206543,24.161291122436523,45.844486236572266,45.92962646484375,145.3068084716797,27.524930953979492,42.720008850097656
2014-01-27,16.78375816345215,,,25.555173873901367,50.32633972167969,24.068944931030273,45.4764518737793,45.799076080322266,144.59201049804688,27.40546226501465,42.50503158569336
2014-01-28,16.653650283813477,,,25.65070915222168,50.88100051879883,24.17807960510254,45.56010437011719,45.8480339050293,145.45303344726562,27.556787490844727,42.50503158569336
2014-01-29,16.653650283813477,,,25.545618057250977,50.17034149169922,24.11092185974121,45.16697311401367,45.8480339050293,144.0559844970703,27.317859649658203,42.50503158569336
2014-01-30,16.653650283813477,,,25.688919067382812,51.270999908447266,24.211660385131836,45.50155258178711,46.01939010620117,145.58297729492188,27.556787490844727,42.66070556640625
2014-01-31,16.350069046020508,,,25.679365158081055,50.8203239440918,24.1361026763916,45.29244613647461,46.01939010620117,144.73011779785156,27.413427352905273,42.56435012817383
2014-02-03,16.549564361572266,,,25.57427978515625,49.45969009399414,23.97659683227539,44.23017120361328,46.01939010620117,141.47293090820312,26.824054718017578,42.08992385864258
2014-02-04,16.549564361572266,,,25.774898529052734,49.98835372924805,24.00178337097168,44.5731201171875,45.12183380126953,142.4638671875,26.991313934326172,41.823055267333984
2014-02-05,16.549564361572266,,,25.746240615844727,49.83233642578125,23.99338722229004,44.447654724121094,45.12183380126953,142.2852325439453,26.967430114746094,41.682212829589844
2014-02-06,16.549564361572266,,,25.927751541137695,50.41299819946289,24.052152633666992,44.9913215637207,45.12183380126953,144.1614990234375,27.190425872802734,42.24558639526367
2014-02-07,16.549564361572266,,,25.79400634765625,51.48765182495117,24.211660385131836,45.693931579589844,45.9051399230957,145.948486328125,27.532888412475586,42.364200592041016
2014-02-10,16.618955612182617,,,25.879987716674805,51.55698776245117,24.194869995117188,45.79429626464844,46.13361358642578,146.21652221679688,27.60457420349121,42.712581634521484
2014-02-11,16.61028289794922,,,25.94685935974121,52.250308990478516,24.262033462524414,46.28779602050781,46.13361358642578,147.81671142578125,27.899250030517578,43.253726959228516
2014-02-12,16.61028289794922,,,25.96596908569336,52.276302337646484,24.295612335205078,46.388145446777344,46.13361358642578,147.8898468017578,27.899250030517578,43.231502532958984
2014-02-13,16.419462203979492,,,26.023286819458008,52.822288513183594,24.379566192626953,46.68926239013672,47.02299118041992,148.65335083007812,28.082433700561523,43.52801513671875
2014-02-14,16.419462203979492,,,26.090160369873047,52.99562072753906,24.404748916625977,46.890018463134766,47.02299118041992,149.4738006591797,28.2337589263916,43.69850540161133
2014-02-18,16.298025131225586,,,26.099714279174805,53.36829376220703,24.480308532714844,47.057289123535156,47.02299118041992,149.65248107910156,28.313405990600586,43.84675216674805
2014-02-19,16.454153060913086,,,25.937307357788086,53.0216178894043,24.404748916625977,46.71436309814453,47.59415817260742,148.66146850585938,28.20985984802246,43.75038528442383
2014-02-20,16.34139633178711,,,26.099714279174805,53.53294372558594,24.45511817932129,47.06565856933594,47.59415817260742,149.53872680664062,28.393054962158203,43.883819580078125
2014-02-21,16.34139633178711,,,26.061500549316406,53.428951263427734,24.47191047668457,46.96529769897461,47.69206237792969,149.36817932128906,28.36118507385254,43.80227279663086
2014-02-24,16.185266494750977,,,26.099714279174805,53.96627426147461,24.530675888061523,47.22458267211914,47.78999328613281,150.19671630859375,28.401020050048828,43.80227279663086
2014-02-25,16.185266494750977,,,26.05194664001465,53.89693832397461,24.555864334106445,47.166038513183594,47.78999328613281,150.13986206054688,28.401020050048828,43.943119049072266
2014-02-26,16.193941116333008,,,26.05194664001465,53.86226272583008,24.589447021484375,47.324951171875,47.89605712890625,150.1479949951172,28.408979415893555,43.943119049072266
2014-02-27,16.176591873168945,,,26.128372192382812,54.20026397705078,24.681791305541992,47.45042037963867,47.89605712890625,150.9358673095703,28.51251220703125,43.943119049072266
2014-02-28,16.176591873168945,,,26.223907470703125,54.234928131103516,24.63981819152832,47.50897979736328,47.89605712890625,151.31759643554688,28.616058349609375,44.254459381103516
2014-03-03,16.176591873168945,,,25.994626998901367,53.76693344116211,24.572654724121094,47.057289123535156,47.855262756347656,150.25355529785156,28.41694450378418,43.93569564819336
2014-03-04,16.219961166381836,,,26.223907470703125,54.85892105102539,24.681791305541992,47.85190200805664,48.442745208740234,152.36541748046875,28.807193756103516,44.60285568237305
2014-03-05,16.219961166381836,,,26.013734817504883,54.94559860229492,24.681791305541992,47.726444244384766,48.328514099121094,152.50350952148438,28.743480682373047,44.580604553222656
2014-03-06,16.237308502197266,,,26.004180908203125,54.841583251953125,24.681791305541992,47.75989532470703,48.328514099121094,152.8528289794922,28.727558135986328,44.7585334777832
2014-03-07,16.237308502197266,,,26.0328426361084,54.685585021972656,24.63142204284668,47.626068115234375,48.385643005371094,152.9178009033203,28.799236297607422,44.81782913208008
2014-03-10,16.237308502197266,,,26.023286819458008,54.720252990722656,24.597837448120117,47.70970916748047,48.385643005371094,152.83657836914062,28.775333404541016,44.78076934814453
2014-03-11,16.237308502197266,,,25.91819953918457,54.32159423828125,24.530675888061523,47.59260177612305,48.23060607910156,152.0811309814453,28.743480682373047,44.476837158203125
2014-03-12,16.237308502197266,,,25.96596908569336,54.390926361083984,24.56425666809082,47.60933303833008,47.90421676635742,152.12179565429688,28.767379760742188,44.476837158203125
2014-03-13,16.627628326416016,,,25.94685935974121,53.60226058959961,24.45511817932129,46.98202896118164,47.90421676635742,150.41595458984375,28.528432846069336,44.476837158203125
2014-03-14,16.514869689941406,,,26.128372192382812,53.35961151123047,24.446727752685547,46.83983612060547,47.90421676635742,149.9936065673828,28.544368743896484,44.01726150512695
2014-03-17,16.488849639892578,,,26.243013381958008,53.888267517089844,24.48870086669922,47.324951171875,47.90421676635742,151.35009765625,28.735517501831055,44.32115936279297
2014-03-18,16.497522354125977,,,26.233461380004883,54.36491775512695,24.597837448120117,47.74317169189453,48.393798828125,152.430419921875,28.862953186035156,44.74369430541992
2014-03-19,16.384763717651367,,,26.204801559448242,53.914268493652344,24.480308532714844,47.40023422241211,48.393798828125,151.61814880371094,28.63994789123535,44.72148132324219
2014-03-20,16.488849639892578,,,26.252567291259766,53.94894027709961,24.48870086669922,47.458778381347656,48.393798828125,152.50350952148438,28.695695877075195,44.72148132324219
2014-03-21,16.410783767700195,,,26.16658592224121,53.3509521484375,24.413145065307617,47.207855224609375,48.51618576049805,151.91200256347656,28.616058349609375,44.84749221801758
2014-03-24,16.549564361572266,,,26.05194664001465,52.63163375854492,24.446727752685547,47.11585235595703,48.10004806518555,151.28379821777344,28.496585845947266,44.58804702758789
2014-03-25,16.566913604736328,,,26.128372192382812,52.74533462524414,24.379566192626953,47.277862548828125,48.31559753417969,152.0017547607422,28.59425163269043,44.880741119384766
2014-03-26,16.705692291259766,,,25.96596908569336,52.08559799194336,24.413145065307617,46.8833122253418,48.31559753417969,150.9085235595703,28.50618553161621,44.627498626708984
2014-03-27,16.688344955444336,,,25.95641326904297,51.78178024291992,24.38796043395996,46.723819732666016,47.75007629394531,150.59034729003906,28.514192581176758,44.478538513183594
2014-03-28,16.705692291259766,,,25.879987716674805,51.85988998413086,24.438331604003906,46.84134292602539,48.217254638671875,151.33277893066406,28.586244583129883,44.77645492553711
2014-03-31,16.636302947998047,,,26.0328426361084,52.380741119384766,24.530675888061523,47.286258697509766,48.54509735107422,152.57289123535156,28.858409881591797,45.09672164916992
2014-04-01,16.636302947998047,,,26.118820190429688,52.997093200683594,24.597837448120117,47.747947692871094,48.54509735107422,153.58447265625,28.88243293762207,45.34993362426758
2014-04-02,16.558237075805664,,,26.128372192382812,53.379058837890625,24.597837448120117,47.873870849609375,48.84834289550781,154.09852600097656,28.95447540283203,45.34993362426758
2014-04-03,16.558237075805664,,,26.090160369873047,52.875553131103516,24.589447021484375,47.68919372558594,48.8073616027832,153.89454650878906,28.96247673034668,45.34993362426758
2014-04-04,16.558237075805664,,,25.899093627929688,51.73833465576172,24.4299373626709,46.95888137817383,48.8073616027832,152.07521057128906,28.722333908081055,45.72234344482422
2014-04-07,16.809778213500977,,,25.76534652709961,51.069923400878906,24.30401039123535,46.55592346191406,48.20905685424805,150.39450073242188,28.522197723388672,44.649845123291016
2014-04-08,16.809778213500977,,,25.97551918029785,51.22618103027344,24.362775802612305,46.581111907958984,48.20905685424805,151.0145721435547,28.64227867126465,44.64239501953125
2014-04-09,16.705692291259766,,,26.08060646057129,52.31998825073242,24.47191047668457,47.22749328613281,48.15987777709961,152.63809204101562,28.850418090820312,45.08183288574219
2014-04-10,16.705692291259766,,,25.784452438354492,50.713993072509766,24.25363540649414,46.35447311401367,47.97956848144531,149.43182373046875,28.434152603149414,44.3296012878418
2014-04-11,16.93988800048828,,,25.622047424316406,50.05425262451172,24.186479568481445,45.78364562988281,47.528778076171875,148.08567810058594,28.226009368896484,43.934871673583984
2014-04-14,16.93988800048828,,,25.851327896118164,50.33204650878906,24.56425666809082,46.127811431884766,47.528778076171875,149.25234985351562,28.434152603149414,44.016788482666016
2014-04-15,16.93988800048828,,,25.822668075561523,50.78343963623047,24.236846923828125,46.52235794067383,47.48781204223633,150.2803192138672,28.60226058959961,44.49345016479492
2014-04-16,17.0179500579834,,,25.899093627929688,51.503963470458984,24.38796043395996,47.059608459472656,48.19266128540039,151.8549346923828,28.88243293762207,44.87329864501953
2014-04-17,17.0179500579834,,,25.803560256958008,51.712318420410156,24.396352767944336,47.151954650878906,48.45494079589844,152.0670623779297,28.89844512939453,45.089271545410156
2014-04-21,16.8618221282959,,,25.612491607666016,52.08559799194336,24.4299373626709,47.252681732177734,48.47132873535156,152.5973358154297,28.98649024963379,45.141414642333984
2014-04-22,16.775083541870117,,,25.937307357788086,52.510955810546875,24.539073944091797,47.51289367675781,48.68442153930664,153.29083251953125,29.050548553466797,45.39462661743164
2014-04-23,16.801105499267578,,,25.717580795288086,52.241851806640625,24.522281646728516,47.286258697509766,48.68442153930664,152.9318084716797,29.002517700195312,45.32761764526367
2014-04-24,16.801105499267578,,,25.937307357788086,52.05955505371094,24.539073944091797,47.32823944091797,48.68442153930664,153.2418975830078,28.95447540283203,45.32761764526367
2014-04-25,17.000600814819336,,,25.83222198486328,51.17409896850586,24.404748916625977,46.97565460205078,48.47132873535156,151.98541259765625,28.89043617248535,45.014793395996094
2014-04-28,17.026622772216797,,,25.86087989807129,51.03520584106445,24.404748916625977,47.319828033447266,48.323814392089844,152.46681213378906,29.050548553466797,45.14885330200195
2014-04-29,17.026622772216797,,,25.937307357788086,51.460575103759766,24.49709701538086,47.57167053222656,48.65983963012695,153.1765899658203,29.122583389282227,45.40208435058594
2014-04-30,17.026622772216797,,,26.0328426361084,51.85988998413086,24.589447021484375,47.63882827758789,48.7499885559082,153.63345336914062,29.242658615112305,45.461666107177734
2014-05-01,16.965904235839844,,,26.128372192382812,51.981414794921875,24.623023986816406,47.705989837646484,48.897525787353516,153.64979553222656,29.234651565551758,45.43187713623047
2014-05-02,16.965904235839844,,,25.97551918029785,51.981414794921875,24.63142204284668,47.59685134887695,48.922096252441406,153.42942810058594,29.15460968017578,45.44676971435547
2014-05-05,16.94856071472168,,,26.17613983154297,52.36338806152344,24.66499900817871,47.81512451171875,48.922096252441406,153.72315979003906,29.234651565551758,45.17864990234375
2014-05-06,17.035297393798828,,,26.128372192382812,51.59946060180664,24.58104705810547,47.42897033691406,48.676246643066406,152.3851776123047,29.018518447875977,45.156307220458984
2014-05-07,17.269489288330078,,,26.04239273071289,51.58209228515625,24.656606674194336,47.3953857421875,48.82375717163086,153.28271484375,29.194629669189453,45.156307220458984
2014-05-08,17.23479461669922,,,25.927751541137695,51.503963470458984,24.589447021484375,47.412166595458984,48.82375717163086,153.1195068359375,29.178630828857422,45.30527114868164
2014-05-09,17.23479461669922,,,25.870433807373047,51.80781173706055,24.58104705810547,47.61363220214844,48.79096984863281,153.34793090820312,29.218643188476562,45.13395690917969
2014-05-12,16.931211471557617,,,26.0328426361084,52.6672248840332,24.69858169555664,48.1173095703125,49.241756439208984,154.84092712402344,29.36274528503418,45.79680633544922
2014-05-13,16.94856071472168,,,25.96596908569336,52.727989196777344,24.69858169555664,48.20124816894531,49.24995803833008,154.9796905517578,29.40275764465332,45.908546447753906
2014-05-14,16.94856071472168,,,25.813114166259766,52.31998825073242,24.69858169555664,47.91584396362305,49.19257354736328,154.245361328125,29.330713272094727,45.69255065917969
2014-05-15,17.104686737060547,,,25.803560256958008,51.73833465576172,24.606233596801758,47.420570373535156,48.602474212646484,152.8910369873047,29.090553283691406,45.13395690917969
2014-05-16,17.104686737060547,,,25.98507308959961,51.94670486450195,24.66499900817871,47.6556282043457,48.88933181762695,153.4213409423828,29.226642608642578,45.13395690917969
2014-05-19,17.15673065185547,,,25.841772079467773,52.406795501708984,24.73216438293457,47.8234977722168,49.01226806640625,153.9842987060547,29.226642608642578,45.52870178222656
2014-05-20,17.165403366088867,,,25.889541625976562,51.981414794921875,24.656606674194336,47.52969741821289,48.68442153930664,153.0134735107422,29.050548553466797,45.23078918457031
2014-05-21,17.069990158081055,,,26.04239273071289,52.60646438598633,24.740558624267578,47.8654670715332,48.86473083496094,154.30250549316406,29.210647583007812,45.506351470947266
2014-05-22,17.000600814819336,,,26.118820190429688,52.94501876831055,24.782533645629883,47.982994079589844,49.110618591308594,154.67771911621094,29.266687393188477,45.73723602294922
2014-05-23,16.93988800048828,,,26.118820190429688,53.2227897644043,24.824506759643555,48.2264404296875,49.25815200805664,155.2978515625,29.330713272094727,45.82661819458008
2014-05-27,16.844472885131836,,,26.099714279174805,53.76101303100586,24.90006446838379,48.41112518310547,49.471248626708984,156.25238037109375,29.394758224487305,46.00535583496094
2014-05-28,16.82712745666504,,,25.899093627929688,53.79574966430664,24.925254821777344,48.40272903442383,49.60238265991211,156.1381378173828,29.33873176574707,46.0426025390625
2014-05-29,16.844472885131836,,,25.937307357788086,54.00408172607422,24.958831787109375,48.587406158447266,49.70073699951172,156.94583129882812,29.474811553955078,46.16176223754883
2014-05-30,16.931211471557617,,,26.061500549316406,53.9693603515625,24.94204330444336,48.746891021728516,49.86466598510742,157.19874572753906,29.578880310058594,46.16176223754883
2014-06-02,16.905189514160156,,,26.16658592224121,54.1256217956543,24.908462524414062,48.78048324584961,49.987606048583984,157.37826538085938,29.562870025634766,46.41499328613281
2014-06-03,17.069990158081055,,,26.0328426361084,54.021446228027344,24.908462524414062,48.67134094238281,49.987606048583984,157.29666137695312,29.530841827392578,46.41499328613281
2014-06-04,17.0179500579834,,,26.090160369873047,54.1342887878418,24.98401641845703,48.78048324584961,49.93841552734375,157.61483764648438,29.65093421936035,46.549049377441406
2014-06-05,17.0179500579834,,,25.96596908569336,54.403411865234375,25.017595291137695,49.08268356323242,49.93841552734375,158.642822265625,29.76299285888672,46.616085052490234
2014-06-06,16.82712745666504,,,26.10926628112793,54.53362274169922,25.059574127197266,49.275760650634766,50.55312728881836,159.40155029296875,29.81902503967285,47.05551528930664
2014-06-09,16.835798263549805,,,26.18569564819336,54.481529235839844,25.03438949584961,49.31772994995117,50.54492950439453,159.56472778320312,29.811019897460938,47.107635498046875
2014-06-10,16.835798263549805,,,26.14748191833496,54.49020767211914,24.992414474487305,49.21697998046875,50.413787841796875,159.58103942871094,29.738983154296875,47.129981994628906
2014-06-11,16.636302947998047,,,26.118820190429688,54.464176177978516,25.00920295715332,49.057498931884766,50.413787841796875,159.02626037597656,29.602895736694336,46.95867919921875
2014-06-12,16.818452835083008,,,26.118820190429688,54.00408172607422,24.950437545776367,48.587406158447266,50.413787841796875,157.9004364013672,29.49082374572754,46.817169189453125
2014-06-13,16.740386962890625,,,26.128372192382812,54.09089279174805,24.975622177124023,48.64618682861328,50.413787841796875,158.3817901611328,29.562870025634766,46.73525619506836
2014-06-16,16.835798263549805,,,26.18569564819336,54.11693572998047,24.958831787109375,48.73011016845703,50.413787841796875,158.51235961914062,29.578880310058594,46.83952331542969
2014-06-17,16.835798263549805,,,26.26211929321289,54.290550231933594,25.025991439819336,48.82245635986328,50.413787841796875,158.9528350830078,29.61090850830078,46.98847961425781
2014-06-18,16.78375816345215,,,26.319438934326172,54.8114128112793,25.10154914855957,48.965152740478516,50.44657516479492,160.1195068359375,29.81902503967285,47.35342025756836
2014-06-19,16.74906349182129,,,26.233461380004883,54.82876968383789,25.10154914855957,49.09946823120117,50.88916015625,160.2989959716797,29.939104080200195,47.37577438354492
2014-06-20,16.688344955444336,,,26.300334930419922,55.18467712402344,25.12673568725586,49.166622161865234,50.93014144897461,160.62445068359375,29.98712730407715,47.52472686767578
2014-06-23,16.688344955444336,,,26.27167320251465,55.09788513183594,25.10994529724121,49.166622161865234,51.04487228393555,160.57528686523438,29.939104080200195,47.54706573486328
2014-06-24,16.61028289794922,,,26.16658592224121,54.76799392700195,25.076364517211914,48.86441421508789,50.733436584472656,159.60797119140625,29.8270263671875,47.2044563293457
2014-06-25,16.723041534423828,,,26.414974212646484,55.148555755615234,25.10994529724121,49.0843620300293,50.81581115722656,160.3292999267578,29.93082618713379,47.31821060180664
2014-06-26,16.723041534423828,,,26.491397857666016,55.10500717163086,25.11834144592285,49.00008773803711,50.807579040527344,160.21458435058594,29.89864158630371,47.0562858581543
2014-06-27,16.575586318969727,,,26.701574325561523,55.15724182128906,25.135129928588867,49.10963439941406,50.939361572265625,160.52610778808594,29.946914672851562,47.205955505371094
2014-06-30,16.653650283813477,,,26.57737922668457,55.087589263916016,25.177104949951172,49.033790588378906,50.94760513305664,160.44412231445312,29.946914672851562,47.37059783935547
2014-07-01,16.653650283813477,,,26.692020416259766,55.56654357910156,25.277851104736328,49.55623245239258,51.25239181518555,161.5179901123047,30.10784149169922,47.63252639770508
2014-07-02,16.540889739990234,,,26.57737922668457,55.453338623046875,25.26106071472168,49.598358154296875,51.0217399597168,161.68191528320312,30.067604064941406,47.63252639770508
2014-07-03,16.653650283813477,,,26.67291259765625,55.73199462890625,25.33661651611328,49.87644577026367,51.2935791015625,162.47714233398438,30.16415786743164,47.89443588256836
2014-07-07,16.653650283813477,,,26.491397857666016,55.235626220703125,25.202295303344727,49.724769592285156,51.038211822509766,161.91151428222656,30.10784149169922,47.722328186035156
2014-07-08,16.896516799926758,,,26.42452621459961,54.791500091552734,25.067970275878906,49.46354293823242,50.774620056152344,160.87039184570312,30.043468475341797,47.48284912109375
2014-07-09,16.913864135742188,,,26.567827224731445,55.13983917236328,25.168710708618164,49.62364959716797,50.988792419433594,161.591796875,30.148067474365234,47.67742919921875
2014-07-10,16.922534942626953,,,26.414974212646484,54.956974029541016,25.05118179321289,49.33714294433594,50.81581115722656,160.9523162841797,30.09980010986328,47.47536849975586
2014-07-11,16.905189514160156,,,26.57737922668457,55.16596984863281,25.10994529724121,49.38771057128906,50.81581115722656,161.1736602783203,30.09980010986328,47.49032974243164
2014-07-14,17.0179500579834,,,26.720678329467773,55.4359130859375,25.160314559936523,49.699493408203125,50.81581115722656,161.9852294921875,30.19633674621582,47.49032974243164
2014-07-15,17.026622772216797,,,26.62514877319336,55.17466735839844,25.10994529724121,49.47198486328125,50.81581115722656,161.68191528320312,30.1561222076416,47.789676666259766
2014-07-16,16.93988800048828,,,26.64425277709961,55.21820831298828,25.135129928588867,49.547813415527344,51.09587860107422,162.2803192138672,30.25265884399414,47.90941619873047
2014-07-17,17.0179500579834,,,26.453187942504883,54.451900482177734,24.992414474487305,48.957969665527344,50.708717346191406,160.43594360351562,29.9549560546875,47.63252639770508
2014-07-18,16.991928100585938,,,26.720678329467773,55.2530403137207,25.084758758544922,49.598358154296875,51.04645538330078,162.07545471191406,30.236572265625,47.857025146484375
2014-07-21,17.026622772216797,,,26.701574325561523,55.27047348022461,25.067970275878906,49.412986755371094,50.88994216918945,161.77207946777344,30.140012741088867,47.78219223022461
2014-07-22,17.026622772216797,,,26.68246841430664,55.64491271972656,25.151920318603516,49.75847625732422,51.01350402832031,162.47714233398438,30.204391479492188,47.96928787231445
2014-07-23,16.896516799926758,,,26.73023223876953,55.906158447265625,25.168710708618164,50.00284194946289,51.01350402832031,162.83778381347656,30.236572265625,48.104000091552734
2014-07-24,16.896516799926758,,,26.67291259765625,56.08902359008789,25.177104949951172,49.85958480834961,51.178245544433594,162.84597778320312,30.24462127685547,48.141387939453125
2014-07-25,17.009275436401367,,,26.6155948638916,55.906158447265625,25.135129928588867,49.632080078125,51.178245544433594,162.0836181640625,30.11589241027832,47.89443588256836
2014-07-28,17.069990158081055,,,26.6155948638916,55.81035614013672,25.12673568725586,49.80903625488281,50.65106201171875,162.1492919921875,30.18024253845215,47.81211853027344
2014-07-29,17.069990158081055,,,26.57737922668457,55.62749099731445,25.084758758544922,49.632080078125,50.988792419433594,161.45237731933594,30.09174919128418,47.90941619873047
2014-07-30,17.069990158081055,,,26.606040954589844,55.714576721191406,25.084758758544922,49.6405029296875,50.519256591796875,161.47702026367188,30.03542137145996,47.68490219116211
2014-07-31,17.069990158081055,,,26.348098754882812,54.51285934448242,24.84969711303711,48.66301727294922,50.03326416015625,158.28810119628906,29.52048110961914,46.98894119262695
2014-08-01,17.130708694458008,,,26.52005958557129,54.521568298339844,24.824506759643555,48.460784912109375,49.794376373291016,157.80447387695312,29.52048110961914,46.64469909667969
2014-08-04,17.08734130859375,,,26.500953674316406,54.93954849243164,24.891674041748047,48.7725715637207,49.95912551879883,158.94395446777344,29.641176223754883,46.64469909667969
2014-08-05,17.08734130859375,,,26.472293853759766,54.32128143310547,24.790929794311523,48.41023635864258,49.5637321472168,157.4027557373047,29.351520538330078,46.285491943359375
2014-08-06,17.08734130859375,,,26.08060646057129,54.08615493774414,24.782533645629883,48.53662872314453,49.52255630493164,157.45193481445312,29.423938751220703,46.45761489868164
2014-08-07,17.08734130859375,,,25.889541625976562,53.80748748779297,24.70697784423828,48.224849700927734,49.25896072387695,156.59942626953125,29.31128692626953,46.158267974853516
2014-08-08,17.043970108032227,,,26.08060646057129,54.39094924926758,24.824506759643555,48.781005859375,49.819087982177734,158.4111328125,29.657276153564453,46.652183532714844
2014-08-11,16.991928100585938,,,26.04239273071289,54.59122085571289,24.88327407836914,48.89896011352539,50.057979583740234,158.87014770507812,29.794044494628906,46.846744537353516
2014-08-12,16.991928100585938,,,25.91819953918457,54.53899383544922,24.84969711303711,48.856834411621094,49.95912551879883,158.64881896972656,29.77794647216797,46.771915435791016
2014-08-13,16.965904235839844,,,26.071054458618164,55.000511169433594,24.916854858398438,49.16862106323242,50.14033126831055,159.7227020263672,29.93886947631836,46.861717224121094
2014-08-14,16.896516799926758,,,26.061500549316406,55.29658508300781,25.000810623168945,49.40454864501953,50.45337677001953,160.47689819335938,30.11589241027832,47.176029205322266
2014-08-15,16.922534942626953,,,26.10926628112793,55.41849136352539,25.017595291137695,49.455108642578125,50.749908447265625,160.44412231445312,30.09980010986328,47.168540954589844
2014-08-18,16.922534942626953,,,26.252567291259766,55.77553176879883,25.10154914855957,49.9522819519043,50.939361572265625,161.7885284423828,30.300949096679688,47.55019760131836
2014-08-19,16.818452835083008,,,26.233461380004883,56.17610549926758,25.143526077270508,50.32304763793945,51.2441520690918,162.63282775878906,30.469913482666016,47.857025146484375
2014-08-20,16.818452835083008,,,26.300334930419922,56.40251541137695,25.151920318603516,50.53371047973633,51.32652282714844,163.0673828125,30.502092361450195,48.00669479370117
2014-08-21,16.818452835083008,,,26.27167320251465,56.50701141357422,25.168710708618164,50.584266662597656,51.49125289916992,163.5428009033203,30.598636627197266,48.20874786376953
2014-08-22,16.818452835083008,,,26.26211929321289,56.53313446044922,25.177104949951172,50.575843811035156,51.37594223022461,163.28866577148438,30.49403953552246,48.02915573120117
2014-08-25,16.653650283813477,,,26.157032012939453,56.820499420166016,25.252662658691406,50.769657135009766,51.59010696411133,164.11663818359375,30.606700897216797,48.3060417175293
2014-08-26,16.653650283813477,,,26.18569564819336,56.87274932861328,25.28624153137207,50.86235427856445,51.61482620239258,164.2232208251953,30.590587615966797,48.38835144042969
2014-08-27,16.627628326416016,,,26.18569564819336,56.79437255859375,25.294639587402344,50.73593521118164,51.581871032714844,164.15762329101562,30.590587615966797,48.44822311401367
2014-08-28,16.627628326416016,,,26.157032012939453,56.742130279541016,25.277851104736328,50.693817138671875,51.581871032714844,164.06744384765625,30.62277603149414,48.343448638916016
2014-08-29,16.627628326416016,,,26.348098754882812,57.02080154418945,25.319822311401367,50.778076171875,51.763092041015625,164.5347442626953,30.6951961517334,48.3509407043457
2014-09-02,16.627628326416016,,,26.414974212646484,57.194950103759766,25.28624153137207,50.89604949951172,51.77956771850586,164.4528045654297,30.66302490234375,48.35843276977539
2014-09-03,16.627628326416016,,,26.386316299438477,57.194950103759766,25.30303192138672,50.68539810180664,51.804290771484375,164.362548828125,30.711275100708008,48.45569610595703
2014-09-04,16.67099952697754,,,26.300334930419922,57.090457916259766,25.227476119995117,50.567420959472656,51.74661636352539,164.1248779296875,30.6871395111084,48.313514709472656
2014-09-05,16.67099952697754,,,26.319438934326172,57.430057525634766,25.30303192138672,50.7864990234375,51.853702545166016,164.8626251220703,30.864147186279297,48.49312210083008
2014-09-08,16.653650283813477,,,26.309886932373047,57.430057525634766,25.252662658691406,50.7612419128418,51.919593811035156,164.4364013671875,30.791751861572266,48.41081237792969
2014-09-09,16.757736206054688,,,26.319438934326172,57.02080154418945,25.151920318603516,50.4662971496582,51.66424560546875,163.39520263671875,30.6147403717041,48.163848876953125
2014-09-10,16.723041534423828,,,26.290781021118164,57.31686782836914,25.19389533996582,50.778076171875,51.66424560546875,164.0100860595703,30.62277603149414,48.223724365234375
2014-09-11,16.723041534423828,,,26.376760482788086,57.212379455566406,25.185503005981445,50.62642288208008,51.656002044677734,164.19857788085938,30.66302490234375,48.223724365234375
2014-09-12,16.723041534423828,,,26.348098754882812,56.855342864990234,25.084758758544922,50.42416000366211,51.28533172607422,163.239501953125,30.40553855895996,47.90941619873047
2014-09-15,16.723041534423828,,,26.309886932373047,56.550567626953125,25.025991439819336,50.28934860229492,51.219444274902344,163.11648559570312,30.453800201416016,47.9842414855957
2014-09-16,16.723041534423828,,,26.46274185180664,57.17754364013672,25.11834144592285,50.70223617553711,51.623050689697266,164.3461456298828,30.66302490234375,47.96928787231445
2014-09-17,16.697019577026367,,,26.290781021118164,57.26462173461914,25.12673568725586,50.693817138671875,51.573638916015625,164.56753540039062,30.66302490234375,48.478172302246094
2014-09-18,16.566913604736328,,,26.328994750976562,57.57811737060547,25.168710708618164,51.047733306884766,51.59834671020508,165.44467163085938,30.751508712768555,48.71015548706055
2014-09-19,16.618955612182617,,,26.348098754882812,57.508445739746094,25.12673568725586,51.047733306884766,51.672481536865234,165.2955780029297,30.775651931762695,48.53054428100586
2014-09-22,16.757736206054688,,,26.21435546875,56.855342864990234,25.025991439819336,50.67695999145508,51.2771110534668,164.01902770996094,30.606700897216797,48.19378662109375
2014-09-23,16.74906349182129,,,26.17613983154297,56.65505599975586,24.992414474487305,50.407318115234375,50.898193359375,163.0801239013672,30.445772171020508,47.92438507080078
2014-09-24,16.74906349182129,,,26.376760482788086,57.26100158691406,25.10154914855957,50.9187126159668,51.30998229980469,164.35670471191406,30.672887802124023,48.17044448852539
2014-09-25,16.78375816345215,,,26.13792610168457,56.483924865722656,24.925254821777344,50.05653381347656,50.714595794677734,161.70469665527344,30.33341407775879,47.52527618408203
2014-09-26,16.835798263549805,,,26.36720848083496,56.955406188964844,24.98401641845703,50.572147369384766,50.714595794677734,162.989501953125,30.495073318481445,47.74281311035156
2014-09-29,16.78375816345215,,,26.290781021118164,56.911766052246094,24.950437545776367,50.496063232421875,50.69806671142578,162.6930389404297,30.503150939941406,47.74281311035156
2014-09-30,16.870494842529297,,,26.21435546875,56.641075134277344,24.908462524414062,50.38618087768555,50.76422882080078,162.26473999023438,30.45465850830078,47.59278106689453
2014-10-01,17.000600814819336,,,26.21435546875,55.811588287353516,24.757347106933594,49.67617416381836,50.1771125793457,160.0657196044922,30.220266342163086,46.850093841552734
2014-10-02,17.069990158081055,,,26.376760482788086,55.7679328918457,24.740558624267578,49.68461608886719,50.292884826660156,160.09046936035156,30.260663986206055,46.51250076293945
2014-10-03,16.93988800048828,,,26.539167404174805,56.579959869384766,24.807716369628906,50.200218200683594,50.82209396362305,161.8529510498047,30.592056274414062,47.28520202636719
2014-10-06,17.000600814819336,,,26.386316299438477,56.44026184082031,24.816116333007812,50.098793029785156,50.72287368774414,161.66354370117188,30.575897216796875,47.4277458190918
2014-10-07,16.78375816345215,,,26.376760482788086,55.46232986450195,24.681791305541992,49.37186813354492,50.574031829833984,159.1680450439453,30.236431121826172,46.82007598876953
2014-10-08,17.165403366088867,,,26.52005958557129,56.57123947143555,24.84969711303711,50.27629852294922,50.706336975097656,161.9518280029297,30.745635986328125,47.450260162353516
2014-10-09,17.312856674194336,,,26.27167320251465,55.226600646972656,24.597837448120117,49.380306243896484,50.2101936340332,158.7397918701172,30.24451446533203,46.452476501464844
2014-10-10,17.512353897094727,,,26.443634033203125,54.42329788208008,24.396352767944336,48.687198638916016,49.532127380371094,156.92788696289062,30.10711669921875,45.829803466796875
2014-10-13,17.7985897064209,,,26.17613983154297,53.14849853515625,24.236846923828125,47.858848571777344,49.532127380371094,154.34999084472656,29.79189109802246,45.0946159362793
2014-10-14,17.677154541015625,,,26.19524574279785,52.912742614746094,24.236846923828125,47.92646789550781,49.027687072753906,154.5888214111328,29.929298400878906,45.207157135009766
2014-10-15,17.755220413208008,,,25.688919067382812,52.64206314086914,24.161291122436523,47.68133544921875,48.30000305175781,153.54287719726562,29.686830520629883,44.727012634277344
2014-10-16,17.755220413208008,,,25.803560256958008,52.98259735107422,24.152894973754883,47.66443634033203,48.92020034790039,153.41116333007812,29.622159957885742,44.79453659057617
2014-10-17,17.45163917541504,,,25.937307357788086,53.88193893432617,24.362775802612305,48.18849182128906,49.42460632324219,155.22305297851562,29.9373779296875,45.372188568115234
2014-10-20,17.416942596435547,,,26.013734817504883,54.309783935546875,24.446727752685547,48.433616638183594,49.7223014831543,156.73023986816406,30.196027755737305,45.85982131958008
2014-10-21,17.312856674194336,,,26.17613983154297,55.66315460205078,24.673397064208984,49.380306243896484,49.7223014831543,159.8351593017578,30.648632049560547,46.65504455566406
2014-10-22,17.312856674194336,,,25.937307357788086,55.261497497558594,24.572654724121094,49.1182861328125,50.516143798828125,158.69862365722656,30.583969116210938,46.49748992919922
2014-10-23,17.338878631591797,,,26.17613983154297,56.12592315673828,24.690187454223633,49.81140899658203,51.028831481933594,160.5435028076172,30.79410743713379,46.917606353759766
2014-10-24,17.338878631591797,,,26.14748191833496,56.719669342041016,24.774137496948242,50.166412353515625,51.367862701416016,161.77882385253906,31.044677734375,47.11266326904297
2014-10-27,17.304183959960938,,,26.099714279174805,56.57123947143555,24.74895668029785,50.267845153808594,51.367862701416016,161.55645751953125,31.093168258666992,47.150169372558594
2014-10-28,17.217445373535156,,,26.243013381958008,57.2435417175293,24.891674041748047,50.76655960083008,51.56631851196289,163.4095916748047,31.29523277282715,47.277713775634766
2014-10-29,17.139381408691406,,,26.16658592224121,56.894317626953125,24.807716369628906,50.67357635498047,51.56631851196289,163.1624755859375,31.222496032714844,47.39022445678711
2014-10-30,17.165403366088867,,,26.309886932373047,57.330867767333984,24.88327407836914,51.248348236083984,52.07074737548828,164.20846557617188,31.545787811279297,47.7728385925293
2014-10-31,17.000600814819336,,,26.281227111816406,57.94207763671875,25.000810623168945,51.730140686035156,52.599971771240234,166.0862579345703,31.747854232788086,48.29047393798828
2014-11-03,17.000600814819336,,,26.328994750976562,58.02938461303711,24.992414474487305,51.6540641784668,52.75706481933594,166.1768035888672,31.788259506225586,48.59055709838867
2014-11-04,17.174076080322266,,,26.157032012939453,57.93331527709961,24.93364715576172,51.518836975097656,52.59170150756836,165.6002960205078,31.844833374023438,48.35800552368164
2014-11-05,17.217445373535156,,,26.290781021118164,58.22148513793945,24.958831787109375,51.637168884277344,52.88938522338867,166.6462860107422,32.00648880004883,48.658077239990234
2014-11-06,17.226119995117188,,,26.19524574279785,58.5270881652832,24.950437545776367,51.882293701171875,52.88938522338867,167.31341552734375,32.04688262939453,48.680580139160156
2014-11-07,17.226119995117188,,,26.27167320251465,58.28261184692383,24.925254821777344,51.823143005371094,52.88938522338867,167.46986389160156,32.06306457519531,48.838134765625
2014-11-10,17.226119995117188,,,26.26211929321289,58.49215316772461,24.96722412109375,52.1020622253418,53.3028450012207,167.99696350097656,32.20854949951172,49.06318664550781
2014-11-11,17.226119995117188,,,26.14748191833496,58.518348693847656,24.992414474487305,52.1612434387207,53.3028450012207,168.16168212890625,32.192386627197266,49.0031623840332
2014-11-12,17.174076080322266,,,26.18569564819336,58.54454040527344,24.958831787109375,52.228851318359375,53.21186828613281,167.9805145263672,32.184295654296875,49.03318405151367
2014-11-13,17.321531295776367,,,26.243013381958008,58.43102264404297,24.96722412109375,52.279563903808594,53.18708038330078,168.16995239257812,32.232784271240234,49.03318405151367
2014-11-14,17.312856674194336,,,26.35765266418457,58.36118698120117,24.96722412109375,52.211971282958984,53.18708038330078,168.21115112304688,32.17622375488281,49.093196868896484
2014-11-17,17.312856674194336,,,26.3958683013916,58.46596908569336,24.992414474487305,52.1020622253418,53.29457473754883,168.31817626953125,32.265132904052734,49.0031623840332
2014-11-18,17.15673065185547,,,26.663360595703125,59.173213958740234,25.12673568725586,52.34720230102539,53.65016555786133,169.29005432128906,32.4186897277832,49.0031623840332
2014-11-19,17.295507431030273,,,26.64425277709961,58.92000961303711,25.076364517211914,52.228851318359375,53.48476028442383,169.0182342529297,32.402523040771484,49.333255767822266
2014-11-20,17.260814666748047,,,26.6155948638916,58.876346588134766,25.093154907226562,52.381004333496094,53.48476028442383,169.3147430419922,32.41061019897461,49.393272399902344
2014-11-21,17.260814666748047,,,26.64425277709961,59.199405670166016,25.19389533996582,52.64302444458008,53.48476028442383,170.22071838378906,32.49144744873047,49.70835494995117
2014-11-24,17.139381408691406,,,26.663360595703125,59.49626922607422,25.252662658691406,52.8205451965332,53.48476028442383,170.69834899902344,32.54801940917969,49.84339141845703
2014-11-25,17.191425323486328,,,26.692020416259766,59.59233474731445,25.26944923400879,52.77827453613281,54.11323547363281,170.5748291015625,32.55609130859375,49.93341827392578
2014-11-26,17.260814666748047,,,26.74934196472168,60.01145553588867,25.33661651611328,52.89661407470703,54.154571533203125,171.01132202148438,32.70158004760742,49.738365173339844
2014-11-28,17.399593353271484,,,26.74934196472168,60.1161994934082,25.30303192138672,52.91352081298828,54.2620735168457,170.64895629882812,32.879390716552734,49.5133056640625
2014-12-01,17.399593353271484,,,26.64425277709961,59.697105407714844,25.19389533996582,52.6515007019043,53.947837829589844,169.46298217773438,32.758148193359375,49.220733642578125
2014-12-02,17.373573303222656,,,26.68246841430664,60.090030670166016,25.2106876373291,52.92197799682617,54.09668731689453,170.55836486816406,32.871315002441406,49.64833450317383
2014-12-03,17.382247924804688,,,26.797107696533203,60.20351028442383,25.2106876373291,53.1755485534668,54.32821273803711,171.21728515625,32.927886962890625,49.820899963378906
2014-12-04,17.139381408691406,,,26.768449783325195,60.22970962524414,25.2106876373291,53.16709899902344,54.32821273803711,171.02783203125,32.89555740356445,49.738365173339844
2014-12-05,17.052642822265625,,,26.806659698486328,60.43051528930664,25.19389533996582,53.22626495361328,54.311668395996094,171.30783081054688,32.89555740356445,49.88840866088867
2014-12-08,17.382247924804688,,,26.606040954589844,60.220977783203125,25.093154907226562,52.82898712158203,54.121498107910156,170.16305541992188,32.83898162841797,49.46829605102539
2014-12-09,17.43429183959961,,,26.797107696533203,60.20351028442383,25.084758758544922,52.91352081298828,54.0718879699707,170.04771423339844,32.758148193359375,49.46829605102539
2014-12-10,17.23479461669922,,,26.548721313476562,59.29545593261719,24.925254821777344,52.025997161865234,53.418609619140625,167.32164001464844,32.362117767333984,48.6430778503418
2014-12-11,17.200098037719727,,,26.67291259765625,59.61852264404297,24.93364715576172,52.30493927001953,53.931304931640625,168.16995239257812,32.55609130859375,48.86812210083008
2014-12-12,17.807262420654297,,,26.52005958557129,58.94618225097656,24.807716369628906,51.561100006103516,53.12092208862305,165.4521026611328,32.13580322265625,48.47802734375
2014-12-15,17.442964553833008,,,26.62514877319336,58.535804748535156,24.606233596801758,51.307525634765625,52.56689453125,164.3155517578125,31.974157333374023,47.667808532714844
2014-12-16,17.442964553833008,,,26.46274185180664,57.889686584472656,24.6146297454834,50.698936462402344,52.56689453125,162.99771118164062,31.804431915283203,47.375240325927734
2014-12-17,17.677154541015625,,,26.63469886779785,58.876346588134766,24.83290672302246,51.5442008972168,52.88938522338867,166.19329833984375,32.362117767333984,47.375240325927734
2014-12-18,17.677154541015625,,,26.68246841430664,60.42180633544922,25.000810623168945,53.00650405883789,53.815528869628906,170.30303955078125,32.96828842163086,49.168216705322266
2014-12-19,17.677154541015625,,,27.102813720703125,60.44801330566406,25.10154914855957,53.2347297668457,54.44398498535156,171.02774047851562,33.041046142578125,49.670867919921875
2014-12-22,17.581743240356445,,,26.68246841430664,60.45673370361328,25.135129928588867,53.2347297668457,54.774757385253906,171.81442260742188,33.24309539794922,49.918418884277344
2014-12-23,17.581743240356445,,,26.6155948638916,60.14242172241211,25.059574127197266,53.251617431640625,55.1220703125,172.0463104248047,33.283512115478516,50.26350402832031
2014-12-24,17.581743240356445,,,26.539167404174805,60.22739028930664,25.059574127197266,53.15019607543945,55.419700622558594,172.0629425048828,33.306270599365234,50.17377853393555
2014-12-26,17.911344528198242,,,26.720678329467773,60.50777816772461,25.135129928588867,53.27699661254883,55.29498291015625,172.6177215576172,33.371273040771484,50.31705093383789
2014-12-29,17.911344528198242,,,26.663360595703125,60.4902458190918,25.12152099609375,53.293888092041016,55.38645553588867,172.84962463378906,33.403770446777344,50.40752029418945
2014-12-30,17.000600814819336,,,26.739788055419922,60.01710510253906,25.061969757080078,53.091026306152344,55.12039566040039,171.9220428466797,33.26564407348633,50.18885803222656
2014-12-31,17.911344528198242,,,26.663360595703125,59.63160705566406,25.002416610717773,52.61768341064453,54.480228424072266,170.2161407470703,32.89186096191406,49.77413558959961
2015-01-02,17.191425323486328,,,26.663360595703125,59.535221099853516,24.94287109375,52.60923767089844,54.305660247802734,170.125,32.91624069213867,49.306640625
2015-01-05,17.200098037719727,,,26.548721313476562,58.764198303222656,24.755712509155273,51.8146858215332,53.648841857910156,167.05264282226562,32.60748291015625,49.306640625
2015-01-06,17.382247924804688,,,26.558273315429688,58.264793395996094,24.755712509155273,51.36669158935547,53.43268966674805,165.47909545898438,32.518089294433594,48.28114318847656
2015-01-07,17.382247924804688,,,26.825767517089844,59.22856140136719,24.908842086791992,51.94991683959961,53.92320251464844,167.54116821289062,32.9324951171875,48.66569900512695
2015-01-08,17.93737030029297,,,26.825767517089844,60.437679290771484,25.061969757080078,52.92197799682617,54.729644775390625,170.51422119140625,33.42002487182617,49.653480529785156
2015-01-09,17.93737030029297,,,26.825767517089844,60.12226104736328,25.01943016052246,52.465538024902344,54.372154235839844,169.14779663085938,33.22501754760742,49.18598556518555
2015-01-12,18.362384796142578,,,26.797107696533203,59.771785736083984,24.93436050415039,52.03444290161133,53.956459045410156,167.82272338867188,33.07875061035156,48.673240661621094
2015-01-13,17.45163917541504,,,26.768449783325195,59.57027816772461,24.94287109375,51.8907470703125,53.88163375854492,167.3507080078125,33.046260833740234,48.53751754760742
2015-01-14,17.45163917541504,,,26.701574325561523,59.368770599365234,24.93436050415039,51.687889099121094,53.549095153808594,166.3403778076172,32.9324951171875,48.152957916259766
2015-01-15,18.128190994262695,,,26.787553787231445,58.9744758605957,24.8067569732666,51.206092834472656,53.49087905883789,164.81666564941406,32.88373947143555,47.723148345947266
2015-01-16,18.128190994262695,,,26.825767517089844,59.69291687011719,25.053462982177734,51.89921569824219,53.64052963256836,166.97808837890625,33.241268157958984,48.36408615112305
2015-01-20,18.128190994262695,,,26.8353214263916,60.01710510253906,25.01943016052246,52.13588333129883,53.98971939086914,167.3341522216797,33.29813766479492,48.20574188232422
2015-01-21,17.616437911987305,,,26.825767517089844,60.253665924072266,25.078981399536133,52.237300872802734,54.172630310058594,168.1788787841797,33.355010986328125,48.567684173583984
2015-01-22,17.616437911987305,,,26.978622436523438,61.287567138671875,25.206586837768555,53.0741081237793,54.94580078125,170.67987060546875,33.8425407409668,48.92206573486328
2015-01-23,17.972064971923828,,,27.007280349731445,61.16489028930664,25.189577102661133,52.955787658691406,54.879295349121094,169.7440643310547,33.66379165649414,49.08041763305664
2015-01-26,18.388404846191406,,,27.05504608154297,61.2261962890625,25.283151626586914,53.04876708984375,55.028934478759766,170.14157104492188,33.73692321777344,49.005008697509766
2015-01-27,17.902673721313477,,,27.06460189819336,60.4464225769043,25.198083877563477,52.1612434387207,54.6298828125,167.89730834960938,33.4931526184082,48.80142593383789
2015-01-28,18.483816146850586,,,26.949960708618164,59.754249572753906,25.04495620727539,51.670989990234375,54.638179779052734,165.74411010742188,33.11125564575195,47.80609130859375
2015-01-29,18.483816146850586,,,26.89263916015625,60.323753356933594,25.1640567779541,52.16968536376953,54.25575256347656,167.27618408203125,33.28187942504883,48.20574188232422
2015-01-30,18.483816146850586,,,26.911746978759766,59.21980667114258,24.670639038085938,51.70479202270508,53.61559295654297,165.1727294921875,32.729366302490234,47.723148345947266
2015-02-02,18.249624252319336,,,26.949960708618164,59.657894134521484,25.13002586364746,52.16968536376953,53.806819915771484,167.21826171875,33.01374816894531,47.58741760253906
2015-02-03,18.249624252319336,,,26.969066619873047,60.22739028930664,25.26613998413086,52.955787658691406,54.77121353149414,169.6363983154297,33.37940216064453,49.23122787475586
2015-02-04,17.78124237060547,,,26.978622436523438,60.13101577758789,25.198083877563477,52.57542037963867,54.688072204589844,168.9904327392578,33.29813766479492,49.3669548034668
2015-02-05,17.78124237060547,,,27.112367630004883,60.78813934326172,25.30867576599121,53.21781539916992,55.278343200683594,170.69644165039062,33.62315368652344,49.60825729370117
2015-02-06,17.633785247802734,,,27.102813720703125,60.20111083984375,25.189577102661133,52.86281204223633,55.003997802734375,170.2244110107422,33.330623626708984,49.79676055908203
2015-02-09,17.78124237060547,,,27.102813720703125,59.82434844970703,25.138530731201172,52.693748474121094,55.003997802734375,169.46250915527344,33.151885986328125,49.284019470214844
2015-02-10,17.78124237060547,,,27.15058135986328,60.65672302246094,25.198083877563477,53.251617431640625,55.16196060180664,171.26785278320312,33.50127410888672,49.74396514892578
2015-02-11,17.78124237060547,,,27.02638816833496,60.97213363647461,25.198083877563477,53.27699661254883,55.112064361572266,171.36721801757812,33.51752853393555,49.81937789916992
2015-02-12,17.78124237060547,,,27.1314754486084,61.366397857666016,25.32569122314453,53.716522216796875,55.577640533447266,173.01519775390625,33.6800422668457,50.30952453613281
2015-02-13,17.78124237060547,,,27.188793182373047,61.44525146484375,25.427770614624023,54.046173095703125,55.60258865356445,173.72743225097656,33.70442199707031,50.528167724609375
2015-02-17,17.84195899963379,,,27.2747745513916,61.70811080932617,25.359716415405273,54.07997512817383,55.76055145263672,174.0006866455078,33.72066879272461,50.6563720703125
2015-02-18,17.84195899963379,,,27.255666732788086,61.892093658447266,25.444787979125977,54.18986892700195,55.58596420288086,174.017333984375,33.834415435791016,50.55080795288086
2015-02-19,17.84195899963379,,,27.332096099853516,61.92714309692383,25.419267654418945,54.29132080078125,55.94344711303711,173.89306640625,33.68815994262695,50.55080795288086
2015-02-20,17.729198455810547,,,27.332096099853516,62.43531799316406,25.529861450195312,54.68857192993164,55.82707595825195,174.9365234375,33.907554626464844,50.573421478271484
2015-02-23,17.217445373535156,,,27.24611473083496,62.654361724853516,25.521352767944336,54.7308464050293,56.08478927612305,174.91168212890625,33.94818115234375,50.63373565673828
2015-02-24,17.139381408691406,,,27.31298828125,62.724449157714844,25.589412689208984,54.84917449951172,56.18453598022461,175.4085235595703,33.964420318603516,50.83731460571289
2015-02-25,17.174076080322266,,,27.389413833618164,62.57548904418945,25.597917556762695,54.93370056152344,56.19287109375,175.25946044921875,33.972557067871094,50.777008056640625
2015-02-26,17.148056030273438,,,27.360755920410156,62.671878814697266,25.563884735107422,54.89988327026367,56.19287109375,175.05245971679688,33.94005584716797,50.55080795288086
2015-02-27,17.43429183959961,,,27.398967742919922,62.43531799316406,25.512845993041992,54.81536102294922,55.99333953857422,174.4561767578125,33.923797607421875,50.55080795288086
2015-03-02,17.43429183959961,,,27.427627563476562,62.82081985473633,25.580902099609375,55.23798751831055,56.05985641479492,175.55764770507812,34.037559509277344,50.8222541809082
2015-03-03,17.43429183959961,,,27.437179565429688,62.400291442871094,25.50433921813965,54.92525863647461,55.98503494262695,174.83714294433594,33.907554626464844,50.47539520263672
2015-03-04,17.43429183959961,,,27.437179565429688,62.321414947509766,25.47882080078125,54.697021484375,55.627532958984375,174.1000518798828,33.7531623840332,50.301971435546875
2015-03-05,17.56439781188965,,,27.332096099853516,62.46161651611328,25.47882080078125,54.86608123779297,55.84369659423828,174.2905731201172,33.87504577636719,50.37736129760742
2015-03-06,17.56439781188965,,,27.24611473083496,61.462791442871094,25.283151626586914,54.037715911865234,55.003997802734375,171.8392333984375,33.273765563964844,49.58563995361328
2015-03-09,17.56439781188965,,,27.284326553344727,61.83955001831055,25.30867576599121,54.34201431274414,55.22847366333008,172.55140686035156,33.42815017700195,49.90231704711914
2015-03-10,17.56439781188965,,,27.255666732788086,60.88450622558594,25.18107032775879,53.437599182128906,54.60493087768555,169.7523193359375,32.997493743896484,49.05778884887695
2015-03-11,17.56439781188965,,,27.437179565429688,60.753082275390625,25.172561645507812,53.16709899902344,54.521812438964844,169.35488891601562,32.924373626708984,49.0728874206543
2015-03-12,17.56439781188965,,,27.52315902709961,61.43650436401367,25.334196090698242,53.7249755859375,55.045570373535156,171.50799560546875,33.355010986328125,49.48006820678711
2015-03-13,17.56439781188965,,,27.446733474731445,61.17365646362305,25.223602294921875,53.361515045166016,54.9374885559082,170.4562225341797,33.19251251220703,49.3368034362793
2015-03-16,17.56439781188965,,,27.513607025146484,62.111122131347656,25.385238647460938,54.14759826660156,55.552703857421875,172.73362731933594,33.64753341674805,49.90986251831055
2015-03-17,17.56439781188965,,,27.50405502319336,62.154945373535156,25.376731872558594,53.910926818847656,55.36981964111328,172.22018432617188,33.50127410888672,49.81937789916992
2015-03-18,17.56439781188965,,,27.437179565429688,62.82081985473633,25.580902099609375,54.57024383544922,56.334197998046875,174.2905731201172,33.907554626464844,50.36982345581055
2015-03-19,17.56439781188965,,,27.513607025146484,62.90847396850586,25.521352767944336,54.561790466308594,55.87694549560547,173.4955291748047,33.80191421508789,50.0606689453125
2015-03-20,17.56439781188965,,,27.599586486816406,63.38154602050781,25.64896011352539,55.085845947265625,56.5004768371582,175.0269775390625,34.0700569152832,50.694068908691406
2015-03-23,17.56439781188965,,,27.656909942626953,63.05739974975586,25.657466888427734,55.07740783691406,56.425662994384766,174.68589782714844,34.12693405151367,50.596038818359375
2015-03-24,17.56439781188965,,,27.666458129882812,62.74199295043945,25.62343978881836,54.697021484375,56.076480865478516,173.70436096191406,33.923797607421875,50.234100341796875
2015-03-25,17.824609756469727,,,27.5709285736084,61.444026947021484,25.453296661376953,53.912445068359375,55.28173065185547,171.1588897705078,33.49863052368164,49.67425537109375
2015-03-26,17.85930633544922,,,27.580482482910156,61.461585998535156,25.393747329711914,53.827613830566406,55.13982009887695,170.75135803222656,33.39255905151367,49.469703674316406
2015-03-27,17.390920639038086,,,27.647354125976562,61.9185676574707,25.461803436279297,53.85306167602539,55.28173065185547,171.14230346679688,33.53944396972656,49.41667556762695
2015-03-30,17.390920639038086,,,27.609140396118164,62.48978042602539,25.555383682250977,54.47225570678711,56.09151077270508,173.2301788330078,33.90666198730469,50.07577133178711
2015-03-31,17.43429183959961,,,27.551820755004883,61.7779655456543,25.470312118530273,53.954837799072266,55.59897232055664,171.71627807617188,33.670021057128906,50.07577133178711
2015-04-01,17.43429183959961,,,27.656909942626953,61.268287658691406,25.444787979125977,53.63251495361328,55.5822639465332,171.10903930664062,33.588417053222656,49.67425537109375
2015-04-02,17.43429183959961,,,27.676013946533203,61.41765594482422,25.529861450195312,53.73430633544922,55.76592254638672,171.724609375,33.65367889404297,49.719703674316406
2015-04-06,17.43429183959961,,,27.704673767089844,61.72522735595703,25.614933013916016,54.03118133544922,56.17497253417969,172.88079833984375,33.84137725830078,50.196990966796875
2015-04-07,17.43429183959961,,,27.637800216674805,61.70765686035156,25.57239532470703,54.13297653198242,56.149940490722656,172.42332458496094,33.7108154296875,49.97727584838867
2015-04-08,17.269489288330078,,,27.656909942626953,61.9185676574707,25.597917556762695,54.20081329345703,55.98297882080078,173.00559997558594,33.808738708496094,50.01515579223633
2015-04-09,17.148056030273438,,,27.714229583740234,62.129493713378906,25.60642433166504,54.47225570678711,56.066471099853516,173.77085876464844,33.86586380004883,50.212127685546875
2015-04-10,17.009275436401367,,,27.742889404296875,62.4809684753418,25.62343978881836,54.60795974731445,56.35029220581055,174.71920776367188,33.95561599731445,50.515159606933594
2015-04-13,17.009275436401367,,,27.656909942626953,62.15584182739258,25.589412689208984,54.42985153198242,56.099857330322266,173.92893981933594,33.808738708496094,50.47727966308594
2015-04-14,17.009275436401367,,,27.647354125976562,62.085533142089844,25.614933013916016,54.29410934448242,56.13322830200195,174.26170349121094,33.8821907043457,50.45454788208008
2015-04-15,17.009275436401367,,,27.676013946533203,62.28765106201172,25.640453338623047,54.633399963378906,56.13322830200195,175.04356384277344,33.91483688354492,50.98485565185547
2015-04-16,17.08734130859375,,,27.676013946533203,62.32281494140625,25.700000762939453,54.4976921081543,56.21672821044922,174.99365234375,33.8821907043457,50.7424430847168
2015-04-17,17.08734130859375,,,27.656909942626953,61.56707000732422,25.57239532470703,53.81063461303711,55.50712585449219,172.98060607910156,33.54759979248047,50.212127685546875
2015-04-20,16.740386962890625,,,27.733333587646484,62.23493194580078,25.589412689208984,54.40440368652344,56.13322830200195,174.56117248535156,33.833221435546875,50.719696044921875
2015-04-21,16.76641082763672,,,27.742889404296875,62.41945266723633,25.597917556762695,54.45527648925781,56.13322830200195,174.35316467285156,33.816890716552734,50.66667175292969
2015-04-22,16.76641082763672,,,27.704673767089844,62.63037872314453,25.614933013916016,54.77760696411133,56.225067138671875,175.20997619628906,33.93114471435547,50.356075286865234
2015-04-23,16.76641082763672,,,27.723783493041992,62.7182731628418,25.674482345581055,55.04056167602539,56.45880889892578,175.65084838867188,34.06169891357422,50.90911102294922
2015-04-24,17.0179500579834,,,27.62824821472168,62.82369613647461,25.6829891204834,55.2441291809082,56.20002365112305,176.05844116210938,34.110660552978516,50.82575607299805
2015-04-27,16.82712745666504,,,27.59003257751465,62.33158874511719,25.657466888427734,55.032073974609375,56.16663360595703,175.32640075683594,33.87401580810547,50.83333206176758
2015-04-28,16.731714248657227,,,27.637800216674805,62.39309310913086,25.6829891204834,55.091434478759766,56.00801467895508,175.8837127685547,34.01274871826172,50.93183898925781
2015-04-29,11.24121379852295,,,27.609140396118164,61.988861083984375,25.589412689208984,54.77760696411133,55.7575798034668,175.16004943847656,33.75162124633789,50.77275085449219
2015-04-30,16.731714248657227,,,27.676013946533203,61.136436462402344,25.521352767944336,54.04814529418945,55.28173065185547,173.40492248535156,33.474151611328125,50.40910339355469
2015-05-01,16.428133010864258,,,27.714229583740234,62.06794738769531,25.57239532470703,54.820003509521484,55.7158317565918,175.28482055664062,33.727134704589844,50.76515197753906
2015-05-04,16.428133010864258,,,27.647354125976562,62.217342376708984,25.57239532470703,54.938777923583984,56.141597747802734,175.783935546875,33.825069427490234,51.0984992980957
2015-05-05,16.315370559692383,,,27.637800216674805,61.29462432861328,25.453296661376953,54.370460510253906,55.27336883544922,173.77085876464844,33.45783615112305,50.50758743286133
2015-05-06,16.428133010864258,,,27.62824821472168,61.04856491088867,25.402252197265625,54.06511306762695,54.98118591308594,173.0554656982422,33.376243591308594,50.28788757324219
2015-05-07,16.653650283813477,,,27.599586486816406,61.56707000732422,25.427770614624023,54.353492736816406,55.440345764160156,173.7458953857422,33.55575180053711,50.416683197021484
2015-05-08,16.723041534423828,,,27.666458129882812,62.35795593261719,25.546875,55.16777801513672,56.05812072753906,176.0334930419922,33.939327239990234,51.01517105102539
2015-05-11,17.23479461669922,,,27.723783493041992,62.15584182739258,25.461803436279297,54.998130798339844,56.05812072753906,175.19332885742188,33.759761810302734,50.77275085449219
2015-05-12,17.23479461669922,,,27.733333587646484,61.93613052368164,25.444787979125977,54.82848358154297,55.7325325012207,174.66925048828125,33.694488525390625,50.71213150024414
2015-05-13,17.23479461669922,,,27.742889404296875,62.00645065307617,25.47882080078125,54.81153869628906,55.67410659790039,174.7025604248047,33.6618537902832,50.5984992980957
2015-05-14,16.688344955444336,,,27.714229583740234,62.876426696777344,25.57239532470703,55.47313690185547,55.67410659790039,176.52426147460938,34.06169891357422,51.04545211791992
2015-05-15,16.688344955444336,,,27.61869239807129,63.00825500488281,25.597917556762695,55.51555252075195,56.149940490722656,176.71559143066406,34.17596435546875,51.143959045410156
2015-05-18,16.575586318969727,,,27.676013946533203,63.342193603515625,25.57239532470703,55.66822052001953,56.475521087646484,177.2645721435547,34.22492218017578,51.28789138793945
2015-05-19,16.575586318969727,,,27.599586486816406,63.32461166381836,25.580902099609375,55.7191162109375,56.475521087646484,177.20632934570312,34.24939727783203,51.32578659057617
2015-05-20,16.575586318969727,,,27.676013946533203,63.307029724121094,25.57239532470703,55.65975570678711,56.60074234008789,177.08160400390625,34.23308181762695,51.39393997192383
2015-05-21,16.870494842529297,,,27.723783493041992,63.3949089050293,25.589412689208984,55.753047943115234,56.51725387573242,177.5973358154297,34.20859146118164,51.378814697265625
2015-05-22,16.653650283813477,,,27.723783493041992,63.29826736450195,25.580902099609375,55.583412170410156,56.53395462036133,177.17311096191406,34.118839263916016,51.431827545166016
2015-05-26,16.653650283813477,,,27.742889404296875,62.656734466552734,25.50433921813965,54.90483474731445,55.882808685302734,175.2681427001953,33.825069427490234,50.719696044921875
2015-05-27,16.653650283813477,,,27.752439498901367,63.4827995300293,25.57239532470703,55.354393005371094,56.23342514038086,176.93191528320312,34.045387268066406,51.08334732055664
2015-05-28,16.653650283813477,,,27.7906551361084,63.3949089050293,25.546875,55.32046127319336,56.266822814941406,176.7322235107422,34.02090835571289,51.17424392700195
2015-05-29,16.653650283813477,,,27.78110122680664,63.192787170410156,25.512845993041992,54.87092208862305,56.18333435058594,175.63417053222656,33.816890716552734,50.8712158203125
2015-06-01,16.705692291259766,,,27.752439498901367,63.24551773071289,25.529861450195312,55.01511001586914,56.17497253417969,175.99191284179688,33.90666198730469,50.8712158203125
2015-06-02,16.705692291259766,,,27.78110122680664,62.97311019897461,25.50433921813965,54.96422576904297,56.17497253417969,175.8172149658203,33.79241943359375,50.939388275146484
2015-06-03,16.705692291259766,,,27.7906551361084,63.06977462768555,25.470312118530273,55.06599044799805,56.10819625854492,176.2830352783203,33.78425979614258,51.06061553955078
2015-06-04,16.705692291259766,,,27.752439498901367,62.57764434814453,25.461803436279297,54.56555938720703,56.10819625854492,174.79408264160156,33.55575180053711,50.681827545166016
2015-06-05,16.705692291259766,,,27.7906551361084,62.39309310913086,25.34270477294922,54.45527648925781,55.59061050415039,174.4945526123047,33.359920501708984,50.66667175292969
2015-06-08,16.705692291259766,,,27.69512176513672,62.02403259277344,25.32569122314453,54.10750961303711,55.45703887939453,173.42153930664062,33.21302032470703,50.47727966308594
2015-06-09,16.705692291259766,,,27.733333587646484,62.076744079589844,25.29166030883789,54.099029541015625,55.19824981689453,173.39659118652344,33.15590286254883,50.5000114440918
2015-06-10,16.618955612182617,,,27.752439498901367,62.832489013671875,25.368227005004883,54.836978912353516,55.7993049621582,175.47613525390625,33.44152069091797,51.007591247558594
2015-06-11,16.618955612182617,,,27.704673767089844,63.00825500488281,25.376731872558594,55.057518005371094,55.95792770385742,176.04180908203125,33.61289596557617,51.09091567993164
2015-06-12,16.618955612182617,,,27.742889404296875,62.6655158996582,25.34270477294922,54.616455078125,55.699119567871094,174.69415283203125,33.40887451171875,50.70455551147461
2015-06-15,16.662322998046875,,,27.742889404296875,62.621578216552734,25.29166030883789,54.32805252075195,55.37356185913086,173.945556640625,33.22935104370117,50.46971130371094
2015-06-16,16.662322998046875,,,27.704673767089844,63.03462219238281,25.300168991088867,54.68431091308594,55.67410659790039,174.8938751220703,33.44969177246094,50.7348518371582
2015-06-17,16.662322998046875,,,27.647354125976562,63.131282806396484,25.351211547851562,54.8963623046875,55.97465896606445,175.17666625976562,33.57209014892578,50.7348518371582
2015-06-18,16.662322998046875,,,27.704673767089844,64.02760314941406,25.41075897216797,55.46464538574219,56.38368606567383,176.9984130859375,33.93114471435547,51.29545593261719
2015-06-19,16.78375816345215,,,27.676013946533203,63.97490692138672,25.402252197265625,55.286537170410156,56.24176788330078,176.212646484375,33.79241943359375,51.09091567993164
2015-06-22,16.78375816345215,,,27.62824821472168,64.26492309570312,25.402252197265625,55.481632232666016,56.41707229614258,177.1154022216797,33.89033508300781,51.31818389892578
2015-06-23,16.78375816345215,,,27.666458129882812,64.38793182373047,25.368227005004883,55.38832092285156,56.41707229614258,177.24081420898438,33.85771179199219,51.31818389892578
2015-06-24,16.78375816345215,,,27.609140396118164,63.82108688354492,25.376731872558594,55.084930419921875,56.00101852416992,175.95355224609375,33.61170959472656,51.00446319580078
2015-06-25,16.402109146118164,,,27.609140396118164,64.17372131347656,25.334196090698242,54.88041687011719,56.00101852416992,175.41859436035156,33.537906646728516,51.01968765258789
2015-06-26,16.402109146118164,,,27.542268753051758,63.97977828979492,25.232112884521484,54.82928466796875,56.00101852416992,175.3851776123047,33.603492736816406,50.68463897705078
2015-06-29,16.402109146118164,,,27.446733474731445,62.78976058959961,25.14703941345215,53.61067581176758,54.77629852294922,171.70730590820312,33.02951431274414,49.91552734375
2015-06-30,16.402109146118164,,,27.427627563476562,62.974876403808594,25.1640567779541,53.8577995300293,54.893760681152344,172.06668090820312,33.062294006347656,50.02975082397461
2015-07-01,16.88783836364746,,,27.484949111938477,63.56548309326172,25.1640567779541,54.1304931640625,55.22929000854492,173.44590759277344,33.455909729003906,50.06782531738281
2015-07-02,16.775083541870117,,,27.551820755004883,63.42444610595703,25.18107032775879,54.21571350097656,55.22929000854492,173.28707885742188,33.480499267578125,50.17443084716797
2015-07-06,16.974578857421875,,,27.666458129882812,63.292236328125,25.07047462463379,53.985633850097656,55.22929000854492,172.79391479492188,33.505104064941406,49.77847671508789
2015-07-07,16.931211471557617,,,27.465839385986328,63.68888473510742,25.03645133972168,54.36058807373047,55.589962005615234,173.8805389404297,33.824913024902344,50.1363525390625
2015-07-08,16.931211471557617,,,27.379859924316406,62.7545166015625,24.951374053955078,53.53396987915039,54.79309844970703,170.96339416503906,33.46409606933594,49.23780059814453
2015-07-09,17.217445373535156,,,27.437179565429688,63.01010513305664,24.98540687561035,53.695892333984375,55.2041130065918,171.2726287841797,33.46409606933594,49.534786224365234
2015-07-10,17.217445373535156,,,27.532712936401367,63.98860168457031,25.078981399536133,54.2583122253418,55.46416473388672,173.42918395996094,33.81669616699219,50.014530181884766
2015-07-13,17.217445373535156,,,27.465839385986328,64.66737365722656,25.07047462463379,54.98268508911133,55.46416473388672,175.34335327148438,34.05449676513672,50.501869201660156
2015-07-14,16.94856071472168,,,27.50405502319336,65.03759002685547,25.138530731201172,55.2213020324707,56.118446350097656,176.10397338867188,34.1283073425293,50.76839828491211
2015-07-15,16.94856071472168,,,27.418075561523438,64.9141845703125,25.10450553894043,55.18721389770508,56.009395599365234,176.0454864501953,34.10371017456055,50.623714447021484
2015-07-16,16.913864135742188,,,27.389413833618164,65.28441619873047,25.206586837768555,55.57920837402344,56.009395599365234,177.45814514160156,34.325111389160156,50.9739990234375
2015-07-17,16.913864135742188,,,27.31298828125,65.28441619873047,25.172561645507812,55.96268844604492,55.97585678100586,177.60861206054688,34.25130081176758,50.9739990234375
2015-07-20,17.000600814819336,,,27.332096099853516,65.4959945678711,25.198083877563477,56.08198928833008,56.068111419677734,177.7005615234375,34.2677001953125,50.913082122802734
2015-07-21,17.000600814819336,,,27.37030601501465,65.12574005126953,25.172561645507812,55.920082092285156,56.076507568359375,176.99839782714844,34.11188507080078,50.585628509521484
2015-07-22,17.000600814819336,,,27.23655891418457,65.15218353271484,25.14703941345215,55.68997573852539,56.076507568359375,176.6807403564453,34.16110610961914,50.585628509521484
2015-07-23,17.295507431030273,,,27.341650009155273,64.8260269165039,25.14703941345215,55.3917236328125,56.076507568359375,175.6860809326172,33.947914123535156,50.380035400390625
2015-07-24,17.416942596435547,,,27.23655891418457,64.6761703491211,25.078981399536133,54.56510925292969,56.076507568359375,173.86383056640625,33.824913024902344,50.07545852661133
2015-07-27,17.416942596435547,,,26.959514617919922,64.17372131347656,25.061969757080078,54.21571350097656,54.75114440917969,172.8524169921875,33.734703063964844,49.36726379394531
2015-07-28,17.416942596435547,,,27.016834259033203,64.99352264404297,25.13002586364746,54.94007873535156,55.011199951171875,174.97557067871094,34.08730697631836,49.976444244384766
2015-07-29,17.416942596435547,,,27.016834259033203,65.41664123535156,25.13002586364746,55.400264739990234,55.011199951171875,176.17921447753906,34.316898345947266,50.44097900390625
2015-07-30,17.390920639038086,,,27.15058135986328,65.3549575805664,25.10450553894043,55.57920837402344,55.011199951171875,176.2210235595703,34.33329772949219,50.37242126464844
2015-07-31,17.286836624145508,,,27.169687271118164,65.36376190185547,25.15554428100586,55.40876770019531,56.26106643676758,175.95355224609375,34.39069747924805,50.189666748046875
2015-08-03,17.182748794555664,,,27.12192153930664,65.2932357788086,25.13002586364746,55.18721389770508,55.95907974243164,175.36004638671875,34.42351150512695,50.08305740356445
2015-08-04,17.130708694458008,,,27.016834259033203,65.04638671875,25.11301040649414,55.204254150390625,55.95907974243164,175.0173797607422,34.39889907836914,49.869850158691406
2015-08-05,17.139381408691406,,,27.112367630004883,65.31085968017578,25.13002586364746,55.6558952331543,56.19395065307617,175.59414672851562,34.603904724121094,49.984066009521484
2015-08-06,17.139381408691406,,,27.016834259033203,64.13845825195312,25.12152099609375,54.98268508911133,55.581600189208984,174.15635681152344,34.39889907836914,49.77847671508789
2015-08-07,17.23479461669922,,,26.959514617919922,64.0943832397461,25.138530731201172,54.863372802734375,55.657081604003906,173.82203674316406,34.39069747924805,49.77847671508789
2015-08-10,17.23479461669922,,,27.169687271118164,64.5792236328125,25.189577102661133,55.493988037109375,56.32817459106445,176.01202392578125,34.61210632324219,50.2734260559082
2015-08-11,17.260814666748047,,,27.12192153930664,64.19134521484375,25.18107032775879,55.05939483642578,55.97585678100586,174.42384338378906,34.53829574584961,49.73276138305664
2015-08-12,17.347553253173828,,,26.959514617919922,63.98860168457031,25.14703941345215,55.13606643676758,55.38866424560547,174.6328887939453,34.63671112060547,49.75562286376953
2015-08-13,17.347553253173828,,,27.045494079589844,64.21776580810547,25.13002586364746,55.14459228515625,55.95069122314453,174.41552734375,34.644901275634766,49.976444244384766
2015-08-14,17.347553253173828,,,27.09326171875,64.37646484375,25.11301040649414,55.272422790527344,56.17717742919922,175.05081176757812,34.808895111083984,49.96121597290039
2015-08-17,17.347553253173828,,,27.179243087768555,65.02875518798828,25.14703941345215,55.562156677246094,56.6049919128418,176.02880859375,34.95650100708008,50.14397048950195
2015-08-18,17.512353897094727,,,27.15058135986328,64.94062042236328,25.07047462463379,55.493988037109375,56.48754119873047,175.5188751220703,34.948299407958984,50.08305740356445
2015-08-19,17.677154541015625,,,27.07415199279785,64.68502044677734,25.053462982177734,55.28095626831055,56.25267028808594,174.13134765625,34.8253059387207,49.67947006225586
2015-08-20,17.78124237060547,,,27.05504608154297,63.09827423095703,24.94287109375,54.1304931640625,55.279605865478516,170.49525451660156,34.325111389160156,48.68952560424805
2015-08-21,18.03278160095215,,,27.02638816833496,61.00028991699219,24.883319854736328,52.22161102294922,53.8703498840332,165.36288452148438,33.43950271606445,47.32646179199219
2015-08-24,18.14554214477539,,,27.016834259033203,58.584957122802734,24.721683502197266,50.22751998901367,51.40416717529297,158.40000915527344,32.18491744995117,45.468448638916016
2015-08-25,18.050127029418945,,,26.806659698486328,58.426300048828125,24.679149627685547,49.63951873779297,52.15913391113281,156.53598022460938,31.635507583618164,45.68167495727539
2015-08-26,18.067474365234375,,,26.997726440429688,60.7446403503418,24.73019027709961,51.92335510253906,52.3268928527832,162.5459747314453,32.59489059448242,46.108097076416016
2015-08-27,17.972064971923828,,,27.07415199279785,62.23440170288086,24.840784072875977,52.97154235839844,53.55160903930664,166.5665740966797,33.19349670410156,47.17416763305664
2015-08-28,17.694503784179688,,,27.06460189819336,62.11980438232422,24.8067569732666,52.988582611083984,53.37544250488281,166.5749053955078,33.16070556640625,47.31885528564453
2015-08-31,17.720523834228516,,,27.12192153930664,61.441036224365234,24.73019027709961,52.409095764160156,53.11539840698242,165.2291717529297,32.832698822021484,47.28841018676758
2015-09-01,17.84195899963379,,,26.978622436523438,59.77500534057617,24.645118713378906,50.97743606567383,51.64743423461914,160.29745483398438,32.053707122802734,45.73495101928711
2015-09-02,17.789915084838867,,,26.825767517089844,61.123695373535156,24.653629302978516,51.86370849609375,52.243003845214844,163.34011840820312,32.51290512084961,46.13093185424805
2015-09-03,18.11952018737793,,,27.05504608154297,61.11488723754883,24.670639038085938,51.974491119384766,52.746315002441406,163.45712280273438,32.586700439453125,46.76298522949219
2015-09-04,17.824609756469727,,,27.02638816833496,60.50664520263672,24.585569381713867,51.233089447021484,52.00813293457031,160.98291015625,32.14391326904297,46.1385498046875
2015-09-08,17.573070526123047,,,27.15058135986328,61.97876739501953,24.704669952392578,52.48579788208008,52.97281265258789,165.02854919433594,32.81630325317383,47.10565185546875
2015-09-09,17.66848373413086,,,27.007280349731445,61.14132308959961,24.653629302978516,51.63362121582031,52.97281265258789,162.8218231201172,32.36530303955078,46.80105209350586
2015-09-10,17.66848373413086,,,27.05504608154297,61.476295471191406,24.679149627685547,51.96596145629883,52.97281265258789,163.7078399658203,32.43910598754883,46.79342269897461
2015-09-11,17.66848373413086,,,27.12192153930664,62.20793914794922,24.738697052001953,52.2898063659668,52.97281265258789,164.45179748535156,32.64410400390625,46.922882080078125
2015-09-14,17.677154541015625,,,27.05504608154297,61.85535430908203,24.704669952392578,52.076744079589844,52.620479583740234,163.84158325195312,32.55391311645508,46.77058792114258
2015-09-15,17.65113639831543,,,27.15058135986328,62.648719787597656,24.68765640258789,52.74997329711914,52.620479583740234,165.88954162597656,32.87370300292969,47.547298431396484
2015-09-16,17.538373947143555,,,27.141027450561523,63.08064270019531,24.76422119140625,53.107887268066406,52.620479583740234,167.32725524902344,33.14430236816406,47.96611785888672
2015-09-17,17.573070526123047,,,27.07415199279785,63.24814224243164,24.857797622680664,53.04823684692383,54.2562141418457,166.9510955810547,33.226314544677734,47.8975944519043
2015-09-18,17.902673721313477,,,27.06460189819336,62.33137512207031,24.78974151611328,52.247188568115234,53.14056396484375,164.22283935546875,32.90650177001953,46.76298522949219
2015-09-21,17.92869758605957,,,27.07415199279785,62.76329040527344,24.713176727294922,52.47727584838867,53.14056396484375,165.0714874267578,33.111488342285156,47.02187728881836
2015-09-22,18.128190994262695,,,26.911746978759766,62.04930114746094,24.61109161376953,52.04266357421875,52.36883544921875,162.928955078125,32.767112731933594,46.1385498046875
2015-09-23,18.319015502929688,,,26.873531341552734,62.12862014770508,24.602582931518555,51.92335510253906,52.46111297607422,162.6684112548828,32.832698822021484,46.07002258300781
2015-09-24,18.275646209716797,,,26.921300888061523,61.661434173583984,24.56855583190918,51.77848815917969,52.18429183959961,162.08029174804688,32.80811309814453,45.92534255981445
2015-09-25,18.301668167114258,,,26.67291259765625,61.296417236328125,24.526020050048828,51.82384490966797,52.639320373535156,162.03831481933594,32.81798553466797,45.94065475463867
2015-09-28,18.518512725830078,,,26.300334930419922,59.38755416870117,24.398414611816406,50.685691833496094,51.52705001831055,157.9715118408203,32.158668518066406,44.768577575683594
2015-09-29,18.561878204345703,,,26.481847763061523,58.9456787109375,24.381399154663086,50.8397331237793,50.98775863647461,158.06396484375,32.2245979309082,44.79155731201172
2015-09-30,18.431774139404297,,,26.567827224731445,60.28012466430664,24.500499725341797,51.72970962524414,52.057891845703125,161.01316833496094,32.628440856933594,45.9329833984375
2015-10-01,18.40575408935547,,,26.414974212646484,60.79271697998047,24.517515182495117,51.72115707397461,51.96520233154297,161.4333038330078,32.66964340209961,45.72616958618164
2015-10-02,18.284318923950195,,,26.63469886779785,61.676429748535156,24.653629302978516,52.4057502746582,52.71514892578125,163.84475708007812,33.081722259521484,46.35432434082031
2015-10-05,17.902673721313477,,,26.567827224731445,62.321590423583984,24.73019027709961,53.235816955566406,53.642051696777344,166.76031494140625,33.55149459838867,47.71025848388672
2015-10-06,17.980737686157227,,,26.434080123901367,61.52621078491211,24.73019027709961,53.04754638671875,53.406105041503906,166.18896484375,33.29601287841797,47.6949348449707
2015-10-07,18.024106979370117,,,26.51050567626953,61.71181869506836,24.738697052001953,53.475433349609375,53.911685943603516,167.55018615722656,33.53501892089844,48.223514556884766
2015-10-08,17.902673721313477,,,26.51050567626953,62.127159118652344,24.721683502197266,53.9974250793457,54.48468017578125,169.06260681152344,33.79050827026367,48.767433166503906
2015-10-09,17.7985897064209,,,26.548721313476562,62.46297073364258,24.755712509155273,54.04022216796875,54.358280181884766,169.16339111328125,33.8564453125,48.69081497192383
2015-10-12,17.902673721313477,,,26.491397857666016,62.701576232910156,24.76422119140625,53.980323791503906,54.358280181884766,169.3230743408203,33.96358871459961,48.72911834716797
2015-10-13,18.050127029418945,,,26.52961540222168,62.34809112548828,24.679149627685547,53.586669921875,54.18132400512695,168.25595092773438,33.815223693847656,48.50696563720703
2015-10-14,17.980737686157227,,,26.472293853759766,61.853206634521484,24.755712509155273,53.26148986816406,54.18132400512695,167.4492950439453,33.5844612121582,48.315452575683594
2015-10-15,17.833284378051758,,,26.63469886779785,62.710411071777344,24.76422119140625,54.07445526123047,54.501522064208984,170.02044677734375,33.94709777832031,48.85933303833008
2015-10-16,18.01543426513672,,,26.558273315429688,63.231815338134766,24.798246383666992,54.38250732421875,54.653194427490234,170.79348754882812,34.21907043457031,48.90530014038086
2015-10-19,18.067474365234375,,,26.558273315429688,63.523468017578125,24.755712509155273,54.45097732543945,54.72903823852539,170.87741088867188,34.29323959350586,48.99724197387695
2015-10-20,18.128190994262695,,,26.52005958557129,62.98438262939453,24.713176727294922,54.46808624267578,54.80487060546875,170.6590118408203,34.23554229736328,48.93595504760742
2015-10-21,18.180234909057617,,,26.481847763061523,62.48066329956055,24.747203826904297,54.33972930908203,54.6110725402832,169.60032653808594,34.11191940307617,48.48398971557617
2015-10-22,18.058801651000977,,,26.290781021118164,62.896018981933594,24.8067569732666,55.55487060546875,55.25991439819336,172.46546936035156,34.60642623901367,49.158111572265625
2015-10-23,17.503681182861328,,,26.35765266418457,63.726722717285156,24.772729873657227,56.07688903808594,55.352596282958984,174.35604858398438,34.622901916503906,49.55646514892578
2015-10-26,17.85063362121582,,,26.18569564819336,64.08021545410156,24.772729873657227,56.02553939819336,55.2683219909668,173.9275360107422,34.6393928527832,49.23472213745117
2015-10-27,17.876651763916016,,,26.252567291259766,64.3011474609375,24.798246383666992,55.905731201171875,55.09137725830078,173.59140014648438,34.58992385864258,48.93595504760742
2015-10-28,17.633785247802734,,,26.338544845581055,64.82257843017578,24.815261840820312,56.46197509765625,55.4874153137207,175.5659637451172,34.78773880004883,49.71733856201172
2015-10-29,17.625110626220703,,,26.386316299438477,64.9286117553711,24.670639038085938,56.41918182373047,55.60538864135742,175.46511840820312,34.78773880004883,49.456871032714844
2015-10-30,17.477659225463867,,,26.338544845581055,64.68999481201172,24.713176727294922,56.20524978637695,55.58854675292969,174.70892333984375,34.581687927246094,49.288330078125
2015-11-02,17.330202102661133,,,26.35765266418457,65.0169677734375,24.704669952392578,56.7529182434082,56.018280029296875,176.77587890625,34.89487838745117,49.924163818359375
2015-11-03,17.269489288330078,,,26.443634033203125,64.88443756103516,24.755712509155273,57.0267448425293,55.77389907836914,177.28843688964844,34.86191940307617,49.985469818115234
2015-11-04,17.338878631591797,,,26.348098754882812,64.90213775634766,24.696163177490234,56.85560989379883,55.77389907836914,176.75064086914062,34.77949523925781,49.6713752746582
2015-11-05,17.200098037719727,,,26.300334930419922,65.33515167236328,24.679149627685547,56.60744857788086,55.731781005859375,176.57421875,34.721805572509766,49.66371536254883
2015-11-06,17.0179500579834,,,26.46274185180664,64.9286117553711,24.619598388671875,56.62456512451172,55.731781005859375,176.4818115234375,34.44158935546875,49.809261322021484
2015-11-09,17.035297393798828,,,26.35765266418457,64.34537506103516,24.560049057006836,55.9998664855957,55.731781005859375,174.83493041992188,34.19435119628906,49.25770568847656
2015-11-10,17.035297393798828,,,26.434080123901367,64.79605102539062,24.59407615661621,56.11967849731445,55.731781005859375,175.23826599121094,34.359169006347656,49.40325164794922
2015-11-11,17.035297393798828,,,26.376760482788086,64.70767974853516,24.483484268188477,55.982765197753906,55.45370101928711,174.5492706298828,34.35092544555664,49.06619644165039
2015-11-12,17.321531295776367,,,26.386316299438477,63.83278274536133,24.4494571685791,55.20403289794922,54.77118682861328,172.1125946044922,33.94709777832031,48.476322174072266
2015-11-13,17.321531295776367,,,26.36720848083496,62.78996658325195,24.398414611816406,54.53654861450195,54.77118682861328,170.1800994873047,33.64215850830078,47.73323059082031
2015-11-16,17.399593353271484,,,26.3958683013916,63.60300827026367,24.50900650024414,55.36661148071289,54.77118682861328,172.76797485351562,34.13665008544922,48.2924690246582
2015-11-17,17.321531295776367,,,26.35765266418457,63.85930633544922,24.483484268188477,55.38373565673828,54.77118682861328,172.64193725585938,34.095436096191406,48.223514556884766
2015-11-18,17.312856674194336,,,26.42452621459961,64.95513153076172,24.59407615661621,56.2480354309082,55.25991439819336,175.3811492919922,34.49103927612305,49.02787399291992
2015-11-19,17.321531295776367,,,26.233461380004883,64.55745697021484,24.585569381713867,56.265159606933594,55.42843246459961,175.22984313964844,34.49928283691406,48.83634948730469
2015-11-20,17.373573303222656,,,26.35765266418457,65.1937255859375,24.577062606811523,56.53899002075195,55.42843246459961,175.86846923828125,34.58992385864258,48.9129753112793
2015-11-23,17.468984603881836,,,26.35765266418457,65.33515167236328,24.59407615661621,56.59889602661133,55.42843246459961,175.66677856445312,34.58992385864258,48.874664306640625
2015-11-24,17.390920639038086,,,26.319438934326172,65.2644271850586,24.61109161376953,56.63311004638672,55.38629150390625,175.90203857421875,34.59817886352539,49.00490188598633
2015-11-25,17.356225967407227,,,26.35765266418457,65.4853744506836,24.653629302978516,56.6759033203125,55.7907600402832,175.8768768310547,34.60642623901367,49.012569427490234
2015-11-27,17.356225967407227,,,26.481847763061523,65.62680053710938,24.662134170532227,56.74435806274414,55.740211486816406,176.0784912109375,34.67235565185547,49.05085372924805
2015-11-30,17.356225967407227,,,26.414974212646484,65.03467559814453,24.585569381713867,56.45340347290039,55.90872573852539,175.34750366210938,34.50752258300781,48.95127487182617
2015-12-01,17.390920639038086,,,26.539167404174805,65.78584289550781,24.721683502197266,56.82992935180664,56.14466094970703,177.01951599121094,34.87837600708008,49.387939453125
2015-12-02,17.347553253173828,,,26.57737922668457,65.4411849975586,24.721683502197266,56.38496398925781,55.58854675292969,175.21304321289062,34.54872131347656,48.92064666748047
2015-12-03,17.399593353271484,,,26.63469886779785,64.3718490600586,24.500499725341797,55.53777313232422,54.6447868347168,172.7595672607422,34.095436096191406,48.20820236206055
2015-12-04,17.4863338470459,,,26.692020416259766,65.78584289550781,24.560049057006836,56.77859878540039,54.6447868347168,176.12887573242188,34.77949523925781,49.119808197021484
2015-12-07,17.4863338470459,,,26.6155948638916,65.51188659667969,24.543033599853516,56.487648010253906,55.40314483642578,175.061767578125,34.721805572509766,48.73678207397461
2015-12-08,17.85930633544922,,,26.62514877319336,65.58258056640625,24.483484268188477,56.16245651245117,55.007102966308594,173.88548278808594,34.64762496948242,48.169891357421875
2015-12-09,17.824609756469727,,,26.606040954589844,64.66349792480469,24.4494571685791,55.65757369995117,54.55209732055664,172.53274536132812,34.35092544555664,47.855804443359375
2015-12-10,17.711851119995117,,,26.6155948638916,64.71653747558594,24.466466903686523,55.8287239074707,54.703765869140625,172.97802734375,34.33445358276367,48.476322174072266
2015-12-11,17.998085021972656,,,26.6155948638916,63.60300827026367,24.43244171142578,54.716251373291016,53.692596435546875,169.6255340576172,33.9223747253418,47.219974517822266
2015-12-14,18.084823608398438,,,26.67291259765625,64.26582336425781,24.28782081604004,55.084228515625,53.7263069152832,170.48255920410156,34.16136932373047,46.9978141784668
2015-12-15,18.01543426513672,,,26.67291259765625,64.64581298828125,24.245285034179688,55.589111328125,54.30772018432617,172.2722625732422,34.44982147216797,47.832820892333984
2015-12-16,17.920019149780273,,,26.758893966674805,65.66214752197266,24.347370147705078,56.29081726074219,55.04083251953125,174.7929229736328,34.94432830810547,48.50696563720703
2015-12-17,18.1021728515625,,,26.720678329467773,64.91094207763672,24.321849822998047,55.503536224365234,54.29087829589844,172.12942504882812,34.58992385864258,47.6872673034668
2015-12-18,18.17156219482422,,,26.6155948638916,63.92115020751953,24.270809173583984,54.476646423339844,53.776859283447266,169.06292724609375,34.095436096191406,47.128055572509766
2015-12-21,18.1021728515625,,,26.68246841430664,64.48672485351562,24.321849822998047,54.95586395263672,53.760009765625,170.4575653076172,34.32619857788086,47.33489227294922
2015-12-22,18.1021728515625,,,26.825767517089844,64.85794067382812,24.3643856048584,55.41796875,53.94540786743164,172.00430297851562,34.58992385864258,47.840492248535156
2015-12-23,17.85063362121582,,,26.921300888061523,65.24677276611328,24.381399154663086,56.059783935546875,54.981834411621094,174.13433837890625,34.91959762573242,48.59120559692383
2015-12-24,17.85063362121582,,,26.854427337646484,65.08901977539062,24.40692138671875,55.99961853027344,55.312442779541016,173.84690856933594,34.88892364501953,48.602027893066406
2015-12-28,17.92869758605957,,,26.854427337646484,65.2574234008789,24.415430068969727,55.86214065551758,54.9564094543457,173.44964599609375,34.905494689941406,48.146934509277344
2015-12-29,17.902673721313477,,,27.013444900512695,66.04610443115234,24.396625518798828,56.45503234863281,55.48198699951172,175.3007049560547,35.19575500488281,48.7458381652832
2015-12-30,17.93737030029297,,,27.051992416381836,65.69161987304688,24.3453311920166,56.07696533203125,55.34634780883789,174.05821228027344,35.04648208618164,48.321353912353516
2015-12-31,17.93737030029297,,,27.051992416381836,64.9472427368164,24.328235626220703,55.48405075073242,55.34634780883789,172.31703186035156,34.681575775146484,48.03581237792969
2016-01-04,17.998085021972656,,,27.12908935546875,63.635711669921875,24.251298904418945,54.667720794677734,53.57465744018555,169.9081573486328,34.25035095214844,47.217708587646484
2016-01-05,18.16288948059082,,,27.11945343017578,63.93703079223633,24.22565460205078,54.813804626464844,53.57465744018555,170.19554138183594,34.48255920410156,47.294891357421875
2016-01-06,18.44045066833496,,,27.023080825805664,63.60026931762695,24.23420524597168,54.16074752807617,53.28643035888672,168.04861450195312,34.266944885253906,46.43048095703125
2016-01-07,18.761377334594727,,,26.955617904663086,62.18239212036133,24.11452865600586,52.8718147277832,52.370914459228516,164.0168914794922,33.71129608154297,45.427181243896484
2016-01-08,18.839441299438477,,,26.936344146728516,61.58866500854492,24.080337524414062,52.27031707763672,51.74362564086914,162.21653747558594,33.37128448486328,44.933231353759766
2016-01-11,19.16037368774414,,,26.90743064880371,61.96086502075195,24.02050018310547,52.34764862060547,51.438446044921875,162.37713623046875,33.42104721069336,44.655399322509766
2016-01-12,19.10833168029785,,,26.87851905822754,62.62546157836914,24.088884353637695,52.88041305541992,51.87076950073242,163.68727111816406,33.59519577026367,44.97954177856445
2016-01-13,19.273128509521484,,,26.75323486328125,60.69363021850586,23.986309051513672,51.686012268066406,50.74333190917969,159.60475158691406,33.064449310302734,43.80641174316406
2016-01-14,19.143022537231445,,,26.75323486328125,61.376007080078125,24.02050018310547,52.4593620300293,51.38758087158203,162.2249755859375,33.40446090698242,44.238624572753906
2016-01-15,19.351194381713867,,,26.608675003051758,60.21510696411133,23.883729934692383,51.4282112121582,50.47206497192383,158.74267578125,32.97321701049805,43.08866500854492
2016-01-19,19.498647689819336,,,26.589399337768555,60.64044952392578,23.840984344482422,51.488380432128906,50.47206497192383,158.9539337158203,33.19712829589844,42.718196868896484
2016-01-20,19.420583724975586,,,26.50266456604004,60.07333755493164,23.840984344482422,50.85249328613281,49.93800354003906,156.91697692871094,32.682952880859375,42.255149841308594
2016-01-21,19.507322311401367,,,26.55084800720215,60.27717208862305,23.83243751525879,51.075904846191406,50.27710723876953,157.7960205078125,32.78247833251953,42.44037628173828
2016-01-22,19.411911010742188,,,26.685773849487305,61.464595794677734,23.909372329711914,52.18439483642578,51.11632537841797,161.03326416015625,33.40446090698242,43.127262115478516
2016-01-25,19.576711654663086,,,26.74359703063965,60.808841705322266,23.86663246154785,51.3852653503418,50.27710723876953,158.59893798828125,33.12250900268555,42.3245964050293
2016-01-26,19.550691604614258,,,26.8592472076416,61.34054946899414,23.926469802856445,52.150001525878906,51.03154754638672,160.76280212402344,33.553733825683594,43.080936431884766
2016-01-27,19.54201889038086,,,26.8399715423584,60.42778396606445,23.85808753967285,51.49695587158203,50.7179069519043,159.0131378173828,33.36299133300781,42.91888427734375
2016-01-28,19.663450241088867,,,26.965253829956055,61.30510330200195,23.900821685791016,51.67741012573242,50.802669525146484,159.84149169921875,33.40446090698242,42.82625961303711
2016-01-29,19.637426376342773,,,27.013444900512695,62.474830627441406,23.986309051513672,52.92338562011719,52.04030227661133,163.73797607421875,34.20058059692383,43.8681755065918
2016-02-01,19.65477752685547,,,27.061630249023438,62.81156921386719,24.011951446533203,52.96633529663086,52.04879379272461,163.6788330078125,34.32499313354492,44.18459701538086
2016-02-02,20.1405086517334,,,27.11945343017578,61.91654586791992,23.95211410522461,52.08127975463867,51.20110321044922,160.72901916503906,33.96837615966797,42.84169006347656
2016-02-03,20.001728057861328,,,27.2254638671875,61.2696533203125,23.977758407592773,52.4593620300293,51.311283111572266,161.69253540039062,34.05131912231445,43.11182403564453
2016-02-04,19.628755569458008,,,27.158002853393555,60.64934539794922,24.03759765625,52.56247329711914,51.794471740722656,161.94610595703125,33.95180130004883,43.335628509521484
2016-02-05,19.914989471435547,,,27.244739532470703,58.83270263671875,23.85808753967285,51.60866928100586,51.56560134887695,158.86102294921875,33.553733825683594,42.857139587402344
2016-02-08,20.348676681518555,,,27.11945343017578,57.494571685791016,23.76405143737793,51.075904846191406,50.08212661743164,156.72251892089844,33.24688720703125,42.14708709716797
2016-02-09,20.331331253051758,,,27.12908935546875,57.804718017578125,23.789697647094727,51.20480728149414,50.141475677490234,156.73098754882812,33.255184173583984,42.02361297607422
2016-02-10,20.37470054626465,,,27.21582794189453,58.43389892578125,23.789697647094727,51.264949798583984,50.234710693359375,156.5957794189453,33.3381233215332,41.985008239746094
2016-02-11,20.522153854370117,,,27.13872718811035,57.981964111328125,23.729860305786133,50.63768005371094,49.37854766845703,154.5587615966797,33.039573669433594,41.3212776184082
2016-02-12,20.20122528076172,,,27.167640686035156,58.77066421508789,23.76405143737793,51.531333923339844,50.319488525390625,157.74526977539062,33.49567794799805,42.41720962524414
2016-02-16,19.77621078491211,,,27.427846908569336,59.78089904785156,23.781150817871094,52.35625076293945,51.302825927734375,160.40777587890625,33.90204620361328,43.39738082885742
2016-02-17,19.48130226135254,,,27.46639633178711,60.737953186035156,23.900821685791016,53.12961196899414,52.05726623535156,163.0279541015625,34.21718215942383,44.18459701538086
2016-02-18,19.663450241088867,,,27.4085750579834,60.23284912109375,23.926469802856445,53.017906188964844,51.930118560791016,162.36019897460938,34.29180908203125,43.968505859375
2016-02-19,19.80223274230957,,,27.504945755004883,60.57844161987305,23.960662841796875,52.96633529663086,51.87076950073242,162.2841339111328,34.31669616699219,43.744686126708984
2016-02-22,19.559362411499023,,,27.524219512939453,61.491207122802734,24.02904510498047,53.59360885620117,52.6082763671875,164.63392639160156,34.648414611816406,44.66310501098633
2016-02-23,19.819580078125,,,27.437484741210938,61.18991470336914,23.994853973388672,53.00930404663086,52.35396194458008,162.55465698242188,34.48255920410156,44.045677185058594
2016-02-24,19.836925506591797,,,27.427846908569336,61.54435729980469,24.07179069519043,53.292869567871094,52.44720458984375,163.2984619140625,34.64012908935547,44.238624572753906
2016-02-25,19.906314849853516,,,27.601320266723633,62.474830627441406,24.13162612915039,53.86000442504883,52.44720458984375,165.27627563476562,35.06306457519531,44.77887725830078
2016-02-26,19.65477752685547,,,27.639869689941406,62.26216506958008,24.14017677307129,53.636573791503906,53.244041442871094,164.8959503173828,34.789398193359375,44.786582946777344
2016-02-29,19.602733612060547,,,27.485671997070312,61.67729187011719,24.07179069519043,53.2413215637207,52.684566497802734,163.60272216796875,34.557186126708984,44.66310501098633
2016-03-01,19.40323829650879,,,27.65914535522461,63.09515380859375,24.174367904663086,54.444313049316406,53.506839752197266,167.44854736328125,35.087955474853516,45.55837631225586
2016-03-02,19.195068359375,,,27.668781280517578,62.97107696533203,24.191465377807617,54.53883743286133,53.506839752197266,168.2007598876953,35.19575500488281,45.90568161010742
2016-03-03,18.995569229125977,,,27.851890563964844,62.926780700683594,24.251298904418945,54.607574462890625,53.95611572265625,168.8600616455078,35.26210021972656,46.25297927856445
2016-03-04,18.87413787841797,,,27.861526489257812,62.83816909790039,24.276947021484375,54.727882385253906,53.95611572265625,169.409423828125,35.336734771728516,46.39189147949219
2016-03-07,18.78740119934082,,,27.745880126953125,62.17355728149414,24.276947021484375,54.76225662231445,54.5579948425293,169.54469299316406,35.320159912109375,46.78550338745117
2016-03-08,19.299150466918945,,,27.582046508789062,61.943153381347656,24.294042587280273,54.40135955810547,54.5579948425293,167.69366455078125,35.20405578613281,45.85165023803711
2016-03-09,19.29047966003418,,,27.582046508789062,62.25328063964844,24.294042587280273,54.50446701049805,54.30366516113281,168.52197265625,35.320159912109375,46.299285888671875
2016-03-10,19.32517433166504,,,27.485671997070312,62.324188232421875,24.294042587280273,54.54742431640625,54.08326721191406,168.65716552734375,35.369911193847656,46.43048095703125
2016-03-11,18.900157928466797,,,27.65914535522461,63.31670379638672,24.38807487487793,55.329383850097656,55.12594223022461,171.37887573242188,35.784576416015625,47.33348083496094
2016-03-14,18.917505264282227,,,27.610958099365234,63.44961929321289,24.37952423095703,55.320777893066406,55.20224380493164,171.15908813476562,35.79286575317383,47.155967712402344
2016-03-15,19.255783081054688,,,27.504945755004883,63.4141845703125,24.41371726989746,55.38093566894531,54.92249298095703,170.880126953125,35.77627182006836,46.87812423706055
2016-03-16,19.134347915649414,,,27.514583587646484,63.759788513183594,24.456459045410156,55.6301155090332,55.40568161010742,171.8690643310547,35.9504280090332,47.24858474731445
2016-03-17,19.0389404296875,,,27.610958099365234,63.724334716796875,24.51629638671875,56.068363189697266,55.89734649658203,172.95944213867188,36.157752990722656,47.53413009643555
2016-03-18,18.960878372192383,,,27.601320266723633,63.84840393066406,24.541940689086914,56.19725036621094,56.10079574584961,173.6391143798828,36.22410202026367,47.92776107788086
2016-03-21,18.891483306884766,,,27.7844295501709,63.96360778808594,24.490652084350586,56.317562103271484,56.04145812988281,173.88548278808594,36.19091796875,47.97406005859375
2016-03-22,18.830768585205078,,,27.765153884887695,63.990169525146484,24.499202728271484,56.291786193847656,56.0838508605957,173.79205322265625,36.13287353515625,47.9200325012207
2016-03-23,19.16037368774414,,,27.7940673828125,63.91111373901367,24.456459045410156,55.750423431396484,55.388729095458984,172.6450958251953,36.07371139526367,46.94758605957031
2016-03-24,19.229759216308594,,,27.716968536376953,63.893348693847656,24.405168533325195,55.68169021606445,55.05812454223633,172.56861877441406,36.07371139526367,46.87812423706055
2016-03-28,19.351194381713867,,,27.68805694580078,64.07994079589844,24.447912216186523,55.75901794433594,55.45655822753906,172.6705322265625,36.157047271728516,46.91671371459961
2016-03-29,19.264455795288086,,,27.851890563964844,64.80853271484375,24.559038162231445,56.248817443847656,55.45655822753906,174.2677764892578,36.59036636352539,47.264015197753906
2016-03-30,19.238435745239258,,,27.861526489257812,65.12837982177734,24.610328674316406,56.532379150390625,56.31272506713867,175.0324249267578,36.65701675415039,47.464664459228516
2016-03-31,19.169044494628906,,,27.813343048095703,64.95069122314453,24.635971069335938,56.38629913330078,56.31272506713867,174.60765075683594,36.60702896118164,47.34891128540039
2016-04-01,19.24711036682129,,,27.774791717529297,65.66148376464844,24.661617279052734,56.81593322753906,56.38900375366211,175.7970733642578,36.91535949707031,47.41065216064453
2016-04-04,19.342519760131836,,,27.80370330810547,65.3327407836914,24.678712844848633,56.61831283569336,56.16014862060547,175.22784423828125,36.84868240356445,47.10194396972656
2016-04-05,19.394563674926758,,,27.418212890625,64.65748596191406,24.618873596191406,56.22303009033203,55.71084213256836,173.47767639160156,36.54035568237305,46.615718841552734
2016-04-06,19.238435745239258,,,27.4085750579834,65.45713806152344,24.670166015625,56.755802154541016,55.71084213256836,175.37225341796875,36.80702209472656,47.109649658203125
2016-04-07,19.420583724975586,,,27.55313491821289,64.8262939453125,24.644519805908203,56.14568328857422,55.3802604675293,173.2737579345703,36.56535720825195,46.445926666259766
2016-04-08,19.47262954711914,,,27.485671997070312,64.71967315673828,24.678712844848633,56.2831916809082,55.727806091308594,173.74099731445312,36.6486930847168,46.56940460205078
2016-04-11,19.342519760131836,,,27.427846908569336,64.31983184814453,24.618873596191406,56.13710403442383,55.719329833984375,173.33328247070312,36.50703430175781,46.49994659423828
2016-04-12,19.229759216308594,,,27.379661560058594,64.69300079345703,24.670166015625,56.644073486328125,55.95669937133789,174.9474639892578,36.732017517089844,46.97073745727539
2016-04-13,18.830768585205078,,,27.370025634765625,65.05729675292969,24.755647659301758,57.1166877746582,56.48225402832031,176.714599609375,36.74034118652344,47.70392608642578
2016-04-14,18.796072006225586,,,27.2351016998291,64.99510192871094,24.747100830078125,57.090911865234375,56.42291259765625,176.7230987548828,36.67368698120117,47.649906158447266
2016-04-15,18.85679054260254,,,27.244739532470703,65.1461181640625,24.747100830078125,57.09950637817383,56.42291259765625,176.52767944335938,36.782020568847656,47.48011779785156
2016-04-18,18.848115921020508,,,27.2254638671875,65.61705780029297,24.80693817138672,57.45180130004883,56.838314056396484,177.76808166503906,37.04035186767578,47.86600875854492
2016-04-19,18.770051956176758,,,27.370025634765625,65.38605499267578,24.892417907714844,57.58071517944336,57.01630783081055,178.32882690429688,37.1153450012207,48.29820251464844
2016-04-20,18.553207397460938,,,27.31220054626465,65.50154113769531,24.84967803955078,57.53772735595703,57.16042709350586,178.4987335205078,36.90701675415039,48.622352600097656
2016-04-21,18.362384796142578,,,27.34111213684082,65.07503509521484,24.858224868774414,57.20262908935547,56.45684814453125,177.5387420654297,36.465354919433594,48.37538146972656
2016-04-22,18.301668167114258,,,27.514583587646484,64.65748596191406,24.892417907714844,57.151058197021484,56.67723083496094,177.5387420654297,36.5820198059082,48.637794494628906
2016-04-25,18.553207397460938,,,27.46639633178711,64.77297973632812,24.80693817138672,57.10810089111328,56.56703567504883,177.2328338623047,36.66536331176758,48.41396713256836
2016-04-26,18.353710174560547,,,27.504945755004883,64.701904296875,24.815486907958984,57.19403076171875,56.965450286865234,177.4962921142578,36.640342712402344,48.66093444824219
2016-04-27,18.292993545532227,,,27.47603416442871,64.69300079345703,24.88387107849121,57.22838592529297,57.10108947753906,177.86160278320312,36.765357971191406,48.92334747314453
2016-04-28,18.50984001159668,,,27.398937225341797,64.43533325195312,24.841129302978516,56.69564437866211,57.24517822265625,176.24732971191406,36.59868621826172,48.39082717895508
2016-04-29,18.570552825927734,,,27.47603416442871,64.5419692993164,24.841129302978516,56.162879943847656,56.23642349243164,175.29580688476562,36.47369384765625,47.70392608642578
2016-05-02,18.605249404907227,,,27.572410583496094,65.35939025878906,24.88387107849121,56.669857025146484,56.795921325683594,176.68911743164062,36.79035568237305,47.87372970581055
2016-05-03,18.900157928466797,,,27.485671997070312,64.91511535644531,24.815486907958984,56.22303009033203,56.47380447387695,175.15138244628906,36.66536331176758,47.31804656982422
2016-05-04,19.169044494628906,,,27.447120666503906,64.8529281616211,24.755647659301758,55.8707160949707,56.253387451171875,174.17433166503906,36.7070198059082,46.816375732421875
2016-05-05,19.24711036682129,,,27.389301300048828,64.74633026123047,24.729999542236328,55.896507263183594,56.44833755493164,174.14036560058594,36.732017517089844,46.70061111450195
2016-05-06,19.212413787841797,,,27.370025634765625,65.1550521850586,24.712907791137695,56.025390625,56.42291259765625,174.77757263183594,36.84868240356445,46.90898895263672
2016-05-09,19.385889053344727,,,27.427846908569336,65.61705780029297,24.712907791137695,56.14568328857422,56.59246826171875,174.92196655273438,37.00700759887695,46.800941467285156
2016-05-10,19.29047966003418,,,27.601320266723633,66.4966812133789,24.815486907958984,56.78156661987305,57.2536735534668,177.0969696044922,37.31533432006836,47.41065216064453
2016-05-11,19.24711036682129,,,27.59168243408203,65.77699279785156,24.755647659301758,56.18006134033203,56.838314056396484,175.4402618408203,37.00700759887695,46.91671371459961
2016-05-12,19.5159969329834,,,27.437484741210938,65.93695068359375,24.729999542236328,56.291786193847656,56.685726165771484,175.49118041992188,37.1236686706543,46.74692916870117
2016-05-13,19.53334617614746,,,27.427846908569336,65.57263946533203,24.712907791137695,55.793399810791016,56.168617248535156,173.96192932128906,36.87367630004883,46.299285888671875
2016-05-16,19.47262954711914,,,27.533857345581055,65.99911499023438,24.721454620361328,56.32615280151367,56.82133865356445,175.6781005859375,37.19034194946289,46.84724044799805
2016-05-17,19.255783081054688,,,27.504945755004883,65.08394622802734,24.695812225341797,55.801979064941406,56.244903564453125,174.03842163085938,36.6820182800293,46.607994079589844
2016-05-18,19.047611236572266,,,27.610958099365234,65.06617736816406,24.627424240112305,55.71604537963867,56.075374603271484,174.08938598632812,36.465354919433594,46.64658737182617
2016-05-19,19.10833168029785,,,27.601320266723633,64.84407806396484,24.618873596191406,55.48405075073242,56.04145812988281,173.48617553710938,36.448692321777344,46.64658737182617
2016-05-20,18.986894607543945,,,27.716968536376953,65.13725280761719,24.678712844848633,55.74184036254883,56.21947479248047,174.58213806152344,36.53203201293945,47.071067810058594
2016-05-23,18.986894607543945,,,27.755517959594727,64.8707046508789,24.644519805908203,55.647315979003906,56.321197509765625,174.34423828125,36.440364837646484,47.0633544921875
2016-05-24,18.82209587097168,,,27.851890563964844,65.91024780273438,24.704355239868164,56.49801254272461,56.89763641357422,176.60418701171875,36.80702209472656,47.680782318115234
2016-05-25,18.622596740722656,,,27.91935157775879,65.94581604003906,24.76419448852539,56.73861312866211,57.24517822265625,177.80213928222656,36.87367630004883,48.1593017578125
2016-05-26,18.726682662963867,,,27.890439987182617,66.07910919189453,24.78129005432129,56.7214241027832,57.2706184387207,177.85302734375,36.98200225830078,48.12069320678711
2016-05-27,18.67464256286621,,,27.83261489868164,66.30122375488281,24.76419448852539,56.91905212402344,57.40625,178.61773681640625,37.07368469238281,48.3367919921875
2016-05-31,18.596576690673828,,,27.7940673828125,66.1235122680664,24.755647659301758,56.76437759399414,57.60969543457031,178.27784729003906,37.04867935180664,48.4062614440918
2016-06-01,18.631271362304688,,,27.851890563964844,66.31008911132812,24.772743225097656,56.85031509399414,57.60123825073242,178.64317321777344,37.1153450012207,48.39082717895508
2016-06-02,18.579227447509766,,,27.909713745117188,66.48783111572266,24.79838752746582,56.89326477050781,57.89792251586914,179.18690490722656,37.26533508300781,48.58376693725586
2016-06-03,18.770051956176758,,,27.851890563964844,66.7454833984375,24.866771697998047,56.78156661987305,57.77924346923828,178.65170288085938,37.35700225830078,48.31364440917969
2016-06-06,18.475143432617188,,,27.7940673828125,66.7099380493164,24.858224868774414,57.142459869384766,57.85553741455078,179.5607452392578,37.331993103027344,48.637794494628906
2016-06-07,18.44045066833496,,,27.7940673828125,66.7276840209961,24.88387107849121,57.09950637817383,58.058990478515625,179.8411102294922,37.381996154785156,48.84618377685547
2016-06-08,18.50116539001465,,,27.80370330810547,67.13642120361328,24.90096664428711,57.27134323120117,58.27937698364258,180.42727661132812,37.58198165893555,48.96194076538086
2016-06-09,18.7353572845459,,,27.871166229248047,67.38520812988281,24.926610946655273,57.20262908935547,58.17765808105469,180.180908203125,37.69864273071289,48.82302474975586
2016-06-10,19.056283950805664,,,27.7940673828125,66.9942626953125,24.858224868774414,56.73861312866211,57.66057586669922,178.47323608398438,37.548648834228516,48.259620666503906
2016-06-13,19.143022537231445,,,27.726606369018555,66.56777954101562,24.858224868774414,56.291786193847656,57.29605484008789,177.0969696044922,37.331993103027344,47.74252700805664
2016-06-14,19.281803131103516,,,27.65914535522461,66.63887786865234,24.76419448852539,56.214447021484375,57.109561920166016,176.74859619140625,37.381996154785156,47.43380355834961
2016-06-15,19.212413787841797,,,27.649507522583008,66.48783111572266,24.824033737182617,56.05978012084961,57.109561920166016,176.502197265625,37.331993103027344,47.441524505615234
2016-06-16,19.3598690032959,,,27.639869689941406,66.7543716430664,24.88387107849121,56.343318939208984,57.01630783081055,177.0289306640625,37.5236701965332,47.42608642578125
2016-06-17,19.273128509521484,,,27.610958099365234,66.3367691040039,24.789840698242188,56.11990737915039,57.19430923461914,176.36965942382812,37.35700225830078,47.54186248779297
2016-06-20,19.099655151367188,,,27.69769287109375,66.7276840209961,24.824033737182617,56.48081588745117,57.66057586669922,177.50555419921875,37.51533126831055,47.842838287353516
2016-06-21,19.16037368774414,,,27.736244201660156,66.8631362915039,24.824033737182617,56.589698791503906,57.73041915893555,178.00933837890625,37.63930892944336,47.923545837402344
2016-06-22,19.24711036682129,,,27.65914535522461,66.7027359008789,24.83258056640625,56.5032844543457,57.92631530761719,177.71897888183594,37.63093185424805,47.83819580078125
2016-06-23,19.00424575805664,,,27.813343048095703,67.30865478515625,24.90096664428711,57.22059631347656,58.19034194946289,180.03334045410156,37.957645416259766,48.59864807128906
2016-06-24,19.819580078125,,,27.34111213684082,65.88300323486328,24.695812225341797,55.24150848388672,56.41874313354492,173.56851196289062,37.28745651245117,46.581138610839844
2016-06-27,20.46143913269043,,,27.11945343017578,65.57113647460938,24.678712844848633,54.39457702636719,55.217811584472656,170.4599609375,37.1031608581543,45.347347259521484
2016-06-28,20.287961959838867,,,27.254377365112305,66.37306213378906,24.747100830078125,55.29336929321289,55.686248779296875,173.5343475341797,37.54716491699219,46.247467041015625
2016-06-29,20.105815887451172,,,27.370025634765625,67.13047790527344,24.824033737182617,56.200801849365234,57.21085739135742,176.48922729492188,38.04979705810547,47.10103988647461
2016-06-30,20.166528701782227,,,27.398937225341797,68.074951171875,24.926610946655273,57.03910446166992,58.00297164916992,178.89752197265625,38.71160888671875,47.82268142700195
2016-07-01,20.053770065307617,,,27.283287048339844,68.13735961914062,24.969350814819336,57.142818450927734,58.27552032470703,179.27330017089844,38.77861785888672,47.923545837402344
2016-07-05,20.565521240234375,,,27.2254638671875,68.36007690429688,24.952260971069336,56.80576705932617,57.76447677612305,177.98379516601562,38.88752365112305,47.25621795654297
2016-07-06,20.582870483398438,,,27.167640686035156,68.77887725830078,24.969350814819336,57.03910446166992,57.781517028808594,179.05123901367188,38.97968673706055,47.58989334106445
2016-07-07,20.35735321044922,,,27.186914443969727,68.41353607177734,24.960805892944336,57.00453567504883,58.079620361328125,178.9402313232422,38.79537582397461,47.64421081542969
2016-07-08,20.14918327331543,,,27.177278518676758,69.23330688476562,25.012094497680664,57.790985107421875,58.9569091796875,181.60476684570312,39.23100280761719,48.52881622314453
2016-07-11,19.975706100463867,,,27.31220054626465,69.3758544921875,25.063383102416992,57.94655227661133,59.14430236816406,182.24525451660156,39.26450729370117,48.746070861816406
2016-07-12,19.54201889038086,,,27.283287048339844,69.21546173095703,25.037738800048828,58.25767517089844,59.44240188598633,183.5689239501953,39.17235565185547,49.38236618041992
2016-07-13,19.65477752685547,,,27.302562713623047,69.32240295410156,25.054834365844727,58.24905776977539,59.44240188598633,183.5433349609375,39.31476974487305,49.39788818359375
2016-07-14,19.507322311401367,,,27.437484741210938,69.4471206665039,25.04628562927246,58.51693344116211,59.621246337890625,184.56808471679688,39.3734130859375,49.73930358886719
2016-07-15,19.507322311401367,,,27.56277084350586,69.36695861816406,24.789840698242188,58.52558898925781,59.53609085083008,184.32046508789062,39.29802322387695,49.73154830932617
2016-07-18,19.281803131103516,,,27.54349708557129,69.5184326171875,24.969350814819336,58.629295349121094,59.663848876953125,184.81582641601562,39.272891998291016,49.886749267578125
2016-07-19,19.47262954711914,,,27.45676040649414,69.67881774902344,24.986448287963867,58.66386032104492,59.56165313720703,184.6279296875,39.31476974487305,49.79362106323242
2016-07-20,19.342519760131836,,,27.55313491821289,69.8035659790039,25.020641326904297,58.93178176879883,59.85121536254883,185.3965606689453,39.33989334106445,50.0885009765625
2016-07-21,19.385889053344727,,,27.504945755004883,69.45608520507812,24.994993209838867,58.698448181152344,59.5957145690918,184.69622802734375,39.28964614868164,49.9100227355957
2016-07-22,19.394563674926758,,,27.514583587646484,69.93721008300781,25.020641326904297,58.98362350463867,59.697914123535156,185.52459716796875,39.52418899536133,50.13504409790039
2016-07-25,19.351194381713867,,,27.55313491821289,69.75008392333984,24.986448287963867,58.897212982177734,59.85121536254883,185.02073669433594,39.41529846191406,50.03418731689453
2016-07-26,19.117006301879883,,,27.56277084350586,69.52735137939453,25.00354766845703,58.75028991699219,60.10675048828125,185.10617065429688,39.33989334106445,50.173866271972656
2016-07-27,19.00424575805664,,,27.370025634765625,69.29568481445312,25.071929931640625,58.71570587158203,59.83418655395508,184.90975952148438,39.113704681396484,50.14281463623047
2016-07-28,19.0389404296875,,,27.45676040649414,69.62533569335938,25.063383102416992,58.73298263549805,59.927879333496094,185.12326049804688,39.19749450683594,49.9798583984375
2016-07-29,18.978219985961914,,,27.495309829711914,69.90158081054688,25.123220443725586,58.77620315551758,59.987518310546875,185.42214965820312,39.28126525878906,49.987613677978516
2016-08-01,19.143022537231445,,,27.485671997070312,70.00849914550781,25.063383102416992,58.71570587158203,59.859737396240234,185.26844787597656,39.33989334106445,49.76258087158203
2016-08-02,19.229759216308594,,,27.360387802124023,69.70555877685547,24.994993209838867,58.49964904785156,59.220924377441406,184.08132934570312,39.16398620605469,49.13405990600586
2016-08-03,19.082307815551758,,,27.360387802124023,69.4293212890625,24.943708419799805,58.5860710144043,59.49348831176758,184.61936950683594,38.87077331542969,49.5142822265625
2016-08-04,19.012916564941406,,,27.33147621154785,69.58079528808594,25.00354766845703,58.56878662109375,59.578678131103516,184.81582641601562,38.988059997558594,49.522037506103516
2016-08-05,18.796072006225586,,,27.264013290405273,69.8035659790039,24.943708419799805,59.06139373779297,59.88529586791992,186.32740783691406,39.1053466796875,50.1583366394043
2016-08-08,18.761377334594727,,,27.302562713623047,69.63426971435547,24.960805892944336,59.02683639526367,59.919376373291016,186.21636962890625,39.00481033325195,50.12728500366211
2016-08-09,18.82209587097168,,,27.292924880981445,69.81246185302734,25.029191970825195,58.98362350463867,59.86825942993164,186.32740783691406,39.08856964111328,50.173866271972656
2016-08-10,18.978219985961914,,,27.418212890625,69.91940307617188,25.071929931640625,58.87990951538086,59.7064208984375,185.86627197265625,39.113704681396484,49.925537109375
2016-08-11,18.82209587097168,,,27.447120666503906,70.13322448730469,25.04628562927246,59.191043853759766,60.07267379760742,186.7288055419922,39.18074035644531,50.29022979736328
2016-08-12,18.908830642700195,,,27.418212890625,70.10651397705078,25.097576141357422,59.11326599121094,60.05564498901367,186.5665283203125,39.13047409057617,50.25918960571289
2016-08-15,18.631271362304688,,,27.273651123046875,69.91047668457031,25.097576141357422,59.2774543762207,60.18339538574219,187.10452270507812,39.07182312011719,50.600608825683594
2016-08-16,18.613922119140625,,,27.302562713623047,69.23330688476562,25.037738800048828,58.914485931396484,59.927879333496094,186.13951110839844,38.71998596191406,50.42215347290039
2016-08-17,18.657291412353516,,,27.31220054626465,69.46497344970703,25.080480575561523,59.08735275268555,59.7064208984375,186.48968505859375,38.8121337890625,50.41440963745117
2016-08-18,18.58790397644043,,,27.418212890625,69.49169921875,25.089027404785156,59.13053512573242,60.038597106933594,186.90811157226562,38.93779373168945,50.600608825683594
2016-08-19,18.579227447509766,,,27.45676040649414,69.26001739501953,25.037738800048828,59.12189865112305,60.0897102355957,186.63482666015625,38.803749084472656,50.56958770751953
2016-08-22,18.68331527709961,,,27.909713745117188,69.35803985595703,25.080480575561523,59.08735275268555,59.9789924621582,186.6262969970703,38.85401153564453,50.48423767089844
2016-08-23,18.518512725830078,,,27.861526489257812,69.39369201660156,25.123220443725586,59.21696472167969,60.20892333984375,187.00205993652344,38.85401153564453,50.732547760009766
2016-08-24,18.67464256286621,,,27.736244201660156,69.00163269042969,25.11467170715332,58.97499465942383,59.910865783691406,186.0456085205078,38.661354064941406,50.460968017578125
2016-08-25,18.691986083984375,,,27.65914535522461,68.96598052978516,25.063383102416992,58.97499465942383,60.10675048828125,185.91748046875,38.66972732543945,50.39112854003906
2016-08-26,18.58790397644043,,,27.630233764648438,68.76101684570312,25.029191970825195,58.80213928222656,59.63828659057617,185.5673065185547,38.48541259765625,50.32126998901367
2016-08-29,18.518512725830078,,,27.765153884887695,69.20657348632812,25.080480575561523,59.009552001953125,60.09823226928711,186.4811553955078,38.7451171875,50.639427185058594
2016-08-30,18.518512725830078,,,27.774791717529297,68.91254425048828,25.054834365844727,58.80213928222656,60.030094146728516,186.1736602783203,38.527305603027344,50.654945373535156
2016-08-31,18.544532775878906,,,27.80370330810547,68.85906219482422,25.054834365844727,58.64657974243164,59.5957145690918,185.64422607421875,38.51054763793945,50.60839080810547
2016-09-01,18.605249404907227,,,27.842252731323242,68.97489929199219,25.097576141357422,58.60334396362305,59.83418655395508,185.65274047851562,38.527305603027344,50.460968017578125
2016-09-02,18.596576690673828,,,27.928991317749023,69.34024047851562,25.089027404785156,58.87990951538086,60.021568298339844,186.48968505859375,38.761878967285156,50.74805450439453
2016-09-06,18.622596740722656,,,27.871166229248047,69.7411880493164,25.148866653442383,58.94903564453125,60.21747970581055,187.0532989501953,38.89591598510742,50.84892654418945
2016-09-07,18.553207397460938,,,27.957902908325195,69.55406951904297,25.140316009521484,58.957706451416016,60.260074615478516,187.03623962402344,38.87077331542969,50.95757293701172
2016-09-08,18.4231014251709,,,28.03499984741211,69.22437286376953,25.071929931640625,58.70707702636719,60.21747970581055,186.6092071533203,38.65296936035156,50.92652130126953
2016-09-09,18.46647071838379,,,27.948265075683594,67.37101745605469,24.909515380859375,57.376163482666016,58.76101303100586,182.1427459716797,37.614173889160156,49.778106689453125
2016-09-12,18.388404846191406,,,28.07354736328125,68.38680267333984,24.994993209838867,58.13667678833008,58.89729690551758,184.7560272216797,38.150333404541016,50.5385627746582
2016-09-13,18.52718734741211,,,27.842252731323242,67.4333724975586,24.90096664428711,57.462581634521484,58.386234283447266,182.10006713867188,37.60580062866211,49.95656204223633
2016-09-14,18.50984001159668,,,27.861526489257812,67.53140258789062,24.918062210083008,57.462581634521484,58.335147857666016,182.03176879882812,37.5555419921875,49.74706268310547
2016-09-15,18.388404846191406,,,27.909713745117188,68.1640625,24.943708419799805,58.02433395385742,58.93135070800781,183.85076904296875,37.890621185302734,50.383365631103516
2016-09-16,18.37105941772461,,,27.938627243041992,68.074951171875,24.909515380859375,57.76507568359375,58.531044006347656,183.1400909423828,37.79010772705078,50.3057746887207
2016-09-19,18.2669734954834,,,27.90007781982422,68.17298889160156,24.926610946655273,57.83421325683594,58.93987274169922,183.17440795898438,37.873878479003906,50.33680725097656
2016-09-20,18.414426803588867,,,27.90007781982422,68.2442626953125,24.926610946655273,57.903343200683594,58.93135070800781,183.18296813964844,37.91575622558594,50.274723052978516
2016-09-21,18.449125289916992,,,27.91935157775879,69.20657348632812,24.977901458740234,58.51693344116211,59.050601959228516,185.24298095703125,38.43516540527344,50.80238723754883
2016-09-22,18.40575408935547,,,28.01572608947754,69.73229217529297,25.097576141357422,58.82806396484375,60.0471076965332,186.4102783203125,38.678096771240234,51.0584602355957
2016-09-23,18.518512725830078,,,27.977176666259766,69.42039489746094,25.063383102416992,58.45644760131836,59.783077239990234,185.38888549804688,38.51054763793945,50.84892654418945
2016-09-26,18.67464256286621,,,27.98681640625,68.98395538330078,25.04628562927246,58.06581115722656,59.328731536865234,183.8868408203125,38.303375244140625,50.259029388427734
2016-09-27,18.570552825927734,,,27.928991317749023,69.43113708496094,25.089027404785156,58.39568328857422,59.46564865112305,185.0283660888672,38.4212760925293,50.59455108642578
2016-09-28,18.37105941772461,,,27.909713745117188,69.5384750366211,25.080480575561523,58.56928634643555,59.5084342956543,185.94680786132812,38.45496368408203,50.89107894897461
2016-09-29,18.40575408935547,,,27.851890563964844,68.95713806152344,25.029191970825195,58.0571174621582,59.39720916748047,184.26449584960938,38.09281539916992,50.32145309448242
2016-09-30,18.240949630737305,,,28.14101219177246,69.19860076904297,25.04628562927246,58.58665084838867,59.71377182006836,185.65493774414062,38.26126480102539,50.93790054321289
2016-10-03,18.18890953063965,,,28.08318519592285,68.94818878173828,25.029191970825195,58.40436553955078,59.328731536865234,185.20858764648438,37.99176025390625,50.82865905761719
2016-10-04,18.136865615844727,,,28.044635772705078,68.27739715576172,24.986448287963867,58.03108215332031,59.09772491455078,184.26449584960938,37.621192932128906,50.71159744262695
2016-10-05,17.85930633544922,,,28.054275512695312,68.23265838623047,24.969350814819336,58.248111724853516,59.15762710571289,185.0799102783203,37.536964416503906,51.15636444091797
2016-10-06,17.93737030029297,,,28.092823028564453,68.43836212158203,24.935157775878906,58.30019760131836,59.21751022338867,185.20858764648438,37.56222915649414,51.14076614379883
2016-10-07,18.024106979370117,,,27.90007781982422,68.1700668334961,24.892417907714844,58.126564025878906,58.935157775878906,184.57350158691406,37.52012634277344,50.859867095947266
2016-10-10,18.024106979370117,,,27.91935157775879,68.47415924072266,24.935157775878906,58.41304397583008,59.17472457885742,185.53477478027344,37.70540237426758,51.20318603515625
2016-10-11,18.14554214477539,,,27.871166229248047,67.62450408935547,24.772743225097656,57.77066421508789,58.39612579345703,183.19155883789062,37.233760833740234,50.53213882446289
2016-10-12,18.327688217163086,,,27.765153884887695,68.0716781616211,24.78129005432129,57.84878158569336,58.635704040527344,183.4319305419922,37.4274787902832,50.49311828613281
2016-10-13,18.50116539001465,,,27.80370330810547,68.00010681152344,24.747100830078125,57.71857452392578,58.39612579345703,182.83111572265625,37.452735900878906,50.259029388427734
2016-10-14,18.483816146850586,,,27.70733070373535,67.9285888671875,24.729999542236328,57.77934265136719,58.78969955444336,182.9254913330078,37.43589401245117,50.204410552978516
2016-10-17,18.52718734741211,,,27.7844295501709,67.80335998535156,24.712907791137695,57.68385696411133,58.33625411987305,182.29029846191406,37.351680755615234,50.07956314086914
2016-10-18,18.518512725830078,,,27.774791717529297,68.16111755371094,24.789840698242188,57.70989227294922,58.652809143066406,183.4319305419922,37.52012634277344,50.50093078613281
2016-10-19,18.379732131958008,,,27.83261489868164,68.1253433227539,24.79838752746582,57.81404495239258,58.75548553466797,183.92117309570312,37.48643112182617,50.571144104003906
2016-10-20,18.34503746032715,,,27.909713745117188,68.04488372802734,24.80693817138672,57.63177490234375,58.57579040527344,183.57778930664062,37.351680755615234,50.53993225097656
2016-10-21,18.301668167114258,,,27.928991317749023,68.09850311279297,24.789840698242188,57.53627395629883,58.48167419433594,183.66363525390625,37.250614166259766,50.383880615234375
2016-10-24,18.336362838745117,,,27.938627243041992,68.55464172363281,24.83258056640625,57.79670333862305,58.79827117919922,184.44473266601562,37.37693786621094,50.61016845703125
2016-10-25,18.45779800415039,,,27.957902908325195,68.1700668334961,24.815486907958984,57.53627395629883,58.541561126708984,183.82672119140625,37.301151275634766,50.42290115356445
2016-10-26,18.475143432617188,,,27.909713745117188,67.7586441040039,24.747100830078125,57.5970458984375,58.34479522705078,183.45765686035156,37.16640090942383,50.42290115356445
2016-10-27,18.34503746032715,,,27.7940673828125,67.32038879394531,24.712907791137695,57.371337890625,58.07954406738281,182.96841430664062,36.90530776977539,50.227821350097656
2016-10-28,18.431774139404297,,,27.70733070373535,67.46346282958984,24.6872615814209,57.38870620727539,58.37045669555664,182.4276580810547,36.98111343383789,50.19661331176758
2016-10-31,18.52718734741211,,,27.726606369018555,67.85702514648438,24.704355239868164,57.38870620727539,58.421783447265625,182.436279296875,37.20851135253906,50.32927322387695
2016-11-01,18.52718734741211,,,27.745880126953125,67.20411682128906,24.627424240112305,56.989383697509766,57.7372932434082,181.11444091796875,36.81267166137695,49.985939025878906
2016-11-02,18.67464256286621,,,27.726606369018555,66.73905181884766,24.584680557250977,56.70292282104492,57.420719146728516,180.02438354492188,36.75370407104492,49.81425857543945
2016-11-03,18.68331527709961,,,27.65914535522461,66.36341094970703,24.524845123291016,56.572715759277344,57.36082458496094,179.20042419433594,36.66949462890625,49.52555465698242
2016-11-04,18.561878204345703,,,27.620594024658203,66.2918472290039,24.490652084350586,56.47722625732422,57.300941467285156,179.00294494628906,36.63581466674805,49.4475212097168
2016-11-07,18.34503746032715,,,27.755517959594727,67.61552429199219,24.567584991455078,57.666481018066406,58.34479522705078,182.9512939453125,37.225341796875,50.5555419921875
2016-11-08,18.379732131958008,,,27.851890563964844,68.10746765136719,24.559038162231445,57.94428253173828,58.72981262207031,183.7752685546875,37.46959686279297,50.69601058959961
2016-11-09,17.833284378051758,,,27.716968536376953,67.82125091552734,24.490652084350586,58.63005828857422,59.303070068359375,185.72361755371094,37.3600959777832,51.718196868896484
2016-11-10,17.312856674194336,,,27.504945755004883,66.9537124633789,24.456459045410156,58.708187103271484,59.34585189819336,186.1870880126953,37.16640090942383,52.31121063232422
2016-11-11,17.226119995117188,,,27.59168243408203,66.86428833007812,24.430814743041992,58.64741134643555,59.27738952636719,185.75796508789062,37.10743713378906,52.358036041259766
2016-11-14,17.148056030273438,,,27.533857345581055,66.31869506835938,24.362430572509766,58.49114227294922,59.559776306152344,185.90391540527344,37.056915283203125,52.896446228027344
2016-11-15,16.957231521606445,,,27.668781280517578,66.94477081298828,24.41371726989746,58.74289321899414,60.150142669677734,187.3544158935547,37.2674674987793,53.31780242919922
2016-11-16,16.974578857421875,,,27.7844295501709,67.14151000976562,24.38807487487793,58.83839797973633,60.04749298095703,187.00253295898438,37.3095817565918,53.0681037902832
2016-11-17,16.974578857421875,,,27.967540740966797,67.50821685791016,24.41371726989746,59.11619186401367,60.364044189453125,187.96383666992188,37.41904830932617,53.20858383178711
2016-11-18,16.913864135742188,,,28.03499984741211,67.32038879394531,24.3453311920166,59.012020111083984,60.192928314208984,187.5432891845703,37.3179931640625,53.09933090209961
2016-11-21,16.818452835083008,,,28.07354736328125,67.77655792236328,24.353878021240234,59.39395523071289,60.603614807128906,188.95953369140625,37.46959686279297,53.41143798828125
2016-11-22,16.870494842529297,,,28.121736526489258,68.0090560913086,24.37952423095703,59.576255798339844,60.774742126464844,189.32859802246094,37.58750534057617,53.60650634765625
2016-11-23,16.853147506713867,,,28.247020721435547,68.15216827392578,24.3709774017334,59.402652740478516,60.84320068359375,189.43157958984375,37.49485397338867,53.785987854003906
2016-11-25,16.8618221282959,,,28.198835372924805,68.26846313476562,24.37952423095703,59.64570236206055,61.09988784790039,190.13543701171875,37.69697570800781,53.96544647216797
2016-11-28,17.0179500579834,,,28.169923782348633,68.2416000366211,24.353878021240234,59.4460334777832,60.86884689331055,189.2427215576172,37.755943298339844,53.66112518310547
2016-11-29,17.208768844604492,,,28.1602840423584,68.50994873046875,24.405168533325195,59.463409423828125,61.03142547607422,189.61183166503906,37.91595458984375,53.69234085083008
2016-11-30,16.844472885131836,,,28.1602840423584,67.45454406738281,24.3709774017334,59.11619186401367,60.86030578613281,189.1569061279297,37.43589401245117,53.89521789550781
2016-12-01,16.731714248657227,,,28.15064811706543,66.18453216552734,24.294042587280273,58.91654586791992,60.32126998901367,188.461669921875,37.12428665161133,53.9732551574707
2016-12-02,16.818452835083008,,,28.14101219177246,66.57806396484375,24.319686889648438,58.91654586791992,60.35548400878906,188.55606079101562,37.2421989440918,53.87961196899414
2016-12-05,16.801105499267578,,,28.26629638671875,67.0699691772461,24.3709774017334,59.17695999145508,60.83464431762695,189.68907165527344,37.33483123779297,54.183929443359375
2016-12-06,16.592931747436523,,,28.247020721435547,67.23991394042969,24.38807487487793,59.281124114990234,61.15121841430664,190.28993225097656,37.44431686401367,54.488243103027344
2016-12-07,16.540889739990234,,,28.1602840423584,68.1164321899414,24.473556518554688,60.06239700317383,61.87849807739258,192.7790069580078,37.90752029418945,55.36219024658203
2016-12-08,16.454153060913086,,,28.218109130859375,68.0895767211914,24.499202728271484,60.18392562866211,62.24640655517578,193.25111389160156,37.924373626708984,55.65089416503906
2016-12-09,16.462827682495117,,,28.237382888793945,68.28633880615234,24.499202728271484,60.505104064941406,62.26351547241211,194.41839599609375,38.16862487792969,55.95520782470703
2016-12-12,16.82712745666504,,,28.13137435913086,68.20584106445312,24.41371726989746,60.60929870605469,62.24640655517578,194.19528198242188,38.353904724121094,55.74454116821289
2016-12-13,16.74906349182129,,,28.14101219177246,68.76927947998047,24.499202728271484,61.0433349609375,62.5629997253418,195.49130249023438,38.547611236572266,56.064453125
2016-12-14,16.853147506713867,,,28.1602840423584,68.35787963867188,24.396625518798828,60.54850387573242,61.88705825805664,193.877685546875,38.16862487792969,55.54165267944336
2016-12-15,16.662322998046875,,,28.218109130859375,68.70670318603516,24.396625518798828,60.71345520019531,62.09242630004883,194.6759033203125,38.26126480102539,55.83037567138672
2016-12-16,16.809778213500977,,,28.218109130859375,68.51886749267578,24.405168533325195,60.687416076660156,62.06672668457031,194.2952117919922,38.4044303894043,55.643089294433594
2016-12-19,16.93988800048828,,,28.295209884643555,68.75142669677734,24.46500587463379,60.80894470214844,62.18653869628906,194.7182159423828,38.530757904052734,55.7523307800293
2016-12-20,16.757736206054688,,,28.27593231201172,68.97500610351562,24.499202728271484,61.00860595703125,62.366188049316406,195.4694061279297,38.547611236572266,55.97862243652344
2016-12-21,16.76641082763672,,,28.247020721435547,68.89453125,24.524845123291016,60.85234069824219,62.289188385009766,194.92544555664062,38.4212760925293,55.892791748046875
2016-12-22,16.870494842529297,,,28.314483642578125,68.86756134033203,24.507747650146484,60.81917190551758,62.016448974609375,194.5887451171875,38.41450119018555,55.54869079589844
2016-12-23,16.835798263549805,,,28.27593231201172,68.99340057373047,24.541940689086914,60.862823486328125,62.14550018310547,194.87362670898438,38.47384262084961,55.69761276245117
2016-12-27,16.792430877685547,,,28.304847717285156,69.29902648925781,24.541940689086914,60.91517639160156,62.240150451660156,195.35716247558594,38.51624298095703,55.830875396728516
2016-12-28,16.88783836364746,,,28.305809020996094,68.58888244628906,24.48210334777832,60.478858947753906,61.64649200439453,193.74256896972656,38.28729248046875,55.297889709472656
2016-12-29,17.069990158081055,,,28.315467834472656,68.73269653320312,24.507747650146484,60.54869079589844,61.82716751098633,193.69944763183594,38.47384262084961,55.2116584777832
2016-12-30,17.08734130859375,,,28.296152114868164,68.19332885742188,24.507747650146484,60.29563522338867,61.792755126953125,192.991455078125,38.346649169921875,55.01570510864258
2017-01-03,16.913864135742188,,,28.36375617980957,68.39114379882812,24.51629638671875,60.73192596435547,61.895999908447266,194.46783447265625,38.44840621948242,55.587894439697266
2017-01-04,16.67099952697754,,,28.344440460205078,68.7956314086914,24.593233108520508,61.07223129272461,62.635929107666016,195.6248016357422,38.626487731933594,56.17575454711914
2017-01-05,16.78375816345215,,,28.238208770751953,69.02034759521484,24.627424240112305,61.01115036010742,62.489654541015625,195.4694061279297,38.668888092041016,55.87005615234375
2017-01-06,16.76641082763672,,,28.305809020996094,69.4158935546875,24.593233108520508,61.220577239990234,62.704769134521484,196.168701171875,38.71977233886719,55.815189361572266
2017-01-09,16.775083541870117,,,28.36375617980957,69.38892364501953,24.627424240112305,60.91517639160156,62.40364074707031,195.52120971679688,38.533206939697266,55.61140823364258
2017-01-10,16.662322998046875,,,28.42169952392578,69.35295867919922,24.618873596191406,60.81917190551758,62.38641357421875,195.52120971679688,38.482322692871094,55.830875396728516
2017-01-11,16.679672241210938,,,28.498958587646484,69.57768249511719,24.644519805908203,60.854095458984375,62.35200119018555,196.07376098632812,38.60104751586914,55.846561431884766
2017-01-12,16.853147506713867,,,28.3734130859375,69.49678802490234,24.610328674316406,60.784297943115234,62.489654541015625,195.58160400390625,38.59257507324219,55.64274978637695
2017-01-13,16.653650283813477,,,28.39272689819336,69.66759490966797,24.635971069335938,60.784297943115234,62.61012268066406,196.03057861328125,38.61802291870117,55.674102783203125
2017-01-17,16.94856071472168,,,28.498958587646484,69.50579071044922,24.601781845092773,60.81917190551758,62.45525360107422,195.33985900878906,38.73672866821289,55.43112564086914
2017-01-18,16.974578857421875,,,28.4603271484375,69.71255493164062,24.567584991455078,60.92388916015625,62.75636672973633,195.7715301513672,38.7706413269043,55.540863037109375
2017-01-19,16.879165649414062,,,28.479642868041992,69.63164520263672,24.51629638671875,60.61851119995117,62.32621383666992,195.0463104248047,38.558658599853516,55.305694580078125
2017-01-20,16.870494842529297,,,28.479642868041992,69.77549743652344,24.559038162231445,60.784297943115234,62.446632385253906,195.76296997070312,38.6943473815918,55.39193344116211
2017-01-23,16.974578857421875,,,28.38306999206543,69.62264251708984,24.567584991455078,60.696990966796875,62.532711029052734,195.25352478027344,38.6773681640625,55.2116584777832
2017-01-24,16.974578857421875,,,28.518272399902344,70.18897247314453,24.567584991455078,61.107147216796875,62.90264892578125,196.5054473876953,38.7706413269043,55.791683197021484
2017-01-25,16.61028289794922,,,28.58587646484375,70.7643051147461,24.618873596191406,61.62196350097656,63.36727523803711,198.20632934570312,38.89784622192383,56.4422607421875
2017-01-26,16.549564361572266,,,28.566560745239258,70.66541290283203,24.601781845092773,61.47364044189453,63.30702590942383,197.99913024902344,38.83849334716797,56.2933235168457
2017-01-27,16.289352416992188,,,28.58587646484375,70.77328491210938,24.618873596191406,61.38636016845703,63.09193420410156,197.68826293945312,38.85544967651367,56.05033493041992
2017-01-30,16.801105499267578,,,28.479642868041992,70.341796875,24.559038162231445,61.11586380004883,62.84241485595703,196.4622344970703,38.73672866821289,55.69761276245117
2017-01-31,16.731714248657227,,,28.60519027709961,70.341796875,24.559038162231445,60.99369812011719,62.76498031616211,196.4449462890625,38.83000564575195,55.713314056396484
2017-02-01,16.592931747436523,,,28.58587646484375,70.50359344482422,24.584680557250977,60.906436920166016,62.47247314453125,196.52267456054688,38.56713104248047,56.09736633300781
2017-02-02,16.757736206054688,,,28.60519027709961,70.62944793701172,24.584680557250977,60.92388916015625,62.69615936279297,196.65219116210938,38.79608917236328,55.99547576904297
2017-02-03,16.601606369018555,,,28.69210433959961,70.91710662841797,24.627424240112305,61.3689079284668,63.31563949584961,198.00770568847656,38.99961853027344,56.575477600097656
2017-02-06,16.67099952697754,,,28.65347671508789,70.88117980957031,24.627424240112305,61.29911422729492,63.17796325683594,197.65371704101562,38.88936996459961,56.528465270996094
2017-02-07,16.723041534423828,,,28.682449340820312,71.09691619873047,24.6872615814209,61.395076751708984,63.16937255859375,197.66232299804688,38.99113464355469,56.403038024902344
2017-02-08,16.723041534423828,,,28.66313362121582,71.27670288085938,24.695812225341797,61.3689079284668,63.28981018066406,197.92135620117188,39.12681198120117,56.30899429321289
2017-02-09,16.662322998046875,,,28.60519027709961,71.41151428222656,24.729999542236328,61.67434310913086,63.6942253112793,199.0956268310547,39.29641342163086,56.69305419921875
2017-02-10,16.618955612182617,,,28.556903839111328,71.63627624511719,24.695812225341797,61.97100067138672,64.03837585449219,199.8813018798828,39.44057083129883,56.87333679199219
2017-02-13,16.558237075805664,,,28.547245025634766,71.85201263427734,24.712907791137695,62.3112907409668,64.34811401367188,200.9691162109375,39.56776809692383,57.296607971191406
2017-02-14,16.43680763244629,,,28.62450408935547,71.84302520751953,24.73855209350586,62.581787109375,64.2964859008789,201.7720489501953,39.59321212768555,57.73554992675781
2017-02-15,16.324045181274414,,,28.65347671508789,72.18461608886719,24.729999542236328,62.9744758605957,64.7008285522461,202.8253936767578,39.7458610534668,58.11959457397461
2017-02-16,16.480175018310547,,,28.64381980895996,72.31047821044922,24.76419448852539,63.04424285888672,64.58900451660156,202.65272521972656,39.915443420410156,58.0960807800293
2017-02-17,16.488849639892578,,,28.59553337097168,72.40036010742188,24.789840698242188,63.30604934692383,64.83850860595703,202.97216796875,39.94938278198242,58.1352653503418
2017-02-21,16.488849639892578,,,28.66313362121582,72.91275024414062,24.84967803955078,63.585296630859375,65.32892608642578,204.18092346191406,40.23768615722656,58.582035064697266
2017-02-22,16.488849639892578,,,28.69210433959961,72.98469543457031,24.875322341918945,63.576541900634766,65.24291229248047,203.99960327148438,40.246177673339844,58.44095993041992
2017-02-23,16.688344955444336,,,28.779022216796875,72.80489349365234,24.858224868774414,63.759796142578125,65.20848846435547,204.13775634765625,40.45817565917969,58.32339096069336
2017-02-24,16.78375816345215,,,28.798337936401367,72.95770263671875,24.892417907714844,63.96050262451172,65.30313110351562,204.39678955078125,40.653221130371094,58.37826156616211
2017-02-27,16.61028289794922,,,28.82731056213379,73.11051177978516,24.88387107849121,63.9517822265625,65.63007354736328,204.71620178222656,40.5768928527832,58.589874267578125
2017-02-28,16.78375816345215,,,28.817651748657227,73.01163482666016,24.866771697998047,63.85577392578125,65.33755493164062,204.16360473632812,40.59385299682617,58.26068878173828
2017-03-01,16.558237075805664,,,28.875595092773438,73.7757339477539,24.909515380859375,64.69345092773438,66.05165100097656,207.02137756347656,40.85673522949219,59.036659240722656
2017-03-02,16.688344955444336,,,28.83696746826172,73.33524322509766,24.83258056640625,64.45785522460938,65.76773834228516,205.71763610839844,40.76345443725586,58.683963775634766
2017-03-03,16.679672241210938,,,28.856281280517578,73.45211029052734,24.84967803955078,64.43170166015625,65.61287689208984,205.84719848632812,40.687129974365234,58.80934524536133
2017-03-06,16.82712745666504,,,28.817651748657227,73.31727600097656,24.79838752746582,64.26588439941406,65.26011657714844,205.2342071533203,40.61081314086914,58.40961456298828
2017-03-07,16.82712745666504,,,28.83696746826172,73.31727600097656,24.747100830078125,64.10009765625,65.04500579833984,204.62120056152344,40.54297637939453,58.06473922729492
2017-03-08,16.818452835083008,,,28.779022216796875,73.29034423828125,24.729999542236328,63.99539566040039,65.02777862548828,204.24134826660156,40.40729904174805,57.970672607421875
2017-03-09,16.870494842529297,,,28.798337936401367,73.41616821289062,24.704355239868164,63.99539566040039,64.89013671875,204.50033569335938,40.424259185791016,57.83743667602539
2017-03-10,16.801105499267578,,,28.769367218017578,73.85664367675781,24.772743225097656,64.24845123291016,65.13105010986328,205.21694946289062,40.602333068847656,58.04905700683594
2017-03-13,16.835798263549805,,,28.769367218017578,74.11732482910156,24.755647659301758,64.25716400146484,65.13964080810547,205.320556640625,40.670169830322266,57.95499801635742
2017-03-14,16.853147506713867,,,28.779022216796875,73.84764099121094,24.704355239868164,64.05648040771484,64.95896911621094,204.53488159179688,40.54297637939453,57.719852447509766
2017-03-15,16.809778213500977,,,28.798337936401367,74.50386810302734,24.79838752746582,64.64983367919922,65.61287689208984,206.30482482910156,40.9415397644043,58.19015121459961
2017-03-16,16.818452835083008,,,28.730735778808594,74.31511688232422,24.79838752746582,64.51020050048828,65.47521209716797,205.89898681640625,40.80585861206055,58.0882453918457
2017-03-17,16.94856071472168,,,28.817651748657227,74.49486541748047,24.815486907958984,64.50148010253906,65.54399871826172,205.5374298095703,40.92456817626953,57.829586029052734
2017-03-20,17.0179500579834,,,28.817651748657227,74.53083038330078,24.824033737182617,64.41422271728516,65.50962829589844,205.31199645996094,40.831302642822266,57.672828674316406
2017-03-21,17.373573303222656,,,28.788679122924805,73.65885925292969,24.721454620361328,63.777252197265625,64.7352523803711,202.67588806152344,40.63625717163086,56.6695442199707
2017-03-22,17.468984603881836,,,28.817651748657227,74.0454330444336,24.772743225097656,63.8994255065918,64.6922378540039,203.15277099609375,40.69562530517578,56.87333679199219
2017-03-23,17.382247924804688,,,28.807994842529297,73.90156555175781,24.772743225097656,63.82088851928711,64.7524642944336,202.9359893798828,40.670169830322266,56.82631301879883
2017-03-24,17.40826988220215,,,28.89491081237793,74.0593490600586,24.789840698242188,63.73933410644531,64.90619659423828,202.78857421875,40.63526153564453,56.79951858520508
2017-03-27,17.460309982299805,,,28.88525390625,73.96920013427734,24.815486907958984,63.6253547668457,64.4830551147461,202.58050537109375,40.558597564697266,56.76800537109375
2017-03-28,17.260814666748047,,,28.89491081237793,74.26668548583984,24.824033737182617,63.94976806640625,65.1307373046875,204.0546112060547,40.66932678222656,57.351112365722656
2017-03-29,17.191425323486328,,,28.943199157714844,74.48306274414062,24.88387107849121,63.888404846191406,65.00120544433594,204.24539184570312,40.66080093383789,57.5008430480957
2017-03-30,17.113361358642578,,,28.90456771850586,74.51011657714844,24.858224868774414,63.95850372314453,65.27750396728516,204.89572143554688,40.66932678222656,57.76876449584961
2017-03-31,17.130708694458008,,,28.962512969970703,74.51011657714844,24.866771697998047,63.8270263671875,65.26024627685547,204.41880798339844,40.643768310546875,57.619056701660156
2017-04-03,17.243465423583984,,,29.010801315307617,74.51011657714844,24.892417907714844,63.6692008972168,64.92347717285156,204.06326293945312,40.592681884765625,57.39052200317383
2017-04-04,17.330202102661133,,,29.078401565551758,74.46505737304688,24.875322341918945,63.651676177978516,64.88029479980469,204.19334411621094,40.60970687866211,57.42992401123047
2017-04-05,17.45163917541504,,,29.001142501831055,74.36589050292969,24.841129302978516,63.47631072998047,64.77667236328125,203.58631896972656,40.62674331665039,57.098968505859375
2017-04-06,17.330202102661133,,,29.088058471679688,74.50108337402344,24.80693817138672,63.6253547668457,64.98391723632812,204.15866088867188,40.60970687866211,57.33537673950195
2017-04-07,17.174076080322266,,,29.14600372314453,74.47406005859375,24.78129005432129,63.60783004760742,65.02709197998047,203.9505615234375,40.58415985107422,57.2880973815918
2017-04-10,17.304183959960938,,,29.165319442749023,74.45603942871094,24.824033737182617,63.60783004760742,65.05301666259766,204.07196044921875,40.643768310546875,57.351112365722656
2017-04-11,17.356225967407227,,,29.165319442749023,74.37489318847656,24.789840698242188,63.61659622192383,65.00120544433594,203.82916259765625,40.68635940551758,57.26444625854492
2017-04-12,17.495006561279297,,,29.232919692993164,74.09542846679688,24.789840698242188,63.41492462158203,64.77667236328125,202.9359893798828,40.63526153564453,56.94136047363281
2017-04-13,17.616437911987305,,,29.165319442749023,73.74381256103516,24.73855209350586,63.09054183959961,64.62985229492188,201.61793518066406,40.48195266723633,56.52371597290039
2017-04-17,17.59909439086914,,,29.184633255004883,74.51914978027344,24.76419448852539,63.56403732299805,65.05301666259766,203.40426635742188,40.7459831237793,56.94136047363281
2017-04-18,17.6424617767334,,,29.242578506469727,74.47406005859375,24.73855209350586,63.36234664916992,65.00981140136719,202.79727172851562,40.75449752807617,56.71283721923828
2017-04-19,17.512353897094727,,,29.194290161132812,74.59126281738281,24.712907791137695,63.143131256103516,64.9148178100586,202.42440795898438,40.7459831237793,56.67344665527344
2017-04-20,17.416942596435547,,,29.242578506469727,75.02397918701172,24.78129005432129,63.59905242919922,65.29483032226562,204.07196044921875,40.873741149902344,57.256561279296875
2017-04-21,17.416942596435547,,,29.213605880737305,75.00593566894531,24.76419448852539,63.48508071899414,65.24301147460938,203.4215850830078,40.848175048828125,57.004398345947266
2017-04-24,17.416942596435547,,,29.252235412597656,75.77223205566406,24.892417907714844,64.01988220214844,65.79566192626953,205.6588134765625,41.1547966003418,57.68996047973633
2017-04-25,17.260814666748047,,,29.271549224853516,76.20494842529297,24.918062210083008,64.44950103759766,66.11521911621094,206.85545349121094,41.27403259277344,57.965763092041016
2017-04-26,17.113361358642578,,,29.252235412597656,75.95256042480469,24.926610946655273,64.33552551269531,66.2101821899414,206.72537231445312,41.265533447265625,58.01303482055664
2017-04-27,17.243465423583984,,,29.252235412597656,76.31315612792969,24.943708419799805,64.38811492919922,66.2101821899414,206.89881896972656,41.30811309814453,58.03669357299805
2017-04-28,17.338878631591797,,,29.261890411376953,76.43033599853516,24.926610946655273,64.22152709960938,66.2101821899414,206.4479217529297,41.214420318603516,57.7451171875
2017-05-01,17.373573303222656,,,29.242578506469727,76.82701873779297,24.943708419799805,64.15138244628906,65.85616302490234,206.9682159423828,41.171836853027344,57.784515380859375
2017-05-02,17.36490249633789,,,29.232919692993164,76.69178009033203,24.969350814819336,64.2654037475586,65.65750885009766,207.0462188720703,41.1547966003418,57.80817413330078
2017-05-03,17.373573303222656,,,29.17497444152832,76.47540283203125,24.918062210083008,64.17771911621094,65.6056900024414,206.79473876953125,41.0100212097168,57.71360397338867
2017-05-04,17.330202102661133,,,29.11703109741211,76.60163116455078,24.875322341918945,64.24785614013672,65.70931243896484,207.03756713867188,41.171836853027344,57.650569915771484
2017-05-05,17.269489288330078,,,29.10737419128418,76.99828338623047,24.952260971069336,64.46703338623047,66.1410903930664,207.8526611328125,41.32513427734375,58.005149841308594
2017-05-08,17.269489288330078,,,29.126689910888672,76.9442138671875,24.909515380859375,64.44071960449219,65.8302230834961,207.81805419921875,41.1973762512207,58.068206787109375
2017-05-09,17.208768844604492,,,29.165319442749023,76.91716003417969,24.90096664428711,64.4319839477539,65.75250244140625,207.627197265625,41.09516906738281,58.10759735107422
2017-05-10,17.191425323486328,,,29.203947067260742,77.46707916259766,24.943708419799805,64.4232177734375,65.9079360961914,208.0000762939453,41.14628982543945,58.19429397583008
2017-05-11,17.226119995117188,,,29.165319442749023,77.44002532958984,24.952260971069336,64.27416229248047,65.7870101928711,207.5751953125,41.0866584777832,58.02093505859375
2017-05-12,17.36490249633789,,,29.126689910888672,77.57525634765625,24.986448287963867,64.18649291992188,65.47615051269531,207.22833251953125,41.0100212097168,57.76876449584961
2017-05-15,17.252138137817383,,,29.097715377807617,78.17024993896484,25.04628562927246,64.55471801757812,65.9338607788086,208.3729705810547,41.205902099609375,58.083961486816406
2017-05-16,17.217445373535156,,,29.049428939819336,78.29647064208984,25.029191970825195,64.5020980834961,65.70067596435547,208.18214416503906,41.05260467529297,57.926368713378906
2017-05-17,17.581743240356445,,,29.088058471679688,76.82701873779297,24.866771697998047,63.677955627441406,65.05301666259766,204.48818969726562,40.82263946533203,56.61038589477539
2017-05-18,17.65113639831543,,,29.14600372314453,77.39492797851562,24.88387107849121,63.809486389160156,65.13935852050781,205.31199645996094,40.93335723876953,56.67344665527344
2017-05-19,17.495006561279297,,,29.155662536621094,77.86375427246094,24.943708419799805,64.14266204833984,65.5365982055664,206.64735412597656,41.0866584777832,57.098968505859375
2017-05-22,17.555723190307617,,,29.194290161132812,78.57594299316406,24.960805892944336,64.55471801757812,65.96839904785156,207.69659423828125,41.350711822509766,57.327476501464844
2017-05-23,17.555723190307617,,,29.194290161132812,78.68412780761719,24.977901458740234,64.5284194946289,66.00293731689453,208.15615844726562,41.40178680419922,57.57176208496094
2017-05-24,17.66848373413086,,,29.17497444152832,79.08979034423828,25.012094497680664,64.71249389648438,66.29655456542969,208.64175415039062,41.5721321105957,57.60326385498047
2017-05-25,17.66848373413086,,,29.223262786865234,79.72086334228516,25.063383102416992,65.08953857421875,66.65060424804688,209.6390380859375,41.87875747680664,57.800289154052734
2017-05-26,17.746545791625977,,,29.194290161132812,79.84705352783203,25.04628562927246,65.07200622558594,66.63334655761719,209.59567260742188,41.853206634521484,57.82390213012695
2017-05-30,17.824609756469727,,,29.194290161132812,80.02740478515625,25.054834365844727,65.03693389892578,66.5728988647461,209.4134979248047,41.91282653808594,57.784515380859375
2017-05-31,18.01543426513672,,,29.290864944458008,80.07244110107422,25.037738800048828,65.17719268798828,66.59014892578125,209.36146545410156,42.040584564208984,57.6741828918457
2017-06-01,17.737873077392578,,,29.38743782043457,80.6404037475586,25.148866653442383,65.62433624267578,67.2896499633789,211.02639770507812,42.33016586303711,58.241573333740234
2017-06-02,17.737873077392578,,,29.34880828857422,81.06412506103516,25.225799560546875,65.80846405029297,67.53144836425781,211.728759765625,42.44940948486328,58.288841247558594
2017-06-05,17.807262420654297,,,29.36812400817871,80.9198989868164,25.174510955810547,65.7646255493164,67.4105453491211,211.5726776123047,42.3983154296875,58.139129638671875
2017-06-06,17.807262420654297,,,29.300521850585938,80.72154998779297,25.18305778503418,65.52790069580078,67.07374572753906,210.89633178710938,42.244991302490234,57.88698196411133
2017-06-07,17.81593894958496,,,29.300521850585938,81.2083511352539,25.18305778503418,65.58049011230469,67.05647277832031,211.2865447998047,42.347206115722656,58.06031036376953
2017-06-08,17.60776710510254,,,29.32949447631836,81.47880554199219,25.24289894104004,65.65065002441406,67.18601989746094,211.39056396484375,42.13427734375,58.225799560546875
2017-06-09,17.390920639038086,,,29.290864944458008,80.64942932128906,25.200153350830078,65.70325469970703,67.20331573486328,211.0697479248047,42.10872268676758,58.35189437866211
2017-06-12,17.399593353271484,,,29.33915138244629,80.38799285888672,25.165964126586914,65.6681900024414,67.43647003173828,211.02639770507812,42.1002082824707,58.414947509765625
2017-06-13,17.36490249633789,,,29.44538116455078,81.05511474609375,25.191604614257812,66.01010131835938,67.78189849853516,212.0583038330078,42.236488342285156,58.61980438232422
2017-06-14,17.52103042602539,,,29.493671417236328,80.89282989501953,25.200153350830078,65.9925765991211,67.80778503417969,211.7894744873047,42.32164764404297,58.399169921875
2017-06-15,17.52103042602539,,,29.38743782043457,80.73957824707031,25.148866653442383,65.95748901367188,67.79051971435547,211.3819122314453,42.38126754760742,58.09972381591797
2017-06-16,17.659807205200195,,,29.35846519470215,80.6404037475586,25.157413482666016,66.01010131835938,67.78189849853516,211.42807006835938,42.432373046875,57.85544204711914
2017-06-19,17.581743240356445,,,29.44538116455078,81.84841918945312,25.259990692138672,66.49232482910156,68.11869812011719,213.18824768066406,42.602718353271484,58.414947509765625
2017-06-20,17.6424617767334,,,29.406753540039062,81.15425872802734,25.217252731323242,66.0451889038086,67.64373016357422,211.75050354003906,42.457923889160156,57.965763092041016
2017-06-21,17.677154541015625,,,29.406753540039062,81.1903305053711,25.191604614257812,65.98380279541016,67.4278335571289,211.69821166992188,42.38126754760742,57.9027214050293
2017-06-22,17.694503784179688,,,29.44538116455078,81.00099182128906,25.24289894104004,65.92245483398438,67.38463592529297,211.60240173339844,42.30461883544922,58.01303482055664
2017-06-23,17.625110626220703,,,29.54195785522461,80.8567886352539,25.24289894104004,66.03640747070312,67.35009765625,211.85507202148438,42.313133239746094,58.06031036376953
2017-06-26,17.625110626220703,,,29.54195785522461,80.7756118774414,25.302734375,66.06271362304688,67.69551086425781,211.99449157714844,42.38126754760742,58.328250885009766
2017-06-27,17.60776710510254,,,29.5709285736084,80.06876373291016,25.18305778503418,65.58946228027344,67.23162078857422,210.28663635253906,42.054222106933594,58.01573181152344
2017-06-28,17.399593353271484,,,29.61921501159668,81.12635040283203,25.23434829711914,66.09178924560547,67.63916778564453,212.1687469482422,42.20832824707031,58.61857223510742
2017-06-29,17.356225967407227,,,29.667503356933594,80.3760986328125,25.089027404785156,65.32503509521484,67.08418273925781,210.30404663085938,41.7888069152832,58.2933349609375
2017-06-30,17.356225967407227,,,29.686817169189453,80.34896087646484,25.140316009521484,65.54534912109375,67.33566284179688,210.69618225097656,41.89154815673828,58.35680389404297
2017-07-03,17.356225967407227,,,29.715789794921875,80.34896087646484,25.157413482666016,65.78334045410156,67.33566284179688,211.05340576171875,41.89154815673828,58.801021575927734
2017-07-05,17.200098037719727,,,29.715789794921875,81.08116149902344,25.200153350830078,65.75688171386719,67.54378509521484,211.5413818359375,41.925804138183594,58.81687545776367
2017-07-06,17.269489288330078,,,29.725448608398438,80.57494354248047,25.063383102416992,65.21925354003906,66.7893295288086,209.60693359375,41.57477951049805,58.22196578979492
2017-07-07,17.27816390991211,,,29.754419326782227,81.36136627197266,25.106124877929688,65.65111541748047,67.23162078857422,210.96629333496094,41.83161926269531,58.539249420166016
2017-07-10,17.252138137817383,,,29.735105514526367,81.73196411132812,25.174510955810547,65.69519805908203,67.21426391601562,211.1928253173828,41.75456237792969,58.43614959716797
2017-07-11,17.226119995117188,,,29.706132888793945,81.69580841064453,25.174510955810547,65.50129699707031,67.03213500976562,211.03594970703125,41.686073303222656,58.38060760498047
2017-07-12,17.226119995117188,,,29.60955810546875,82.43701934814453,25.311281204223633,66.03011322021484,67.50041198730469,212.62184143066406,41.96004104614258,58.7216796875
2017-07-13,17.182748794555664,,,29.590242385864258,82.52742004394531,25.2856388092041,66.08300018310547,67.68254089355469,212.97914123535156,41.925804138183594,59.007232666015625
2017-07-14,17.122034072875977,,,29.677160263061523,82.85283660888672,25.34547233581543,66.48841094970703,67.95135498046875,213.97247314453125,42.165523529052734,59.292816162109375
2017-07-17,17.182748794555664,,,29.677160263061523,82.83474731445312,25.311281204223633,66.41791534423828,68.055419921875,213.94631958007812,42.191200256347656,59.40385818481445
2017-07-18,17.182748794555664,,,29.61921501159668,82.77146911621094,25.32837677001953,66.51485443115234,67.92535400390625,214.05966186523438,42.156959533691406,59.23727798461914
2017-07-19,17.15673065185547,,,29.60955810546875,83.1962890625,25.396760940551758,66.71754455566406,68.23754119873047,215.2185516357422,42.3624382019043,59.506961822509766
2017-07-20,17.15673065185547,,,29.638530731201172,83.11495208740234,25.379667282104492,66.89383697509766,68.20282745361328,215.31436157226562,42.448055267333984,59.443504333496094
2017-07-21,17.226119995117188,,,29.638530731201172,83.09688568115234,25.38821792602539,66.87616729736328,68.25486755371094,215.12269592285156,42.542236328125,59.37211227416992
2017-07-24,17.208768844604492,,,29.715789794921875,83.14208984375,25.33692741394043,66.708740234375,68.3328857421875,215.07040405273438,42.448055267333984,59.37211227416992
2017-07-25,17.052642822265625,,,29.84133529663086,83.38613891601562,25.362573623657227,66.79685974121094,68.4976577758789,215.59320068359375,42.51654052734375,59.71321487426758
2017-07-26,17.148056030273438,,,29.85099220275879,83.40421295166016,25.422409057617188,66.78804779052734,68.28953552246094,215.60195922851562,42.542236328125,59.57041549682617
2017-07-27,17.286836624145508,,,29.831676483154297,82.93416595458984,25.379667282104492,66.69992065429688,68.32423400878906,215.40155029296875,42.63640213012695,59.49904251098633
2017-07-28,17.295507431030273,,,29.85099220275879,82.9432144165039,25.38821792602539,66.21517944335938,68.27220153808594,215.14883422851562,42.61928939819336,59.49904251098633
2017-07-31,17.321531295776367,,,29.773733139038086,83.14208984375,25.371118545532227,66.21517944335938,68.34156799316406,215.02687072753906,42.739139556884766,59.51491165161133
2017-08-01,17.338878631591797,,,29.764076232910156,83.39517211914062,25.405311584472656,66.44432830810547,68.4976577758789,215.50608825683594,42.7905158996582,59.657676696777344
2017-08-02,17.338878631591797,,,29.715789794921875,83.43134307861328,25.371118545532227,66.43551635742188,68.2981948852539,215.6106719970703,42.71344757080078,59.800453186035156
2017-08-03,17.390920639038086,,,29.599899291992188,83.3319091796875,25.371118545532227,66.3209457397461,68.27220153808594,215.19241333007812,42.704891204833984,59.6021614074707
2017-08-04,17.460309982299805,,,29.532299041748047,83.72962188720703,25.38821792602539,66.4002456665039,68.3069076538086,215.5845489501953,42.704891204833984,59.721134185791016
2017-08-07,17.460309982299805,,,29.4840145111084,84.14542388916016,25.430957794189453,66.59414672851562,68.36759948730469,215.98533630371094,42.739139556884766,59.9115104675293
2017-08-08,17.252138137817383,,,29.43572425842285,84.05504608154297,25.354022979736328,66.44432830810547,68.15081787109375,215.45382690429688,42.6021614074707,59.88772201538086
2017-08-09,17.252138137817383,,,29.290864944458008,84.1092758178711,25.371118545532227,66.39144897460938,68.0987548828125,215.44508361816406,42.65352249145508,59.80839920043945
2017-08-10,17.729198455810547,,,29.281206130981445,82.57261657714844,25.18305778503418,65.49246215820312,67.29230499267578,212.4040069580078,42.396690368652344,58.81687545776367
2017-08-11,17.65113639831543,,,29.406753540039062,82.64492797851562,25.208703994750977,65.47488403320312,67.23162078857422,212.7177276611328,42.43949508666992,58.848609924316406
2017-08-14,17.6424617767334,,,29.406753540039062,84.00080108642578,25.2856388092041,66.1006088256836,67.85597229003906,214.82643127441406,42.82476043701172,59.42765426635742
2017-08-15,17.677154541015625,,,29.32949447631836,84.01888275146484,25.27708625793457,66.1006088256836,67.75190734863281,214.80026245117188,42.87612533569336,59.43557357788086
2017-08-16,17.720523834228516,,,29.31983757019043,84.15444946289062,25.354022979736328,66.23282623291016,68.09008026123047,215.17498779296875,43.02165603637695,59.467308044433594
2017-08-17,17.833284378051758,,,29.281206130981445,82.52742004394531,25.2856388092041,65.20162200927734,67.10150909423828,211.82022094726562,42.53366470336914,58.43614959716797
2017-08-18,17.833284378051758,,,29.290864944458008,82.51839447021484,25.26854133605957,65.03422546386719,67.0061264038086,211.4891357421875,42.45662307739258,58.21401596069336
2017-08-21,17.902673721313477,,,29.36812400817871,82.43701934814453,25.2856388092041,65.18402099609375,67.08418273925781,211.65463256835938,42.61928939819336,58.19815444946289
2017-08-22,17.824609756469727,,,29.35846519470215,83.70250701904297,25.354022979736328,65.78334045410156,67.5784683227539,213.867919921875,42.918949127197266,58.84063720703125
2017-08-23,17.763893127441406,,,29.426067352294922,83.3138198852539,25.33692741394043,65.59825897216797,67.46574401855469,213.1011505126953,42.739139556884766,58.72963333129883
2017-08-24,17.685829162597656,,,29.43572425842285,83.21439361572266,25.33692741394043,65.55416107177734,67.370361328125,212.60446166992188,42.61928939819336,58.59477233886719
2017-08-25,17.625110626220703,,,29.493671417236328,83.25054168701172,25.34547233581543,65.69519805908203,67.64786529541016,213.1011505126953,42.75626754760742,58.856536865234375
2017-08-28,17.59909439086914,,,29.4840145111084,83.3138198852539,25.33692741394043,65.74807739257812,67.370361328125,213.10989379882812,42.75626754760742,58.93585968017578
2017-08-29,17.547046661376953,,,29.532299041748047,83.34095764160156,25.34547233581543,65.73045349121094,67.3790283203125,213.35379028320312,42.77337646484375,58.94378662109375
2017-08-30,17.442964553833008,,,29.532299041748047,83.90135955810547,25.405311584472656,66.1358871459961,67.6044921875,214.3645782470703,42.86757278442383,59.26106643676758
2017-08-31,17.390920639038086,,,29.44538116455078,84.36235809326172,25.49934196472168,66.52362823486328,67.890625,215.65423583984375,43.064476013183594,59.64182662963867
2017-09-01,17.356225967407227,,,29.580585479736328,84.57930755615234,25.507888793945312,66.64705657958984,68.15081787109375,215.95921325683594,43.03022384643555,60.06222915649414
2017-09-05,17.477659225463867,,,29.6481876373291,83.52172088623047,25.430957794189453,66.18875122070312,67.48308563232422,214.40817260742188,42.85043716430664,59.47523880004883
2017-09-06,17.442964553833008,,,29.599899291992188,83.77481079101562,25.44805145263672,66.33855438232422,67.69988250732422,215.14012145996094,42.92749786376953,59.81632614135742
2017-09-07,17.581743240356445,,,29.590242385864258,83.3138198852539,25.490795135498047,66.54129028320312,67.6044921875,215.114013671875,43.02165603637695,59.67353439331055
2017-09-08,17.581743240356445,,,29.60955810546875,83.34999084472656,25.456602096557617,66.61180877685547,67.8212890625,214.86126708984375,43.16721725463867,59.53075408935547
2017-09-11,17.555723190307617,,,29.6578426361084,84.40754699707031,25.524986267089844,67.25515747070312,68.57571411132812,217.1529998779297,43.49254608154297,60.25260543823242
2017-09-12,17.399593353271484,,,29.715789794921875,84.8143310546875,25.53353500366211,67.46669006347656,68.75782775878906,217.8849334716797,43.49254608154297,60.69679260253906
2017-09-13,17.286836624145508,,,29.6578426361084,84.92277526855469,25.48224639892578,67.36974334716797,68.57571411132812,217.98947143554688,43.36414337158203,60.807830810546875
2017-09-14,17.304183959960938,,,29.686817169189453,84.80529022216797,25.48224639892578,67.42263793945312,68.61042022705078,217.91976928710938,43.37268829345703,60.72058868408203
2017-09-15,17.40826988220215,,,29.764076232910156,85.23011779785156,25.507888793945312,67.69585418701172,68.73180389404297,218.213134765625,43.389827728271484,60.942684173583984
2017-09-18,17.269489288330078,,,29.81236457824707,85.79961395263672,25.507888793945312,67.90735626220703,68.86186981201172,218.6773223876953,43.432621002197266,61.00614929199219
2017-09-19,17.226119995117188,,,29.754419326782227,85.99845886230469,25.559179306030273,68.01312255859375,68.82719421386719,218.89614868164062,43.32132339477539,60.99028396606445
2017-09-20,17.226119995117188,,,29.793048858642578,85.98038482666016,25.53353500366211,67.88971710205078,68.75782775878906,218.97496032714844,43.27851867675781,60.96647644042969
2017-09-21,17.061317443847656,,,29.735105514526367,85.73631286621094,25.53353500366211,67.69585418701172,68.68846893310547,218.38827514648438,43.09872055053711,60.863372802734375
2017-09-22,17.104686737060547,,,29.6578426361084,85.77246856689453,25.51643943786621,67.91617584228516,68.79248809814453,218.43209838867188,43.12440872192383,60.97439956665039
2017-09-25,17.052642822265625,,,29.773733139038086,84.96797180175781,25.48224639892578,67.98667907714844,68.79248809814453,217.98545837402344,43.115848541259766,61.093387603759766
2017-09-26,16.98325538635254,,,29.802705764770508,84.99154663085938,25.456602096557617,68.06636047363281,68.88407897949219,218.1168670654297,43.08059310913086,61.2681770324707
2017-09-27,16.78375816345215,,,29.78339195251465,86.10653686523438,25.49934196472168,68.29651641845703,68.9800033569336,218.9662322998047,43.09778594970703,61.651329040527344
2017-09-28,16.723041534423828,,,29.725448608398438,86.1971664428711,25.490795135498047,68.2256851196289,68.96255493164062,219.22891235351562,43.15797805786133,61.587467193603516
2017-09-29,16.679672241210938,,,29.754419326782227,86.73204040527344,25.542083740234375,68.28766632080078,69.20679473876953,219.99957275390625,43.28696823120117,61.715179443359375
2017-10-02,16.714366912841797,,,29.86065101623535,87.08552551269531,25.56772804260254,68.67716217041016,69.58181762695312,220.95404052734375,43.424556732177734,62.27389907836914
2017-10-03,16.627628326416016,,,29.84133529663086,87.35747528076172,25.65321159362793,68.8453598022461,69.67774200439453,221.42691040039062,43.501953125,62.60913848876953
2017-10-04,16.67099952697754,,,29.889623641967773,87.3846664428711,25.644662857055664,68.96931457519531,69.79987335205078,221.68966674804688,43.596527099609375,62.569244384765625
2017-10-05,16.697019577026367,,,29.81236457824707,87.91950225830078,25.65321159362793,69.403076171875,70.02661895751953,223.00315856933594,43.74269485473633,62.88850784301758
2017-10-06,16.697019577026367,,,29.706132888793945,88.01013946533203,25.66175651550293,69.27027893066406,69.93939971923828,222.74917602539062,43.6825065612793,62.73683166503906
2017-10-09,16.740386962890625,,,29.599899291992188,87.9013442993164,25.65321159362793,69.34110260009766,69.78242492675781,222.38140869140625,43.587921142578125,62.63307189941406
2017-10-10,16.697019577026367,,,29.706132888793945,88.06451416015625,25.670307159423828,69.63323211669922,69.87836456298828,222.96810913085938,43.69972610473633,62.92042922973633
2017-10-11,16.74906349182129,,,29.706132888793945,88.18235778808594,25.670307159423828,69.80143737792969,69.93939971923828,223.3184051513672,43.7771110534668,62.960330963134766
2017-10-12,16.82712745666504,,,29.744760513305664,87.91950225830078,25.687400817871094,69.81027221679688,70.09640502929688,222.9856719970703,43.84589767456055,62.665016174316406
2017-10-13,16.835798263549805,,,29.78339195251465,88.10983276367188,25.738693237304688,69.85454559326172,70.16617584228516,223.25711059570312,43.88029861450195,62.872535705566406
2017-10-16,16.835798263549805,,,29.754419326782227,88.59934997558594,25.747241973876953,69.83683776855469,70.16617584228516,223.55484008789062,43.83730697631836,62.912445068359375
2017-10-17,16.879165649414062,,,29.754419326782227,88.63561248779297,25.71304702758789,69.92536926269531,70.16617584228516,223.7124786376953,43.94048309326172,62.912445068359375
2017-10-18,16.879165649414062,,,29.802705764770508,88.86222076416016,25.747241973876953,70.01388549804688,70.26209259033203,223.93136596679688,43.957698822021484,63.024192810058594
2017-10-19,16.835798263549805,,,29.81236457824707,89.13418579101562,25.678857803344727,70.12897491455078,70.36676025390625,223.99270629882812,44.164066314697266,62.960330963134766
2017-10-20,16.853147506713867,,,29.87030792236328,90.05875396728516,25.721595764160156,70.44766235351562,70.75923919677734,225.14859008789062,44.31883239746094,63.38338088989258
2017-10-23,16.94856071472168,,,29.81236457824707,89.868408203125,25.71304702758789,70.33256530761719,70.66329193115234,224.27288818359375,44.284446716308594,63.343467712402344
2017-10-24,16.757736206054688,,,29.908937454223633,90.38511657714844,25.721595764160156,70.35914611816406,70.65457153320312,224.66693115234375,44.18125915527344,63.614845275878906
2017-10-25,16.870494842529297,,,29.84133529663086,89.84122467041016,25.678857803344727,70.16439056396484,70.35807037353516,223.55484008789062,44.12105178833008,63.183834075927734
2017-10-26,16.801105499267578,,,29.754419326782227,90.00440216064453,25.678857803344727,70.27946472167969,70.55863952636719,223.8437957763672,44.13825988769531,63.29557418823242
2017-10-27,16.697019577026367,,,29.918594360351562,91.11029815673828,25.721595764160156,70.44766235351562,70.5324935913086,225.67401123046875,44.33604049682617,63.43922805786133
2017-10-30,16.757736206054688,,,29.89927864074707,90.85648345947266,25.76433563232422,70.2175064086914,70.20104217529297,224.83335876464844,44.086673736572266,63.2237548828125
2017-10-31,16.792430877685547,,,29.957223892211914,91.1012191772461,25.755788803100586,70.27946472167969,70.35807037353516,225.18362426757812,44.129661560058594,63.327491760253906
2017-11-01,16.792430877685547,,,29.937910079956055,90.89273071289062,25.789981842041016,70.31484985351562,70.38421630859375,225.48133850097656,44.086673736572266,63.5110969543457
2017-11-02,16.792430877685547,,,29.986194610595703,91.24629211425781,25.772886276245117,70.44766235351562,70.36676025390625,225.56895446777344,44.198455810546875,63.622833251953125
2017-11-03,16.792430877685547,,,29.937910079956055,91.69042205810547,25.807079315185547,70.57160949707031,70.48014831542969,226.32203674316406,44.25004196166992,63.76650619506836
2017-11-06,16.792430877685547,,,29.89927864074707,91.8354721069336,25.798532485961914,70.66011047363281,70.65457153320312,226.67233276367188,44.164066314697266,63.88621139526367
2017-11-07,16.905189514160156,,,29.744760513305664,91.57260131835938,25.789981842041016,70.55387115478516,70.57608795166016,226.51466369628906,44.35322570800781,63.68669128417969
2017-11-08,17.026622772216797,,,29.667503356933594,91.52730560302734,25.81562614440918,70.80177307128906,70.73307800292969,226.89991760253906,44.48221206665039,63.838348388671875
2017-11-09,17.096012115478516,,,29.54195785522461,90.82928466796875,25.73014259338379,70.53618621826172,70.59352111816406,226.07688903808594,44.396244049072266,63.65473175048828
2017-11-10,17.000600814819336,,,29.754419326782227,91.09214782714844,25.704500198364258,70.62471771240234,70.47142791748047,226.00677490234375,44.35322570800781,63.73457717895508
2017-11-13,17.000600814819336,,,29.696475982666016,91.31877136230469,25.704500198364258,70.6866683959961,70.7243423461914,226.2169189453125,44.499412536621094,63.782470703125
2017-11-14,17.07866859436035,,,29.725448608398438,91.1646957397461,25.66175651550293,70.7132568359375,70.69818115234375,225.6914825439453,44.58539962768555,63.50309371948242
2017-11-15,17.182748794555664,,,29.686817169189453,90.85648345947266,25.670307159423828,70.29716491699219,70.55863952636719,224.5618896484375,44.284446716308594,63.26364517211914
2017-11-16,17.182748794555664,,,29.754419326782227,91.7176284790039,25.738693237304688,70.82832336425781,71.0296401977539,226.4709014892578,44.56822204589844,64.18155670166016
2017-11-17,17.182748794555664,,,29.831676483154297,91.38223266601562,25.71304702758789,70.83715057373047,71.0296401977539,225.8053436279297,44.413421630859375,64.10174560546875
2017-11-20,16.78375816345215,,,29.831676483154297,91.81735229492188,25.738693237304688,70.96996307373047,71.12557983398438,226.190673828125,44.44782257080078,64.32522583007812
2017-11-21,16.78375816345215,,,29.78339195251465,92.50630187988281,25.81562614440918,71.4125747680664,71.36104583740234,227.6705780029297,44.705787658691406,64.6844253540039
2017-11-22,16.792430877685547,,,29.889623641967773,92.12554168701172,25.884014129638672,71.26207733154297,71.26512145996094,227.46917724609375,44.576812744140625,64.69236755371094
2017-11-24,16.792430877685547,,,29.87030792236328,92.29778289794922,25.884014129638672,71.38601684570312,71.3523178100586,227.99459838867188,44.67998504638672,64.70034790039062
2017-11-27,16.809778213500977,,,29.735105514526367,92.11649322509766,25.875463485717773,71.36833953857422,71.43953704833984,227.8807830810547,44.774574279785156,64.45292663574219
2017-11-28,16.697019577026367,,,29.773733139038086,93.24053955078125,25.943849563598633,72.1384506225586,72.15473175048828,230.19256591796875,45.10993957519531,65.22716522216797
2017-11-29,16.601606369018555,,,29.793048858642578,92.75102233886719,25.884014129638672,72.27124786376953,72.47740936279297,230.05245971679688,45.19593048095703,65.59432220458984
2017-11-30,16.61028289794922,,,29.822019577026367,93.6484375,25.909658432006836,72.81126403808594,72.89604949951172,232.06655883789062,45.48828887939453,65.96148681640625
2017-12-01,16.731714248657227,,,29.773733139038086,93.06829833984375,25.866914749145508,72.83780670166016,72.80011749267578,231.5849151611328,45.44529724121094,65.7938461303711
2017-12-04,16.705692291259766,,,29.87030792236328,91.89893341064453,25.84981918334961,72.89092254638672,73.00945281982422,231.30470275878906,45.32491683959961,66.10517120361328
2017-12-05,16.801105499267578,,,29.744760513305664,91.80829620361328,25.841270446777344,72.70500946044922,72.45125579833984,230.4727783203125,45.17872619628906,65.71405029296875
2017-12-06,16.78375816345215,,,29.638530731201172,92.01677703857422,25.81562614440918,72.6607666015625,72.34660339355469,230.5165252685547,45.213134765625,65.54643249511719
2017-12-07,16.697019577026367,,,29.686817169189453,92.61505126953125,25.841270446777344,72.94403839111328,72.62570190429688,231.24342346191406,45.256134033203125,65.80186462402344
2017-12-08,16.697019577026367,,,29.6578426361084,93.1498794555664,25.875463485717773,73.2804183959961,72.89604949951172,232.50437927246094,45.44529724121094,66.29672241210938
2017-12-11,16.697019577026367,,,29.715789794921875,93.24959564208984,25.875463485717773,73.41322326660156,72.9745864868164,233.20498657226562,45.496891021728516,66.62397766113281
2017-12-12,16.714366912841797,,,29.715789794921875,93.3221206665039,25.884014129638672,73.4486312866211,73.13153839111328,233.6165008544922,45.514095306396484,66.63196563720703
2017-12-13,16.740386962890625,,,29.599899291992188,93.2586669921875,25.9267520904541,73.48403930664062,73.05304718017578,233.5902862548828,45.6000862121582,66.56808471679688
2017-12-14,16.78375816345215,,,29.532299041748047,92.78728485107422,25.901107788085938,73.18304443359375,72.5907974243164,232.63571166992188,45.402305603027344,66.11312866210938
2017-12-15,16.82712745666504,,,29.60955810546875,93.82067108154297,25.909658432006836,73.73191833496094,73.14900970458984,234.5729522705078,45.81504821777344,66.75167083740234
2017-12-18,16.714366912841797,,,29.773733139038086,94.55491638183594,26.012237548828125,74.1745376586914,73.55890655517578,236.06051635742188,45.89244079589844,67.5578384399414
2017-12-19,16.61028289794922,,,29.86065101623535,94.21044158935547,25.943849563598633,74.03292083740234,73.34959411621094,235.15394592285156,45.63447189331055,67.35829162597656
2017-12-20,16.540889739990234,,,29.937910079956055,94.19232940673828,25.901107788085938,74.00635528564453,73.23621368408203,235.03065490722656,45.52269744873047,67.5578384399414
2017-12-21,16.402109146118164,,,30.04414176940918,94.11775207519531,25.986589431762695,73.9601058959961,73.14958190917969,235.5147705078125,45.49332046508789,67.67096710205078
2017-12-22,16.402109146118164,,,29.976539611816406,94.09960174560547,25.99513816833496,73.90674591064453,73.28083038330078,235.45323181152344,45.51059341430664,67.61480712890625
2017-12-26,16.506196975708008,,,29.908937454223633,93.8541030883789,25.986589431762695,73.92451477050781,73.29833984375,235.17149353027344,45.519222259521484,67.4543228149414
2017-12-27,16.566913604736328,,,29.937910079956055,94.09960174560547,26.029333114624023,74.00455474853516,73.34209442138672,235.2859344482422,45.63154220581055,67.35804748535156
2017-12-28,16.549564361572266,,,29.937910079956055,94.29053497314453,26.046428680419922,74.09349060058594,73.4120864868164,235.77000427246094,45.70064926147461,67.50247192382812
2017-12-29,16.723041534423828,,,29.986194610595703,93.76319122314453,26.020780563354492,73.72000885009766,73.38585662841797,234.8810577392578,45.59699249267578,67.0932846069336
2018-01-02,16.532217025756836,,,30.111743927001953,94.49962615966797,26.114810943603516,74.05790710449219,73.38585662841797,236.5621795654297,45.5797119140625,67.98390197753906
2018-01-03,16.43680763244629,,,30.237289428710938,95.4451904296875,26.174652099609375,74.58257293701172,73.71832275390625,238.05841064453125,45.67473220825195,68.06415557861328
2018-01-04,16.43680763244629,,,30.189001083374023,96.24523162841797,26.234487533569336,74.92051696777344,73.8495864868164,239.06173706054688,45.85615921020508,68.44125366210938
2018-01-05,16.37609100341797,,,30.198657989501953,97.0180435180664,26.294326782226562,75.40961456298828,74.44458770751953,240.65496826171875,46.08940887451172,68.7541732788086
2018-01-08,16.37609100341797,,,30.227628707885742,97.29080200195312,26.311424255371094,75.64080047607422,74.56708526611328,241.09507751464844,46.16716384887695,68.89057922363281
2018-01-09,16.324045181274414,,,30.29523468017578,97.65444946289062,26.302875518798828,75.87203216552734,74.74208068847656,241.6407470703125,46.193084716796875,68.88253784179688
2018-01-10,16.219961166381836,,,30.353178024291992,97.55445861816406,26.251585006713867,75.729736328125,74.38335418701172,241.27105712890625,45.96845245361328,68.89057922363281
2018-01-11,16.072507858276367,,,30.430437088012695,98.21813201904297,26.328519821166992,76.12992858886719,74.9958267211914,243.03143310546875,46.10668182373047,69.74105072021484
2018-01-12,15.916379928588867,,,30.498037338256836,99.15460968017578,26.43964385986328,76.68124389648438,75.2058334350586,244.6156463623047,46.24489974975586,70.27062225341797
2018-01-16,16.04648780822754,,,30.38214874267578,98.9364013671875,26.40545082092285,76.41445922851562,74.80332946777344,243.77957153320312,46.210350036621094,70.0058364868164
2018-01-17,16.098529815673828,,,30.488380432128906,100.5820083618164,26.473838806152344,77.4815902709961,75.66958618164062,246.10316467285156,46.64230728149414,70.67981719970703
2018-01-18,16.063833236694336,,,30.546323776245117,100.472900390625,26.41400146484375,77.25927734375,75.32831573486328,245.6895294189453,46.55592346191406,70.5995864868164
2018-01-19,16.063833236694336,,,30.758787155151367,101.06385803222656,26.48238754272461,77.74835968017578,75.87956237792969,246.80728149414062,46.754615783691406,70.76006317138672
2018-01-22,16.037809371948242,,,30.671871185302734,101.68209838867188,26.567867279052734,78.15741729736328,76.17706298828125,248.8141632080078,47.0483512878418,71.2735595703125
2018-01-23,16.037809371948242,,,30.59461212158203,101.80940246582031,26.593515396118164,78.17521667480469,76.55331420898438,249.3420867919922,47.1260986328125,71.28963470458984
2018-01-24,16.037809371948242,,,30.768444061279297,101.58210754394531,26.602062225341797,77.9706802368164,76.54454803466797,249.24534606933594,47.15202331542969,71.08098602294922
2018-01-25,16.159244537353516,,,30.768444061279297,101.80940246582031,26.602062225341797,77.98844146728516,76.64083862304688,249.35092163085938,47.385276794433594,70.72796630859375
2018-01-26,16.133224487304688,,,30.710500717163086,103.24589538574219,26.71319007873535,78.79768371582031,77.15705871582031,252.23788452148438,47.78266906738281,71.72286987304688
2018-01-29,16.037809371948242,,,30.633241653442383,102.46399688720703,26.61060905456543,78.10407257080078,76.98207092285156,250.56561279296875,47.41982650756836,71.35382080078125
2018-01-30,16.115875244140625,,,30.478723526000977,100.89111328125,26.49948501586914,77.2681655883789,76.08956909179688,247.99545288085938,47.14337158203125,70.27062225341797
2018-01-31,16.176591873168945,,,30.449752807617188,101.47297668457031,26.542224884033203,77.09030151367188,75.9233169555664,248.1186981201172,47.18656921386719,70.02188873291016
2018-02-01,16.176591873168945,,,30.58495330810547,101.37297821044922,26.473838806152344,77.15254974365234,76.05455017089844,247.8371124267578,47.0569953918457,69.88548278808594
2018-02-02,16.159244537353516,,,30.39180564880371,99.03641510009766,26.328519821166992,75.56076049804688,74.75958251953125,242.44168090820312,46.270835876464844,68.06415557861328
2018-02-05,16.324045181274414,,,30.024826049804688,94.7996597290039,26.037879943847656,72.6706771850586,72.16084289550781,232.3021240234375,44.60350799560547,65.44843292236328
2018-02-06,16.254655838012695,,,30.227628707885742,97.0998764038086,26.174652099609375,73.80001068115234,72.64208984375,236.8789825439453,44.88856887817383,66.98896026611328
2018-02-07,16.176591873168945,,,30.16968536376953,96.77256774902344,26.054975509643555,73.53325653076172,73.04458618164062,235.59400939941406,44.75035858154297,66.8846664428711
2018-02-08,16.350069046020508,,,30.034482955932617,92.6812744140625,25.83272361755371,70.98106384277344,71.28585815429688,226.75714111328125,43.40266799926758,64.3973388671875
2018-02-09,16.34139633178711,,,30.06345558166504,94.52689361572266,25.866914749145508,72.14601135253906,71.58332824707031,230.16339111328125,44.11970901489258,65.18365478515625
2018-02-12,16.34139633178711,,,30.08277130126953,96.1816177368164,25.99513816833496,73.00859069824219,71.97710418701172,233.543212890625,44.55165481567383,66.16254425048828
2018-02-13,16.298025131225586,,,30.10208511352539,96.5998306274414,25.986589431762695,73.27534484863281,72.0733642578125,234.12411499023438,44.68987274169922,66.41930389404297
2018-02-14,16.185266494750977,,,30.189001083374023,98.37271881103516,26.06352424621582,74.23577117919922,71.95085906982422,237.283935546875,45.06135940551758,67.42222595214844
2018-02-15,16.28067970275879,,,30.227628707885742,99.59100341796875,26.225940704345703,75.15170288085938,73.77960968017578,240.3117218017578,45.62289810180664,68.08821105957031
2018-02-16,16.254655838012695,,,30.217973709106445,99.4909896850586,26.217391967773438,75.19615173339844,74.07707214355469,240.3820343017578,45.76976776123047,68.07215118408203
2018-02-20,16.219961166381836,,,30.28557586669922,99.47281646728516,26.18320083618164,74.7782211303711,73.37709045410156,238.87705993652344,45.30325698852539,67.52655029296875
2018-02-21,16.133224487304688,,,30.26626205444336,99.0000228881836,26.131912231445312,74.28911590576172,73.92835235595703,237.68881225585938,44.99225997924805,67.11734771728516
2018-02-22,16.176591873168945,,,30.27591896057129,99.16368865966797,26.131912231445312,74.3157958984375,72.95709228515625,237.996826171875,45.03545379638672,67.20560455322266
2018-02-23,16.176591873168945,,,30.189001083374023,100.71839904785156,26.260133743286133,75.52520751953125,73.8495864868164,241.7904510498047,45.67473220825195,68.31285858154297
2018-02-26,16.176591873168945,,,30.246946334838867,101.90029907226562,26.34561538696289,76.3788833618164,74.64586639404297,244.59805297851562,46.08077621459961,69.19547271728516
2018-02-27,16.04648780822754,,,29.744760513305664,100.94566345214844,26.251585006713867,75.52520751953125,73.87583923339844,241.5438690185547,45.54515075683594,68.41716766357422
2018-02-28,16.202613830566406,,,29.78339195251465,99.99103546142578,26.18320083618164,74.84935760498047,72.94835662841797,239.09706115722656,45.18230438232422,67.71109771728516
2018-03-01,16.263330459594727,,,29.773733139038086,98.19996643066406,26.072072982788086,73.8978500366211,72.1170883178711,235.6204071044922,44.68125534057617,66.78836822509766
2018-03-02,16.254655838012695,,,29.976539611816406,98.5181884765625,26.08062171936035,74.35137176513672,72.14334869384766,236.83497619628906,44.9058723449707,67.1333999633789
2018-03-05,16.237308502197266,,,29.947566986083984,99.6910171508789,26.131912231445312,75.0716552734375,73.43834686279297,239.5723419189453,45.415557861328125,67.8314437866211
2018-03-06,16.176591873168945,,,30.04414176940918,99.98194122314453,26.174652099609375,75.42737579345703,73.70083618164062,240.1796112060547,45.47603225708008,68.08016967773438
2018-03-07,16.202613830566406,,,30.06345558166504,100.21834564208984,26.208847045898438,75.32954406738281,73.83208465576172,240.091552734375,45.501949310302734,67.89566802978516
2018-03-08,16.202613830566406,,,30.015167236328125,100.65473937988281,26.225940704345703,75.80086517333984,74.01581573486328,241.25343322753906,45.761131286621094,68.0400619506836
2018-03-09,16.089855194091797,,,30.034482955932617,102.62763214111328,26.337066650390625,77.07250213623047,75.00460052490234,245.45187377929688,46.296749114990234,69.17138671875
2018-03-12,16.124549865722656,,,29.957223892211914,102.56402587890625,26.354162216186523,77.06365203857422,74.97834014892578,245.14370727539062,46.17579650878906,69.17939758300781
2018-03-13,16.115875244140625,,,29.84133529663086,101.79122161865234,26.311424255371094,76.69905853271484,74.75958251953125,243.55950927734375,46.123966217041016,68.98686981201172
2018-03-14,16.115875244140625,,,29.84133529663086,101.24568939208984,26.302875518798828,76.17436981201172,74.3395767211914,242.30966186523438,45.92527389526367,68.50542449951172
2018-03-15,16.298025131225586,,,29.84133529663086,101.33660888671875,26.328519821166992,76.19214630126953,74.21708679199219,242.04563903808594,45.88207244873047,68.32892608642578
2018-03-16,16.298025131225586,,,29.735105514526367,101.45481872558594,26.285778045654297,76.3788833618164,74.71582794189453,242.3080596923828,46.01166534423828,68.64185333251953
2018-03-19,16.306699752807617,,,29.696475982666016,100.3001480102539,26.208847045898438,75.40961456298828,74.1995849609375,239.029541015625,45.6488151550293,67.76727294921875
2018-03-20,16.306699752807617,,,29.706132888793945,101.06385803222656,26.225940704345703,75.72085571289062,74.01581573486328,239.43609619140625,45.70064926147461,67.87157440185547
2018-03-21,16.167917251586914,,,29.754419326782227,100.70930480957031,26.208847045898438,75.59635162353516,74.06835174560547,238.97654724121094,45.49332046508789,67.75120544433594
2018-03-22,16.410783767700195,,,29.715789794921875,97.41356658935547,26.029333114624023,73.63751220703125,72.67991638183594,233.00279235839844,44.64724349975586,66.156982421875
2018-03-23,16.575586318969727,,,29.725448608398438,94.9709243774414,25.824172973632812,71.99397277832031,71.37137603759766,228.0364227294922,43.99638748168945,64.52728271484375
2018-03-26,16.43680763244629,,,29.822019577026367,98.19740295410156,26.054975509643555,74.03053283691406,72.43399047851562,234.27529907226562,44.87284469604492,66.43130493164062
2018-03-27,16.636302947998047,,,29.706132888793945,95.57247924804688,25.978042602539062,72.93184661865234,71.52945709228516,230.2898712158203,44.49970245361328,65.34213256835938
2018-03-28,16.809778213500977,,,29.764076232910156,94.98915100097656,25.9267520904541,72.8067855834961,71.94222259521484,229.609375,44.62119674682617,65.24532318115234
2018-03-29,16.809778213500977,,,29.686817169189453,96.5385971069336,26.054975509643555,73.87866973876953,72.75894165039062,232.54331970214844,45.06377410888672,66.1731185913086
2018-04-02,16.896516799926758,,,29.60955810546875,93.49442291259766,25.909658432006836,72.11009979248047,71.23087310791016,227.52391052246094,44.30880355834961,64.6805648803711
2018-04-03,16.818452835083008,,,29.62887191772461,94.59725189208984,25.978042602539062,73.12838745117188,71.7841567993164,230.44007873535156,44.78607177734375,65.64063262939453
2018-04-04,16.94856071472168,,,29.62887191772461,95.6909408569336,26.00368881225586,74.0394515991211,71.95097351074219,232.90554809570312,45.24600601196289,66.42323303222656
2018-04-05,16.705692291259766,,,29.464696884155273,96.5112533569336,26.054975509643555,74.37886047363281,73.0750961303711,234.74366760253906,45.46295166015625,66.81047821044922
2018-04-06,16.931211471557617,,,29.281206130981445,93.9865951538086,25.909658432006836,72.69961547851562,71.21331024169922,229.51220703125,44.68193817138672,65.40668487548828
2018-04-09,16.896516799926758,,,29.290864944458008,94.37849426269531,25.986589431762695,72.87825775146484,72.38131713867188,230.6433563232422,44.838134765625,65.61642456054688
2018-04-10,16.723041534423828,,,29.43572425842285,96.50213623046875,26.089168548583984,74.11985778808594,72.58329772949219,234.31057739257812,45.26335525512695,66.80242156982422
2018-04-11,16.757736206054688,,,29.522642135620117,95.80943298339844,26.072072982788086,73.67322540283203,72.3461685180664,233.0823211669922,45.05508804321289,66.46356201171875
2018-04-12,16.662322998046875,,,29.62887191772461,97.32239532470703,26.157556533813477,74.17343139648438,72.77650451660156,234.99990844726562,45.1331787109375,67.17353820800781
2018-04-13,16.592931747436523,,,29.61921501159668,96.35629272460938,26.140457153320312,73.89653015136719,72.42520904541016,234.31057739257812,45.159210205078125,66.91539001464844
2018-04-16,16.697019577026367,,,29.638530731201172,97.02165985107422,26.149005889892578,74.47713470458984,73.22438049316406,236.2371063232422,45.619136810302734,67.55274963378906
2018-04-17,16.697019577026367,,,29.725448608398438,98.63488006591797,26.217391967773438,75.10240173339844,73.86546325683594,238.7644500732422,46.009647369384766,68.04489135742188
2018-04-18,16.697019577026367,,,29.764076232910156,98.86273193359375,26.225940704345703,74.83441162109375,73.97086334228516,238.941162109375,45.99229431152344,68.19010925292969
2018-04-19,16.697019577026367,,,29.580585479736328,98.67135620117188,26.140457153320312,73.97692108154297,73.32097625732422,237.6156463623047,45.66253662109375,67.52047729492188
2018-04-20,16.618955612182617,,,29.580585479736328,98.02421569824219,26.046428680419922,73.33380889892578,72.9697265625,235.6009063720703,45.33278274536133,66.84276580810547
2018-04-23,16.618955612182617,,,29.532299041748047,97.7598876953125,26.020780563354492,73.25341033935547,72.98726654052734,235.5654754638672,45.393516540527344,66.91539001464844
2018-04-24,16.61028289794922,,,29.61921501159668,95.99175262451172,25.943849563598633,72.39590454101562,72.16175842285156,232.39306640625,45.00302505493164,66.39095306396484
2018-04-25,16.61028289794922,,,29.6578426361084,96.13758087158203,25.909658432006836,72.52096557617188,72.38131713867188,232.96746826171875,45.00302505493164,66.7620849609375
2018-04-26,16.662322998046875,,,29.61921501159668,97.68700408935547,25.986589431762695,73.2712631225586,72.92578125,235.3357391357422,45.393516540527344,67.04447174072266
2018-04-27,16.723041534423828,,,29.6578426361084,97.74166870117188,26.037879943847656,73.3695297241211,73.00483703613281,235.556640625,45.43690490722656,67.02832794189453
2018-04-30,16.78375816345215,,,29.725448608398438,97.02165985107422,25.986589431762695,72.91397857666016,72.70624542236328,233.7451171875,45.159210205078125,66.43130493164062
2018-05-01,16.78375816345215,,,29.744760513305664,97.6231689453125,25.978042602539062,72.94970703125,72.38131713867188,234.16041564941406,45.08979034423828,66.46356201171875
2018-05-02,16.679672241210938,,,29.715789794921875,96.7573471069336,25.943849563598633,72.70854949951172,72.18810272216797,232.58741760253906,44.64724349975586,66.09243774414062
2018-05-03,16.679672241210938,,,29.503326416015625,96.9669418334961,25.91820526123047,72.7264175415039,71.66997528076172,232.0749053955078,44.66458511352539,65.7052001953125
2018-05-04,16.792430877685547,,,29.426067352294922,97.9877700805664,25.986589431762695,73.61963653564453,72.53939819335938,235.07948303222656,45.14186477661133,66.55233001708984
2018-05-07,16.74906349182129,,,29.4840145111084,98.7715835571289,26.046428680419922,73.78933715820312,72.55694580078125,235.8748321533203,45.17657470703125,66.57653045654297
2018-05-08,16.723041534423828,,,29.38743782043457,99.19088745117188,26.06352424621582,73.86975860595703,72.49546813964844,235.8748321533203,45.1158332824707,66.64911651611328
2018-05-09,16.697019577026367,,,29.41640853881836,100.49417877197266,26.114810943603516,74.49497985839844,72.99603271484375,238.15472412109375,45.30674362182617,67.189697265625
2018-05-10,16.575586318969727,,,29.35846519470215,101.18687438964844,26.174652099609375,75.09346008300781,73.45272064208984,240.38160705566406,45.74930953979492,67.85127258300781
2018-05-11,16.601606369018555,,,29.31983757019043,101.25981140136719,26.217391967773438,75.29890441894531,73.58445739746094,241.1150665283203,45.84476852416992,68.0529556274414
2018-05-14,16.471500396728516,,,29.522642135620117,101.27799987792969,26.200294494628906,75.218505859375,73.90059661865234,241.22988891601562,45.74930953979492,68.23854064941406
2018-05-15,16.462827682495117,,,29.474353790283203,100.63091278076172,26.089168548583984,74.72723388671875,73.04875946044922,239.568603515625,45.42823028564453,68.03681182861328
2018-05-16,16.462827682495117,,,29.474353790283203,101.05016326904297,26.149005889892578,75.12020874023438,73.26830291748047,240.57598876953125,45.49766159057617,68.61773681640625
2018-05-17,16.462827682495117,,,29.6481876373291,100.79496002197266,26.149005889892578,75.20063781738281,73.46150970458984,240.3727264404297,45.393516540527344,68.61773681640625
2018-05-18,16.306699752807617,,,29.580585479736328,100.63091278076172,26.123361587524414,75.05772399902344,73.3912353515625,239.7718505859375,45.37615966796875,68.1659164428711
2018-05-21,16.28067970275879,,,29.638530731201172,101.6243667602539,26.174652099609375,75.45075988769531,73.95326232910156,241.57460021972656,45.67988586425781,68.71450805664062
2018-05-22,16.211286544799805,,,29.706132888793945,101.22335052490234,26.157556533813477,75.20063781738281,73.74251556396484,240.90293884277344,45.46295166015625,68.62576293945312
2018-05-23,16.211286544799805,,,29.590242385864258,101.65171813964844,26.16610336303711,75.51327514648438,73.82157135009766,241.5657501220703,45.714599609375,68.56124114990234
2018-05-24,16.514869689941406,,,29.6578426361084,101.5970230102539,26.16610336303711,75.48646545410156,73.78642272949219,241.0708770751953,45.69724655151367,68.49669647216797
2018-05-25,16.575586318969727,,,29.793048858642578,101.30535888671875,26.18320083618164,75.2542495727539,73.76008605957031,240.4965057373047,45.67988586425781,68.24658203125
2018-05-29,16.697019577026367,,,29.744760513305664,100.02022552490234,26.114810943603516,74.51286315917969,73.02239990234375,237.73052978515625,45.40220260620117,67.43173217773438
2018-05-30,16.679672241210938,,,29.764076232910156,101.3782958984375,26.18320083618164,75.48646545410156,73.91818237304688,240.90293884277344,45.957576751708984,68.17396545410156
2018-05-31,16.723041534423828,,,29.677160263061523,100.36663055419922,26.157556533813477,74.87908172607422,73.21561431884766,239.42727661132812,45.61046600341797,67.74635314941406
2018-06-01,16.688344955444336,,,29.696475982666016,101.96160888671875,26.208847045898438,75.70085144042969,73.8127670288086,241.77780151367188,45.818729400634766,68.52897644042969
2018-06-04,16.67099952697754,,,29.667503356933594,102.69073486328125,26.225940704345703,76.1563949584961,74.0147476196289,242.92665100097656,46.05302429199219,68.8597412109375
2018-06-05,16.67099952697754,,,29.667503356933594,103.17378234863281,26.251585006713867,76.27250671386719,74.08500671386719,243.10337829589844,46.035682678222656,68.99689483642578
2018-06-06,16.523544311523438,,,29.677160263061523,104.16724395751953,26.31997299194336,76.95135498046875,74.54167938232422,245.1358642578125,46.278663635253906,69.5777816772461
2018-06-07,16.523544311523438,,,29.725448608398438,103.26495361328125,26.294326782226562,76.87098693847656,74.69098663330078,245.10934448242188,46.313358306884766,69.7229995727539
2018-06-08,16.523544311523438,,,29.696475982666016,103.61128997802734,26.302875518798828,77.10321807861328,75.03348541259766,245.8340301513672,46.54766845703125,69.82789611816406
2018-06-11,16.462827682495117,,,29.638530731201172,103.52014923095703,26.328519821166992,76.99602508544922,75.13009643554688,246.16087341308594,46.53898620605469,69.98925018310547
2018-06-12,16.644975662231445,,,29.6481876373291,103.81178283691406,26.337066650390625,77.11215209960938,75.2793960571289,246.4790496826172,46.62578201293945,69.94084167480469
2018-06-13,16.697019577026367,,,29.773733139038086,103.78443908691406,26.294326782226562,76.67444610595703,74.96322631835938,245.6926727294922,46.41749572753906,69.66651916503906
2018-06-14,16.697019577026367,,,29.773733139038086,104.22193145751953,26.294326782226562,76.77271270751953,75.17399597167969,246.3111572265625,46.59104919433594,69.6423110961914
2018-06-15,16.82712745666504,,,29.735105514526367,103.93029022216797,26.260133743286133,76.90670776367188,74.98075866699219,245.99697875976562,46.747257232666016,69.53746032714844
2018-06-18,16.801105499267578,,,29.715789794921875,104.03966522216797,26.251585006713867,76.67444610595703,75.13885498046875,245.490966796875,46.58237838745117,69.3196029663086
2018-06-19,16.922534942626953,,,29.773733139038086,103.3560791015625,26.191747665405273,76.37970733642578,74.9281005859375,244.55003356933594,46.512943267822266,68.9323501586914
2018-06-20,16.853147506713867,,,29.802705764770508,103.92118072509766,26.191747665405273,76.29931640625,75.04224395751953,244.96734619140625,46.48691940307617,69.04529571533203
2018-06-21,16.853147506713867,,,29.735105514526367,102.96417236328125,26.09771728515625,75.7187271118164,74.6031723022461,243.43165588378906,46.356754302978516,68.55316925048828
2018-06-22,16.991928100585938,,,29.754419326782227,102.216796875,26.131912231445312,75.77230072021484,75.02470397949219,243.8754425048828,46.52163314819336,68.53701782226562
2018-06-25,17.226119995117188,,,29.677160263061523,99.91999816894531,25.969491958618164,74.8076171875,74.3221435546875,240.55563354492188,46.33940887451172,67.56080627441406
2018-06-26,17.226119995117188,,,29.599899291992188,100.38628387451172,26.020780563354492,74.89468383789062,74.46977233886719,241.08822631835938,46.29663848876953,67.6573486328125
2018-06-27,17.200098037719727,,,29.60955810546875,98.98745727539062,25.892560958862305,74.16787719726562,73.73605346679688,239.0910186767578,45.96508026123047,67.1299819946289
2018-06-28,17.416942596435547,,,29.667503356933594,100.10285949707031,25.9267520904541,74.69725036621094,74.07197570800781,240.4578857421875,46.30537033081055,67.19488525390625
2018-06-29,17.390920639038086,,,29.6578426361084,100.29485321044922,25.978042602539062,74.876708984375,74.50511932373047,240.8041229248047,46.38390350341797,67.02450561523438
2018-07-02,17.399593353271484,,,29.764076232910156,100.72453308105469,25.943849563598633,74.89468383789062,74.0189437866211,241.31893920898438,46.453712463378906,67.1705551147461
2018-07-03,17.399593353271484,,,29.86065101623535,99.90169525146484,25.943849563598633,74.77803039550781,74.18689727783203,240.4668731689453,46.47987365722656,66.80545806884766
2018-07-05,17.399593353271484,,,29.879966735839844,100.5782699584961,25.99513816833496,75.38815307617188,74.74381256103516,242.4285125732422,46.84634017944336,67.3977279663086
2018-07-06,17.399593353271484,,,29.908937454223633,101.49251556396484,26.09771728515625,76.0341796875,75.30074310302734,244.47906494140625,47.09065246582031,67.88453674316406
2018-07-09,17.139381408691406,,,29.966882705688477,102.65361785888672,26.149005889892578,76.64432525634766,75.601318359375,246.68043518066406,47.151729583740234,68.79322814941406
2018-07-10,17.243465423583984,,,29.918594360351562,102.90962982177734,26.16610336303711,76.93145751953125,75.9195556640625,247.5680694580078,47.41348648071289,68.95548248291016
2018-07-11,17.23479461669922,,,29.937910079956055,102.37023162841797,26.06352424621582,76.3751449584961,75.54826354980469,245.75726318359375,47.3175163269043,68.03055572509766
2018-07-12,17.23479461669922,,,29.986194610595703,103.7964859008789,26.140457153320312,76.99423217773438,75.92839050292969,247.98538208007812,47.62290573120117,68.56607055664062
2018-07-13,17.304183959960938,,,29.995853424072266,103.64103698730469,26.16610336303711,77.08399200439453,75.92839050292969,248.18060302734375,47.64034652709961,68.5498275756836
2018-07-16,17.27816390991211,,,29.976539611816406,103.70503997802734,26.140457153320312,76.73406219482422,75.68086242675781,247.95877075195312,47.500736236572266,68.4930419921875
2018-07-17,17.217445373535156,,,29.966882705688477,104.26274108886719,26.16610336303711,77.23651885986328,76.025634765625,248.96173095703125,47.657806396484375,68.6715316772461
2018-07-18,17.052642822265625,,,29.957223892211914,104.52789306640625,26.16610336303711,77.39801025390625,76.01679229736328,249.48545837402344,47.657806396484375,68.88248443603516
2018-07-19,17.286836624145508,,,29.908937454223633,103.81476593017578,26.149005889892578,77.25446319580078,76.1759262084961,248.54449462890625,47.6665153503418,68.72831726074219
2018-07-20,17.286836624145508,,,29.918594360351562,103.90618133544922,26.16610336303711,77.1019515991211,75.97260284423828,248.2604522705078,47.63161087036133,68.46869659423828
2018-07-23,17.286836624145508,,,29.986194610595703,104.09820556640625,26.157556533813477,77.09297943115234,75.9195556640625,248.72206115722656,47.553104400634766,68.63908386230469
2018-07-24,17.286836624145508,,,29.966882705688477,104.0158920288086,26.16610336303711,77.42494201660156,75.79579162597656,249.97361755371094,47.614166259765625,68.72020721435547
2018-07-25,17.27816390991211,,,29.966882705688477,105.40559387207031,26.260133743286133,78.20556640625,76.31737518310547,252.10406494140625,47.989376068115234,69.02851104736328
2018-07-26,17.252138137817383,,,30.140714645385742,105.08560180664062,26.26868438720703,78.14274597167969,76.6621322631836,251.50930786132812,48.05044174194336,69.26383972167969
2018-07-27,17.252138137817383,,,30.1600284576416,103.50391387939453,26.217391967773438,77.65823364257812,76.2554931640625,249.80506896972656,47.841033935546875,68.89060974121094
2018-07-30,17.23479461669922,,,30.150371551513672,101.68453216552734,26.16610336303711,77.13782501220703,75.9195556640625,248.50013732910156,47.56181716918945,69.03662109375
2018-07-31,17.260814666748047,,,30.227628707885742,102.05937194824219,26.208847045898438,77.65823364257812,76.47647857666016,249.72512817382812,47.91083526611328,69.31246948242188
2018-08-01,17.338878631591797,,,30.07311248779297,102.26964569091797,26.157556533813477,77.45186614990234,76.3792495727539,249.3079071044922,47.78867721557617,69.23946380615234
2018-08-02,17.338878631591797,,,30.189001083374023,103.33019256591797,26.157556533813477,77.72103881835938,76.4234390258789,250.6660614013672,47.97190856933594,69.6775894165039
2018-08-03,17.503681182861328,,,30.131057739257812,103.35762786865234,26.208847045898438,78.07992553710938,76.79472351074219,251.7401123046875,48.23366928100586,70.20498657226562
2018-08-06,17.40826988220215,,,30.04414176940918,103.89704132080078,26.191747665405273,78.32221221923828,77.02459716796875,252.6632843017578,48.36455154418945,70.3753433227539
2018-08-07,17.40826988220215,,,30.08277130126953,104.3907470703125,26.208847045898438,78.65419006347656,77.09528350830078,253.49777221679688,48.443084716796875,70.56195068359375
2018-08-08,17.312856674194336,,,30.208316802978516,104.57359313964844,26.208847045898438,78.55550384521484,76.98921966552734,253.39126586914062,48.443084716796875,70.58627319335938
2018-08-09,17.399593353271484,,,30.1600284576416,104.59190368652344,26.200294494628906,78.37603759765625,76.92735290527344,253.04493713378906,48.451805114746094,70.4483642578125
2018-08-10,17.399593353271484,,,30.111743927001953,104.07076263427734,26.149005889892578,77.87358093261719,76.52069091796875,251.3495330810547,48.28602600097656,69.87229919433594
2018-08-13,17.399593353271484,,,30.111743927001953,103.59532165527344,26.054975509643555,77.57748413085938,76.32620239257812,250.40872192382812,48.16387176513672,69.5234375
2018-08-14,17.503681182861328,,,30.150371551513672,104.32676696777344,26.072072982788086,78.10687255859375,76.67981719970703,252.00636291503906,48.43436050415039,70.02645111083984
2018-08-15,17.677154541015625,,,30.140714645385742,102.94620513916016,25.969491958618164,77.75694274902344,76.52069091796875,250.1246337890625,48.408180236816406,69.44229888916016
2018-08-16,17.659807205200195,,,30.179344177246094,103.71417999267578,26.029333114624023,78.37603759765625,77.00689697265625,252.1484375,48.78337097167969,70.30229949951172
2018-08-17,17.66848373413086,,,30.227628707885742,103.78733825683594,26.06352424621582,78.71700286865234,77.42237854003906,253.0360870361328,49.06257629394531,70.77288818359375
2018-08-20,17.633785247802734,,,30.304889678955078,104.33589172363281,26.123361587524414,79.0579605102539,77.78484344482422,253.57762145996094,49.14982986450195,71.097412109375
2018-08-21,17.555723190307617,,,30.29523468017578,104.67416381835938,26.191747665405273,79.2015380859375,77.92626190185547,254.17225646972656,49.06257629394531,71.39762115478516
2018-08-22,17.43429183959961,,,30.304889678955078,105.1221694946289,26.18320083618164,79.2015380859375,77.669921875,254.02134704589844,48.93169403076172,71.1623306274414
2018-08-23,17.43429183959961,,,30.32420539855957,105.25016784667969,26.157556533813477,79.22844696044922,77.35169982910156,253.68409729003906,48.940425872802734,70.91893005371094
2018-08-24,17.43429183959961,,,30.488380432128906,106.42041778564453,26.234487533569336,79.6591567993164,77.9085693359375,255.21083068847656,49.21963882446289,71.19477844238281
2018-08-27,17.260814666748047,,,30.440095901489258,107.28895568847656,26.328519821166992,80.17953491210938,78.09424591064453,257.225830078125,49.28070068359375,71.84385681152344
2018-08-28,17.286836624145508,,,30.478723526000977,107.4261245727539,26.302875518798828,80.16162109375,78.14727783203125,257.3500671386719,49.28070068359375,71.9817886352539
2018-08-29,17.382247924804688,,,30.478723526000977,108.35865783691406,26.337066650390625,80.6281967163086,78.54509735107422,258.73486328125,49.490116119384766,72.16029357910156
2018-08-30,17.382247924804688,,,30.420780181884766,107.8283920288086,26.251585006713867,80.26030731201172,78.05003356933594,257.68743896484375,49.289432525634766,71.86819458007812
2018-08-31,17.43429183959961,,,30.488380432128906,108.04779815673828,26.27722930908203,80.55640411376953,77.97933197021484,257.6962890625,49.376678466796875,71.81137084960938
2018-09-04,17.512353897094727,,,30.430437088012695,108.40434265136719,26.225940704345703,80.4666748046875,78.17378997802734,257.25244140625,49.35051345825195,71.67346954345703
2018-09-05,17.529701232910156,,,30.488380432128906,106.54841613769531,26.131912231445312,80.4666748046875,78.2622299194336,256.56011962890625,49.429046630859375,71.67346954345703
2018-09-06,17.677154541015625,,,30.449752807617188,106.6124267578125,26.10626792907715,80.36795043945312,78.218017578125,255.78785705566406,49.67334747314453,71.10553741455078
2018-09-07,17.6424617767334,,,30.39180564880371,106.30155944824219,26.046428680419922,80.08979797363281,77.91743469238281,255.2906951904297,49.507564544677734,70.83779907226562
2018-09-10,17.685829162597656,,,30.38214874267578,106.67640686035156,26.046428680419922,80.28724670410156,78.1826400756836,255.73455810546875,49.61228942871094,70.82157135009766
2018-09-11,17.66848373413086,,,30.39180564880371,107.24324035644531,26.08062171936035,80.47564697265625,78.38594055175781,256.5777587890625,49.66461944580078,70.93515014648438
2018-09-12,17.66848373413086,,,30.498037338256836,107.38951873779297,26.10626792907715,80.51153564453125,78.35060119628906,256.6400146484375,49.75187683105469,70.96761322021484
2018-09-13,17.737873077392578,,,30.555980682373047,108.00209045410156,26.140457153320312,80.97813415527344,78.8279800415039,258.1578674316406,50.01363754272461,71.4300765991211
2018-09-14,17.52103042602539,,,30.633241653442383,108.18497467041016,26.18320083618164,81.10372161865234,78.8898696899414,258.2023010253906,50.022361755371094,71.55986785888672
2018-09-17,17.677154541015625,,,30.671871185302734,106.88670349121094,26.140457153320312,80.71791076660156,78.66000366210938,256.8353271484375,49.93510818481445,71.25968933105469
2018-09-18,17.633785247802734,,,30.681529998779297,108.02951049804688,26.200294494628906,81.09477233886719,78.85450744628906,258.22894287109375,50.10089111328125,71.64104461669922
2018-09-19,17.347553253173828,,,30.60426902770996,107.58151245117188,26.18320083618164,81.08576965332031,78.66886138916016,258.5040588378906,49.83041000366211,71.84385681152344
2018-09-20,17.260814666748047,,,30.642898559570312,108.29463958740234,26.285778045654297,81.70488739013672,79.23462677001953,260.5989685058594,50.12706756591797,72.46047973632812
2018-09-21,17.260814666748047,,,30.642898559570312,108.18497467041016,26.294326782226562,81.88436126708984,79.28768157958984,260.3608093261719,50.240509033203125,72.39556884765625
2018-09-24,17.373573303222656,,,30.720157623291016,108.3952407836914,26.217391967773438,81.50749969482422,78.67770385742188,259.49591064453125,49.88275146484375,72.03858184814453
2018-09-25,17.373573303222656,,,30.642898559570312,108.76094818115234,26.26868438720703,81.30113983154297,78.44784545898438,259.2551574707031,49.83041000366211,71.70591735839844
2018-09-26,17.45163917541504,,,30.613927841186523,108.59142303466797,26.27722930908203,81.15518188476562,78.02265167236328,258.4794616699219,49.657745361328125,71.44243621826172
2018-09-27,17.425617218017578,,,30.633241653442383,108.89379119873047,26.251585006713867,81.29932403564453,78.06709289550781,259.2016906738281,49.75416946411133,71.60558319091797
2018-09-28,17.52103042602539,,,30.681529998779297,109.04039001464844,26.260133743286133,81.41646575927734,78.23615264892578,259.2283630371094,49.990787506103516,71.67086791992188
2018-10-01,17.442964553833008,,,30.652557373046875,109.60855102539062,26.234487533569336,81.7227554321289,77.99594116210938,260.1290588378906,49.98203659057617,71.90743255615234
2018-10-02,17.442964553833008,,,30.58495330810547,109.12286376953125,26.225940704345703,81.78582000732422,78.21833038330078,259.97747802734375,49.999549865722656,71.9890365600586
2018-10-03,17.27816390991211,,,30.710500717163086,109.4802474975586,26.191747665405273,81.74978637695312,77.97818756103516,260.1200866699219,49.81550979614258,72.4295654296875
2018-10-04,17.286836624145508,,,30.623584747314453,107.73927307128906,26.046428680419922,81.02003479003906,77.34657287597656,258.08709716796875,49.587646484375,71.96454620361328
2018-10-05,17.495006561279297,,,30.59461212158203,106.64886474609375,25.969491958618164,80.4434585571289,77.34657287597656,256.64251708984375,49.61393356323242,71.42609405517578
2018-10-08,17.52103042602539,,,30.546323776245117,105.65924072265625,25.91820526123047,80.42539978027344,77.36439514160156,256.64251708984375,49.692806243896484,71.5566177368164
2018-10-09,17.590417861938477,,,30.57529640197754,105.68671417236328,25.901107788085938,80.27229309082031,77.20423126220703,256.2679748535156,49.745399475097656,71.18132781982422
2018-10-10,17.711851119995117,,,30.517353057861328,100.94941711425781,25.66175651550293,77.52448272705078,75.18497467041016,248.1537628173828,48.492122650146484,69.30493927001953
2018-10-11,17.78124237060547,,,30.546323776245117,99.01605224609375,25.6190185546875,75.72262573242188,73.8595199584961,242.68777465820312,47.422889709472656,67.69774627685547
2018-10-12,17.78124237060547,,,30.652557373046875,101.52668762207031,25.66175651550293,76.82172393798828,74.0997314453125,246.058349609375,47.869869232177734,68.4401626586914
2018-10-15,17.84195899963379,,,30.749130249023438,100.25303649902344,25.678857803344727,76.42532348632812,74.40216827392578,244.67633056640625,47.87861633300781,68.07303619384766
2018-10-16,17.911344528198242,,,30.787757873535156,103.22185516357422,25.858367919921875,77.83979797363281,75.09602355957031,250.02626037597656,48.75503921508789,69.37020111083984
2018-10-17,17.763893127441406,,,30.787757873535156,103.19439697265625,25.81562614440918,77.79473876953125,75.38068389892578,250.0709228515625,48.76380157470703,69.2641372680664
2018-10-18,18.03278160095215,,,30.700843811035156,101.1235122680664,25.644662857055664,76.78571319580078,74.5356216430664,246.45957946777344,48.457061767578125,68.23619079589844
2018-10-19,18.197580337524414,,,30.681529998779297,99.9964828491211,25.670307159423828,76.42532348632812,74.78469848632812,246.32591247558594,48.54471206665039,68.17908477783203
2018-10-22,18.249624252319336,,,30.691186904907227,100.32635498046875,25.678857803344727,76.2901840209961,74.25092315673828,245.22015380859375,48.37818908691406,67.90986633300781
2018-10-23,18.353710174560547,,,30.720157623291016,99.29093170166016,25.56772804260254,75.79467010498047,73.70833587646484,243.97183227539062,48.23796844482422,67.61617279052734
2018-10-24,18.752704620361328,,,30.411121368408203,95.53407287597656,25.405311584472656,73.4522933959961,72.25833129882812,236.57989501953125,47.51053237915039,65.23392486572266
2018-10-25,18.53586196899414,,,30.469064712524414,98.2554931640625,25.456602096557617,74.56040954589844,73.01448059082031,240.8241729736328,47.790985107421875,66.58820343017578
2018-10-26,18.596576690673828,,,30.56563949584961,96.08385467529297,25.379667282104492,73.54236602783203,72.5607681274414,236.5887451171875,47.168731689453125,65.72343444824219
2018-10-29,18.709335327148438,,,30.498037338256836,94.75521087646484,25.354022979736328,73.39823150634766,71.25314331054688,235.27792358398438,47.20377731323242,65.76419830322266
2018-10-30,18.7353572845459,,,30.59461212158203,96.28541564941406,25.422409057617188,74.57843780517578,72.64083862304688,238.76441955566406,47.869869232177734,66.80847930908203
2018-10-31,18.50116539001465,,,30.79741668701172,98.2921371459961,25.53353500366211,75.2541275024414,74.04634857177734,241.31466674804688,47.96625900268555,67.43667602539062
2018-11-01,18.34503746032715,,,30.855361938476562,100.00562286376953,25.66175651550293,76.11902618408203,74.40216827392578,243.8826446533203,48.115257263183594,68.41568756103516
2018-11-02,18.17156219482422,,,30.79741668701172,99.31839752197266,25.66175651550293,75.63250732421875,74.12641143798828,242.43812561035156,48.02761459350586,67.63247680664062
2018-11-05,18.206256866455078,,,30.80707550048828,99.87734985351562,25.66175651550293,76.0829849243164,74.73130798339844,243.77572631835938,48.430782318115234,68.12197875976562
2018-11-06,18.249624252319336,,,30.855361938476562,100.12474060058594,25.670307159423828,76.57846069335938,75.00707244873047,245.31826782226562,48.737518310546875,68.50541687011719
2018-11-07,18.197580337524414,,,30.961593627929688,103.10274505615234,25.772886276245117,78.14608764648438,76.19017028808594,250.5701904296875,49.53505325317383,69.71284484863281
2018-11-08,18.232276916503906,,,30.865018844604492,102.91032409667969,25.73014259338379,78.05598449707031,76.19017028808594,250.115478515625,49.56135177612305,69.5088882446289
2018-11-09,18.37105941772461,,,30.88433265686035,101.49007415771484,25.6190185546875,77.34427642822266,75.59417724609375,247.67230224609375,49.53505325317383,68.6196517944336
2018-11-12,18.596576690673828,,,30.710500717163086,98.76860809326172,25.49934196472168,75.91181945800781,74.78469848632812,243.04440307617188,48.974151611328125,67.28169250488281
2018-11-13,18.49249267578125,,,30.768444061279297,98.59452056884766,25.550630569458008,75.72262573242188,74.96259307861328,242.58970642089844,48.87774658203125,67.1021957397461
2018-11-14,19.082307815551758,,,30.81673240661621,97.65071105957031,25.559179306030273,75.12799072265625,74.41106414794922,240.93121337890625,48.62358474731445,66.31082153320312
2018-11-15,18.4231014251709,,,30.922964096069336,99.07100677490234,25.576276779174805,75.93883514404297,74.82024383544922,243.4457244873047,48.930328369140625,66.84112548828125
2018-11-16,18.414426803588867,,,30.88433265686035,98.49372863769531,25.576276779174805,75.84873962402344,75.11381530761719,244.07887268066406,49.1932487487793,66.9716567993164
2018-11-19,18.50116539001465,,,30.768444061279297,95.26834106445312,25.46514892578125,74.53337860107422,74.39326477050781,239.95040893554688,48.737518310546875,66.16397094726562
2018-11-20,18.596576690673828,,,30.671871185302734,93.60981750488281,25.405311584472656,73.26309204101562,73.64604949951172,235.5098114013672,48.09773254394531,64.56495666503906
2018-11-21,18.483816146850586,,,30.681529998779297,93.99467468261719,25.473695755004883,73.23605346679688,74.05525970458984,236.31227111816406,48.06267547607422,64.89944458007812
2018-11-23,18.50116539001465,,,30.758787155151367,93.33492279052734,25.396760940551758,72.71353149414062,73.8061752319336,234.7340545654297,47.94874954223633,64.45072937011719
2018-11-26,18.431774139404297,,,30.91330337524414,95.41493225097656,25.507888793945312,73.6504898071289,74.35767364501953,238.523681640625,48.351890563964844,65.47867584228516
2018-11-27,18.388404846191406,,,30.749130249023438,95.70814514160156,25.49934196472168,73.80363464355469,74.4466323852539,239.32618713378906,48.500892639160156,65.60921478271484
2018-11-28,18.388404846191406,,,30.739473342895508,98.99768829345703,25.627567291259766,75.56945037841797,75.4607162475586,244.8367462158203,49.315956115722656,66.98795318603516
2018-11-29,18.414426803588867,,,30.739473342895508,98.57622528076172,25.6190185546875,75.21810150146484,75.59417724609375,244.30174255371094,49.289669036865234,66.63714599609375
2018-11-30,18.45779800415039,,,30.739473342895508,99.68492889404297,25.60192108154297,75.94784545898438,76.10122680664062,245.790771484375,49.51752853393555,67.03693389892578
2018-12-03,18.37105941772461,,,30.729814529418945,100.94941711425781,25.747241973876953,76.82172393798828,76.8662338256836,249.0454559326172,49.94697570800781,67.85274505615234
2018-12-04,18.596576690673828,,,30.681529998779297,97.93478393554688,25.56772804260254,74.47032928466797,74.41106414794922,240.975830078125,49.061798095703125,65.38892364501953
2018-12-06,18.752704620361328,,,30.855361938476562,98.2646484375,25.490795135498047,74.45230865478516,74.32210540771484,240.61021423339844,49.03550720214844,65.08707427978516
2018-12-07,18.926177978515625,,,30.700843811035156,95.40579223632812,25.38821792602539,72.74054718017578,72.5785903930664,235.0193634033203,48.299312591552734,63.39015579223633
2018-12-10,19.064960479736328,,,30.613927841186523,96.11131286621094,25.362573623657227,72.96578216552734,72.46294403076172,235.4652557373047,48.448299407958984,63.014869689941406
2018-12-11,19.082307815551758,,,30.59461212158203,96.27626037597656,25.38821792602539,73.01081085205078,72.3384017944336,235.5187530517578,48.500892639160156,62.86800003051758
2018-12-12,19.00424575805664,,,30.77810287475586,96.8718490600586,25.43950653076172,73.38922119140625,72.85432434082031,236.7046661376953,48.553470611572266,63.349369049072266
2018-12-13,19.082307815551758,,,30.768444061279297,97.03679656982422,25.422409057617188,73.43426513671875,72.3917465209961,236.62437438964844,48.641109466552734,63.05567169189453
2018-12-14,19.15169906616211,,,30.642898559570312,94.82849884033203,25.34547233581543,71.8036117553711,71.36880493164062,232.25515747070312,47.975032806396484,62.354061126708984
2018-12-17,19.099655151367188,,,30.546323776245117,92.44247436523438,25.2856388092041,70.23870086669922,69.79658508300781,227.6986846923828,46.951927185058594,61.20536422729492
2018-12-18,19.064960479736328,,,30.40146255493164,92.54365539550781,25.27708625793457,70.33834075927734,69.72509002685547,227.4490509033203,46.784481048583984,61.14784622192383
2018-12-19,19.264455795288086,,,30.39180564880371,91.36627960205078,25.165964126586914,69.16104888916016,68.60784912109375,224.04281616210938,46.37913513183594,60.0550537109375
2018-12-20,19.255783081054688,,,30.420780181884766,89.59101867675781,25.097576141357422,68.13773345947266,67.41908264160156,220.3958740234375,45.727020263671875,58.78147888183594
2018-12-21,19.342519760131836,,,30.237289428710938,87.72376251220703,25.020641326904297,66.71588897705078,66.1856689453125,215.88009643554688,45.11014938354492,57.8612060546875
2018-12-24,19.307825088500977,,,30.189001083374023,85.35982513427734,24.952260971069336,65.12205505371094,64.48743438720703,210.17587280273438,43.85881423950195,56.398651123046875
2018-12-26,19.169044494628906,,,30.39180564880371,90.12451934814453,25.13176727294922,68.1739273071289,67.4548568725586,220.79501342773438,45.35690689086914,58.85543441772461
2018-12-27,19.1568546295166,,,30.555980682373047,90.99834442138672,25.096052169799805,68.97087860107422,67.74980163574219,222.4901580810547,45.85038375854492,59.32374954223633
2018-12-28,19.226516723632812,,,30.5076961517334,90.97075653076172,25.20929527282715,68.79881286621094,67.808837890625,222.20309448242188,45.80012893676758,59.22517776489258
2018-12-31,19.252639770507812,,,30.623584747314453,92.19410705566406,25.15703010559082,69.51421356201172,68.55134582519531,224.14938354492188,46.20574188232422,59.62776565551758
2019-01-02,19.06977653503418,,,30.5076961517334,91.57784271240234,25.183162689208984,69.47798919677734,68.41716003417969,224.3825225830078,45.80012893676758,60.2440299987793
2019-01-03,19.1829776763916,,,30.623584747314453,89.04830932617188,25.15703010559082,67.73018646240234,67.14685821533203,219.0281524658203,45.12996292114258,59.1019172668457
2019-01-04,18.852087020874023,,,30.700843811035156,92.0285415649414,25.37480354309082,70.1209716796875,69.44590759277344,226.3646240234375,46.1175651550293,61.172489166259766
2019-01-07,18.712764739990234,,,30.768444061279297,92.91157531738281,25.42707061767578,70.54662322998047,70.27788543701172,228.1494903564453,46.267478942871094,61.87912368774414
2019-01-08,18.564733505249023,,,30.77810287475586,94.0613784790039,25.47062110900879,71.30731964111328,70.99353790283203,230.2930145263672,46.66427230834961,62.29818344116211
2019-01-09,18.468950271606445,,,30.739473342895508,94.61328125,25.55773162841797,71.70579528808594,71.53925323486328,231.36924743652344,46.67310333251953,62.70900344848633
2019-01-10,18.460243225097656,,,30.81673240661621,94.74202728271484,25.55773162841797,72.03179168701172,72.02230072021484,232.18539428710938,47.025821685791016,62.90620040893555
2019-01-11,18.4776554107666,,,30.91330337524414,94.80642700195312,25.540306091308594,71.82351684570312,72.0401840209961,232.27516174316406,47.03462219238281,63.31699752807617
2019-01-14,18.5560245513916,,,30.932619094848633,93.97856903076172,25.479333877563477,71.44315338134766,71.70922088623047,230.85800170898438,46.69074249267578,62.939056396484375
2019-01-15,18.5560245513916,,,31.06782341003418,95.45951080322266,25.53159523010254,72.0951919555664,72.10279083251953,233.5038604736328,47.158077239990234,63.15268325805664
2019-01-16,18.486364364624023,,,31.03885269165039,95.31232452392578,25.575153350830078,72.1585922241211,72.42487335205078,234.06886291503906,47.14926528930664,63.31699752807617
2019-01-17,18.486364364624023,,,30.98090934753418,96.03900909423828,25.60999298095703,72.81062316894531,73.0331802368164,235.84463500976562,47.466712951660156,63.810028076171875
2019-01-18,18.338335037231445,,,30.951934814453125,97.05078887939453,25.670970916748047,73.7886962890625,74.13350677490234,238.9838409423828,47.99578094482422,64.78780364990234
2019-01-22,18.547319412231445,,,30.768444061279297,95.98379516601562,25.583866119384766,72.73815155029297,73.0152816772461,235.75502014160156,47.66069793701172,63.768924713134766
2019-01-23,18.677936553955078,,,30.942277908325195,96.27816772460938,25.60999298095703,72.78345489501953,73.02425384521484,236.2483367919922,47.934059143066406,63.71142578125
2019-01-24,18.495073318481445,,,30.98090934753418,95.99301147460938,25.6796817779541,72.84685516357422,73.42680358886719,236.37393188476562,47.81942367553711,64.17974853515625
2019-01-25,18.355749130249023,,,31.05816650390625,96.61848449707031,25.749370574951172,73.6437759399414,74.2497787475586,238.37387084960938,47.986961364746094,64.82067108154297
2019-01-28,18.5560245513916,,,31.0098819732666,95.6526870727539,25.6796817779541,73.13665771484375,73.97247314453125,236.5622100830078,47.88115310668945,64.50841522216797
2019-01-29,18.599563598632812,,,31.193370819091797,95.25711822509766,25.70581817626953,73.17286682128906,74.02613830566406,236.2483367919922,47.960514068603516,64.51664733886719
2019-01-30,18.521196365356445,,,31.183713912963867,97.25316619873047,25.819059371948242,74.09660339355469,74.88494873046875,239.9883575439453,48.471946716308594,65.0425033569336
2019-01-31,18.4776554107666,,,31.20302963256836,98.1453857421875,25.85390281677246,75.24671173095703,75.48429870605469,242.0960693359375,48.81584548950195,65.49441528320312
2019-02-01,18.442827224731445,,,31.15473747253418,98.32933807373047,25.862611770629883,75.58177947998047,75.70793914794922,242.21263122558594,48.93047332763672,65.71629333496094
2019-02-04,18.495073318481445,,,31.20302963256836,98.5133056640625,25.880033493041992,76.0798568725586,76.07472229003906,243.91668701171875,49.274375915527344,65.89702606201172
2019-02-05,18.486364364624023,,,31.15473747253418,98.66968536376953,25.949722290039062,76.57793426513672,76.41468048095703,244.9391326904297,49.415462493896484,65.96276092529297
2019-02-06,18.460243225097656,,,31.077482223510742,98.74327087402344,25.9235897064209,76.44210815429688,76.33415985107422,244.61618041992188,49.344932556152344,66.1681900024414
2019-02-07,18.573442459106445,,,31.000221252441406,98.30176544189453,25.845191955566406,75.68138122558594,75.9047622680664,242.2843780517578,49.239105224609375,65.2397232055664
2019-02-08,18.712764739990234,,,31.02919578552246,98.67887878417969,25.83648109436035,75.88063049316406,75.8779067993164,242.58033752441406,49.441917419433594,64.99322509765625
2019-02-11,18.6866397857666,,,31.000221252441406,98.67887878417969,25.810344696044922,75.96212005615234,76.19102478027344,242.71490478515625,49.45073699951172,65.09181213378906
2019-02-12,18.5560245513916,,,30.942277908325195,99.70909881591797,25.888748168945312,76.83149719238281,77.27346801757812,245.83602905273438,49.803443908691406,65.96276092529297
2019-02-13,18.503780364990234,,,30.836048126220703,99.75508880615234,25.880033493041992,77.26619720458984,77.54182434082031,246.63417053222656,49.91807174682617,66.36536407470703
2019-02-14,18.547319412231445,,,31.000221252441406,99.63551330566406,25.914878845214844,77.12130737304688,77.3808364868164,246.0872344970703,49.77699279785156,66.20926666259766
2019-02-15,18.416704177856445,,,31.06782341003418,100.68412780761719,25.967140197753906,77.90918731689453,78.15908813476562,248.76882934570312,50.2884407043457,67.03092193603516
2019-02-19,18.390579223632812,,,31.145082473754883,100.75768280029297,26.00198745727539,77.90918731689453,78.3022232055664,249.19932556152344,50.39424514770508,67.29385375976562
2019-02-20,18.303503036499023,,,31.15473747253418,100.72090911865234,26.019407272338867,78.22615814208984,78.47218322753906,249.7015838623047,50.4383430480957,67.44176483154297
2019-02-21,18.312211990356445,,,31.164398193359375,100.9140625,26.00198745727539,77.80049896240234,78.17697143554688,248.8136749267578,50.46480178833008,67.03911590576172
2019-02-22,18.242551803588867,,,31.12576675415039,101.63150787353516,26.089094161987305,78.56122589111328,78.73161315917969,250.35638427734375,50.738136291503906,67.38422393798828
2019-02-25,18.120641708374023,,,31.05816650390625,101.43834686279297,26.089094161987305,78.62459564208984,78.7226791381836,250.69708251953125,50.59706497192383,67.57322692871094
2019-02-26,18.164180755615234,,,31.03885269165039,101.43834686279297,26.13265037536621,78.60648345947266,78.5885009765625,250.51779174804688,50.57060623168945,67.45818328857422
2019-02-27,18.181596755981445,,,31.164398193359375,101.21762084960938,26.097803115844727,78.71517181396484,78.67793273925781,250.4100799560547,50.56178283691406,67.14594268798828
2019-02-28,18.303503036499023,,,31.0098819732666,101.47516632080078,26.080385208129883,78.52499389648438,78.49903869628906,249.94369506835938,50.68523025512695,66.73513793945312
2019-03-01,18.329627990722656,,,31.15473747253418,101.98109436035156,26.10651397705078,79.09552001953125,79.00894165039062,251.50440979003906,50.94976806640625,66.96520233154297
2019-03-04,18.277379989624023,,,31.10645294189453,101.1991958618164,26.089094161987305,78.88722229003906,78.54376983642578,250.58946228027344,50.67642593383789,66.4968490600586
2019-03-05,18.407995223999023,,,31.15473747253418,101.1532211303711,26.1152286529541,78.79668426513672,78.32904052734375,250.24868774414062,50.667598724365234,66.20103454589844
2019-03-06,18.564733505249023,,,31.000221252441406,100.5921401977539,26.080385208129883,78.50687408447266,77.66709899902344,248.7329864501953,50.47359848022461,65.39582824707031
2019-03-07,18.695348739624023,,,30.971248626708984,99.98505401611328,26.00198745727539,77.8729476928711,77.01402282714844,246.65219116210938,50.24433517456055,64.82888793945312
2019-03-08,18.6866397857666,,,30.932619094848633,99.69989776611328,25.975852966308594,77.7280502319336,76.81722259521484,246.1588592529297,50.200260162353516,64.76315307617188
2019-03-11,18.5560245513916,,,31.000221252441406,101.00605773925781,26.045541763305664,78.92345428466797,77.81916809082031,249.7284698486328,50.773414611816406,65.6916275024414
2019-03-12,18.486364364624023,,,30.91330337524414,101.41996765136719,26.071672439575195,79.24946594238281,78.15908813476562,250.6702117919922,50.90568542480469,65.85594940185547
2019-03-13,18.486364364624023,,,30.942277908325195,101.99945068359375,26.1152286529541,79.67510986328125,78.5616455078125,252.32937622070312,51.17022705078125,66.23392486572266
2019-03-14,18.486364364624023,,,30.836048126220703,102.01786041259766,26.097803115844727,79.64791870117188,78.4364013671875,252.16807556152344,51.12614440917969,66.04496002197266
2019-03-15,18.495073318481445,,,30.874675750732422,102.58816528320312,26.15007209777832,80.00111389160156,78.66899871826172,253.41375732421875,51.30249786376953,66.43932342529297
2019-03-18,18.364456176757812,,,30.82638931274414,102.61573028564453,26.19362449645996,80.10074615478516,79.03575897216797,254.33287048339844,51.3377571105957,66.75977325439453
2019-03-19,18.364456176757812,,,30.79741668701172,102.83650207519531,26.19362449645996,80.05547332763672,78.847900390625,254.39578247070312,51.22311782836914,66.80908966064453
2019-03-20,18.468950271606445,,,30.739473342895508,102.51506042480469,26.254602432250977,79.89545440673828,78.37895202636719,253.63006591796875,51.033653259277344,65.99213409423828
2019-03-21,18.373167037963867,,,30.652557373046875,103.62350463867188,26.254602432250977,80.68647003173828,79.36530303955078,256.4947509765625,51.6888427734375,66.94400024414062
2019-03-22,18.765012741088867,,,30.613927841186523,102.45037841796875,26.10651397705078,79.2135238647461,77.69747924804688,251.55816650390625,51.29041290283203,65.43756866455078
2019-03-25,18.90433120727539,,,30.691186904907227,102.56122589111328,26.123937606811523,79.18623352050781,77.67059326171875,251.36898803710938,51.35239028930664,65.13960266113281
2019-03-26,18.8433780670166,,,30.749130249023438,103.23554992675781,26.15007209777832,79.90452575683594,78.32514190673828,253.24267578125,51.73310470581055,65.71073150634766
2019-03-27,18.9478702545166,,,30.768444061279297,102.72749328613281,26.158781051635742,79.55899810791016,77.99339294433594,251.9184112548828,51.591453552246094,65.37964630126953
2019-03-28,18.8433780670166,,,30.700843811035156,102.94920349121094,26.158781051635742,79.93181610107422,78.44171905517578,252.87335205078125,51.76852798461914,65.52039337158203
2019-03-29,18.77371597290039,,,30.836048126220703,103.62350463867188,26.19362449645996,80.51371765136719,78.89900970458984,254.46786499023438,52.06070327758789,66.09974670410156
2019-04-01,18.608272552490234,,,30.874675750732422,103.98375701904297,26.245891571044922,81.35023498535156,79.93919372558594,257.485595703125,52.24663543701172,67.23370361328125
2019-04-02,18.512489318847656,,,30.893991470336914,103.78977966308594,26.254602432250977,81.42295837402344,79.93022155761719,257.6117858886719,52.211212158203125,66.94400024414062
2019-04-03,18.381874084472656,,,30.903648376464844,103.74360656738281,26.289445877075195,81.50481414794922,80.21714782714844,258.01715087890625,52.17580795288086,67.3661117553711
2019-04-04,18.390579223632812,,,30.932619094848633,103.51268768310547,26.31557846069336,81.69574737548828,80.37854766845703,258.7017822265625,52.211212158203125,67.7551498413086
2019-04-05,18.312211990356445,,,30.922964096069336,103.94682312011719,26.341712951660156,82.11398315429688,80.92550659179688,259.9538879394531,52.44142532348633,68.12759399414062
2019-04-08,18.320919036865234,,,30.893991470336914,104.01148223876953,26.36784553527832,82.21399688720703,80.88069915771484,260.1520690917969,52.43256378173828,68.17726135253906
2019-04-09,18.468950271606445,,,30.865018844604492,103.84519958496094,26.31557846069336,81.7593994140625,80.26197814941406,258.8188781738281,52.28204345703125,67.48199462890625
2019-04-10,18.390579223632812,,,30.845705032348633,104.15003967285156,26.359132766723633,82.11398315429688,80.78206634521484,259.7017517089844,52.40598678588867,67.89584350585938
2019-04-11,18.320919036865234,,,30.720157623291016,103.84519958496094,26.3330020904541,82.1685562133789,80.92550659179688,259.6296081542969,52.388301849365234,67.93721771240234
2019-04-12,18.277379989624023,,,30.710500717163086,104.18697357177734,26.359132766723633,82.88687133789062,81.57113647460938,261.3863525390625,52.618492126464844,68.1855239868164
2019-04-15,18.390579223632812,,,30.623584747314453,104.44564819335938,26.38526725769043,82.88687133789062,81.39179992675781,261.2151794433594,52.68932342529297,68.01171112060547
2019-04-16,18.259963989257812,,,30.58495330810547,103.78977966308594,26.376554489135742,83.02324676513672,81.38282775878906,261.3863525390625,52.37944412231445,68.48350524902344
2019-04-17,18.312211990356445,,,30.469064712524414,102.91223907470703,26.38526725769043,82.76864624023438,80.84481811523438,260.7466125488281,52.06070327758789,68.51661682128906
2019-04-18,18.320919036865234,,,30.40146255493164,103.13395690917969,26.36784553527832,82.68682861328125,81.05106353759766,261.2601623535156,52.14924621582031,68.64077758789062
2019-04-22,18.312211990356445,,,30.362834930419922,103.13395690917969,26.36784553527832,82.68682861328125,80.94346618652344,261.4853820800781,52.08726119995117,68.42558288574219
2019-04-23,18.320919036865234,,,30.420780181884766,103.9560546875,26.411396026611328,83.60516357421875,81.72356414794922,263.8365173339844,52.52995681762695,68.89735412597656
2019-04-24,18.407995223999023,,,30.420780181884766,104.13154602050781,26.36784553527832,83.55060577392578,81.70565795898438,263.25103759765625,52.59193801879883,68.54143524169922
2019-04-25,18.495073318481445,,,30.420780181884766,104.63037109375,26.341712951660156,83.26874542236328,81.17659759521484,263.0888671875,52.5565299987793,67.92897033691406
2019-04-26,18.486364364624023,,,30.304889678955078,105.46174621582031,26.359132766723633,83.55060577392578,81.66080474853516,264.31396484375,52.83984375,67.9786148071289
2019-04-29,18.390579223632812,,,30.26626205444336,105.28621673583984,26.39397621154785,83.54151153564453,81.66080474853516,264.7284240722656,52.70702362060547,68.1938247680664
2019-04-30,18.538612365722656,,,30.39180564880371,105.96053314208984,26.36784553527832,83.56880950927734,81.9118881225586,264.8634338378906,53.19401168823242,68.35934448242188
2019-05-01,18.590858459472656,,,30.498037338256836,105.14767456054688,26.324289321899414,82.84141540527344,81.1048583984375,262.8727111816406,52.66276550292969,67.98690032958984
2019-05-02,18.677936553955078,,,30.56563949584961,105.10147857666016,26.31557846069336,82.7140884399414,81.03313446044922,262.3050537109375,52.6716194152832,67.86273956298828
2019-05-03,18.486364364624023,,,30.633241653442383,105.84968566894531,26.420106887817383,83.3505859375,81.85806274414062,264.8724670410156,52.88410949707031,68.55799102783203
2019-05-06,18.5560245513916,,,30.768444061279297,105.78502655029297,26.359132766723633,83.0323257446289,81.43666076660156,263.78240966796875,52.85755157470703,68.25174713134766
2019-05-07,18.6866397857666,,,30.80707550048828,104.23318481445312,26.237180709838867,81.61392211914062,80.07368469238281,259.3774108886719,52.25548553466797,67.1674575805664
2019-05-08,18.738887786865234,16.458234786987305,,30.749130249023438,104.16852569580078,26.20233726501465,81.56844329833984,79.99297332763672,259.0169982910156,52.2377815246582,66.81981658935547
2019-05-09,18.82596206665039,16.46744728088379,,30.57529640197754,104.01148223876953,26.15007209777832,81.30477905273438,79.82257843017578,258.23321533203125,52.2377815246582,66.45565032958984
2019-05-10,18.860794067382812,16.470081329345703,,30.710500717163086,104.89826202392578,26.20233726501465,81.67757415771484,80.1543960571289,259.53045654296875,52.63620376586914,66.64600372314453
2019-05-13,19.27876091003418,16.349632263183594,,30.642898559570312,103.29096984863281,26.019407272338867,79.68631744384766,78.13685607910156,253.00851440429688,52.03414535522461,64.79197692871094
2019-05-14,19.08719253540039,16.443096160888672,,30.671871185302734,103.82674407958984,26.13265037536621,80.32276153564453,78.89900970458984,255.2965545654297,52.25548553466797,65.57830047607422
2019-05-15,19.08719253540039,16.648454666137695,,30.642898559570312,104.2701187133789,26.16749382019043,80.97744750976562,79.16802215576172,256.7919921875,52.47683334350586,65.81832885742188
2019-05-16,19.034948348999023,16.827484130859375,,30.5076961517334,105.4247817993164,26.158781051635742,81.60481262207031,79.79570007324219,259.1702880859375,52.95494079589844,66.04181671142578
2019-05-17,19.19168472290039,16.880138397216797,,30.488380432128906,105.12918090820312,26.097803115844727,81.15929412841797,79.23979187011719,257.49468994140625,52.88410949707031,65.53692626953125
2019-05-20,19.2874698638916,16.77153778076172,,30.53666877746582,104.77815246582031,26.06296157836914,80.58647918701172,78.71070098876953,255.79208374023438,52.80442810058594,65.10651397705078
2019-05-21,19.1829776763916,16.78997039794922,,30.662214279174805,105.37859344482422,26.097803115844727,81.29568481445312,79.571533203125,258.0982666015625,53.16743469238281,65.83488464355469
2019-05-22,19.29617691040039,16.800498962402344,,30.60426902770996,105.72038269042969,26.071672439575195,81.0501937866211,79.21282958984375,257.3054504394531,53.31794738769531,65.0899429321289
2019-05-23,19.47903823852539,16.708349227905273,,30.642898559570312,104.9998550415039,26.036827087402344,79.98636627197266,78.10993194580078,254.1616668701172,53.070045471191406,64.28709411621094
2019-05-24,19.426794052124023,16.743236541748047,,30.671871185302734,105.15690612792969,26.045541763305664,80.03182983398438,78.26238250732422,254.7382049560547,53.1054573059082,64.43607330322266
2019-05-28,19.461624145507812,16.847885131835938,,30.671871185302734,104.28858947753906,26.045541763305664,79.3407974243164,77.5898666381836,252.36892700195312,52.54766082763672,63.566986083984375
2019-05-29,19.513870239257812,16.78009033203125,,30.739473342895508,103.62350463867188,26.019407272338867,78.73162078857422,77.02497863769531,250.6753387451172,52.25548553466797,63.21109390258789
2019-05-30,19.58353042602539,16.814977645874023,,30.729814529418945,104.41792297363281,26.045541763305664,78.931640625,77.11463165283203,251.36000061035156,52.52995681762695,63.070369720458984
2019-05-31,19.78380584716797,16.68267822265625,,30.749130249023438,103.63275909423828,26.028118133544922,78.06785583496094,76.24485778808594,247.97280883789062,52.335174560546875,61.795738220214844
2019-06-03,19.90571403503418,16.624095916748047,,30.729814529418945,102.93071746826172,26.028118133544922,77.82235717773438,76.55868530273438,247.3422393798828,52.618492126464844,62.358577728271484
2019-06-04,19.50516128540039,16.6517391204834,,30.874675750732422,104.93521118164062,26.141361236572266,79.65904998779297,78.4148178100586,252.7112274169922,53.16743469238281,64.17950439453125
2019-06-05,19.63577651977539,16.71493148803711,,30.845705032348633,106.69951629638672,26.10651397705078,80.38643646240234,78.98869323730469,254.90023803710938,53.893455505371094,64.11327362060547
2019-06-06,19.67931365966797,16.69189453125,,30.79741668701172,107.5308609008789,26.13265037536621,80.89559173583984,79.27562713623047,256.5577392578125,54.25646209716797,64.41951751708984
2019-06-07,19.6270694732666,16.820898056030273,,30.739473342895508,108.92570495605469,26.219758987426758,81.85940551757812,79.87640380859375,259.1251525878906,54.58404541015625,64.81682586669922
2019-06-10,19.470333099365234,16.735992431640625,,30.60426902770996,109.15662384033203,26.254602432250977,82.1776351928711,80.2350845336914,260.31427001953125,54.530941009521484,65.29688262939453
2019-06-11,19.34842300415039,16.70176887512207,,30.59461212158203,108.75018310546875,26.289445877075195,82.24125671386719,80.1185073852539,260.2511291503906,54.36269760131836,65.40447998046875
2019-06-12,19.50516128540039,16.774826049804688,,30.59461212158203,109.05501556396484,26.219758987426758,82.10491943359375,79.96607971191406,259.7918701171875,54.59291458129883,64.99063873291016
2019-06-13,19.426794052124023,16.87421417236328,,30.60426902770996,109.2397689819336,26.245891571044922,82.44132232666016,80.44132995605469,260.86376953125,54.637184143066406,65.55345916748047
2019-06-14,19.57482147216797,16.953857421875,,30.58495330810547,109.02731323242188,26.20233726501465,82.1685562133789,80.19026184082031,260.5755615234375,54.81425094604492,65.19756317138672
2019-06-17,19.47903823852539,16.948589324951172,,30.633241653442383,108.94664001464844,26.20233726501465,82.15486145019531,80.1488037109375,260.6745910644531,54.7029914855957,65.09912872314453
2019-06-18,19.2874698638916,17.077600479125977,,30.623584747314453,109.77191925048828,26.3330020904541,82.97731018066406,80.99568939208984,263.4040832519531,54.8899040222168,66.04153442382812
2019-06-19,19.357131958007812,17.138151168823242,,30.710500717163086,110.56011199951172,26.411396026611328,83.27886962890625,81.3470687866211,263.9986267089844,55.2014274597168,66.1583023071289
2019-06-20,19.27876091003418,17.108535766601562,,30.633241653442383,111.69139862060547,26.481082916259766,84.27497100830078,82.1038818359375,266.5209655761719,55.601951599121094,66.54191589355469
2019-06-21,19.34842300415039,16.83340835571289,,30.729814529418945,111.04231262207031,26.437528610229492,84.0373764038086,81.82460021972656,266.1335144042969,55.4150505065918,66.4334945678711
2019-06-24,19.50516128540039,16.876846313476562,,30.478723526000977,111.01447296142578,26.46366310119629,83.78148651123047,81.36509704589844,265.80780029296875,55.468448638916016,66.1583023071289
2019-06-25,19.6009464263916,16.90317726135254,,30.430437088012695,109.73483276367188,26.420106887817383,83.0687026977539,80.76145935058594,263.2007141113281,55.139129638671875,65.99983215332031
2019-06-26,19.331008911132812,16.724803924560547,,30.38214874267578,109.14132690429688,26.411396026611328,82.89508056640625,80.67134094238281,262.93817138671875,54.524986267089844,66.44183349609375
2019-06-27,19.19168472290039,16.826946258544922,,30.411121368408203,109.51228332519531,26.481082916259766,83.16919708251953,81.25698852539062,263.8705749511719,54.72970199584961,66.9755859375
2019-06-28,19.095901489257812,16.906024932861328,,30.469064712524414,109.97594451904297,26.498504638671875,83.58958435058594,81.98674011230469,265.2284240722656,54.94330978393555,67.70944213867188
2019-07-01,18.98270034790039,16.975217819213867,,30.459409713745117,111.12577056884766,26.59432601928711,84.28408813476562,82.50027465820312,267.63629150390625,55.17472839355469,68.10975646972656
2019-07-02,19.23522186279297,17.130077362060547,,30.488380432128906,111.8768539428711,26.59432601928711,84.49430084228516,82.44623565673828,268.3332824707031,55.58415603637695,67.95967864990234
2019-07-03,19.21780776977539,17.286911010742188,,30.488380432128906,113.01741027832031,26.637880325317383,85.30760955810547,83.23004913330078,270.4786376953125,56.18049621582031,68.35993957519531
2019-07-05,19.1568546295166,17.116239547729492,,30.488380432128906,112.60012817382812,26.55948257446289,85.12483215332031,83.12193298339844,270.17083740234375,56.064788818359375,68.39328002929688
2019-07-08,19.33971405029297,17.079992294311523,,30.430437088012695,112.04375457763672,26.507219314575195,84.6222152709961,82.6264419555664,268.6863098144531,55.95798873901367,68.04303741455078
2019-07-09,19.34842300415039,17.060882568359375,,30.459409713745117,112.39613342285156,26.489795684814453,84.7593002319336,82.76158905029297,269.021240234375,56.055885314941406,67.9763412475586
2019-07-10,19.34842300415039,17.034523010253906,,30.420780181884766,112.98031616210938,26.507219314575195,85.11569213867188,82.81562042236328,270.3066101074219,56.31401062011719,68.184814453125
2019-07-11,19.33971405029297,16.892187118530273,,30.459409713745117,113.19358825683594,26.489795684814453,85.30760955810547,82.91474914550781,270.94024658203125,56.322906494140625,68.4183120727539
2019-07-12,19.32229995727539,16.935678482055664,,30.5076961517334,113.57379150390625,26.507219314575195,85.60918426513672,83.57239532470703,272.1533203125,56.44751739501953,69.15220642089844
2019-07-15,19.313594818115234,17.02463722229004,,30.546323776245117,113.81488800048828,26.533348083496094,85.70057678222656,83.45528411865234,272.2437744140625,56.54541778564453,69.1355209350586
2019-07-16,19.36583709716797,17.018047332763672,,30.469064712524414,113.31414031982422,26.507219314575195,85.41728973388672,83.32018280029297,271.3658142089844,56.39411544799805,68.96873474121094
2019-07-17,19.444210052490234,17.083946228027344,,30.546323776245117,112.8504867553711,26.515926361083984,84.83241271972656,82.73453521728516,269.5190734863281,56.23390579223633,68.35160064697266
2019-07-18,19.461624145507812,17.083946228027344,,30.623584747314453,113.54595947265625,26.55948257446289,85.1888427734375,83.00481414794922,270.5057678222656,56.49201202392578,68.75190734863281
2019-07-19,19.36583709716797,17.073402404785156,,30.546323776245117,112.61866760253906,26.524639129638672,84.5582504272461,82.67149353027344,269.00311279296875,55.97577667236328,68.69351196289062
2019-07-22,19.34842300415039,17.110305786132812,,30.459409713745117,113.15648651123047,26.54206085205078,84.82327270507812,82.67149353027344,269.6639099121094,55.98468780517578,68.71018981933594
2019-07-23,19.226516723632812,17.216400146484375,,30.440095901489258,113.3976058959961,26.585615158081055,85.41728973388672,83.37422180175781,271.5920715332031,56.162696838378906,69.36903381347656
2019-07-24,18.95657730102539,17.36269187927246,,30.411121368408203,113.7406997680664,26.59432601928711,85.8559341430664,83.99588012695312,272.8683776855469,56.1448860168457,70.21135711669922
2019-07-25,19.243932723999023,17.20981216430664,,30.59461212158203,113.33269500732422,26.55076789855957,85.45384979248047,83.41924285888672,271.5649719238281,56.171600341796875,69.73596954345703
2019-07-26,19.200393676757812,17.331722259521484,,30.700843811035156,114.09307098388672,26.55076789855957,85.99302673339844,83.92379760742188,273.3843994140625,56.589927673339844,69.9361343383789
2019-07-29,19.36583709716797,17.307334899902344,,30.729814529418945,113.91688537597656,26.54206085205078,85.96560668945312,83.63550567626953,272.8865051269531,56.670021057128906,69.86942291259766
2019-07-30,19.243932723999023,17.197946548461914,,30.691186904907227,113.68508911132812,26.481082916259766,85.62745666503906,83.60846710205078,272.21673583984375,56.41190719604492,69.6609115600586
2019-07-31,19.40937614440918,17.275711059570312,,30.700843811035156,111.95101928710938,26.46366310119629,84.74102783203125,82.97779846191406,269.2383728027344,55.86008071899414,68.79360961914062
2019-08-01,19.87959098815918,17.414094924926758,,30.720157623291016,111.78413391113281,26.411396026611328,83.96427154541016,81.87863159179688,266.8939208984375,55.77998352050781,67.85124206542969
2019-08-02,20.184358596801758,17.282958984375,,30.671871185302734,110.6250228881836,26.350421905517578,83.1875,81.09479522705078,264.88433837890625,55.70877456665039,67.19239044189453
2019-08-05,20.419469833374023,17.028594970703125,,30.623584747314453,107.2219009399414,26.17620086669922,80.54646301269531,78.71627807617188,256.9184875488281,54.40037155151367,65.29930114746094
2019-08-06,20.41075897216797,17.29547882080078,,30.613927841186523,109.159912109375,26.245891571044922,81.74359893798828,79.68030548095703,260.521240234375,55.254825592041016,65.92477416992188
2019-08-07,20.558788299560547,17.350831985473633,,30.710500717163086,109.48444366455078,26.306867599487305,81.8075942993164,79.84248352050781,260.67510986328125,55.51294708251953,65.84136199951172
2019-08-08,20.541372299194336,17.52480125427246,,30.758787155151367,111.76556396484375,26.359132766723633,83.55303955078125,81.26598358154297,265.7895812988281,56.44751739501953,66.84210968017578
2019-08-09,20.750356674194336,17.37323570251465,,30.671871185302734,111.41322326660156,26.289445877075195,82.84022521972656,80.52721405029297,263.97918701171875,56.28730392456055,65.92477416992188
2019-08-12,20.933218002319336,17.621009826660156,,30.517353057861328,110.04081726074219,26.237180709838867,81.91725158691406,79.31993103027344,260.76568603515625,55.8422737121582,65.06578826904297
2019-08-13,20.828725814819336,17.707996368408203,,30.59461212158203,111.6728515625,26.306867599487305,83.2697525024414,80.3740463256836,264.82098388671875,56.331809997558594,65.97480773925781
2019-08-14,21.011587142944336,17.95906639099121,,30.527009963989258,108.60354614257812,26.158781051635742,80.70183563232422,78.03157043457031,256.99090576171875,55.09463119506836,63.69809341430664
2019-08-15,21.220571517944336,18.269445419311523,,30.652557373046875,109.06716918945312,26.20233726501465,80.9759750366211,78.02255249023438,257.6697692871094,55.53074645996094,63.52295684814453
2019-08-16,21.116079330444336,18.21804428100586,,30.681529998779297,110.57864379882812,26.263315200805664,82.17313385009766,79.20279693603516,261.4717712402344,56.055885314941406,64.65713500976562
2019-08-19,21.020292282104492,18.067138671875,,30.700843811035156,111.63577270507812,26.29815673828125,83.16007995605469,80.15782928466797,264.62176513671875,56.536521911621094,65.5328140258789
2019-08-20,21.046417236328125,18.148197174072266,,30.749130249023438,111.04231262207031,26.29815673828125,82.5204086303711,79.57221221923828,262.5942077636719,56.162696838378906,64.84060668945312
2019-08-21,20.924510955810547,18.11853790283203,,30.787757873535156,112.06233215332031,26.359132766723633,83.20576477050781,80.20284271240234,264.7305908203125,56.54541778564453,65.49946594238281
2019-08-22,21.020292282104492,18.020353317260742,,30.729814529418945,111.9417724609375,26.341712951660156,83.21490478515625,80.16683959960938,264.64898681640625,56.652225494384766,65.60784912109375
2019-08-23,21.237985610961914,18.073068618774414,,30.58495330810547,109.08572387695312,26.263315200805664,80.8846206665039,78.03157043457031,257.85089111328125,55.601951599121094,63.74813461303711
2019-08-26,21.290233612060547,18.174551010131836,,30.739473342895508,110.49522399902344,26.306867599487305,81.8075942993164,78.6622314453125,260.7023010253906,56.162696838378906,64.27352905273438
2019-08-27,21.44696807861328,18.413097381591797,,30.652557373046875,110.58792114257812,26.341712951660156,81.77103424072266,78.34690856933594,259.679443359375,56.10039138793945,63.59800338745117
2019-08-28,21.298940658569336,18.480318069458008,,30.710500717163086,111.0979232788086,26.359132766723633,82.30105590820312,78.86944580078125,261.50787353515625,56.367408752441406,64.32354736328125
2019-08-29,21.046417236328125,18.475704193115234,,30.787757873535156,112.4146957397461,26.36784553527832,83.28800964355469,79.95059967041016,264.84820556640625,56.83023452758789,65.33265686035156
2019-08-30,21.142202377319336,18.568614959716797,,30.79741668701172,112.24775695800781,26.38526725769043,83.23320007324219,80.11277770996094,264.7305908203125,56.750125885009766,65.68292999267578
2019-09-03,21.44696807861328,18.655601501464844,,30.671871185302734,111.65431213378906,26.38526725769043,82.62091827392578,79.50912475585938,263.18255615234375,56.82133483886719,65.34102630615234
2019-09-04,21.412137985229492,18.6925048828125,,30.739473342895508,112.98959350585938,26.489795684814453,83.55303955078125,80.41910552978516,266.1697998046875,57.30196762084961,66.33342742919922
2019-09-05,20.898387908935547,18.33336639404297,,30.88433265686035,114.08378601074219,26.507219314575195,84.89639282226562,81.5452880859375,269.5915222167969,57.42658233642578,67.64275360107422
2019-09-06,20.959341049194336,18.41903305053711,,30.88433265686035,114.04668426513672,26.515926361083984,85.00605010986328,81.63538360595703,269.7997131347656,57.57789611816406,67.86791229248047
2019-09-09,20.611032485961914,18.098766326904297,,30.88433265686035,112.15503692626953,26.515926361083984,84.83241271972656,81.9957504272461,269.93548583984375,57.10615539550781,69.07714080810547
2019-09-10,20.14952850341797,17.839792251586914,,31.000221252441406,110.49522399902344,26.481082916259766,84.75015258789062,82.23902893066406,269.8721618652344,56.634422302246094,70.05290222167969
2019-09-11,19.99279022216797,17.914913177490234,,31.02919578552246,110.97737121582031,26.55076789855957,85.20709228515625,82.91474914550781,271.7911376953125,56.82133483886719,70.73672485351562
2019-09-12,19.94054412841797,17.777851104736328,,31.0967960357666,112.00667572021484,26.576906204223633,85.48124694824219,83.04988098144531,272.7326965332031,57.070556640625,70.54493713378906
2019-09-13,19.844758987426758,17.433860778808594,,31.0967960357666,111.36685943603516,26.585615158081055,85.34416961669922,83.04087829589844,272.5516052246094,56.81243896484375,70.59497833251953
2019-09-16,19.67931365966797,17.68031883239746,,31.135427474975586,110.85682678222656,26.55948257446289,84.96038055419922,83.22107696533203,271.70977783203125,56.70563507080078,70.24471282958984
2019-09-17,19.99279022216797,17.69877052307129,,31.10645294189453,111.84904479980469,26.585615158081055,85.28933715820312,83.26611328125,272.39776611328125,57.18626022338867,70.05290222167969
2019-09-18,20.210479736328125,17.800251007080078,,31.10645294189453,111.98812866210938,26.603036880493164,85.33501434326172,83.1309585571289,272.56072998046875,57.23967361450195,69.72764587402344
2019-09-19,20.28014373779297,17.812776565551758,,31.0098819732666,112.10867309570312,26.585615158081055,85.20709228515625,82.94175720214844,272.54254150390625,57.328678131103516,69.61922454833984
2019-09-20,20.297557830810547,18.00124168395996,,31.08713722229004,111.68213653564453,26.62917137145996,84.73188018798828,82.53634643554688,271.2547912597656,57.18626022338867,69.46077728271484
2019-09-23,20.341096878051758,18.057252883911133,,31.0967960357666,111.75628662109375,26.59432601928711,84.91466522216797,82.5543441772461,271.1911315917969,57.266361236572266,69.41072082519531
2019-09-24,20.654569625854492,18.187076568603516,,31.0098819732666,110.99789428710938,26.568195343017578,84.3247299194336,81.77011108398438,269.0631103515625,57.17427444458008,68.61153411865234
2019-09-25,20.523956298828125,18.10536003112793,,30.922964096069336,111.2398681640625,26.524639129638672,84.82933807373047,82.33995819091797,270.6545715332031,57.23686218261719,69.20759582519531
2019-09-26,20.637157440185547,18.212114334106445,,30.88433265686035,111.46318054199219,26.533348083496094,84.6183090209961,82.1319351196289,270.09075927734375,57.344154357910156,68.86338806152344
2019-09-27,20.671987533569336,18.19099235534668,,30.99056625366211,110.29996490478516,26.46366310119629,84.2421646118164,81.67965698242188,268.6357421875,57.04018020629883,68.55278015136719
2019-09-30,20.637157440185547,18.28472328186035,,30.951934814453125,110.96996307373047,26.498504638671875,84.77427673339844,82.11384582519531,269.8816223144531,57.30838394165039,68.87178039550781
2019-10-01,20.880971908569336,18.27680206298828,,30.874675750732422,109.77886199951172,26.454952239990234,83.70085144042969,80.8746337890625,266.6714172363281,56.82559585571289,67.70490264892578
2019-10-02,21.133493423461914,18.303205490112305,,30.845705032348633,107.82466125488281,26.38526725769043,82.26042175292969,79.40927124023438,261.9608154296875,56.03884506225586,66.30293273925781
2019-10-03,21.063831329345703,18.41014289855957,,30.922964096069336,109.0064926147461,26.46366310119629,82.9944076538086,80.01533508300781,264.10699462890625,56.414344787597656,66.66392517089844
2019-10-04,21.029003143310547,18.47879409790039,,30.855361938476562,110.7745361328125,26.524639129638672,84.22380065917969,80.983154296875,267.6808776855469,57.245792388916016,67.36068725585938
2019-10-07,21.046417236328125,18.393640518188477,,30.865018844604492,110.17900848388672,26.489795684814453,83.80178833007812,80.63941955566406,266.52587890625,56.932884216308594,67.1256332397461
2019-10-08,21.307645797729492,18.386381149291992,,30.82638931274414,108.15035247802734,26.437528610229492,82.42555236816406,79.17408752441406,262.38812255859375,56.30705642700195,65.93357849121094
2019-10-09,21.246694564819336,18.34479522705078,,30.865018844604492,109.36009979248047,26.489795684814453,83.18705749511719,79.84345245361328,264.8799743652344,56.691490173339844,66.52960205078125
2019-10-10,21.142202377319336,18.173168182373047,,30.91330337524414,109.75094604492188,26.498504638671875,83.74671173095703,80.38617706298828,266.6714172363281,56.95076370239258,67.2095947265625
2019-10-11,20.732940673828125,18.06623077392578,,31.02919578552246,110.62565612792969,26.62045669555664,84.98530578613281,81.50779724121094,269.4359436035156,57.013343811035156,68.32611846923828
2019-10-14,20.741647720336914,18.14940643310547,,30.903648376464844,110.43023681640625,26.568195343017578,84.99447631835938,81.29976654052734,269.1358947753906,56.932884216308594,68.26734924316406
2019-10-15,20.576202392578125,18.067554473876953,,30.961593627929688,111.0165023803711,26.65530014038086,85.72845458984375,82.0505142211914,271.8004455566406,57.07593536376953,69.20759582519531
2019-10-16,20.706819534301758,18.03388786315918,,31.000221252441406,110.38372802734375,26.637880325317383,85.5266342163086,81.8062973022461,271.3639221191406,57.102752685546875,68.95572662353516
2019-10-17,20.671987533569336,17.962596893310547,,31.135427474975586,110.67220306396484,26.690147399902344,85.80184173583984,82.12287902832031,272.1641845703125,57.245792388916016,68.99769592285156
2019-10-18,20.750356674194336,17.905168533325195,,31.174055099487305,110.04871368408203,26.66401481628418,85.3431167602539,82.01434326171875,270.97296142578125,57.29051208496094,68.95572662353516
2019-10-21,20.593618392944336,17.85565757751465,,31.193370819091797,110.5977554321289,26.690147399902344,85.91194152832031,82.58419799804688,272.80987548828125,57.41566848754883,69.51818084716797
2019-10-22,20.4630069732666,17.903846740722656,,31.25131607055664,109.25775146484375,26.672725677490234,85.64588928222656,82.43946075439453,271.918701171875,56.9239387512207,69.93794250488281
2019-10-23,20.419469833374023,17.92892837524414,,31.2706298828125,109.20191192626953,26.707569122314453,85.69175720214844,82.7108154296875,272.7098083496094,57.0044059753418,69.97150421142578
2019-10-24,20.480419158935547,17.983060836791992,,31.376863479614258,110.43953704833984,26.733699798583984,86.11381530761719,82.8917465209961,273.155517578125,57.013343811035156,69.78682708740234
2019-10-25,20.2017765045166,17.969194412231445,,31.434804916381836,110.75595092773438,26.751121520996094,86.55418395996094,83.22642517089844,274.2740478515625,56.78090286254883,70.81100463867188
2019-10-28,19.94054412841797,17.87876319885254,,31.415489196777344,111.27706146240234,26.77725601196289,86.9853744506836,83.56111145019531,275.8199768066406,56.7719612121582,71.50778198242188
2019-10-29,20.22789764404297,17.87876319885254,,31.367202758789062,111.35150146484375,26.74241065979004,86.84777069091797,83.65155792236328,275.7381591796875,56.959716796875,71.48261260986328
2019-10-30,20.297557830810547,17.968536376953125,,31.46377944946289,112.15178680419922,26.75983238220215,86.9853744506836,83.66059875488281,276.58380126953125,57.27262496948242,71.26432800292969
2019-10-31,20.523956298828125,18.07811164855957,,31.473434448242188,111.68649291992188,26.751121520996094,86.64592742919922,83.19024658203125,275.8472595214844,57.17427444458008,70.82778930664062
2019-11-01,20.22789764404297,18.043785095214844,,31.589323043823242,112.11457824707031,26.864362716674805,87.52672576904297,84.19427490234375,278.4027099609375,57.20109558105469,71.98628997802734
2019-11-04,19.96666717529297,18.023984909057617,,31.51206398010254,111.46318054199219,26.890499114990234,87.85700225830078,84.64655303955078,279.521240234375,56.789833068847656,72.95169067382812
2019-11-05,19.792512893676758,17.971176147460938,,31.434804916381836,110.79315948486328,26.890499114990234,87.77442169189453,84.5922622680664,279.21209716796875,56.51268005371094,73.17837524414062
2019-11-06,19.975374221801758,18.03058624267578,,31.473434448242188,111.19329071044922,26.881786346435547,87.79277801513672,84.5018081665039,279.2757263183594,56.82559585571289,73.08602905273438
2019-11-07,19.90571403503418,17.906484603881836,,31.57000732421875,111.32360076904297,26.899208068847656,88.08633422851562,84.67367553710938,280.2577819824219,56.789833068847656,73.4805908203125
2019-11-08,19.89700698852539,17.895267486572266,,31.63760757446289,112.07736206054688,26.881786346435547,88.26984405517578,84.86361694335938,280.948974609375,56.7719612121582,73.6904525756836
2019-11-11,19.931835174560547,17.88866424560547,,31.695552825927734,112.15178680419922,26.890499114990234,88.13221740722656,84.77317810058594,280.4124755859375,56.664669036865234,73.5225830078125
2019-11-12,20.01020622253418,17.94807243347168,,31.73418426513672,112.50540924072266,26.846942901611328,88.30656433105469,84.85458374023438,281.0035400390625,56.70043182373047,73.56452941894531
2019-11-13,20.219188690185547,17.975139617919922,,31.68589973449707,113.37084197998047,26.820812225341797,88.55426788330078,84.79126739501953,281.094482421875,57.03123474121094,73.12799835205078
2019-11-14,20.24531364440918,18.00088119506836,,31.68589973449707,113.2591552734375,26.81209945678711,88.7377700805664,84.97217559814453,281.50372314453125,57.16533660888672,73.13638305664062
2019-11-15,20.175649642944336,17.994279861450195,,31.676239013671875,113.73375701904297,26.864362716674805,89.41668701171875,85.5962905883789,283.54071044921875,57.44249725341797,73.85836029052734
2019-11-18,20.27143669128418,18.00088119506836,,31.68589973449707,113.94778442382812,26.890499114990234,89.4350357055664,85.57820892333984,283.7499084472656,57.58555221557617,73.84156799316406
2019-11-19,20.27143669128418,18.03388786315918,,31.724523544311523,114.66434478759766,26.890499114990234,89.53596496582031,85.63249206542969,283.6680603027344,57.657073974609375,73.27912139892578
2019-11-20,20.34980583190918,18.056989669799805,,31.71487045288086,114.33863067626953,26.838232040405273,89.12310028076172,85.41541290283203,282.6131591796875,57.60342025756836,72.73343658447266
2019-11-21,20.32368278503418,18.02332878112793,,31.73418426513672,113.59416961669922,26.838232040405273,89.00382232666016,85.16211700439453,282.158447265625,57.326271057128906,72.78382110595703
2019-11-22,20.210479736328125,18.097257614135742,,31.71487045288086,113.6872329711914,26.864362716674805,89.22400665283203,85.46965789794922,282.7859191894531,57.370975494384766,73.13638305664062
2019-11-25,19.957958221435547,18.215412139892578,,31.772817611694336,114.47820281982422,26.951473236083984,90.0038833618164,86.23853302001953,284.9775390625,57.50507354736328,73.85836029052734
2019-11-26,20.02762222290039,18.255020141601562,,31.76315689086914,115.37156677246094,26.934049606323242,90.30664825439453,86.41944122314453,285.6231689453125,57.96104431152344,73.58132934570312
2019-11-27,19.923128128051758,18.27812385559082,,31.74384307861328,115.79029846191406,26.96018409729004,90.77454376220703,86.79931640625,286.8963928222656,58.13090515136719,73.85836029052734
2019-11-29,19.975374221801758,18.209470748901367,,31.74384307861328,115.36225128173828,26.881786346435547,90.50847625732422,86.33802032470703,285.83233642578125,57.96998977661133,73.4469985961914
2019-12-02,20.045034408569336,17.951372146606445,,31.695552825927734,114.01292419433594,26.82952308654785,89.77450561523438,85.5329818725586,283.4043273925781,57.56765365600586,72.98527526855469
2019-12-03,20.184358596801758,18.045108795166016,,31.782470703125,114.09667205810547,26.864362716674805,89.1689682006836,84.95406341552734,281.50372314453125,57.433555603027344,72.10382843017578
2019-12-04,20.088571548461914,18.063594818115234,,31.81144142150879,114.62710571289062,26.916627883911133,89.82039642333984,85.43350219726562,283.2406311035156,57.7107048034668,72.62431335449219
2019-12-05,20.166942596435547,17.9843807220459,,31.68589973449707,114.83183288574219,26.942760467529297,90.0772705078125,85.55107879638672,283.7499084472656,57.8090705871582,72.79220581054688
2019-12-06,19.94054412841797,18.08339500427246,,31.79212760925293,115.1109848022461,27.003740310668945,90.82958984375,86.30184173583984,286.3416748046875,58.04150390625,73.51416778564453
2019-12-09,19.957958221435547,18.060291290283203,,31.772817611694336,114.74806213378906,26.96018409729004,90.6736068725586,86.03048706054688,285.44146728515625,57.90740203857422,73.27071380615234
2019-12-10,19.96666717529297,17.977779388427734,,31.782470703125,114.56196594238281,27.003740310668945,90.5543441772461,85.93096923828125,285.12310791015625,57.84480285644531,73.20356750488281
2019-12-11,19.923128128051758,18.033227920532227,,31.859729766845703,114.83183288574219,27.02987289428711,90.88463592529297,86.10282897949219,285.93255615234375,57.83588790893555,73.45538330078125
2019-12-12,19.6270694732666,18.033227920532227,,31.821102142333984,114.93419647216797,27.134401321411133,91.56358337402344,86.89883422851562,288.39697265625,57.97891616821289,74.58033752441406
2019-12-13,19.68802261352539,18.207494735717773,,31.888700485229492,115.43670654296875,27.16924476623535,91.48099517822266,86.74506378173828,288.5696716308594,58.12197494506836,74.16057586669922
2019-12-16,19.6270694732666,18.222017288208008,,31.965961456298828,116.05803680419922,27.247644424438477,92.0892105102539,87.37663269042969,290.5521545410156,58.39537811279297,74.86554718017578
2019-12-17,19.58353042602539,18.188352584838867,,32.00458908081055,115.8431396484375,27.25635528564453,92.01549530029297,87.34941101074219,290.6158447265625,58.359405517578125,74.88243103027344
2019-12-18,19.4180850982666,18.15930938720703,,31.898357391357422,115.79644775390625,27.230222702026367,92.107666015625,87.43109130859375,290.6340026855469,58.33241653442383,75.00920867919922
2019-12-19,19.38325309753418,18.189010620117188,,31.9563045501709,116.50655364990234,27.273773193359375,92.48545837402344,87.76685333251953,291.8253173828125,58.566253662109375,75.2712631225586
2019-12-20,19.50516128540039,18.310468673706055,,31.859729766845703,117.35681915283203,27.291196823120117,93.01074981689453,88.29315948486328,293.1048278808594,58.94397735595703,75.90520477294922
2019-12-23,19.331008911132812,18.29792594909668,,31.91767120361328,116.89898681640625,27.299907684326172,93.01994323730469,88.30223083496094,293.552490234375,58.69215774536133,75.97282409667969
2019-12-24,19.357131958007812,18.315088272094727,,31.93699073791504,117.08586120605469,27.308616638183594,92.99231719970703,88.37483215332031,293.5616760253906,58.74612808227539,75.95594024658203
2019-12-26,19.36583709716797,18.39891815185547,,32.04322052001953,117.46895599365234,27.360883712768555,93.33329772949219,88.4746322631836,295.12445068359375,58.916996002197266,76.16726684570312
2019-12-27,19.406251907348633,18.369436264038086,,31.994935989379883,117.64649200439453,27.38701820373535,93.3517074584961,88.465576171875,295.05133056640625,59.06089401245117,76.00664520263672
2019-12-30,19.45017433166504,18.20258331298828,,32.052879333496094,117.06715393066406,27.340858459472656,92.90015411376953,88.11886596679688,293.4245300292969,58.87202835083008,75.58399963378906
2019-12-31,19.458961486816406,18.214092254638672,,32.06253433227539,117.31942749023438,27.340858459472656,93.07525634765625,88.40929412841797,294.137451171875,58.997947692871094,75.84603881835938
2020-01-02,19.432605743408203,18.454299926757812,,32.081851959228516,117.71188354492188,27.491762161254883,93.88622283935547,88.73603057861328,296.88812255859375,59.01593780517578,76.33628845214844
2020-01-03,19.590736389160156,18.41402244567871,,32.1301383972168,117.69319915771484,27.38524055480957,93.27800750732422,88.31852722167969,294.6401062011719,59.05189895629883,75.5163803100586
2020-01-06,19.520456314086914,18.450702667236328,,32.11082458496094,117.8239974975586,27.4118709564209,93.49916076660156,88.44559478759766,295.76416015625,59.132843017578125,75.39805603027344
2020-01-07,19.485315322875977,18.42193603515625,,32.21705627441406,117.53435516357422,27.402996063232422,93.37017822265625,88.40022277832031,294.9325256347656,58.89002227783203,75.5079345703125
2020-01-08,19.46774673461914,18.427688598632812,,32.21705627441406,118.16036987304688,27.4118709564209,93.74797058105469,88.69065856933594,296.50439453125,59.01593780517578,75.67698669433594
2020-01-09,19.59952163696289,18.495288848876953,,32.18808364868164,119.18817138671875,27.465133666992188,94.5128402709961,89.09905242919922,298.5149230957031,59.38466262817383,75.8122329711914
2020-01-10,19.6785888671875,18.493854522705078,,32.17842102050781,119.18817138671875,27.447378158569336,94.38384246826172,88.79048156738281,297.65582275390625,59.357688903808594,75.49103546142578
2020-01-13,19.6785888671875,18.558582305908203,,32.15910720825195,120.30010223388672,27.5095157623291,95.1671371459961,89.40766143798828,299.702880859375,59.717430114746094,75.72769927978516
2020-01-14,19.573165893554688,18.565052032470703,,32.18808364868164,120.06648254394531,27.536149978637695,95.02891540527344,89.56195068359375,299.2460021972656,59.68144989013672,75.99820709228516
2020-01-15,19.70494270324707,18.595260620117188,,32.21705627441406,121.0849380493164,27.500638961791992,95.3145980834961,89.7071533203125,299.9222412109375,60.09516906738281,75.70236206054688
2020-01-16,19.643447875976562,18.69666290283203,,32.2846565246582,122.04735565185547,27.55390167236328,96.08867645263672,90.55123901367188,302.4170837402344,60.5538330078125,76.31940460205078
2020-01-17,19.66101837158203,18.77361488342285,,32.24602508544922,122.75746154785156,27.562776565551758,96.35591888427734,90.65104675292969,303.35833740234375,60.81465530395508,76.38700866699219
2020-01-21,19.89821434020996,18.71752166748047,,32.25568771362305,123.3928451538086,27.474010467529297,96.097900390625,90.38785552978516,302.76434326171875,60.96754837036133,76.02355194091797
2020-01-22,19.915782928466797,18.746288299560547,,32.25568771362305,123.6825180053711,27.5095157623291,96.15318298339844,90.30616760253906,302.80096435546875,61.07546615600586,76.42927551269531
2020-01-23,19.924570083618164,18.795913696289062,,32.19773864746094,123.91609954833984,27.500638961791992,96.06103515625,90.52400970458984,303.1481628417969,61.21935272216797,76.47999572753906
2020-01-24,20.144197463989258,18.70026206970215,,32.313629150390625,123.36483001708984,27.43850326538086,95.0657958984375,89.61637115478516,300.45220947265625,60.93156051635742,75.96438598632812
2020-01-27,20.425321578979492,18.46077537536621,,32.23637008666992,122.27159881591797,27.260963439941406,93.48993682861328,88.19145202636719,295.6361083984375,60.4998664855957,74.3921890258789
2020-01-28,20.372610092163086,18.541324615478516,,32.2943115234375,123.34613037109375,27.340858459472656,94.32852935791016,88.99922943115234,298.73419189453125,60.85960006713867,75.14447021484375
2020-01-29,20.35504150390625,18.65422821044922,,32.2846565246582,122.96305847167969,27.358610153198242,94.45757293701172,88.72694396972656,298.4874572753906,60.652774810791016,74.34144592285156
2020-01-30,20.442890167236328,18.6304988861084,,32.26533889770508,123.83200073242188,27.323102951049805,94.58657836914062,88.97199249267578,299.4562072753906,61.129417419433594,74.38373565673828
2020-01-31,20.565881729125977,18.396766662597656,,32.16876983642578,121.71100616455078,27.181074142456055,92.43937683105469,87.28386688232422,294.0187072753906,60.382957458496094,72.98058319091797
2020-02-03,20.4955997467041,18.487377166748047,,32.11082458496094,122.86959075927734,27.260963439941406,93.36094665527344,87.96456909179688,296.2027587890625,60.706729888916016,73.3187026977539
2020-02-04,20.188121795654297,18.555707931518555,,32.17842102050781,124.39264678955078,27.4118709564209,94.7340316772461,89.38043212890625,300.7172546386719,61.12042999267578,74.63729858398438
2020-02-05,20.003637313842773,18.594541549682617,,32.1301383972168,124.30854034423828,27.465133666992188,95.88594818115234,90.3243179321289,304.18988037109375,61.59709167480469,76.2348861694336
2020-02-06,20.205692291259766,18.70241355895996,,32.1301383972168,124.93456268310547,27.456253051757812,96.2269058227539,90.33340454101562,305.2134704589844,61.66904830932617,76.3278579711914
2020-02-07,20.29354476928711,18.73837661743164,,31.908018112182617,124.4580078125,27.402996063232422,95.59104919433594,89.64360809326172,303.5868835449219,61.50716018676758,75.7192611694336
2020-02-10,20.205692291259766,18.915292739868164,,31.91767120361328,125.72875213623047,27.420747756958008,96.05184173583984,89.98851776123047,305.8531799316406,61.86690902709961,76.00664520263672
2020-02-11,20.08270263671875,18.9224910736084,,31.994935989379883,125.8315200805664,27.5095157623291,96.2269058227539,90.72367095947266,306.38330078125,61.97481918334961,76.60678100585938
2020-02-12,19.9597110748291,18.98649787902832,,32.04322052001953,126.15857696533203,27.545026779174805,96.8074951171875,91.34082794189453,308.357177734375,62.06475830078125,77.26610565185547
2020-02-13,20.109054565429688,18.95701026916504,,32.081851959228516,127.02753448486328,27.491762161254883,96.57711029052734,91.27729797363281,308.0283203125,62.361534118652344,76.9533462524414
2020-02-14,20.267187118530273,19.02604866027832,,31.975618362426758,127.88716125488281,27.518394470214844,96.76140594482422,91.39530181884766,308.52166748046875,62.658329010009766,76.42927551269531
2020-02-18,20.372610092163086,19.112354278564453,,31.985275268554688,127.78438568115234,27.48288917541504,96.49415588378906,91.2137680053711,307.72662353515625,62.613380432128906,75.96438598632812
2020-02-19,20.267187118530273,19.24899673461914,,32.081851959228516,128.08335876464844,27.518394470214844,96.81671142578125,91.56771850585938,309.1980285644531,62.58638381958008,76.37012481689453
2020-02-20,20.12662696838379,19.28352165222168,,32.139793395996094,127.55078887939453,27.474010467529297,96.52181243896484,91.63127136230469,307.9277648925781,62.460472106933594,76.2348861694336
2020-02-21,20.249618530273438,19.266983032226562,,32.02390670776367,126.39217376708984,27.43850326538086,95.59104919433594,90.72367095947266,304.75665283203125,62.28059768676758,75.46565246582031
2020-02-24,20.76793670654297,18.94046974182129,,31.975618362426758,123.25269317626953,27.154441833496094,92.29195404052734,87.95549011230469,294.64935302734375,61.02150344848633,72.76080322265625
2020-02-25,20.943639755249023,18.59885025024414,,31.840415954589844,119.83290100097656,27.07455062866211,89.4720458984375,85.03301239013672,285.720703125,59.49259567260742,70.14048767089844
2020-02-26,21.10177230834961,18.588069915771484,,31.840415954589844,119.13211822509766,27.07455062866211,89.27853393554688,84.07096099853516,284.66973876953125,59.28573226928711,69.40509033203125
2020-02-27,20.969995498657227,18.10405731201172,,31.9563045501709,113.89965057373047,26.83487319946289,85.48178100585938,80.66744995117188,271.8847961425781,56.65061950683594,66.4889144897461
2020-02-28,20.65373420715332,18.0076847076416,,31.83075523376465,112.96529388427734,26.781612396240234,84.7353286743164,79.75080108642578,270.74237060546875,55.103721618652344,65.94794464111328
2020-03-02,20.978778839111328,18.37590980529785,,31.91767120361328,118.41266632080078,26.950271606445312,88.48600769042969,82.60064697265625,282.46734619140625,58.152557373046875,68.57673645019531
2020-03-03,21.198406219482422,18.503917694091797,,31.908018112182617,116.1141128540039,26.959150314331055,85.83197021484375,80.6220932006836,274.3796081542969,57.145267486572266,66.36212158203125
2020-03-04,21.435604095458984,18.76570701599121,,31.869386672973633,121.43067169189453,27.101179122924805,89.17716217041016,83.6534652709961,285.9127197265625,59.717430114746094,68.97400665283203
2020-03-05,21.8309326171875,18.683002471923828,,31.28028678894043,118.0482406616211,26.941396713256836,86.36648559570312,80.74915313720703,276.4084167480469,58.24247741699219,66.56498718261719
2020-03-06,22.103271484375,18.846254348754883,,30.98090934753418,116.42244720458984,26.87038230895996,85.10395812988281,79.07007598876953,271.8390808105469,57.720848083496094,65.32243347167969
2020-03-09,22.937854766845703,18.277379989624023,,29.928251266479492,108.48030853271484,26.142475128173828,79.11397552490234,72.12694549560547,250.6099090576172,54.23134231567383,59.15198516845703
2020-03-10,22.604021072387695,18.459331512451172,,30.720157623291016,113.15215301513672,26.408781051635742,83.20557403564453,75.41246032714844,263.5776672363281,55.97610092163086,62.26255798339844
2020-03-11,22.902713775634766,18.178855895996094,,30.498037338256836,107.5085678100586,25.849538803100586,79.11397552490234,71.25564575195312,250.7286834716797,53.5388298034668,58.84767532348633
2020-03-12,23.087202072143555,17.469017028808594,,29.14600372314453,97.87520599365234,24.917461395263672,71.70480346679688,64.19454193115234,226.73968505859375,48.51143264770508,52.178489685058594
2020-03-13,22.841218948364258,17.940080642700195,,28.981828689575195,105.71456909179688,25.361305236816406,78.20166778564453,69.23169708251953,246.122802734375,51.7401123046875,57.359989166259766
2020-03-16,22.832433700561523,17.893335342407227,,27.649106979370117,92.64273834228516,24.562389373779297,70.23956298828125,59.81989669799805,219.19110107421875,46.523841857910156,50.08222579956055
2020-03-17,22.95542335510254,17.4833984375,,29.078401565551758,99.0992431640625,24.775432586669922,73.29906463623047,63.84962844848633,231.02572631835938,48.96108627319336,52.79554748535156
2020-03-18,22.920284271240234,17.272676467895508,,26.924802780151367,93.76398468017578,24.04752540588379,70.14742279052734,58.81246566772461,219.32823181152344,46.70370864868164,50.28507995605469
2020-03-19,22.630374908447266,17.50568962097168,,27.784313201904297,93.13797760009766,23.68357276916504,70.16584777832031,60.192020416259766,219.79429626464844,45.894290924072266,50.03995132446289
2020-03-20,22.533740997314453,17.770355224609375,,28.1223201751709,87.65321350097656,23.798973083496094,66.40596008300781,57.45106506347656,210.3224334716797,43.4839973449707,47.774635314941406
2020-03-23,22.07691764831543,17.97819709777832,,27.96780014038086,84.42963409423828,23.67469596862793,63.844120025634766,55.753849029541016,204.9449005126953,41.91911697387695,46.76877212524414
2020-03-24,22.006633758544922,18.206180572509766,,28.807994842529297,93.41826629638672,24.331584930419922,70.46073913574219,61.444496154785156,223.51353454589844,45.55253219604492,51.46001052856445
2020-03-25,21.78700828552246,18.089675903320312,,29.512985229492188,95.58161163330078,24.828693389892578,71.96167755126953,63.06026840209961,226.85958862304688,46.35159683227539,52.19874572753906
2020-03-26,22.050561904907227,18.182443618774414,,29.6481876373291,101.88866424560547,25.245906829833984,76.0012435913086,66.83256530761719,240.10592651367188,49.582275390625,55.56751251220703
2020-03-27,22.3668212890625,18.2486572265625,,29.43572425842285,99.89894104003906,25.112754821777344,73.63865661621094,64.83226013183594,232.9541473388672,48.550636291503906,53.46416473388672
2020-03-30,22.82364845275879,18.35085105895996,,29.493671417236328,103.08063507080078,25.237031936645508,76.39036560058594,66.43982696533203,240.51954650878906,50.107139587402344,54.97755813598633
2020-03-31,22.56888198852539,18.242176055908203,,29.10737419128418,99.93649291992188,25.272539138793945,75.0840072631836,65.1976089477539,236.93446350097656,48.87640380859375,53.86602783203125
2020-04-01,22.82364845275879,18.263771057128906,,28.991485595703125,95.0654296875,24.944091796875,71.95240783691406,61.91855239868164,226.27125549316406,47.00316619873047,50.873470306396484
2020-04-02,22.744583129882812,18.286081314086914,,29.030113220214844,96.58587646484375,25.07724380493164,73.64791107177734,62.77713394165039,231.49258422851562,48.05290985107422,51.5745849609375
2020-04-03,22.972993850708008,18.173810958862305,,28.865938186645508,94.86833953857422,24.837570190429688,72.50830841064453,61.60800552368164,228.14654541015625,47.37419509887695,50.66825866699219
2020-04-06,22.76215171813965,18.412738800048828,,29.43572425842285,101.65402221679688,25.228153228759766,77.36320495605469,66.3758773803711,243.47023010253906,50.36053466796875,54.43888854980469
2020-04-07,22.56888198852539,18.281757354736328,,29.406753540039062,100.87503051757812,25.3257999420166,77.59481811523438,66.93301391601562,243.71847534179688,50.279083251953125,55.09726333618164
2020-04-08,22.32289695739746,18.266645431518555,,29.686817169189453,103.72821044921875,25.46782875061035,80.18904113769531,69.76453399658203,251.8997802734375,52.12519073486328,57.3373908996582
2020-04-09,22.25261688232422,18.343652725219727,,29.793048858642578,104.55413055419922,25.7341365814209,81.01364135742188,71.41779327392578,255.73291015625,53.53691482543945,58.34630584716797
2020-04-13,22.401966094970703,18.350130081176758,,29.677160263061523,104.9858627319336,25.70750617980957,79.71650695800781,70.0294189453125,253.3981475830078,52.423828125,57.482749938964844
2020-04-14,22.428319931030273,18.409143447875977,,29.686817169189453,109.07794952392578,25.796274185180664,82.22734832763672,71.76487731933594,260.8714599609375,53.92604446411133,58.782371520996094
2020-04-15,22.665515899658203,18.476070404052734,,29.966882705688477,107.67948913574219,25.663122177124023,80.32801818847656,69.69148254394531,255.32847595214844,52.60481262207031,56.7217903137207
2020-04-16,22.929067611694336,18.535083770751953,,30.07311248779297,109.41581726074219,25.663122177124023,80.49478149414062,69.71888732910156,256.560302734375,52.87630081176758,56.55933380126953
2020-04-17,22.76215171813965,18.505578994750977,,30.179344177246094,111.20841979980469,25.938304901123047,82.82032775878906,72.2306900024414,263.4913635253906,54.41472244262695,58.542972564697266
2020-04-20,22.80607795715332,18.602014541625977,,30.246946334838867,110.01649475097656,25.840662002563477,81.31012725830078,70.99761962890625,258.8492431640625,53.229225158691406,57.18348693847656
2020-04-21,22.814861297607422,18.671100616455078,,30.131057739257812,105.8962631225586,25.627613067626953,78.90121459960938,68.90597534179688,250.9896697998047,51.898948669433594,55.23405456542969
2020-04-22,22.832433700561523,18.766096115112305,,29.947566986083984,108.72127532958984,25.71638298034668,80.71714782714844,70.31259155273438,256.560302734375,52.8400993347168,56.25153350830078
2020-04-23,22.560096740722656,18.766096115112305,,30.034482955932617,108.43032836914062,25.796274185180664,80.6337661743164,70.4495849609375,256.5418701171875,52.44192123413086,56.43107223510742
2020-04-24,22.349252700805664,18.837343215942383,,29.918594360351562,110.00711822509766,25.840662002563477,81.912353515625,71.43604278564453,260.1177673339844,52.92155075073242,57.26044845581055
2020-04-27,22.059345245361328,18.815757751464844,,29.89927864074707,111.4055404663086,25.849538803100586,83.32062530517578,73.2811050415039,263.8682556152344,53.76314163208008,58.679771423339844
2020-04-28,22.14719581604004,18.873327255249023,,30.198657989501953,110.01649475097656,25.929428100585938,83.32990264892578,73.7286605834961,262.6548767089844,53.754112243652344,59.3381233215332
2020-04-29,21.523454666137695,18.812156677246094,,30.3338623046875,112.69133758544922,26.186859130859375,85.51646423339844,75.8020248413086,269.53076171875,54.269920349121094,61.5782585144043
2020-04-30,21.804580688476562,18.646636962890625,,30.314546585083008,111.63077545166016,26.053707122802734,84.30272674560547,74.10311889648438,267.02130126953125,53.455467224121094,59.83404541015625
2020-05-01,22.19112205505371,18.585460662841797,,30.411121368408203,108.89961242675781,25.920551300048828,82.28292083740234,71.82878875732422,259.95233154296875,52.3604736328125,57.46564865112305
2020-05-04,22.226261138916016,18.585460662841797,,30.40146255493164,110.36373901367188,25.902799606323242,82.54237365722656,72.05715942382812,260.6693420410156,52.51432418823242,57.38014602661133
2020-05-05,22.463459014892578,18.56243133544922,,30.362834930419922,112.10942840576172,25.982690811157227,83.32990264892578,72.87005615234375,263.0777282714844,53.05728530883789,57.61955261230469
2020-05-06,22.498600006103516,18.502696990966797,,30.469064712524414,112.08129119873047,25.929428100585938,82.9036865234375,72.19415283203125,261.2943420410156,52.38762283325195,56.93553924560547
2020-05-07,22.3668212890625,18.502696990966797,,30.58495330810547,112.888427734375,26.044830322265625,83.83946228027344,73.45462036132812,264.4474792480469,53.00299072265625,57.61100387573242
2020-05-08,21.989065170288086,18.502696990966797,,30.893991470336914,114.17424774169922,26.151350021362305,85.23849487304688,75.12614440917969,268.8229675292969,53.736000061035156,59.39799499511719
2020-05-11,22.155981063842773,18.513498306274414,,30.758787155151367,115.76038360595703,26.080333709716797,85.37748718261719,74.8703842163086,268.87811279296875,53.5731201171875,58.85077667236328
2020-05-12,22.349252700805664,18.509891510009766,,30.449752807617188,113.7237548828125,26.071460723876953,83.49668884277344,73.21715545654297,263.5188903808594,52.65910339355469,57.32884979248047
2020-05-13,22.577667236328125,18.596254348754883,,30.189001083374023,112.61624908447266,26.0181941986084,82.19955444335938,71.20771026611328,258.8583984375,51.907997131347656,55.490570068359375
2020-05-14,22.524953842163086,18.589061737060547,,30.28557586669922,113.57357025146484,25.991567611694336,83.19091033935547,72.03887939453125,261.9561767578125,52.405731201171875,56.704689025878906
2020-05-15,22.48103141784668,18.585460662841797,,30.189001083374023,114.9344711303711,26.02707290649414,83.8209457397461,72.36771392822266,263.1604309082031,52.631954193115234,56.439632415771484
2020-05-18,21.945138931274414,18.26593017578125,,30.131057739257812,116.05132293701172,26.266752243041992,86.4151382446289,75.50064086914062,271.1762390136719,54.07988357543945,59.41510009765625
2020-05-19,21.980281829833984,18.252975463867188,,29.947566986083984,115.516357421875,26.248994827270508,85.40526580810547,74.82472229003906,268.3909912109375,53.455467224121094,58.63702392578125
2020-05-20,21.743083953857422,18.171649932861328,,29.86065101623535,116.65202331542969,26.408781051635742,86.7672119140625,75.96644592285156,272.9503173828125,53.92604446411133,59.902435302734375
2020-05-21,21.866071701049805,18.225629806518555,,29.754419326782227,115.57270050048828,26.373273849487305,86.24837493896484,75.56458282470703,271.06591796875,53.564056396484375,59.449283599853516
2020-05-22,22.015419006347656,18.29399871826172,,29.928251266479492,116.11705017089844,26.373273849487305,86.4151382446289,75.79292297363281,271.5806579589844,53.754112243652344,59.32102584838867
2020-05-26,21.69915771484375,18.070898056030273,,30.053800582885742,115.24418640136719,26.4620418548584,87.80492401123047,77.57402801513672,274.92681884765625,54.36042404174805,61.355987548828125
2020-05-27,21.461959838867188,18.15509605407715,,30.38214874267578,116.07951354980469,26.506427764892578,88.8055419921875,79.16329193115234,279.0173645019531,55.03913497924805,63.42510986328125
2020-05-28,21.69915771484375,18.038515090942383,,30.189001083374023,116.3610610961914,26.524181365966797,88.54612731933594,78.78881072998047,278.5025329589844,55.5368537902832,61.94593811035156
2020-05-29,22.07691764831543,18.070898056030273,,30.121400833129883,118.18184661865234,26.568565368652344,89.03717041015625,78.98979949951172,279.7435302734375,55.763099670410156,61.903194427490234
2020-06-01,21.707942962646484,17.998929977416992,,30.411121368408203,118.8200454711914,26.710594177246094,89.33364868164062,79.8757553100586,280.87420654296875,55.9531364440918,62.1596794128418
2020-06-02,21.356538772583008,17.86939239501953,,30.07311248779297,118.94207000732422,26.82599639892578,90.02852630615234,80.67041778564453,283.19989013671875,56.10697937011719,62.81806564331055
2020-06-03,20.442890167236328,17.652048110961914,,30.208316802978516,118.7918930053711,26.97690200805664,91.37197875976562,82.6889877319336,286.96881103515625,56.595645904541016,64.32288360595703
2020-06-04,19.731298446655273,17.581523895263672,,30.34351921081543,117.44976806640625,26.932518005371094,90.85311126708984,82.78031921386719,286.21502685546875,56.161277770996094,65.21208953857422
2020-06-05,18.931856155395508,17.581523895263672,,30.710500717163086,118.80126190185547,27.056793212890625,93.13230895996094,85.31951904296875,293.5505676269531,57.31960678100586,67.42658233642578
2020-06-08,18.114843368530273,17.68227195739746,,30.80707550048828,119.74922943115234,27.101179122924805,93.9754409790039,86.91796112060547,297.09881591796875,57.92593002319336,68.87156677246094
2020-06-09,18.940641403198242,17.667884826660156,,30.57529640197754,120.20909881591797,27.04792022705078,93.0396728515625,85.20079803466797,294.88348388671875,57.31960678100586,67.39238739013672
2020-06-10,19.906999588012695,17.7110652923584,,30.053800582885742,121.98295593261719,27.101179122924805,92.4837875366211,83.55669403076172,293.23809814453125,57.04814147949219,65.83625030517578
2020-06-11,21.224763870239258,17.660690307617188,,29.715789794921875,116.31413269042969,26.719472885131836,86.99886322021484,78.10379791259766,276.33319091796875,54.1884765625,61.013954162597656
2020-06-12,20.48681640625,17.68227195739746,,29.87030792236328,116.78340148925781,26.82599639892578,87.93463134765625,79.50125885009766,279.6423645019531,54.53235626220703,62.245182037353516
2020-06-15,20.302330017089844,17.68227195739746,,29.976539611816406,118.53961181640625,26.888134002685547,88.71117401123047,80.61092376708984,282.2530517578125,54.925270080566406,62.82720947265625
2020-06-16,20.08270263671875,17.64629364013672,,29.986194610595703,120.7231216430664,26.941396713256836,90.36653137207031,82.13326263427734,287.685791015625,55.72563552856445,64.00501251220703
2020-06-17,20.55709457397461,17.57504653930664,,30.06345558166504,121.07135009765625,26.97690200805664,89.9666519165039,81.56468200683594,286.4907531738281,55.58012008666992,63.196876525878906
2020-06-18,20.565881729125977,17.516752243041992,,30.024826049804688,121.09017181396484,26.968027114868164,89.90154266357422,81.56468200683594,286.60107421875,55.607398986816406,63.033538818359375
2020-06-19,20.759153366088867,17.61246681213379,,30.034482955932617,121.97488403320312,26.950271606445312,89.3807373046875,81.02359771728516,284.96319580078125,55.26179122924805,62.663856506347656
2020-06-22,20.838218688964844,17.667884826660156,,30.131057739257812,123.04780578613281,27.0035343170166,89.9852294921875,81.1520004272461,286.79132080078125,55.38002395629883,62.646690368652344
2020-06-23,20.627376556396484,17.624706268310547,,30.32420539855957,123.25485229492188,27.04792022705078,90.47811889648438,81.23453521728516,288.111572265625,55.34364700317383,62.655269622802734
2020-06-24,21.356538772583008,17.562091827392578,,30.150371551513672,120.9019546508789,26.932518005371094,88.04159545898438,78.6025390625,280.76220703125,54.179473876953125,60.712337493896484
2020-06-25,21.40046501159668,17.613908767700195,,30.237289428710938,122.35131072998047,26.950271606445312,88.84135437011719,79.49209594726562,283.7721862792969,54.69789123535156,61.271148681640625
2020-06-26,21.795791625976562,17.639097213745117,,30.198657989501953,119.95135498046875,26.81711769104004,86.55360412597656,77.8230209350586,277.0321350097656,53.861141204833984,59.9213981628418
2020-06-29,21.259902954101562,17.654211044311523,,30.34351921081543,120.78900909423828,26.87038230895996,87.84628295898438,79.16194915771484,281.10382080078125,54.488704681396484,61.15938186645508
2020-06-30,21.38289451599121,17.732654571533203,,30.449752807617188,123.2925033569336,26.914766311645508,89.20404815673828,80.32662200927734,284.7046813964844,55.143550872802734,62.13944625854492
2020-07-01,21.453176498413086,17.618228912353516,,30.32420539855957,124.96775817871094,26.82599639892578,89.67835998535156,80.2716064453125,286.6989440917969,55.38002395629883,61.511863708496094
2020-07-02,21.54981231689453,17.62830352783203,,30.304889678955078,125.92774200439453,27.021286010742188,90.22700500488281,80.67512512207031,288.2777099609375,55.552825927734375,61.89873504638672
2020-07-06,21.42681884765625,17.74633026123047,,30.440095901489258,128.56300354003906,27.22545623779297,91.52901458740234,81.63805389404297,292.7279357910156,55.85297393798828,62.78424072265625
2020-07-07,21.857288360595703,17.806777954101562,,30.449752807617188,128.1206817626953,27.118932723999023,90.41304779052734,80.49169921875,289.70892333984375,55.46187973022461,61.580650329589844
2020-07-08,21.883644104003906,17.83700180053711,,30.469064712524414,129.5983123779297,27.181074142456055,90.91522979736328,80.9961166381836,291.92474365234375,55.57102966308594,61.769779205322266
2020-07-09,22.43710708618164,17.901777267456055,,30.53666877746582,130.47360229492188,27.181074142456055,90.2921371459961,79.91395568847656,290.262939453125,55.24359893798828,60.49740219116211
2020-07-10,22.094486236572266,17.86939239501953,,30.681529998779297,131.2924041748047,27.172195434570312,91.21281433105469,81.00527954101562,293.2265930175781,55.671058654785156,61.89012145996094
2020-07-13,21.90999984741211,17.80461883544922,,30.53666877746582,128.5818328857422,27.172195434570312,90.44091033935547,80.40917205810547,290.6875915527344,55.27997970581055,61.73538589477539
2020-07-14,21.95392417907715,17.83700180053711,,30.700843811035156,130.32296752929688,27.20770263671875,91.72431945800781,81.66557312011719,294.4546203613281,56.153114318847656,62.603668212890625
2020-07-15,21.207191467285156,17.91257095336914,,30.845705032348633,130.59593200683594,27.287595748901367,92.92398071289062,83.38050079345703,297.1598205566406,56.5623893737793,63.85886764526367
2020-07-16,21.391679763793945,17.844202041625977,,30.922964096069336,129.9559326171875,27.234333038330078,92.47760772705078,83.26126861572266,296.1811218261719,56.60786437988281,64.02220153808594
2020-07-17,21.42681884765625,17.85140037536621,,31.06782341003418,130.7277069091797,27.278718948364258,92.88677978515625,83.62809753417969,297.039794921875,57.180850982666016,64.08238983154297
2020-07-20,21.795791625976562,17.896018981933594,,31.135427474975586,133.85235595703125,27.376365661621094,93.31458282470703,83.48137664794922,299.4403076171875,57.21723556518555,63.73847579956055
2020-07-21,21.637659072875977,18.029878616333008,,31.0967960357666,132.4877166748047,27.43850326538086,93.69586944580078,84.05912017822266,300.0774230957031,57.308189392089844,64.30587768554688
2020-07-22,21.558595657348633,18.088890075683594,,31.06782341003418,133.09939575195312,27.43850326538086,94.44915771484375,84.71025085449219,301.7854919433594,57.86299514770508,64.83891296386719
2020-07-23,21.54981231689453,18.152938842773438,,31.12576675415039,130.43594360351562,27.331981658935547,93.4075698852539,84.3342514038086,298.1846923828125,57.57194137573242,64.80452728271484
2020-07-24,21.655229568481445,18.16086196899414,,31.000221252441406,128.96771240234375,27.36748504638672,92.44969177246094,83.66477966308594,296.2641906738281,57.226322174072266,63.076534271240234
2020-07-27,21.690372467041016,18.254413604736328,,31.06782341003418,131.0194549560547,27.474010467529297,93.10999298095703,84.21504211425781,298.4246826171875,57.42642593383789,63.22268295288086
2020-07-28,21.62009048461914,18.297595977783203,,31.000221252441406,129.80535888671875,27.402996063232422,92.40319061279297,83.58223724365234,296.531982421875,57.28090286254883,62.97337341308594
2020-07-29,21.497100830078125,18.348691940307617,,31.08713722229004,131.3206024169922,27.500638961791992,93.37969970703125,84.99454498291016,300.1789245605469,57.817508697509766,63.566558837890625
2020-07-30,21.541027069091797,18.35588836669922,,30.971248626708984,131.3206024169922,27.447378158569336,92.95189666748047,84.4809799194336,299.1078796386719,57.58103942871094,63.033538818359375
2020-07-31,21.90999984741211,18.364521026611328,,30.922964096069336,131.94174194335938,27.394121170043945,93.6214599609375,84.4626235961914,301.47149658203125,57.66289520263672,62.792823791503906
2020-08-03,21.901214599609375,18.467437744140625,,31.135427474975586,133.58883666992188,27.5095157623291,93.94696807861328,85.00371551513672,303.5673828125,57.71746063232422,63.145301818847656
2020-08-04,21.78700828552246,18.65311050415039,,31.000221252441406,134.13470458984375,27.52726936340332,94.29105377197266,85.26968383789062,304.7401123046875,57.97211837768555,63.609527587890625
2020-08-05,21.38289451599121,18.679018020629883,,31.077482223510742,134.3323516845703,27.62491798400879,95.21173858642578,86.02166748046875,306.6327209472656,57.9266471862793,63.81586456298828
2020-08-06,21.347753524780273,18.679018020629883,,30.961593627929688,134.80288696289062,27.633792877197266,95.77903747558594,85.88410949707031,308.6824035644531,58.072166442871094,63.497779846191406
2020-08-07,21.022706985473633,18.481111526489258,,31.077482223510742,133.6829833984375,27.518394470214844,96.0394287109375,86.37933349609375,308.9040222167969,58.50873947143555,64.22852325439453
2020-08-10,20.390180587768555,18.4487247467041,,30.99056625366211,132.6288604736328,27.536149978637695,96.27191925048828,87.10381317138672,309.8273620605469,58.445064544677734,65.41492462158203
2020-08-11,20.117843627929688,18.1112003326416,,30.845705032348633,129.9559326171875,27.48288917541504,95.7883529663086,86.92040252685547,307.2698059082031,57.9084587097168,65.33755493164062
2020-08-12,20.38139533996582,18.075212478637695,,30.81673240661621,133.4759063720703,27.58940887451172,96.98799896240234,87.4981689453125,311.5538024902344,58.4996337890625,65.66424560546875
2020-08-13,20.55709457397461,18.047147750854492,,30.942277908325195,134.1723175048828,27.58940887451172,96.75552368164062,87.23222351074219,310.99066162109375,58.39049530029297,64.99366760253906
2020-08-14,20.46924591064453,18.034912109375,,30.951934814453125,134.0688018798828,27.545026779174805,96.70902252197266,87.31472778320312,310.9999694824219,58.39959716796875,65.36334991455078
2020-08-17,20.627376556396484,18.171649932861328,,31.183713912963867,136.50643920898438,27.651546478271484,97.00659942626953,87.53482818603516,311.98785400390625,58.67245101928711,65.24297332763672
2020-08-18,21.075414657592773,18.285362243652344,,31.06782341003418,137.3911590576172,27.695932388305664,97.0531234741211,87.1955337524414,312.6618347167969,58.67245101928711,64.830322265625
2020-08-19,20.978778839111328,18.06369972229004,,31.193370819091797,136.7041015625,27.598285675048828,96.75552368164062,86.7920150756836,311.3599548339844,58.24496841430664,64.78733825683594
2020-08-20,21.08420181274414,18.129911422729492,,31.15473747253418,138.30404663085938,27.642671585083008,96.97870635986328,86.48937225341797,312.3294677734375,58.24496841430664,64.26293182373047
2020-08-21,21.295042037963867,18.124874114990234,,31.212684631347656,139.00050354003906,27.58940887451172,97.26700592041016,86.36099243164062,313.4373474121094,58.172218322753906,64.22852325439453
2020-08-24,20.882144927978516,18.1450252532959,,31.116111755371094,138.5487518310547,27.633792877197266,98.33647918701172,87.4981689453125,316.6134338378906,58.545108795166016,65.37193298339844
2020-08-25,20.855789184570312,18.135669708251953,,31.077482223510742,139.46168518066406,27.651546478271484,98.67130279541016,87.5623550415039,317.7214660644531,58.65426254272461,65.26016998291016
2020-08-26,21.01392364501953,18.200439453125,,31.20302963256836,141.993408203125,27.749195098876953,99.57340240478516,87.7091064453125,320.9067077636719,58.808868408203125,64.98506164550781
2020-08-27,20.89971351623535,18.082414627075195,,31.174055099487305,141.83346557617188,27.704809188842773,99.65705871582031,88.13094329833984,321.6084289550781,59.08171844482422,65.13980865478516
2020-08-28,20.425321578979492,18.204755783081055,,31.31891632080078,142.4357452392578,27.72256088256836,100.64285278320312,88.84624481201172,323.68585205078125,59.354583740234375,65.8189926147461
2020-08-31,20.750370025634766,18.24721908569336,,31.212684631347656,144.44985961914062,27.740314483642578,100.04764556884766,88.24099731445312,322.5133056640625,59.23634338378906,65.20858764648438
2020-09-01,20.93485450744629,18.308391571044922,,31.376863479614258,146.12513732910156,27.793575286865234,100.75444030761719,88.95631408691406,325.5508117675781,59.21814727783203,65.10542297363281
2020-09-02,20.70644187927246,18.40554428100586,,31.367202758789062,147.1792449951172,27.829086303710938,102.44702911376953,90.46031188964844,330.25958251953125,60.35504913330078,66.47235870361328
2020-09-03,20.530742645263672,18.2760066986084,,31.02919578552246,139.78167724609375,27.687055587768555,99.03398132324219,87.90165710449219,318.89398193359375,58.90892028808594,64.91629791259766
2020-09-04,20.249618530273438,18.12271499633789,,30.98090934753418,137.83349609375,27.642671585083008,98.14119720458984,87.4798355102539,316.29034423828125,58.545108795166016,65.10542297363281
2020-09-08,20.205692291259766,18.056503295898438,,30.951934814453125,132.0076904296875,27.420747756958008,95.7976303100586,85.51728057861328,307.64837646484375,57.60832595825195,63.93622970581055
2020-09-09,20.530742645263672,18.114078521728516,,31.03885269165039,136.09231567382812,27.5716552734375,97.33212280273438,86.82870483398438,313.7235412597656,58.4996337890625,64.54661560058594
2020-09-10,20.390180587768555,18.082414627075195,,31.20302963256836,133.6641082763672,27.465133666992188,95.7325210571289,85.66399383544922,308.27618408203125,57.68108367919922,63.47196960449219
2020-09-11,20.416534423828125,18.088890075683594,,31.135427474975586,133.2029266357422,27.456253051757812,95.80693054199219,85.8199234008789,308.4331359863281,57.853885650634766,63.95341491699219
2020-09-14,20.109054565429688,18.222745895385742,,31.23200035095215,136.15823364257812,27.633792877197266,97.06243133544922,87.40646362304688,312.4956970214844,58.663352966308594,64.93347930908203
2020-09-15,19.99485206604004,18.171649932861328,,31.386518478393555,138.33229064941406,27.695932388305664,97.59251403808594,87.64488220214844,314.0744323730469,58.93621063232422,64.76154327392578
2020-09-16,19.819149017333984,18.002532958984375,,31.425148010253906,136.5817413330078,27.687055587768555,97.44371032714844,88.02091217041016,312.82806396484375,58.92709732055664,65.40632629394531
2020-09-17,19.89821434020996,17.945674896240234,,31.241655349731445,135.14178466796875,27.642671585083008,96.57881164550781,87.47063446044922,310.0764465332031,58.61787033081055,65.26016998291016
2020-09-18,20.19690704345703,17.916889190673828,,31.473434448242188,134.60525512695312,27.598285675048828,95.67672729492188,86.59943389892578,306.5068054199219,58.081260681152344,64.65836334228516
2020-09-21,20.65373420715332,17.753524780273438,,31.541034698486328,135.08526611328125,27.474010467529297,94.14228057861328,84.84780883789062,303.09552001953125,57.399139404296875,63.09370803833008
2020-09-22,20.794294357299805,17.726892471313477,,31.76315689086914,136.14878845214844,27.447378158569336,95.14663696289062,85.4622573852539,306.18231201171875,57.790218353271484,63.145301818847656
2020-09-23,20.847003936767578,17.567848205566406,,31.71487045288086,132.37696838378906,27.296470642089844,93.53266143798828,83.53307342529297,299.0816345214844,56.668724060058594,61.95024871826172
2020-09-24,21.057846069335938,17.51459503173828,,31.618297576904297,132.58436584472656,27.323102951049805,93.66341400146484,83.65283966064453,299.8787841796875,56.74184799194336,62.11466979980469
2020-09-25,20.89971351623535,17.50164222717285,,31.869386672973633,135.7519073486328,27.323102951049805,94.98040771484375,84.97030639648438,304.72698974609375,57.52791213989258,62.633872985839844
2020-09-28,20.609804153442383,17.74704933166504,,32.09150695800781,137.67503356933594,27.38524055480957,96.54020690917969,86.44434356689453,309.7882385253906,58.16770553588867,63.9405632019043
2020-09-29,20.820650100708008,17.772953033447266,,32.3812255859375,137.59022521972656,27.394121170043945,96.25999450683594,86.03897857666016,308.1011657714844,57.91178894042969,63.49058532714844
2020-09-30,20.724014282226562,17.69882583618164,,32.487457275390625,138.95716857910156,27.5095157623291,96.89513397216797,86.38906860351562,310.4371643066406,58.249969482421875,63.845359802246094
2020-10-01,20.63616180419922,17.802459716796875,,32.70957946777344,140.70120239257812,27.58940887451172,97.42749786376953,87.01555633544922,312.4301452636719,58.496761322021484,64.07037353515625
2020-10-02,20.29354476928711,17.80461883544922,,32.53574752807617,137.44879150390625,27.456253051757812,96.65229034423828,87.36564636230469,309.4638977050781,58.268253326416016,64.20016479492188
2020-10-05,20.23204803466797,17.736968994140625,,32.661293029785156,140.52207946777344,27.58053207397461,98.24946594238281,88.93181610107422,314.95166015625,59.03602600097656,65.34243774414062
2020-10-06,20.267187118530273,17.649890899658203,,32.50677490234375,138.34439086914062,27.545026779174805,97.10063171386719,88.13031768798828,310.4742431640625,58.42363357543945,64.82321166992188
2020-10-07,20.056346893310547,17.652772903442383,,32.65163803100586,140.8708953857422,27.651546478271484,98.62307739257812,89.75175476074219,315.8785400390625,59.1274299621582,66.09528350830078
2020-10-08,19.915782928466797,17.65349006652832,,32.62266540527344,141.42709350585938,27.651546478271484,99.5290756225586,90.77436828613281,318.67803955078125,59.68497085571289,67.2115478515625
2020-10-09,19.942140579223633,17.820451736450195,,32.77717971801758,143.18055725097656,27.71368408203125,100.49111938476562,91.09684753417969,321.52386474609375,60.068851470947266,66.87409210205078
2020-10-12,20.12662696838379,17.94135856628418,,32.806156158447266,145.80130004882812,27.793575286865234,101.77072143554688,91.71410369873047,326.6964416503906,60.626407623291016,67.42790222167969
2020-10-13,20.416534423828125,17.85787582397461,,32.786842346191406,146.0275421142578,27.793575286865234,101.07953643798828,91.13370513916016,324.56439208984375,60.2150993347168,66.7789077758789
2020-10-14,20.398963928222656,17.757125854492188,,32.970333099365234,145.06602478027344,27.72256088256836,100.48176574707031,90.90337371826172,322.5249938964844,59.9409065246582,66.59717559814453
2020-10-15,20.434106826782227,17.654211044311523,,33.05724334716797,144.11386108398438,27.651546478271484,100.35099792480469,91.13370513916016,322.1264953613281,59.67583465576172,66.96061706542969
2020-10-16,20.29354476928711,17.76863670349121,,33.00896072387695,143.80276489257812,27.72256088256836,100.33232116699219,91.0876235961914,321.9317626953125,59.80379104614258,67.0471420288086
2020-10-19,20.434106826782227,17.631181716918945,,32.92204284667969,141.67222595214844,27.660423278808594,98.73513793945312,89.90837860107422,317.03729248046875,58.8989143371582,66.41543579101562
2020-10-20,20.205692291259766,17.70746421813965,,32.99930191040039,141.38937377929688,27.704809188842773,99.22084045410156,90.43353271484375,318.3072509765625,58.972042083740234,66.63179779052734
2020-10-21,20.205692291259766,17.879465103149414,,33.03792953491211,140.6163330078125,27.687055587768555,99.37963104248047,90.12948608398438,317.7046813964844,59.05430221557617,66.35486602783203
2020-10-22,19.89821434020996,17.8765869140625,,33.00896072387695,140.48439025878906,27.678178787231445,99.93069458007812,90.97708129882812,319.4474182128906,59.25538635253906,67.298095703125
2020-10-23,19.784008026123047,17.943519592285156,,32.931697845458984,140.85202026367188,27.71368408203125,100.44442749023438,91.47457122802734,320.5320129394531,59.43818283081055,66.84813690185547
2020-10-26,20.073917388916016,17.80461883544922,,32.748207092285156,139.2777099609375,27.598285675048828,98.2961654663086,89.44773864746094,314.6086730957031,58.560733795166016,65.23858642578125
2020-10-27,20.372610092163086,17.79598617553711,,32.931697845458984,139.49449157714844,27.633792877197266,97.85716247558594,88.58172607421875,313.5240783691406,58.12200927734375,64.10498046875
2020-10-28,20.61859130859375,17.740570068359375,,33.08621597290039,134.818603515625,27.43850326538086,94.20516204833984,86.03897857666016,302.8081359863281,56.40366744995117,62.25313186645508
2020-10-29,20.346254348754883,17.767196655273438,,32.931697845458984,135.54449462890625,27.474010467529297,95.25125885009766,86.93263244628906,305.8857116699219,56.54991149902344,62.97135925292969
2020-10-30,20.08270263671875,17.697385787963867,,33.03792953491211,133.1405792236328,27.38524055480957,94.38262939453125,86.25088500976562,302.6968994140625,56.357967376708984,63.16173553466797
2020-11-02,19.863075256347656,17.700265884399414,,32.97998809814453,134.19642639160156,27.447378158569336,95.56885528564453,87.83551788330078,306.0896911621094,57.17143630981445,64.42515563964844
2020-11-03,19.546810150146484,17.7391300201416,,32.91238784790039,136.61923217773438,27.536149978637695,97.36214447021484,89.76100158691406,311.493896484375,58.13114547729492,65.67990112304688
2020-11-04,19.968496322631836,17.689472198486328,,33.04759216308594,142.75633239746094,27.78470230102539,99.72521209716797,90.27690124511719,318.4555358886719,58.77096176147461,65.75777435302734
2020-11-05,19.45017433166504,17.96582794189453,,33.076560974121094,145.38650512695312,27.971118927001953,101.44380187988281,92.2853012084961,324.6663818359375,59.2736701965332,67.36732482910156
2020-11-06,19.6785888671875,18.113359451293945,,33.2310791015625,145.35824584960938,27.9533634185791,101.266357421875,92.09183502197266,324.5921630859375,59.4747428894043,66.90003967285156
2020-11-09,17.930356979370117,17.812538146972656,,32.564720153808594,141.14425659179688,27.98887062072754,103.64810943603516,94.63458251953125,328.6710205078125,60.4435920715332,69.3316879272461
2020-11-10,17.719514846801758,17.74776840209961,,32.53574752807617,139.39080810546875,27.908979415893555,103.47062683105469,94.89253997802734,328.18890380859375,60.87318801879883,70.27490234375
2020-11-11,18.246620178222656,17.736968994140625,,32.51642990112305,142.22837829589844,27.979991912841797,103.78820037841797,95.17814636230469,330.62689208984375,61.16566467285156,70.20567321777344
2020-11-12,18.598024368286133,17.743446350097656,,32.45848846435547,141.84190368652344,27.979991912841797,102.55528259277344,93.90676879882812,327.41943359375,60.53499984741211,68.9682388305664
2020-11-13,18.220264434814453,17.93199920654297,,32.54540252685547,142.50180053710938,28.059885025024414,104.18049621582031,95.7585678100586,331.9524230957031,61.321048736572266,70.69027709960938
2020-11-16,17.693157196044922,17.938478469848633,,32.468143463134766,142.72805786132812,28.157529830932617,105.47876739501953,97.49056243896484,336.0960693359375,61.805477142333984,72.2998275756836
2020-11-17,17.526243209838867,17.998929977416992,,32.55506134033203,142.7751922607422,28.059885025024414,105.04912567138672,97.38923645019531,334.28851318359375,61.421592712402344,71.94502258300781
2020-11-18,17.37689781188965,17.984539031982422,,32.69026184082031,142.09642028808594,28.08651351928711,103.8068618774414,96.33895874023438,330.2653503417969,60.64468002319336,71.50369262695312
2020-11-19,17.37689781188965,17.977340698242188,,32.71923828125,143.24658203125,28.193037033081055,103.94696044921875,96.97464752197266,331.65576171875,60.754356384277344,71.72869110107422
2020-11-20,17.447175979614258,17.980939865112305,,32.75786590576172,142.55836486816406,28.210792541503906,103.1717529296875,96.60614776611328,329.38470458984375,60.46186065673828,71.3825454711914
2020-11-23,16.884931564331055,17.888822555541992,,32.68061065673828,142.64317321777344,28.264053344726562,103.89096069335938,97.82225036621094,331.3591613769531,60.54412078857422,73.095947265625
2020-11-24,16.269975662231445,17.99101448059082,,32.65163803100586,143.35023498535156,28.33506965637207,105.56282806396484,99.56348419189453,336.6985778808594,61.09254837036133,74.8612289428711
2020-11-25,16.50717544555664,17.944955825805664,,32.738555908203125,144.93402099609375,28.379453659057617,105.18923950195312,99.20418548583984,336.17950439453125,60.98288345336914,74.22090148925781
2020-11-27,16.69165802001953,18.07161521911621,,32.76752471923828,146.5931854248047,28.423839569091797,105.43204498291016,99.29631042480469,337.11578369140625,61.074275970458984,74.26414489746094
2020-11-30,17.078203201293945,17.826213836669922,,32.748207092285156,147.2908172607422,28.299558639526367,105.039794921875,98.59612274169922,335.6233215332031,60.91889572143555,73.53726959228516
2020-12-01,17.016708374023438,18.042831420898438,,32.69992446899414,147.38510131835938,28.43271255493164,106.48751068115234,99.31472778320312,339.29412841796875,61.36675262451172,74.36801147460938
2020-12-02,16.823434829711914,18.00613021850586,20.575218200683594,32.661293029785156,146.66864013671875,28.450468063354492,106.27267456054688,99.30551147460938,340.0079345703125,61.16566467285156,74.94778442382812
2020-12-03,16.753154754638672,18.125593185424805,20.84993553161621,32.76752471923828,147.13055419921875,28.512605667114258,106.384765625,99.79379272460938,339.9152526855469,61.055999755859375,75.4410400390625
2020-12-04,16.551097869873047,18.14646339416504,20.702327728271484,32.77717971801758,147.89414978027344,28.574743270874023,107.26277160644531,101.2678451538086,342.844482421875,61.36675262451172,76.85155487060547
2020-12-07,16.55988311767578,18.109039306640625,20.85403823852539,32.70957946777344,149.22341918945312,28.601377487182617,107.1133041381836,100.86249542236328,342.13995361328125,61.30276870727539,76.25445556640625
2020-12-08,16.647733688354492,18.0975284576416,20.69002342224121,32.661293029785156,149.89271545410156,28.61913299560547,107.53361511230469,101.35078430175781,343.14111328125,61.485565185546875,76.83424377441406
2020-12-09,16.595022201538086,18.05290985107422,20.85403823852539,32.593692779541016,146.2255401611328,28.54811668395996,106.73967742919922,100.66900634765625,340.0635986328125,61.20221710205078,76.74771881103516
2020-12-10,16.542314529418945,18.234981536865234,20.7269287109375,32.60334777832031,147.75277709960938,28.645761489868164,106.4034423828125,100.9085464477539,339.9523620605469,60.96458053588867,76.2025375366211
2020-12-11,16.718015670776367,18.127750396728516,20.772029876708984,32.632320404052734,147.56419372558594,28.5836238861084,106.42213439941406,100.58610534667969,339.55364990234375,61.074275970458984,75.72659301757812
2020-12-14,16.805864334106445,18.119115829467773,20.82041358947754,32.7964973449707,148.49935913085938,28.628005981445312,105.82971954345703,100.13304138183594,338.0334167480469,60.90165710449219,75.24335479736328
2020-12-15,16.78829574584961,18.322063446044922,20.911439895629883,32.99930191040039,149.9067840576172,28.707901000976562,107.16077423095703,101.6493911743164,342.6034851074219,61.53517532348633,76.06179809570312
2020-12-16,16.81464958190918,18.42209815979004,20.867979049682617,32.97998809814453,150.59632873535156,28.734525680541992,107.16077423095703,101.70484161376953,343.14111328125,61.51681900024414,75.84414672851562
2020-12-17,16.87614631652832,18.550199508666992,21.075450897216797,32.96067428588867,152.6177520751953,28.823301315307617,107.9669189453125,102.51847839355469,345.0600280761719,62.113624572753906,75.87898254394531
2020-12-18,16.9727840423584,18.501258850097656,20.9450626373291,32.96067428588867,152.93894958496094,28.823301315307617,107.57323455810547,102.29659271240234,343.6821594238281,62.10443878173828,74.9560546875
2020-12-21,17.02549171447754,18.291839599609375,21.046751022338867,32.88341522216797,152.84446716308594,28.707901000976562,107.03892517089844,101.76033020019531,342.453369140625,61.590267181396484,74.5555419921875
2020-12-22,17.130910873413086,18.126314163208008,20.812211990356445,32.7288932800293,153.8268585205078,28.716773986816406,106.80458068847656,101.89903259277344,341.876220703125,61.3974494934082,73.88513946533203
2020-12-23,16.999135971069336,18.300474166870117,21.193538665771484,32.88341522216797,152.34384155273438,28.778911590576172,106.73896789550781,102.26885986328125,342.1833190917969,61.3607292175293,74.58167266845703
2020-12-24,16.9815673828125,18.231386184692383,21.07954978942871,32.85444259643555,152.7783660888672,28.787792205810547,107.29200744628906,102.29659271240234,343.51458740234375,61.61780548095703,74.6861343383789
2020-12-28,16.805864334106445,18.28679847717285,20.874536514282227,32.786842346191406,152.08880615234375,28.79666519165039,108.08877563476562,102.10243225097656,346.4656982421875,61.828983306884766,74.72968292236328
2020-12-29,16.946428298950195,18.43115997314453,21.436275482177734,32.68061065673828,151.64483642578125,28.805543899536133,107.98567199707031,101.69561767578125,345.80474853515625,61.70045471191406,74.62519073486328
2020-12-30,16.823434829711914,18.629207611083984,21.710994720458984,32.81499099731445,152.20216369628906,28.935007095336914,108.23876953125,102.27810668945312,346.2980651855469,61.78308868408203,74.96475219726562
2020-12-31,16.761940002441406,18.542150497436523,21.687213897705078,32.93356704711914,152.353271484375,28.90785026550293,108.93241119384766,102.78662872314453,348.05767822265625,62.32481002807617,75.67001342773438
2021-01-04,16.858577728271484,18.570444107055664,21.623249053955078,32.973087310791016,151.20086669921875,28.944063186645508,107.19827270507812,101.16859436035156,343.31915283203125,61.452537536621094,74.99959564208984
2021-01-05,16.66530418395996,19.040525436401367,22.055419921875,33.04225540161133,152.57054138183594,29.061758041381836,107.62948608398438,102.1116943359375,345.6836853027344,61.51681900024414,75.9224853515625
2021-01-06,16.296329498291016,18.915752410888672,21.922569274902344,33.13118362426758,151.38980102539062,29.034597396850586,108.12626647949219,104.06256866455078,347.7503662109375,62.076904296875,77.89891815185547
2021-01-07,16.32268524169922,18.848285675048828,21.70689582824707,33.15094757080078,156.07501220703125,29.10702896118164,109.34486389160156,105.44945526123047,352.91705322265625,62.453338623046875,78.90889739990234
2021-01-08,16.463245391845703,19.045604705810547,21.65359115600586,33.26951599121094,158.65370178222656,29.197561264038086,109.87916564941406,105.69908905029297,354.9279479980469,62.78388214111328,78.55193328857422
2021-01-11,16.45446014404297,18.7742919921875,21.292766571044922,33.26951599121094,156.70785522460938,29.025545120239258,109.37297821044922,105.57889556884766,352.5354309082031,62.46253204345703,79.09172821044922
2021-01-12,16.340253829956055,18.93824005126953,21.831541061401367,33.22999572753906,157.6335906982422,29.125133514404297,109.1386489868164,106.45726013183594,352.60986328125,62.076904296875,80.13653564453125
2021-01-13,16.384180068969727,18.867145538330078,21.708534240722656,33.00273132324219,158.18142700195312,29.134187698364258,109.17613983154297,106.01345825195312,353.5594482421875,62.067726135253906,80.37162017822266
2021-01-14,16.120628356933594,18.999181747436523,22.098880767822266,32.81499099731445,157.25572204589844,29.161344528198242,108.55748748779297,106.20759582519531,352.3212890625,61.71882247924805,81.79083251953125
2021-01-15,16.30511474609375,18.65459442138672,21.682292938232422,32.805110931396484,155.52711486816406,29.08892059326172,108.00440216064453,105.32923126220703,349.751953125,61.78308868408203,80.75472259521484
2021-01-19,16.296329498291016,18.885286331176758,21.88812828063965,32.706298828125,157.29348754882812,29.215669631958008,108.857421875,105.94873046875,352.49810791015625,62.10443878173828,81.47736358642578
2021-01-20,16.30511474609375,19.14208984375,21.90616798400879,32.943443298339844,160.46734619140625,29.315258026123047,109.97290802001953,106.81785583496094,357.376220703125,62.66452407836914,81.88658905029297
2021-01-21,16.340253829956055,19.189966201782227,22.00867462158203,32.99284744262695,161.119140625,29.351469039916992,110.05725860595703,106.23535919189453,357.70196533203125,62.35234069824219,82.19132995605469
2021-01-22,16.445676803588867,19.01586151123047,21.674091339111328,32.95332336425781,161.17579650878906,29.324310302734375,109.39170837402344,105.87477111816406,356.4359436035156,62.19624710083008,80.98109436035156
2021-01-25,16.68287467956543,19.055036544799805,21.738056182861328,32.91380310058594,161.6763916015625,29.360525131225586,109.69170379638672,105.73607635498047,357.8417053222656,62.655330657958984,80.78955078125
2021-01-26,16.92007064819336,18.955650329589844,21.981611251831055,32.93356704711914,159.9383544921875,29.324310302734375,109.46672058105469,104.9131851196289,357.28314208984375,62.60942077636719,80.63282012939453
2021-01-27,17.201194763183594,18.687240600585938,21.731494903564453,32.68653869628906,154.49749755859375,29.05270767211914,106.9545669555664,102.2503662109375,348.5509338378906,61.21382141113281,78.93504333496094
2021-01-28,16.761940002441406,18.79605484008789,21.7150936126709,32.77546310424805,157.0573272705078,29.097972869873047,108.14502716064453,103.55406188964844,351.548583984375,61.452537536621094,79.35293579101562
2021-01-29,16.999135971069336,18.5203914642334,21.81268310546875,32.755706787109375,154.7808837890625,28.944063186645508,105.84845733642578,101.74185180664062,344.51080322265625,60.62620544433594,78.1688232421875
2021-02-01,17.016708374023438,18.7365665435791,21.65359115600586,32.78534698486328,158.59703063964844,29.197561264038086,107.29200744628906,103.32289123535156,350.2452697753906,61.21382141113281,79.15270233154297
2021-02-02,16.928857803344727,18.856992721557617,21.65359115600586,32.755706787109375,161.82757568359375,29.30620002746582,108.91368103027344,104.98715209960938,355.19781494140625,61.755550384521484,79.90145874023438
2021-02-03,16.595022201538086,19.012962341308594,21.8110408782959,32.74582290649414,161.3553009033203,29.26093864440918,108.70743560791016,105.17205810546875,355.4771423339844,61.42500305175781,80.26714324951172
2021-02-04,16.50717544555664,18.987571716308594,21.645389556884766,32.716182708740234,163.1688690185547,29.297149658203125,110.01978302001953,106.4202651977539,359.51739501953125,61.856544494628906,81.33805084228516
2021-02-05,16.50717544555664,19.194320678710938,21.88730812072754,32.65689468383789,164.46295166015625,29.405792236328125,110.61971282958984,107.25238037109375,360.9324035644531,62.177886962890625,81.59056854248047
2021-02-08,16.313901901245117,19.29297637939453,22.12102508544922,32.765586853027344,166.05935668945312,29.432950973510742,111.397705078125,108.35265350341797,363.5390625,62.46253204345703,82.879150390625
2021-02-09,16.331470489501953,19.42500877380371,22.280933380126953,32.844635009765625,165.96487426757812,29.532541275024414,111.3227310180664,108.48210144042969,363.29693603515625,62.499271392822266,82.879150390625
2021-02-10,16.30511474609375,19.42646026611328,22.17022705078125,32.83475112915039,165.39813232421875,29.487274169921875,111.41646575927734,108.75022888183594,363.1386413574219,62.35234069824219,82.89656829833984
2021-02-11,16.243619918823242,19.499727249145508,22.17022705078125,32.9039192199707,166.9378204345703,29.559701919555664,112.00701904296875,109.00912475585938,363.7252197265625,62.37989807128906,83.30577087402344
2021-02-12,16.17333984375,19.706480026245117,22.260435104370117,33.08177947998047,168.17520141601562,29.559701919555664,112.29761505126953,109.71180725097656,365.5219421386719,62.46253204345703,83.93267822265625
2021-02-16,15.927356719970703,19.840681076049805,22.531051635742188,33.00273132324219,167.7406768798828,29.50537872314453,111.98826599121094,109.62858581542969,365.20538330078125,62.01263427734375,83.98490142822266
2021-02-17,15.95371150970459,19.760160446166992,22.375240325927734,32.8841552734375,166.31436157226562,29.57780647277832,112.1663818359375,109.36970520019531,365.28912353515625,62.18708801269531,84.13291931152344
2021-02-18,16.164552688598633,19.630308151245117,22.588455200195312,32.86439514160156,165.14305114746094,29.442007064819336,111.91325378417969,108.70398712158203,363.7345886230469,62.25135040283203,83.7411117553711
2021-02-19,15.901001930236816,19.746374130249023,22.761486053466797,32.72605895996094,164.93519592285156,29.469165802001953,111.55706787109375,109.71180725097656,363.09210205078125,61.62699508666992,84.57695770263672
2021-02-22,15.523244857788086,19.840681076049805,23.155115127563477,32.706298828125,159.0504608154297,29.324310302734375,110.85404968261719,108.90739440917969,360.2994384765625,61.33319854736328,84.376708984375
2021-02-23,15.312400817871094,19.90814971923828,23.27320098876953,32.518558502197266,157.67132568359375,29.342418670654297,111.1915054321289,109.03685760498047,360.7369384765625,61.434200286865234,84.40283966064453
2021-02-24,14.917073249816895,20.016239166259766,23.588104248046875,32.45927047729492,158.75762939453125,29.324310302734375,112.45695495605469,110.37751007080078,364.7118835449219,61.746360778808594,86.3618392944336
2021-02-25,15.27725887298584,19.96401023864746,23.563501358032227,32.311058044433594,152.64614868164062,29.07081413269043,109.71044158935547,107.52052307128906,355.9239501953125,60.993473052978516,83.88043212890625
2021-02-26,15.127913475036621,19.343034744262695,23.080490112304688,32.29129409790039,153.87408447265625,28.998382568359375,109.23236846923828,107.21540069580078,354.0900573730469,60.396671295166016,83.56698608398438
2021-03-01,15.040064811706543,19.589685440063477,22.76968765258789,32.399986267089844,158.59703063964844,29.242828369140625,111.74453735351562,109.75804138183594,362.6732482910156,61.42500305175781,85.59565734863281
2021-03-02,15.066417694091797,19.492475509643555,22.809871673583984,32.39010238647461,155.72544860839844,29.08892059326172,110.91027069091797,108.97211456298828,359.84320068359375,61.21382141113281,85.12548065185547
2021-03-03,14.811650276184082,19.62668228149414,22.895977020263672,32.15296173095703,149.4628143310547,29.05270767211914,109.32611846923828,107.57600402832031,355.0768737792969,60.48848342895508,85.05582427978516
2021-03-04,14.767725944519043,19.691974639892578,22.982084274291992,31.945459365844727,145.34442138671875,28.790151596069336,107.78883361816406,105.59738159179688,350.6827697753906,59.84576416015625,83.77593994140625
2021-03-05,14.715014457702637,19.88421058654785,23.16249656677246,32.00474166870117,146.66685485839844,28.935007095336914,110.3385009765625,107.69619750976562,357.13421630859375,61.20465087890625,85.9874267578125
2021-03-08,14.811650276184082,19.661502838134766,23.039485931396484,32.13319778442383,141.68881225585938,28.636245727539062,110.17913055419922,107.82564544677734,355.3561096191406,61.37908935546875,86.7362289428711
2021-03-09,14.802865982055664,19.728965759277344,22.8549747467041,32.27153396606445,148.77328491210938,28.862579345703125,111.5289535522461,108.76873016357422,360.4296875,61.727996826171875,87.10191345214844
2021-03-10,14.732586860656738,19.79570770263672,22.87547492980957,32.37034225463867,148.46157836914062,28.85352897644043,112.29761505126953,109.7950210571289,362.6732482910156,62.113624572753906,88.11188507080078
2021-03-11,14.741371154785156,20.132308959960938,23.113290786743164,32.40986633300781,153.43011474609375,29.079864501953125,113.23497009277344,111.12643432617188,366.3504333496094,62.26051330566406,88.56464385986328
2021-03-12,14.592025756835938,20.23459815979004,23.29780387878418,32.44939041137695,152.0415802001953,28.944063186645508,113.11310577392578,111.69966125488281,366.8438415527344,62.55434036254883,89.53108215332031
2021-03-15,14.50417423248291,20.19034767150879,23.248600006103516,32.607486724853516,153.7512664794922,28.95311737060547,114.24734497070312,112.79068756103516,369.03155517578125,62.99506378173828,90.32337951660156
2021-03-16,14.741371154785156,20.18018913269043,23.170696258544922,32.54820251464844,153.1372833251953,28.98933219909668,114.2660903930664,111.81986236572266,368.5660705566406,63.105247497558594,89.96642303466797
2021-03-17,14.565669059753418,20.33470344543457,23.133792877197266,32.528438568115234,153.5906982421875,29.016490936279297,114.27545928955078,112.18045806884766,369.8228454589844,62.82059860229492,90.97640228271484
2021-03-18,14.662304878234863,19.936443328857422,22.76968765258789,32.45927047729492,148.41436767578125,28.790151596069336,112.60692596435547,110.65489959716797,364.4420166015625,62.3707160949707,89.97512817382812
2021-03-19,14.723801612854004,20.05251121520996,22.840213775634766,32.40986633300781,149.8029022216797,28.862579345703125,112.21324157714844,110.72884368896484,363.76776123046875,62.232994079589844,89.98383331298828
2021-03-22,14.960999488830566,19.977792739868164,22.789369583129883,32.53832244873047,151.91879272460938,28.96217155456543,113.21621704101562,111.06173706054688,366.6723327636719,62.79307174682617,90.39305114746094
2021-03-23,15.329972267150879,19.549781799316406,22.387540817260742,32.518558502197266,151.1253204345703,28.808259963989258,112.45695495605469,109.3142318725586,363.786376953125,62.72879409790039,88.1728286743164
2021-03-24,15.250907897949219,19.51496124267578,22.46954917907715,32.607486724853516,147.38470458984375,28.68151092529297,112.01637268066406,108.6670150756836,361.9370422363281,62.60023880004883,87.37179565429688
2021-03-25,15.022494316101074,19.568645477294922,22.19072723388672,32.68653869628906,147.1030731201172,28.645296096801758,112.4966049194336,109.65001678466797,363.97320556640625,63.000328063964844,88.4792251586914
2021-03-26,15.075203895568848,19.874778747558594,22.44576644897461,32.65689468383789,149.72116088867188,28.753938674926758,114.88834381103516,111.3563232421875,369.8385925292969,64.06969451904297,90.06251525878906
2021-03-29,15.30361557006836,19.928462982177734,22.715566635131836,32.65689468383789,148.7287139892578,28.699617385864258,115.02960968017578,110.5773696899414,369.6518249511719,64.4200210571289,89.37145233154297
2021-03-30,15.083989143371582,19.784099578857422,22.485946655273438,32.57784652709961,148.92723083496094,28.70867156982422,114.37044525146484,110.89266204833984,368.671142578125,63.857669830322266,89.88756561279297
2021-03-31,15.048847198486328,19.907424926757812,22.634376525878906,32.558082580566406,152.03675842285156,28.790151596069336,114.67179107666016,111.3563232421875,370.1654052734375,63.7839241027832,89.6251220703125
2021-04-01,15.057634353637695,19.93499183654785,22.543352127075195,32.607486724853516,154.44691467285156,28.862579345703125,115.90531921386719,112.5433349609375,374.162841796875,64.27250671386719,90.5436019897461
2021-04-05,15.022494316101074,20.116348266601562,22.59255599975586,32.607486724853516,156.63961791992188,28.89879608154297,117.33657836914062,113.40576934814453,379.5332946777344,65.02845001220703,91.74197387695312
2021-04-06,14.864362716674805,20.05831527709961,22.60895538330078,32.72605895996094,157.59425354003906,28.944063186645508,117.3177490234375,113.7025146484375,379.30914306640625,65.00999450683594,91.55827331542969
2021-04-07,15.048847198486328,20.037277221679688,22.585176467895508,32.64701461791992,157.50914001464844,28.77204704284668,117.28011322021484,113.22030639648438,379.7481384277344,64.86250305175781,91.42705535888672
2021-04-08,14.996137619018555,20.051788330078125,22.49414825439453,32.765586853027344,159.98544311523438,28.935007095336914,117.75090789794922,113.60052490234375,381.5506896972656,64.98236083984375,91.33960723876953
2021-04-09,15.004922866821289,20.10256576538086,22.65406036376953,32.755706787109375,161.02508544921875,28.880687713623047,118.68314361572266,114.15695190429688,384.3246765136719,65.24047088623047,91.84696197509766
2021-04-12,15.031279563903809,20.096763610839844,22.518749237060547,32.68653869628906,161.77183532714844,28.880687713623047,118.53246307373047,114.37022399902344,384.4646911621094,65.31422424316406,91.4883041381836
2021-04-13,15.136699676513672,20.109094619750977,22.485946655273438,32.706298828125,164.94747924804688,28.980276107788086,118.56070709228516,114.54641723632812,385.604248046875,65.51702117919922,90.77101135253906
2021-04-14,15.022494316101074,20.208478927612305,22.953380584716797,32.65689468383789,162.4995880126953,28.95311737060547,118.2782211303711,114.611328125,384.2872314453125,65.44328308105469,90.94598388671875
2021-04-15,15.101558685302734,20.18816566467285,22.932878494262695,32.844635009765625,165.8737335205078,29.043655395507812,119.57766723632812,115.66851806640625,388.41546630859375,66.19920349121094,91.3658447265625
2021-04-16,15.075203895568848,20.297704696655273,22.96158218383789,32.91380310058594,165.37281799316406,29.0074405670166,120.14266204833984,116.01163482666016,389.7137145996094,66.55876159667969,91.74197387695312
2021-04-19,15.136699676513672,20.577728271484375,22.92877960205078,32.8742790222168,163.07611083984375,28.98933219909668,119.6153564453125,115.2790298461914,387.7990417480469,66.35594177246094,91.12966918945312
2021-04-20,15.373895645141602,20.074275970458984,23.059988021850586,33.23987579345703,161.5449676513672,28.871633529663086,118.84319305419922,114.37950134277344,384.9597473144531,66.54951477050781,89.9312973022461
2021-04-21,15.224550247192383,20.162776947021484,23.031286239624023,33.31892776489258,162.9154052734375,28.998382568359375,119.96375274658203,115.80763244628906,388.60223388671875,66.83531188964844,91.43580627441406
2021-04-22,15.127913475036621,20.059768676757812,23.27320098876953,33.249759674072266,161.81907653808594,28.944063186645508,119.07860565185547,115.23265838623047,385.0531311035156,66.46654510498047,90.57857513427734
2021-04-23,14.98735237121582,20.328176498413086,23.322406768798828,33.31892776489258,164.4087677001953,29.079864501953125,120.1144027709961,116.63296508789062,389.2280578613281,66.7707748413086,91.2171401977539
2021-04-26,14.890717506408691,20.282474517822266,23.613527297973633,33.388092041015625,165.97769165039062,29.11608123779297,120.0956039428711,117.09661865234375,390.04058837890625,66.45733642578125,91.46206665039062
2021-04-27,14.85557746887207,20.41377830505371,23.82674217224121,33.31892776489258,165.4294891357422,29.11608123779297,120.00139617919922,117.27281188964844,389.95648193359375,66.30061340332031,91.62826538085938
2021-04-28,14.767725944519043,20.418855667114258,23.673391342163086,33.36833190917969,164.78683471679688,29.134187698364258,119.94491577148438,117.16154479980469,389.84442138671875,66.12545776367188,91.43580627441406
2021-04-29,14.75015640258789,20.53855323791504,23.933347702026367,33.249759674072266,164.06849670410156,29.061758041381836,121.06546783447266,117.597412109375,392.32879638671875,66.45733642578125,92.02188110351562
2021-04-30,14.85557746887207,20.354297637939453,24.007152557373047,33.23987579345703,162.76422119140625,28.96217155456543,120.18031311035156,116.6514892578125,389.7510070800781,66.32828521728516,91.2171401977539
2021-05-03,14.802865982055664,20.444971084594727,23.863643646240234,33.26951599121094,161.64889526367188,29.016490936279297,120.75473022460938,117.041015625,390.5917053222656,66.73390197753906,91.96065521240234
2021-05-04,14.82043743133545,20.287551879882812,24.019454956054688,33.14106750488281,158.4921417236328,28.79920768737793,120.20855712890625,116.48458099365234,388.1819152832031,66.46654510498047,91.80321502685547
2021-05-05,14.723801612854004,20.51534080505371,24.135900497436523,33.062015533447266,157.63201904296875,28.92595672607422,120.13323974609375,116.60513305664062,388.3033752441406,66.41123962402344,92.50298309326172
2021-05-06,14.697444915771484,20.4355411529541,24.167062759399414,32.96320724487305,157.87779235839844,28.96217155456543,121.03719329833984,116.82772827148438,391.40423583984375,66.92747497558594,93.45646667480469
2021-05-07,14.618378639221191,20.718460083007812,24.281871795654297,33.0521354675293,159.4656524658203,29.043655395507812,121.96941375732422,118.15381622314453,394.25286865234375,67.22250366210938,94.34870147705078
2021-05-10,14.802865982055664,20.696699142456055,24.167062759399414,33.08177947998047,155.41094970703125,28.862579345703125,120.86771392822266,117.37486267089844,390.3488464355469,67.32389068603516,93.70137786865234
2021-05-11,14.82043743133545,20.51243782043457,24.450803756713867,33.0718994140625,155.7322998046875,28.83542251586914,119.83191680908203,116.33621978759766,386.8651428222656,66.66936492919922,92.4854965209961
2021-05-12,15.057634353637695,20.217906951904297,24.94529914855957,32.96320724487305,150.93093872070312,28.61813735961914,117.18592071533203,113.51705932617188,378.64599609375,65.57234954833984,90.13246154785156
2021-05-13,14.908285140991211,20.232418060302734,24.093259811401367,32.95332336425781,151.3751983642578,28.65435028076172,118.83379364013672,114.97301483154297,383.1945495605469,66.41123962402344,91.66326904296875
2021-05-14,14.79408073425293,20.72571563720703,24.10965919494629,32.973087310791016,154.9289093017578,28.83542251586914,120.50048065185547,116.9482650756836,389.0786437988281,66.96437072753906,93.0278549194336
2021-05-17,14.75015640258789,20.754735946655273,24.306472778320312,32.91380310058594,153.9365234375,28.83542251586914,119.96375274658203,116.74425506591797,388.088623046875,66.69702911376953,93.2290267944336
2021-05-18,14.785297393798828,20.73297119140625,24.281051635742188,32.923683166503906,153.1709442138672,28.889741897583008,118.97502136230469,115.97453308105469,384.74493408203125,66.40203857421875,92.04814147949219
2021-05-19,14.890717506408691,20.41595458984375,24.071117401123047,32.943443298339844,153.20875549316406,28.81731605529785,118.8055419921875,115.34394073486328,383.73626708984375,66.12545776367188,91.78572845458984
2021-05-20,14.960999488830566,20.50808334350586,23.716032028198242,32.943443298339844,156.62074279785156,28.90785026550293,120.1708984375,116.55877685546875,387.8644104003906,66.90904998779297,92.51173400878906
2021-05-21,14.952213287353516,20.56321907043457,23.893985748291016,33.012611389160156,156.00637817382812,28.92595672607422,119.99198913574219,116.68860626220703,387.54693603515625,66.80765533447266,92.9053726196289
2021-05-24,14.811650276184082,20.767066955566406,24.002233505249023,32.923683166503906,158.69061279296875,28.935007095336914,121.13137817382812,117.56959533691406,391.49761962890625,67.02890014648438,93.4914321899414
2021-05-25,14.741371154785156,20.788827896118164,23.70783233642578,32.95332336425781,158.9647216796875,28.971223831176758,120.97129821777344,116.90188598632812,390.6289978027344,66.75235748291016,92.67796325683594
2021-05-26,14.741371154785156,20.791004180908203,23.958770751953125,32.894039154052734,160.14614868164062,29.079864501953125,121.19728088378906,117.541748046875,391.40423583984375,66.70623779296875,93.16779327392578
2021-05-27,14.530529975891113,20.95060157775879,24.072757720947266,32.923683166503906,161.0440216064453,29.079864501953125,121.25377655029297,118.20945739746094,391.6097106933594,66.66936492919922,94.04253387451172
2021-05-28,14.574454307556152,20.94261932373047,24.009613037109375,33.08177947998047,161.0440216064453,29.134187698364258,121.39501190185547,118.4413070678711,392.31024169921875,66.90904998779297,93.8150863647461
2021-06-01,14.44267749786377,20.73006820678711,24.462284088134766,33.249759674072266,162.18768310546875,29.233776092529297,121.15020751953125,118.58969116210938,391.96466064453125,66.51264190673828,94.1824951171875
2021-06-02,14.495389938354492,20.9034481048584,24.33107566833496,33.21023178100586,161.75289916992188,29.206613540649414,121.69635009765625,118.7102279663086,392.58099365234375,66.73390197753906,94.49739074707031
2021-06-03,14.609593391418457,20.815670013427734,24.363876342773438,32.943443298339844,160.70375061035156,29.07081413269043,121.34794616699219,118.27438354492188,391.1240539550781,66.70623779296875,94.54112243652344
2021-06-04,14.600809097290039,20.936092376708984,24.454084396362305,33.249759674072266,162.3010711669922,29.233776092529297,122.59090423583984,119.1553726196289,394.7012023925781,67.21327209472656,95.10096740722656
2021-06-07,14.688660621643066,20.885313034057617,24.23676872253418,33.259639739990234,162.3672637939453,29.242828369140625,122.65682220458984,119.19245147705078,394.3183288574219,67.16717529296875,94.8735122680664
2021-06-08,14.644733428955078,20.92521095275879,24.396682739257812,33.22011184692383,162.2727508544922,29.224721908569336,122.54380798339844,119.47992706298828,394.40228271484375,67.08419799804688,94.75981140136719
2021-06-09,14.758940696716309,21.089155197143555,24.1629638671875,33.26951599121094,160.9400634765625,29.18851089477539,122.30838012695312,118.98843383789062,393.8139343261719,67.22250366210938,94.20870971679688
2021-06-10,14.873147010803223,21.018070220947266,24.191667556762695,33.26951599121094,160.7943878173828,29.25188446044922,123.0147933959961,119.4841537475586,395.6445007324219,67.78925323486328,94.1111831665039
2021-06-11,14.802865982055664,20.970914840698242,24.167062759399414,33.27939987182617,161.58889770507812,29.25188446044922,123.26032257080078,119.93988037109375,396.29827880859375,67.70603942871094,94.41873931884766
2021-06-14,14.881932258605957,20.96510887145996,24.19576644897461,33.249759674072266,160.936279296875,29.27904510498047,123.5152816772461,119.66085815429688,397.18560791015625,67.81697082519531,93.69817352294922
2021-06-15,14.811650276184082,21.122529983520508,24.149023056030273,33.18059158325195,160.1228485107422,29.18851089477539,123.1942138671875,119.41903686523438,396.4571228027344,67.5673599243164,93.89149475097656
2021-06-16,14.811650276184082,20.837434768676758,24.024375915527344,33.15094757080078,159.72555541992188,29.08892059326172,122.20262145996094,118.79592895507812,394.2435607910156,67.03109741210938,92.98641967773438
2021-06-17,14.960999488830566,20.553787231445312,23.378170013427734,33.0916633605957,158.20274353027344,29.143238067626953,122.41039276123047,118.293701171875,394.11279296875,67.197509765625,91.63319396972656
2021-06-18,15.040064811706543,20.387662887573242,23.16741371154785,33.022491455078125,156.0178680419922,29.0074405670166,120.82383728027344,116.70330810546875,388.7961120605469,66.42088317871094,89.875732421875
2021-06-21,14.93464183807373,20.60964584350586,23.22810173034668,33.12130355834961,158.54327392578125,29.134187698364258,122.52372741699219,118.52619934082031,394.36199951171875,67.271484375,91.44865417480469
2021-06-22,14.93464183807373,20.693073272705078,23.08540916442871,32.93356704711914,159.64993286132812,29.143238067626953,123.2886962890625,119.10282897949219,396.4703674316406,67.47490692138672,91.44865417480469
2021-06-23,14.873147010803223,20.653173446655273,23.37571144104004,32.95332336425781,160.8416748046875,29.161344528198242,122.91091918945312,119.05632781982422,395.99249267578125,67.13279724121094,91.33442687988281
2021-06-24,14.715014457702637,20.830907821655273,23.597124099731445,32.923683166503906,162.85630798339844,29.224721908569336,123.69476318359375,119.80967712402344,398.33502197265625,67.5673599243164,92.1076889038086
2021-06-25,14.688660621643066,20.798261642456055,23.5930233001709,33.022491455078125,163.2157440185547,29.27904510498047,124.8563232421875,120.56303405761719,399.75006103515625,68.01114654541016,92.52947998046875
2021-06-28,14.864362716674805,20.657522201538086,23.597124099731445,33.062015533447266,163.48062133789062,29.315258026123047,125.4135513305664,120.44213104248047,400.5558776855469,68.14057922363281,92.35375213623047
2021-06-29,14.93464183807373,20.668407440185547,23.617626190185547,33.101539611816406,163.68870544433594,29.297149658203125,125.6118392944336,120.42351531982422,400.7714538574219,68.11284637451172,92.02861785888672
2021-06-30,14.864362716674805,20.669857025146484,23.958770751953125,33.12130355834961,164.0386505126953,29.206613540649414,125.4796142578125,120.36769104003906,401.1087341308594,68.05735778808594,92.31858825683594
2021-07-01,14.811650276184082,20.82364845275879,23.915307998657227,33.15094757080078,164.32241821289062,29.26093864440918,126.23515319824219,120.88851928710938,403.3294677734375,68.47342681884766,92.63493347167969
2021-07-02,14.85557746887207,20.983243942260742,23.88004493713379,33.20035171508789,164.5021209716797,29.242828369140625,127.35892486572266,121.26057434082031,406.4123840332031,68.89874267578125,92.60858154296875
2021-07-06,14.996137619018555,20.7518310546875,23.41261100769043,33.20035171508789,162.7428436279297,29.206613540649414,127.04727935791016,120.75831604003906,405.6720886230469,68.88947296142578,91.35200500488281
2021-07-07,15.083989143371582,20.69597625732422,23.1485538482666,33.13118362426758,162.09967041015625,29.197561264038086,127.68004608154297,120.86993408203125,407.1058044433594,69.30553436279297,91.35200500488281
2021-07-08,15.180624961853027,20.530574798583984,23.215797424316406,32.8742790222168,160.19850158691406,29.097972869873047,126.63177490234375,119.57717895507812,403.7886962890625,68.85249328613281,90.35025787353516
2021-07-09,15.013708114624023,20.714834213256836,23.40359115600586,32.973087310791016,163.49008178710938,29.206613540649414,127.74612426757812,121.36286926269531,408.0990295410156,69.3332748413086,91.91437530517578
2021-07-12,14.908285140991211,20.85629653930664,23.277301788330078,32.973087310791016,165.25880432128906,29.206613540649414,128.13333129882812,121.43728637695312,409.560791015625,69.35175323486328,92.33615112304688
2021-07-13,14.952213287353516,20.748933792114258,23.44541358947754,32.79522705078125,163.55628967285156,29.15229606628418,127.89722442626953,120.3026123046875,408.1646423339844,69.2038345336914,91.43987274169922
2021-07-14,15.040064811706543,20.775774002075195,23.154293060302734,32.854515075683594,162.36453247070312,29.143238067626953,128.02001953125,119.78177642822266,408.773681640625,69.45347595214844,91.41349029541016
2021-07-15,15.233336448669434,20.65607452392578,23.2034969329834,32.99284744262695,161.98614501953125,29.097972869873047,127.53837585449219,119.49344635009766,407.3775634765625,69.51818084716797,91.0005111694336
2021-07-16,15.294830322265625,20.616899490356445,23.232200622558594,32.973087310791016,160.17958068847656,29.034597396850586,126.82064056396484,118.82382202148438,404.1822509765625,69.60138702392578,89.85816192626953
2021-07-19,15.532028198242188,20.05831527709961,22.67374038696289,32.95332336425781,157.97576904296875,28.944063186645508,125.20574951171875,117.11251068115234,398.2132263183594,68.95420837402344,88.37313079833984
2021-07-20,15.286046028137207,20.23531723022461,22.891876220703125,32.943443298339844,161.6267547607422,28.98933219909668,126.83954620361328,119.51207733154297,403.9197998046875,69.51818084716797,90.10420989990234
2021-07-21,15.083989143371582,20.598764419555664,22.915658950805664,33.012611389160156,164.39808654785156,29.097972869873047,127.78388977050781,120.50723266601562,407.1901550292969,69.55516052246094,91.2114028930664
2021-07-22,15.163054466247559,20.68944549560547,23.30600357055664,32.9039192199707,163.84950256347656,29.143238067626953,128.06724548339844,120.44213104248047,408.0428466796875,69.7770767211914,90.64025115966797
2021-07-23,15.15427017211914,20.80188751220703,23.31830406188965,32.99284744262695,165.39122009277344,29.134187698364258,129.88040161132812,121.53028106689453,412.2407531738281,70.49822998046875,90.80718994140625
2021-07-26,15.136699676513672,20.820026397705078,23.51922035217285,32.93356704711914,166.0438690185547,29.05270767211914,129.94654846191406,121.55815887451172,413.25274658203125,70.3687973022461,91.36080932617188
2021-07-27,15.101558685302734,20.68581771850586,23.26500129699707,32.82487487792969,164.36026000976562,28.96217155456543,129.4271240234375,121.22335815429688,411.3692932128906,70.47972869873047,90.96533966064453
2021-07-28,15.11913013458252,20.787378311157227,23.416711807250977,32.894039154052734,165.49526977539062,29.10702896118164,129.46490478515625,121.60468292236328,411.20062255859375,70.31331634521484,91.06201171875
2021-07-29,15.075203895568848,20.809144973754883,23.49871826171875,32.9039192199707,166.5357208251953,29.161344528198242,130.0693359375,122.32081604003906,412.9060363769531,70.47972869873047,92.16920471191406
2021-07-30,15.136699676513672,20.82293128967285,23.281404495239258,32.844635009765625,165.552001953125,29.10702896118164,129.7198944091797,121.88371276855469,410.9008483886719,70.47048950195312,91.6771240234375
2021-08-02,15.171839714050293,20.791004180908203,23.494617462158203,32.943443298339844,165.41961669921875,29.097972869873047,129.51211547851562,121.75349426269531,410.0387268066406,70.35029602050781,91.57169342041016
2021-08-03,15.145483016967773,20.783750534057617,23.252700805664062,32.854515075683594,167.33021545410156,29.11608123779297,130.47540283203125,122.5440673828125,413.3746032714844,70.78483581542969,92.66130828857422
2021-08-04,15.189411163330078,20.548715591430664,23.141992568969727,32.65689468383789,167.0086669921875,29.134187698364258,130.27708435058594,121.99531555175781,411.3411865234375,70.5074691772461,91.23776245117188
2021-08-05,15.145483016967773,20.610370635986328,23.315845489501953,32.91380310058594,169.04220581054688,29.179454803466797,131.1269989013672,122.7951431274414,413.94622802734375,70.74784851074219,91.6771240234375
2021-08-06,15.004922866821289,20.426834106445312,23.287961959838867,32.765586853027344,169.96913146972656,29.08892059326172,131.13645935058594,122.89746856689453,414.63018798828125,70.71088409423828,92.37132263183594
2021-08-09,14.97856616973877,20.138113021850586,23.039485931396484,32.68653869628906,171.42575073242188,29.016490936279297,131.00424194335938,122.89746856689453,414.2928466796875,70.78483581542969,92.16920471191406
2021-08-10,14.969782829284668,20.28030014038086,23.43721580505371,32.805110931396484,171.9932403564453,29.0074405670166,131.04200744628906,122.95325469970703,414.8082275390625,70.7201156616211,92.79310607910156
2021-08-11,14.93464183807373,20.279573440551758,23.646326065063477,32.82487487792969,171.8702850341797,29.05270767211914,131.20257568359375,123.45547485351562,415.8389892578125,70.82183074951172,93.4345703125
2021-08-12,14.890717506408691,20.347763061523438,23.67913246154785,32.765586853027344,172.154052734375,29.025545120239258,131.32533264160156,123.55781555175781,417.0852355957031,70.97900390625,93.01277160644531
2021-08-13,14.969782829284668,20.371702194213867,23.629928588867188,32.74582290649414,171.33116149902344,29.025545120239258,131.84475708007812,123.60426330566406,417.8442077636719,71.27485656738281,92.95127868652344
2021-08-16,15.11913013458252,20.51243782043457,23.535621643066406,32.63713073730469,169.95022583007812,28.96217155456543,132.62855529785156,123.43687438964844,418.82806396484375,71.64470672607422,92.89855194091797
2021-08-17,15.268475532531738,20.23894691467285,23.322406768798828,32.67665481567383,167.85989379882812,28.880687713623047,131.5142059326172,122.49754333496094,416.0826416015625,71.71866607666016,92.1252670288086
2021-08-18,15.27725887298584,19.961833953857422,23.224000930786133,32.617366790771484,166.60194396972656,28.862579345703125,129.94654846191406,121.43728637695312,411.52862548828125,70.89579010009766,91.16747283935547
2021-08-19,15.461749076843262,20.07645034790039,23.039485931396484,32.53832244873047,164.96563720703125,28.77204704284668,130.5037078857422,121.15825653076172,412.1657409667969,71.21015930175781,90.42054748535156
2021-08-20,15.435391426086426,20.1809139251709,22.744266510009766,32.607486724853516,166.16680908203125,28.79920768737793,131.78805541992188,122.08831024169922,415.44537353515625,71.73714447021484,90.93021392822266
2021-08-23,15.233336448669434,20.390565872192383,22.952558517456055,32.67665481567383,169.37327575683594,28.90785026550293,132.60968017578125,123.12997436523438,419.09991455078125,71.88507080078125,91.7034912109375
2021-08-24,15.075203895568848,20.341232299804688,23.158395767211914,32.65689468383789,170.70687866210938,29.061758041381836,132.69467163085938,123.7624282836914,419.7651672363281,71.65392303466797,92.23951721191406
2021-08-25,14.952213287353516,20.397096633911133,23.3634090423584,32.64701461791992,172.1067657470703,29.07081413269043,132.9119110107422,124.45065307617188,420.64599609375,71.64470672607422,92.67887878417969
2021-08-26,15.057634353637695,20.315845489501953,23.40359115600586,32.706298828125,171.05686950683594,29.0074405670166,132.0146942138672,123.59500122070312,418.16290283203125,71.3026123046875,91.79136657714844
2021-08-27,14.85557746887207,20.4355411529541,23.553659439086914,32.69641876220703,173.4215087890625,29.15229606628418,133.3463134765625,124.84126281738281,421.9016418457031,71.61695861816406,92.73159790039062
2021-08-30,15.013708114624023,20.46455955505371,23.426551818847656,32.74582290649414,172.9107208251953,29.161344528198242,133.89404296875,124.77615356445312,423.7569580078125,71.87584686279297,92.309814453125
2021-08-31,15.013708114624023,20.27231788635254,23.197757720947266,32.45927047729492,172.37158203125,29.143238067626953,133.3935089111328,124.72965240478516,423.1291809082031,71.7926254272461,92.38008880615234
2021-09-01,15.031279563903809,20.759084701538086,23.031286239624023,32.57784652709961,172.18240356445312,29.27904510498047,133.46905517578125,124.93429565429688,423.3540344238281,72.06073760986328,91.8089599609375
2021-09-02,15.048847198486328,20.450775146484375,23.195295333862305,32.765586853027344,172.96743774414062,29.288095474243164,133.53521728515625,125.68763732910156,424.65655517578125,72.3750991821289,92.56462860107422
2021-09-03,15.127913475036621,20.522592544555664,23.146093368530273,32.73594284057617,173.18505859375,29.360525131225586,133.52572631835938,125.4923095703125,424.5533752441406,72.35659790039062,92.09012603759766
2021-09-07,15.057634353637695,20.54507827758789,23.010784149169922,32.67665481567383,173.21336364746094,29.27904510498047,132.47747802734375,124.4599380493164,423.03546142578125,71.57996368408203,91.43987274169922
2021-09-08,15.206979751586914,20.479068756103516,23.067367553710938,32.65689468383789,171.67166137695312,29.206613540649414,132.27915954589844,124.25535583496094,422.5200500488281,71.93128967285156,91.14989471435547
2021-09-09,15.083989143371582,20.547260284423828,23.010784149169922,32.62725067138672,172.33377075195312,29.206613540649414,131.7786407470703,123.9670181274414,420.7115783691406,71.45051574707031,90.83354949951172
2021-09-10,15.145483016967773,20.241849899291992,23.108369827270508,32.607486724853516,171.1892852783203,29.161344528198242,131.0986785888672,123.1020736694336,417.3944091796875,71.06222534179688,90.21845245361328
2021-09-13,15.101558685302734,20.39419174194336,23.199398040771484,32.64701461791992,171.57704162597656,29.18851089477539,130.9664764404297,123.17648315429688,418.4626770019531,70.8680648803711,91.2026138305664
2021-09-14,15.101558685302734,20.37460708618164,23.252700805664062,32.58772659301758,170.2717742919922,29.134187698364258,130.37152099609375,122.42314147949219,416.20452880859375,70.56295776367188,90.14814758300781
2021-09-15,15.083989143371582,20.498653411865234,23.53152084350586,32.617366790771484,172.5513153076172,29.125133514404297,131.193115234375,123.46479797363281,419.6808776855469,70.905029296875,91.31684875488281
2021-09-16,15.004922866821289,20.577728271484375,23.420812606811523,32.558082580566406,172.57022094726562,29.061758041381836,130.9947509765625,123.38109588623047,419.01556396484375,70.7201156616211,91.06201171875
2021-09-17,15.013708114624023,20.284648895263672,23.31830406188965,32.64701461791992,171.22714233398438,29.05270767211914,129.5970916748047,122.55333709716797,414.933837890625,70.16537475585938,90.50841522216797
2021-09-20,15.101558685302734,20.13593864440918,23.30600357055664,32.607486724853516,166.6681365966797,28.871633529663086,127.51945495605469,120.47002410888672,408.0152282714844,69.49970245361328,88.8124771118164
2021-09-21,15.11913013458252,20.105470657348633,23.059988021850586,32.5086784362793,166.6775360107422,28.935007095336914,127.41560363769531,120.40489196777344,407.6297607421875,69.46270751953125,88.35556030273438
2021-09-22,14.996137619018555,20.278846740722656,23.277301788330078,32.54820251464844,169.4867706298828,29.016490936279297,128.25611877441406,121.65117645263672,411.6061706542969,69.8048095703125,89.26943969726562
2021-09-23,14.93464183807373,20.304960250854492,23.46591567993164,32.567962646484375,172.97694396972656,29.061758041381836,129.57826232910156,123.21367645263672,416.60711669921875,70.28557586669922,90.49964141845703
2021-09-24,14.785297393798828,20.30714225769043,23.543819427490234,32.5086784362793,173.32188415527344,28.998382568359375,129.55743408203125,123.17818450927734,417.2934265136719,70.2261734008789,90.60496520996094
2021-09-27,14.688660621643066,20.2077579498291,23.71931266784668,32.5086784362793,173.76724243164062,29.0074405670166,128.752197265625,122.90739440917969,416.0995178222656,69.5394287109375,91.56969451904297
2021-09-28,14.82043743133545,20.01116371154785,23.650426864624023,32.5086784362793,169.50311279296875,28.81731605529785,126.0051498413086,120.47949981689453,407.7143249511719,68.47213745117188,90.49876403808594
2021-09-29,14.925858497619629,20.167129516601562,23.720130920410156,32.528438568115234,168.22386169433594,28.699617385864258,126.17566680908203,120.54487609863281,408.4006652832031,68.8990478515625,90.56957244873047
2021-09-30,14.960999488830566,20.244749069213867,23.773435592651367,32.48891830444336,166.39505004882812,28.753938674926758,124.78315734863281,119.24686431884766,403.4090576171875,68.21229553222656,89.12689208984375
2021-10-01,14.838006019592285,20.188894271850586,23.7529354095459,32.67665481567383,168.0817413330078,28.862579345703125,126.05252838134766,120.48883056640625,408.2032470703125,68.59280395507812,89.93230438232422
2021-10-04,14.89950180053711,20.061216354370117,24.076858520507812,32.607486724853516,165.78860473632812,28.68151092529297,123.98747253417969,119.14415740966797,402.93902587890625,68.00811767578125,89.7287368774414
2021-10-05,14.917073249816895,20.182363510131836,24.249069213867188,32.57784652709961,168.1101837158203,28.790151596069336,125.4462890625,120.19934844970703,407.131591796875,68.42575073242188,90.40139770507812
2021-10-06,14.908285140991211,20.17438507080078,24.13016128540039,32.528438568115234,167.98695373535156,28.77204704284668,125.8251953125,120.61023712158203,408.8236083984375,68.74127960205078,90.07392120361328
2021-10-07,14.829221725463867,20.15552520751953,24.150663375854492,32.65689468383789,169.92005920410156,28.808259963989258,127.03766632080078,121.82417297363281,412.358154296875,69.35380554199219,91.09175872802734
2021-10-08,14.785297393798828,20.29045295715332,24.249069213867188,32.57784652709961,169.6262969970703,28.83542251586914,126.9145278930664,121.35728454589844,411.6061706542969,69.06610870361328,91.07404327392578
2021-10-11,14.79408073425293,20.359371185302734,24.639415740966797,32.54820251464844,168.2428436279297,28.781103134155273,126.1567153930664,120.74097442626953,408.6262512207031,68.70417022705078,90.4456558227539
2021-10-12,14.767725944519043,20.270143508911133,24.351573944091797,32.518558502197266,168.40386962890625,28.81731605529785,125.88201141357422,121.12382507324219,407.6203308105469,68.72272491455078,89.9588623046875
2021-10-13,14.75015640258789,20.326725006103516,24.179365158081055,32.558082580566406,169.1335906982422,28.89879608154297,126.81981658935547,121.76815032958984,409.08685302734375,69.14035034179688,89.93230438232422
2021-10-14,14.715014457702637,20.492124557495117,24.265470504760742,32.53832244873047,172.3363800048828,28.98933219909668,129.1121826171875,123.79452514648438,415.96795654296875,70.15193939208984,91.53429412841797
2021-10-15,14.635950088500977,20.66042709350586,24.54429054260254,32.558082580566406,174.29788208007812,29.034597396850586,129.8321075439453,124.14935302734375,419.1358642578125,70.26329803466797,92.0122299194336
2021-10-18,14.609593391418457,20.529848098754883,24.503284454345703,32.57784652709961,175.6150360107422,28.980276107788086,130.55203247070312,124.45752716064453,420.376708984375,70.36538696289062,91.77325439453125
2021-10-19,14.6798734664917,20.6879940032959,24.486886978149414,32.607486724853516,176.4678192138672,29.125133514404297,131.6697998046875,125.21387481689453,423.6199035644531,70.93151092529297,92.31316375732422
2021-10-20,14.6798734664917,20.759811401367188,24.507387161254883,32.607486724853516,176.68577575683594,29.17040252685547,132.10549926757812,125.9795913696289,425.2837829589844,71.32129669189453,93.26017761230469
2021-10-21,14.741371154785156,20.83525848388672,24.534448623657227,32.66677474975586,177.0837860107422,29.10702896118164,132.79701232910156,126.39045715332031,426.3930358886719,71.65538787841797,92.93269348144531
2021-10-22,14.723801612854004,20.80624008178711,24.486886978149414,32.57784652709961,177.0079345703125,29.11608123779297,132.7496795654297,126.58654022216797,425.951171875,71.9430923461914,92.33084869384766
2021-10-25,14.732586860656738,20.885313034057617,24.568889617919922,32.65689468383789,179.9454345703125,29.125133514404297,133.46957397460938,126.97877502441406,428.23541259765625,72.03590393066406,92.49015045166016
2021-10-26,14.6798734664917,20.89546775817871,24.56068992614746,32.607486724853516,179.67063903808594,29.10702896118164,133.10964965820312,126.60526275634766,428.6208190917969,72.02661895751953,91.8883285522461
2021-10-27,14.6798734664917,20.777225494384766,24.396682739257812,32.518558502197266,177.4722442626953,29.043655395507812,132.1339569091797,125.0271224975586,426.7220153808594,71.27489471435547,90.41909790039062
2021-10-28,14.715014457702637,20.769243240356445,24.22610855102539,32.558082580566406,180.3623809814453,29.05270767211914,133.3748779296875,126.34381866455078,430.8393859863281,71.7389144897461,91.54314422607422
2021-10-29,14.75015640258789,21.088438034057617,24.67877960205078,32.469154357910156,180.68455505371094,29.061758041381836,134.40737915039062,126.32511901855469,431.713623046875,71.97095489501953,91.3395767211914
2021-11-01,14.618378639221191,21.121082305908203,24.526248931884766,32.53832244873047,182.5418243408203,29.161344528198242,134.1421661376953,127.24954986572266,432.45623779296875,71.88741302490234,92.47248840332031
2021-11-02,14.530529975891113,21.04418182373047,24.51968765258789,32.40986633300781,182.5133514404297,29.05270767211914,134.90948486328125,127.51103973388672,434.2047119140625,72.26789855957031,92.70260620117188
2021-11-03,14.486603736877441,20.888938903808594,24.138362884521484,32.39010238647461,183.5936279296875,29.08892059326172,135.55360412597656,128.13670349121094,436.85565185546875,72.4535140991211,93.59650421142578
2021-11-04,14.539313316345215,20.718460083007812,24.19576644897461,32.25177001953125,182.90187072753906,29.179454803466797,137.07870483398438,128.099365234375,438.91436767578125,72.54631805419922,93.4637451171875
2021-11-05,14.258190155029297,21.01951789855957,23.962047576904297,32.18260192871094,182.6649932861328,29.25188446044922,137.16392517089844,128.5382080078125,440.4372253417969,72.18437194824219,94.32228088378906
2021-11-08,14.231837272644043,20.973817825317383,24.175262451171875,32.113433837890625,183.16722106933594,29.224721908569336,137.33444213867188,129.08921813964844,440.813232421875,72.24935150146484,94.66746520996094
2021-11-09,14.407537460327148,21.124706268310547,24.0350341796875,32.1430778503418,180.39080810546875,29.269990921020508,137.43865966796875,129.07049560546875,439.3561096191406,72.20294189453125,94.5523910522461
2021-11-10,14.460247039794922,21.063045501708984,24.467205047607422,32.05414962768555,178.50514221191406,29.11608123779297,136.11245727539062,127.83786010742188,435.821533203125,72.18437194824219,94.22492218017578
2021-11-11,14.451462745666504,21.059415817260742,24.484426498413086,32.113433837890625,179.00735473632812,29.215669631958008,136.3208770751953,128.23008728027344,435.96258544921875,72.08232116699219,94.87102508544922
2021-11-12,14.530529975891113,21.095687866210938,24.253170013427734,32.064029693603516,179.80328369140625,29.197561264038086,137.77015686035156,129.21995544433594,439.25274658203125,72.53706359863281,95.26044464111328
2021-11-15,14.47781753540039,21.17548942565918,24.452444076538086,32.08379364013672,179.25369262695312,29.242828369140625,137.82699584960938,129.30397033691406,439.4031066894531,72.58345031738281,95.2516098022461
2021-11-16,14.486603736877441,21.28067398071289,24.82474708557129,32.13319778442383,180.1823272705078,29.215669631958008,138.3859100341797,129.77088928222656,441.1422424316406,72.79690551757812,94.92412567138672
2021-11-17,14.495389938354492,20.982524871826172,24.441783905029297,32.18260192871094,178.808349609375,29.197561264038086,137.27761840820312,129.05181884765625,440.0705871582031,72.56489562988281,94.40194702148438
2021-11-18,14.548097610473633,21.110198974609375,24.408979415893555,32.10355758666992,178.7609405517578,29.11608123779297,137.4481201171875,128.5475616455078,441.5653076171875,72.3978271484375,93.8797378540039
2021-11-19,14.635950088500977,20.812768936157227,24.39995765686035,32.00474166870117,177.58596801757812,29.07081413269043,137.76072692871094,127.9125747680664,440.7756042480469,72.31432342529297,93.0920181274414
2021-11-22,14.688660621643066,20.99848175048828,24.603334426879883,32.00474166870117,178.0408172607422,28.880687713623047,136.70925903320312,127.3056411743164,439.5347900390625,72.03590393066406,94.13640594482422
2021-11-23,14.741371154785156,21.229896545410156,24.878053665161133,32.034385681152344,178.0786895751953,28.871633529663086,136.9081573486328,127.36163330078125,440.11761474609375,72.14727020263672,94.71170806884766
2021-11-24,14.644733428955078,21.171857833862305,24.919876098632812,32.10355758666992,178.89361572265625,28.8444766998291,137.43865966796875,127.70712280273438,441.2926330566406,72.3236083984375,94.57007598876953
2021-11-26,14.881932258605957,20.297704696655273,23.915307998657227,31.994863510131836,175.3496856689453,28.645296096801758,134.57791137695312,124.99909210205078,431.450439453125,71.44194030761719,92.48130798339844
2021-11-29,14.864362716674805,20.228792190551758,23.851341247558594,31.955339431762695,178.0408172607422,28.70867156982422,136.25454711914062,125.98893737792969,436.7428894042969,72.02661895751953,92.75569152832031
2021-11-30,15.031279563903809,20.58788299560547,23.356847763061523,31.935575485229492,173.5492706298828,28.6271915435791,133.59274291992188,122.87000274658203,428.2448425292969,70.49530792236328,90.4721908569336
2021-12-01,15.171839714050293,19.967636108398438,23.165775299072266,31.80712127685547,169.83474731445312,28.55476188659668,131.72662353515625,120.73162078857422,423.48822021484375,70.01272583007812,89.92345428466797
2021-12-02,15.180624961853027,19.9661865234375,23.314207077026367,31.87628936767578,172.67747497558594,28.50044059753418,133.5453643798828,123.46768188476562,429.9745178222656,71.19137573242188,91.835205078125
2021-12-03,15.382683753967285,20.061941146850586,23.216617584228516,31.70831298828125,168.93453979492188,28.54570960998535,132.3234100341797,122.30973815917969,426.2332458496094,71.08926391601562,91.78211975097656
2021-12-06,15.27725887298584,20.07645034790039,23.371610641479492,31.797243118286133,168.46078491210938,28.49138641357422,133.3369903564453,123.82251739501953,431.28125,71.6925048828125,92.8707504272461
2021-12-07,15.040064811706543,20.377506256103516,23.552021026611328,31.797243118286133,174.15573120117188,28.68151092529297,136.48190307617188,126.24108123779297,440.2021789550781,72.43496704101562,94.39309692382812
2021-12-08,14.881932258605957,20.439167022705078,23.64715003967285,31.925697326660156,174.3168182373047,28.726778030395508,136.65240478515625,126.88539123535156,441.36785888671875,72.52775573730469,94.20722198486328
2021-12-09,14.98735237121582,20.341232299804688,23.523319244384766,31.80712127685547,171.44564819335938,28.65435028076172,135.5441131591797,125.48470306396484,438.38787841796875,72.26789855957031,93.74696350097656
2021-12-10,15.101558685302734,20.344860076904297,23.549560546875,31.767601013183594,173.26499938964844,28.65435028076172,136.6429443359375,125.85820007324219,442.5146484375,73.02890014648438,94.67630767822266
2021-12-13,15.35632610321045,20.348491668701172,23.5553035736084,31.649024963378906,170.5435791015625,28.61813735961914,135.6331329345703,125.14087677001953,438.5947265625,73.3454818725586,93.54442596435547
2021-12-14,15.435391426086426,20.38475799560547,23.535621643066406,31.619382858276367,168.50131225585938,28.527605056762695,134.53121948242188,124.22312927246094,435.5771484375,72.85202026367188,93.3038101196289
2021-12-15,15.549599647521973,20.493576049804688,23.36996841430664,31.72807502746582,172.20587158203125,28.609085083007812,137.2290496826172,125.71212768554688,442.3830871582031,73.88546752929688,94.3465576171875
2021-12-16,15.786796569824219,20.500831604003906,23.338808059692383,31.65890884399414,169.4796600341797,28.56381607055664,135.5096435546875,125.0472183227539,438.4819030761719,73.99717712402344,94.97931671142578
2021-12-17,15.725298881530762,20.37242889404297,23.337167739868164,31.481048583984375,167.61788940429688,28.55476188659668,133.96124267578125,124.54154205322266,433.8151550292969,73.18719482421875,94.04351806640625
2021-12-20,15.901001930236816,20.314393997192383,23.282222747802734,31.589738845825195,164.8632049560547,28.49138641357422,132.13734436035156,122.75287628173828,429.20220947265625,72.84272003173828,92.93836975097656
2021-12-21,15.5056734085083,20.44642448425293,23.44541358947754,31.767601013183594,168.643798828125,28.65435028076172,134.62619018554688,125.32818603515625,436.82452392578125,73.3733901977539,94.91692352294922
2021-12-22,15.452962875366211,20.273046493530273,23.486417770385742,31.797243118286133,170.64808654785156,28.73583221435547,135.7566375732422,126.13350677490234,441.19219970703125,73.89476776123047,95.62100982666016
2021-12-23,15.409038543701172,20.42974090576172,23.527421951293945,31.817005157470703,172.12037658691406,28.77204704284668,136.6781005859375,127.08875274658203,443.9372863769531,74.17406463623047,96.4320297241211
2021-12-27,15.461749076843262,20.617624282836914,23.601224899291992,31.866409301757812,175.20755004882812,28.89879608154297,138.95794677734375,128.46536254882812,450.219970703125,75.01199340820312,97.43914031982422
2021-12-28,15.5056734085083,20.9288387298584,23.601224899291992,31.836767196655273,173.78269958496094,28.79920768737793,138.60647583007812,128.3717498779297,449.8520812988281,75.12371063232422,97.51935577392578
2021-12-29,15.655019760131836,20.493576049804688,23.546911239624023,31.836767196655273,173.94419860839844,28.770156860351562,138.97694396972656,128.70884704589844,450.427490234375,75.4495620727539,97.83129119873047
2021-12-30,15.619880676269531,20.707544326782227,23.402372360229492,31.77747917175293,173.22227478027344,28.75200080871582,138.60647583007812,128.80247497558594,449.1822814941406,75.41231536865234,97.67085266113281
2021-12-31,15.619880676269531,20.673086166381836,23.214033126831055,31.866409301757812,172.70933532714844,28.860944747924805,138.27398681640625,128.54026794433594,448.0502014160156,75.31922149658203,97.56392669677734
2022-01-03,15.461749076843262,20.859806060791016,23.380474090576172,31.82688331604004,173.0797882080078,28.806468963623047,137.9035186767578,128.39981079101562,450.64453125,74.85371398925781,99.02555084228516
2022-01-04,15.5056734085083,20.701133728027344,23.483842849731445,31.836767196655273,172.48133850097656,28.83370590209961,137.74203491210938,128.9710235595703,450.4935607910156,74.60232543945312,100.72779846191406
2022-01-05,15.813153266906738,20.659461975097656,23.47157859802246,31.70831298828125,166.69650268554688,28.5976619720459,134.42669677734375,126.40510559082031,441.8430480957031,73.70856475830078,100.00591278076172
2022-01-06,15.892218589782715,20.74761390686035,23.555673599243164,31.797243118286133,167.28546142578125,28.724761962890625,134.55020141601562,126.54558563232422,441.4279479980469,73.40132141113281,100.24654388427734
2022-01-07,15.971281051635742,20.87583351135254,23.489973068237305,31.836767196655273,165.7466278076172,28.643054962158203,133.2868194580078,126.15229034423828,439.6827087402344,73.1313247680664,100.57630157470703
2022-01-10,16.015207290649414,20.564098358154297,23.41551399230957,31.80712127685547,166.32608032226562,28.5976619720459,132.68829345703125,125.68405151367188,439.1356506347656,72.94512176513672,100.6832504272461
2022-01-11,15.83072280883789,20.560894012451172,23.485591888427734,31.817005157470703,168.1973419189453,28.779233932495117,133.92324829101562,127.07937622070312,443.13543701171875,73.19651794433594,101.47645568847656
2022-01-12,15.813153266906738,20.46392822265625,23.40587615966797,31.80712127685547,168.88125610351562,28.870018005371094,134.1132354736328,127.08875274658203,444.33343505859375,73.2802963256836,101.63688659667969
2022-01-13,15.96249771118164,20.314069747924805,23.261337280273438,31.67867088317871,164.1697540283203,28.68844985961914,132.19436645507812,125.9368896484375,438.211181640625,72.53546905517578,101.90425109863281
2022-01-14,16.11184310913086,20.598554611206055,23.531145095825195,31.599620819091797,163.52389526367188,28.706605911254883,131.95689392089844,125.63720703125,438.390380859375,72.22825622558594,102.42117309570312
2022-01-18,16.357826232910156,20.915903091430664,23.79832649230957,31.500808715820312,159.27784729003906,28.461483001708984,129.60098266601562,123.49267578125,430.6266784667969,71.48342895507812,100.42478942871094
2022-01-19,16.4368896484375,20.859806060791016,23.817598342895508,31.490930557250977,157.46356201171875,28.50687599182129,128.4135284423828,122.16288757324219,426.1552734375,71.39964294433594,98.35711669921875
2022-01-20,16.4281063079834,20.915903091430664,23.879793167114258,31.392118453979492,155.72523498535156,28.379776000976562,126.74163055419922,120.73008728027344,421.4385070800781,70.72930908203125,96.85092163085938
2022-01-21,16.674089431762695,20.6434326171875,23.761533737182617,31.224140167236328,151.9732208251953,28.279909133911133,124.65179443359375,118.8196792602539,413.1654052734375,70.00309753417969,95.11299896240234
2022-01-24,16.638948440551758,20.548072814941406,23.821104049682617,31.28342628479004,152.7805938720703,28.170969009399414,125.48771667480469,119.79360961914062,414.9200744628906,70.31967163085938,95.48733520507812
2022-01-25,16.60380744934082,20.755626678466797,23.949874877929688,31.194496154785156,150.3773651123047,28.125574111938477,123.68283081054688,118.15477752685547,409.8542785644531,69.18382263183594,94.96150970458984
2022-01-26,16.498388290405273,20.883846282958984,24.281002044677734,31.125329971313477,150.53884887695312,27.971237182617188,123.38835144042969,117.05911254882812,408.82611083984375,68.355224609375,94.11482238769531
2022-01-27,16.612594604492188,20.87583351135254,24.500001907348633,31.135211944580078,148.66757202148438,27.87137222290039,122.8469009399414,116.27249145507812,406.8072814941406,68.33658599853516,93.11663055419922
2022-01-28,16.630163192749023,21.036108016967773,24.492996215820312,31.27354621887207,152.5526123046875,27.898609161376953,126.1622085571289,118.49191284179688,416.9104919433594,69.97518157958984,94.56043243408203
2022-01-31,16.4368896484375,20.755626678466797,24.383493423461914,31.27354621887207,157.11209106445312,28.261751174926758,128.66053771972656,120.91737365722656,424.4194641113281,70.8131103515625,95.63883972167969
2022-02-01,16.15576934814453,20.763641357421875,24.490367889404297,31.372356414794922,158.9263916015625,28.270832061767578,129.39202880859375,121.76956176757812,427.28729248046875,70.91551971435547,96.03097534179688
2022-02-02,16.296329498291016,20.79008674621582,24.58059310913086,31.35259437561035,160.17074584960938,28.307146072387695,131.158935546875,122.49064636230469,431.4379577636719,71.63239288330078,96.92221069335938
2022-02-03,16.419321060180664,20.811721801757812,24.69272232055664,31.21426010131836,156.41868591308594,28.2072811126709,127.150146484375,120.32740020751953,421.29705810546875,70.79449462890625,95.70122528076172
2022-02-04,16.278762817382812,21.04412078857422,25.03173828125,31.28342628479004,158.45144653320312,28.2072811126709,126.7131576538086,120.71135711669922,423.278076171875,70.61759185791016,94.89911651611328
2022-02-07,16.234834671020508,20.803707122802734,24.821495056152344,31.15497398376465,158.0619659423828,28.28898811340332,126.19068145751953,120.7675552368164,421.919677734375,70.46863555908203,95.25559997558594
2022-02-08,16.05034828186035,20.731584548950195,24.893325805664062,31.24390411376953,159.1353759765625,28.352537155151367,126.74163055419922,121.88192749023438,425.3910827636719,70.68275451660156,95.93295288085938
2022-02-09,15.848294258117676,20.90789222717285,24.834636688232422,31.34271240234375,163.0109100341797,28.552270889282227,129.1735076904297,124.15757751464844,431.61724853515625,71.52066802978516,97.41242218017578
2022-02-10,15.839506149291992,20.955968856811523,25.036991119384766,31.382238388061523,159.96177673339844,28.397933959960938,126.34269714355469,122.06924438476562,423.86297607421875,70.08689880371094,96.1112060546875
2022-02-11,16.08548927307129,21.412755966186523,25.036991119384766,31.372356414794922,155.33580017089844,28.298067092895508,123.72083282470703,120.42103576660156,415.50482177734375,69.37933349609375,95.06844329833984
2022-02-14,16.103057861328125,21.46885108947754,25.408414840698242,31.33283042907715,154.14840698242188,28.19820213317871,123.04638671875,119.65314483642578,414.1464538574219,69.04418182373047,94.22177124023438
2022-02-15,15.901001930236816,21.14028549194336,25.149993896484375,31.431642532348633,157.7580108642578,28.379776000976562,125.2407455444336,121.6759262084961,420.82537841796875,69.52830505371094,95.74576568603516
2022-02-16,15.848294258117676,21.11624526977539,25.141237258911133,31.34271240234375,157.8815155029297,28.352537155151367,125.48771667480469,121.83513641357422,421.29705810546875,69.33277130126953,95.76361846923828
2022-02-17,16.076702117919922,20.89987564086914,24.970415115356445,31.36247444152832,152.5241241455078,28.189123153686523,122.70439147949219,119.38157653808594,412.2975158691406,68.48556518554688,94.2306900024414
2022-02-18,16.15576934814453,20.915903091430664,25.062395095825195,31.382238388061523,150.75732421875,28.116493225097656,121.93495178222656,118.55745697021484,409.62786865234375,68.31797790527344,93.67809295654297
2022-02-22,16.313901901245117,21.06816291809082,25.35235023498535,31.411882400512695,148.94305419921875,28.016632080078125,120.35803985595703,117.2932357788086,405.23187255859375,67.805908203125,92.50169372558594
2022-02-23,16.287546157836914,21.19638442993164,25.52492332458496,31.27354621887207,145.6848907470703,27.862293243408203,118.40115356445312,115.29855346679688,398.0435791015625,66.92144775390625,91.34306335449219
2022-02-24,16.02399253845215,21.508920669555664,25.877077102661133,31.36247444152832,149.80743408203125,27.844135284423828,120.64301300048828,116.91864776611328,404.03387451171875,67.61039733886719,91.65499114990234
2022-02-25,15.82193660736084,21.476863861083984,25.139484405517578,31.619382858276367,152.74258422851562,28.14373207092285,123.61634826660156,119.86852264404297,412.9484558105469,69.1279525756836,94.07915496826172
2022-02-28,15.698945999145508,21.400733947753906,25.347095489501953,31.510690689086914,152.90406799316406,28.071102142333984,123.37886047363281,119.49394226074219,411.8918151855469,68.64384460449219,93.58007049560547
2022-03-01,15.804366111755371,21.84549903869629,25.87619972229004,31.510690689086914,150.51034545898438,27.962160110473633,121.7449722290039,117.55545043945312,405.6186218261719,68.39246368408203,91.82432556152344
2022-03-02,15.83072280883789,22.0394287109375,26.54984474182129,31.619382858276367,153.84445190429688,28.05294418334961,124.05331420898438,120.01837921142578,413.08050537109375,69.37003326416016,94.58718872070312
2022-03-03,16.146984100341797,21.989748001098633,27.04916763305664,31.490930557250977,151.6122589111328,27.889528274536133,123.5498275756836,119.21300506591797,411.0239562988281,69.5934829711914,94.13263702392578
2022-03-04,16.480817794799805,21.861526489257812,27.3732852935791,31.322952270507812,149.19947814941406,27.78058433532715,122.409912109375,118.45446014404297,407.6846008300781,70.05897521972656,93.01859283447266
2022-03-07,16.90250015258789,22.527469635009766,27.866477966308594,31.145092010498047,143.28163146972656,27.45375633239746,118.7906265258789,115.0176010131836,395.6664123535156,68.9697036743164,90.50531005859375
2022-03-08,16.81464958190918,22.783105850219727,28.370176315307617,31.29330825805664,142.55029296875,27.471912384033203,117.91666412353516,114.24032592773438,392.66656494140625,67.67556762695312,89.89035034179688
2022-03-09,16.4281063079834,22.286251068115234,26.901996612548828,31.402000427246094,148.26858520507812,27.74427032470703,121.07049560546875,116.91864776611328,403.1943359375,68.7648696899414,91.61936950683594
2022-03-10,16.48960304260254,22.466564178466797,26.960691452026367,31.392118453979492,147.54669189453125,27.562698364257812,120.28203582763672,116.55341339111328,401.3736572265625,68.6624526977539,91.01329040527344
2022-03-11,16.69165802001953,22.598791122436523,27.36189842224121,31.411882400512695,144.697021484375,27.381126403808594,118.5246353149414,115.06442260742188,396.2701416015625,68.17832946777344,90.1844482421875
2022-03-14,17.043062210083008,22.494613647460938,27.283935546875,31.411882400512695,143.03469848632812,27.24494743347168,117.36571502685547,114.26841735839844,393.3740539550781,68.10384368896484,89.60516357421875
2022-03-15,16.911287307739258,22.26221466064453,26.88535499572754,31.481048583984375,146.69178771972656,27.29941749572754,119.90205383300781,116.2069091796875,402.0245056152344,69.33277130126953,91.022216796875
2022-03-16,16.401750564575195,21.973716735839844,26.612916946411133,31.510690689086914,151.8021697998047,27.653484344482422,122.49539184570312,118.58556365966797,410.9391174316406,70.02174377441406,92.72449493408203
2022-03-17,16.11184310913086,22.1444091796875,27.219985961914062,31.520572662353516,154.49989318847656,27.862293243408203,124.19581604003906,120.2056655883789,416.08026123046875,70.84103393554688,93.597900390625
2022-03-18,15.927356719970703,22.150022506713867,27.261157989501953,31.500808715820312,157.5110321044922,27.962160110473633,126.06722259521484,121.43243408203125,420.6376037597656,71.29723358154297,93.96330261230469
2022-03-21,16.08548927307129,22.821575164794922,28.041675567626953,31.461286544799805,157.31158447265625,27.798744201660156,125.79173278808594,121.19830322265625,420.51458740234375,71.1668930053711,93.88309478759766
2022-03-22,15.96249771118164,23.3360595703125,28.119638442993164,31.530452728271484,160.17074584960938,27.916765213012695,127.06465911865234,122.30335235595703,425.4352111816406,71.52066802978516,94.68519592285156
2022-03-23,16.032777786254883,23.560441970825195,28.297470092773438,31.510690689086914,157.50152587890625,27.862293243408203,125.25025939941406,120.77691650390625,419.9562683105469,70.64552307128906,93.41073608398438
2022-03-24,15.980069160461426,23.279958724975586,28.46916389465332,31.500808715820312,160.18348693847656,27.971237182617188,127.24329376220703,122.2263412475586,426.2868347167969,71.34437561035156,94.82696533203125
2022-03-25,16.19091033935547,23.55803680419922,28.81080436706543,31.609500885009766,160.1263885498047,27.880451202392578,127.6434097290039,122.80916595458984,428.3686218261719,71.73678588867188,95.58981323242188
2022-03-28,16.076702117919922,23.42099952697754,28.102121353149414,31.629262924194336,162.1542510986328,27.907686233520508,128.54847717285156,123.20396423339844,431.41571044921875,72.31607055664062,95.320556640625
2022-03-29,15.865860939025879,23.28877830505371,27.688648223876953,31.67867088317871,164.458251953125,28.116493225097656,130.89215087890625,125.25312805175781,436.7526550292969,73.13827514648438,96.60395812988281
2022-03-30,15.98885440826416,23.17578125,27.970720291137695,31.599620819091797,162.5350799560547,28.098339080810547,129.98709106445312,124.15335845947266,434.0558166503906,73.06352996826172,95.76032257080078
2022-03-31,16.11184310913086,22.913732528686523,27.66236686706543,31.560096740722656,160.20252990722656,27.99847412109375,128.26271057128906,122.50836181640625,427.37506103515625,72.47492218017578,93.84871673583984
2022-04-01,16.120628356933594,23.11968421936035,27.664119720458984,31.688549041748047,160.4595947265625,28.034788131713867,128.43417358398438,123.04414367675781,428.5863037109375,72.95140838623047,93.74102783203125
2022-04-04,15.804366111755371,23.389747619628906,27.926042556762695,31.609500885009766,162.23043823242188,28.152807235717773,129.548828125,123.46717834472656,432.2578125,73.09156036376953,93.97434997558594
2022-04-05,16.103057861328125,23.656604766845703,28.321996688842773,31.73795509338379,158.6982879638672,27.953081130981445,127.83397674560547,121.93498229980469,426.7978515625,72.89534759521484,92.54737091064453
2022-04-06,16.551097869873047,23.632564544677734,28.356159210205078,31.70831298828125,155.9563751220703,27.853214263916016,126.65262603759766,121.23938751220703,422.5301818847656,73.24105072021484,92.19737243652344
2022-04-07,16.656518936157227,23.729530334472656,28.451644897460938,31.73795509338379,157.1844940185547,27.862293243408203,127.28140258789062,121.63417053222656,424.6593322753906,73.75492095947266,92.5294189453125
2022-04-08,16.770723342895508,23.921058654785156,28.815185546875,31.67867088317871,156.40383911132812,27.825979232788086,126.75740814208984,121.72819519042969,423.5237121582031,73.9044189453125,93.10380554199219
2022-04-11,16.779510498046875,24.07332420349121,29.01053237915039,31.629262924194336,153.0811309814453,27.662565231323242,124.59476470947266,120.5531997680664,416.2847595214844,73.0074691772461,92.89738464355469
2022-04-12,16.81464958190918,24.207950592041016,29.420499801635742,31.609500885009766,152.27191162109375,27.707956314086914,124.061279296875,120.17720794677734,414.7423400878906,72.63375091552734,92.67301940917969
2022-04-13,16.647733688354492,24.401887893676758,29.721845626831055,31.7873592376709,154.38548278808594,27.798744201660156,125.49034118652344,121.72819519042969,419.4925842285156,73.14761352539062,93.38202667236328
2022-04-14,16.867361068725586,24.602230072021484,30.406003952026367,31.718191146850586,151.51026916503906,27.735191345214844,124.08985900878906,120.7975845336914,414.2691345214844,72.67110443115234,92.8076400756836
2022-04-18,16.87614631652832,24.85866928100586,30.99818229675293,31.75771713256836,151.634033203125,27.626251220703125,123.75640106201172,120.28059387207031,414.43951416015625,72.1572494506836,93.06790161132812
2022-04-19,16.66530418395996,25.10869789123535,30.441041946411133,31.72807502746582,154.5092315673828,27.653484344482422,126.30013275146484,122.42378997802734,421.1296691894531,73.04483032226562,94.36924743652344
2022-04-20,16.81464958190918,24.68236541748047,30.038959503173828,31.797243118286133,154.13792419433594,27.7170352935791,126.24298858642578,123.01596069335938,420.8174133300781,73.32514953613281,94.96157836914062
2022-04-21,17.14848518371582,25.018943786621094,30.45243263244629,31.69843292236328,150.58677673339844,27.54454231262207,124.09934997558594,120.91976928710938,414.5246887207031,72.65242004394531,94.08206176757812
2022-04-22,17.368112564086914,24.954833984375,30.03632926940918,31.688549041748047,145.8931427001953,27.272184371948242,120.80302429199219,117.72383117675781,403.1505126953125,70.87721252441406,91.50629425048828
2022-04-25,17.271474838256836,24.674352645874023,29.57730484008789,31.668787002563477,146.98800659179688,27.272184371948242,121.8033447265625,118.09982299804688,405.4877624511719,71.1668701171875,91.87427520751953
2022-04-26,17.447175979614258,24.690378189086914,30.090641021728516,31.490930557250977,141.50416564941406,27.11784553527832,118.71659851074219,115.25167846679688,393.7444763183594,69.73736572265625,89.87290954589844
2022-04-27,17.561382293701172,24.92277717590332,30.448049545288086,31.4415225982666,141.44705200195312,27.05429458618164,118.6022720336914,115.40206909179688,394.8516540527344,69.82145690917969,89.72931671142578
2022-04-28,17.438392639160156,25.41562271118164,30.712602615356445,31.520572662353516,145.28382873535156,27.199552536010742,121.9557876586914,117.46065521240234,404.8253479003906,70.99869537353516,91.35374450683594
2022-04-29,17.482315063476562,25.339496612548828,30.36045265197754,31.402000427246094,139.8856201171875,27.063373565673828,117.6400375366211,113.73829650878906,389.86474609375,68.60682678222656,88.45489501953125
2022-05-02,17.245121002197266,25.892444610595703,30.96489143371582,31.35259437561035,141.7516632080078,26.999826431274414,118.678466796875,114.13309478759766,392.2115478515625,68.40129852294922,89.15492248535156
2022-05-03,17.245121002197266,25.42764663696289,30.984163284301758,31.4415225982666,142.84654235839844,27.017982482910156,118.99288177490234,115.08247375488281,394.00946044921875,68.64421081542969,90.32164001464844
2022-05-04,17.130910873413086,25.151973724365234,31.15323257446289,31.510690689086914,147.5402069091797,27.281259536743164,122.7560806274414,118.1750259399414,406.0082092285156,70.17648315429688,93.00508117675781
2022-05-05,17.438392639160156,25.579906463623047,31.762929916381836,31.36247444152832,141.2090301513672,26.945354461669922,117.84009552001953,114.32109069824219,391.5775451660156,68.35456848144531,90.77935791015625
2022-05-06,17.68437385559082,25.95655632019043,31.90396499633789,31.28342628479004,139.61907958984375,26.781938552856445,116.53490447998047,113.24951171875,389.24017333984375,67.97150421142578,90.43831634521484
2022-05-09,18.123626708984375,25.619976043701172,30.9578857421875,30.87830352783203,132.9356689453125,26.455106735229492,113.09564971923828,109.51774597167969,376.77783203125,66.63542938232422,88.25743865966797
2022-05-10,18.114843368530273,25.38758087158203,30.755529403686523,30.84865951538086,133.73533630371094,26.43695068359375,113.25758361816406,109.20755767822266,377.6484069824219,66.61674499511719,88.03308868408203
2022-05-11,18.38718032836914,25.5294246673584,31.176883697509766,30.81901741027832,130.53646850585938,26.33708381652832,111.31407928466797,107.83518981933594,371.64898681640625,66.15892791748047,86.82149505615234
2022-05-12,18.299331665039062,25.418031692504883,31.369606018066406,30.74985122680664,130.6887969970703,26.30984878540039,111.79993438720703,108.30517578125,371.2610168457031,66.36448669433594,87.08174896240234
2022-05-13,17.95671272277832,25.748197555541992,31.388002395629883,30.72020721435547,135.53477478027344,26.491422653198242,114.53421783447266,111.18152618408203,380.1370849609375,67.4389419555664,88.84081268310547
2022-05-16,18.062129974365234,25.90847396850586,31.763803482055664,30.631277084350586,133.7925262451172,26.509578704833984,114.14360809326172,110.62693786621094,378.5946044921875,67.44829559326172,88.80489349365234
2022-05-17,17.991851806640625,25.563879013061523,31.922365188598633,31.036399841308594,136.98187255859375,26.69114875793457,116.26814270019531,112.8923110961914,386.3824768066406,68.07428741455078,91.19219207763672
2022-05-18,18.02699089050293,25.563879013061523,31.41778564453125,30.74985122680664,130.66021728515625,26.491422653198242,110.9139404296875,108.75637817382812,370.8067626953125,65.54228210449219,87.65614318847656
2022-05-19,17.75465202331543,25.339496612548828,30.782682418823242,30.81901741027832,130.7459259033203,26.573129653930664,109.9231185913086,108.85037231445312,368.5357360839844,65.2806625366211,86.72277069091797
2022-05-20,17.781009674072266,25.299427032470703,31.163745880126953,30.838777542114258,130.46983337402344,26.618520736694336,110.4947509765625,108.72816467285156,368.6966247558594,65.7104721069336,86.68688201904297
2022-05-23,17.851289749145508,25.195249557495117,31.243459701538086,30.986995697021484,133.4021453857422,26.682071685791016,112.30487823486328,110.24154663085938,375.5949401855469,66.67280578613281,88.18566131591797
2022-05-24,18.193906784057617,24.970861434936523,30.9578857421875,30.87830352783203,131.08865356445312,26.636680603027344,111.26643371582031,109.40496826171875,372.7278137207031,67.0091552734375,87.86257934570312
2022-05-25,18.20269203186035,25.034971237182617,31.145349502563477,30.967233657836914,133.13555908203125,26.718387603759766,112.50494384765625,110.758544921875,376.0207824707031,67.21470642089844,89.0831298828125
2022-05-26,17.983064651489258,25.05901336669922,31.071765899658203,31.066043853759766,137.16278076171875,26.827329635620117,115.37259674072266,112.88290405273438,383.5341796875,68.06492614746094,90.76139831542969
2022-05-27,17.693157196044922,24.946819305419922,31.02708625793457,31.174734115600586,140.84722900390625,26.999826431274414,118.4688949584961,115.48666381835938,392.94964599609375,69.3262710571289,92.4576187133789
2022-05-31,17.789793014526367,25.091068267822266,30.940364837646484,31.21426010131836,139.04783630371094,26.954431533813477,117.43995666503906,114.33047485351562,390.7447509765625,68.63487243652344,91.91016387939453
2022-06-01,18.123626708984375,25.52381134033203,31.662189483642578,31.105567932128906,138.65748596191406,26.836408615112305,116.05854034423828,112.96751403808594,387.5842590332031,68.10230255126953,91.05757904052734
2022-06-02,17.55259895324707,25.435657501220703,31.246965408325195,31.303190231323242,139.29539489746094,27.063373565673828,118.80233764648438,115.7404556274414,394.9652404785156,68.91516876220703,91.96402740478516
2022-06-03,17.798580169677734,25.756206512451172,31.746286392211914,31.174734115600586,138.69557189941406,26.927196502685547,116.9636001586914,114.08609771728516,388.48321533203125,68.32655334472656,90.69857788085938
2022-06-06,17.71072769165039,25.94853973388672,32.66608810424805,31.026519775390625,138.82887268066406,26.936275482177734,117.22084045410156,114.35869598388672,389.66607666015625,68.33588409423828,90.97679901123047
2022-06-07,17.62287712097168,25.868404388427734,32.62228775024414,31.036399841308594,141.06622314453125,27.00890350341797,118.4307632446289,115.67465209960938,393.40386962890625,68.86844635009766,91.85630798339844
2022-06-08,17.62287712097168,26.20498275756836,32.63630294799805,30.977113723754883,139.75238037109375,26.97258758544922,117.1160659790039,114.20829010009766,389.1266784667969,68.01823425292969,90.22290802001953
2022-06-09,17.965497970581055,26.301145553588867,33.00772476196289,30.86842155456543,136.68179321289062,26.727466583251953,114.35516357421875,111.24116516113281,379.8721008300781,66.6330795288086,88.11119079589844
2022-06-10,18.457460403442383,26.35724449157715,33.393165588378906,30.7004451751709,134.54376220703125,26.455106735229492,110.89448547363281,107.91081237792969,368.8575744628906,65.63028717041016,85.73467254638672
2022-06-13,18.931856155395508,26.709854125976562,34.023887634277344,30.216272354125977,129.90499877929688,25.8649959564209,106.4013442993164,103.13700103759766,354.8526916503906,63.74658966064453,82.12925720214844
2022-06-14,18.940641403198242,26.693822860717773,33.8662109375,30.137224197387695,129.2559356689453,25.846839904785156,106.11455535888672,102.5615005493164,353.7833557128906,63.37171936035156,82.21961975097656
2022-06-15,18.677087783813477,26.212993621826172,32.70988464355469,30.058176040649414,129.36090087890625,26.06472396850586,107.55810546875,104.13703918457031,358.8270263671875,63.830909729003906,83.04191589355469
2022-06-16,19.098773956298828,26.14888572692871,32.998966217041016,29.801267623901367,126.04888916015625,25.83776092529297,103.79150390625,99.98590850830078,346.9512634277344,62.53763198852539,79.9244613647461
2022-06-17,18.905500411987305,26.16490936279297,32.63105010986328,30.107580184936523,124.32124328613281,25.901309967041016,103.83930206298828,100.75953674316406,347.69915771484375,62.71569061279297,79.87926483154297
2022-06-21,18.773723602294922,26.42135238647461,32.90260696411133,30.28544044494629,128.48280334472656,25.983020782470703,106.05718994140625,102.65583801269531,356.45208740234375,64.14019775390625,81.71360778808594
2022-06-22,18.782506942749023,25.9805965423584,32.00908660888672,30.35460662841797,127.76691436767578,25.928546905517578,105.87556457519531,102.64641571044922,355.80584716796875,64.38385772705078,81.32506561279297
2022-06-23,18.439891815185547,25.70011329650879,31.40464210510254,30.502824783325195,128.1964111328125,26.07380485534668,107.40513610839844,104.03328704833984,359.29364013671875,65.42411041259766,81.54192352294922
2022-06-24,18.15876579284668,25.64401626586914,31.57108497619629,30.660921096801758,130.85948181152344,26.20090675354004,110.95185852050781,107.533447265625,370.7169189453125,66.92359924316406,84.0991439819336
2022-06-27,18.299331665039062,25.820323944091797,31.746286392211914,30.641159057617188,131.90940856933594,26.246299743652344,110.4738540649414,107.28816223144531,369.3008728027344,66.8486328125,84.24373626708984
2022-06-28,18.677087783813477,26.052715301513672,32.14048767089844,30.641159057617188,130.95489501953125,26.082883834838867,107.66326904296875,105.32577514648438,361.7550048828125,65.6958999633789,83.2136001586914
2022-06-29,18.91428565979004,26.17292594909668,31.75504493713379,30.621395111083984,130.54449462890625,26.128276824951172,107.4625015258789,104.65593719482422,361.46038818359375,65.96766662597656,82.48167419433594
2022-06-30,19.133913040161133,25.964567184448242,30.493602752685547,30.591751098632812,130.16265869140625,26.046567916870117,106.81243133544922,103.80683135986328,358.5238037109375,65.79898834228516,81.794921875
2022-07-01,19.08998680114746,25.77223777770996,30.703845977783203,30.730087280273438,131.55624389648438,26.13735580444336,107.37644958496094,105.20313262939453,362.3157653808594,66.59558868408203,82.32805633544922
2022-07-05,18.483816146850586,25.708131790161133,29.784042358398438,30.759729385375977,129.56137084960938,26.01933479309082,108.1030044555664,105.48616790771484,363.0000305175781,66.38002014160156,81.90337371826172
2022-07-06,18.633163452148438,25.7321720123291,29.556283950805664,30.730087280273438,129.9336395263672,26.001174926757812,108.69572448730469,105.30693054199219,364.2259826660156,66.8017807006836,81.7859115600586
2022-07-07,18.10605812072754,25.812305450439453,30.48484230041504,30.828899383544922,131.2317352294922,26.119197845458984,110.57899475097656,107.24097442626953,369.6810607910156,67.1016616821289,83.2136001586914
2022-07-08,18.229049682617188,25.892444610595703,30.984163284301758,30.81901741027832,131.44171142578125,26.119197845458984,110.44518280029297,106.8164291381836,369.376953125,66.98918914794922,83.15034484863281
2022-07-11,18.606807708740234,26.068750381469727,31.325801849365234,30.571990966796875,130.88809204101562,25.992095947265625,109.16415405273438,105.40126037597656,365.1573486328125,66.72679138183594,82.30094909667969
2022-07-12,18.527742385864258,25.804292678833008,30.353443145751953,30.532466888427734,129.58999633789062,25.964860916137695,108.1030044555664,104.75972747802734,361.926025390625,66.11763763427734,82.33709716796875
2022-07-13,18.527742385864258,25.95655632019043,30.581201553344727,30.562110900878906,129.17958068847656,25.87407684326172,107.63455200195312,104.15591430664062,360.0254211425781,65.93020629882812,81.86721801757812
2022-07-14,18.677087783813477,26.14888572692871,31.00168228149414,30.502824783325195,128.6355438232422,25.87407684326172,107.59632110595703,103.15586853027344,359.1510925292969,65.76148986816406,81.05396270751953
2022-07-15,18.527742385864258,25.94853973388672,30.92284393310547,30.79925537109375,130.67808532714844,25.928546905517578,109.4413833618164,105.2597427368164,366.0126953125,66.61432647705078,83.00578308105469
2022-07-18,18.308116912841797,26.1168270111084,31.098045349121094,30.828899383544922,129.43728637695312,25.983020782470703,108.63834381103516,104.84463500976562,362.99053955078125,65.77088165283203,82.59915161132812
2022-07-19,18.132413864135742,25.892444610595703,31.045482635498047,31.036399841308594,131.75668334960938,26.146432876586914,111.79310607910156,107.90138244628906,372.79827880859375,67.01731872558594,84.93047332763672
2022-07-20,17.67559051513672,26.012651443481445,30.896564483642578,31.056163787841797,131.3462371826172,26.182748794555664,112.94029235839844,109.12785339355469,375.1741943359375,66.85798645019531,85.02081298828125
2022-07-21,17.39446449279785,25.636003494262695,30.773923873901367,31.056163787841797,131.44171142578125,26.273534774780273,113.86759948730469,110.14676666259766,378.99462890625,67.39218139648438,85.02986907958984
2022-07-22,17.83371925354004,25.37956428527832,30.096773147583008,31.036399841308594,131.26991271972656,26.29169273376465,112.50054168701172,108.90142059326172,375.4782409667969,67.19536590576172,84.24373626708984
2022-07-25,17.983064651489258,25.499767303466797,30.581201553344727,30.996877670288086,132.921142578125,26.2281436920166,112.32848358154297,109.08068084716797,375.9344482421875,67.14852142333984,84.62324523925781
2022-07-26,18.246620178222656,25.7321720123291,30.72136116027832,30.937589645385742,132.66343688964844,26.16459083557129,110.78933715820312,107.7409896850586,371.48675537109375,67.02667999267578,83.99974822998047
2022-07-27,17.868860244750977,25.459701538085938,30.32716178894043,31.145092010498047,134.16197204589844,26.382476806640625,113.60948181152344,110.19396209716797,381.1329040527344,67.83267211914062,85.52684783935547
2022-07-28,17.74587059020996,25.17922019958496,29.89792251586914,31.174734115600586,135.2977752685547,26.536815643310547,115.41629791259766,111.82610321044922,385.9132080078125,68.78858184814453,86.26780700683594
2022-07-29,17.526243209838867,25.034971237182617,29.731481552124023,31.16485595703125,136.8917999267578,26.536815643310547,116.64952087402344,112.89218139648438,391.5393981933594,69.17280578613281,86.58406829833984
2022-08-01,17.491100311279297,24.738468170166016,29.08324432373047,31.135211944580078,135.89915466308594,26.536815643310547,116.35316467285156,112.77897644042969,390.37994384765625,68.9478988647461,86.71057891845703
2022-08-02,17.209980010986328,25.034971237182617,29.713960647583008,31.15497398376465,135.1546630859375,26.455106735229492,115.36851501464844,112.46763610839844,387.804443359375,68.5074234008789,85.71660614013672
2022-08-03,16.92007064819336,25.17922019958496,29.74024200439453,31.224140167236328,135.45053100585938,26.564050674438477,116.85985565185547,113.99602508544922,393.8772888183594,69.26654052734375,86.73770141601562
2022-08-04,16.81464958190918,24.794559478759766,28.943082809448242,31.056163787841797,133.88516235351562,26.70022964477539,117.1370849609375,113.84505462646484,393.61114501953125,69.24779510498047,86.2226333618164
2022-08-05,16.674089431762695,25.083051681518555,29.486202239990234,31.174734115600586,134.3528289794922,26.573129653930664,116.93631744384766,114.23189544677734,392.9458923339844,69.36961364746094,86.08708190917969
2022-08-08,16.533527374267578,25.219287872314453,29.398603439331055,31.085803985595703,134.85873413085938,26.682071685791016,116.8694076538086,114.7696304321289,392.48968505859375,69.5664291381836,86.30393981933594
2022-08-09,16.9727840423584,25.219287872314453,29.792800903320312,31.510690689086914,135.6414031982422,26.600364685058594,115.7413330078125,113.66580963134766,390.9311218261719,69.52893829345703,85.6533432006836
2022-08-10,16.401750564575195,24.818603515625,29.09200096130371,31.649024963378906,136.7772674560547,26.772859573364258,118.64753723144531,116.66595458984375,399.1422424316406,70.28805541992188,87.31599426269531
2022-08-11,16.375396728515625,24.98689079284668,29.95924186706543,31.540334701538086,137.05406188964844,26.836408615112305,118.25558471679688,116.85462188720703,399.1422424316406,69.99754333496094,88.08407592773438
2022-08-12,16.182126998901367,24.85866928100586,29.751632690429688,31.639144897460938,139.00120544433594,26.963510513305664,120.25359344482422,118.82643127441406,405.8993835449219,70.98155212402344,89.55696105957031
2022-08-15,16.234834671020508,24.962848663330078,29.74024200439453,31.649024963378906,139.03941345214844,26.963510513305664,120.7029037475586,119.118896484375,407.5719299316406,71.48763275146484,89.54791259765625
2022-08-16,16.349042892456055,24.98689079284668,29.99428367614746,31.74783706665039,139.39251708984375,26.909038543701172,120.91323852539062,119.41136169433594,408.3702697753906,71.8156509399414,89.79190063476562
2022-08-17,16.718015670776367,25.05901336669922,30.660043716430664,31.718191146850586,139.4307403564453,26.763778686523438,119.8807601928711,117.84526062011719,405.4716796875,71.34705352783203,88.73467254638672
2022-08-18,16.779510498046875,25.2753849029541,31.211925506591797,31.70831298828125,140.37567138671875,26.818252563476562,120.45435333251953,118.07168579101562,406.6501770019531,71.53450012207031,89.43949127197266
2022-08-19,17.2626895904541,25.507781982421875,31.457204818725586,31.579856872558594,140.24200439453125,26.59128761291504,118.58062744140625,116.08102416992188,401.185546875,71.0940170288086,88.6262435913086
2022-08-22,17.5086727142334,25.563879013061523,31.75504493713379,31.579856872558594,138.82937622070312,26.455106735229492,116.19064331054688,113.41108703613281,392.8319091796875,70.07250213623047,86.58406829833984
2022-08-23,17.315399169921875,25.587921142578125,31.877685546875,31.481048583984375,139.0871124267578,26.46418571472168,115.82738494873047,113.29785919189453,391.88153076171875,69.5851821899414,86.54792022705078
2022-08-24,17.139698028564453,25.563879013061523,31.95652198791504,31.589738845825195,139.7266082763672,26.491422653198242,116.18109130859375,114.01487731933594,393.135986328125,69.67887878417969,86.83708953857422
2022-08-25,16.779510498046875,25.347503662109375,31.72876739501953,31.668787002563477,140.94833374023438,26.64575958251953,118.21735382080078,115.76023864746094,398.6860656738281,70.25057983398438,88.40032958984375
2022-08-26,17.201194763183594,25.46771812438965,31.90396499633789,31.461286544799805,137.9130859375,26.427873611450195,113.82937622070312,111.96762084960938,385.19091796875,68.40432739257812,85.60818481445312
2022-08-29,17.332969665527344,25.579906463623047,32.254364013671875,31.481048583984375,137.607666015625,26.391557693481445,112.72999572753906,111.2222900390625,382.6440124511719,68.01072692871094,85.19249725341797
2022-08-30,17.38568115234375,25.69210433959961,32.228084564208984,31.490930557250977,135.45053100585938,26.30984878540039,111.58280944824219,110.0335693359375,378.44342041015625,67.42030334472656,84.3340835571289
2022-08-31,17.37689781188965,25.716142654418945,32.3156852722168,31.402000427246094,134.16197204589844,26.2281436920166,110.65547180175781,109.29767608642578,375.56378173828125,66.98918914794922,83.49372100830078
2022-09-01,17.631664276123047,26.124841690063477,32.455848693847656,31.461286544799805,134.6869354248047,26.2281436920166,110.8849105834961,108.92030334472656,376.7423095703125,67.64522552490234,83.6202392578125
2022-09-02,17.543813705444336,26.100801467895508,32.455848693847656,31.372356414794922,133.96153259277344,26.091960906982422,109.76641082763672,108.11835479736328,372.7696838378906,66.78301239013672,83.05094146728516
2022-09-06,17.587739944458008,26.4373836517334,32.744930267333984,31.29330825805664,133.62745666503906,25.955781936645508,109.66127014160156,107.77873992919922,371.3631896972656,66.64244842529297,82.35516357421875
2022-09-07,17.359325408935547,26.253061294555664,31.720003128051758,31.411882400512695,134.89697265625,26.21906280517578,111.61148071289062,110.21281433105469,378.0347595214844,67.98261260986328,83.46662139892578
2022-09-08,17.043062210083008,26.35724449157715,32.079166412353516,31.510690689086914,135.70822143554688,26.20090675354004,112.46231079101562,111.33551788330078,380.5056457519531,68.27311706542969,84.08108520507812
2022-09-09,16.81464958190918,26.26909065246582,31.917104721069336,31.629262924194336,137.47401428222656,26.382476806640625,114.42208099365234,113.2884292602539,386.4168701171875,68.97602081298828,85.43648529052734
2022-09-12,16.647733688354492,26.02066421508789,31.930246353149414,31.639144897460938,138.6098175048828,26.509578704833984,115.11994934082031,114.2884750366211,390.57000732421875,69.37901306152344,86.32203674316406
2022-09-13,17.157268524169922,26.42135238647461,32.71864318847656,31.500808715820312,134.2955780029297,26.173667907714844,109.89070129394531,109.82600402832031,373.5870056152344,67.11104583740234,82.64431762695312
2022-09-14,17.09576988220215,26.389297485351562,32.52154541015625,31.560096740722656,135.3455352783203,26.2281436920166,110.01496887207031,109.83543395996094,375.01263427734375,67.11104583740234,82.5087890625
2022-09-15,17.060632705688477,26.453405380249023,32.4996452331543,31.490930557250977,134.22879028320312,26.082883834838867,108.46627807617188,108.97691345214844,370.75494384765625,66.33318328857422,82.25577545166016
2022-09-16,17.34175682067871,26.373268127441406,32.14924621582031,31.42176055908203,133.44610595703125,26.046567916870117,107.64412689208984,107.533447265625,367.926513671875,66.14573669433594,81.61420440673828
2022-09-19,17.289045333862305,26.4373836517334,32.56972885131836,31.431642532348633,133.92332458496094,26.028409957885742,108.37068939208984,108.21271514892578,370.77978515625,66.4737548828125,82.15638732910156
2022-09-20,17.38568115234375,26.6216983795166,32.6836051940918,31.36247444152832,133.01657104492188,25.91039276123047,106.84110260009766,106.42962646484375,366.5237731933594,65.66777801513672,80.49372100830078
2022-09-21,17.5086727142334,26.76594352722168,32.62228775024414,31.29330825805664,131.18399047851562,25.765132904052734,105.13944244384766,104.75029754638672,360.13018798828125,64.8149642944336,79.2105941772461
2022-09-22,17.921571731567383,26.822044372558594,32.85880661010742,31.382238388061523,131.44171142578125,25.64710807800293,104.08783721923828,102.9011459350586,357.1051940917969,64.59941101074219,78.47866821289062
2022-09-23,18.00063705444336,27.118549346923828,33.41945266723633,31.224140167236328,128.4541778564453,25.392908096313477,102.5678482055664,101.09916687011719,351.12188720703125,63.97148513793945,76.8069839477539
2022-09-26,18.062129974365234,27.50320816040039,34.216609954833984,31.066043853759766,126.91333770751953,25.265810012817383,101.43416595458984,99.65506744384766,347.64837646484375,63.285888671875,75.488525390625
2022-09-27,17.877647399902344,27.695539474487305,34.33048629760742,31.056163787841797,126.81714630126953,25.247650146484375,101.29007720947266,99.47491455078125,346.76092529296875,62.89978790283203,75.39735412597656
2022-09-28,17.605310440063477,27.10251808166504,33.2354850769043,31.16485595703125,129.54872131347656,25.50185203552246,103.70149230957031,101.94969177246094,353.5838928222656,64.02989196777344,77.02037811279297
2022-09-29,17.781009674072266,27.13457489013672,33.64720916748047,31.046281814575195,127.70201110839844,25.256729125976562,101.56868743896484,99.83523559570312,346.19793701171875,62.97512435913086,75.51588439941406
2022-09-30,17.860074996948242,27.198686599731445,33.6034049987793,30.917829513549805,126.17272186279297,25.184101104736328,99.85857391357422,98.8396224975586,340.8444519042969,62.24998092651367,74.64054107666016
2022-10-03,17.77222442626953,26.878137588500977,32.90260696411133,30.977113723754883,129.6448974609375,25.44738006591797,102.63507843017578,101.62731170654297,349.8431396484375,63.78502655029297,76.9291763305664
2022-10-04,17.368112564086914,26.381284713745117,32.263126373291016,31.204378128051758,132.82859802246094,25.746976852416992,105.60375213623047,105.31578063964844,360.6836242675781,65.14115905761719,79.72842407226562
2022-10-05,17.37689781188965,26.63772201538086,33.09182357788086,31.075925827026367,133.00167846679688,25.79236602783203,105.62298583984375,104.86064910888672,359.8438720703125,64.86802673339844,79.50959777832031
2022-10-06,17.245121002197266,26.942245483398438,33.89248275756836,31.075925827026367,132.1168212890625,25.728816986083984,104.71988677978516,103.91246795654297,356.1318054199219,63.87919998168945,78.6342544555664
2022-10-07,17.587739944458008,27.22273063659668,34.234130859375,30.957351684570312,129.98153686523438,25.46553611755371,101.78003692626953,101.03941345214844,346.19793701171875,62.47598648071289,76.76506042480469
2022-10-10,17.904001235961914,27.439102172851562,34.49693298339844,30.92770767211914,129.27938842773438,25.32935905456543,101.18437957763672,100.23346710205078,343.5545654296875,62.4006462097168,76.09031677246094
2022-10-11,18.079702377319336,27.50320816040039,34.66775131225586,30.907947540283203,129.47177124023438,25.220415115356445,100.59833526611328,99.57920837402344,341.37884521484375,62.36299514770508,75.99913787841797
2022-10-12,18.03577995300293,27.439102172851562,34.54072952270508,30.917829513549805,129.08705139160156,25.247650146484375,100.20443725585938,99.14305114746094,340.2528076171875,61.92035675048828,75.6617660522461
2022-10-13,18.229049682617188,27.415056228637695,34.38304901123047,30.947471618652344,132.61697387695312,25.31119728088379,102.30843353271484,101.21959686279297,349.2324523925781,63.229400634765625,77.8865737915039
2022-10-14,18.439891815185547,27.695539474487305,34.98748779296875,30.957351684570312,130.00079345703125,25.156864166259766,99.74327850341797,98.59310913085938,341.2738342285156,62.089881896972656,76.54621887207031
2022-10-17,18.20269203186035,27.350950241088867,34.207847595214844,30.986995697021484,131.80902099609375,25.274885177612305,102.36608123779297,101.23855590820312,350.0435791015625,63.285888671875,77.7406997680664
2022-10-18,18.237834930419922,27.246768951416016,33.822410583496094,30.986995697021484,133.19406127929688,25.401987075805664,103.53817749023438,102.69876098632812,354.15643310546875,64.01104736328125,78.67984008789062
2022-10-19,18.41353416442871,27.727590560913086,34.207847595214844,30.947471618652344,133.3383331298828,25.274885177612305,102.69273376464844,101.22908782958984,351.646728515625,63.44600296020508,78.06893920898438
2022-10-20,18.404752731323242,27.879854202270508,34.25164794921875,31.026519775390625,132.76123046875,25.238569259643555,101.88570404052734,100.3377685546875,348.6980895996094,62.92803192138672,77.99600219726562
2022-10-21,18.3432559967041,27.591358184814453,33.87496566772461,31.006755828857422,136.11802673339844,25.556324005126953,104.4700927734375,102.43328094482422,357.1719665527344,64.05813598632812,80.34845733642578
2022-10-24,18.36082649230957,27.743619918823242,33.76984405517578,31.006755828857422,137.8877716064453,25.347515106201172,105.74785614013672,103.38146209716797,361.54248046875,64.91514587402344,81.38790893554688
2022-10-25,17.921571731567383,27.399028778076172,33.2354850769043,31.16485595703125,138.76307678222656,25.510929107666016,108.02478790283203,105.60972595214844,367.3157958984375,65.68736267089844,82.49120330810547
2022-10-26,17.983064651489258,27.022382736206055,32.57848358154297,31.105567932128906,139.64791870117188,25.628952026367188,107.56364440917969,105.71402740478516,364.5483703613281,65.75330352783203,83.07476043701172
2022-10-27,18.079702377319336,27.09450340270996,32.30692672729492,31.046281814575195,139.69601440429688,25.574481964111328,106.63172912597656,105.89418029785156,362.6017150878906,65.72505187988281,82.84680938720703
2022-10-28,18.20269203186035,27.262794494628906,32.70988464355469,31.26366424560547,142.4564666748047,25.64710807800293,109.1584701538086,107.99918365478516,371.22821044921875,67.4767074584961,84.84367370605469
2022-10-31,18.20269203186035,27.463144302368164,33.130367279052734,31.253782272338867,142.00442504882812,25.556324005126953,108.14009094238281,107.58196258544922,368.5467224121094,67.04351043701172,84.41511535644531
2022-11-01,18.185123443603516,27.294849395751953,32.99020767211914,31.29330825805664,141.76397705078125,25.64710807800293,108.1016616821289,107.71470642089844,366.93408203125,66.96815490722656,84.84367370605469
2022-11-02,18.65951919555664,27.53526496887207,33.340606689453125,30.907947540283203,139.359375,25.420143127441406,105.08495330810547,104.7563705444336,357.7253723144531,65.62145233154297,83.09300231933594
2022-11-03,18.518957138061523,27.70355796813965,33.883724212646484,30.641159057617188,139.45558166503906,25.347515106201172,104.12422943115234,104.31070709228516,354.0420227050781,65.18824768066406,82.19942474365234
2022-11-04,18.606807708740234,27.38300323486328,33.37564468383789,30.838777542114258,140.2250213623047,25.628952026367188,105.81511688232422,105.48646545410156,359.13775634765625,65.71562194824219,83.74037170410156
2022-11-07,18.58045196533203,27.415056228637695,33.366886138916016,30.759729385375977,141.69662475585938,25.701581954956055,107.03524017333984,106.26396942138672,362.5731506347656,66.21475219726562,84.54277038574219
2022-11-08,18.606807708740234,27.006357192993164,32.937644958496094,30.74985122680664,142.61036682128906,25.765132904052734,107.66932678222656,106.8708267211914,364.5293884277344,66.72329711914062,84.88925170898438
2022-11-09,18.861574172973633,27.10251808166504,32.797481536865234,30.641159057617188,139.359375,25.610794067382812,105.44042205810547,104.71842193603516,357.0192565917969,65.94164276123047,83.1750717163086
2022-11-10,18.02699089050293,26.044706344604492,31.098045349121094,30.917829513549805,143.0431671142578,26.110118865966797,112.242431640625,110.80581665039062,376.63897705078125,68.26778411865234,86.8861083984375
2022-11-11,17.38568115234375,25.65203094482422,30.76516342163086,30.92770767211914,142.43722534179688,26.300769805908203,113.84684753417969,112.26604461669922,380.2843017578125,67.89107513427734,87.74320983886719
2022-11-14,17.543813705444336,25.748197555541992,30.9578857421875,30.917829513549805,142.3795166015625,26.237218856811523,112.91493225097656,110.9859848022461,377.0493469238281,67.71214294433594,87.15966796875
2022-11-15,17.306615829467773,25.49175453186035,30.57244300842285,30.967233657836914,142.9181365966797,26.427873611450195,114.18310546875,112.26604461669922,380.2651672363281,68.07942962646484,87.67940521240234
2022-11-16,17.649234771728516,25.30743980407715,30.20452117919922,31.006755828857422,142.244873046875,26.33708381652832,112.5690689086914,110.82478332519531,377.36419677734375,68.06060791015625,86.14755249023438
2022-11-17,17.851289749145508,25.499767303466797,30.607481002807617,30.917829513549805,142.81236267089844,26.2281436920166,112.3673095703125,109.9334716796875,376.20953369140625,68.01351165771484,86.32078552246094
2022-11-18,17.991851806640625,25.627992630004883,30.703845977783203,31.046281814575195,143.74534606933594,26.209983825683594,112.79003143310547,110.61619567871094,377.9176940917969,68.67273712158203,86.96818542480469
2022-11-21,18.264192581176758,25.764225006103516,30.80020523071289,31.075925827026367,143.75494384765625,26.173667907714844,112.1751708984375,110.37913513183594,376.5435485839844,68.94585418701172,86.67640686035156
2022-11-22,18.264192581176758,25.595935821533203,30.493602752685547,31.105567932128906,145.83248901367188,26.2553768157959,114.0101547241211,111.78246307373047,381.6107482910156,69.5674057006836,88.09883117675781
2022-11-23,18.15876579284668,25.299427032470703,29.652639389038086,31.21426010131836,145.7555389404297,26.30984878540039,114.74032592773438,112.39878845214844,384.01544189453125,69.8216781616211,88.30851745605469
2022-11-25,18.220264434814453,25.2753849029541,29.75951385498047,31.085803985595703,145.9479217529297,26.30984878540039,114.52896881103516,112.69271087646484,383.92950439453125,70.01946258544922,88.51825714111328
2022-11-28,18.44867515563965,25.371553421020508,30.10816192626953,31.085803985595703,144.22622680664062,26.20090675354004,112.97257995605469,110.79633331298828,377.8031311035156,69.25662231445312,86.93169403076172
2022-11-29,18.44867515563965,25.42764663696289,30.248321533203125,31.135211944580078,144.37051391601562,26.29169273376465,112.90531921386719,111.12821197509766,377.1542663574219,69.19070434570312,87.38761138916016
2022-11-30,18.149982452392578,25.034971237182617,29.80156135559082,31.125329971313477,146.92898559570312,26.573129653930664,116.479248046875,114.19086456298828,389.034912109375,70.87644958496094,89.25680541992188
2022-12-01,18.132413864135742,24.770517349243164,29.08324432373047,31.135211944580078,146.20761108398438,26.69114875793457,116.45040893554688,114.45635986328125,388.7486267089844,70.97061920166016,88.96501922607422
2022-12-02,18.123626708984375,24.690378189086914,29.021923065185547,31.184616088867188,146.83279418945312,26.69114875793457,116.41199493408203,114.34257507324219,388.3001403808594,71.10246276855469,88.69149017333984
2022-12-05,18.404752731323242,24.938810348510742,29.47744369506836,31.174734115600586,144.59173583984375,26.491422653198242,114.5001449584961,111.70659637451172,381.3148498535156,70.09478759765625,87.1231918334961
2022-12-06,18.466245651245117,24.92277717590332,29.3723201751709,31.135211944580078,142.89891052246094,26.400632858276367,112.63632202148438,110.13261413574219,375.81829833984375,69.53914642333984,86.0746078491211
2022-12-07,18.439891815185547,24.714426040649414,29.092876434326172,31.174734115600586,143.33175659179688,26.482341766357422,112.49221801757812,110.03778839111328,375.178955078125,69.6144790649414,86.15666961669922
2022-12-08,18.36082649230957,24.690378189086914,29.12704086303711,31.24390411376953,143.5240936279297,26.482341766357422,113.44332885742188,110.84375,378.1180419921875,70.06653594970703,86.63080596923828
2022-12-09,18.422319412231445,24.874696731567383,29.459922790527344,31.28342628479004,141.06182861328125,26.473262786865234,112.38652801513672,110.198974609375,375.2934265136719,69.4167251586914,86.08373260498047
2022-12-12,18.21147918701172,24.842639923095703,29.512481689453125,31.372356414794922,143.01431274414062,26.600364685058594,114.25996398925781,111.83934783935547,380.70416259765625,70.43383026123047,87.28730773925781
2022-12-13,18.062129974365234,24.64229965209961,29.135801315307617,31.382238388061523,142.66802978515625,26.64575958251953,115.25450134277344,112.94915771484375,383.58599853515625,70.46884155273438,87.75407409667969
2022-12-14,18.097272872924805,24.594215393066406,29.10076141357422,31.4415225982666,142.43588256835938,26.727466583251953,114.79147338867188,112.13131713867188,381.1336364746094,70.20391082763672,87.29467010498047
2022-12-15,18.246620178222656,24.58620262145996,29.661401748657227,31.34271240234375,140.5399627685547,26.400632858276367,111.82040405273438,109.3163833618164,371.8103942871094,68.8320083618164,85.208984375
2022-12-16,18.3432559967041,24.762502670288086,29.889162063598633,31.253782272338867,139.56298828125,26.282615661621094,110.51815032958984,108.23225402832031,367.42071533203125,68.15078735351562,84.07888793945312
2022-12-19,18.475032806396484,24.75448989868164,29.95924186706543,31.224140167236328,139.3211669921875,26.2553768157959,109.33163452148438,106.9674301147461,364.30511474609375,67.76286315917969,83.26113891601562
2022-12-20,18.439891815185547,24.91476821899414,30.033702850341797,31.26366424560547,139.8628387451172,26.2553768157959,109.5052719116211,107.20516967773438,364.8035888671875,67.80069732666016,83.23359680175781
2022-12-21,18.439891815185547,24.810583114624023,30.090641021728516,31.322952270507812,141.86517333984375,26.446027755737305,111.46349334716797,108.74577331542969,370.2582702636719,68.6143798828125,84.33613586425781
2022-12-22,18.694660186767578,24.97887420654297,30.335922241210938,31.27354621887207,140.3078155517578,26.328006744384766,109.74644470214844,107.43341064453125,364.9761657714844,68.11292266845703,83.3254623413086
2022-12-23,18.782506942749023,24.954833984375,30.318403244018555,31.26366424560547,141.83615112304688,26.34616470336914,110.39274597167969,108.10862731933594,367.0756530761719,68.47246551513672,83.81243133544922
2022-12-27,18.966997146606445,24.994905471801758,30.134443283081055,31.303190231323242,142.087646484375,26.382476806640625,110.04548645019531,107.96597290039062,365.6280517578125,68.59546661376953,83.80323028564453
2022-12-28,19.076128005981445,25.208209991455078,29.13465118408203,31.303190231323242,140.4142303466797,26.21906280517578,108.57923126220703,106.46339416503906,361.0840759277344,67.87638854980469,82.526123046875
2022-12-29,18.863187789916992,25.070037841796875,28.908069610595703,31.372356414794922,141.1783905029297,26.43021011352539,110.47954559326172,108.66018676757812,367.583740234375,68.59546661376953,83.82162475585938
2022-12-30,18.818824768066406,25.139122009277344,28.841981887817383,31.35259437561035,141.15904235839844,26.356121063232422,109.9297103881836,108.15616607666016,366.6153564453125,68.21700286865234,83.73892974853516
2023-01-03,19.0672550201416,25.078670501708984,29.021360397338867,31.34271240234375,138.9052276611328,26.356121063232422,109.62102508544922,107.93742370605469,365.072021484375,68.28324127197266,83.74812316894531
2023-01-04,18.96965789794922,24.888681411743164,28.709810256958008,31.31307029724121,138.7794647216797,26.56911849975586,110.50849151611328,109.7157974243164,367.8905029296875,68.66168975830078,85.06199645996094
2023-01-05,19.0672550201416,24.93186378479004,29.078004837036133,31.253782272338867,138.68270874023438,26.43021011352539,109.22554779052734,108.34635925292969,363.69158935546875,68.02777862548828,84.63015747070312
2023-01-06,19.031766891479492,24.612335205078125,28.369935989379883,31.372356414794922,141.0042724609375,26.698768615722656,112.0326156616211,110.87599182128906,372.0318603515625,69.50376892089844,86.7801284790039
2023-01-09,18.74784278869629,24.58642578125,28.200000762939453,31.224140167236328,139.11802673339844,26.754335403442383,111.94580841064453,111.01862335205078,371.8208923339844,69.0023193359375,86.55961608886719
2023-01-10,18.588136672973633,24.698694229125977,28.473787307739258,31.35259437561035,139.8338165283203,26.763593673706055,112.75608825683594,112.01719665527344,374.4284362792969,69.20098876953125,87.17520904541016
2023-01-11,18.339702606201172,24.54324722290039,27.93565559387207,31.29330825805664,140.47225952148438,26.828418731689453,114.37667083740234,113.50072479248047,379.1641540527344,69.80653381347656,87.88269805908203
2023-01-12,18.242101669311523,24.491432189941406,27.52025604248047,31.35259437561035,140.85916137695312,26.93954849243164,114.9168701171875,113.9857406616211,380.5445861816406,69.61729431152344,88.25938415527344
2023-01-13,18.126758575439453,24.525972366333008,27.652427673339844,31.35259437561035,141.19773864746094,27.00437355041504,115.16767883300781,114.30908203125,382.02093505859375,69.70246887207031,88.15833282470703
2023-01-17,17.896072387695312,24.595062255859375,27.541025161743164,31.253782272338867,140.74307250976562,26.98585319519043,114.92652130126953,114.2139663696289,381.32110595703125,69.38075256347656,87.64380645751953
2023-01-18,17.913818359375,24.430978775024414,27.397523880004883,31.27354621887207,138.363525390625,27.03215980529785,113.32523345947266,112.54022216796875,375.3008117675781,68.16024780273438,86.15533447265625
2023-01-19,18.17112159729004,24.595062255859375,27.444726943969727,31.224140167236328,138.20877075195312,26.958072662353516,112.35093688964844,111.30393981933594,372.5686950683594,67.74394989013672,85.51219940185547
2023-01-20,17.94930648803711,24.57778549194336,27.567461013793945,31.33283042907715,139.01162719726562,27.059938430786133,114.60820007324219,113.51974487304688,379.50927734375,68.46299743652344,86.84443664550781
2023-01-23,17.656511306762695,24.57778549194336,27.444726943969727,31.471166610717773,139.30181884765625,27.078458786010742,116.13230895996094,115.09839630126953,384.0628662109375,68.79414367675781,88.16751098632812
2023-01-24,17.7452392578125,24.56915283203125,27.425844192504883,31.36247444152832,139.73709106445312,27.13402557373047,116.05512237548828,114.6799545288086,383.6506042480469,68.7846908569336,87.9102554321289
2023-01-25,17.842836380004883,24.551883697509766,27.45888900756836,31.31307029724121,140.1627197265625,27.180330276489258,115.92008209228516,114.81310272216797,383.79443359375,68.88876342773438,88.65447235107422
2023-01-26,17.656511306762695,24.595062255859375,27.6901912689209,31.253782272338867,141.4879150390625,27.22663116455078,117.16446685791016,115.916259765625,388.0125427246094,68.99284362792969,89.3160171508789
2023-01-27,17.523422241210938,24.54324722290039,27.756277084350586,31.253782272338867,139.82415771484375,27.208110809326172,117.44420623779297,116.46783447265625,388.904052734375,68.7846908569336,89.24249267578125
2023-01-30,17.674257278442383,24.54324722290039,28.02062225341797,31.15497398376465,138.68270874023438,27.013633728027344,115.86222839355469,115.00328063964844,384.02447509765625,68.45354461669922,88.23182678222656
2023-01-31,17.621021270751953,24.327346801757812,28.01118278503418,31.204378128051758,140.38522338867188,27.124765396118164,117.7914810180664,117.00987243652344,389.67095947265625,69.25776672363281,89.74784851074219
2023-02-01,17.274988174438477,24.422344207763672,27.92621421813965,31.303190231323242,139.30181884765625,27.29145622253418,119.20951080322266,118.54096984863281,393.81219482421875,69.68352508544922,90.38182067871094
2023-02-02,16.875720977783203,24.284170150756836,27.69963264465332,31.23402214050293,136.6417236328125,27.43962860107422,121.73683166503906,120.31932830810547,399.54498291015625,69.58890533447266,91.45680236816406
2023-02-03,17.186262130737305,24.301441192626953,27.77515983581543,31.075925827026367,136.5159912109375,27.124765396118164,120.3381118774414,118.57901763916016,395.29815673828125,69.04962158203125,90.354248046875
2023-02-06,17.274988174438477,24.387798309326172,27.963977813720703,30.947471618652344,136.71910095214844,27.050678253173828,119.27703094482422,117.63752746582031,392.8824462890625,68.90769958496094,89.2884521484375
2023-02-07,17.0709171295166,24.551883697509766,27.831806182861328,31.145092010498047,138.31517028808594,27.13402557373047,120.7336196899414,118.77872467041016,398.0207824707031,69.22938537597656,90.10615539550781
2023-02-08,17.159643173217773,24.361892700195312,28.001741409301758,31.056163787841797,137.59933471679688,27.050678253173828,119.0551528930664,117.54244995117188,393.66851806640625,68.5576171875,89.19657135009766
2023-02-09,17.372587203979492,24.508705139160156,28.02062225341797,31.026519775390625,137.31883239746094,27.06920051574707,117.85901641845703,116.27761840820312,390.2557067871094,68.14129638671875,88.72797393798828
2023-02-10,17.629894256591797,24.413707733154297,27.869569778442383,30.986995697021484,139.98858642578125,27.03215980529785,118.04228973388672,116.3346939086914,391.16644287109375,68.77522277832031,89.4630126953125
2023-02-13,17.487930297851562,24.525972366333008,28.08670997619629,31.105567932128906,140.69473266601562,27.096982955932617,119.75934600830078,117.80872344970703,395.7583312988281,69.35237884521484,90.354248046875
2023-02-14,17.266115188598633,24.698694229125977,28.16695785522461,31.056163787841797,140.2304229736328,27.078458786010742,119.5953598022461,117.77067565917969,395.57623291015625,68.8036117553711,90.23480224609375
2023-02-15,16.928955078125,24.6555118560791,28.228322982788086,31.066043853759766,139.35987854003906,27.00437355041504,119.65323638916016,118.96893310546875,396.86083984375,68.97391510009766,90.45531463623047
2023-02-16,17.14189910888672,24.715965270996094,28.388818740844727,31.026519775390625,138.0443115234375,27.180330276489258,118.00370788574219,117.38077545166016,391.396484375,68.57654571533203,89.78459930419922
2023-02-17,17.541168212890625,24.64687728881836,28.436023712158203,31.095685958862305,137.7347869873047,26.976591110229492,117.53102111816406,116.73410034179688,390.4187316894531,68.91715240478516,89.42627716064453
2023-02-21,17.718618392944336,24.67278480529785,28.96471405029297,31.135211944580078,136.66107177734375,26.73581314086914,115.00367736816406,114.0237808227539,382.5865478515625,68.0372314453125,87.3038330078125
2023-02-22,17.638765335083008,24.58642578125,28.747573852539062,31.372356414794922,136.20645141601562,26.763593673706055,114.74325561523438,114.05231475830078,382.05926513671875,67.78179168701172,87.10171508789062
2023-02-23,17.56778335571289,24.465524673461914,28.502111434936523,31.28342628479004,136.7771453857422,26.93954849243164,115.86222839355469,114.48976135253906,384.0915832519531,67.80069732666016,87.40492248535156
2023-02-24,17.771854400634766,24.603700637817383,28.57763671875,31.145092010498047,136.0226287841797,26.83768081665039,114.51171875,113.19640350341797,379.9885559082031,67.26138305664062,86.6515121459961
2023-02-27,17.629894256591797,24.733232498168945,28.662607192993164,31.026519775390625,136.12904357910156,26.948810577392578,114.69500732421875,113.35808563232422,381.2828063964844,67.28031921386719,86.6055679321289
2023-02-28,17.523422241210938,24.508705139160156,28.502111434936523,30.8980655670166,134.71676635742188,26.893247604370117,114.55030822753906,113.18690490722656,379.8735656738281,66.83562469482422,86.11859893798828
2023-03-01,17.523422241210938,24.70732879638672,28.672046661376953,30.78937339782715,135.4325714111328,26.726552963256836,114.21269989013672,112.93014526367188,378.41644287109375,66.48555755615234,86.21966552734375
2023-03-02,17.461313247680664,24.802322387695312,28.738134384155273,30.78937339782715,136.0226287841797,26.772855758666992,115.32203674316406,114.04277801513672,381.3594055175781,67.06269073486328,86.7525634765625
2023-03-03,17.133026123046875,24.6555118560791,28.407699584960938,30.937589645385742,137.36720275878906,26.930286407470703,117.11624908447266,115.61194610595703,387.4756774902344,67.66822814941406,87.84593963623047
2023-03-06,17.248371124267578,24.810958862304688,28.738134384155273,30.7004451751709,137.5413055419922,26.893247604370117,117.23199462890625,114.82260131835938,387.74407958984375,67.69661712646484,87.37734985351562
2023-03-07,17.337095260620117,24.482791900634766,28.908069610595703,30.641159057617188,135.6743927001953,26.73581314086914,115.59210968017578,113.09180450439453,381.8004150390625,66.87349700927734,85.90727996826172
2023-03-08,17.319351196289062,24.551883697509766,28.945833206176758,30.621395111083984,134.8715362548828,26.708030700683594,115.98761749267578,113.34858703613281,382.4235534667969,66.89241027832031,86.19210815429688
2023-03-09,17.594402313232422,24.335983276367188,29.087444305419922,30.552228927612305,132.94659423828125,26.615421295166016,114.07765197753906,110.47657775878906,375.3678894042969,66.13549041748047,84.35452270507812
2023-03-10,18.082395553588867,23.59329605102539,28.426584243774414,30.680681228637695,131.64073181152344,26.57838249206543,112.19659423828125,107.8042984008789,369.9515380859375,65.39750671386719,83.11414337158203
2023-03-13,18.02916145324707,22.876514434814453,27.5768985748291,30.473180770874023,130.78952026367188,26.550596237182617,112.15802001953125,107.14811706542969,369.4243469238281,65.62458038330078,81.75432586669922
2023-03-14,18.073524475097656,23.36876106262207,27.973417282104492,30.621395111083984,131.97930908203125,26.624683380126953,114.1548080444336,108.66018676757812,375.5309143066406,66.23957061767578,82.86607360839844
2023-03-15,18.14450454711914,22.53108024597168,27.78459930419922,30.601633071899414,129.72547912597656,26.513553619384766,113.60497283935547,107.11006164550781,373.18218994140625,66.14494323730469,81.5338134765625
2023-03-16,18.064651489257812,22.80742645263672,27.92621421813965,30.690563201904297,130.95391845703125,26.58763885498047,115.60176086425781,108.63166046142578,379.7297668457031,66.79778289794922,82.93038177490234
2023-03-17,18.162250518798828,22.367000579833984,27.605222702026367,30.532466888427734,128.81622314453125,26.643205642700195,114.77218627929688,106.71064758300781,375.28973388671875,66.20172882080078,81.56139373779297
2023-03-20,18.39293670654297,22.643348693847656,27.61466407775879,30.591751098632812,131.07003784179688,26.633943557739258,115.76575469970703,107.91841125488281,378.89837646484375,66.96809387207031,82.51692199707031
2023-03-21,18.00254249572754,22.885154724121094,27.897890090942383,30.621395111083984,132.77249145507812,26.726552963256836,117.04872131347656,109.43050384521484,383.87347412109375,67.06269073486328,83.54597473144531
2023-03-22,18.242101669311523,22.53108024597168,27.897890090942383,30.601633071899414,130.60569763183594,26.745073318481445,115.10980224609375,107.02449035644531,377.3298034667969,66.14494323730469,81.8002700805664
2023-03-23,18.179996490478516,22.418813705444336,27.718515396118164,30.680681228637695,129.7435760498047,26.80063819885254,115.88871765136719,106.75616455078125,378.34979248046875,66.2304916381836,81.630615234375
2023-03-24,18.321956634521484,22.194284439086914,27.53913688659668,30.72020721435547,131.12538146972656,26.7913761138916,116.3821792602539,107.53916931152344,380.83258056640625,67.1619873046875,82.11266326904297
2023-03-27,18.330829620361328,22.755617141723633,27.756277084350586,30.917829513549805,132.39041137695312,26.754335403442383,116.34347534179688,108.2648696899414,381.5446472167969,67.36158752441406,82.71521759033203
2023-03-28,18.47279167175293,22.746976852416992,27.794042587280273,30.92770767211914,132.8671875,26.7913761138916,116.02418518066406,108.45585632324219,380.6882629394531,67.41861724853516,82.72447967529297
2023-03-29,18.330829620361328,22.885154724121094,27.992300033569336,31.036399841308594,133.96681213378906,26.90250587463379,117.59169006347656,110.15554809570312,386.2215270996094,68.06494903564453,84.31889343261719
2023-03-30,18.25984764099121,22.902421951293945,28.171676635742188,31.21426010131836,134.22958374023438,26.948810577392578,118.28833770751953,110.59480285644531,388.48291015625,68.37861633300781,84.77310943603516
2023-03-31,18.100141525268555,22.712432861328125,27.831806182861328,31.253782272338867,135.29994201660156,27.050678253173828,120.04937744140625,112.54277038574219,393.95843505859375,69.1390151977539,85.82988739013672
2023-04-03,18.188867568969727,22.582897186279297,27.61466407775879,31.204378128051758,138.01490783691406,27.08772087097168,120.59122467041016,112.37088775634766,395.45965576171875,69.4146499633789,86.3397216796875
2023-04-04,18.2775936126709,22.46199607849121,27.6901912689209,31.27354621887207,136.8082733154297,27.124765396118164,119.49784088134766,111.13908386230469,393.2655944824219,69.23405456542969,85.35711669921875
2023-04-05,18.605878829956055,22.32381820678711,27.633546829223633,31.174734115600586,138.44309997558594,27.161806106567383,119.3720474243164,110.5566177368164,392.23590087890625,69.65228271484375,85.30150604248047
2023-04-06,18.61475372314453,22.315183639526367,27.916772842407227,31.26366424560547,138.2484588623047,27.161806106567383,119.65266418457031,110.65208435058594,393.7660217285156,69.88990020751953,85.25516510009766
2023-04-10,18.490537643432617,22.556989669799805,27.841245651245117,31.29330825805664,138.84205627441406,27.161806106567383,120.0783920288086,111.40644073486328,394.1701354980469,69.82335662841797,86.14506530761719
2023-04-11,18.35744857788086,22.582897186279297,28.00646209716797,31.27354621887207,139.32862854003906,27.208110809326172,120.30094146728516,112.14171600341797,394.2760314941406,69.99446105957031,86.62710571289062
2023-04-12,18.47279167175293,22.686525344848633,28.133913040161133,31.322952270507812,139.56214904785156,27.1988525390625,119.69136047363281,111.52104949951172,392.6689147949219,70.0229721069336,86.0245590209961
2023-04-13,18.481664657592773,22.755617141723633,28.237764358520508,31.4415225982666,140.5839080810547,27.245155334472656,121.09437561035156,112.48548889160156,397.8846435546875,70.46019744873047,86.36753845214844
2023-04-14,18.499408721923828,22.885154724121094,28.133913040161133,31.382238388061523,139.805419921875,27.245155334472656,120.94923400878906,111.77886199951172,396.91278076171875,70.00395965576172,86.27484130859375
2023-04-17,18.455045700073242,23.014690399169922,28.030065536499023,31.540334701538086,139.6302490234375,27.2636775970459,121.11371612548828,112.6095962524414,398.3369140625,70.32711791992188,86.71981048583984
2023-04-18,18.36631965637207,23.040597915649414,28.081043243408203,31.481048583984375,139.79571533203125,27.2636775970459,121.30723571777344,112.66688537597656,398.5967102050781,70.1940689086914,86.74758911132812
2023-04-19,18.321956634521484,23.006053924560547,28.407699584960938,31.490930557250977,139.08534240722656,27.171070098876953,121.00727081298828,112.63824462890625,398.5294189453125,70.0229721069336,85.98746490478516
2023-04-20,18.410682678222656,22.97150993347168,28.587078094482422,31.42176055908203,138.68637084960938,27.161806106567383,120.99760437011719,112.04621887207031,396.3546142578125,69.94692993164062,85.06974792480469
2023-04-21,18.384065628051758,22.97150993347168,28.596519470214844,31.411882400512695,138.57933044433594,27.161806106567383,120.81376647949219,112.02713775634766,396.6625061035156,70.13703155517578,84.93070220947266
2023-04-24,18.446176528930664,23.006053924560547,28.72869110107422,31.4415225982666,139.4842987060547,27.171070098876953,120.99760437011719,112.11308288574219,397.0762939453125,70.26058197021484,84.9585189819336
2023-04-25,18.68573570251465,22.729705810546875,28.69092559814453,31.303190231323242,138.365234375,27.096982955932617,118.92695617675781,109.88819885253906,390.773193359375,69.69979858398438,83.64218139648438
2023-04-26,18.676860809326172,22.772886276245117,29.078004837036133,31.322952270507812,136.23414611816406,27.041418075561523,118.027099609375,109.01925659179688,389.1180419921875,68.83485412597656,82.7522964477539
2023-04-27,18.69460678100586,22.941287994384766,29.219619750976562,31.392118453979492,137.58676147460938,27.14328384399414,120.81376647949219,110.77623748779297,396.8645935058594,69.74732971191406,83.75343322753906
2023-04-28,18.588136672973633,22.93696403503418,29.096887588500977,31.34271240234375,138.54039001464844,27.189590454101562,122.10065460205078,111.72157287597656,400.2519226074219,70.1655502319336,84.89363098144531
2023-05-01,18.703479766845703,23.1614990234375,29.096887588500977,31.35259437561035,138.82260131835938,27.13402557373047,122.34255981445312,111.74066162109375,399.8477783203125,70.38417053222656,84.69896697998047
2023-05-02,18.74784278869629,22.98878288269043,29.28570556640625,31.28342628479004,136.4676971435547,27.096982955932617,120.65894317626953,110.00276947021484,395.3537292480469,69.78533935546875,83.2992172241211
2023-05-03,18.756715774536133,22.902421951293945,29.47452163696289,31.253782272338867,135.52378845214844,27.124765396118164,119.87519836425781,109.41075134277344,392.64007568359375,69.5287094116211,82.74302673339844
2023-05-04,18.738969802856445,22.833337783813477,29.417879104614258,31.36247444152832,134.4144744873047,27.13402557373047,118.51089477539062,108.57044219970703,389.8589782714844,69.14850616455078,81.67697143554688
2023-05-05,18.5615177154541,22.95423698425293,29.380115509033203,31.510690689086914,136.74986267089844,27.25441551208496,120.50413513183594,110.45156860351562,397.0762939453125,69.94692993164062,83.2992172241211
2023-05-08,18.419557571411133,22.97150993347168,29.247940063476562,31.411882400512695,136.71096801757812,27.208110809326172,120.51380920410156,110.41337585449219,397.18212890625,69.80435943603516,83.16016387939453
2023-05-09,18.47279167175293,23.07514190673828,29.191295623779297,31.431642532348633,136.61366271972656,27.180330276489258,120.0300064086914,110.11735534667969,395.4403381347656,69.6332778930664,82.76156616210938
2023-05-10,18.428430557250977,22.876514434814453,29.20073699951172,31.411882400512695,136.52609252929688,27.245155334472656,120.61058044433594,110.28923797607422,397.2879943847656,69.94692993164062,82.37223052978516
2023-05-11,18.2775936126709,22.82469940185547,29.115768432617188,31.29330825805664,135.96168518066406,27.189590454101562,120.48477935791016,109.8404312133789,396.5951843261719,69.75682830810547,81.89019775390625
2023-05-12,18.455045700073242,22.95423698425293,29.257383346557617,31.253782272338867,136.23414611816406,27.124765396118164,120.59122467041016,109.65901184082031,396.0755615234375,69.82335662841797,81.72334289550781
2023-05-15,18.304210662841797,23.10104751586914,28.9930362701416,31.382238388061523,136.48715209960938,27.23589324951172,121.11371612548828,110.54705810546875,397.44195556640625,69.79485321044922,82.59468841552734
2023-05-16,18.321956634521484,22.980148315429688,29.0496826171875,30.8980655670166,134.48257446289062,27.11550521850586,120.11710357666016,108.83782196044922,394.7860412597656,69.02494812011719,81.31547546386719
2023-05-17,18.179996490478516,23.057870864868164,29.0496826171875,30.86842155456543,135.70867919921875,27.189590454101562,121.62653350830078,110.36563110351562,399.5782775878906,69.27207946777344,82.60397338867188
2023-05-18,17.922691345214844,23.066503524780273,28.9930362701416,30.86842155456543,135.61138916015625,27.161806106567383,122.91343688964844,111.38736724853516,403.427490234375,69.4146499633789,83.23432159423828
2023-05-19,18.064651489257812,23.11832046508789,29.23849868774414,30.77949333190918,136.166015625,27.13402557373047,122.61349487304688,111.0913314819336,402.84051513671875,69.50969696044922,83.15089416503906
2023-05-22,17.860578536987305,23.170137405395508,29.295146942138672,30.769611358642578,135.60159301757812,27.161806106567383,122.76829528808594,111.44465637207031,403.0041198730469,69.34811401367188,83.3084945678711
2023-05-23,17.842836380004883,23.11832046508789,29.181856155395508,30.769611358642578,134.93997192382812,27.06920051574707,121.28788757324219,110.20330810546875,398.4812927246094,68.69229125976562,82.863525390625
2023-05-24,17.878328323364258,22.97150993347168,29.115768432617188,30.79925537109375,134.5409393310547,26.976591110229492,120.42672729492188,109.08609008789062,395.5943298339844,68.16000366210938,81.7789535522461
2023-05-25,17.860578536987305,23.066503524780273,29.417879104614258,30.730087280273438,133.19805908203125,26.930286407470703,122.42964172363281,109.0478744506836,399.0201721191406,67.9223861694336,81.43596649169922
2023-05-26,17.70087432861328,23.1614990234375,29.389554977416992,30.710325241088867,133.0228729248047,27.022897720336914,124.12294006347656,110.21284484863281,404.187744140625,68.2170181274414,82.60397338867188
2023-05-30,17.523422241210938,23.196043014526367,29.691665649414062,30.680681228637695,132.67257690429688,27.041418075561523,124.14229583740234,110.06007385253906,404.3416748046875,67.96038818359375,82.5390853881836
2023-05-31,17.576656341552734,23.066503524780273,29.512287139892578,30.74985122680664,131.85519409179688,27.013633728027344,122.98116302490234,109.29615783691406,402.0995788574219,67.90337371826172,81.7789535522461
2023-06-01,17.443567276000977,23.031959533691406,29.47452163696289,30.690563201904297,133.16888427734375,27.189590454101562,124.07455444335938,110.26058959960938,405.919921875,68.1314926147461,82.35367584228516
2023-06-02,17.337095260620117,23.0924129486084,29.16297149658203,30.759729385375977,134.66741943359375,27.25441551208496,125.86459350585938,112.67646026611328,411.7900695800781,68.91089630126953,83.81832122802734
2023-06-05,17.31047821044922,23.006053924560547,29.210176467895508,30.7004451751709,134.40467834472656,27.300718307495117,125.25502014160156,112.24677276611328,411.00091552734375,68.76832580566406,83.2992172241211
2023-06-06,17.12415313720703,23.057870864868164,29.12520980834961,30.74985122680664,134.11280822753906,27.282196044921875,125.54529571533203,113.1729965209961,411.8957824707031,68.51168823242188,84.3652572631836
2023-06-07,17.20400619506836,23.135595321655273,29.115768432617188,30.730087280273438,133.2530975341797,27.272937774658203,124.80289459228516,113.76316833496094,410.4715576171875,68.59756469726562,85.6664810180664
2023-06-08,17.212881088256836,23.07514190673828,29.20073699951172,30.690563201904297,134.47427368164062,27.34702491760254,125.33661651611328,113.8781509399414,412.9543762207031,68.98878479003906,85.67581176757812
2023-06-09,17.274988174438477,23.17877197265625,29.257383346557617,30.631277084350586,134.79664611816406,27.328502655029297,125.51133728027344,113.60029602050781,413.6953430175781,68.9697036743164,85.53588104248047
2023-06-12,17.10641098022461,23.31694793701172,29.43675994873047,30.67080307006836,136.4672088623047,27.393327713012695,126.95732116699219,114.5104751586914,417.4483337402344,69.33229064941406,86.3007583618164
2023-06-13,16.955575942993164,23.386032104492188,29.427318572998047,30.680681228637695,137.38552856445312,27.522977828979492,127.75314331054688,115.6314468383789,420.2005310058594,69.57084655761719,87.30817413330078
2023-06-14,16.831356048583984,23.299673080444336,29.47452163696289,30.660921096801758,138.5089569091797,27.532236099243164,128.35479736328125,115.41108703613281,420.7008972167969,69.57084655761719,86.80447387695312
2023-06-15,16.857975006103516,23.377395629882812,28.87030601501465,30.77949333190918,139.99392700195312,27.58780288696289,129.86875915527344,116.89612579345703,425.9166564941406,70.53458404541016,87.77455139160156
2023-06-16,16.955575942993164,23.601932525634766,28.662607192993164,30.759729385375977,139.2514190673828,27.55076026916504,129.55819702148438,116.49372863769531,424.46588134765625,70.51551055908203,87.80255126953125
2023-06-20,16.94670295715332,23.524208068847656,28.643722534179688,30.621395111083984,138.64573669433594,27.48593521118164,128.98561096191406,115.40149688720703,422.2636413574219,69.98114013671875,86.67387390136719
2023-06-21,17.14189910888672,23.56739044189453,28.332172393798828,30.730087280273438,138.2842559814453,27.48593521118164,128.61685180664062,115.02784729003906,420.10009765625,69.96206665039062,86.0115966796875
2023-06-22,17.14189910888672,23.748741149902344,28.681486129760742,30.77949333190918,138.67503356933594,27.4674129486084,128.96621704101562,114.54878997802734,421.61651611328125,70.01931762695312,85.74109649658203
2023-06-23,17.10641098022461,23.748741149902344,28.351057052612305,30.7004451751709,137.61016845703125,27.3377628326416,128.15101623535156,113.65778350830078,418.4290771484375,69.47542572021484,85.03218841552734
2023-06-26,17.12415313720703,23.774648666381836,28.200000762939453,30.81901741027832,136.78956604003906,27.402587890625,127.46197509765625,114.20388793945312,416.719482421875,69.63763427734375,85.42394256591797
2023-06-27,16.7869930267334,23.852373123168945,28.55875587463379,30.86842155456543,138.8411407470703,27.411849975585938,129.18942260742188,115.78472900390625,421.2881164550781,70.08612060546875,86.5526123046875
2023-06-28,16.574052810668945,23.921463012695312,28.55875587463379,30.78937339782715,138.6261444091797,27.430370330810547,128.88861083984375,115.71766662597656,421.5006103515625,69.72351837158203,86.49665069580078
2023-06-29,16.724885940551758,23.93009376525879,28.75701332092285,30.77949333190918,139.16351318359375,27.50445556640625,129.4611358642578,116.67575073242188,423.161865234375,70.20061492919922,86.93505859375
2023-06-30,16.64503288269043,23.861007690429688,28.76456642150879,30.828899383544922,140.92198181152344,27.624847412109375,130.8877410888672,117.59551239013672,428.1555480957031,70.92581939697266,87.48539733886719
2023-07-03,16.60066795349121,23.895551681518555,28.9930362701416,30.769611358642578,140.4335174560547,27.643367767333984,130.7130584716797,118.06498718261719,428.64813232421875,70.84947204589844,88.12902069091797
2023-07-05,16.627286911010742,23.904190063476562,29.040241241455078,30.73996925354004,140.06224060058594,27.615585327148438,130.59664916992188,117.4709701538086,428.01068115234375,70.7349624633789,87.59733581542969
2023-07-06,16.831356048583984,23.921463012695312,29.394275665283203,30.78937339782715,138.635986328125,27.56928062438965,129.56790161132812,116.3691635131836,424.6590576171875,70.36283874511719,86.6832046508789
2023-07-07,16.751502990722656,23.731473922729492,29.531169891357422,30.85854148864746,138.0986785888672,27.597061157226562,128.96621704101562,116.82904815673828,423.5868835449219,69.95252990722656,86.8697738647461
2023-07-10,16.43208885192871,23.67965316772461,29.455642700195312,30.977113723754883,139.61289978027344,27.65262794494629,129.8008270263672,118.13204193115234,424.6590576171875,70.24832916259766,87.52272033691406
2023-07-11,16.245763778686523,23.662384033203125,29.408437728881836,31.026519775390625,139.98410034179688,27.88414764404297,130.6742401123047,119.58834838867188,427.363525390625,70.74449920654297,88.6513900756836
2023-07-12,16.086055755615234,23.446483612060547,29.314027786254883,31.095685958862305,141.56675720214844,27.893407821655273,131.87765502929688,120.1823501586914,430.802001953125,70.87810516357422,88.75397491455078
2023-07-13,15.873115539550781,23.377395629882812,29.22905921936035,31.125329971313477,142.2603759765625,27.939712524414062,133.12954711914062,121.05420684814453,434.2212219238281,70.9639892578125,89.23902130126953
2023-07-14,16.103801727294922,23.550111770629883,29.389554977416992,31.046281814575195,142.13336181640625,27.92119026184082,133.197509765625,120.1248550415039,433.95086669921875,70.92581939697266,88.17565155029297
2023-07-17,15.997330665588379,23.610567092895508,29.408437728881836,31.115447998046875,142.99305725097656,27.958232879638672,133.9447479248047,120.7572021484375,435.4575500488281,70.97351837158203,88.13834381103516
2023-07-18,15.864241600036621,23.64510726928711,29.20073699951172,31.046281814575195,143.99929809570312,28.02305793762207,134.68231201171875,121.59074401855469,438.69329833984375,71.15481567382812,88.93119812011719
2023-07-19,15.828750610351562,23.619203567504883,28.87030601501465,30.957351684570312,143.57923889160156,28.032320022583008,134.71142578125,122.10810089111328,439.6688232421875,71.4887924194336,89.77071380615234
2023-07-20,16.254636764526367,23.705562591552734,28.860864639282227,30.8980655670166,142.30921936035156,27.96749496459961,133.73123168945312,121.65782165527344,436.7518310546875,71.9277114868164,89.63079071044922
2023-07-21,16.307872772216797,23.731473922729492,29.021360397338867,30.80913734436035,142.00637817382812,28.00453758239746,133.84768676757812,121.77277374267578,436.7518310546875,72.33802032470703,89.77071380615234
2023-07-24,16.32561683654785,23.722835540771484,28.6342830657959,30.80913734436035,141.89889526367188,28.041580200195312,134.43968200683594,121.83983612060547,438.7030029296875,72.4429931640625,90.1811294555664
2023-07-25,16.272384643554688,23.671018600463867,28.633338928222656,30.81901741027832,142.95401000976562,28.06936264038086,135.27427673339844,122.05062103271484,439.9006042480469,72.57657623291016,90.10650634765625
2023-07-26,16.263507843017578,23.705562591552734,28.955272674560547,30.87830352783203,142.1235809326172,28.10640525817871,135.22576904296875,122.1943359375,439.9682922363281,72.36664581298828,90.40499877929688
2023-07-27,16.37885284423828,23.705562591552734,28.823101043701172,30.85854148864746,141.77191162109375,27.995275497436523,134.6240692138672,121.1116943359375,437.0513000488281,71.81321716308594,90.14380645751953
2023-07-28,16.032821655273438,23.817829132080078,28.804218292236328,30.907947540283203,143.10052490234375,28.10640525817871,135.79835510253906,122.08893585205078,441.3301696777344,71.96588897705078,90.48894500732422
2023-07-31,15.828750610351562,23.774648666381836,28.96471405029297,30.78937339782715,143.36428833007812,28.161970138549805,135.837158203125,122.52967071533203,442.1705017089844,71.90864562988281,90.75011444091797
2023-08-01,15.899731636047363,23.938732147216797,29.23849868774414,30.611515045166016,143.38385009765625,28.115665435791016,135.837158203125,122.156005859375,440.9051818847656,71.7464370727539,90.51693725585938
2023-08-02,16.45870590209961,23.94736671447754,29.030799865722656,30.7004451751709,141.0098876953125,27.939712524414062,133.72152709960938,120.5368423461914,434.77178955078125,71.55558013916016,89.55616760253906
2023-08-03,16.476451873779297,24.02509117126465,29.266822814941406,30.730087280273438,140.97085571289062,27.96749496459961,133.46920776367188,120.14402770996094,433.5257873535156,71.28840637207031,89.23902130126953
2023-08-04,16.494197845458984,23.783287048339844,28.983596801757812,30.78937339782715,140.8633575439453,27.97675323486328,132.72195434570312,119.67457580566406,431.5650939941406,70.89718627929688,89.26699829101562
2023-08-07,16.56517791748047,23.904190063476562,28.92694854736328,30.87830352783203,142.7585906982422,28.050840377807617,134.20675659179688,120.64222717285156,435.3319396972656,71.52696228027344,90.08786010742188
2023-08-08,16.680522918701172,23.904190063476562,28.65316390991211,30.977113723754883,142.4752960205078,27.939712524414062,133.67298889160156,119.8470230102539,433.43890380859375,71.34565734863281,89.79869079589844
2023-08-09,16.90233612060547,23.895551681518555,28.624841690063477,31.026519775390625,141.1955108642578,27.930450439453125,132.8384246826172,119.4158935546875,430.5412292480469,71.45060729980469,89.26699829101562
2023-08-10,16.86684799194336,23.981914520263672,28.89862823486328,31.006755828857422,141.27366638183594,27.911928176879883,132.68313598632812,119.26260375976562,430.69580078125,71.4124526977539,88.86590576171875
2023-08-11,17.053171157836914,24.12872314453125,29.219619750976562,31.036399841308594,140.67771911621094,27.828580856323242,132.1590576171875,119.10929870605469,430.4446716308594,71.68916320800781,88.8472671508789
2023-08-14,16.920082092285156,24.042362213134766,29.23849868774414,30.967233657836914,142.38739013671875,27.83784294128418,133.58567810058594,119.34880828857422,432.82073974609375,71.76551055908203,89.00582885742188
2023-08-15,17.03542709350586,24.02509117126465,29.432039260864258,30.977113723754883,141.5569610595703,27.828580856323242,132.40170288085938,117.53803253173828,427.7789001464844,71.15481567382812,87.66262817382812
2023-08-16,17.133026123046875,24.033727645874023,29.446199417114258,30.92770767211914,140.1599884033203,27.708192825317383,131.6059112548828,116.81947326660156,424.6397705078125,70.94489288330078,86.70185089111328
2023-08-17,17.301605224609375,24.033727645874023,29.59725570678711,30.87830352783203,138.32333374023438,27.7452335357666,130.74217224121094,115.60270690917969,421.4040222167969,70.47732543945312,86.1048812866211
2023-08-18,17.31047821044922,24.042362213134766,29.455642700195312,31.046281814575195,138.69459533691406,27.726715087890625,130.87806701660156,115.83263397216797,421.6068420410156,70.6395492553711,86.51530456542969
2023-08-21,17.239498138427734,24.180538177490234,29.67278289794922,31.095685958862305,140.20880126953125,27.73597526550293,132.13966369628906,116.0721664428711,424.3499755859375,70.64908599853516,86.711181640625
2023-08-22,17.337095260620117,24.111454010009766,29.587814331054688,31.174734115600586,139.61289978027344,27.726715087890625,131.55740356445312,115.49730682373047,423.2005310058594,70.49642181396484,86.24479675292969
2023-08-23,17.168516159057617,23.852373123168945,29.219619750976562,31.174734115600586,141.37136840820312,27.902667999267578,132.95484924316406,116.66616821289062,427.9140319824219,70.9639892578125,86.85110473632812
2023-08-24,17.29273223876953,23.904190063476562,29.23849868774414,31.085803985595703,139.05606079101562,27.763757705688477,131.15948486328125,115.28654479980469,421.98358154296875,70.44872283935547,85.90900421142578
2023-08-25,17.28386116027832,23.999183654785156,29.653900146484375,31.23402214050293,139.85714721679688,27.83784294128418,131.94558715820312,115.98592376708984,424.95843505859375,70.92581939697266,86.15152740478516
2023-08-28,17.212881088256836,23.964637756347656,29.644460678100586,31.4415225982666,141.0587615966797,27.911928176879883,132.81895446777344,116.7811508178711,427.6532897949219,71.20252990722656,86.89775085449219
2023-08-29,16.893465042114258,23.835100173950195,29.59725570678711,31.461286544799805,143.3936004638672,28.078622817993164,134.8181610107422,118.39073944091797,433.83489990234375,71.76551055908203,87.97044372558594
2023-08-30,16.80474090576172,23.956005096435547,29.531169891357422,31.35259437561035,143.843017578125,28.10640525817871,135.21607971191406,118.86018371582031,435.6217956542969,71.86092376708984,88.04505920410156
2023-08-31,16.680522918701172,23.852373123168945,29.389554977416992,31.046281814575195,143.80392456054688,27.995275497436523,135.2451629638672,118.52486419677734,434.9842834472656,71.45060729980469,88.11035919189453
2023-09-01,16.64503288269043,23.938732147216797,29.663341522216797,31.27354621887207,143.862548828125,28.078622817993164,135.55572509765625,119.2817611694336,435.7956237792969,71.59375,88.7633056640625
2023-09-05,16.6184139251709,24.16326332092285,30.163711547851562,31.016637802124023,143.13961791992188,27.911928176879883,134.78904724121094,117.86378479003906,433.9121398925781,71.0880355834961,87.82119750976562
2023-09-06,16.6184139251709,24.18917465209961,30.17314910888672,31.026519775390625,142.7390594482422,28.060100555419922,133.89622497558594,117.50929260253906,430.9952697753906,70.84947204589844,87.59733581542969
2023-09-07,16.7603759765625,24.02509117126465,30.18259048461914,30.986995697021484,142.30921936035156,27.995275497436523,133.38186645507812,117.04943084716797,429.6719665527344,71.09757232666016,87.26153564453125
2023-09-08,16.857975006103516,24.137359619140625,30.34308624267578,31.016637802124023,142.51437377929688,28.02305793762207,133.37216186523438,117.0685806274414,430.319091796875,71.30750274658203,87.62531280517578
2023-09-11,16.813613891601562,24.20644760131836,30.428054809570312,31.15497398376465,143.33499145507812,28.10640525817871,133.81858825683594,117.39432525634766,433.149169921875,71.57466888427734,87.68128967285156
2023-09-12,16.90233612060547,24.266897201538086,30.446937561035156,31.204378128051758,141.99659729003906,28.060100555419922,132.99368286132812,117.20271301269531,430.77301025390625,71.27885437011719,87.80255126953125
2023-09-13,16.98219108581543,24.240989685058594,30.361968994140625,31.095685958862305,142.09426879882812,28.041580200195312,133.22659301757812,116.64701843261719,431.2752990722656,71.4315414428711,87.56934356689453
2023-09-14,17.053171157836914,24.396434783935547,30.456377029418945,31.16485595703125,143.25682067871094,28.17123031616211,134.09031677246094,117.82545471191406,434.9939270019531,71.96588897705078,88.50212097167969
2023-09-15,17.053171157836914,24.44824981689453,30.399734497070312,31.066043853759766,140.66799926757812,28.097145080566406,132.05230712890625,116.67575073242188,429.75299072265625,71.4124526977539,87.76522827148438
2023-09-18,17.23062515258789,24.44824981689453,30.5507869720459,31.066043853759766,140.96102905273438,28.08788299560547,132.4210968017578,116.41706848144531,430.0050354003906,71.50788116455078,87.63465118408203
2023-09-19,17.39033317565918,24.525972366333008,30.616872787475586,31.174734115600586,140.78521728515625,28.078622817993164,132.25613403320312,116.21588134765625,429.11328125,71.57466888427734,87.53202819824219
2023-09-20,17.55891227722168,24.422344207763672,30.399734497070312,31.15497398376465,139.35890197753906,28.013795852661133,130.9848175048828,115.54521942138672,425.1683044433594,71.61284637451172,86.92575073242188
2023-09-21,17.780729293823242,24.57778549194336,30.64519500732422,31.125329971313477,136.8775177001953,27.847103118896484,128.50039672851562,113.4661636352539,418.14093017578125,70.7349624633789,85.78773498535156
2023-09-22,17.771854400634766,24.50006675720215,30.48470115661621,31.23402214050293,137.17056274414062,27.87488555908203,128.67506408691406,113.13082885742188,417.20074462890625,70.6968002319336,85.4426040649414
2023-09-25,17.825090408325195,24.664146423339844,30.594213485717773,31.26366424560547,137.62974548339844,27.902667999267578,129.10208129882812,113.5523910522461,418.9551696777344,70.78268432617188,85.75041961669922
2023-09-26,17.88719940185547,24.76778221130371,30.607431411743164,31.16485595703125,136.1297149658203,27.791540145874023,127.397216796875,111.96797943115234,412.8001708984375,69.93569946289062,84.57577514648438
2023-09-27,17.70087432861328,24.983678817749023,30.843454360961914,31.21426010131836,136.3942413330078,27.77301788330078,127.69922637939453,112.32415008544922,412.96490478515625,69.70549774169922,84.8012924194336
2023-09-28,17.70087432861328,24.9577693939209,30.805692672729492,31.23402214050293,137.5013885498047,27.856365203857422,128.614990234375,113.344482421875,415.359130859375,69.81099700927734,85.32754516601562
2023-09-29,17.621021270751953,24.9577693939209,30.749046325683594,31.21426010131836,136.8743133544922,27.810060501098633,128.390869140625,112.9883041381836,414.3510437011719,69.42733764648438,85.25238800048828
2023-10-02,17.621021270751953,25.018218994140625,30.937864303588867,31.105567932128906,136.93310546875,27.763757705688477,128.70265197753906,111.76583862304688,414.186279296875,68.97649383544922,84.47239685058594
2023-10-03,17.940433502197266,25.156394958496094,31.003950119018555,31.135211944580078,134.7677764892578,27.615585327148438,127.08545684814453,110.16793823242188,408.6419677734375,68.54486083984375,83.54206085205078
2023-10-04,17.83396339416504,24.828229904174805,30.531906127929688,31.115447998046875,135.86517333984375,27.624847412109375,128.0791778564453,110.95726776123047,411.6176452636719,68.97649383544922,83.54206085205078
2023-10-05,18.011417388916016,24.802322387695312,30.0220947265625,31.046281814575195,135.6495819091797,27.65262794494629,128.13763427734375,110.57222747802734,411.46258544921875,68.84220886230469,83.46687316894531
2023-10-06,17.86945152282715,24.983678817749023,30.050418853759766,31.006755828857422,137.66793823242188,27.726715087890625,129.94961547851562,111.78507995605469,416.3478088378906,69.29303741455078,84.03072357177734
2023-10-09,17.913818359375,24.750507354736328,29.984333038330078,31.056163787841797,138.48114013671875,27.726715087890625,130.95306396484375,112.59365844726562,419.0133056640625,69.85897064208984,84.70733642578125
2023-10-10,17.771854400634766,24.78505516052246,29.87104034423828,31.194496154785156,139.3433380126953,27.856365203857422,131.46942138671875,113.56588745117188,421.19427490234375,70.14672088623047,85.27116394042969
2023-10-11,17.81621742248535,24.612335205078125,29.587814331054688,31.194496154785156,139.81362915039062,27.83784294128418,132.40464782714844,113.8931655883789,422.9195251464844,70.27143096923828,85.5812759399414
2023-10-12,17.904943466186523,24.79368782043457,30.09762191772461,31.15497398376465,138.88287353515625,27.782278060913086,132.00523376464844,112.32415008544922,420.3412780761719,69.77262878417969,84.56636810302734
2023-10-13,18.153377532958984,24.698694229125977,30.09762191772461,31.174734115600586,137.9618682861328,27.800800323486328,131.2843017578125,111.86209106445312,418.2475891113281,69.9644775390625,84.14349365234375
2023-10-16,18.046907424926758,24.87141227722168,30.305320739746094,31.29330825805664,139.58828735351562,27.87488555908203,132.7358856201172,113.47924041748047,422.6481628417969,70.60713958740234,85.12081146240234
2023-10-17,17.993669509887695,25.18230438232422,30.64519500732422,31.36247444152832,139.44134521484375,27.893407821655273,132.5215606689453,113.96054077148438,422.62872314453125,70.5975570678711,85.42152404785156
2023-10-18,18.242101669311523,25.070037841796875,30.890661239624023,31.15497398376465,137.67776489257812,27.717453002929688,130.826416015625,111.97760009765625,416.9971618652344,70.06999969482422,84.28445434570312
2023-10-19,18.313085556030273,25.14776039123535,31.060596466064453,31.036399841308594,136.76654052734375,27.661888122558594,129.50152587890625,110.418212890625,413.333251953125,69.32182312011719,83.51387023925781
2023-10-20,18.410682678222656,24.983678817749023,30.9945125579834,31.006755828857422,135.28707885742188,27.513715744018555,128.0791778564453,108.96470642089844,408.25421142578125,68.78466033935547,82.72449493408203
2023-10-23,18.348575592041016,24.802322387695312,30.569669723510742,30.977113723754883,135.69857788085938,27.4674129486084,128.01095581054688,108.32939910888672,407.5466003417969,68.40097045898438,81.86933135986328
2023-10-24,18.25984764099121,24.715965270996094,30.47525978088379,31.115447998046875,137.0310821533203,27.597061157226562,128.9462127685547,109.14759826660156,410.6192626953125,68.9189453125,82.5929183959961
2023-10-25,18.632497787475586,24.949132919311523,30.918983459472656,30.996877670288086,134.9539794921875,27.476675033569336,126.91011047363281,107.46305847167969,404.7259521484375,68.76547241210938,81.70957946777344
2023-10-26,18.69460678100586,24.78505516052246,30.503583908081055,31.066043853759766,132.75926208496094,27.34702491760254,124.8155517578125,107.22241973876953,399.87957763671875,68.50648498535156,81.43705749511719
2023-10-27,18.69460678100586,24.78505516052246,30.597991943359375,31.036399841308594,132.64170837402344,27.31924057006836,124.367431640625,106.17321014404297,398.06695556640625,67.68156433105469,80.76985168457031
2023-10-30,18.69460678100586,24.715965270996094,30.513023376464844,31.036399841308594,134.0819854736328,27.50445556640625,125.92615509033203,106.9529037475586,402.8262023925781,68.33383178710938,81.33369445800781
2023-10-31,18.71235466003418,24.862775802612305,30.541343688964844,31.095685958862305,134.65020751953125,27.4674129486084,126.49119567871094,107.92512512207031,405.3560485839844,68.82302856445312,82.17945098876953
2023-11-01,18.872058868408203,24.603700637817383,30.371408462524414,31.036399841308594,136.73715209960938,27.55076026916504,127.79663848876953,108.4160385131836,409.6790466308594,69.25466918945312,82.90304565429688
2023-11-02,18.543771743774414,24.413707733154297,30.116504669189453,31.006755828857422,139.25515747070312,27.75449562072754,130.38803100585938,110.79362487792969,417.5302429199219,70.19469451904297,84.48180389404297
2023-11-03,18.401809692382812,24.102815628051758,29.408437728881836,31.145092010498047,140.84242248535156,27.87488555908203,131.50836181640625,112.66104125976562,421.3395690917969,70.71266174316406,85.9289779663086
2023-11-06,18.579265594482422,24.223718643188477,29.795513153076172,30.80913734436035,141.5772247314453,27.865625381469727,131.96624755859375,111.99685668945312,422.3088684082031,70.8277587890625,85.47791290283203
2023-11-07,18.490537643432617,24.154624938964844,29.559490203857422,30.77949333190918,141.7830047607422,27.88414764404297,132.55078125,112.1412582397461,423.5108337402344,70.7798080444336,85.33694458007812
2023-11-08,18.490537643432617,24.102815628051758,29.323467254638672,30.72020721435547,142.38064575195312,27.88414764404297,132.95994567871094,111.85246276855469,423.8209533691406,70.8565444946289,84.54757690429688
2023-11-09,18.632497787475586,24.327346801757812,29.738868713378906,30.690563201904297,141.55763244628906,27.791540145874023,132.10264587402344,110.72624206542969,420.5157165527344,70.30020141601562,83.69242858886719
2023-11-10,18.64137077331543,24.361892700195312,29.86159896850586,30.581872940063477,144.03648376464844,27.856365203857422,134.2458953857422,112.17011260986328,427.0777893066406,70.90449523925781,84.91407775878906
2023-11-13,18.650243759155273,24.387798309326172,29.94656753540039,30.51270294189453,144.46754455566406,27.902667999267578,134.0218505859375,112.03536224365234,426.6706848144531,70.92369079589844,84.58517456054688
2023-11-14,18.2775936126709,23.826467514038086,29.068565368652344,30.74985122680664,146.83859252929688,28.078622817993164,136.3988800048828,115.4525375366211,434.94842529296875,71.72940826416016,86.84991455078125
2023-11-15,18.064651489257812,24.00782012939453,29.323467254638672,30.74985122680664,146.02542114257812,28.134187698364258,136.2722625732422,115.93383026123047,435.86920166015625,71.67186737060547,87.49832153320312
2023-11-16,18.17112159729004,23.80055809020996,28.983596801757812,30.581872940063477,146.61326599121094,28.06936264038086,136.1943359375,115.30815124511719,436.40234375,71.67186737060547,86.89689636230469
2023-11-17,18.09126853942871,23.7401065826416,28.9930362701416,30.74985122680664,146.94639587402344,28.12492561340332,136.2722625732422,116.0493392944336,436.94512939453125,71.70063781738281,87.49832153320312
2023-11-20,17.940433502197266,23.662384033203125,29.144092559814453,30.710325241088867,148.4258575439453,28.236055374145508,137.3828582763672,116.70388793945312,440.3086242675781,71.95003509521484,87.90241241455078
2023-11-21,18.135631561279297,23.671018600463867,29.191295623779297,30.710325241088867,147.93592834472656,28.22679328918457,137.1295623779297,116.37661743164062,439.3489685058594,72.170654296875,87.23519897460938
2023-11-22,18.100141525268555,23.869644165039062,29.210176467895508,30.730087280273438,148.1710968017578,28.236055374145508,137.5289764404297,116.89642333984375,441.0451965332031,72.66944885253906,87.64867401123047
2023-11-24,18.100141525268555,23.835100173950195,29.210176467895508,30.838777542114258,148.24949645996094,28.236055374145508,137.5289764404297,117.22369384765625,441.31658935546875,72.86128234863281,88.01517486572266
2023-11-27,18.064651489257812,23.67965316772461,29.13465118408203,30.77949333190918,147.8282012939453,28.22679328918457,137.11981201171875,117.08893585205078,440.5218505859375,72.65984344482422,87.72386932373047
2023-11-28,17.83396339416504,23.541481018066406,28.951496124267578,30.78937339782715,147.3284912109375,28.282360076904297,137.0223846435547,117.06968688964844,440.9579162597656,72.5831069946289,87.60169982910156
2023-11-29,17.70087432861328,23.420578002929688,28.75701332092285,30.77949333190918,147.20114135742188,28.300880432128906,136.95420837402344,117.75313568115234,440.6477966308594,72.5063705444336,88.32528686523438
2023-11-30,17.807344436645508,23.56739044189453,28.738134384155273,30.80913734436035,147.07376098632812,28.365705490112305,137.4315643310547,118.59056091308594,442.3828430175781,73.23538208007812,88.94551849365234
2023-12-01,17.381460189819336,23.239225387573242,28.058385848999023,30.84865951538086,147.46566772460938,28.476835250854492,138.24989318847656,120.67938232421875,444.9999084472656,73.74375915527344,89.9134292602539
2023-12-04,17.274988174438477,23.411943435668945,28.25664520263672,30.72020721435547,145.8294219970703,28.365705490112305,137.5484619140625,120.72750854492188,442.6639099121094,73.70536804199219,89.72550201416016
2023-12-05,17.408079147338867,23.22195053100586,27.869569778442383,30.67080307006836,145.8098602294922,28.412010192871094,137.48028564453125,119.6494140625,442.57666015625,73.45598602294922,89.35899353027344
2023-12-06,17.408079147338867,23.239225387573242,27.737394332885742,30.690563201904297,144.42837524414062,28.347185134887695,137.0808563232422,119.66865539550781,440.793212890625,73.3792495727539,89.17105865478516
2023-12-07,17.28386116027832,23.031959533691406,27.482492446899414,30.79925537109375,146.51527404785156,28.476835250854492,138.1232452392578,120.21733856201172,444.1566467285156,73.43681335449219,89.97920989990234
2023-12-08,17.159643173217773,23.282400131225586,27.803483963012695,30.85854148864746,147.74978637695312,28.458314895629883,138.8344268798828,120.74675750732422,446.0661315917969,73.40802764892578,90.60883331298828
2023-12-11,17.20400619506836,23.394670486450195,28.115034103393555,30.917829513549805,149.30763244628906,28.495357513427734,140.03269958496094,121.83448791503906,447.80120849609375,74.15619659423828,91.58615112304688
2023-12-12,17.345970153808594,23.265132904052734,27.85068702697754,30.957351684570312,150.64013671875,28.486095428466797,141.12380981445312,122.08476257324219,449.8463439941406,74.47274780273438,91.27603912353516
2023-12-13,16.778121948242188,23.10104751586914,27.444726943969727,31.194496154785156,151.610107421875,28.77318000793457,142.75074768066406,124.77999114990234,456.0497741699219,75.42235565185547,92.69503784179688
2023-12-14,15.979585647583008,22.867877960205078,27.255910873413086,31.550216674804688,150.6989288330078,28.79170036315918,142.6533203125,126.66667175292969,457.513427734375,74.66458892822266,94.83761596679688
2023-12-15,15.997330665588379,23.006053924560547,27.114294052124023,31.253782272338867,151.384765625,28.726877212524414,142.52667236328125,126.06024932861328,456.7601623535156,74.2137680053711,94.28317260742188
2023-12-18,16.15703773498535,22.98878288269043,27.22758674621582,31.224140167236328,153.0601806640625,28.83800506591797,143.52035522460938,126.01210021972656,459.32940673828125,74.65499114990234,94.12342834472656
2023-12-19,15.881987571716309,22.98878288269043,27.31255340576172,31.402000427246094,153.95176696777344,28.884309768676758,144.17308044433594,127.14796447753906,462.12255859375,74.79888153076172,95.06316375732422
2023-12-20,16.059438705444336,22.962875366210938,27.34087562561035,31.26366424560547,151.40737915039062,28.745397567749023,142.29592895507812,125.0855712890625,455.7187805175781,73.77648162841797,93.41357421875
2023-12-21,15.828750610351562,22.902421951293945,27.15205955505371,31.31307029724121,153.42050170898438,28.921350479125977,143.55648803710938,126.46691131591797,460.0398864746094,74.32625579833984,94.51077270507812
2023-12-22,15.819878578186035,22.97150993347168,27.14261817932129,31.31307029724121,153.55796813964844,28.93061065673828,143.35130310058594,126.94025421142578,460.9644470214844,74.6734848022461,94.98370361328125
2023-12-26,15.74889850616455,22.928333282470703,27.114294052124023,31.382238388061523,154.4123077392578,28.949134826660156,143.9962158203125,127.80965423583984,462.910888671875,74.85675048828125,95.92955780029297
2023-12-27,15.749838829040527,22.94610595703125,27.23702621459961,31.402000427246094,154.79531860351562,29.02322006225586,144.26983642578125,127.88693237304688,463.74786376953125,74.99178314208984,95.99578094482422
2023-12-28,15.69328784942627,22.91944694519043,27.1048526763916,31.459999084472656,154.70693969726562,29.020328521728516,144.22776794433594,128.2926483154297,463.9230041503906,75.11717224121094,96.05253601074219
2023-12-29,15.976051330566406,22.89278221130371,27.208703994750977,31.40999984741211,154.06863403320312,29.010690689086914,143.87576293945312,127.38461303710938,462.5799560546875,75.26184844970703,95.68365478515625
2024-01-02,16.27766227722168,22.94610595703125,27.057649612426758,31.440000534057617,151.250244140625,28.99141502380371,142.82948303222656,126.94025421142578,459.9912109375,75.55120849609375,95.8160629272461
2024-01-03,16.871461868286133,22.89278221130371,27.15205955505371,31.399999618530273,149.9637908935547,28.856481552124023,141.9103546142578,125.0276107788086,456.234619140625,75.37759399414062,94.8607406616211
2024-01-04,16.767784118652344,23.070524215698242,27.085973739624023,31.399999618530273,149.580810546875,28.885395050048828,141.41168212890625,124.81511688232422,454.76507568359375,75.23291015625,94.35942077636719
2024-01-05,16.692378997802734,22.990543365478516,27.14261817932129,31.440000534057617,149.8950653076172,28.885395050048828,141.53880310058594,125.20150756835938,455.3879089355469,75.09788513183594,94.88911437988281
2024-01-08,16.456743240356445,23.13273048400879,27.2181453704834,31.559999465942383,153.4401397705078,28.981775283813477,143.63131713867188,126.74706268310547,461.8890075683594,75.67658996582031,95.85388946533203
2024-01-09,16.598125457763672,23.159395217895508,27.04821014404297,31.5,153.96060180664062,28.89503288269043,143.5237579345703,126.15782165527344,461.18829345703125,75.53192138671875,95.10667419433594
2024-01-10,16.626401901245117,23.3726806640625,27.170942306518555,31.520000457763672,155.46307373046875,29.107072830200195,144.38421630859375,126.36066436767578,463.79644775390625,75.72482299804688,94.89857482910156
2024-01-11,16.71122932434082,23.177165985107422,27.15205955505371,31.520000457763672,156.35670471191406,28.90467071533203,144.7362518310547,126.02259826660156,463.59210205078125,75.64765930175781,94.41618347167969
2024-01-12,16.975141525268555,23.186054229736328,27.274789810180664,31.5,156.6709747314453,28.923948287963867,145.0882568359375,125.78108215332031,463.91326904296875,76.01417541503906,94.16081237792969
2024-01-16,17.22962760925293,23.328245162963867,27.085973739624023,31.440000534057617,157.06381225585938,28.82756805419922,144.4624481201172,125.01795959472656,462.21014404296875,75.79235076904297,93.65949249267578
2024-01-17,17.352157592773438,23.3726806640625,26.925477981567383,31.399999618530273,156.17015075683594,28.74082374572754,143.88555908203125,123.96502685546875,459.6408386230469,75.62837219238281,92.85550689697266
2024-01-18,17.257904052734375,23.408226013183594,26.81218719482422,31.3799991607666,158.21273803710938,28.760099411010742,145.35227966308594,124.6315689086914,463.7283630371094,76.0045394897461,93.03522491455078
2024-01-19,17.144800186157227,23.44377326965332,27.038766860961914,31.309999465942383,161.6203155517578,28.837203979492188,147.46432495117188,125.7231216430664,469.5093078613281,76.56394958496094,94.29322814941406
2024-01-22,17.012842178344727,23.532644271850586,27.123737335205078,31.260000228881836,162.05242919921875,28.856481552124023,147.98260498046875,126.74706268310547,470.5019836425781,76.6989974975586,94.65264892578125
2024-01-23,17.05054473876953,23.532644271850586,26.878271102905273,31.280000686645508,162.18991088867188,28.837203979492188,147.65013122558594,126.66011810302734,471.8741149902344,77.02693176269531,95.01209259033203
2024-01-24,17.144800186157227,23.452659606933594,26.538400650024414,31.260000228881836,163.7905731201172,28.9335880279541,147.9141387939453,125.90666961669922,472.3899841308594,76.68934631347656,94.71885681152344
2024-01-25,17.05997085571289,23.470436096191406,26.727218627929688,31.389999389648438,164.9002685546875,28.952863693237305,148.34439086914062,127.0271987915039,474.9593200683594,77.08480072021484,95.99578094482422
2024-01-26,17.05997085571289,23.594852447509766,26.887714385986328,31.3700008392334,164.1441192626953,29.010690689086914,147.99237060546875,127.15278625488281,474.3559265136719,77.1426773071289,95.04045867919922
2024-01-29,16.777206420898438,23.62151336669922,27.23702621459961,31.360000610351562,166.01979064941406,29.058879852294922,149.34173583984375,128.3119659423828,478.1125183105469,77.36451721191406,95.37150573730469
2024-01-30,17.022268295288086,23.630401611328125,26.97268295288086,31.329999923706055,165.65643310546875,28.99141502380371,149.34173583984375,128.15740966796875,477.74267578125,77.62493133544922,95.88227844238281
2024-01-31,17.29560661315918,23.452659606933594,26.934919357299805,31.170000076293945,162.6710662841797,28.89503288269043,147.16123962402344,126.2350845336914,469.9472351074219,76.89189147949219,94.87020874023438
2024-02-01,17.418134689331055,23.674835205078125,27.133176803588867,31.06999969482422,165.45018005371094,28.952863693237305,148.92129516601562,127.83863067626953,476.0979919433594,77.76960754394531,95.693115234375
2024-02-02,17.361583709716797,23.817026138305664,27.1048526763916,31.030000686645508,169.7808837890625,28.90467071533203,150.87693786621094,127.88693237304688,481.1100769042969,77.49954986572266,95.27693176269531
2024-02-05,17.484111785888672,23.71038246154785,27.161500930786133,30.989999771118164,170.2031707763672,28.82756805419922,150.78892517089844,126.59252166748047,479.35821533203125,77.03658294677734,94.44456481933594
2024-02-06,17.33330726623535,23.719268798828125,27.1048526763916,30.969999313354492,169.4568328857422,28.952863693237305,151.05291748046875,127.47157287597656,480.74993896484375,77.1908950805664,94.87020874023438
2024-02-07,17.305030822753906,23.737041473388672,27.28423309326172,31.040000915527344,172.19667053222656,29.03960418701172,152.82278442382812,128.03182983398438,484.75958251953125,77.52848815917969,95.04045867919922
2024-02-08,17.144800186157227,23.825912475585938,27.444726943969727,31.3799991607666,172.94297790527344,29.04924201965332,153.1845703125,128.5341339111328,484.9737243652344,77.4127426147461,95.07828521728516
2024-02-09,17.125947952270508,23.89700698852539,27.567461013793945,31.290000915527344,175.25074768066406,29.116708755493164,154.14283752441406,128.8046112060547,487.7765808105469,77.49954986572266,95.42825317382812
2024-02-12,16.852609634399414,23.852575302124023,27.633546829223633,31.329999923706055,174.21963500976562,29.116708755493164,154.133056640625,129.63536071777344,487.5624694824219,77.44168090820312,96.4781723022461
2024-02-13,17.361583709716797,23.719268798828125,27.71379280090332,31.200000762939453,172.14755249023438,28.99141502380371,152.216552734375,127.36530303955078,480.84722900390625,76.86296844482422,94.66212463378906
2024-02-14,16.99399185180664,23.852575302124023,27.723234176635742,31.299999237060547,175.59442138671875,29.04924201965332,153.761474609375,128.8722381591797,485.217041015625,77.24877166748047,95.53231811523438
2024-02-15,16.824337005615234,24.003650665283203,27.897890090942383,31.34000015258789,175.92831420898438,29.18417739868164,154.65130615234375,130.51438903808594,488.56488037109375,77.78890991210938,96.56330108642578
2024-02-16,17.041120529174805,23.950332641601562,27.92621421813965,31.420000076293945,174.19015502929688,29.20345115661621,153.47792053222656,129.72232055664062,486.1318664550781,77.60563659667969,96.0903549194336
2024-02-20,17.22962760925293,23.77259063720703,27.61466407775879,31.260000228881836,172.00022888183594,29.107072830200195,152.3338623046875,129.0750732421875,483.4554748535156,77.56705474853516,95.92011260986328
2024-02-21,17.39928436279297,23.905899047851562,27.491933822631836,31.31999969482422,170.44866943359375,29.135986328125,152.5783233642578,129.14271545410156,483.8934020996094,77.80818939208984,96.11873626708984
2024-02-22,17.418134689331055,24.1369571685791,27.652427673339844,31.34000015258789,177.14601135253906,29.299833297729492,156.50914001464844,130.76556396484375,493.9078369140625,78.60874938964844,96.60113525390625
2024-02-23,17.51239013671875,24.19916534423828,27.737394332885742,31.299999237060547,176.8219451904297,29.261281967163086,156.70472717285156,130.45645141601562,494.24847412109375,78.88845825195312,96.8281478881836
2024-02-26,17.418134689331055,24.181392669677734,27.756277084350586,31.31999969482422,177.2932891845703,29.261281967163086,156.55804443359375,130.73658752441406,492.4382629394531,78.52195739746094,96.46871185302734
2024-02-27,17.097671508789062,24.261375427246094,27.661867141723633,31.31999969482422,177.40135192871094,29.309471130371094,156.5482635498047,131.31617736816406,493.3531188964844,78.5508804321289,96.8281478881836
2024-02-28,17.248477935791016,24.208051681518555,27.482492446899414,31.350000381469727,177.02816772460938,29.270919799804688,156.20599365234375,131.19061279296875,492.7010192871094,78.60874938964844,96.62005615234375
2024-02-29,17.107097625732422,24.30580711364746,27.5768985748291,31.329999923706055,178.9333038330078,29.348024368286133,156.72425842285156,132.29183959960938,494.4723205566406,78.50264739990234,97.26323699951172
2024-03-01,16.94686508178711,24.501323699951172,27.78459930419922,31.420000076293945,183.12648010253906,29.44440460205078,158.77767944335938,133.05496215820312,499.1145324707031,78.88845825195312,98.26585388183594
2024-03-04,17.05054473876953,24.554641723632812,27.69963264465332,31.469999313354492,184.35401916503906,29.44440460205078,158.6603240966797,133.38340759277344,498.57928466796875,78.98492431640625,98.73878479003906
2024-03-05,17.201351165771484,24.33246612548828,27.567461013793945,31.510000228881836,181.00535583496094,29.42513084411621,156.93939208984375,132.36912536621094,493.5964050292969,78.48336029052734,98.21855926513672
2024-03-06,17.154226303100586,24.430225372314453,27.491933822631836,31.459999084472656,182.78280639648438,29.473318099975586,158.08343505859375,133.57659912109375,496.09759521484375,79.03314208984375,99.09820556640625
2024-03-07,16.99399185180664,24.510208129882812,27.482492446899414,31.510000228881836,185.79757690429688,29.560062408447266,159.93148803710938,134.56192016601562,501.0220642089844,79.3224868774414,99.76032257080078
2024-03-08,16.95629119873047,24.216941833496094,27.38808250427246,31.579999923706055,182.3212432861328,29.550424575805664,158.02476501464844,134.30105590820312,498.0148010253906,79.2164077758789,99.39143371582031
2024-03-11,17.11652374267578,24.101409912109375,27.425844192504883,31.6200008392334,179.91529846191406,29.540786743164062,157.58473205566406,134.23345947265625,497.58660888671875,79.4961166381836,99.85489654541016
2024-03-12,17.17307472229004,24.181392669677734,27.529695510864258,31.600000381469727,183.696044921875,29.598613739013672,159.8826141357422,134.83236694335938,502.9393615722656,79.82405090332031,100.08190155029297
2024-03-13,17.17307472229004,24.48354721069336,27.70907211303711,31.34000015258789,182.6845703125,29.5697021484375,159.64793395996094,135.01593017578125,502.1510009765625,79.71794891357422,99.99678802490234
2024-03-14,17.408708572387695,24.572420120239258,27.888450622558594,31.34000015258789,181.71238708496094,29.53114891052246,159.39370727539062,133.5669708251953,501.1583251953125,79.43824768066406,98.88067626953125
2024-03-15,17.521814346313477,24.687946319580078,27.991357803344727,31.43000030517578,179.25735473632812,29.492595672607422,157.8976593017578,133.23849487304688,497.7170715332031,79.27427673339844,98.80499267578125
2024-03-18,17.4464111328125,24.839027404785156,28.18111801147461,31.389999389648438,180.5536346435547,29.521509170532227,158.78744506835938,133.5669708251953,500.6750793457031,79.45753479003906,99.12659454345703
2024-03-19,17.550092697143555,25.03453826904297,28.228322982788086,31.420000076293945,181.3293914794922,29.44440460205078,159.71636962890625,134.4266815185547,503.4574279785156,79.9397964477539,99.55221557617188
2024-03-20,17.16364860534668,25.221166610717773,28.133913040161133,31.43000030517578,183.46041870117188,29.66608238220215,161.28086853027344,135.74041748046875,508.1140441894531,80.15198516845703,100.77239990234375
2024-03-21,16.95629119873047,25.372241973876953,28.058385848999023,31.399999618530273,185.36911010742188,29.733549118041992,162.13839721679688,136.8488006591797,509.793212890625,80.3069839477539,101.49594116210938
2024-03-22,17.069395065307617,25.27448844909668,28.125417709350586,31.299999237060547,185.35931396484375,29.608253479003906,161.2955780029297,135.97605895996094,508.8267517089844,80.10355377197266,101.01992797851562
2024-03-25,17.041120529174805,25.301145553588867,28.24720573425293,31.389999389648438,185.14303588867188,29.68535804748535,160.66835021972656,135.75302124023438,507.4209289550781,79.8516845703125,100.89614868164062
2024-03-26,17.07882308959961,25.235912322998047,28.124473571777344,31.459999084472656,184.51402282714844,29.63716697692871,160.05093383789062,135.65602111816406,506.4837341308594,79.84200286865234,100.85808563232422
2024-03-27,17.07882308959961,25.271657943725586,28.294408798217773,31.459999084472656,184.50421142578125,29.656442642211914,160.8839874267578,137.3045654296875,510.7400817871094,80.77196502685547,102.61932373046875
2024-03-28,16.984567642211914,25.629106521606445,28.218881607055664,31.479999542236328,184.1405487060547,29.7721004486084,161.0701904296875,137.98336791992188,510.64251708984375,80.9657211303711,103.11438751220703
2024-04-01,17.16364860534668,25.88825798034668,28.502111434936523,31.459999084472656,184.33709716796875,29.743186950683594,160.59976196289062,137.06214904785156,509.754150390625,80.67510223388672,102.70500946044922
2024-04-02,17.305030822753906,25.79889678955078,28.662607192993164,31.459999084472656,183.128173828125,29.68535804748535,159.60011291503906,135.69482421875,506.5130310058594,80.258544921875,101.66729736328125
2024-04-03,17.248477935791016,25.8167667388916,28.643722534179688,31.540000915527344,184.69093322753906,29.743186950683594,159.64910888671875,135.9954376220703,507.0694274902344,80.07449340820312,101.61969757080078
2024-04-04,17.314456939697266,25.5129337310791,28.65316390991211,31.290000915527344,181.16244506835938,29.675722122192383,157.39501953125,134.47296142578125,500.880126953125,79.37701416015625,100.55342864990234
2024-04-05,17.474689483642578,25.879322052001953,28.662607192993164,31.239999771118164,184.3665771484375,29.675722122192383,159.2963104248047,135.41360473632812,506.1127624511719,79.7645034790039,100.96281433105469
2024-04-08,17.191925048828125,26.02230453491211,28.672046661376953,31.25,183.88499450683594,29.71427345275879,159.19830322265625,135.7917938232422,506.39581298828125,79.716064453125,100.87712097167969
2024-04-09,16.99399185180664,25.870384216308594,28.738134384155273,31.360000610351562,182.72518920898438,29.801013946533203,159.2178955078125,136.19911193847656,506.9815979003906,79.73544311523438,101.28649139404297
2024-04-10,17.220203399658203,26.36187744140625,28.974157333374023,31.209999084472656,181.9978790283203,29.608253479003906,157.66944885253906,134.07537841796875,501.9051208496094,78.96046447753906,99.2396240234375
2024-04-11,17.07882308959961,26.522729873657227,29.12520980834961,31.25,184.0324249267578,29.71427345275879,159.07089233398438,134.3177947998047,505.6929016113281,78.79576873779297,99.25867462158203
2024-04-12,17.323881149291992,26.156347274780273,29.153532028198242,30.90999984741211,180.74960327148438,29.511873245239258,156.95396423339844,131.5734405517578,498.7128601074219,77.94329833984375,97.53549194335938
2024-04-15,17.68204689025879,26.48698616027832,29.587814331054688,30.799999237060547,177.6830596923828,29.434768676757812,155.0135040283203,130.38067626953125,492.4649353027344,77.47832489013672,97.04043579101562
2024-04-16,17.804576873779297,26.42443084716797,29.531169891357422,30.860000610351562,178.56765747070312,29.309471130371094,155.16050720214844,129.9442901611328,491.5667419433594,77.42019653320312,96.3740234375
2024-04-17,17.917680740356445,26.02230453491211,29.323467254638672,30.770000457763672,176.14981079101562,29.261281967163086,154.0726776123047,129.0812530517578,488.6575622558594,77.42019653320312,95.98368072509766
2024-04-18,18.030786514282227,26.111663818359375,29.455642700195312,30.8700008392334,175.06866455078125,29.299833297729492,153.7394561767578,129.06182861328125,487.65203857421875,77.49769592285156,96.01224517822266
2024-04-19,18.153316497802734,26.14740753173828,29.36311912536621,30.84000015258789,170.60641479492188,29.299833297729492,151.47555541992188,128.9939422607422,483.3955993652344,77.98204803466797,96.38353729248047
2024-04-22,18.040210723876953,26.1205997467041,29.13465118408203,30.989999771118164,172.30677795410156,29.396215438842773,152.76922607421875,130.2158203125,487.84722900390625,78.3404769897461,97.09756469726562
2024-04-23,17.87997817993164,26.326133728027344,28.96471405029297,30.889999389648438,176.00238037109375,29.463682174682617,154.5234832763672,131.709228515625,493.6363525390625,78.63109588623047,97.86870574951172
2024-04-24,17.84227752685547,26.344005584716797,29.087444305419922,30.799999237060547,175.1964111328125,29.502235412597656,154.41567993164062,131.53465270996094,493.4020690917969,78.80546569824219,98.17335510253906
2024-04-25,17.936532974243164,26.352941513061523,29.25360679626465,30.790000915527344,174.3904571533203,29.42513084411621,153.9452667236328,131.38919067382812,491.5277099609375,78.6795425415039,97.58309936523438
2024-04-26,17.68204689025879,26.996349334716797,29.37067413330078,30.969999313354492,176.60191345214844,29.5697021484375,155.8759307861328,131.89346313476562,496.1844177246094,78.39860534667969,97.2689208984375
2024-04-29,17.700897216796875,26.621030807495117,29.078004837036133,31.0,176.66090393066406,29.550424575805664,155.79754638671875,132.65956115722656,497.9415588378906,78.73766326904297,97.87821197509766
2024-04-30,17.927108764648438,26.746137619018555,29.39899444580078,30.920000076293945,174.07594299316406,29.415491104125977,153.82766723632812,130.66192626953125,490.0535888671875,77.9336166381836,96.10743713378906
2024-05-01,17.974233627319336,26.495920181274414,29.219619750976562,30.93000030517578,172.28713989257812,29.357662200927734,153.07302856445312,130.2061309814453,488.46234130859375,77.82705688476562,95.3553466796875
2024-05-02,17.738597869873047,25.977619171142578,28.526657104492188,31.030000686645508,174.1742706298828,29.473318099975586,154.22947692871094,131.15647888183594,493.0310974121094,78.11767578125,95.95512390136719
2024-05-03,17.700897216796875,25.897197723388672,28.01118278503418,31.059999465942383,177.01473999023438,29.608253479003906,156.01315307617188,132.5529022216797,499.1424255371094,78.57296752929688,96.57393646240234
2024-05-06,17.531240463256836,26.058046340942383,27.897890090942383,31.170000076293945,180.61203002929688,29.704633712768555,158.12022399902344,133.39654541015625,504.2969665527344,79.04763793945312,97.36412811279297
2024-05-07,17.710325241088867,26.2099609375,27.85068702697754,31.170000076293945,180.50392150878906,29.675722122192383,158.62985229492188,133.6777801513672,504.8533935546875,79.5513916015625,97.2593994140625
2024-05-08,17.90825653076172,26.317197799682617,28.1622371673584,31.1299991607666,180.75946044921875,29.68535804748535,158.62985229492188,133.58084106445312,504.90216064453125,79.57075500488281,97.44029235839844
2024-05-09,17.795150756835938,26.45124053955078,28.00646209716797,31.100000381469727,181.13291931152344,29.66608238220215,159.1492919921875,134.67660522460938,507.81134033203125,80.03573608398438,98.10671997070312
2024-05-10,17.955381393432617,26.43337059020996,28.096149444580078,31.059999465942383,181.45729064941406,29.723909378051758,159.6883087158203,134.72511291503906,508.4655456542969,80.3166732788086,98.29711151123047
2024-05-13,17.804576873779297,26.540599822998047,28.067827224731445,31.1299991607666,180.5334014892578,29.704633712768555,159.59030151367188,134.6669158935547,508.5337829589844,80.3166732788086,98.55415344238281
2024-05-14,17.616069793701172,26.478050231933594,27.992300033569336,31.209999084472656,181.70301818847656,29.78173828125,160.29591369628906,135.42327880859375,510.866943359375,80.39418029785156,98.96353149414062
2024-05-15,17.49353790283203,26.23676872253418,27.718515396118164,31.350000381469727,185.93917846679688,29.897397994995117,162.89305114746094,136.81971740722656,517.193115234375,80.93666076660156,99.98220825195312
2024-05-16,17.69147300720215,26.308259963989258,27.727954864501953,31.200000762939453,184.3567657470703,29.849205017089844,162.26583862304688,136.15060424804688,516.1289672851562,81.25631713867188,99.54428100585938
2024-05-17,17.72917366027832,26.54953956604004,27.869569778442383,31.110000610351562,184.18968200683594,29.87812042236328,162.23643493652344,136.4318389892578,516.870849609375,81.44037628173828,99.64899444580078
2024-05-20,17.644344329833984,26.719327926635742,27.718515396118164,31.219999313354492,185.76226806640625,29.91667366027832,162.7852783203125,136.64517211914062,517.4663696289062,81.31446075439453,99.3919677734375
2024-05-21,17.861129760742188,26.66571044921875,27.727954864501953,31.170000076293945,185.86056518554688,29.868480682373047,162.93226623535156,136.4124298095703,518.7355346679688,81.2660140991211,99.40147399902344
2024-05-22,17.861129760742188,26.531667709350586,27.482492446899414,31.1299991607666,185.51654052734375,29.78173828125,162.43243408203125,135.62693786621094,517.2418212890625,81.21757507324219,99.20154571533203
2024-05-23,18.0213623046875,26.469114303588867,27.510812759399414,31.149999618530273,185.45758056640625,29.743186950683594,162.0404052734375,133.80384826660156,513.4638671875,80.28761291503906,97.84965515136719
2024-05-24,18.06848907470703,26.522729873657227,27.605222702026367,31.239999771118164,187.32504272460938,29.801013946533203,163.19686889648438,134.8511505126953,516.8612670898438,80.42323303222656,98.45895385742188
2024-05-28,17.974233627319336,26.808687210083008,27.794042587280273,31.170000076293945,188.1309814453125,29.810653686523438,163.5986785888672,133.84263610839844,517.2222290039062,79.65794372558594,97.71637725830078
2024-05-29,17.993083953857422,26.7282657623291,28.25664520263672,31.1299991607666,186.76478576660156,29.78173828125,162.2952423095703,132.3783416748047,513.6004638671875,78.9798355102539,96.65009307861328
2024-05-30,18.096763610839844,26.531667709350586,28.02062225341797,31.280000686645508,183.48199462890625,29.78173828125,161.4033966064453,132.6013946533203,510.19342041015625,79.11547088623047,97.56405639648438
2024-05-31,18.162742614746094,26.48698616027832,27.94509506225586,31.200000762939453,183.40338134765625,29.810653686523438,162.43243408203125,133.82325744628906,514.8402709960938,80.21012878417969,99.1158676147461
2024-06-03,18.106189727783203,26.245708465576172,27.558019638061523,31.299999237060547,183.0888671875,29.820293426513672,162.57943725585938,133.07655334472656,515.2601928710938,79.99700164794922,98.4875259399414
2024-06-04,18.23814582824707,25.8167667388916,27.293672561645508,31.229999542236328,182.597412109375,29.723909378051758,162.97145080566406,132.73712158203125,515.8360595703125,80.38448333740234,98.1257553100586
2024-06-05,18.11561393737793,26.102724075317383,27.208703994750977,31.31999969482422,186.76478576660156,29.78173828125,165.03933715820312,133.80384826660156,521.9669189453125,80.57821655273438,98.75409698486328
2024-06-06,18.01193618774414,26.165281295776367,27.161500930786133,31.3700008392334,185.89987182617188,29.868480682373047,164.9707489013672,133.52264404296875,521.9570922851562,80.63634490966797,98.4970474243164
2024-06-07,18.200443267822266,26.379751205444336,27.14261817932129,31.25,186.0472869873047,29.762460708618164,164.79432678222656,133.0668487548828,521.322509765625,80.49104309082031,98.28759765625
2024-06-10,18.209869384765625,26.61209487915039,27.34087562561035,31.219999313354492,188.11131286621094,29.92630958557129,165.4607696533203,133.5032196044922,522.9332885742188,80.67510223388672,98.70649719238281
2024-06-11,18.143892288208008,26.540599822998047,27.189821243286133,31.139999389648438,187.6272430419922,29.752826690673828,166.22183227539062,133.0392303466797,524.1927490234375,80.60801696777344,98.21913146972656
2024-06-12,17.955381393432617,26.45124053955078,27.057649612426758,31.25,189.74261474609375,29.907033920288086,167.34140014648438,133.95359802246094,528.4979858398438,80.52052307128906,98.3436050415039
2024-06-13,17.945959091186523,26.27251434326172,26.897153854370117,31.209999084472656,191.4644317626953,29.849205017089844,167.79312133789062,133.2824249267578,529.5620727539062,80.51078033447266,97.97018432617188
2024-06-14,18.153316497802734,26.27251434326172,26.897153854370117,31.149999618530273,191.54312133789062,29.801013946533203,168.0582733154297,132.52371215820312,529.8842163085938,80.56912231445312,97.29994201660156
2024-06-17,18.23814582824707,26.522729873657227,27.06709098815918,31.18000030517578,194.16024780273438,29.849205017089844,169.3938751220703,133.38943481445312,534.1015625,81.2010726928711,97.90315246582031
2024-06-18,18.24757194519043,26.522729873657227,26.953798294067383,31.1200008392334,195.59674072265625,29.887758255004883,170.08132934570312,133.768798828125,535.4585571289062,81.35663604736328,98.31488800048828
2024-06-20,18.44550323486328,26.853370666503906,27.255910873413086,31.1200008392334,193.93397521972656,29.82992935180664,169.32513427734375,133.63259887695312,534.0039672851562,81.80387115478516,98.57339477539062
2024-06-21,18.568035125732422,26.7729434967041,27.23702621459961,31.18000030517578,192.2711944580078,29.82992935180664,168.9617919921875,133.8952178955078,533.2880249023438,81.79413604736328,98.73616790771484
2024-06-24,18.57745933532715,26.880178451538086,27.010446548461914,31.209999084472656,190.0082550048828,29.801013946533203,168.35292053222656,134.57614135742188,531.554443359375,82.28025817871094,99.3298110961914
2024-06-25,18.605735778808594,26.817623138427734,27.208703994750977,30.989999771118164,191.7595672607422,29.791378021240234,169.118896484375,133.86602783203125,533.6015625,81.88164520263672,98.73616790771484
2024-06-26,18.549182891845703,26.96954345703125,27.350317001342773,31.1299991607666,191.2086181640625,29.82992935180664,168.75558471679688,133.34078979492188,534.2675170898438,81.5413589477539,98.28614807128906
2024-06-27,18.45492935180664,27.000181198120117,27.32577133178711,31.420000076293945,191.91700744628906,29.849205017089844,168.65733337402344,133.5936737060547,535.1097412109375,81.71636199951172,98.23827362060547
2024-06-28,18.492631912231445,27.090303421020508,27.529695510864258,31.600000381469727,191.7300567626953,29.907033920288086,167.69491577148438,133.7785186767578,533.0039672851562,81.62885284423828,99.06172180175781
2024-07-01,18.605735778808594,27.531896591186523,27.680749893188477,31.579999923706055,192.0547332763672,30.09015655517578,167.37086486816406,132.64044189453125,534.1009521484375,81.43441772460938,98.75532531738281
2024-07-02,18.549182891845703,27.4417781829834,27.624103546142578,31.6299991607666,193.22557067871094,29.97450065612793,168.38238525390625,133.34078979492188,537.6953125,81.68718719482422,99.0234146118164
2024-07-03,18.44550323486328,27.45078468322754,27.61466407775879,31.690000534057617,194.85882568359375,30.099796295166016,169.118896484375,133.44776916503906,540.0948486328125,81.5413589477539,98.85106658935547
2024-07-05,18.313547134399414,27.41473960876465,27.822362899780273,31.760000228881836,195.39015197753906,30.09015655517578,170.29737854003906,133.36996459960938,543.2092895507812,81.78443145751953,98.54467010498047
2024-07-08,18.2852725982666,27.279556274414062,27.93565559387207,31.729999542236328,196.3051300048828,30.051605224609375,170.12060546875,133.6812286376953,543.8360595703125,81.8427505493164,99.41598510742188
2024-07-09,18.294696807861328,27.396717071533203,27.94509506225586,31.75,196.738037109375,30.032329559326172,170.17950439453125,133.36021423339844,544.364990234375,81.67748260498047,99.71281433105469
2024-07-10,18.294696807861328,27.558931350708008,28.133913040161133,31.889999389648438,198.341796875,30.10943603515625,171.5249481201172,134.44969177246094,549.7516479492188,82.31914520263672,100.72773742675781
2024-07-11,17.945959091186523,27.1804256439209,28.039505004882812,32.02000045776367,195.5377197265625,30.25400733947754,169.94381713867188,135.83094787597656,545.0112915039062,82.65943145751953,101.35011291503906
2024-07-12,17.804576873779297,27.126352310180664,28.0914306640625,31.860000610351562,196.11819458007812,30.33111000061035,171.19105529785156,137.37757873535156,548.448974609375,83.28165435791016,102.25971984863281
2024-07-15,17.814001083374023,27.144376754760742,28.313291549682617,31.8799991607666,197.0922393798828,30.292558670043945,171.8391876220703,137.4262237548828,549.9573974609375,83.39833068847656,102.57569885253906
2024-07-16,17.66319465637207,27.306594848632812,28.313291549682617,31.959999084472656,198.1351776123047,30.446767807006836,172.91946411132812,139.7801971435547,553.2186279296875,84.21501159667969,104.50983428955078
2024-07-17,18.087339401245117,26.828954696655273,28.28496742248535,31.950000762939453,190.69699096679688,30.25400733947754,170.1107635498047,138.76858520507812,545.4618530273438,84.38027954101562,104.39493560791016
2024-07-18,18.181594848632812,26.84697914123535,28.237764358520508,31.969999313354492,189.2506561279297,30.196176528930664,168.98143005371094,137.41648864746094,541.2700805664062,83.91361236572266,103.82042694091797
2024-07-19,18.294696807861328,26.738832473754883,28.077268600463867,32.0,188.11920166015625,30.08051872253418,167.71458435058594,136.76475524902344,537.6757202148438,83.27194213867188,102.61400604248047
2024-07-22,18.049636840820312,26.892038345336914,27.897890090942383,32.130001068115234,191.24794006347656,30.25400733947754,169.9831085205078,137.8347625732422,543.2190551757812,83.65110778808594,103.0257339477539
2024-07-23,18.002511978149414,26.666736602783203,27.897890090942383,32.060001373291016,191.55296325683594,30.196176528930664,169.3938751220703,137.5137481689453,542.3670654296875,83.2427749633789,101.97248077392578
2024-07-24,18.426652908325195,26.342300415039062,27.879011154174805,32.06999969482422,184.62637329101562,29.984140396118164,165.44606018066406,135.4515838623047,530.0755004882812,82.94137573242188,101.46500396728516
2024-07-25,18.294696807861328,26.180082321166992,27.841245651245117,32.13999938964844,182.6192626953125,29.97450065612793,164.19883728027344,135.7531280517578,527.3137817382812,83.0774917602539,101.26394653320312
2024-07-26,18.2852725982666,26.252178192138672,28.058385848999023,32.13999938964844,185.05929565429688,30.128711700439453,166.320068359375,137.66937255859375,533.2194213867188,83.9816665649414,102.66188049316406
2024-07-29,18.322975158691406,26.171072006225586,28.0489444732666,32.11000061035156,184.37057495117188,30.07088279724121,166.30039978027344,137.8055877685547,533.5328979492188,84.088623046875,102.43208312988281
2024-07-30,18.5114803314209,26.06292724609375,27.992300033569336,32.13999938964844,181.97976684570312,30.06124496459961,165.622802734375,138.59349060058594,530.8297729492188,84.36083221435547,102.59485626220703
2024-07-31,18.256996154785156,26.080949783325195,28.058385848999023,32.209999084472656,187.89288330078125,30.244367599487305,168.69662475585938,139.2841339111328,539.4581909179688,84.62335205078125,103.01614379882812
2024-08-01,18.756542205810547,25.612321853637695,28.1055908203125,32.11000061035156,182.7570343017578,30.013051986694336,166.81109619140625,137.1830291748047,531.8190307617188,84.67195892333984,101.17777252197266
2024-08-02,19.30321502685547,24.765186309814453,27.794042587280273,32.16999816894531,176.5093231201172,29.68535804748535,164.51307678222656,134.5858612060547,521.9172973632812,84.47750854492188,97.68292999267578
2024-08-05,19.42574691772461,24.17038917541504,27.46360969543457,32.06999969482422,172.6328125,29.396215438842773,159.72068786621094,131.34669494628906,506.71710205078125,82.59136962890625,95.09771728515625
2024-08-06,19.46344757080078,24.23347282409668,27.34087562561035,32.209999084472656,175.51560974121094,29.53114891052246,161.4392852783203,132.72796630859375,511.3888854980469,83.1260986328125,95.66263580322266
2024-08-07,19.717933654785156,24.29655647277832,27.208703994750977,32.18000030517578,173.18380737304688,29.521509170532227,160.11351013183594,132.08595275878906,507.97076416015625,83.1066665649414,94.92536926269531
2024-08-08,19.454021453857422,24.602970123291016,27.22758674621582,32.27000045776367,179.84471130371094,29.743186950683594,164.23814392089844,134.50802612304688,519.713623046875,84.195556640625,97.0126953125
2024-08-09,19.435171127319336,24.62099266052246,27.331438064575195,32.279998779296875,181.6747283935547,29.810653686523438,165.23980712890625,134.74151611328125,522.0054321289062,84.40945434570312,97.0510025024414
2024-08-12,19.378616333007812,24.756174087524414,27.397523880004883,32.36000061035156,182.18637084960938,29.801013946533203,165.5147705078125,134.3524169921875,522.27978515625,84.29277801513672,96.39031982421875
2024-08-13,19.142982482910156,24.873332977294922,27.605222702026367,32.349998474121094,186.11207580566406,29.91667366027832,167.979736328125,136.34649658203125,530.8688354492188,84.99279022216797,97.75953674316406
2024-08-14,19.34091567993164,24.891355514526367,27.595783233642578,32.470001220703125,187.5977325439453,29.92630958557129,168.3922119140625,136.16165161132812,532.543701171875,85.53724670410156,97.83613586425781
2024-08-15,18.926198959350586,25.152706146240234,27.652427673339844,32.52000045776367,191.8972930908203,30.06124496459961,171.39727783203125,138.2432861328125,541.671630859375,86.14002990722656,99.45429229736328
2024-08-16,19.001602172851562,25.242828369140625,27.727954864501953,32.540000915527344,191.7300567626953,30.157625198364258,171.4954833984375,138.8463897705078,542.8860473632812,86.42198181152344,99.93303680419922
2024-08-19,18.850797653198242,25.323936462402344,27.794042587280273,32.58000183105469,193.87493896484375,30.25400733947754,172.75250244140625,140.02337646484375,548.0767822265625,86.96642303466797,100.90966796875
2024-08-20,18.869647979736328,25.18875503540039,27.93565559387207,32.59000015258789,193.520751953125,30.16726303100586,172.71322631835938,139.332763671875,547.185546875,87.03447723388672,100.3447494506836
2024-08-21,19.02045249938965,25.17072868347168,28.0489444732666,32.65999984741211,194.46524047851562,30.273283004760742,173.96041870117188,140.48056030273438,549.0659790039062,87.46227264404297,101.01500701904297
2024-08-22,18.96390151977539,25.19776725769043,28.030065536499023,32.560001373291016,192.83203125,30.2250919342041,172.61502075195312,139.92613220214844,544.7566528320312,87.24838256835938,100.54582214355469
2024-08-23,18.605735778808594,25.16172218322754,27.982858657836914,32.599998474121094,194.6817169189453,30.427492141723633,174.1961212158203,141.83265686035156,550.544921875,87.74420928955078,102.3267593383789
2024-08-26,18.699989318847656,25.18875503540039,27.81292152404785,32.599998474121094,192.9107208251953,30.379301071166992,173.94076538085938,141.58946228027344,549.2324829101562,87.8122787475586,102.2022705078125
2024-08-27,18.813095092773438,25.134681701660156,27.718515396118164,32.63999938964844,193.55026245117188,30.408214569091797,174.56930541992188,141.79373168945312,549.9866333007812,87.98727416992188,102.00120544433594
2024-08-28,19.039304733276367,25.125667572021484,27.727954864501953,32.68000030517578,191.7595672607422,30.33111000061035,173.23370361328125,141.180908203125,546.7938232421875,87.88033294677734,101.74269104003906
2024-08-29,18.935625076293945,25.20677947998047,27.53913688659668,32.75,191.39553833007812,30.41785430908203,173.2533416748047,141.73536682128906,546.8427124023438,88.17201232910156,102.13525390625
2024-08-30,19.02045249938965,25.27887725830078,27.491933822631836,32.72999954223633,194.1897735595703,30.475683212280273,174.5889434814453,142.8345489501953,552.0629272460938,88.78450012207031,103.43743133544922
2024-09-03,19.369192123413086,25.098634719848633,27.633546829223633,32.66999816894531,188.473388671875,30.186538696289062,170.8276824951172,140.66537475585938,540.7019653320312,88.2886734008789,101.71397399902344
2024-09-04,19.388044357299805,25.04456329345703,27.860126495361328,32.70000076293945,188.2274169921875,30.16726303100586,170.60179138183594,140.3346405029297,539.5952758789062,88.34700775146484,101.35011291503906
2024-09-05,19.46344757080078,25.071598052978516,27.982858657836914,32.75,187.11563110351562,30.196176528930664,169.60992431640625,139.5662078857422,538.2828979492188,87.70532989501953,100.51710510253906
2024-09-06,19.501150131225586,24.864320755004883,28.096149444580078,32.70000076293945,183.03248596191406,29.984140396118164,167.59674072265625,137.99038696289062,529.2235717773438,86.84004974365234,99.25321197509766
2024-09-09,19.689655303955078,24.972463607788086,28.08670997619629,32.7599983215332,186.1514129638672,30.10943603515625,169.46261596679688,139.30357360839844,535.1488647460938,87.61782836914062,100.23943328857422
2024-09-10,19.62367820739746,25.062585830688477,28.464345932006836,32.7599983215332,186.5253143310547,30.14798927307129,169.8849334716797,139.16737365722656,537.4797973632812,87.8219985961914,99.78941345214844
2024-09-11,19.284364700317383,25.089622497558594,28.360496520996094,32.84000015258789,189.5064697265625,30.25400733947754,171.652587890625,139.78994750976562,542.9937744140625,87.7344970703125,99.990478515625
2024-09-12,19.218385696411133,25.152706146240234,28.209440231323242,32.81999969482422,192.015380859375,30.340747833251953,172.89981079101562,140.73345947265625,547.5675659179688,88.24977111816406,100.603271484375
2024-09-13,19.095857620239258,25.224803924560547,28.25664520263672,32.869998931884766,193.589599609375,30.45640754699707,173.6461639404297,142.10501098632812,550.4274291992188,88.803955078125,101.7809829711914
2024-09-16,19.039304733276367,25.305912017822266,28.426584243774414,32.91999816894531,194.1209259033203,30.504596710205078,173.98007202148438,143.04855346679688,551.240234375,89.2706298828125,102.94910430908203
2024-09-17,18.850797653198242,25.260852813720703,28.200000762939453,32.9900016784668,194.00283813476562,30.55278778076172,173.96041870117188,143.31118774414062,551.465576171875,88.7553482055664,103.1214599609375
2024-09-18,18.775394439697266,25.143693923950195,27.954538345336914,32.959999084472656,193.39283752441406,30.533512115478516,173.2042236328125,142.89291381835938,549.830078125,88.31783294677734,102.98741912841797
2024-09-19,18.398378372192383,25.396034240722656,27.912052154541016,32.959999084472656,197.15127563476562,30.755186080932617,175.7673797607422,144.85781860351562,559.2124633789062,88.74562072753906,104.24172973632812
2024-09-20,18.436079025268555,25.486154556274414,27.69963264465332,32.900001525878906,198.32211303710938,30.678083419799805,175.1977996826172,143.90455627441406,558.2457885742188,88.7553482055664,103.76300048828125
2024-09-23,18.502056121826172,25.486154556274414,27.633546829223633,32.88999938964844,199.43389892578125,30.76482582092285,175.8164825439453,144.89674377441406,559.6408081054688,89.11507415771484,104.21299743652344
2024-09-24,18.502056121826172,25.630348205566406,27.642988204956055,32.939998626708984,199.7290496826172,30.832290649414062,175.87542724609375,145.14964294433594,561.2421264648438,88.93035125732422,104.44281005859375
2024-09-25,18.605735778808594,25.594297409057617,27.38808250427246,32.88999938964844,200.11361694335938,30.774463653564453,175.6123809814453,144.19236755371094,560.0042114257812,88.56706237792969,103.70843505859375
2024-09-26,18.473779678344727,25.711456298828125,27.765718460083008,32.959999084472656,200.45870971679688,30.967227935791016,176.4102783203125,144.85659790039062,562.2244873046875,88.83073425292969,104.78923797607422
2024-09-27,18.426652908325195,25.61235237121582,27.77515983581543,32.93000030517578,199.1177215576172,30.928674697875977,176.01626586914062,145.09100341796875,561.4091186523438,88.93816375732422,105.26209259033203
2024-09-30,18.473779678344727,25.57598304748535,27.595783233642578,32.880001068115234,199.92625427246094,30.919036865234375,176.6171417236328,145.335205078125,563.6588134765625,89.17253875732422,105.2234878540039
2024-10-01,18.813095092773438,25.603260040283203,27.529695510864258,32.880001068115234,198.8120574951172,30.841930389404297,175.4744873046875,145.00311279296875,558.609375,89.01628875732422,104.57695007324219
2024-10-02,18.709415435791016,25.630535125732422,27.208703994750977,32.95000076293945,199.39382934570312,30.89975929260254,175.77001953125,144.88589477539062,558.8450927734375,88.85026550292969,104.49009704589844
2024-10-03,18.803668975830078,25.34868049621582,26.67057228088379,32.790000915527344,198.97967529296875,30.832290649414062,175.69119262695312,144.1337890625,557.8234252929688,88.54751586914062,104.21023559570312
2024-10-04,18.747116088867188,25.257761001586914,26.35902214050293,32.93000030517578,200.91229248046875,30.919036865234375,176.5284881591797,144.9933319091797,562.892578125,88.96746063232422,104.99188232421875
2024-10-07,18.5114803314209,25.06682777404785,26.094676971435547,32.79999923706055,199.4727020263672,30.89975929260254,174.9327392578125,144.03610229492188,557.8037719726562,88.00064086914062,104.702392578125
2024-10-08,18.520906448364258,25.057737350463867,26.35902214050293,32.869998931884766,201.45462036132812,30.81301498413086,176.69595336914062,144.64170837402344,563.0792236328125,88.71353912353516,104.8567886352539
2024-10-09,18.634014129638672,25.057737350463867,26.226850509643555,32.869998931884766,203.07167053222656,30.89975929260254,177.8484344482422,145.55987548828125,566.9793090820312,89.48504638671875,105.92794036865234
2024-10-10,18.530332565307617,24.985000610351562,26.1324405670166,32.880001068115234,202.1349639892578,30.90939712524414,177.56275939941406,145.1593780517578,565.987060546875,89.21159362792969,105.24278259277344
2024-10-11,18.379526138305664,25.112287521362305,26.2740535736084,32.88999938964844,204.4619903564453,31.053970336914062,178.71527099609375,146.7417755126953,569.3763427734375,89.85615539550781,106.30428314208984
2024-10-14,18.46435546875,25.12137794494629,26.44399070739746,32.880001068115234,206.0396270751953,31.092519760131836,180.44894409179688,147.45484924316406,574.032958984375,90.45187377929688,107.06663513183594
2024-10-15,18.46435546875,25.048643112182617,26.73666000366211,32.91999816894531,203.93939208984375,30.95758628845215,178.2326202392578,147.0836639404297,569.5728149414062,90.08076477050781,106.1498794555664
2024-10-16,18.332399368286133,25.13047218322754,26.81218719482422,32.93000030517578,205.73394775390625,31.082881927490234,179.18807983398438,147.9822998046875,572.0484619140625,90.52999877929688,107.2499771118164
2024-10-17,18.473779678344727,25.0213680267334,26.698896408081055,32.93000030517578,205.73394775390625,31.06360626220703,178.89256286621094,147.84556579589844,572.0975341796875,90.6764907836914,107.01838684082031
2024-10-18,18.370100021362305,25.139564514160156,27.00100326538086,32.91999816894531,206.40443420410156,31.082881927490234,179.69046020507812,148.3046417236328,574.2981567382812,90.6960220336914,106.96047973632812
2024-10-21,18.549182891845703,24.93954086303711,26.642248153686523,32.849998474121094,205.79310607910156,31.005775451660156,179.24717712402344,146.9078369140625,573.3551025390625,90.28585052490234,105.72528076171875
2024-10-22,18.57745933532715,24.93044662475586,26.50063705444336,32.88999938964844,205.15219116210938,30.95758628845215,178.66603088378906,146.51712036132812,573.050537109375,89.93428039550781,105.435791015625
2024-10-23,18.775394439697266,24.694053649902344,26.387346267700195,32.86000061035156,204.6789093017578,30.8515682220459,177.15890502929688,145.94081115722656,567.8142700195312,89.74873352050781,105.44544219970703
2024-10-24,18.586883544921875,24.784975051879883,26.34014129638672,32.86000061035156,204.07740783691406,30.8515682220459,177.03086853027344,146.33154296875,569.0423583984375,89.42645263671875,105.2234878540039
2024-10-25,18.57745933532715,24.739513397216797,26.34958267211914,32.779998779296875,202.86463928222656,30.8708438873291,177.07025146484375,145.315673828125,568.845947265625,88.86978912353516,104.6734390258789
2024-10-28,18.2852725982666,24.830432891845703,26.793302536010742,32.83000183105469,203.6337127685547,30.95758628845215,177.39532470703125,146.1557159423828,570.6043701171875,89.01628875732422,105.51297760009766
2024-10-29,18.46435546875,24.90317153930664,26.67057228088379,32.849998474121094,203.42666625976562,30.938308715820312,177.8484344482422,145.89198303222656,571.5277709960938,88.92839813232422,104.80853271484375
2024-10-30,18.45492935180664,24.721330642700195,26.57616424560547,32.88999938964844,202.2335662841797,30.90939712524414,176.93234252929688,145.70639038085938,569.798828125,88.51822662353516,104.45148468017578
2024-10-31,18.699989318847656,24.484935760498047,26.5903263092041,32.83000183105469,199.58116149902344,30.735910415649414,173.7802276611328,144.24122619628906,558.6290283203125,87.88343811035156,103.85318756103516
2024-11-01,18.634014129638672,24.521303176879883,26.623369216918945,32.83000183105469,198.88107299804688,30.803377151489258,174.44021606445312,144.15330505371094,560.9866943359375,87.8639144897461,104.1137466430664
2024-11-04,18.5114803314209,24.430383682250977,26.42510986328125,32.84000015258789,198.50637817382812,30.793739318847656,174.24319458007812,144.40725708007812,559.7783203125,87.83460998535156,103.93038177490234
2024-11-05,18.34182357788086,24.50312042236328,26.481752395629883,32.90999984741211,201.87860107421875,30.89975929260254,176.01626586914062,146.35107421875,566.5470581054688,88.60610961914062,105.2234878540039
2024-11-06,18.200443267822266,24.58494758605957,26.35902214050293,32.93000030517578,206.54249572753906,31.11179542541504,179.5328369140625,149.91632080078125,580.6345825195312,90.28585052490234,108.41764068603516
2024-11-07,18.27584457397461,24.82134246826172,26.415668487548828,32.900001525878906,207.5186309814453,31.217815399169922,181.2271270751953,150.33633422851562,585.1241455078125,90.46163940429688,108.47553253173828
2024-11-08,18.153316497802734,24.74860382080078,26.486474990844727,32.79999923706055,210.8513946533203,31.179264068603516,181.66055297851562,151.6061553955078,587.6586303710938,91.28197479248047,108.7264404296875
2024-11-11,18.040210723876953,24.67586898803711,26.453433990478516,32.83000183105469,210.6147918701172,31.227455139160156,181.4930877685547,152.6024627685547,588.2186889648438,91.1550064086914,109.53703308105469
2024-11-12,18.2852725982666,24.639503479003906,26.491195678710938,32.869998931884766,209.53997802734375,31.10215950012207,181.31576538085938,151.5279998779297,586.3915405273438,90.95970153808594,108.44657897949219
2024-11-13,18.209869384765625,24.64859390258789,26.528961181640625,32.790000915527344,209.00755310058594,31.0732479095459,180.8725128173828,151.56707763671875,586.6764526367188,90.95970153808594,108.71678924560547
2024-11-14,18.172168731689453,24.521303176879883,26.878271102905273,32.75,206.84814453125,31.03469467163086,179.81851196289062,150.10191345214844,582.9039916992188,89.97334289550781,108.07987976074219
2024-11-15,18.379526138305664,24.50312042236328,26.764984130859375,32.66999816894531,205.497314453125,30.99614143371582,176.8732452392578,148.7344207763672,575.437744140625,89.01628875732422,107.0859375
2024-11-18,18.22871971130371,24.512210845947266,26.406225204467773,32.650001525878906,206.4833221435547,31.0732479095459,177.28695678710938,149.51585388183594,577.7954711914062,89.34832000732422,107.73248291015625
2024-11-19,18.12504005432129,24.50312042236328,26.406225204467773,32.599998474121094,208.041259765625,31.092519760131836,177.70068359375,149.593994140625,579.9075317382812,89.23114013671875,107.14383697509766
2024-11-20,18.209869384765625,24.603132247924805,26.34958267211914,32.66999816894531,208.652587890625,31.121435165405273,178.18333435058594,150.4340057373047,580.1041259765625,89.81708526611328,107.45263671875
2024-11-21,18.096763610839844,24.666776657104492,26.151323318481445,32.779998779296875,210.8218231201172,31.227455139160156,179.35552978515625,152.43643188476562,583.2183227539062,90.78390502929688,108.9097900390625
2024-11-22,17.917680740356445,24.7758846282959,26.28349494934082,32.79999923706055,211.9064483642578,31.36238670349121,180.01553344726562,154.11647033691406,585.0259399414062,91.27220916748047,110.13533020019531
2024-11-25,17.56894302368164,24.666776657104492,26.11355972290039,32.869998931884766,211.46275329589844,31.38166618347168,181.0005645751953,155.13235473632812,587.01025390625,91.682373046875,111.34156799316406
2024-11-26,17.738597869873047,24.74860382080078,26.217411041259766,32.779998779296875,213.2375946044922,31.372026443481445,181.7886199951172,154.9076690673828,590.075439453125,92.3562240600586,110.51168060302734
2024-11-27,17.861129760742188,24.594038009643555,26.179645538330078,32.84000015258789,212.24169921875,31.39130210876465,181.4930877685547,154.8002166748047,588.2874145507812,92.22926330566406,110.11603546142578
2024-11-29,17.77630043029785,24.739513397216797,25.97194480895996,32.83000183105469,213.49395751953125,31.43949317932129,182.51751708984375,155.20069885253906,591.9420166015625,92.33670043945312,110.55992889404297
2024-12-02,17.550092697143555,24.83952522277832,26.151323318481445,32.81999969482422,211.78814697265625,31.458768844604492,183.19717407226562,154.9369659423828,593.0029907226562,91.9558334350586,110.17393493652344
2024-12-03,17.578367233276367,24.82134246826172,26.255172729492188,32.849998474121094,212.2614288330078,31.468406677246094,183.2366180419922,154.3899688720703,593.2779541015625,91.62378692626953,109.52738189697266
2024-12-04,17.51239013671875,24.90317153930664,26.339197158813477,32.81999969482422,213.6320037841797,31.516599655151367,184.05416870117188,154.81976318359375,596.9619140625,91.86792755126953,108.99663543701172
2024-12-05,17.597217559814453,24.739513397216797,26.137161254882812,32.88999938964844,213.56297302246094,31.49732208251953,183.2760009765625,153.92112731933594,595.9796142578125,91.67262268066406,108.48517608642578
2024-12-06,17.436986923217773,24.866802215576172,26.415668487548828,32.83000183105469,214.50958251953125,31.53587532043457,183.67002868652344,154.02857971191406,597.109375,91.34056854248047,108.42728424072266
2024-12-09,17.408708572387695,24.87589454650879,26.26461410522461,32.88999938964844,210.0133056640625,31.526235580444336,182.7933349609375,153.3252716064453,594.034423828125,90.5397720336914,107.8000259399414
2024-12-10,17.644344329833984,24.857709884643555,26.34014129638672,32.849998474121094,208.0313720703125,31.429855346679688,182.37960815429688,151.97732543945312,592.1875,90.23702239990234,106.78678131103516
2024-12-11,17.427560806274414,25.003183364868164,26.373184204101562,32.90999984741211,210.36827087402344,31.516599655151367,183.33509826660156,152.40713500976562,596.7655639648438,90.04169464111328,106.44902801513672
2024-12-12,17.55951499938965,24.894079208374023,26.387346267700195,32.880001068115234,208.83004760742188,31.39130210876465,181.9757537841797,151.762451171875,593.690673828125,89.78779602050781,106.25603485107422
2024-12-13,17.653770446777344,24.684961318969727,26.51007652282715,32.869998931884766,211.29510498046875,31.35274887084961,181.2074432373047,151.2447509765625,593.5728149414062,89.51435089111328,105.94723510742188
2024-12-16,17.408708572387695,24.67586898803711,26.585603713989258,32.880001068115234,213.03054809570312,31.36238670349121,181.15818786621094,150.9028778076172,596.1073608398438,89.15300750732422,105.26209259033203
2024-12-17,17.6254940032959,24.684961318969727,26.737903594970703,32.88999938964844,210.4658660888672,31.275646209716797,180.49423217773438,149.83250427246094,593.6513671875,88.75861358642578,104.58969116210938
2024-12-18,17.927108764648438,24.466751098632812,27.080575942993164,32.79999923706055,203.1835174560547,31.005775451660156,175.7815704345703,144.71119689941406,575.9584350585938,86.87493133544922,101.71358489990234
2024-12-19,18.134464263916016,24.403108596801758,27.213836669921875,32.779998779296875,203.0251922607422,30.8708438873291,175.5740966796875,144.17160034179688,575.7816162109375,86.91416931152344,101.06256866455078
2024-12-20,17.974233627319336,24.421293258666992,26.842609405517578,32.869998931884766,206.90383911132812,30.967227935791016,177.27340698242188,146.7616729736328,582.6973266601562,87.74810028076172,102.60749816894531
2024-12-23,17.889406204223633,24.484935760498047,27.061538696289062,32.91999816894531,207.71517944335938,31.005775451660156,178.6170654296875,146.5752716064453,586.1865844726562,87.71867370605469,103.02531433105469
2024-12-24,17.795150756835938,24.575857162475586,27.01394271850586,32.9900016784668,210.38673400878906,31.11179542541504,179.9508514404297,148.09596252441406,592.7020874023438,88.36618041992188,103.8123550415039
2024-12-26,17.766876220703125,24.512210845947266,27.042499542236328,33.040000915527344,210.68353271484375,31.11179542541504,180.0595245361328,148.0763397216797,592.7415771484375,88.40542602539062,104.13301849365234
2024-12-27,18.0213623046875,24.48499870300293,27.052019119262695,33.040000915527344,208.13076782226562,30.99614143371582,178.35032653808594,147.10507202148438,586.5020141601562,87.97373962402344,103.50142669677734
2024-12-30,18.07501220703125,24.4099178314209,26.661754608154297,32.97999954223633,205.6967315673828,30.916336059570312,176.4336395263672,145.4077911376953,579.8091430664062,87.04171752929688,102.30628967285156
2024-12-31,18.02623748779297,24.55069351196289,26.74742317199707,32.959999084472656,204.73695373535156,30.945894241333008,175.9396514892578,145.69227600097656,577.6998291015625,87.11039733886719,102.61721801757812
2025-01-02,17.957956314086914,24.729001998901367,26.92827796936035,33.08000183105469,205.78578186035156,31.01485824584961,175.4752960205078,145.26060485839844,576.2803344726562,86.98284149169922,102.47147369384766
2025-01-03,17.850658416748047,24.71961784362793,27.099611282348633,33.20000076293945,209.03115844726562,31.18234634399414,177.14498901367188,146.7616729736328,583.48583984375,87.4145278930664,103.48199462890625
2025-01-06,17.440969467163086,24.635154724121094,26.81405258178711,33.09000015258789,209.66439819335938,31.202051162719727,177.83657836914062,146.9088592529297,586.8469848632812,86.93379211425781,104.03584289550781
2025-01-07,17.704341888427734,24.710233688354492,26.94731330871582,33.18000030517578,206.62681579589844,31.133087158203125,176.49290466308594,146.0651092529297,580.2132568359375,86.77681732177734,103.72491455078125
2025-01-08,17.72385025024414,24.86039161682129,27.17576026916504,33.310001373291016,207.56678771972656,31.044416427612305,176.83871459960938,146.40847778320312,581.0609130859375,87.31642150878906,103.43341064453125
2025-01-10,17.899431228637695,25.123165130615234,27.080575942993164,33.29999923706055,204.7171630859375,30.9360408782959,174.23045349121094,144.3481903076172,572.189697265625,86.0213851928711,102.04393768310547
2025-01-13,17.938447952270508,25.1982421875,26.88068389892578,33.29999923706055,204.65777587890625,30.926189422607422,174.52684020996094,145.35870361328125,573.0768432617188,86.50212097167969,102.78240203857422
2025-01-14,17.957956314086914,25.001161575317383,26.83308982849121,33.34000015258789,206.7851104736328,30.995153427124023,174.51695251464844,146.6831817626953,573.8653564453125,86.96321868896484,103.79293060302734
2025-01-15,17.63606071472168,25.029315948486328,26.40475082397461,33.40999984741211,210.73301696777344,31.1429386138916,177.29318237304688,148.05674743652344,584.303955078125,87.4930191040039,105.26014709472656
2025-01-16,17.558025360107422,25.001161575317383,26.366676330566406,33.380001068115234,212.13803100585938,31.162641525268555,177.31292724609375,148.97894287109375,583.1802368164062,88.01298522949219,105.66824340820312
2025-01-17,17.489744186401367,25.08562660217285,26.547529220581055,33.43000030517578,215.05691528320312,31.330129623413086,178.5182647705078,149.97964477539062,589.0353393554688,88.15033721923828,106.59131622314453
2025-01-21,17.353181838989258,24.822851181030273,26.166784286499023,33.47999954223633,218.44082641601562,31.40894889831543,179.9508514404297,151.79469299316406,594.4270629882812,88.98426818847656,107.79618835449219
2025-01-22,17.275144577026367,24.879159927368164,26.233413696289062,33.459999084472656,219.63807678222656,31.389245986938477,181.51185607910156,151.47091674804688,597.7686157226562,88.92539978027344,107.4852523803711
2025-01-23,17.236127853393555,24.944856643676758,26.26197052001953,33.470001220703125,221.41908264160156,31.517322540283203,182.39114379882812,152.216552734375,601.0313110351562,89.22953033447266,108.1848373413086
2025-01-24,17.343427658081055,24.757156372070312,26.12870979309082,33.54999923706055,220.6571807861328,31.468063354492188,181.88729858398438,152.07920837402344,599.2767333984375,89.2197265625,107.89335632324219
2025-01-27,18.19206428527832,24.58823013305664,26.071596145629883,33.54999923706055,211.66310119628906,31.330129623413086,180.3559112548828,151.91241455078125,590.7997436523438,90.16156005859375,107.67958068847656
2025-01-28,17.977466583251953,24.766542434692383,26.204858779907227,33.400001525878906,214.00808715820312,31.379392623901367,181.5019989013672,151.5984649658203,595.8760986328125,89.90647888183594,106.63018035888672
2025-01-29,17.889677047729492,24.74777603149414,26.176301956176758,33.45000076293945,214.05755615234375,31.438505172729492,180.94869995117188,151.05886840820312,593.204833984375,89.78874206542969,106.72734832763672
2025-01-30,17.645814895629883,24.813467025756836,26.06207847595215,33.380001068115234,217.5701141357422,31.53702735900879,182.63816833496094,152.638427734375,596.3886108398438,90.652099609375,107.82532501220703
2025-01-31,17.684831619262695,24.84161949157715,26.166784286499023,33.400001525878906,216.81814575195312,31.4483585357666,181.1561737060547,151.30413818359375,593.2147216796875,90.21061706542969,106.88282012939453
2025-02-03,18.045747756958008,24.888545989990234,26.24293327331543,33.279998779296875,216.75877380371094,31.40894889831543,180.2670135498047,150.4800262451172,589.2225952148438,90.62267303466797,106.24151611328125
2025-02-04,17.928693771362305,24.775924682617188,25.78603744506836,33.47999954223633,218.04502868652344,31.458209991455078,181.11666870117188,150.77432250976562,593.17529296875,90.5932388305664,106.56216430664062
2025-02-05,17.879920959472656,24.710233688354492,25.662294387817383,33.45000076293945,221.44876098632812,31.5468807220459,181.9070587158203,151.58863830566406,595.580322265625,91.34867095947266,107.43666076660156
2025-02-06,17.675079345703125,24.74777603149414,25.586145401000977,33.439998626708984,223.71461486816406,31.556732177734375,182.1441650390625,151.3237762451172,597.6503295898438,91.35848999023438,106.89252471923828
2025-02-07,17.86041259765625,24.84161949157715,25.65277671813965,33.349998474121094,222.49757385253906,31.517322540283203,180.7115936279297,150.6468048095703,592.1796875,90.95624542236328,106.31924438476562
2025-02-10,17.509252548217773,25.06685447692871,25.795557022094727,33.41999816894531,224.6842498779297,31.596141815185547,182.03549194335938,151.21585083007812,596.2013549804688,91.3388671875,106.75650787353516
2025-02-11,17.850658416748047,25.07624053955078,25.85266876220703,33.369998931884766,223.5760955810547,31.5468807220459,182.2034454345703,150.91171264648438,596.65478515625,91.4664077758789,107.222900390625
2025-02-12,17.72385025024414,25.132551193237305,26.052560806274414,33.41999816894531,223.1110382080078,31.527175903320312,181.6403045654297,150.12681579589844,594.7327270507812,91.09359741210938,107.2909164428711
2025-02-13,17.577533721923828,25.05747413635254,25.71940803527832,33.41999816894531,225.3076171875,31.67496109008789,183.56686401367188,151.51014709472656,601.0115966796875,91.9177017211914,108.72897338867188
2025-02-14,17.41170883178711,24.804080963134766,25.529033660888672,33.4900016784668,225.89138793945312,31.67496109008789,182.88516235351562,151.48072814941406,600.9820556640625,91.19169616699219,108.83585357666016
2025-02-18,17.372690200805664,25.179475784301758,25.85266876220703,33.59000015258789,227.05894470214844,31.79318618774414,183.34951782226562,152.8052215576172,602.7463989257812,91.39773559570312,110.25447845458984
2025-02-19,17.421463012695312,25.05747413635254,26.147747039794922,33.630001068115234,226.78189086914062,31.684812545776367,183.97195434570312,152.59918212890625,604.1658325195312,91.9765625,110.34192657470703
2025-02-20,17.8116397857666,24.916698455810547,25.78603744506836,33.75,222.79440307617188,31.625696182250977,183.46804809570312,151.8829803466797,601.6522827148438,91.95694732666016,110.16703796386719
2025-02-21,18.104272842407227,24.6539249420166,25.681331634521484,33.72999954223633,217.59979248046875,31.418800354003906,180.40530395507812,149.37139892578125,591.361572265625,91.29962158203125,108.47634887695312
2025-02-24,18.396907806396484,24.606998443603516,25.847909927368164,33.650001525878906,215.3636474609375,31.379392623901367,179.83230590820312,148.97894287109375,588.670654296875,91.75091552734375,108.27228546142578
2025-02-25,18.845613479614258,24.353612899780273,25.605182647705078,33.68000030517578,214.5622100830078,31.300575256347656,179.6445770263672,149.11630249023438,585.7430419921875,92.30033111572266,108.0488052368164
2025-02-26,18.49445152282715,24.362995147705078,25.595664978027344,33.70000076293945,215.89793395996094,31.349834442138672,179.35806274414062,148.87103271484375,586.0387573242188,91.61356353759766,107.89335632324219
2025-02-27,18.79684066772461,24.334840774536133,25.91929817199707,33.66999816894531,212.19741821289062,31.211904525756836,176.78932189941406,147.4680633544922,576.6843872070312,91.54488372802734,106.88282012939453
2025-02-28,19.04070281982422,24.269145965576172,25.824111938476562,33.68000030517578,216.12550354003906,31.261165618896484,179.38771057128906,149.2144012451172,585.6839599609375,92.78104400634766,108.00994873046875
2025-03-03,19.37235450744629,24.109603881835938,25.8812255859375,33.77000045776367,212.08856201171875,31.093677520751953,176.9473876953125,147.242431640625,575.4227294921875,92.6338882446289,106.47472381591797
2025-03-04,19.6259708404541,23.921907424926758,26.01448631286621,33.84000015258789,207.72509765625,31.02471160888672,175.12950134277344,145.10362243652344,568.611572265625,91.56451416015625,104.1524429321289
2025-03-05,19.391860961914062,23.893753051757812,26.20009994506836,33.88999938964844,210.37680053710938,31.19219970703125,176.9967803955078,146.34962463378906,574.722900390625,91.9177017211914,105.09496307373047
2025-03-06,19.694252014160156,23.771751403808594,25.890743255615234,33.869998931884766,202.24354553222656,31.01485824584961,174.1020050048828,144.5738525390625,564.52099609375,91.31924438476562,104.36621856689453
2025-03-07,19.94786834716797,23.809289932250977,26.043041229248047,34.0,202.19406127929688,31.044416427612305,174.7046661376953,145.21153259277344,567.6849975585938,92.04524230957031,105.67796325683594
2025-03-10,20.338045120239258,23.35881805419922,26.01448631286621,33.790000915527344,194.05088806152344,30.699586868286133,170.80215454101562,142.48410034179688,552.5643920898438,91.3879165649414,104.08443450927734
2025-03-11,20.191728591918945,23.34943389892578,26.090635299682617,33.900001525878906,194.70391845703125,30.709440231323242,168.69775390625,140.904541015625,547.970947265625,90.11250305175781,102.26742553710938
2025-03-12,19.70400619506836,23.5465145111084,25.938335418701172,34.119998931884766,197.771240234375,30.798110961914062,169.05340576171875,140.57098388671875,550.8787841796875,89.41593170166016,102.02450561523438
2025-03-13,20.03565788269043,23.565284729003906,26.043041229248047,33.9900016784668,194.6643524169922,30.729145050048828,166.13888549804688,139.001220703125,543.5353393554688,89.22953033447266,101.9176254272461
2025-03-14,19.70400619506836,23.79051971435547,26.01448631286621,34.02000045776367,199.8589630126953,30.945894241333008,169.32017517089844,141.7286834716797,554.762451171875,90.2498550415039,103.72491455078125
2025-03-17,19.694252014160156,23.884370803833008,25.91929817199707,34.290000915527344,202.20396423339844,31.1429386138916,171.01951599121094,143.9263153076172,559.0404052734375,91.48603057861328,105.28929138183594
2025-03-18,19.908849716186523,23.950061798095703,25.91929817199707,34.220001220703125,198.75872802734375,30.995153427124023,169.28762817382812,142.72433471679688,552.9981079101562,91.008544921875,105.10253143310547
2025-03-19,19.567441940307617,23.959449768066406,26.052560806274414,34.22999954223633,202.54818725585938,31.202051162719727,170.89178466796875,144.26988220214844,559.0206909179688,91.42202758789062,105.69898223876953
2025-03-20,19.586952209472656,23.893753051757812,26.024003982543945,34.20000076293945,202.260498046875,31.10352897644043,170.2481231689453,143.7186279296875,557.4041748046875,91.10698699951172,105.1807632446289
2025-03-21,19.557687759399414,23.884370803833008,26.033523559570312,34.150001525878906,203.09378051757812,31.18234634399414,169.92135620117188,143.30516052246094,557.5880126953125,90.98884582519531,104.58431243896484
2025-03-24,19.02119255065918,23.912521362304688,26.024003982543945,34.20000076293945,208.77801513671875,31.300575256347656,172.86231994628906,145.8056182861328,567.5736083984375,91.5992431640625,106.09988403320312
2025-03-25,19.04070281982422,23.950061798095703,26.08111572265625,34.209999084472656,209.36329650878906,31.310426712036133,173.12965393066406,145.411865234375,568.93798828125,91.41219329833984,106.01187896728516
2025-03-26,19.567441940307617,23.959449768066406,26.06778907775879,34.20000076293945,205.35556030273438,31.10352897644043,171.66412353515625,144.79165649414062,562.1458740234375,91.69770050048828,105.689208984375
2025-03-27,19.830812454223633,24.034109115600586,26.08111572265625,34.33000183105469,203.18307495117188,31.15279197692871,171.37698364257812,144.32896423339844,560.6529541015625,92.0225830078125,105.00475311279297
2025-03-28,20.133201599121094,23.939599990844727,26.119192123413086,34.310001373291016,199.25473022460938,30.88677978515625,167.95082092285156,142.29116821289062,549.3623657226562,91.30389404296875,103.47940826416016
2025-03-31,20.328290939331055,23.873441696166992,25.96689224243164,34.29999923706055,200.51458740234375,30.847370147705078,169.2183074951172,143.1771697998047,553.0501098632812,92.20964813232422,104.28119659423828
2025-04-01,20.250255584716797,23.920698165893555,25.862186431884766,34.349998474121094,201.9132843017578,30.945894241333008,169.6143798828125,143.2952880859375,554.6121215820312,92.1407241821289,104.16384887695312
2025-04-02,19.830812454223633,23.85453987121582,25.8812255859375,34.40999984741211,204.45285034179688,31.005006790161133,170.57489013671875,144.63414001464844,558.1219482421875,92.32778930664062,104.85808563232422
2025-04-03,20.93306541442871,23.627716064453125,25.595664978027344,34.36000061035156,193.431640625,30.50254249572754,162.99974060058594,137.80210876464844,530.6172485351562,91.24482727050781,99.61714172363281
2025-04-04,20.81601333618164,23.344181060791016,25.576627731323242,33.90999984741211,179.712158203125,29.674955368041992,153.96896362304688,130.00534057617188,499.5533447265625,85.84967803955078,93.7210693359375
2025-04-07,20.27952003479004,23.296926498413086,25.500478744506836,33.650001525878906,181.24978637695312,29.487762451171875,153.07774353027344,128.42037963867188,498.6635437011719,84.87501525878906,93.36906433105469
2025-04-08,20.542888641357422,23.259122848510742,25.424327850341797,33.84000015258789,179.39471435546875,29.320274353027344,150.92897033691406,126.15616607666016,490.8531188964844,84.09723663330078,91.42327117919922
2025-04-09,19.567441940307617,23.722225189208984,25.70037078857422,34.400001525878906,198.19326782226562,30.24638557434082,164.029541015625,138.0186767578125,542.4022216796875,88.46849060058594,98.55135345458984
2025-04-10,20.31853675842285,23.58991050720215,25.252994537353516,34.439998626708984,191.7154541015625,29.80303382873535,159.12799072265625,131.05868530273438,518.6346435546875,87.24768829345703,95.05085754394531
2025-04-11,20.445343017578125,23.674968719482422,25.23395538330078,34.630001068115234,194.4930877685547,29.940963745117188,161.85108947753906,133.15554809570312,527.8885498046875,88.58663177490234,96.2339859008789
2025-04-14,20.464853286743164,23.571008682250977,25.23395538330078,34.540000915527344,196.2191925048828,30.06904411315918,163.23739624023438,136.0990447998047,533.009765625,89.69913482666016,97.42689514160156
2025-04-15,20.338045120239258,23.68442153930664,25.14828872680664,34.400001525878906,197.31039428710938,30.16756820678711,162.83139038085938,135.5378875732422,531.5169067382812,89.44315338134766,97.32911682128906
2025-04-16,20.552642822265625,23.769479751586914,25.024545669555664,34.41999816894531,193.14395141601562,30.088748931884766,159.43495178222656,133.80526733398438,519.702392578125,88.43894958496094,95.91131591796875
2025-04-17,20.31853675842285,23.750579833984375,24.96743392944336,34.459999084472656,193.7887725830078,30.20697593688965,159.85084533691406,134.62237548828125,520.44384765625,88.64570617675781,96.45887756347656
2025-04-21,20.601415634155273,23.731678009033203,24.98647117614746,34.40999984741211,188.4219970703125,30.039487838745117,156.3157501220703,131.9151611328125,508.0558776855469,86.83419036865234,94.7770767211914
2025-04-22,20.50387191772461,23.892345428466797,24.96743392944336,34.54999923706055,194.2053985595703,30.315349578857422,160.18751525878906,135.17364501953125,521.2743530273438,88.63584899902344,96.83043670654297
2025-04-23,20.09418487548828,23.863990783691406,24.98647117614746,34.310001373291016,198.72897338867188,30.44342803955078,162.06890869140625,136.82749938964844,529.3516845703125,88.97059631347656,98.25801086425781
2025-04-24,19.6259708404541,23.939599990844727,24.85321044921875,34.38999938964844,203.18307495117188,30.650327682495117,165.18812561035156,139.42645263671875,540.4940185546875,89.50223541259766,99.79314422607422
2025-04-25,19.547935485839844,24.05301284790039,24.80561637878418,34.529998779296875,205.1373291015625,30.689735412597656,166.08920288085938,139.03265380859375,544.3992309570312,89.40377044677734,99.26512908935547
2025-04-28,19.48940658569336,23.93014907836914,25.0531005859375,34.56999969482422,206.0995635986328,30.71929168701172,166.2377471923828,139.80052185058594,544.6068725585938,89.73851013183594,99.81270599365234
2025-04-29,19.59670639038086,23.863990783691406,25.157806396484375,34.560001373291016,207.63719177246094,30.788257598876953,167.2378692626953,140.33213806152344,548.0375366210938,90.43751525878906,100.11580657958984
2025-04-30,19.76253318786621,23.873441696166992,25.0531005859375,34.54999923706055,207.95465087890625,30.768552780151367,167.71316528320312,140.4600830078125,548.2550659179688,91.10698699951172,100.28203582763672
2025-05-01,19.450389862060547,23.712772369384766,24.938879013061523,34.529998779296875,209.82952880859375,30.788257598876953,167.75277709960938,140.46995544433594,552.1405029296875,90.48674774169922,100.38959503173828
2025-05-02,19.24554443359375,23.68442153930664,25.138769149780273,34.619998931884766,214.6506805419922,31.005006790161133,170.59469604492188,142.76370239257812,560.3365478515625,91.39249420166016,102.13005065917969
2025-05-05,19.29431915283203,23.74112892150879,25.18636131286621,34.65999984741211,214.3134002685547,30.995153427124023,170.02037048339844,142.39944458007812,557.1234130859375,91.31373596191406,101.73894500732422
2025-05-06,19.48940658569336,23.986854553222656,25.18636131286621,34.7400016784668,212.35914611816406,30.955745697021484,168.36669921875,141.5528106689453,552.4667358398438,90.91992950439453,101.18161010742188
2025-05-07,19.5089168548584,23.901796340942383,25.17684555053711,34.709999084472656,213.95626831054688,30.965599060058594,169.2975311279297,142.40928649902344,554.7901611328125,91.38265991210938,101.61182403564453
2025-05-08,19.26505470275879,23.81673812866211,25.0340633392334,34.7400016784668,215.90061950683594,30.995153427124023,169.79261779785156,143.37405395507812,558.6558227539062,90.96915435791016,102.66783905029297
2025-05-09,19.12849235534668,23.920698165893555,25.043582916259766,34.75,215.47406005859375,31.02471160888672,169.24801635742188,143.5906219482422,557.9440307617188,90.70333099365234,102.73628234863281
2025-05-12,18.474943161010742,23.797834396362305,24.815134048461914,34.63999938964844,221.4657745361328,31.073972702026367,174.61497497558594,147.40042114257812,576.3826904296875,91.40234375,105.65987396240234
2025-05-13,18.16280174255371,23.81673812866211,24.796096801757812,34.630001068115234,225.6520538330078,31.40894889831543,174.9219512939453,148.02061462402344,580.18896484375,90.73287963867188,105.9043197631836
2025-05-14,18.123783111572266,23.750579833984375,24.80561637878418,34.54999923706055,226.67381286621094,31.35968780517578,174.9912567138672,147.2527618408203,580.9304809570312,90.06340789794922,105.00475311279297
2025-05-15,18.484699249267578,23.8450870513916,24.796096801757812,34.560001373291016,227.1103057861328,31.4483585357666,176.18943786621094,148.5817413330078,583.7679443359375,91.63862609863281,106.40299987792969
2025-05-16,18.533470153808594,23.80728530883789,24.748504638671875,34.63999938964844,228.82647705078125,31.527175903320312,177.38758850097656,149.91075134277344,587.465576171875,92.51484680175781,107.11679077148438
2025-05-19,18.621259689331055,23.835636138916016,24.89128303527832,34.630001068115234,229.35223388671875,31.527175903320312,177.9123992919922,149.8615264892578,588.108154296875,92.92833709716797,107.03855895996094
2025-05-20,18.71880531311035,23.88289451599121,25.024545669555664,34.84000015258789,228.48919677734375,31.497617721557617,177.20936584472656,149.41851806640625,586.130859375,92.7806625366211,106.8429946899414
2025-05-21,18.96266746520996,23.85453987121582,25.167325973510742,34.869998931884766,224.32278442382812,31.330129623413086,174.3971405029297,146.30767822265625,576.2540893554688,91.55986785888672,104.62342071533203
2025-05-22,18.884632110595703,23.80728530883789,25.18636131286621,34.84000015258789,224.45172119140625,31.320280075073242,174.10008239746094,145.99267578125,576.4815063476562,91.12667083740234,104.11497497558594
2025-05-23,18.874876022338867,23.939599990844727,25.310104370117188,34.91999816894531,223.92596435546875,31.290721893310547,172.30776977539062,145.4610595703125,572.5465698242188,90.98884582519531,103.6456298828125
2025-05-27,18.60175132751465,23.873441696166992,25.138769149780273,34.939998626708984,228.73721313476562,31.497617721557617,175.8428497314453,147.9517059326172,584.4501953125,91.9044418334961,105.36654663085938
2025-05-28,18.68954086303711,23.835636138916016,25.129249572753906,34.880001068115234,228.2808837890625,31.339982986450195,174.66448974609375,146.6719512939453,581.06884765625,91.21528625488281,104.51586151123047
2025-05-29,18.552980422973633,23.873441696166992,25.157806396484375,34.93000030517578,228.4792938232422,31.369539260864258,175.1595916748047,147.23306274414062,583.3626098632812,91.53032684326172,104.64297485351562
2025-05-30,18.777332305908203,23.835636138916016,25.18636131286621,34.900001525878906,229.68954467773438,31.35968780517578,175.3279266357422,147.3610382080078,582.7100830078125,92.06197357177734,104.6136474609375
2025-06-02,18.543224334716797,23.97740364074707,25.433847427368164,34.9900016784668,231.63385009765625,31.35968780517578,176.1102294921875,147.3708953857422,585.992431640625,92.21949005126953,104.68207550048828
2025-06-03,18.367645263671875,23.911245346069336,25.291067123413086,34.95000076293945,232.42747497558594,31.418800354003906,177.20936584472656,148.68020629882812,589.3341064453125,92.22933197021484,105.95321655273438
2025-06-04,18.260345458984375,24.034109115600586,25.252994537353516,34.9900016784668,231.85211181640625,31.497617721557617,177.87281799316406,148.3946990966797,589.1759033203125,91.83553314208984,105.70877075195312
2025-06-05,18.367645263671875,23.986854553222656,25.367216110229492,34.97999954223633,229.56057739257812,31.517322540283203,177.4073944091797,148.0009307861328,586.3285522460938,91.66815948486328,105.6109848022461
2025-06-06,18.114028930664062,23.920698165893555,25.224437713623047,34.869998931884766,230.8799285888672,31.596141815185547,178.63526916503906,149.349609375,592.3495483398438,92.29824829101562,106.852783203125
2025-06-09,18.035993576049805,23.93014907836914,25.205398559570312,34.900001525878906,229.6002655029297,31.63555145263672,177.9817352294922,149.30039978027344,592.8834838867188,91.6878433227539,107.3612289428711
2025-06-10,18.045747756958008,23.939599990844727,25.110212326049805,34.93000030517578,229.51097106933594,31.63555145263672,179.3779296875,149.8615264892578,596.2449340820312,91.81584167480469,108.70079803466797
2025-06-11,17.870166778564453,24.08136749267578,24.948394775390625,35.0,230.51290893554688,31.625696182250977,178.80360412597656,149.3102264404297,594.54443359375,91.6287841796875,108.11412048339844
2025-06-12,18.123783111572266,24.2042293548584,25.072139739990234,35.040000915527344,230.43353271484375,31.605995178222656,179.41754150390625,149.67446899414062,596.9073486328125,92.3573226928711,108.30968475341797
2025-06-13,18.367645263671875,24.27984046936035,24.82465362548828,35.0,228.4197540283203,31.458209991455078,176.5360107421875,147.74497985839844,590.2338256835938,91.56971740722656,107.04833221435547
2025-06-16,17.977466583251953,24.22313117980957,24.758024215698242,35.06999969482422,230.33924865722656,31.615846633911133,178.14166259765625,149.2190704345703,595.8494262695312,91.61417388916016,108.36351013183594
2025-06-17,18.065256118774414,24.242033004760742,24.41535186767578,35.02000045776367,228.58973693847656,31.497617721557617,176.4347686767578,147.9741973876953,590.7578125,91.00163269042969,107.32003021240234
2025-06-18,17.792131423950195,24.242033004760742,24.18690299987793,34.970001220703125,228.89788818359375,31.507471084594727,175.2340087890625,148.11251831054688,590.6688232421875,90.66572570800781,107.6744155883789
2025-06-20,17.86041259765625,24.260936737060547,24.139310836791992,34.900001525878906,228.92770385742188,31.4483585357666,174.30116271972656,148.29034423828125,589.2816162109375,90.69536590576172,107.95989227294922
2025-06-23,17.86041259765625,24.242033004760742,24.577167510986328,34.900001525878906,232.8342742919922,31.566585540771484,176.24624633789062,149.60440063476562,595.1022338867188,91.55488586425781,108.84585571289062
2025-06-24,17.558025360107422,24.32709312438965,24.71042823791504,34.97999954223633,235.47845458984375,31.684812545776367,178.24090576171875,151.12594604492188,601.6764526367188,92.02911376953125,110.3126220703125
2025-06-25,17.49949836730957,24.345996856689453,24.815134048461914,35.02000045776367,233.79852294921875,31.655256271362305,178.0027313232422,149.96995544433594,602.0136108398438,91.23873901367188,109.67276763916016
2025-06-26,17.28489875793457,24.468860626220703,25.005508422851562,35.099998474121094,235.717041015625,31.79318618774414,178.9951171875,151.0765380859375,606.7236938476562,91.58452606201172,110.6670150756836
2025-06-27,17.177600860595703,24.45078468322754,24.929359436035156,35.20000076293945,236.29356384277344,31.812891006469727,180.205810546875,151.75827026367188,609.7380981445312,91.89080810546875,110.84420776367188
2025-06-30,17.265392303466797,24.479324340820312,25.104501724243164,35.27000045776367,238.8880157470703,31.84244728088379,181.4264373779297,152.68699645996094,612.6533813476562,92.74046325683594,111.4447021484375
2025-07-01,17.49949836730957,24.49835205078125,25.138769149780273,35.189998626708984,235.39891052246094,31.832595825195312,182.03179931640625,153.92198181152344,612.455078125,93.13563537597656,113.0886459350586
2025-07-02,17.128828048706055,24.564950942993164,25.291067123413086,35.22999954223633,235.48837280273438,31.921266555786133,182.5379180908203,154.6728973388672,615.2315063476562,92.25634765625,113.38397979736328
2025-07-03,17.031282424926758,24.51738166809082,25.072139739990234,35.33000183105469,237.9436492919922,31.990232467651367,183.56005859375,155.2657012939453,620.0803833007812,93.02696228027344,113.99431610107422
2025-07-07,17.089811325073242,24.44127082824707,25.0531005859375,35.11000061035156,237.1484375,31.911413192749023,182.20050048828125,153.94175720214844,615.4595947265625,92.7108154296875,112.63582611083984
2025-07-08,16.89472198486328,24.460294723510742,25.405292510986328,35.16999816894531,235.02117919921875,31.93111801147461,182.40890502929688,154.2085418701172,615.1224365234375,92.42430114746094,113.48241424560547
2025-07-09,16.738649368286133,24.50786781311035,25.367216110229492,35.29999923706055,236.47247314453125,32.039493560791016,183.53028869628906,154.85072326660156,618.8110961914062,92.60214233398438,113.6202392578125
2025-07-10,16.56307029724121,24.469810485839844,25.414810180664062,35.310001373291016,236.19415283203125,32.06904983520508,183.5203399658203,155.4534149169922,620.5563354492188,92.32550048828125,114.22073364257812
2025-07-11,16.670368194580078,24.49835205078125,25.605182647705078,35.209999084472656,234.84225463867188,31.990232467651367,182.45852661132812,153.98129272460938,618.3748168945312,91.6240463256836,113.2855453491211
2025-07-14,16.582578659057617,24.460294723510742,25.39101219177246,35.33000183105469,237.7846221923828,32.029640197753906,182.49819946289062,154.64324951171875,619.5547485351562,92.11803436279297,113.18709564208984
2025-07-15,16.69963264465332,24.35564422607422,25.50999641418457,35.20000076293945,235.81642150878906,31.97052764892578,181.2279510498047,152.53878784179688,616.9072875976562,91.07078552246094,111.72032928466797
2025-07-16,16.602088928222656,24.460294723510742,25.34817886352539,35.22999954223633,236.74087524414062,32.039493560791016,181.982177734375,153.1809844970703,618.9697265625,91.6833267211914,111.58251953125
2025-07-17,16.289945602416992,24.460294723510742,25.500478744506836,35.220001220703125,237.84426879882812,32.10845947265625,183.0737762451172,154.4752960205078,622.757568359375,91.91056060791016,112.21253967285156
2025-07-18,16.270437240600586,24.526893615722656,25.433847427368164,35.290000915527344,237.6454620361328,32.07890319824219,182.62722778320312,154.7222900390625,622.301513671875,91.8315200805664,112.1928482055664
2025-07-21,16.250926971435547,24.622034072875977,25.567110061645508,35.369998931884766,238.12258911132812,32.1281623840332,183.0142364501953,154.17889404296875,623.4815063476562,91.85128021240234,112.25190734863281
2025-07-22,16.543560028076172,24.679119110107422,25.605182647705078,35.33000183105469,236.1444549560547,32.14786911010742,183.42111206054688,155.87826538085938,623.5707397460938,92.67129516601562,113.06897735595703
2025-07-23,16.211910247802734,24.736202239990234,25.957374572753906,35.310001373291016,238.92774963378906,32.24638748168945,184.83030700683594,157.02435302734375,628.8757934570312,92.83924865722656,114.69324493408203
2025-07-24,16.358226776123047,24.68863296508789,25.78603744506836,35.369998931884766,238.1723175048828,32.167572021484375,184.73106384277344,156.65879821777344,629.083984375,92.86888885498047,113.73836517333984
2025-07-25,16.133874893188477,24.669605255126953,25.747962951660156,35.43000030517578,239.8522186279297,32.19712829589844,185.46542358398438,157.46896362304688,631.7413940429688,93.11587524414062,113.8072738647461
2025-07-28,16.007064819335938,24.564950942993164,25.53855323791504,35.2400016784668,239.3054962158203,32.18727493286133,185.3562469482422,156.73782348632812,631.582763671875,92.29586029052734,113.31507110595703
2025-07-29,16.026575088500977,24.545921325683594,25.452884674072266,35.540000915527344,239.25579833984375,32.167572021484375,184.61196899414062,156.56985473632812,629.9169311523438,92.65153503417969,113.00990295410156
2025-07-30,16.03632926940918,24.384185791015625,25.024545669555664,35.43000030517578,239.91188049316406,32.1281623840332,183.86767578125,155.50282287597656,629.1236572265625,92.2168197631836,112.5177001953125
2025-07-31,16.06559181213379,24.365158081054688,24.89128303527832,35.36000061035156,239.8522186279297,32.05919647216797,182.71653747558594,154.27767944335938,626.763671875,91.49560546875,111.18875122070312
2025-08-01,16.436262130737305,24.193906784057617,24.79990577697754,35.400001525878906,237.357177734375,32.04934310913086,180.940185546875,152.52890014648438,616.4907836914062,91.22886657714844,109.81058502197266
2025-08-04,16.06559181213379,24.37467384338379,24.929359436035156,35.5099983215332,240.89596557617188,32.08875274658203,184.03639221191406,154.68275451660156,625.8612670898438,92.24646759033203,110.93280792236328
2025-08-05,16.124120712280273,24.365158081054688,24.943635940551758,35.4900016784668,239.6931915283203,32.06904983520508,182.47837829589844,154.60372924804688,622.688232421875,91.45609283447266,111.27735137939453
2025-08-06,16.182645797729492,24.39369773864746,24.929359436035156,35.4900016784668,242.605712890625,32.10845947265625,183.9768524169922,154.63336181640625,627.457763671875,91.9599609375,111.31673431396484
2025-08-07,16.36798095703125,24.49835205078125,25.0531005859375,35.5099983215332,242.41685485839844,32.18727493286133,182.71653747558594,153.6651153564453,626.9321899414062,91.47584533691406,111.47422790527344
2025-08-08,16.241172790527344,24.49835205078125,25.129249572753906,35.529998779296875,244.19618225097656,32.18727493286133,184.23486328125,153.50704956054688,631.82080078125,91.72283935546875,112.65552520751953
2025-08-11,16.387489318847656,24.469810485839844,24.929359436035156,35.52000045776367,244.23594665527344,32.19712829589844,183.88754272460938,152.73638916015625,630.5713500976562,91.5252456665039,112.55706787109375
2025-08-12,15.841239929199219,24.66008949279785,25.252994537353516,35.70000076293945,246.38307189941406,32.37446975708008,185.8028106689453,155.0186767578125,637.2844848632812,91.71296691894531,114.69324493408203
2025-08-13,15.9387845993042,24.793283462524414,25.08165740966797,35.790000915527344,244.7926025390625,32.463138580322266,187.26161193847656,156.92555236816406,639.4659423828125,92.44406127929688,115.89422607421875
2025-08-14,16.075345993041992,24.707660675048828,25.2786922454834,35.709999084472656,244.49441528320312,32.40402603149414,187.17230224609375,155.78933715820312,639.5254516601562,92.12792205810547,116.08125305175781
2025-08-15,16.26068115234375,24.66008949279785,25.39577293395996,35.630001068115234,243.4009552001953,32.37446975708008,186.67611694335938,155.18666076660156,638.0281372070312,92.39466094970703,115.12637329101562
2025-08-18,16.007064819335938,24.698144912719727,25.462404251098633,35.91999816894531,243.38107299804688,32.4335823059082,186.6662139892578,155.00881958007812,637.8892822265625,92.34526062011719,115.40201568603516
2025-08-19,16.50454330444336,24.564950942993164,25.529033660888672,35.68000030517578,240.66734313964844,32.36461639404297,186.12039184570312,156.10549926757812,634.4286499023438,92.96768188476562,116.03203582763672
2025-08-20,16.689878463745117,24.536409378051758,25.452884674072266,35.65999984741211,241.41287231445312,32.38431930541992,185.7234344482422,155.93756103515625,632.742919921875,93.44190979003906,115.21498107910156
2025-08-21,16.689878463745117,24.536409378051758,25.481441497802734,35.61000061035156,240.09080505371094,32.35476303100586,185.137939453125,155.4138946533203,630.2044677734375,93.19491577148438,114.94918060302734
2025-08-22,16.133874893188477,24.888423919677734,25.567110061645508,35.689998626708984,242.20809936523438,32.640480041503906,187.926513671875,158.41744995117188,639.8823852539062,93.40239715576172,117.56771087646484
2025-08-25,16.104610443115234,24.774259567260742,25.50999641418457,35.599998474121094,241.3929901123047,32.55181121826172,186.9738311767578,157.16268920898438,637.0662231445312,92.55274200439453,117.0853500366211
2025-08-26,15.909520149230957,24.745716094970703,25.500478744506836,35.720001220703125,243.7091064453125,32.57151412963867,187.61886596679688,157.38992309570312,639.733642578125,92.54285430908203,117.29207611083984
2025-08-27,15.948539733886719,24.736202239990234,25.53855323791504,35.790000915527344,243.31149291992188,32.61091995239258,187.90667724609375,158.05189514160156,641.1912841796875,92.92815399169922,117.93194580078125
2025-08-28,15.607132911682129,24.821826934814453,25.357698440551758,35.79999923706055,244.85226440429688,32.62077713012695,188.2440948486328,158.3087615966797,643.4619750976562,92.89852142333984,118.20758056640625
2025-08-29,15.968049049377441,24.68863296508789,25.4433650970459,35.79999923706055,242.27769470214844,32.541954040527344,187.50970458984375,157.9036865234375,639.6245727539062,93.12576293945312,117.81381225585938
2025-09-02,16.026575088500977,24.755229949951172,25.643259048461914,35.79999923706055,241.04507446289062,32.5321044921875,186.179931640625,156.81686401367188,634.884765625,92.88864135742188,117.21331787109375
2025-09-03,15.958293914794922,24.850370407104492,25.65277671813965,35.560001373291016,241.2239990234375,32.52225112915039,187.23184204101562,156.43154907226562,638.3256225585938,92.92815399169922,116.86878204345703
2025-09-04,15.733940124511719,25.002592086791992,25.542360305786133,35.560001373291016,243.48046875,32.59122085571289,188.8791961669922,157.76535034179688,643.6602783203125,93.07636260986328,118.11898040771484
2025-09-05,15.694923400878906,25.08821678161621,25.55759048461914,35.689998626708984,242.84429931640625,32.65032958984375,187.7776641845703,157.8048858642578,641.796142578125,92.85900115966797,118.54226684570312
2025-09-08,15.802223205566406,25.297523498535156,25.605182647705078,35.65999984741211,245.01129150390625,32.758705139160156,188.26393127441406,158.05189514160156,643.3727416992188,92.93804168701172,118.06976318359375
2025-09-09,15.772958755493164,25.32606315612793,25.586145401000977,35.619998931884766,246.95960998535156,32.768558502197266,188.55172729492188,157.76535034179688,644.8601684570312,93.10599517822266,118.20758056640625
2025-09-10,15.509588241577148,25.44974708557129,25.53855323791504,35.61000061035156,252.85427856445312,32.85722732543945,188.125,157.53810119628906,646.724365234375,92.61201477050781,118.51274108886719
2025-09-11,15.519342422485352,25.640026092529297,25.524274826049805,35.68000030517578,252.4467315673828,33.00501251220703,190.10975646972656,159.84017944335938,652.0988159179688,93.7679443359375,120.35358428955078
2025-09-12,15.577869415283203,25.630512237548828,25.65277671813965,35.599998474121094,252.00936889648438,32.99516296386719,189.35552978515625,158.65457153320312,651.8805541992188,93.00719451904297,119.75308990478516
2025-09-15,15.412043571472168,25.83981704711914,25.681331634521484,35.66999816894531,253.10279846191406,33.073978424072266,189.98072814941406,158.4866180419922,655.3511352539062,92.72068786621094,119.82200622558594
2025-09-16,15.324254035949707,25.792247772216797,25.72797393798828,35.70000076293945,252.489013671875,33.05427169799805,189.80067443847656,158.1344757080078,654.4487915039062,92.33586883544922,119.86158752441406
2025-09-17,15.431551933288574,25.75419044494629,25.71940803527832,35.619998931884766,252.2100067138672,33.05427169799805,190.29808044433594,158.104736328125,653.6357421875,92.79209899902344,120.25749969482422
2025-09-18,15.109655380249023,25.830303192138672,25.747962951660156,36.0099983215332,253.76438903808594,33.1429443359375,191.0242919921875,159.5231170654297,656.6898803710938,92.92103576660156,122.72203826904297
2025-09-19,15.168182373046875,25.83981704711914,25.728925704956055,35.720001220703125,255.88674926757812,33.15279769897461,191.71072387695312,158.98748779296875,659.9423217773438,93.0698013305664,121.83123779296875
2025-09-22,15.01211166381836,25.944469451904297,25.91929817199707,35.849998474121094,256.7635803222656,33.18235397338867,192.77517700195312,159.4040985107422,663.0645751953125,93.16898345947266,121.79165649414062
2025-09-23,15.070637702941895,25.973011016845703,25.94785499572754,36.0,255.8668212890625,33.1429443359375,191.86988830566406,159.2552947998047,659.4551391601562,93.3673324584961,122.20735168457031
2025-09-24,15.363271713256836,25.934955596923828,25.633739471435547,35.97999954223633,254.2327117919922,33.073978424072266,191.20335388183594,158.74945068359375,657.3569946289062,93.38717651367188,122.33602142333984
2025-09-25,15.343762397766113,25.92544174194336,25.567110061645508,35.790000915527344,252.67831420898438,33.024715423583984,190.30804443359375,157.28147888183594,654.3242797851562,92.84169006347656,122.08858489990234
2025-09-26,15.421798706054688,25.982524871826172,25.69085121154785,35.849998474121094,253.74449157714844,33.06412887573242,191.60130310058594,158.5510711669922,658.072998046875,93.7640609741211,123.3554916381836
2025-09-29,15.382781028747559,26.08867835998535,25.65277671813965,35.77000045776367,254.720947265625,33.10353469848633,192.35736083984375,158.71969604492188,659.9224243164062,93.94258117675781,123.5732421875
2025-09-30,15.529097557067871,26.117368698120117,25.633739471435547,35.900001525878906,255.52804565429688,33.13309097290039,193.49143981933594,159.47352600097656,662.4082641601562,94.359130859375,123.77120208740234
2025-10-01,15.275481224060059,26.213001251220703,25.529033660888672,35.869998931884766,254.98001098632812,33.16264724731445,194.82447814941406,159.7413330078125,664.6654052734375,94.1905288696289,125.51319885253906
2025-10-02,15.265726089477539,26.25125503540039,25.367216110229492,35.90999984741211,254.8903350830078,33.221763610839844,195.341796875,160.27694702148438,665.4309692382812,94.05168151855469,125.64187622070312
2025-10-03,15.265726089477539,26.356449127197266,25.433847427368164,35.970001220703125,253.35589599609375,33.221763610839844,195.4512176513672,160.7232666015625,665.421142578125,94.36904907226562,126.10707092285156
2025-10-06,15.177937507629395,26.872867584228516,25.567110061645508,35.97999954223633,253.2960968017578,33.320281982421875,195.78945922851562,160.76295471191406,667.8074951171875,94.29962158203125,125.90911102294922
2025-10-07,15.22670841217041,26.93025016784668,25.567110061645508,35.83000183105469,253.58505249023438,33.2414665222168,194.79464721679688,159.85043334960938,665.3316040039062,94.45831298828125,124.91934204101562
2025-10-08,15.031620025634766,27.274526596069336,25.576627731323242,35.81999969482422,254.9999542236328,33.31043243408203,195.6700897216797,160.44554138183594,669.2990112304688,94.6467514038086,125.63197326660156
2025-10-09,15.080391883850098,26.958938598632812,25.605182647705078,35.72999954223633,255.11953735351562,33.2414665222168,194.75486755371094,159.45367431640625,667.3600463867188,94.10126495361328,124.55311584472656
2025-10-10,15.568115234375,25.993045806884766,25.70037078857422,35.72999954223633,249.0713348388672,32.85722732543945,190.01953125,155.4663543701172,649.32275390625,93.21856689453125,121.03942108154297
2025-10-13,15.138919830322266,26.748544692993164,25.862186431884766,35.81999969482422,253.82420349121094,33.18235397338867,191.8798370361328,157.14260864257812,659.2860107421875,93.50618743896484,122.84081268310547
2025-10-14,15.168182373046875,26.786800384521484,25.814594268798828,35.7599983215332,253.20640563964844,33.202056884765625,192.02906799316406,158.70977783203125,658.4805908203125,93.92274475097656,123.78108978271484
2025-10-15,14.982847213745117,26.968502044677734,25.85266876220703,35.7599983215332,253.94375610351562,33.31043243408203,192.70555114746094,159.0767822265625,661.4039306640625,93.47643280029297,125.07770538330078
2025-10-16,15.041374206542969,27.140640258789062,25.914539337158203,35.70000076293945,251.98085021972656,33.26116943359375,191.2928924560547,157.34100341796875,656.8995971679688,92.5639877319336,124.03843688964844
2025-10-17,15.216955184936523,26.987628936767578,25.866945266723633,35.83000183105469,251.89117431640625,33.2414665222168,192.45684814453125,158.2237548828125,660.62841796875,93.2879867553711,124.59270477294922
2025-10-20,15.129164695739746,27.44666862487793,25.776519775390625,35.790000915527344,253.30606079101562,33.399105072021484,194.59568786621094,160.41578674316406,667.499267578125,93.8434066772461,125.94869995117188
2025-10-21,15.031620025634766,27.188459396362305,25.62421989440918,35.83000183105469,252.6584014892578,33.339988708496094,195.1129913330078,160.64393615722656,667.4893188476562,93.95249938964844,127.13642883300781
2025-10-22,15.314498901367188,27.11195182800293,25.567110061645508,35.779998779296875,250.01791381835938,33.26116943359375,193.83963012695312,159.41400146484375,664.0191040039062,93.90290069580078,126.11695861816406
2025-10-23,14.934075355529785,27.140640258789062,25.55759048461914,35.83000183105469,252.0505828857422,33.339988708496094,195.07318115234375,160.3463592529297,667.9566650390625,93.65496063232422,126.92858123779297
2025-10-24,14.67070484161377,27.255401611328125,25.65277671813965,35.900001525878906,254.58145141601562,33.46806716918945,195.83920288085938,161.13987731933594,673.4155883789062,93.72438049316406,128.5023193359375
2025-10-27,14.4463529586792,27.322343826293945,25.71940803527832,35.849998474121094,256.9927673339844,33.52717971801758,198.1471710205078,162.03256225585938,681.3603515625,94.1508560180664,129.5415802001953
2025-10-28,14.43659782409668,27.23627281188965,25.614702224731445,35.83000183105469,257.02264404296875,33.458213806152344,198.09744262695312,160.60426330566406,683.1700439453125,93.45660400390625,129.45248413085938
2025-10-29,14.212244987487793,27.140640258789062,25.53855323791504,35.810001373291016,257.0923767089844,33.4483642578125,197.29164123535156,159.20570373535156,683.4982299804688,92.2763671875,128.96751403808594
2025-10-30,14.358562469482422,27.169330596923828,25.471921920776367,35.7599983215332,252.64842224121094,33.369544982910156,195.68002319335938,158.28326416015625,675.9810180664062,92.47472381591797,128.24497985839844
2025-10-31,14.30003547668457,27.131078720092773,25.424327850341797,35.79999923706055,253.30606079101562,33.35969543457031,195.2821044921875,159.28504943847656,678.1983032226562,92.41521453857422,129.07638549804688
2025-11-03,14.241509437561035,27.17889404296875,25.17684555053711,35.810001373291016,252.60858154296875,33.379398345947266,195.00355529785156,158.8883056640625,679.4711303710938,91.9887466430664,129.23475646972656
2025-11-04,14.778003692626953,26.815488815307617,25.067378997802734,35.83000183105469,248.3140869140625,33.16264724731445,193.51133728027344,157.52944946289062,671.4169921875,92.05817413330078,126.9582748413086
2025-11-05,14.53414249420166,26.958938598632812,25.060714721679688,35.810001373291016,249.2506866455078,33.33013916015625,194.27734375,158.47174072265625,673.7437133789062,92.18710327148438,128.84872436523438
2025-11-06,14.67070484161377,26.844179153442383,25.220630645751953,35.689998626708984,246.04225158691406,33.1429443359375,192.267822265625,157.39056396484375,666.514892578125,91.58211517333984,128.08660888671875
2025-11-07,14.826776504516602,26.920684814453125,25.272029876708984,35.7599983215332,247.2877655029297,33.18235397338867,192.20814514160156,158.44198608398438,667.1710815429688,92.22677612304688,128.94772338867188
2025-11-10,14.465861320495605,27.226709365844727,25.359601974487305,35.81999969482422,251.71180725097656,33.40895462036133,194.8941192626953,159.7214813232422,677.5818481445312,92.62348937988281,130.12554931640625
2025-11-11,14.719477653503418,27.39885139465332,25.50999641418457,35.84000015258789,250.8648681640625,33.41880416870117,195.50096130371094,160.23727416992188,679.1329956054688,93.52603149414062,130.12554931640625
2025-11-12,14.690214157104492,27.64749526977539,25.433847427368164,35.810001373291016,250.68551635742188,33.379398345947266,195.98841857910156,159.23545837402344,679.5109252929688,93.78388977050781,131.3132781982422
2025-11-13,15.168182373046875,27.35103416442871,25.357698440551758,35.72999954223633,244.90635681152344,33.083831787109375,193.89932250976562,158.00555419921875,668.235107421875,93.33758544921875,129.40301513671875
2025-11-14,15.080391883850098,27.169330596923828,25.310104370117188,35.650001525878906,245.18536376953125,33.05427169799805,193.3720703125,157.58895874023438,668.1256713867188,93.42684173583984,129.32383728027344
2025-11-17,15.304744720458984,27.11195182800293,25.26251220703125,35.66999816894531,242.485107421875,32.916343688964844,191.32275390625,155.3770751953125,661.901123046875,92.94086456298828,127.0869369506836
2025-11-18,15.275481224060059,27.092824935913086,25.34817886352539,35.709999084472656,241.16983032226562,32.876930236816406,190.07923889160156,155.19854736328125,656.3427734375,92.89128112792969,126.71083068847656
2025-11-19,15.070637702941895,27.255401611328125,25.19112205505371,35.689998626708984,242.07656860351562,32.88678741455078,190.75570678710938,154.8414764404297,658.8783569335938,92.41521453857422,126.51287078857422
2025-11-20,15.421798706054688,27.264965057373047,25.173988342285156,35.56999969482422,237.164306640625,32.62077713012695,188.3780975341797,152.7882843017578,648.8355712890625,91.8697280883789,123.39508819580078
2025-11-21,15.353516578674316,27.226709365844727,25.128299713134766,35.790000915527344,236.9749755859375,32.7390022277832,190.98451232910156,155.31756591796875,655.2987670898438,92.93094635009766,126.08727264404297
2025-11-24,14.90481185913086,27.44666862487793,25.129249572753906,35.790000915527344,241.4289093017578,32.9360466003418,192.67568969726562,155.8035888671875,664.9437866210938,92.84169006347656,127.65110778808594
2025-11-25,14.787757873535156,27.51361083984375,25.26251220703125,35.810001373291016,243.33204650878906,33.06412887573242,194.9737091064453,158.98748779296875,671.1982421875,93.88307189941406,129.50198364257812
2025-11-26,14.53414249420166,27.666624069213867,25.38149642944336,35.83000183105469,246.78956604003906,33.221763610839844,196.31671142578125,159.6421356201172,675.8318481445312,94.14093017578125,130.69961547851562
2025-11-28,14.514634132385254,27.64749526977539,25.424327850341797,35.849998474121094,249.35032653808594,33.33013916015625,197.05287170410156,160.5348358154297,679.5208129882812,94.54756927490234,132.3030548095703
2025-12-01,14.514634132385254,27.41797637939453,25.338661193847656,35.790000915527344,246.75967407226562,33.221763610839844,196.64500427246094,159.5330352783203,676.41845703125,93.78388977050781,131.87744140625
2025-12-02,14.504878997802734,27.494482040405273,25.28154945373535,35.79999923706055,247.91551208496094,33.27102279663086,197.4010467529297,159.6520538330078,677.67138671875,93.51610565185547,132.65936279296875
2025-12-03,14.251262664794922,27.51361083984375,25.400531768798828,35.81999969482422,248.90194702148438,33.339988708496094,198.0874786376953,162.1515655517578,680.0180053710938,93.81364440917969,133.9856719970703
2025-12-04,14.192736625671387,27.40841293334961,25.319623947143555,35.790000915527344,250.6954803466797,33.34983825683594,198.2466583251953,161.20928955078125,680.51513671875,93.73430633544922,133.33241271972656
2025-12-05,14.202491760253906,27.427539825439453,25.224437713623047,35.849998474121094,251.8811798095703,33.38924789428711,198.72415161132812,161.3977508544922,681.8078002929688,93.80372619628906,133.92626953125
2025-12-08,14.085436820983887,27.40841293334961,25.367216110229492,35.72999954223633,252.46908569335938,33.379398345947266,197.52044677734375,160.52490234375,679.7594604492188,93.11939239501953,133.90647888183594
2025-12-09,14.017156600952148,27.57098960876465,25.4433650970459,35.83000183105469,252.58865356445312,33.41880416870117,197.38116455078125,160.21742248535156,679.1727905273438,92.89128112792969,134.1044464111328
2025-12-10,13.822067260742188,27.676185607910156,25.481441497802734,35.95000076293945,254.9999542236328,33.5468864440918,198.3063507080078,162.4094696044922,683.6771850585938,93.08963775634766,136.85601806640625
2025-12-11,13.783049583435059,27.762256622314453,25.709888458251953,36.08000183105469,255.13943481445312,33.615848541259766,199.96768188476562,163.52037048339844,685.26806640625,93.87316131591797,137.162841796875
2025-12-12,14.231754302978516,27.70487403869629,25.628978729248047,35.91999816894531,248.5631866455078,33.43851089477539,198.4754638671875,162.23092651367188,677.9000854492188,93.85330963134766,135.38124084472656
2025-12-15,14.309789657592773,27.666624069213867,25.67181396484375,35.93000030517578,247.44720458984375,33.379398345947266,198.65452575683594,162.1118927001953,676.8758544921875,93.9921646118164,135.56930541992188
2025-12-16,14.270771980285645,27.58055305480957,25.686092376708984,36.0,247.48817443847656,33.35969543457031,197.76742553710938,161.2499542236328,675.0264282226562,93.31594848632812,134.5766143798828
2025-12-17,14.641441345214844,27.63793182373047,25.70037078857422,36.0099983215332,241.66339111328125,33.251319885253906,195.9413299560547,161.60867309570312,667.5986938476562,93.38565826416016,133.46142578125
2025-12-18,14.40733528137207,27.676185607910156,25.871706008911133,35.97999954223633,245.84963989257812,33.379398345947266,197.34832763671875,161.36952209472656,672.6399536132812,93.46533203125,134.54673767089844
2025-12-19,14.222000122070312,28.020463943481445,25.767000198364258,35.959999084472656,251.02499389648438,33.53703308105469,198.41603088378906,161.83787536621094,678.7363891601562,93.7342300415039,136.00042724609375
2025-12-22,14.124454498291016,28.125661849975586,25.989999771118164,35.900001525878906,253.16307067871094,33.57644271850586,199.44383239746094,163.50198364257812,682.96484375,94.34173583984375,136.99610900878906
2025-12-23,14.163473129272461,28.183040618896484,25.954999923706055,35.88999938964844,254.09225463867188,33.615848541259766,199.7332305908203,162.7147674560547,686.0863037109375,94.36164855957031,136.67750549316406
2025-12-24,14.173227310180664,28.15435028076172,25.906999588012695,35.939998626708984,255.2412109375,33.66511154174805,200.56146240234375,163.55181884765625,688.4996948242188,94.68033599853516,137.60348510742188
2025-12-26,14.10494613647461,28.3360538482666,25.93000030517578,35.939998626708984,254.80160522460938,33.674964904785156,200.6013641357422,163.18310546875,688.4298706054688,94.72016906738281,137.66322326660156
2025-12-29,14.222000122070312,28.001338958740234,25.780000686645508,35.959999084472656,253.2629852294922,33.60599899291992,200.07249450683594,163.15321350097656,685.9765625,94.68033599853516,137.5437469482422
2025-12-30,14.350000381469727,28.029226303100586,25.969999313354492,35.88999938964844,252.5635986328125,33.61000061035156,199.67335510253906,163.2229766845703,685.138916015625,94.56082153320312,137.37448120117188
2025-12-31,14.390000343322754,27.949542999267578,25.950000762939453,35.790000915527344,250.08583068847656,33.5099983215332,198.19650268554688,161.00083923339844,680.062744140625,93.7740707397461,136.13983154296875
2026-01-02,14.050000190734863,28.039188385009766,26.100000381469727,35.869998931884766,252.503662109375,33.7400016784668,198.76528930664062,162.17666625976562,681.309326171875,93.26615905761719,138.74851989746094
2026-01-05,13.899999618530273,28.248361587524414,26.31999969482422,35.91999816894531,254.8915252685547,33.90999984741211,200.75103759765625,163.92050170898438,685.846923828125,93.6147232055664,139.88360595703125
2026-01-06,13.65999984741211,28.328046798706055,26.450000762939453,35.77000045776367,257.87884521484375,34.13999938964844,202.47735595703125,166.2323455810547,689.92578125,94.16246795654297,142.46241760253906
2026-01-07,13.729999542236328,28.21847915649414,26.100000381469727,35.970001220703125,256.2403259277344,33.970001220703125,201.4994354248047,164.5482940673828,687.701904296875,93.79398345947266,141.1182403564453
2026-01-08,13.979999542236328,28.168676376342773,26.209999084472656,35.97999954223633,253.10313415527344,33.9900016784668,201.97842407226562,165.40525817871094,687.632080078125,94.13258361816406,141.70570373535156
2026-01-09,13.859999656677246,28.38780975341797,26.347000122070312,35.900001525878906,256.75982666015625,34.13999938964844,203.6348876953125,166.5811004638672,692.1796264648438,94.2520980834961,143.61741638183594
2026-01-12,13.920000076293945,28.736433029174805,26.510000228881836,35.869998931884766,258.7181091308594,34.220001220703125,203.79454040527344,166.34193420410156,693.2666625976562,94.47119903564453,143.07974243164062
2026-01-13,13.8100004196167,28.696590423583984,26.510000228881836,35.84000015258789,258.6781311035156,34.20000076293945,203.09603881835938,166.18251037597656,691.8804931640625,93.89356994628906,143.04986572265625
2026-01-14,14.010000228881836,28.79619598388672,26.670000076293945,35.97999954223633,255.5009765625,34.22999954223633,202.17799377441406,165.80384826660156,688.479736328125,94.24213409423828,143.06979370117188
2026-01-15,13.920000076293945,28.74639320373535,26.579999923706055,36.0,256.9796447753906,34.31999969482422,203.05612182617188,167.6473388671875,690.3546142578125,94.19234466552734,143.88624572753906
2026-01-16,13.800000190734863,28.596982955932617,26.399999618530273,35.9900016784668,258.14862060546875,34.31999969482422,202.8765106201172,167.0494384765625,689.7761840820312,94.03299713134766,143.8663330078125
2026-01-20,14.0600004196167,28.646787643432617,26.40999984741211,35.91999816894531,252.61355590820312,34.08000183105469,199.1045684814453,164.15966796875,675.7345581054688,93.226318359375,142.22344970703125
2026-01-21,13.859999656677246,29.07509422302246,26.209999084472656,36.099998474121094,255.1712646484375,34.27000045776367,201.53936767578125,166.48146057128906,683.5332641601562,93.95332336425781,145.9473114013672
2026-01-22,13.84000015258789,29.373912811279297,26.360000610351562,36.029998779296875,255.84068298339844,34.38999938964844,202.19796752929688,166.7803955078125,687.103515625,94.3516845703125,146.69407653808594
2026-01-23,14.0600004196167,29.244426727294922,26.31999969482422,36.02000045776367,255.26119995117188,34.38999938964844,202.2478485107422,166.1127471923828,687.352783203125,94.4911117553711,144.42391967773438
2026-01-26,14.15999984741211,29.184659957885742,26.360000610351562,36.119998931884766,256.71990966796875,34.38999938964844,203.2956085205078,166.42166137695312,690.84326171875,95.12848663330078,144.12521362304688
2026-01-27,13.920000076293945,29.752418518066406,26.59000015258789,36.220001220703125,259.9869689941406,34.560001373291016,203.70474243164062,166.29212951660156,693.5957641601562,94.93927001953125,145.47933959960938
2026-01-28,13.920000076293945,29.951629638671875,26.690000534057617,36.130001068115234,259.8570556640625,34.630001068115234,203.83445739746094,165.833740234375,693.5259399414062,94.76997375488281,147.3213653564453
2026-01-29,13.949999809265137,30.07115936279297,26.579999923706055,36.290000915527344,260.8861389160156,34.619998931884766,204.303466796875,165.4451141357422,692.1497192382812,94.29193115234375,147.82916259765625
2026-01-30,14.220000267028809,29.07509422302246,25.959999084472656,36.16999816894531,255.66082763671875,34.290000915527344,201.9884033203125,164.84722900390625,690.0853271484375,94.60066223144531,146.54470825195312
2026-02-02,14.09000015258789,28.95556640625,26.420000076293945,36.08000183105469,258.12860107421875,34.38999938964844,203.2956085205078,165.17605590820312,693.5159912109375,94.98905944824219,148.98414611816406
2026-02-03,14.140000343322754,29.48348045349121,26.670000076293945,36.11000061035156,256.2203369140625,34.45000076293945,200.94064331054688,164.3091278076172,687.6520385742188,94.4911117553711,148.92440795898438
2026-02-04,14.40999984741211,29.56316566467285,26.6200008392334,36.060001373291016,246.82875061035156,34.33000183105469,201.1901092529297,165.52484130859375,684.3211059570312,94.7400894165039,148.48631286621094
2026-02-05,14.529999732971191,29.08505630493164,26.200000762939453,35.93000030517578,243.911376953125,34.119998931884766,198.815185546875,164.10983276367188,675.7744750976562,94.54090881347656,147.51052856445312
2026-02-06,14.100000381469727,30.041275024414062,26.625999450683594,36.209999084472656,253.2629852294922,34.529998779296875,203.20579528808594,167.62741088867188,688.739013671875,95.63639831542969,151.2244415283203
2026-02-09,13.819999694824219,30.499465942382812,26.889999389648438,36.31999969482422,257.199462890625,34.66999816894531,203.594970703125,167.40817260742188,692.0599975585938,95.5069351196289,150.67681884765625
2026-02-10,13.970000267028809,30.399858474731445,26.84000015258789,36.40999984741211,254.83157348632812,34.709999084472656,203.1858367919922,168.64381408691406,690.2349243164062,95.53681182861328,150.1590576171875
2026-02-11,13.920000076293945,30.509424209594727,26.799999237060547,36.290000915527344,254.92149353027344,34.77000045776367,203.35548400878906,168.54415893554688,690.075439453125,95.63639831542969,152.24002075195312
2026-02-12,14.130000114440918,30.041275024414062,26.440000534057617,36.25,249.97592163085938,34.540000915527344,200.31199645996094,165.62449645996094,679.41455078125,94.79984283447266,149.22311401367188
2026-02-13,14.079999923706055,30.260408401489258,26.530000686645508,36.34000015258789,251.25477600097656,34.619998931884766,201.31983947753906,167.29856872558594,679.8931884765625,95.79574584960938,150.9058074951172
2026-02-17,14.0,30.06119728088379,26.530000686645508,36.380001068115234,251.42462158203125,34.59000015258789,201.8087921142578,166.94979858398438,680.9901733398438,95.44717407226562,150.19888305664062
2026-02-18,13.90999984741211,30.42974090576172,26.68000030517578,36.459999084472656,253.2629852294922,34.75,203.05612182617188,168.31497192382812,684.4208374023438,95.63639831542969,151.6426239013672
2026-02-19,13.890000343322754,30.489505767822266,26.68000030517578,36.33000183105469,253.07315063476562,34.7400016784668,202.59710693359375,167.67723083496094,682.61572265625,95.65631866455078,150.72659301757812
2026-02-20,13.850000381469727,30.848087310791016,26.65999984741211,36.52000045776367,254.5518341064453,34.86000061035156,203.95420837402344,168.4943389892578,687.5523071289062,95.79574584960938,151.76210021972656
2026-02-23,14.020000457763672,30.828166961669922,26.770000457763672,36.45000076293945,249.52633666992188,34.689998626708984,201.8287353515625,165.89352416992188,680.531494140625,95.4073486328125,149.59152221679688
2026-02-24,13.829999923706055,30.987537384033203,26.850000381469727,36.34000015258789,251.91419982910156,34.86000061035156,203.53509521484375,167.46795654296875,685.4779052734375,95.99492645263672,150.49757385253906
2026-02-25,13.619999885559082,31.19670867919922,26.860000610351562,36.380001068115234,256.150390625,35.0,205.01194763183594,167.67723083496094,691.26220703125,96.01484680175781,151.33396911621094
2026-02-26,13.800000190734863,31.11702537536621,26.969999313354492,36.470001220703125,254.66172790527344,34.97999954223633,204.3633270263672,168.90289306640625,687.422607421875,96.40324401855469,150.46771240234375
2026-02-27,14.079999923706055,31.346118927001953,27.059999465942383,36.290000915527344,252.73345947265625,34.900001525878906,204.42320251464844,168.7434539794922,684.1216430664062,97.40910339355469,150.13912963867188
2026-03-02,14.020000457763672,31.166828155517578,27.25,36.29999923706055,253.47279357910156,34.79999923706055,204.03404235839844,168.5541229248047,684.5106201171875,97.2796401977539,149.64129638671875
2026-03-03,14.25,30.200645446777344,27.024999618530273,36.20000076293945,246.78878784179688,34.45000076293945,201.85867309570312,166.48146057128906,678.4771118164062,96.81156158447266,146.46507263183594
2026-03-04,14.119999885559082,30.489505767822266,27.360000610351562,36.38999938964844,250.4854736328125,34.61000061035156,203.0062255859375,167.3583526611328,683.2639770507812,96.96095275878906,148.61573791503906
2026-03-05,14.210000038146973,30.130922317504883,27.280000686645508,36.20000076293945,246.8087615966797,34.41999816894531,201.24996948242188,165.5547332763672,679.4544067382812,96.41320037841797,146.99278259277344
2026-03-06,14.510000228881836,30.688716888427734,27.479999542236328,36.150001525878906,241.26373291015625,34.25,198.23641967773438,163.40232849121094,670.5487060546875,96.25386047363281,143.93603515625
2026-03-09,14.3100004196167,30.74848175048828,27.40999984741211,36.31999969482422,247.01858520507812,34.38999938964844,200.2820587158203,164.03012084960938,676.4227294921875,96.243896484375,144.71266174316406
2026-03-10,14.149999618530273,30.808244705200195,27.6299991607666,36.130001068115234,248.05764770507812,34.45000076293945,199.85296630859375,162.7147674560547,675.3356323242188,95.52684783935547,145.0910186767578
2026-03-11,14.029999732971191,30.768402099609375,27.829999923706055,36.119998931884766,248.5671844482422,34.470001220703125,199.09458923339844,162.22650146484375,674.4879760742188,95.02890014648438,145.73822021484375
2026-03-12,14.359999656677246,30.778362274169922,28.049999237060547,36.040000915527344,243.6815643310547,34.20000076293945,195.80162048339844,159.5360107421875,664.2459106445312,94.60066223144531,143.16934204101562
2026-03-13,14.399999618530273,30.539308547973633,27.8799991607666,36.02000045776367,243.22198486328125,34.13999938964844,194.73390197753906,159.47621154785156,660.4862060546875,94.68033599853516,144.0654754638672
2026-03-16,14.220000267028809,30.69867706298828,27.93000030517578,36.08000183105469,246.55899047851562,34.33000183105469,196.55999755859375,160.9510040283203,667.2078857421875,95.24800109863281,145.5590057373047
2026-03-17,14.09000015258789,30.94769287109375,28.229999542236328,36.220001220703125,248.22999572753906,34.45000076293945,196.8800048828125,161.8300018310547,668.9630126953125,95.08999633789062,147.00999450683594
2026-03-18,13.979999542236328,30.688716888427734,28.170000076293945,36.0099983215332,246.24000549316406,34.2400016784668,194.0800018310547,159.66000366210938,659.6285400390625,93.48999786376953,145.47999572753906
2026-03-19,13.9399995803833,30.120960235595703,27.84000015258789,36.06999969482422,246.86000061035156,34.220001220703125,194.2100067138672,159.74000549316406,658.0029907226562,93.27999877929688,145.36000061035156
2026-03-20,14.149999618530273,29.69265365600586,27.969999313354492,36.08000183105469,241.52000427246094,33.849998474121094,191.88999938964844,157.25,648.5700073242188,92.3499984741211,143.10000610351562
2026-03-23,13.859999656677246,29.43367576599121,27.350000381469727,36.369998931884766,244.52000427246094,34.060001373291016,193.9499969482422,159.0399932861328,655.3800048828125,92.76000213623047,143.8000030517578
2026-03-24,13.760000228881836,29.593046188354492,27.510000228881836,36.38999938964844,245.5399932861328,34.0,193.3000030517578,159.2899932861328,653.1799926757812,92.30999755859375,144.91000366210938
2026-03-25,13.699999809265137,29.792259216308594,27.479999542236328,36.380001068115234,247.17999267578125,34.150001525878906,194.1199951171875,160.57000732421875,656.8200073242188,92.62999725341797,145.55999755859375
2026-03-26,14.010000228881836,29.74245834350586,27.739999771118164,36.2400016784668,238.2100067138672,33.81999969482422,190.14999389648438,158.17999267578125,645.0900268554688,92.20999908447266,142.89999389648438
2026-03-27,14.0600004196167,30.111000061035156,28.06999969482422,36.20000076293945,235.75999450683594,33.709999084472656,187.3000030517578,156.02999877929688,634.0900268554688,91.12000274658203,141.0800018310547
2026-03-30,14.350000381469727,30.209999084472656,28.280000686645508,36.189998626708984,230.77000427246094,33.70000076293945,186.49000549316406,155.44000244140625,631.969970703125,91.69000244140625,138.47999572753906
2026-03-31,13.960000038146973,30.149999618530273,28.200000762939453,36.349998474121094,239.99000549316406,34.119998931884766,191.80999755859375,159.4600067138672,650.3400268554688,92.73999786376953,142.19000244140625
2026-04-01,13.8100004196167,30.209999084472656,27.989999771118164,36.11000061035156,245.24000549316406,34.25,192.77000427246094,159.80999755859375,655.239990234375,92.66999816894531,144.75999450683594
2026-04-02,13.979999542236328,30.309999465942383,28.34000015258789,36.349998474121094,245.85000610351562,34.349998474121094,193.16000366210938,160.41000366210938,655.8300170898438,93.36000061035156,145.22000122070312
2026-04-06,13.979999542236328,30.440000534057617,28.489999771118164,36.33000183105469,247.69000244140625,34.38999938964844,194.02999877929688,161.02999877929688,658.9299926757812,93.41999816894531,146.25
2026-04-07,13.920000076293945,30.43000030517578,28.530000686645508,36.380001068115234,249.27999877929688,34.439998626708984,193.38999938964844,160.1300048828125,659.219970703125,93.20999908447266,146.30999755859375
2026-04-08,13.550000190734863,30.18000030517578,27.860000610351562,36.529998779296875,259.6400146484375,34.849998474121094,199.00999450683594,164.83999633789062,676.010009765625,94.12000274658203,151.64999389648438
2026-04-09,13.520000457763672,30.270000457763672,28.079999923706055,36.34000015258789,262.4100036621094,34.849998474121094,200.25,164.67999267578125,679.9099731445312,93.86000061035156,152.8300018310547
2026-04-10,13.270000457763672,30.329999923706055,28.1200008392334,36.22999954223633,263.44000244140625,34.88999938964844,199.47000122070312,164.0500030517578,679.4600219726562,92.75,152.13999938964844
2026-04-13,13.140000343322754,30.440000534057617,28.40999984741211,36.25,266.04998779296875,35.04999923706055,201.25,166.16000366210938,686.0999755859375,93.51000213623047,153.4600067138672
2026-04-14,12.84000015258789,30.299999237060547,28.200000762939453,36.290000915527344,270.3299865722656,35.209999084472656,203.27000427246094,167.07000732421875,694.4600219726562,93.66999816894531,155.02000427246094
2026-04-15,12.819999694824219,30.260000228881836,28.299999237060547,36.2599983215332,269.989990234375,35.220001220703125,204.3699951171875,167.1300048828125,699.9400024414062,93.94000244140625,154.47000122070312
2026-04-16,12.850000381469727,30.420000076293945,28.510000228881836,36.36000061035156,270.82000732421875,35.29999923706055,204.32000732421875,168.16000366210938,701.6599731445312,94.38999938964844,156.27999877929688
2026-04-17,12.579999923706055,29.969999313354492,27.8799991607666,36.43000030517578,274.4599914550781,35.459999084472656,206.9199981689453,169.8300018310547,710.1400146484375,94.86000061035156,158.22000122070312
2026-04-20,12.470000267028809,30.170000076293945,28.100000381469727,36.459999084472656,273.55999755859375,35.43000030517578,206.58999633789062,170.44000244140625,708.719970703125,94.73999786376953,158.11000061035156
2026-04-21,12.539999961853027,30.329999923706055,28.579999923706055,36.400001525878906,271.5899963378906,35.33000183105469,205.4600067138672,169.47000122070312,704.0800170898438,94.08999633789062,158.22999572753906
2026-04-22,12.390000343322754,30.40999984741211,28.635000228881836,36.34000015258789,275.989990234375,35.4900016784668,207.1699981689453,169.82000732421875,711.2100219726562,94.08999633789062,159.11000061035156
2026-04-23,12.5,30.469999313354492,28.950000762939453,36.29999923706055,275.8800048828125,35.380001068115234,205.88999938964844,169.80999755859375,708.4500122070312,94.30999755859375,159.91000366210938
2026-04-24,12.350000381469727,30.510000228881836,28.860000610351562,36.36000061035156,280.8999938964844,35.540000915527344,207.39999389648438,169.55999755859375,713.9400024414062,94.08000183105469,162.3300018310547
2026-04-27,12.359999656677246,30.6200008392334,29.209999084472656,36.5,280.75,35.540000915527344,207.19000244140625,169.33999633789062,715.1699829101562,93.56999969482422,163.52999877929688
2026-04-28,12.649999618530273,30.719999313354492,29.469999313354492,36.470001220703125,276.2099914550781,35.400001525878906,205.91000366210938,168.24000549316406,711.6900024414062,93.77999877929688,162.11000061035156
2026-04-29,12.720000267028809,31.1200008392334,29.940000534057617,36.380001068115234,277.7099914550781,35.459999084472656,205.75999450683594,167.9499969482422,711.5800170898438,93.87999725341797,164.97000122070312
2026-04-30,12.460000038146973,30.559999465942383,29.639999389648438,36.41999816894531,283.9800109863281,35.689998626708984,207.25,170.58999633789062,718.6599731445312,94.63999938964844,167.07000732421875
2026-05-01,12.380000114440918,30.530000686645508,29.329999923706055,36.349998474121094,285.0899963378906,35.68000030517578,207.16000366210938,170.35000610351562,720.6500244140625,94.58000183105469,168.30999755859375
2026-05-04,12.369999885559082,30.700000762939453,29.459999084472656,36.279998779296875,284.2900085449219,35.65999984741211,206.10000610351562,169.47000122070312,718.010009765625,94.36000061035156,167.9600067138672
2026-05-05,12.210000038146973,30.739999771118164,29.510000228881836,36.45000076293945,291.1000061035156,35.900001525878906,207.5,171.07000732421875,723.77001953125,94.45999908447266,173.91000366210938
2026-05-06,11.84000015258789,30.450000762939453,29.040000915527344,36.560001373291016,299.17999267578125,36.18000030517578,210.0399932861328,172.8000030517578,733.8300170898438,93.98999786376953,177.36000061035156
2026-05-07,12.199999809265137,30.549999237060547,29.18000030517578,36.290000915527344,293.9100036621094,36.0,209.4600067138672,170.85000610351562,731.5800170898438,94.27999877929688,174.80999755859375
2026-05-08,12.020000457763672,30.690000534057617,29.18000030517578,36.47999954223633,301.79998779296875,36.130001068115234,210.42999267578125,171.36000061035156,737.6199951171875,94.02999877929688,182.58999633789062
2026-05-11,11.869999885559082,31.020000457763672,29.530000686645508,36.45000076293945,306.6600036621094,36.25,210.57000732421875,171.7899932861328,739.2999877929688,94.0999984741211,185.19000244140625
2026-05-12,12.020000457763672,31.020000457763672,30.170000076293945,36.619998931884766,303.239990234375,36.099998474121094,210.38999938964844,171.4600067138672,738.1799926757812,94.48999786376953,182.22999572753906
2026-05-13,12.010000228881836,31.1200008392334,29.8799991607666,36.38999938964844,305.3999938964844,36.22999954223633,210.97000122070312,171.02000427246094,742.3099975585938,94.30999755859375,183.86000061035156
2026-05-14,11.989999771118164,31.239999771118164,29.6299991607666,36.38999938964844,307.25,36.290000915527344,212.3699951171875,171.8800048828125,748.1699829101562,95.18000030517578,184.16000366210938
2026-05-15,12.170000076293945,31.229999542236328,29.84000015258789,36.310001373291016,298.2699890136719,35.93000030517578,210.4499969482422,169.63999938964844,739.1699829101562,94.69999694824219,179.77999877929688
2026-05-18,12.479999542236328,31.309999465942383,29.90999984741211,36.36000061035156,294.32000732421875,35.849998474121094,210.9199981689453,170.1300048828125,738.6500244140625,96.0,178.07000732421875
2026-05-19,12.630000114440918,31.31999969482422,29.940000534057617,36.5099983215332,292.5899963378906,35.790000915527344,209.55999755859375,169.25999450683594,733.72998046875,95.79000091552734,178.2899932861328
2026-05-20,12.369999885559082,31.110000610351562,29.420000076293945,36.5099983215332,299.5899963378906,35.9900016784668,212.22999572753906,171.49000549316406,741.25,95.9000015258789,182.69000244140625
2026-05-21,12.239999771118164,31.110000610351562,29.190000534057617,36.52000045776367,302.1600036621094,36.04999923706055,212.74000549316406,172.19000244140625,742.719970703125,96.04000091552734,184.9199981689453
2026-05-22,12.199999809265137,31.09000015258789,29.21500015258789,36.470001220703125,303.6000061035156,36.119998931884766,214.3800048828125,173.9199981689453,745.6400146484375,96.87999725341797,187.3300018310547
2026-05-26,11.84000015258789,31.170000076293945,28.889999389648438,36.5,314.04998779296875,36.400001525878906,215.7899932861328,175.24000549316406,750.5900268554688,96.48999786376953,194.5500030517578
2026-05-27,11.779999732971191,31.010000228881836,28.600000381469727,36.5099983215332,313.3299865722656,36.369998931884766,215.24000549316406,174.6999969482422,750.4600219726562,96.04000091552734,195.61000061035156
2026-05-28,11.600000381469727,31.040000915527344,28.540000915527344,36.630001068115234,314.6499938964844,36.41999816894531,215.8800048828125,175.49000549316406,754.5999755859375,96.33000183105469,195.9499969482422
2026-05-29,11.550000190734863,31.0,28.270000457763672,36.2599983215332,315.80999755859375,36.40999984741211,215.49000549316406,175.91000366210938,756.47998046875,96.5999984741211,198.1199951171875
2026-06-01,11.649999618530273,31.290000915527344,28.549999237060547,36.220001220703125,316.92999267578125,36.56999969482422,215.97000122070312,176.32000732421875,758.5399780273438,96.94999694824219,201.47999572753906
2026-06-02,11.479999542236328,31.40999984741211,28.700000762939453,36.310001373291016,326.0299987792969,36.68000030517578,215.77999877929688,176.8000030517578,759.5700073242188,96.93000030517578,203.6999969482422
2026-06-03,11.5600004196167,31.420000076293945,28.75,36.2400016784668,329.5,36.54999923706055,215.6300048828125,175.60000610351562,754.239990234375,96.26000213623047,202.85000610351562
2026-06-04,11.510000228881836,31.290000915527344,28.479999542236328,36.29999923706055,325.8699951171875,36.529998779296875,217.3300018310547,176.99000549316406,757.0900268554688,96.66000366210938,200.24000549316406
2026-06-05,11.970000267028809,30.65999984741211,28.3799991607666,36.459999084472656,306.4700012207031,35.900001525878906,213.13999938964844,174.14999389648438,737.5499877929688,95.63999938964844,191.9199981689453
2026-06-08,11.699999809265137,30.8700008392334,28.5,36.43000030517578,315.0799865722656,36.04999923706055,213.8300018310547,173.9199981689453,739.219970703125,95.2300033569336,195.57000732421875
2026-06-09,11.680000305175781,30.780000686645508,28.34000015258789,36.470001220703125,311.6300048828125,36.0099983215332,214.1199951171875,175.3800048828125,737.0499877929688,95.58000183105469,194.80999755859375
