date,close,adjclose
2011-01-04,633840.0,633840.0
2011-01-05,620400.0,620400.0
2011-01-06,623040.0,623040.0
2011-01-07,624320.0,624320.0
2011-01-10,623040.0,623040.0
2011-01-11,605840.0,605840.0
2011-01-12,578800.0,578800.0
2011-01-13,572000.0,572000.0
2011-01-14,548400.0,548400.0
2011-01-18,531680.0,531680.0
2011-01-19,559360.0,559360.0
2011-01-20,554480.0,554480.0
2011-01-21,559760.0,559760.0
2011-01-24,547680.0,547680.0
2011-01-25,540720.0,540720.0
2011-01-26,523840.0,523840.0
2011-01-27,514000.0,514000.0
2011-01-28,557040.0,557040.0
2011-01-31,554800.0,554800.0
2011-02-01,528400.0,528400.0
2011-02-02,526240.0,526240.0
2011-02-03,520000.0,520000.0
2011-02-04,507760.0,507760.0
2011-02-07,498400.0,498400.0
2011-02-08,491600.0,491600.0
2011-02-09,494000.0,494000.0
2011-02-10,493600.0,493600.0
2011-02-11,485600.0,485600.0
2011-02-14,481280.0,481280.0
2011-02-15,487760.0,487760.0
2011-02-16,493520.0,493520.0
2011-02-17,498320.0,498320.0
2011-02-18,503520.0,503520.0
2011-02-22,566400.0,566400.0
2011-02-23,591440.0,591440.0
2011-02-24,583600.0,583600.0
2011-02-25,547920.0,547920.0
2011-02-28,524320.0,524320.0
2011-03-01,562640.0,562640.0
2011-03-02,564800.0,564800.0
2011-03-03,535600.0,535600.0
2011-03-04,550880.0,550880.0
2011-03-07,564880.0,564880.0
2011-03-08,552560.0,552560.0
2011-03-09,559920.0,559920.0
2011-03-10,588320.0,588320.0
2011-03-11,572160.0,572160.0
2011-03-14,579680.0,579680.0
2011-03-15,603040.0,603040.0
2011-03-16,657280.0,657280.0
2011-03-17,632720.0,632720.0
2011-03-18,613680.0,613680.0
2011-03-21,565680.0,565680.0
2011-03-22,560880.0,560880.0
2011-03-23,541840.0,541840.0
2011-03-24,527440.0,527440.0
2011-03-25,526960.0,526960.0
2011-03-28,533680.0,533680.0
2011-03-29,520880.0,520880.0
2011-03-30,511040.0,511040.0
2011-03-31,510000.0,510000.0
2011-04-01,505280.0,505280.0
2011-04-04,500800.0,500800.0
2011-04-05,491440.0,491440.0
2011-04-06,489280.0,489280.0
2011-04-07,493520.0,493520.0
2011-04-08,502640.0,502640.0
2011-04-11,497520.0,497520.0
2011-04-12,502240.0,502240.0
2011-04-13,493520.0,493520.0
2011-04-14,488960.0,488960.0
2011-04-15,478080.0,478080.0
2011-04-18,489200.0,489200.0
2011-04-19,464560.0,464560.0
2011-04-20,445360.0,445360.0
2011-04-21,432400.0,432400.0
2011-04-25,422560.0,422560.0
2011-04-26,413280.0,413280.0
2011-04-27,407760.0,407760.0
2011-04-28,402000.0,402000.0
2011-04-29,403120.0,403120.0
2011-05-02,414160.0,414160.0
2011-05-03,423520.0,423520.0
2011-05-04,428000.0,428000.0
2011-05-05,440560.0,440560.0
2011-05-06,430560.0,430560.0
2011-05-09,416160.0,416160.0
2011-05-10,401520.0,401520.0
2011-05-11,409440.0,409440.0
2011-05-12,404960.0,404960.0
2011-05-13,410400.0,410400.0
2011-05-16,418400.0,418400.0
2011-05-17,410960.0,410960.0
2011-05-18,399600.0,399600.0
2011-05-19,390080.0,390080.0
2011-05-20,394720.0,394720.0
2011-05-23,407920.0,407920.0
2011-05-24,407200.0,407200.0
2011-05-25,395520.0,395520.0
2011-05-26,387200.0,387200.0
2011-05-27,380400.0,380400.0
2011-05-31,369520.0,369520.0
2011-06-01,392880.0,392880.0
2011-06-02,388080.0,388080.0
2011-06-03,388320.0,388320.0
2011-06-06,394640.0,394640.0
2011-06-07,389520.0,389520.0
2011-06-08,396000.0,396000.0
2011-06-09,383280.0,383280.0
2011-06-10,396640.0,396640.0
2011-06-13,402720.0,402720.0
2011-06-14,390560.0,390560.0
2011-06-15,423360.0,423360.0
2011-06-16,445840.0,445840.0
2011-06-17,437200.0,437200.0
2011-06-20,417680.0,417680.0
2011-06-21,404320.0,404320.0
2011-06-22,408560.0,408560.0
2011-06-23,408240.0,408240.0
2011-06-24,425040.0,425040.0
2011-06-27,417600.0,417600.0
2011-06-28,401120.0,401120.0
2011-06-29,381040.0,381040.0
2011-06-30,365440.0,365440.0
2011-07-01,350800.0,350800.0
2011-07-05,352320.0,352320.0
2011-07-06,357760.0,357760.0
2011-07-07,348000.0,348000.0
2011-07-08,351840.0,351840.0
2011-07-11,381120.0,381120.0
2011-07-12,390560.0,390560.0
2011-07-13,390240.0,390240.0
2011-07-14,404400.0,404400.0
2011-07-15,400320.0,400320.0
2011-07-18,408880.0,408880.0
2011-07-19,389120.0,389120.0
2011-07-20,381040.0,381040.0
2011-07-21,361520.0,361520.0
2011-07-22,358640.0,358640.0
2011-07-25,372320.0,372320.0
2011-07-26,380000.0,380000.0
2011-07-27,402480.0,402480.0
2011-07-28,411760.0,411760.0
2011-07-29,404080.0,404080.0
2011-08-01,387120.0,387120.0
2011-08-02,414000.0,414000.0
2011-08-03,416480.0,416480.0
2011-08-04,498400.0,498400.0
2011-08-05,523840.0,523840.0
2011-08-08,600560.0,600560.0
2011-08-09,541120.0,541120.0
2011-08-10,606320.0,606320.0
2011-08-11,581600.0,581600.0
2011-08-12,585760.0,585760.0
2011-08-15,552640.0,552640.0
2011-08-16,565200.0,565200.0
2011-08-17,576480.0,576480.0
2011-08-18,695680.0,695680.0
2011-08-19,730800.0,730800.0
2011-08-22,753040.0,753040.0
2011-08-23,717040.0,717040.0
2011-08-24,702480.0,702480.0
2011-08-25,716960.0,716960.0
2011-08-26,704880.0,704880.0
2011-08-29,660560.0,660560.0
2011-08-30,668480.0,668480.0
2011-08-31,669680.0,669680.0
2011-09-01,678160.0,678160.0
2011-09-02,712320.0,712320.0
2011-09-06,733440.0,733440.0
2011-09-07,706800.0,706800.0
2011-09-08,718320.0,718320.0
2011-09-09,786720.0,786720.0
2011-09-12,794400.0,794400.0
2011-09-13,785760.0,785760.0
2011-09-14,765040.0,765040.0
2011-09-15,726720.0,726720.0
2011-09-16,712160.0,712160.0
2011-09-19,736240.0,736240.0
2011-09-20,735440.0,735440.0
2011-09-21,775360.0,775360.0
2011-09-22,853600.0,853600.0
2011-09-23,862400.0,862400.0
2011-09-26,832400.0,832400.0
2011-09-27,816640.0,816640.0
2011-09-28,868800.0,868800.0
2011-09-29,853600.0,853600.0
2011-09-30,916160.0,916160.0
2011-10-03,975600.0,975600.0
2011-10-04,907600.0,907600.0
2011-10-05,861280.0,861280.0
2011-10-06,846880.0,846880.0
2011-10-07,862240.0,862240.0
2011-10-10,799680.0,799680.0
2011-10-11,790160.0,790160.0
2011-10-12,736800.0,736800.0
2011-10-13,735360.0,735360.0
2011-10-14,692560.0,692560.0
2011-10-17,765760.0,765760.0
2011-10-18,735520.0,735520.0
2011-10-19,785680.0,785680.0
2011-10-20,793200.0,793200.0
2011-10-21,749840.0,749840.0
2011-10-24,703920.0,703920.0
2011-10-25,749600.0,749600.0
2011-10-26,718480.0,718480.0
2011-10-27,624160.0,624160.0
2011-10-28,619040.0,619040.0
2011-10-31,684720.0,684720.0
2011-11-01,785920.0,785920.0
2011-11-02,761360.0,761360.0
2011-11-03,725520.0,725520.0
2011-11-04,739120.0,739120.0
2011-11-07,732240.0,732240.0
2011-11-08,698080.0,698080.0
2011-11-09,828480.0,828480.0
2011-11-10,777600.0,777600.0
2011-11-11,743600.0,743600.0
2011-11-14,762480.0,762480.0
2011-11-15,754560.0,754560.0
2011-11-16,790640.0,790640.0
2011-11-17,829840.0,829840.0
2011-11-18,801040.0,801040.0
2011-11-21,811040.0,811040.0
2011-11-22,792880.0,792880.0
2011-11-23,829680.0,829680.0
2011-11-25,840480.0,840480.0
2011-11-28,799680.0,799680.0
2011-11-29,783200.0,783200.0
2011-11-30,713680.0,713680.0
2011-12-01,696640.0,696640.0
2011-12-02,696640.0,696640.0
2011-12-05,694480.0,694480.0
2011-12-06,692080.0,692080.0
2011-12-07,711760.0,711760.0
2011-12-08,744960.0,744960.0
2011-12-09,693120.0,693120.0
2011-12-12,696560.0,696560.0
2011-12-13,692960.0,692960.0
2011-12-14,695600.0,695600.0
2011-12-15,667840.0,667840.0
2011-12-16,664960.0,664960.0
2011-12-19,658560.0,658560.0
2011-12-20,617840.0,617840.0
2011-12-21,575920.0,575920.0
2011-12-22,577760.0,577760.0
2011-12-23,591760.0,591760.0
2011-12-27,586560.0,586560.0
2011-12-28,611760.0,611760.0
2011-12-29,596800.0,596800.0
2011-12-30,605920.0,605920.0
2012-01-03,573920.0,573920.0
2012-01-04,562640.0,562640.0
2012-01-05,550080.0,550080.0
2012-01-06,541760.0,541760.0
2012-01-09,533440.0,533440.0
2012-01-10,522720.0,522720.0
2012-01-11,531360.0,531360.0
2012-01-12,523520.0,523520.0
2012-01-13,537360.0,537360.0
2012-01-17,532960.0,532960.0
2012-01-18,513600.0,513600.0
2012-01-19,499760.0,499760.0
2012-01-20,484400.0,484400.0
2012-01-23,472160.0,472160.0
2012-01-24,474400.0,474400.0
2012-01-25,453760.0,453760.0
2012-01-26,454080.0,454080.0
2012-01-27,444400.0,444400.0
2012-01-30,457440.0,457440.0
2012-01-31,457600.0,457600.0
2012-02-01,445440.0,445440.0
2012-02-02,431360.0,431360.0
2012-02-03,408400.0,408400.0
2012-02-06,403840.0,403840.0
2012-02-07,407440.0,407440.0
2012-02-08,416800.0,416800.0
2012-02-09,437200.0,437200.0
2012-02-10,474640.0,474640.0
2012-02-13,437920.0,437920.0
2012-02-14,451520.0,451520.0
2012-02-15,477360.0,477360.0
2012-02-16,459440.0,459440.0
2012-02-17,452160.0,452160.0
2012-02-21,451840.0,451840.0
2012-02-22,439440.0,439440.0
2012-02-23,411360.0,411360.0
2012-02-24,425840.0,425840.0
2012-02-27,430560.0,430560.0
2012-02-28,425360.0,425360.0
2012-02-29,419680.0,419680.0
2012-03-01,410480.0,410480.0
2012-03-02,413360.0,413360.0
2012-03-05,412000.0,412000.0
2012-03-06,443600.0,443600.0
2012-03-07,421920.0,421920.0
2012-03-08,405440.0,405440.0
2012-03-09,396640.0,396640.0
2012-03-12,378480.0,378480.0
2012-03-13,361760.0,361760.0
2012-03-14,372960.0,372960.0
2012-03-15,367040.0,367040.0
2012-03-16,366320.0,366320.0
2012-03-19,345040.0,345040.0
2012-03-20,328720.0,328720.0
2012-03-21,312560.0,312560.0
2012-03-22,315840.0,315840.0
2012-03-23,293920.0,293920.0
2012-03-26,267360.0,267360.0
2012-03-27,292800.0,292800.0
2012-03-28,295280.0,295280.0
2012-03-29,294160.0,294160.0
2012-03-30,286160.0,286160.0
2012-04-02,286080.0,286080.0
2012-04-03,291040.0,291040.0
2012-04-04,298160.0,298160.0
2012-04-05,304640.0,304640.0
2012-04-09,323120.0,323120.0
2012-04-10,349440.0,349440.0
2012-04-11,340720.0,340720.0
2012-04-12,311360.0,311360.0
2012-04-13,328800.0,328800.0
2012-04-16,323200.0,323200.0
2012-04-17,305520.0,305520.0
2012-04-18,310400.0,310400.0
2012-04-19,312880.0,312880.0
2012-04-20,302640.0,302640.0
2012-04-23,312400.0,312400.0
2012-04-24,304880.0,304880.0
2012-04-25,285920.0,285920.0
2012-04-26,275840.0,275840.0
2012-04-27,275440.0,275440.0
2012-04-30,281680.0,281680.0
2012-05-01,272880.0,272880.0
2012-05-02,275360.0,275360.0
2012-05-03,281200.0,281200.0
2012-05-04,293520.0,293520.0
2012-05-07,288880.0,288880.0
2012-05-08,291680.0,291680.0
2012-05-09,302960.0,302960.0
2012-05-10,293440.0,293440.0
2012-05-11,297200.0,297200.0
2012-05-14,314720.0,314720.0
2012-05-15,330880.0,330880.0
2012-05-16,341680.0,341680.0
2012-05-17,358480.0,358480.0
2012-05-18,380960.0,380960.0
2012-05-21,339440.0,339440.0
2012-05-22,351120.0,351120.0
2012-05-23,345520.0,345520.0
2012-05-24,348320.0,348320.0
2012-05-25,344640.0,344640.0
2012-05-29,328320.0,328320.0
2012-05-30,350480.0,350480.0
2012-05-31,355520.0,355520.0
2012-06-01,385680.0,385680.0
2012-06-04,369280.0,369280.0
2012-06-05,361120.0,361120.0
2012-06-06,335120.0,335120.0
2012-06-07,331440.0,331440.0
2012-06-08,313440.0,313440.0
2012-06-11,339360.0,339360.0
2012-06-12,333920.0,333920.0
2012-06-13,350880.0,350880.0
2012-06-14,328880.0,328880.0
2012-06-15,315120.0,315120.0
2012-06-18,288320.0,288320.0
2012-06-19,282000.0,282000.0
2012-06-20,270240.0,270240.0
2012-06-21,300960.0,300960.0
2012-06-22,269920.0,269920.0
2012-06-25,292560.0,292560.0
2012-06-26,283920.0,283920.0
2012-06-27,285760.0,285760.0
2012-06-28,276640.0,276640.0
2012-06-29,258560.0,258560.0
2012-07-02,241760.0,241760.0
2012-07-03,236400.0,236400.0
2012-07-05,244880.0,244880.0
2012-07-06,242320.0,242320.0
2012-07-09,239920.0,239920.0
2012-07-10,247040.0,247040.0
2012-07-11,238640.0,238640.0
2012-07-12,241040.0,241040.0
2012-07-13,227120.0,227120.0
2012-07-16,224720.0,224720.0
2012-07-17,216240.0,216240.0
2012-07-18,218640.0,218640.0
2012-07-19,213200.0,213200.0
2012-07-20,224800.0,224800.0
2012-07-23,239040.0,239040.0
2012-07-24,249280.0,249280.0
2012-07-25,246400.0,246400.0
2012-07-26,227680.0,227680.0
2012-07-27,221280.0,221280.0
2012-07-30,225440.0,225440.0
2012-07-31,232160.0,232160.0
2012-08-01,227040.0,227040.0
2012-08-02,222160.0,222160.0
2012-08-03,206960.0,206960.0
2012-08-06,202320.0,202320.0
2012-08-07,207600.0,207600.0
2012-08-08,199200.0,199200.0
2012-08-09,198240.0,198240.0
2012-08-10,194480.0,194480.0
2012-08-13,189280.0,189280.0
2012-08-14,200000.0,200000.0
2012-08-15,199760.0,199760.0
2012-08-16,195680.0,195680.0
2012-08-17,190240.0,190240.0
2012-08-20,190560.0,190560.0
2012-08-21,195600.0,195600.0
2012-08-22,196880.0,196880.0
2012-08-23,200960.0,200960.0
2012-08-24,192960.0,192960.0
2012-08-27,194560.0,194560.0
2012-08-28,198080.0,198080.0
2012-08-29,198800.0,198800.0
2012-08-30,203120.0,203120.0
2012-08-31,196320.0,196320.0
2012-09-04,194720.0,194720.0
2012-09-05,189440.0,189440.0
2012-09-06,169920.0,169920.0
2012-09-07,160160.0,160160.0
2012-09-10,169040.0,169040.0
2012-09-11,168000.0,168000.0
2012-09-12,163280.0,163280.0
2012-09-13,151360.0,151360.0
2012-09-14,155920.0,155920.0
2012-09-17,155040.0,155040.0
2012-09-18,151280.0,151280.0
2012-09-19,150880.0,150880.0
2012-09-20,149280.0,149280.0
2012-09-21,148400.0,148400.0
2012-09-24,146320.0,146320.0
2012-09-25,157520.0,157520.0
2012-09-26,163760.0,163760.0
2012-09-27,149040.0,149040.0
2012-09-28,153760.0,153760.0
2012-10-01,154960.0,154960.0
2012-10-02,151760.0,151760.0
2012-10-03,151120.0,151120.0
2012-10-04,147520.0,147520.0
2012-10-05,145520.0,145520.0
2012-10-08,147120.0,147120.0
2012-10-09,153680.0,153680.0
2012-10-10,151760.0,151760.0
2012-10-11,149760.0,149760.0
2012-10-12,151360.0,151360.0
2012-10-15,145840.0,145840.0
2012-10-16,142560.0,142560.0
2012-10-17,140960.0,140960.0
2012-10-18,140480.0,140480.0
2012-10-19,149440.0,149440.0
2012-10-22,147680.0,147680.0
2012-10-23,159200.0,159200.0
2012-10-24,160080.0,160080.0
2012-10-25,155840.0,155840.0
2012-10-26,155360.0,155360.0
2012-10-31,158000.0,158000.0
2012-11-01,145440.0,145440.0
2012-11-02,149440.0,149440.0
2012-11-05,151920.0,151920.0
2012-11-06,146640.0,146640.0
2012-11-07,158160.0,158160.0
2012-11-08,159200.0,159200.0
2012-11-09,159040.0,159040.0
2012-11-12,149040.0,149040.0
2012-11-13,149120.0,149120.0
2012-11-14,154080.0,154080.0
2012-11-15,155440.0,155440.0
2012-11-16,148640.0,148640.0
2012-11-19,135680.0,135680.0
2012-11-20,132960.0,132960.0
2012-11-21,134000.0,134000.0
2012-11-23,128160.0,128160.0
2012-11-26,126960.0,126960.0
2012-11-27,129600.0,129600.0
2012-11-28,125920.0,125920.0
2012-11-29,124160.0,124160.0
2012-11-30,126400.0,126400.0
2012-12-03,129280.0,129280.0
2012-12-04,131520.0,131520.0
2012-12-05,129120.0,129120.0
2012-12-06,130640.0,130640.0
2012-12-07,126000.0,126000.0
2012-12-10,127840.0,127840.0
2012-12-11,123440.0,123440.0
2012-12-12,126720.0,126720.0
2012-12-13,129040.0,129040.0
2012-12-14,129840.0,129840.0
2012-12-17,125200.0,125200.0
2012-12-18,120640.0,120640.0
2012-12-19,127360.0,127360.0
2012-12-20,130560.0,130560.0
2012-12-21,139120.0,139120.0
2012-12-24,136800.0,136800.0
2012-12-26,144400.0,144400.0
2012-12-27,144480.0,144480.0
2012-12-28,151840.0,151840.0
2012-12-31,136080.0,136080.0
2013-01-02,119680.0,119680.0
2013-01-03,120720.0,120720.0
2013-01-04,118240.0,118240.0
2013-01-07,117920.0,117920.0
2013-01-08,116560.0,116560.0
2013-01-09,116800.0,116800.0
2013-01-10,114000.0,114000.0
2013-01-11,113440.0,113440.0
2013-01-14,111680.0,111680.0
2013-01-15,111520.0,111520.0
2013-01-16,109120.0,109120.0
2013-01-17,109840.0,109840.0
2013-01-18,103040.0,103040.0
2013-01-22,99680.0,99680.0
2013-01-23,97120.0,97120.0
2013-01-24,97680.0,97680.0
2013-01-25,98480.0,98480.0
2013-01-28,101120.0,101120.0
2013-01-29,98000.0,98000.0
2013-01-30,104320.0,104320.0
2013-01-31,104560.0,104560.0
2013-02-01,99200.0,99200.0
2013-02-04,106000.0,106000.0
2013-02-05,101760.0,101760.0
2013-02-06,100960.0,100960.0
2013-02-07,100640.0,100640.0
2013-02-08,98800.0,98800.0
2013-02-11,96880.0,96880.0
2013-02-12,95920.0,95920.0
2013-02-13,96560.0,96560.0
2013-02-14,95040.0,95040.0
2013-02-15,94160.0,94160.0
2013-02-19,90240.0,90240.0
2013-02-20,98240.0,98240.0
2013-02-21,99840.0,99840.0
2013-02-22,96560.0,96560.0
2013-02-25,109840.0,109840.0
2013-02-26,107360.0,107360.0
2013-02-27,100000.0,100000.0
2013-02-28,103040.0,103040.0
2013-03-01,104640.0,104640.0
2013-03-04,99040.0,99040.0
2013-03-05,96000.0,96000.0
2013-03-06,96400.0,96400.0
2013-03-07,94400.0,94400.0
2013-03-08,93120.0,93120.0
2013-03-11,89200.0,89200.0
2013-03-12,90560.0,90560.0
2013-03-13,90080.0,90080.0
2013-03-14,88320.0,88320.0
2013-03-15,88400.0,88400.0
2013-03-18,92960.0,92960.0
2013-03-19,93040.0,93040.0
2013-03-20,88000.0,88000.0
2013-03-21,90560.0,90560.0
2013-03-22,90320.0,90320.0
2013-03-25,89040.0,89040.0
2013-03-26,86640.0,86640.0
2013-03-27,87520.0,87520.0
2013-03-28,87200.0,87200.0
2013-04-01,87520.0,87520.0
2013-04-02,84880.0,84880.0
2013-04-03,87840.0,87840.0
2013-04-04,86320.0,86320.0
2013-04-05,86640.0,86640.0
2013-04-08,84240.0,84240.0
2013-04-09,83040.0,83040.0
2013-04-10,80960.0,80960.0
2013-04-11,80720.0,80720.0
2013-04-12,79280.0,79280.0
2013-04-15,88480.0,88480.0
2013-04-16,81680.0,81680.0
2013-04-17,91200.0,91200.0
2013-04-18,95040.0,95040.0
2013-04-19,88240.0,88240.0
2013-04-22,86400.0,86400.0
2013-04-23,81920.0,81920.0
2013-04-24,82160.0,82160.0
2013-04-25,83040.0,83040.0
2013-04-26,83040.0,83040.0
2013-04-29,82640.0,82640.0
2013-04-30,81760.0,81760.0
2013-05-01,85360.0,85360.0
2013-05-02,82480.0,82480.0
2013-05-03,80560.0,80560.0
2013-05-06,79200.0,79200.0
2013-05-07,78480.0,78480.0
2013-05-08,79120.0,79120.0
2013-05-09,80560.0,80560.0
2013-05-10,79680.0,79680.0
2013-05-13,79200.0,79200.0
2013-05-14,78480.0,78480.0
2013-05-15,79120.0,79120.0
2013-05-16,79920.0,79920.0
2013-05-17,77760.0,77760.0
2013-05-20,78960.0,78960.0
2013-05-21,79680.0,79680.0
2013-05-22,80400.0,80400.0
2013-05-23,81040.0,81040.0
2013-05-24,80960.0,80960.0
2013-05-28,78800.0,78800.0
2013-05-29,80080.0,80080.0
2013-05-30,79920.0,79920.0
2013-05-31,82640.0,82640.0
2013-06-03,82400.0,82400.0
2013-06-04,83520.0,83520.0
2013-06-05,86960.0,86960.0
2013-06-06,86080.0,86080.0
2013-06-07,82080.0,82080.0
2013-06-10,81216.0,81216.0
2013-06-11,86352.0,86352.0
2013-06-12,91536.0,91536.0
2013-06-13,87120.0,87120.0
2013-06-14,89520.0,89520.0
2013-06-17,87888.0,87888.0
2013-06-18,86576.0,86576.0
2013-06-19,86576.0,86576.0
2013-06-20,96784.0,96784.0
2013-06-21,92928.0,92928.0
2013-06-24,98640.0,98640.0
2013-06-25,95632.0,95632.0
2013-06-26,93360.0,93360.0
2013-06-27,89856.0,89856.0
2013-06-28,89456.0,89456.0
2013-07-01,86480.0,86480.0
2013-07-02,87680.0,87680.0
2013-07-03,86592.0,86592.0
2013-07-05,82320.0,82320.0
2013-07-08,78432.0,78432.0
2013-07-09,76768.0,76768.0
2013-07-10,76128.0,76128.0
2013-07-11,73920.0,73920.0
2013-07-12,74720.0,74720.0
2013-07-15,73024.0,73024.0
2013-07-16,75072.0,75072.0
2013-07-17,72384.0,72384.0
2013-07-18,71168.0,71168.0
2013-07-19,69680.0,69680.0
2013-07-22,68160.0,68160.0
2013-07-23,67872.0,67872.0
2013-07-24,68672.0,68672.0
2013-07-25,67072.0,67072.0
2013-07-26,66736.0,66736.0
2013-07-29,67568.0,67568.0
2013-07-30,66320.0,66320.0
2013-07-31,64896.0,64896.0
2013-08-01,62848.0,62848.0
2013-08-02,61216.0,61216.0
2013-08-05,60464.0,60464.0
2013-08-06,62272.0,62272.0
2013-08-07,63040.0,63040.0
2013-08-08,62048.0,62048.0
2013-08-09,62864.0,62864.0
2013-08-12,62480.0,62480.0
2013-08-13,61840.0,61840.0
2013-08-14,62528.0,62528.0
2013-08-15,65616.0,65616.0
2013-08-16,64544.0,64544.0
2013-08-19,66336.0,66336.0
2013-08-20,65504.0,65504.0
2013-08-21,66720.0,66720.0
2013-08-22,65072.0,65072.0
2013-08-23,63792.0,63792.0
2013-08-26,65904.0,65904.0
2013-08-27,71184.0,71184.0
2013-08-28,70912.0,70912.0
2013-08-29,72544.0,72544.0
2013-08-30,73360.0,73360.0
2013-09-03,70528.0,70528.0
2013-09-04,70352.0,70352.0
2013-09-05,68784.0,68784.0
2013-09-06,69376.0,69376.0
2013-09-09,66672.0,66672.0
2013-09-10,64224.0,64224.0
2013-09-11,62192.0,62192.0
2013-09-12,63296.0,63296.0
2013-09-13,62320.0,62320.0
2013-09-16,61664.0,61664.0
2013-09-17,61024.0,61024.0
2013-09-18,58752.0,58752.0
2013-09-19,58448.0,58448.0
2013-09-20,59440.0,59440.0
2013-09-23,60224.0,60224.0
2013-09-24,59952.0,59952.0
2013-09-25,59792.0,59792.0
2013-09-26,58608.0,58608.0
2013-09-27,61040.0,61040.0
2013-09-30,63120.0,63120.0
2013-10-01,60976.0,60976.0
2013-10-02,62912.0,62912.0
2013-10-03,65232.0,65232.0
2013-10-04,64656.0,64656.0
2013-10-07,69696.0,69696.0
2013-10-08,72896.0,72896.0
2013-10-09,70432.0,70432.0
2013-10-10,63536.0,63536.0
2013-10-11,62336.0,62336.0
2013-10-14,62992.0,62992.0
2013-10-15,66832.0,66832.0
2013-10-16,59056.0,59056.0
2013-10-17,55808.0,55808.0
2013-10-18,55184.0,55184.0
2013-10-21,55424.0,55424.0
2013-10-22,55760.0,55760.0
2013-10-23,56080.0,56080.0
2013-10-24,55232.0,55232.0
2013-10-25,55120.0,55120.0
2013-10-28,55344.0,55344.0
2013-10-29,54912.0,54912.0
2013-10-30,55648.0,55648.0
2013-10-31,55376.0,55376.0
2013-11-01,55056.0,55056.0
2013-11-04,53600.0,53600.0
2013-11-05,53440.0,53440.0
2013-11-06,52624.0,52624.0
2013-11-07,54496.0,54496.0
2013-11-08,52144.0,52144.0
2013-11-11,51968.0,51968.0
2013-11-12,51936.0,51936.0
2013-11-13,51664.0,51664.0
2013-11-14,51104.0,51104.0
2013-11-15,50416.0,50416.0
2013-11-18,50448.0,50448.0
2013-11-19,51040.0,51040.0
2013-11-20,50016.0,50016.0
2013-11-21,48336.0,48336.0
2013-11-22,47632.0,47632.0
2013-11-25,47840.0,47840.0
2013-11-26,48032.0,48032.0
2013-11-27,48112.0,48112.0
2013-11-29,48688.0,48688.0
2013-12-02,49088.0,49088.0
2013-12-03,50304.0,50304.0
2013-12-04,49744.0,49744.0
2013-12-05,50144.0,50144.0
2013-12-06,48352.0,48352.0
2013-12-09,47952.0,47952.0
2013-12-10,48208.0,48208.0
2013-12-11,50432.0,50432.0
2013-12-12,50672.0,50672.0
2013-12-13,50768.0,50768.0
2013-12-16,50848.0,50848.0
2013-12-17,50624.0,50624.0
2013-12-18,47088.0,47088.0
2013-12-19,47600.0,47600.0
2013-12-20,47824.0,47824.0
2013-12-23,46144.0,46144.0
2013-12-24,45200.0,45200.0
2013-12-26,44384.0,44384.0
2013-12-27,44960.0,44960.0
2013-12-30,45712.0,45712.0
2013-12-31,45648.0,45648.0
2014-01-02,46576.0,46576.0
2014-01-03,46272.0,46272.0
2014-01-06,45696.0,45696.0
2014-01-07,44688.0,44688.0
2014-01-08,44768.0,44768.0
2014-01-09,44848.0,44848.0
2014-01-10,43792.0,43792.0
2014-01-13,45328.0,45328.0
2014-01-14,43488.0,43488.0
2014-01-15,43728.0,43728.0
2014-01-16,43936.0,43936.0
2014-01-17,43952.0,43952.0
2014-01-21,43424.0,43424.0
2014-01-22,42784.0,42784.0
2014-01-23,43888.0,43888.0
2014-01-24,47904.0,47904.0
2014-01-27,48640.0,48640.0
2014-01-28,46576.0,46576.0
2014-01-29,49728.0,49728.0
2014-01-30,48944.0,48944.0
2014-01-31,52832.0,52832.0
2014-02-03,56624.0,56624.0
2014-02-04,55504.0,55504.0
2014-02-05,57536.0,57536.0
2014-02-06,51792.0,51792.0
2014-02-07,48720.0,48720.0
2014-02-10,48640.0,48640.0
2014-02-11,46848.0,46848.0
2014-02-12,45840.0,45840.0
2014-02-13,45456.0,45456.0
2014-02-14,44768.0,44768.0
2014-02-18,44160.0,44160.0
2014-02-19,47184.0,47184.0
2014-02-20,45424.0,45424.0
2014-02-21,45888.0,45888.0
2014-02-24,45584.0,45584.0
2014-02-25,45536.0,45536.0
2014-02-26,46128.0,46128.0
2014-02-27,45984.0,45984.0
2014-02-28,46736.0,46736.0
2014-03-03,49360.0,49360.0
2014-03-04,46224.0,46224.0
2014-03-05,46144.0,46144.0
2014-03-06,45888.0,45888.0
2014-03-07,46864.0,46864.0
2014-03-10,46640.0,46640.0
2014-03-11,47248.0,47248.0
2014-03-12,47248.0,47248.0
2014-03-13,49168.0,49168.0
2014-03-14,50560.0,50560.0
2014-03-17,48176.0,48176.0
2014-03-18,46304.0,46304.0
2014-03-19,47184.0,47184.0
2014-03-20,46912.0,46912.0
2014-03-21,47248.0,47248.0
2014-03-24,47344.0,47344.0
2014-03-25,46736.0,46736.0
2014-03-26,47568.0,47568.0
2014-03-27,46960.0,46960.0
2014-03-28,46432.0,46432.0
2014-03-31,44960.0,44960.0
2014-04-01,43488.0,43488.0
2014-04-02,43824.0,43824.0
2014-04-03,43760.0,43760.0
2014-04-04,44624.0,44624.0
2014-04-07,45664.0,45664.0
2014-04-08,44800.0,44800.0
2014-04-09,43680.0,43680.0
2014-04-10,46336.0,46336.0
2014-04-11,47744.0,47744.0
2014-04-14,47344.0,47344.0
2014-04-15,46784.0,46784.0
2014-04-16,45120.0,45120.0
2014-04-17,44464.0,44464.0
2014-04-21,43648.0,43648.0
2014-04-22,43552.0,43552.0
2014-04-23,43744.0,43744.0
2014-04-24,44272.0,44272.0
2014-04-25,44592.0,44592.0
2014-04-28,43600.0,43600.0
2014-04-29,42816.0,42816.0
2014-04-30,42896.0,42896.0
2014-05-01,42864.0,42864.0
2014-05-02,42688.0,42688.0
2014-05-05,42160.0,42160.0
2014-05-06,42432.0,42432.0
2014-05-07,41616.0,41616.0
2014-05-08,41760.0,41760.0
2014-05-09,40784.0,40784.0
2014-05-12,39584.0,39584.0
2014-05-13,39712.0,39712.0
2014-05-14,39504.0,39504.0
2014-05-15,39888.0,39888.0
2014-05-16,38960.0,38960.0
2014-05-19,38512.0,38512.0
2014-05-20,38144.0,38144.0
2014-05-21,37552.0,37552.0
2014-05-22,37568.0,37568.0
2014-05-23,37216.0,37216.0
2014-05-27,36144.0,36144.0
2014-05-28,36032.0,36032.0
2014-05-29,35840.0,35840.0
2014-05-30,35808.0,35808.0
2014-06-02,35584.0,35584.0
2014-06-03,35744.0,35744.0
2014-06-04,35376.0,35376.0
2014-06-05,34048.0,34048.0
2014-06-06,32336.0,32336.0
2014-06-09,32800.0,32800.0
2014-06-10,32224.0,32224.0
2014-06-11,32960.0,32960.0
2014-06-12,34528.0,34528.0
2014-06-13,33904.0,33904.0
2014-06-16,33856.0,33856.0
2014-06-17,32704.0,32704.0
2014-06-18,30992.0,30992.0
2014-06-19,31072.0,31072.0
2014-06-20,31552.0,31552.0
2014-06-23,30752.0,30752.0
2014-06-24,31856.0,31856.0
2014-06-25,30656.0,30656.0
2014-06-26,31056.0,31056.0
2014-06-27,30816.0,30816.0
2014-06-30,30448.0,30448.0
2014-07-01,29696.0,29696.0
2014-07-02,29408.0,29408.0
2014-07-03,28960.0,28960.0
2014-07-07,29552.0,29552.0
2014-07-08,30080.0,30080.0
2014-07-09,29440.0,29440.0
2014-07-10,30512.0,30512.0
2014-07-11,30128.0,30128.0
2014-07-14,29296.0,29296.0
2014-07-15,29808.0,29808.0
2014-07-16,29072.0,29072.0
2014-07-17,31920.0,31920.0
2014-07-18,29664.0,29664.0
2014-07-21,30432.0,30432.0
2014-07-22,29792.0,29792.0
2014-07-23,30064.0,30064.0
2014-07-24,29872.0,29872.0
2014-07-25,30720.0,30720.0
2014-07-28,30592.0,30592.0
2014-07-29,30480.0,30480.0
2014-07-30,31024.0,31024.0
2014-07-31,33696.0,33696.0
2014-08-01,35296.0,35296.0
2014-08-04,33664.0,33664.0
2014-08-05,36048.0,36048.0
2014-08-06,36208.0,36208.0
2014-08-07,36960.0,36960.0
2014-08-08,35472.0,35472.0
2014-08-11,34000.0,34000.0
2014-08-12,33744.0,33744.0
2014-08-13,31920.0,31920.0
2014-08-14,30816.0,30816.0
2014-08-15,30848.0,30848.0
2014-08-18,29648.0,29648.0
2014-08-19,29344.0,29344.0
2014-08-20,29568.0,29568.0
2014-08-21,29648.0,29648.0
2014-08-22,29536.0,29536.0
2014-08-25,29216.0,29216.0
2014-08-26,29488.0,29488.0
2014-08-27,29696.0,29696.0
2014-08-28,30192.0,30192.0
2014-08-29,29984.0,29984.0
2014-09-02,30192.0,30192.0
2014-09-03,29792.0,29792.0
2014-09-04,29856.0,29856.0
2014-09-05,29280.0,29280.0
2014-09-08,29344.0,29344.0
2014-09-09,30128.0,30128.0
2014-09-10,29872.0,29872.0
2014-09-11,29840.0,29840.0
2014-09-12,30512.0,30512.0
2014-09-15,31280.0,31280.0
2014-09-16,29728.0,29728.0
2014-09-17,29440.0,29440.0
2014-09-18,29008.0,29008.0
2014-09-19,29056.0,29056.0
2014-09-22,30016.0,30016.0
2014-09-23,31168.0,31168.0
2014-09-24,30128.0,30128.0
2014-09-25,32400.0,32400.0
2014-09-26,31280.0,31280.0
2014-09-29,32848.0,32848.0
2014-09-30,33248.0,33248.0
2014-10-01,33968.0,33968.0
2014-10-02,33600.0,33600.0
2014-10-03,31568.0,31568.0
2014-10-06,32080.0,32080.0
2014-10-07,34368.0,34368.0
2014-10-08,31456.0,31456.0
2014-10-09,34352.0,34352.0
2014-10-10,38240.0,38240.0
2014-10-13,42144.0,42144.0
2014-10-14,41536.0,41536.0
2014-10-15,42000.0,42000.0
2014-10-16,42976.0,42976.0
2014-10-17,40976.0,40976.0
2014-10-20,37984.0,37984.0
2014-10-21,35120.0,35120.0
2014-10-22,37872.0,37872.0
2014-10-23,35680.0,35680.0
2014-10-24,35296.0,35296.0
2014-10-27,34736.0,34736.0
2014-10-28,32496.0,32496.0
2014-10-29,32992.0,32992.0
2014-10-30,33152.0,33152.0
2014-10-31,32288.0,32288.0
2014-11-03,32816.0,32816.0
2014-11-04,32576.0,32576.0
2014-11-05,32208.0,32208.0
2014-11-06,31360.0,31360.0
2014-11-07,30912.0,30912.0
2014-11-10,29712.0,29712.0
2014-11-11,29696.0,29696.0
2014-11-12,30064.0,30064.0
2014-11-13,30416.0,30416.0
2014-11-14,30496.0,30496.0
2014-11-17,30416.0,30416.0
2014-11-18,29856.0,29856.0
2014-11-19,30608.0,30608.0
2014-11-20,30336.0,30336.0
2014-11-21,29712.0,29712.0
2014-11-24,29072.0,29072.0
2014-11-25,28880.0,28880.0
2014-11-26,28400.0,28400.0
2014-11-28,29152.0,29152.0
2014-12-01,30368.0,30368.0
2014-12-02,28640.0,28640.0
2014-12-03,28240.0,28240.0
2014-12-04,28336.0,28336.0
2014-12-05,27776.0,27776.0
2014-12-08,28784.0,28784.0
2014-12-09,29136.0,29136.0
2014-12-10,32240.0,32240.0
2014-12-11,34240.0,34240.0
2014-12-12,36016.0,36016.0
2014-12-15,35168.0,35168.0
2014-12-16,36896.0,36896.0
2014-12-17,33168.0,33168.0
2014-12-18,32112.0,32112.0
2014-12-19,31824.0,31824.0
2014-12-22,30336.0,30336.0
2014-12-23,30352.0,30352.0
2014-12-24,30096.0,30096.0
2014-12-26,30368.0,30368.0
2014-12-29,30304.0,30304.0
2014-12-30,31056.0,31056.0
2014-12-31,33584.0,33584.0
2015-01-02,32976.0,32976.0
2015-01-05,35440.0,35440.0
2015-01-06,36208.0,36208.0
2015-01-07,35008.0,35008.0
2015-01-08,32768.0,32768.0
2015-01-09,34048.0,34048.0
2015-01-12,35664.0,35664.0
2015-01-13,36688.0,36688.0
2015-01-14,37344.0,37344.0
2015-01-15,38496.0,38496.0
2015-01-16,37680.0,37680.0
2015-01-20,37344.0,37344.0
2015-01-21,35536.0,35536.0
2015-01-22,33296.0,33296.0
2015-01-23,34144.0,34144.0
2015-01-26,32608.0,32608.0
2015-01-27,34016.0,34016.0
2015-01-28,36896.0,36896.0
2015-01-29,35648.0,35648.0
2015-01-30,39280.0,39280.0
2015-02-02,37136.0,37136.0
2015-02-03,35376.0,35376.0
2015-02-04,36368.0,36368.0
2015-02-05,35008.0,35008.0
2015-02-06,36512.0,36512.0
2015-02-09,36688.0,36688.0
2015-02-10,35296.0,35296.0
2015-02-11,35440.0,35440.0
2015-02-12,33344.0,33344.0
2015-02-13,32944.0,32944.0
2015-02-17,33024.0,33024.0
2015-02-18,32736.0,32736.0
2015-02-19,32016.0,32016.0
2015-02-20,30864.0,30864.0
2015-02-23,30976.0,30976.0
2015-02-24,29680.0,29680.0
2015-02-25,29888.0,29888.0
2015-02-26,29520.0,29520.0
2015-02-27,29408.0,29408.0
2015-03-02,28384.0,28384.0
2015-03-03,29008.0,29008.0
2015-03-04,28928.0,28928.0
2015-03-05,28544.0,28544.0
2015-03-06,29856.0,29856.0
2015-03-09,29440.0,29440.0
2015-03-10,30384.0,30384.0
2015-03-11,31040.0,31040.0
2015-03-12,29200.0,29200.0
2015-03-13,29872.0,29872.0
2015-03-16,29200.0,29200.0
2015-03-17,29008.0,29008.0
2015-03-18,27760.0,27760.0
2015-03-19,27808.0,27808.0
2015-03-20,27360.0,27360.0
2015-03-23,26864.0,26864.0
2015-03-24,26720.0,26720.0
2015-03-25,27952.0,27952.0
2015-03-26,27712.0,27712.0
2015-03-27,27376.0,27376.0
2015-03-30,26528.0,26528.0
2015-03-31,27216.0,27216.0
2015-04-01,27200.0,27200.0
2015-04-02,26656.0,26656.0
2015-04-06,26016.0,26016.0
2015-04-07,26032.0,26032.0
2015-04-08,25520.0,25520.0
2015-04-09,24640.0,24640.0
2015-04-10,23552.0,23552.0
2015-04-13,24160.0,24160.0
2015-04-14,23920.0,23920.0
2015-04-15,23392.0,23392.0
2015-04-16,22912.0,22912.0
2015-04-17,23664.0,23664.0
2015-04-20,22896.0,22896.0
2015-04-21,22896.0,22896.0
2015-04-22,22656.0,22656.0
2015-04-23,22448.0,22448.0
2015-04-24,22208.0,22208.0
2015-04-27,22896.0,22896.0
2015-04-28,22048.0,22048.0
2015-04-29,22656.0,22656.0
2015-04-30,23264.0,23264.0
2015-05-01,22112.0,22112.0
2015-05-04,22176.0,22176.0
2015-05-05,22896.0,22896.0
2015-05-06,23312.0,23312.0
2015-05-07,23104.0,23104.0
2015-05-08,21920.0,21920.0
2015-05-11,22512.0,22512.0
2015-05-12,22416.0,22416.0
2015-05-13,22016.0,22016.0
2015-05-14,21552.0,21552.0
2015-05-15,21360.0,21360.0
2015-05-18,20672.0,20672.0
2015-05-19,20368.0,20368.0
2015-05-20,20416.0,20416.0
2015-05-21,19824.0,19824.0
2015-05-22,19872.0,19872.0
2015-05-26,20672.0,20672.0
2015-05-27,19888.0,19888.0
2015-05-28,20128.0,20128.0
2015-05-29,20240.0,20240.0
2015-06-01,20064.0,20064.0
2015-06-02,20368.0,20368.0
2015-06-03,20016.0,20016.0
2015-06-04,20688.0,20688.0
2015-06-05,20320.0,20320.0
2015-06-08,20752.0,20752.0
2015-06-09,20496.0,20496.0
2015-06-10,19648.0,19648.0
2015-06-11,19216.0,19216.0
2015-06-12,19456.0,19456.0
2015-06-15,20304.0,20304.0
2015-06-16,19888.0,19888.0
2015-06-17,19824.0,19824.0
2015-06-18,19280.0,19280.0
2015-06-19,19488.0,19488.0
2015-06-22,18576.0,18576.0
2015-06-23,18080.0,18080.0
2015-06-24,18464.0,18464.0
2015-06-25,18592.0,18592.0
2015-06-26,18480.0,18480.0
2015-06-29,21632.0,21632.0
2015-06-30,21472.0,21472.0
2015-07-01,19984.0,19984.0
2015-07-02,21264.0,21264.0
2015-07-06,21808.0,21808.0
2015-07-07,20656.0,20656.0
2015-07-08,22736.0,22736.0
2015-07-09,22880.0,22880.0
2015-07-10,21136.0,21136.0
2015-07-13,19104.0,19104.0
2015-07-14,18912.0,18912.0
2015-07-15,18864.0,18864.0
2015-07-16,17632.0,17632.0
2015-07-17,17488.0,17488.0
2015-07-20,17424.0,17424.0
2015-07-21,17264.0,17264.0
2015-07-22,17168.0,17168.0
2015-07-23,17392.0,17392.0
2015-07-24,17984.0,17984.0
2015-07-27,18928.0,18928.0
2015-07-28,17488.0,17488.0
2015-07-29,17216.0,17216.0
2015-07-30,17104.0,17104.0
2015-07-31,17072.0,17072.0
2015-08-03,16832.0,16832.0
2015-08-04,16896.0,16896.0
2015-08-05,16720.0,16720.0
2015-08-06,17360.0,17360.0
2015-08-07,17200.0,17200.0
2015-08-10,16560.0,16560.0
2015-08-11,17328.0,17328.0
2015-08-12,17280.0,17280.0
2015-08-13,17088.0,17088.0
2015-08-14,17056.0,17056.0
2015-08-17,16848.0,16848.0
2015-08-18,17040.0,17040.0
2015-08-19,17360.0,17360.0
2015-08-20,18880.0,18880.0
2015-08-21,22016.0,22016.0
2015-08-24,25952.0,25952.0
2015-08-25,28288.0,28288.0
2015-08-26,25616.0,25616.0
2015-08-27,26288.0,26288.0
2015-08-28,27584.0,27584.0
2015-08-31,28624.0,28624.0
2015-09-01,32688.0,32688.0
2015-09-02,29296.0,29296.0
2015-09-03,29104.0,29104.0
2015-09-04,31232.0,31232.0
2015-09-08,28544.0,28544.0
2015-09-09,29120.0,29120.0
2015-09-10,28416.0,28416.0
2015-09-11,27760.0,27760.0
2015-09-14,27824.0,27824.0
2015-09-15,25024.0,25024.0
2015-09-16,23632.0,23632.0
2015-09-17,23408.0,23408.0
2015-09-18,26272.0,26272.0
2015-09-21,24528.0,24528.0
2015-09-22,25952.0,25952.0
2015-09-23,25392.0,25392.0
2015-09-24,26080.0,26080.0
2015-09-25,26752.0,26752.0
2015-09-28,28624.0,28624.0
2015-09-29,28656.0,28656.0
2015-09-30,27328.0,27328.0
2015-10-01,27008.0,27008.0
2015-10-02,25632.0,25632.0
2015-10-05,24192.0,24192.0
2015-10-06,24432.0,24432.0
2015-10-07,23840.0,23840.0
2015-10-08,22688.0,22688.0
2015-10-09,22672.0,22672.0
2015-10-12,21264.0,21264.0
2015-10-13,22448.0,22448.0
2015-10-14,22848.0,22848.0
2015-10-15,21232.0,21232.0
2015-10-16,20992.0,20992.0
2015-10-19,19488.0,19488.0
2015-10-20,20224.0,20224.0
2015-10-21,21632.0,21632.0
2015-10-22,19664.0,19664.0
2015-10-23,19824.0,19824.0
2015-10-26,20496.0,20496.0
2015-10-27,20064.0,20064.0
2015-10-28,19488.0,19488.0
2015-10-29,19728.0,19728.0
2015-10-30,20048.0,20048.0
2015-11-02,19008.0,19008.0
2015-11-03,19408.0,19408.0
2015-11-04,20048.0,20048.0
2015-11-05,19616.0,19616.0
2015-11-06,19200.0,19200.0
2015-11-09,20256.0,20256.0
2015-11-10,19648.0,19648.0
2015-11-11,20080.0,20080.0
2015-11-12,21856.0,21856.0
2015-11-13,23360.0,23360.0
2015-11-16,21008.0,21008.0
2015-11-17,22160.0,22160.0
2015-11-18,20688.0,20688.0
2015-11-19,21424.0,21424.0
2015-11-20,20672.0,20672.0
2015-11-23,20144.0,20144.0
2015-11-24,20240.0,20240.0
2015-11-25,19936.0,19936.0
2015-11-27,20112.0,20112.0
2015-11-30,19984.0,19984.0
2015-12-01,19152.0,19152.0
2015-12-02,19872.0,19872.0
2015-12-03,21328.0,21328.0
2015-12-04,19344.0,19344.0
2015-12-07,19840.0,19840.0
2015-12-08,20432.0,20432.0
2015-12-09,21296.0,21296.0
2015-12-10,21552.0,21552.0
2015-12-11,24784.0,24784.0
2015-12-14,22992.0,22992.0
2015-12-15,22048.0,22048.0
2015-12-16,20544.0,20544.0
2015-12-17,21440.0,21440.0
2015-12-18,23184.0,23184.0
2015-12-21,22064.0,22064.0
2015-12-22,20944.0,20944.0
2015-12-23,20464.0,20464.0
2015-12-24,20816.0,20816.0
2015-12-28,20592.0,20592.0
2015-12-29,20256.0,20256.0
2015-12-30,20848.0,20848.0
2015-12-31,21328.0,21328.0
2016-01-04,22720.0,22720.0
2016-01-05,21936.0,21936.0
2016-01-06,22656.0,22656.0
2016-01-07,25088.0,25088.0
2016-01-08,26384.0,26384.0
2016-01-11,25552.0,25552.0
2016-01-12,24304.0,24304.0
2016-01-13,26816.0,26816.0
2016-01-14,25808.0,25808.0
2016-01-15,28384.0,28384.0
2016-01-19,28368.0,28368.0
2016-01-20,29120.0,29120.0
2016-01-21,28992.0,28992.0
2016-01-22,26560.0,26560.0
2016-01-25,27824.0,27824.0
2016-01-26,26528.0,26528.0
2016-01-27,27632.0,27632.0
2016-01-28,26736.0,26736.0
2016-01-29,25584.0,25584.0
2016-02-01,25264.0,25264.0
2016-02-02,26944.0,26944.0
2016-02-03,26640.0,26640.0
2016-02-04,26896.0,26896.0
2016-02-05,27968.0,27968.0
2016-02-08,29312.0,29312.0
2016-02-09,29568.0,29568.0
2016-02-10,29776.0,29776.0
2016-02-11,31616.0,31616.0
2016-02-12,30304.0,30304.0
2016-02-16,28896.0,28896.0
2016-02-17,27728.0,27728.0
2016-02-18,27664.0,27664.0
2016-02-19,26944.0,26944.0
2016-02-22,25424.0,25424.0
2016-02-23,26720.0,26720.0
2016-02-24,26528.0,26528.0
2016-02-25,25584.0,25584.0
2016-02-26,25984.0,25984.0
2016-02-29,26336.0,26336.0
2016-03-01,24080.0,24080.0
2016-03-02,23632.0,23632.0
2016-03-03,22880.0,22880.0
2016-03-04,23136.0,23136.0
2016-03-07,23200.0,23200.0
2016-03-08,24080.0,24080.0
2016-03-09,23760.0,23760.0
2016-03-10,23296.0,23296.0
2016-03-11,22160.0,22160.0
2016-03-14,21776.0,21776.0
2016-03-15,22096.0,22096.0
2016-03-16,21312.0,21312.0
2016-03-17,20640.0,20640.0
2016-03-18,20480.0,20480.0
2016-03-21,19904.0,19904.0
2016-03-22,19616.0,19616.0
2016-03-23,20576.0,20576.0
2016-03-24,20464.0,20464.0
2016-03-28,20176.0,20176.0
2016-03-29,18992.0,18992.0
2016-03-30,18544.0,18544.0
2016-03-31,18688.0,18688.0
2016-04-01,18112.0,18112.0
2016-04-04,18624.0,18624.0
2016-04-05,19664.0,19664.0
2016-04-06,18368.0,18368.0
2016-04-07,20064.0,20064.0
2016-04-08,19568.0,19568.0
2016-04-11,19840.0,19840.0
2016-04-12,19168.0,19168.0
2016-04-13,18240.0,18240.0
2016-04-14,18160.0,18160.0
2016-04-15,17920.0,17920.0
2016-04-18,16800.0,16800.0
2016-04-19,16960.0,16960.0
2016-04-20,17056.0,17056.0
2016-04-21,17376.0,17376.0
2016-04-22,16928.0,16928.0
2016-04-25,17120.0,17120.0
2016-04-26,16768.0,16768.0
2016-04-27,16272.0,16272.0
2016-04-28,17216.0,17216.0
2016-04-29,17760.0,17760.0
2016-05-02,16720.0,16720.0
2016-05-03,17472.0,17472.0
2016-05-04,17696.0,17696.0
2016-05-05,17696.0,17696.0
2016-05-06,16896.0,16896.0
2016-05-09,16528.0,16528.0
2016-05-10,15712.0,15712.0
2016-05-11,16256.0,16256.0
2016-05-12,16032.0,16032.0
2016-05-13,16608.0,16608.0
2016-05-16,15840.0,15840.0
2016-05-17,16544.0,16544.0
2016-05-18,16496.0,16496.0
2016-05-19,16576.0,16576.0
2016-05-20,15984.0,15984.0
2016-05-23,15888.0,15888.0
2016-05-24,15216.0,15216.0
2016-05-25,14944.0,14944.0
2016-05-26,14784.0,14784.0
2016-05-27,14384.0,14384.0
2016-05-31,14368.0,14368.0
2016-06-01,14208.0,14208.0
2016-06-02,13856.0,13856.0
2016-06-03,13776.0,13776.0
2016-06-06,13616.0,13616.0
2016-06-07,13632.0,13632.0
2016-06-08,13728.0,13728.0
2016-06-09,13968.0,13968.0
2016-06-10,15232.0,15232.0
2016-06-13,17504.0,17504.0
2016-06-14,17120.0,17120.0
2016-06-15,16928.0,16928.0
2016-06-16,16496.0,16496.0
2016-06-17,16496.0,16496.0
2016-06-20,15328.0,15328.0
2016-06-21,15424.0,15424.0
2016-06-22,15968.0,15968.0
2016-06-23,14368.0,14368.0
2016-06-24,17824.0,17824.0
2016-06-27,17808.0,17808.0
2016-06-28,16000.0,16000.0
2016-06-29,15152.0,15152.0
2016-06-30,14656.0,14656.0
2016-07-01,14224.0,14224.0
2016-07-05,14480.0,14480.0
2016-07-06,14128.0,14128.0
2016-07-07,13872.0,13872.0
2016-07-08,12960.0,12960.0
2016-07-11,12976.0,12976.0
2016-07-12,12672.0,12672.0
2016-07-13,12496.0,12496.0
2016-07-14,12448.0,12448.0
2016-07-15,12416.0,12416.0
2016-07-18,12192.0,12192.0
2016-07-19,12160.0,12160.0
2016-07-20,11824.0,11824.0
2016-07-21,12176.0,12176.0
2016-07-22,11872.0,11872.0
2016-07-25,11792.0,11792.0
2016-07-26,11686.400390625,11686.400390625
2016-07-27,11420.7998046875,11420.7998046875
2016-07-28,11206.400390625,11206.400390625
2016-07-29,10816.0,10816.0
2016-08-01,10630.400390625,10630.400390625
2016-08-02,11059.2001953125,11059.2001953125
2016-08-03,10780.7998046875,10780.7998046875
2016-08-04,10467.2001953125,10467.2001953125
2016-08-05,10121.599609375,10121.599609375
2016-08-08,9891.2001953125,9891.2001953125
2016-08-09,9731.2001953125,9731.2001953125
2016-08-10,9964.7998046875,9964.7998046875
2016-08-11,9916.7998046875,9916.7998046875
2016-08-12,9811.2001953125,9811.2001953125
2016-08-15,9657.599609375,9657.599609375
2016-08-16,9987.2001953125,9987.2001953125
2016-08-17,9737.599609375,9737.599609375
2016-08-18,9561.599609375,9561.599609375
2016-08-19,9603.2001953125,9603.2001953125
2016-08-22,9638.400390625,9638.400390625
2016-08-23,9612.7998046875,9612.7998046875
2016-08-24,9820.7998046875,9820.7998046875
2016-08-25,9840.0,9840.0
2016-08-26,9868.7998046875,9868.7998046875
2016-08-29,9657.599609375,9657.599609375
2016-08-30,9590.400390625,9590.400390625
2016-08-31,9632.0,9632.0
2016-09-01,9584.0,9584.0
2016-09-02,9241.599609375,9241.599609375
2016-09-06,9011.2001953125,9011.2001953125
2016-09-07,8880.0,8880.0
2016-09-08,8908.7998046875,8908.7998046875
2016-09-09,10355.2001953125,10355.2001953125
2016-09-12,9644.7998046875,9644.7998046875
2016-09-13,10950.400390625,10950.400390625
2016-09-14,10883.2001953125,10883.2001953125
2016-09-15,10470.400390625,10470.400390625
2016-09-16,10339.2001953125,10339.2001953125
2016-09-19,10083.2001953125,10083.2001953125
2016-09-20,10003.2001953125,10003.2001953125
2016-09-21,9219.2001953125,9219.2001953125
2016-09-22,8924.7998046875,8924.7998046875
2016-09-23,8988.7998046875,8988.7998046875
2016-09-26,9484.7998046875,9484.7998046875
2016-09-27,8976.0,8976.0
2016-09-28,8880.0,8880.0
2016-09-29,9433.599609375,9433.599609375
2016-09-30,9065.599609375,9065.599609375
2016-10-03,9008.0,9008.0
2016-10-04,8988.7998046875,8988.7998046875
2016-10-05,8918.400390625,8918.400390625
2016-10-06,8835.2001953125,8835.2001953125
2016-10-07,8854.400390625,8854.400390625
2016-10-10,8652.7998046875,8652.7998046875
2016-10-11,9129.599609375,9129.599609375
2016-10-12,9145.599609375,9145.599609375
2016-10-13,9433.599609375,9433.599609375
2016-10-14,9328.0,9328.0
2016-10-17,9289.599609375,9289.599609375
2016-10-18,8915.2001953125,8915.2001953125
2016-10-19,8700.7998046875,8700.7998046875
2016-10-20,8592.0,8592.0
2016-10-21,8406.400390625,8406.400390625
2016-10-24,8118.39990234375,8118.39990234375
2016-10-25,8188.7998046875,8188.7998046875
2016-10-26,8393.599609375,8393.599609375
2016-10-27,8550.400390625,8550.400390625
2016-10-28,8908.7998046875,8908.7998046875
2016-10-31,9094.400390625,9094.400390625
2016-11-01,9360.0,9360.0
2016-11-02,9571.2001953125,9571.2001953125
2016-11-03,10099.2001953125,10099.2001953125
2016-11-04,10108.7998046875,10108.7998046875
2016-11-07,8838.400390625,8838.400390625
2016-11-08,8572.7998046875,8572.7998046875
2016-11-09,8371.2001953125,8371.2001953125
2016-11-10,8572.7998046875,8572.7998046875
2016-11-11,8377.599609375,8377.599609375
2016-11-14,8342.400390625,8342.400390625
2016-11-15,7987.2001953125,7987.2001953125
2016-11-16,8025.60009765625,8025.60009765625
2016-11-17,7785.60009765625,7785.60009765625
2016-11-18,7744.0,7744.0
2016-11-21,7398.39990234375,7398.39990234375
2016-11-22,7449.60009765625,7449.60009765625
2016-11-23,7456.0,7456.0
2016-11-25,7420.7998046875,7420.7998046875
2016-11-28,7478.39990234375,7478.39990234375
2016-11-29,7427.2001953125,7427.2001953125
2016-11-30,7436.7998046875,7436.7998046875
2016-12-01,7724.7998046875,7724.7998046875
2016-12-02,7728.0,7728.0
2016-12-05,7216.0,7216.0
2016-12-06,6966.39990234375,6966.39990234375
2016-12-07,6992.0,6992.0
2016-12-08,7001.60009765625,7001.60009765625
2016-12-09,6934.39990234375,6934.39990234375
2016-12-12,6979.2001953125,6979.2001953125
2016-12-13,7046.39990234375,7046.39990234375
2016-12-14,7020.7998046875,7020.7998046875
2016-12-15,6924.7998046875,6924.7998046875
2016-12-16,6828.7998046875,6828.7998046875
2016-12-19,6592.0,6592.0
2016-12-20,6473.60009765625,6473.60009765625
2016-12-21,6368.0,6368.0
2016-12-22,6464.0,6464.0
2016-12-23,6444.7998046875,6444.7998046875
2016-12-27,6342.39990234375,6342.39990234375
2016-12-28,6563.2001953125,6563.2001953125
2016-12-29,6675.2001953125,6675.2001953125
2016-12-30,6803.2001953125,6803.2001953125
2017-01-03,6316.7998046875,6316.7998046875
2017-01-04,5996.7998046875,5996.7998046875
2017-01-05,5971.2001953125,5971.2001953125
2017-01-06,5897.60009765625,5897.60009765625
2017-01-09,5878.39990234375,5878.39990234375
2017-01-10,5840.0,5840.0
2017-01-11,5715.2001953125,5715.2001953125
2017-01-12,5718.39990234375,5718.39990234375
2017-01-13,5728.0,5728.0
2017-01-17,5702.39990234375,5702.39990234375
2017-01-18,5680.0,5680.0
2017-01-19,5744.0,5744.0
2017-01-20,5520.0,5520.0
2017-01-23,5472.0,5472.0
2017-01-24,5216.0,5216.0
2017-01-25,5088.0,5088.0
2017-01-26,5123.2001953125,5123.2001953125
2017-01-27,5065.60009765625,5065.60009765625
2017-01-30,5206.39990234375,5206.39990234375
2017-01-31,5177.60009765625,5177.60009765625
2017-02-01,5091.2001953125,5091.2001953125
2017-02-02,5132.7998046875,5132.7998046875
2017-02-03,5020.7998046875,5020.7998046875
2017-02-06,5030.39990234375,5030.39990234375
2017-02-07,5062.39990234375,5062.39990234375
2017-02-08,5040.0,5040.0
2017-02-09,4937.60009765625,4937.60009765625
2017-02-10,4851.2001953125,4851.2001953125
2017-02-13,4700.7998046875,4700.7998046875
2017-02-14,4499.2001953125,4499.2001953125
2017-02-15,4652.7998046875,4652.7998046875
2017-02-16,4675.2001953125,4675.2001953125
2017-02-17,4688.0,4688.0
2017-02-21,4732.7998046875,4732.7998046875
2017-02-22,4761.60009765625,4761.60009765625
2017-02-23,4883.2001953125,4883.2001953125
2017-02-24,4825.60009765625,4825.60009765625
2017-02-27,4800.0,4800.0
2017-02-28,4915.2001953125,4915.2001953125
2017-03-01,4816.0,4816.0
2017-03-02,4822.39990234375,4822.39990234375
2017-03-03,4675.2001953125,4675.2001953125
2017-03-06,4592.0,4592.0
2017-03-07,4592.0,4592.0
2017-03-08,4627.2001953125,4627.2001953125
2017-03-09,4601.60009765625,4601.60009765625
2017-03-10,4537.60009765625,4537.60009765625
2017-03-13,4448.0,4448.0
2017-03-14,4528.0,4528.0
2017-03-15,4352.0,4352.0
2017-03-16,4268.7998046875,4268.7998046875
2017-03-17,4220.7998046875,4220.7998046875
2017-03-20,4211.2001953125,4211.2001953125
2017-03-21,4380.7998046875,4380.7998046875
2017-03-22,4403.2001953125,4403.2001953125
2017-03-23,4553.60009765625,4553.60009765625
2017-03-24,4470.39990234375,4470.39990234375
2017-03-27,4380.7998046875,4380.7998046875
2017-03-28,4140.7998046875,4140.7998046875
2017-03-29,4124.7998046875,4124.7998046875
2017-03-30,4140.7998046875,4140.7998046875
2017-03-31,4214.39990234375,4214.39990234375
2017-04-03,4233.60009765625,4233.60009765625
2017-04-04,4182.39990234375,4182.39990234375
2017-04-05,4316.7998046875,4316.7998046875
2017-04-06,4240.0,4240.0
2017-04-07,4390.39990234375,4390.39990234375
2017-04-10,4547.2001953125,4547.2001953125
2017-04-11,4755.2001953125,4755.2001953125
2017-04-12,4774.39990234375,4774.39990234375
2017-04-13,4870.39990234375,4870.39990234375
2017-04-17,4627.2001953125,4627.2001953125
2017-04-18,4588.7998046875,4588.7998046875
2017-04-19,4691.2001953125,4691.2001953125
2017-04-20,4579.2001953125,4579.2001953125
2017-04-21,4592.0,4592.0
2017-04-24,4105.60009765625,4105.60009765625
2017-04-25,4006.39990234375,4006.39990234375
2017-04-26,4038.39990234375,4038.39990234375
2017-04-27,4000.0,4000.0
2017-04-28,4003.199951171875,4003.199951171875
2017-05-01,3849.60009765625,3849.60009765625
2017-05-02,3856.0,3856.0
2017-05-03,3932.800048828125,3932.800048828125
2017-05-04,3840.0,3840.0
2017-05-05,3856.0,3856.0
2017-05-08,3760.0,3760.0
2017-05-09,3747.199951171875,3747.199951171875
2017-05-10,3763.199951171875,3763.199951171875
2017-05-11,3756.800048828125,3756.800048828125
2017-05-12,3750.39990234375,3750.39990234375
2017-05-15,3667.199951171875,3667.199951171875
2017-05-16,3635.199951171875,3635.199951171875
2017-05-17,4291.2001953125,4291.2001953125
2017-05-18,4188.7998046875,4188.7998046875
2017-05-19,3891.199951171875,3891.199951171875
2017-05-22,3718.39990234375,3718.39990234375
2017-05-23,3712.0,3712.0
2017-05-24,3619.199951171875,3619.199951171875
2017-05-25,3648.0,3648.0
2017-05-26,3590.39990234375,3590.39990234375
2017-05-30,3568.0,3568.0
2017-05-31,3596.800048828125,3596.800048828125
2017-06-01,3513.60009765625,3513.60009765625
2017-06-02,3516.800048828125,3516.800048828125
2017-06-05,3536.0,3536.0
2017-06-06,3616.0,3616.0
2017-06-07,3574.39990234375,3574.39990234375
2017-06-08,3497.60009765625,3497.60009765625
2017-06-09,3545.60009765625,3545.60009765625
2017-06-12,3584.0,3584.0
2017-06-13,3462.39990234375,3462.39990234375
2017-06-14,3446.39990234375,3446.39990234375
2017-06-15,3491.199951171875,3491.199951171875
2017-06-16,3452.800048828125,3452.800048828125
2017-06-19,3347.199951171875,3347.199951171875
2017-06-20,3440.0,3440.0
2017-06-21,3408.0,3408.0
2017-06-22,3376.0,3376.0
2017-06-23,3340.800048828125,3340.800048828125
2017-06-26,3270.39990234375,3270.39990234375
2017-06-27,3376.0,3376.0
2017-06-28,3280.0,3280.0
2017-06-29,3449.60009765625,3449.60009765625
2017-06-30,3401.60009765625,3401.60009765625
2017-07-03,3446.39990234375,3446.39990234375
2017-07-05,3440.0,3440.0
2017-07-06,3609.60009765625,3609.60009765625
2017-07-07,3491.199951171875,3491.199951171875
2017-07-10,3401.60009765625,3401.60009765625
2017-07-11,3392.0,3392.0
2017-07-12,3299.199951171875,3299.199951171875
2017-07-13,3264.0,3264.0
2017-07-14,3200.0,3200.0
2017-07-17,3114.39990234375,3114.39990234375
2017-07-18,3076.800048828125,3076.800048828125
2017-07-19,3040.800048828125,3040.800048828125
2017-07-20,3012.800048828125,3012.800048828125
2017-07-21,2984.800048828125,2984.800048828125
2017-07-24,2932.0,2932.0
2017-07-25,2944.0,2944.0
2017-07-26,2948.800048828125,2948.800048828125
2017-07-27,2972.800048828125,2972.800048828125
2017-07-28,3003.199951171875,3003.199951171875
2017-07-31,2982.39990234375,2982.39990234375
2017-08-01,2944.0,2944.0
2017-08-02,2960.0,2960.0
2017-08-03,2997.60009765625,2997.60009765625
2017-08-04,2984.800048828125,2984.800048828125
2017-08-07,2948.0,2948.0
2017-08-08,3032.0,3032.0
2017-08-09,3111.199951171875,3111.199951171875
2017-08-10,3535.199951171875,3535.199951171875
2017-08-11,3640.0,3640.0
2017-08-14,3165.60009765625,3165.60009765625
2017-08-15,3143.199951171875,3143.199951171875
2017-08-16,3124.800048828125,3124.800048828125
2017-08-17,3642.39990234375,3642.39990234375
2017-08-18,3535.199951171875,3535.199951171875
2017-08-21,3395.199951171875,3395.199951171875
2017-08-22,3145.60009765625,3145.60009765625
2017-08-23,3172.800048828125,3172.800048828125
2017-08-24,3260.800048828125,3260.800048828125
2017-08-25,3170.39990234375,3170.39990234375
2017-08-28,3142.39990234375,3142.39990234375
2017-08-29,3180.0,3180.0
2017-08-30,3163.199951171875,3163.199951171875
2017-08-31,3076.800048828125,3076.800048828125
2017-09-01,3068.0,3068.0
2017-09-05,3235.199951171875,3235.199951171875
2017-09-06,3160.0,3160.0
2017-09-07,3144.0,3144.0
2017-09-08,3220.800048828125,3220.800048828125
2017-09-11,3041.60009765625,3041.60009765625
2017-09-12,2960.0,2960.0
2017-09-13,2856.800048828125,2856.800048828125
2017-09-14,2895.199951171875,2895.199951171875
2017-09-15,2845.60009765625,2845.60009765625
2017-09-18,2720.0,2720.0
2017-09-19,2720.0,2720.0
2017-09-20,2722.39990234375,2722.39990234375
2017-09-21,2722.39990234375,2722.39990234375
2017-09-22,2737.60009765625,2737.60009765625
2017-09-25,2743.199951171875,2743.199951171875
2017-09-26,2709.60009765625,2709.60009765625
2017-09-27,2694.39990234375,2694.39990234375
2017-09-28,2653.60009765625,2653.60009765625
2017-09-29,2602.39990234375,2602.39990234375
2017-10-02,2547.199951171875,2547.199951171875
2017-10-03,2541.60009765625,2541.60009765625
2017-10-04,2546.39990234375,2546.39990234375
2017-10-05,2460.0,2460.0
2017-10-06,2465.60009765625,2465.60009765625
2017-10-09,2512.0,2512.0
2017-10-10,2458.39990234375,2458.39990234375
2017-10-11,2407.199951171875,2407.199951171875
2017-10-12,2392.800048828125,2392.800048828125
2017-10-13,2350.39990234375,2350.39990234375
2017-10-16,2308.0,2308.0
2017-10-17,2315.199951171875,2315.199951171875
2017-10-18,2302.39990234375,2302.39990234375
2017-10-19,2286.39990234375,2286.39990234375
2017-10-20,2244.0,2244.0
2017-10-23,2316.0,2316.0
2017-10-24,2340.0,2340.0
2017-10-25,2417.60009765625,2417.60009765625
2017-10-26,2406.39990234375,2406.39990234375
2017-10-27,2274.39990234375,2274.39990234375
2017-10-30,2294.39990234375,2294.39990234375
2017-10-31,2252.800048828125,2252.800048828125
2017-11-01,2264.800048828125,2264.800048828125
2017-11-02,2240.0,2240.0
2017-11-03,2235.199951171875,2235.199951171875
2017-11-06,2213.60009765625,2213.60009765625
2017-11-07,2227.199951171875,2227.199951171875
2017-11-08,2228.0,2228.0
2017-11-09,2261.60009765625,2261.60009765625
2017-11-10,2312.0,2312.0
2017-11-13,2319.199951171875,2319.199951171875
2017-11-14,2337.60009765625,2337.60009765625
2017-11-15,2423.199951171875,2423.199951171875
2017-11-16,2324.800048828125,2324.800048828125
2017-11-17,2288.0,2288.0
2017-11-20,2216.0,2216.0
2017-11-21,2129.60009765625,2129.60009765625
2017-11-22,2111.199951171875,2111.199951171875
2017-11-24,2101.60009765625,2101.60009765625
2017-11-27,2096.800048828125,2096.800048828125
2017-11-28,2068.800048828125,2068.800048828125
2017-11-29,2116.0,2116.0
2017-11-30,2122.39990234375,2122.39990234375
2017-12-01,2180.800048828125,2180.800048828125
2017-12-04,2163.199951171875,2163.199951171875
2017-12-05,2153.60009765625,2153.60009765625
2017-12-06,2152.800048828125,2152.800048828125
2017-12-07,2080.800048828125,2080.800048828125
2017-12-08,2015.199951171875,2015.199951171875
2017-12-11,1945.5999755859375,1945.5999755859375
2017-12-12,1950.4000244140625,1950.4000244140625
2017-12-13,1943.199951171875,1943.199951171875
2017-12-14,1934.4000244140625,1934.4000244140625
2017-12-15,1868.800048828125,1868.800048828125
2017-12-18,1843.199951171875,1843.199951171875
2017-12-19,1851.199951171875,1851.199951171875
2017-12-20,1845.5999755859375,1845.5999755859375
2017-12-21,1831.199951171875,1831.199951171875
2017-12-22,1842.4000244140625,1842.4000244140625
2017-12-26,1842.4000244140625,1842.4000244140625
2017-12-27,1852.800048828125,1852.800048828125
2017-12-28,1822.4000244140625,1822.4000244140625
2017-12-29,1852.0,1852.0
2018-01-02,1786.4000244140625,1786.4000244140625
2018-01-03,1751.199951171875,1751.199951171875
2018-01-04,1745.5999755859375,1745.5999755859375
2018-01-05,1746.4000244140625,1746.4000244140625
2018-01-08,1724.0,1724.0
2018-01-09,1741.5999755859375,1741.5999755859375
2018-01-10,1724.800048828125,1724.800048828125
2018-01-11,1714.4000244140625,1714.4000244140625
2018-01-12,1715.199951171875,1715.199951171875
2018-01-16,1820.800048828125,1820.800048828125
2018-01-17,1778.4000244140625,1778.4000244140625
2018-01-18,1787.199951171875,1787.199951171875
2018-01-19,1780.800048828125,1780.800048828125
2018-01-22,1743.199951171875,1743.199951171875
2018-01-23,1771.199951171875,1771.199951171875
2018-01-24,1817.5999755859375,1817.5999755859375
2018-01-25,1848.0,1848.0
2018-01-26,1834.4000244140625,1834.4000244140625
2018-01-29,1968.0,1968.0
2018-01-30,2030.4000244140625,2030.4000244140625
2018-01-31,1984.0,1984.0
2018-02-01,1923.199951171875,1923.199951171875
2018-02-02,2184.800048828125,2184.800048828125
2018-02-05,2932.800048828125,2932.800048828125
2018-02-06,2837.60009765625,2837.60009765625
2018-02-07,2949.60009765625,2949.60009765625
2018-02-08,3661.60009765625,3661.60009765625
2018-02-09,3312.800048828125,3312.800048828125
2018-02-12,3174.39990234375,3174.39990234375
2018-02-13,3177.60009765625,3177.60009765625
2018-02-14,2806.39990234375,2806.39990234375
2018-02-15,2752.0,2752.0
2018-02-16,2790.39990234375,2790.39990234375
2018-02-20,2911.199951171875,2911.199951171875
2018-02-21,2949.60009765625,2949.60009765625
2018-02-22,2899.199951171875,2899.199951171875
2018-02-23,2679.199951171875,2679.199951171875
2018-02-26,2568.0,2568.0
2018-02-27,2809.60009765625,2809.60009765625
2018-02-28,2935.199951171875,2935.199951171875
2018-03-01,3134.39990234375,3134.39990234375
2018-03-02,3009.60009765625,3009.60009765625
2018-03-05,2869.60009765625,2869.60009765625
2018-03-06,2891.199951171875,2891.199951171875
2018-03-07,2858.39990234375,2858.39990234375
2018-03-08,2752.0,2752.0
2018-03-09,2533.60009765625,2533.60009765625
2018-03-12,2639.199951171875,2639.199951171875
2018-03-13,2696.0,2696.0
2018-03-14,2749.60009765625,2749.60009765625
2018-03-15,2664.800048828125,2664.800048828125
2018-03-16,2621.60009765625,2621.60009765625
2018-03-19,2865.60009765625,2865.60009765625
2018-03-20,2805.60009765625,2805.60009765625
2018-03-21,2773.60009765625,2773.60009765625
2018-03-22,3135.199951171875,3135.199951171875
2018-03-23,3312.0,3312.0
2018-03-26,3055.199951171875,3055.199951171875
2018-03-27,3300.0,3300.0
2018-03-28,3372.0,3372.0
2018-03-29,3132.0,3132.0
2018-04-02,3429.60009765625,3429.60009765625
2018-04-03,3278.39990234375,3278.39990234375
2018-04-04,3224.800048828125,3224.800048828125
2018-04-05,3104.800048828125,3104.800048828125
2018-04-06,3299.199951171875,3299.199951171875
2018-04-09,3300.0,3300.0
2018-04-10,3216.800048828125,3216.800048828125
2018-04-11,3242.39990234375,3242.39990234375
2018-04-12,3109.60009765625,3109.60009765625
2018-04-13,2995.199951171875,2995.199951171875
2018-04-16,2844.800048828125,2844.800048828125
2018-04-17,2674.39990234375,2674.39990234375
2018-04-18,2684.0,2684.0
2018-04-19,2724.800048828125,2724.800048828125
2018-04-20,2804.800048828125,2804.800048828125
2018-04-23,2773.60009765625,2773.60009765625
2018-04-24,2919.199951171875,2919.199951171875
2018-04-25,2941.60009765625,2941.60009765625
2018-04-26,2797.60009765625,2797.60009765625
2018-04-27,2743.199951171875,2743.199951171875
2018-04-30,2746.39990234375,2746.39990234375
2018-05-01,2706.39990234375,2706.39990234375
2018-05-02,2688.800048828125,2688.800048828125
2018-05-03,2741.60009765625,2741.60009765625
2018-05-04,2656.0,2656.0
2018-05-07,2639.199951171875,2639.199951171875
2018-05-08,2631.199951171875,2631.199951171875
2018-05-09,2521.60009765625,2521.60009765625
2018-05-10,2408.800048828125,2408.800048828125
2018-05-11,2369.60009765625,2369.60009765625
2018-05-14,2291.199951171875,2291.199951171875
2018-05-15,2453.60009765625,2453.60009765625
2018-05-16,2365.60009765625,2365.60009765625
2018-05-17,2304.800048828125,2304.800048828125
2018-05-18,2335.199951171875,2335.199951171875
2018-05-21,2261.60009765625,2261.60009765625
2018-05-22,2288.800048828125,2288.800048828125
2018-05-23,2247.199951171875,2247.199951171875
2018-05-24,2234.39990234375,2234.39990234375
2018-05-25,2263.199951171875,2263.199951171875
2018-05-29,2536.800048828125,2536.800048828125
2018-05-30,2412.800048828125,2412.800048828125
2018-05-31,2444.800048828125,2444.800048828125
2018-06-01,2342.39990234375,2342.39990234375
2018-06-04,2244.0,2244.0
2018-06-05,2219.199951171875,2219.199951171875
2018-06-06,2134.39990234375,2134.39990234375
2018-06-07,2165.60009765625,2165.60009765625
2018-06-08,2151.199951171875,2151.199951171875
2018-06-11,2121.60009765625,2121.60009765625
2018-06-12,2112.0,2112.0
2018-06-13,2140.0,2140.0
2018-06-14,2072.0,2072.0
2018-06-15,2089.60009765625,2089.60009765625
2018-06-18,2063.199951171875,2063.199951171875
2018-06-19,2163.199951171875,2163.199951171875
2018-06-20,2115.199951171875,2115.199951171875
2018-06-21,2254.39990234375,2254.39990234375
2018-06-22,2193.60009765625,2193.60009765625
2018-06-25,2513.60009765625,2513.60009765625
2018-06-26,2410.39990234375,2410.39990234375
2018-06-27,2548.0,2548.0
2018-06-28,2509.60009765625,2509.60009765625
2018-06-29,2441.60009765625,2441.60009765625
2018-07-02,2453.60009765625,2453.60009765625
2018-07-03,2472.800048828125,2472.800048828125
2018-07-05,2381.60009765625,2381.60009765625
2018-07-06,2262.39990234375,2262.39990234375
2018-07-09,2140.800048828125,2140.800048828125
2018-07-10,2100.800048828125,2100.800048828125
2018-07-11,2171.199951171875,2171.199951171875
2018-07-12,2095.199951171875,2095.199951171875
2018-07-13,2073.60009765625,2073.60009765625
2018-07-16,2060.0,2060.0
2018-07-17,2036.0,2036.0
2018-07-18,2018.4000244140625,2018.4000244140625
2018-07-19,2057.60009765625,2057.60009765625
2018-07-20,2064.800048828125,2064.800048828125
2018-07-23,2056.800048828125,2056.800048828125
2018-07-24,2016.0,2016.0
2018-07-25,2009.5999755859375,2009.5999755859375
2018-07-26,2015.199951171875,2015.199951171875
2018-07-27,2071.199951171875,2071.199951171875
2018-07-30,2129.60009765625,2129.60009765625
2018-07-31,2070.39990234375,2070.39990234375
2018-08-01,2052.0,2052.0
2018-08-02,2030.4000244140625,2030.4000244140625
2018-08-03,1999.199951171875,1999.199951171875
2018-08-06,1920.800048828125,1920.800048828125
2018-08-07,1884.0,1884.0
2018-08-08,1856.0,1856.0
2018-08-09,1881.5999755859375,1881.5999755859375
2018-08-10,1973.5999755859375,1973.5999755859375
2018-08-13,2092.800048828125,2092.800048828125
2018-08-14,1984.800048828125,1984.800048828125
2018-08-15,2109.60009765625,2109.60009765625
2018-08-16,1996.0,1996.0
2018-08-17,1944.0,1944.0
2018-08-20,1906.4000244140625,1906.4000244140625
2018-08-21,1947.199951171875,1947.199951171875
2018-08-22,1923.199951171875,1923.199951171875
2018-08-23,1908.800048828125,1908.800048828125
2018-08-24,1899.199951171875,1899.199951171875
2018-08-27,1905.5999755859375,1905.5999755859375
2018-08-28,1903.199951171875,1903.199951171875
2018-08-29,1903.199951171875,1903.199951171875
2018-08-30,1942.4000244140625,1942.4000244140625
2018-08-31,1915.199951171875,1915.199951171875
2018-09-04,1924.0,1924.0
2018-09-05,1940.800048828125,1940.800048828125
2018-09-06,2000.800048828125,2000.800048828125
2018-09-07,2034.4000244140625,2034.4000244140625
2018-09-10,1978.4000244140625,1978.4000244140625
2018-09-11,1916.800048828125,1916.800048828125
2018-09-12,1894.4000244140625,1894.4000244140625
2018-09-13,1839.199951171875,1839.199951171875
2018-09-14,1804.0,1804.0
2018-09-17,1853.5999755859375,1853.5999755859375
2018-09-18,1850.4000244140625,1850.4000244140625
2018-09-19,1784.0,1784.0
2018-09-20,1756.0,1756.0
2018-09-21,1757.5999755859375,1757.5999755859375
2018-09-24,1757.5999755859375,1757.5999755859375
2018-09-25,1772.800048828125,1772.800048828125
2018-09-26,1790.4000244140625,1790.4000244140625
2018-09-27,1758.4000244140625,1758.4000244140625
2018-09-28,1755.199951171875,1755.199951171875
2018-10-01,1736.800048828125,1736.800048828125
2018-10-02,1740.0,1740.0
2018-10-03,1723.199951171875,1723.199951171875
2018-10-04,1829.5999755859375,1829.5999755859375
2018-10-05,1867.199951171875,1867.199951171875
2018-10-08,1887.199951171875,1887.199951171875
2018-10-09,1921.5999755859375,1921.5999755859375
2018-10-10,2235.199951171875,2235.199951171875
2018-10-11,2434.39990234375,2434.39990234375
2018-10-12,2240.800048828125,2240.800048828125
2018-10-15,2272.800048828125,2272.800048828125
2018-10-16,2115.199951171875,2115.199951171875
2018-10-17,2139.199951171875,2139.199951171875
2018-10-18,2282.39990234375,2282.39990234375
2018-10-19,2260.800048828125,2260.800048828125
2018-10-22,2275.199951171875,2275.199951171875
2018-10-23,2365.60009765625,2365.60009765625
2018-10-24,2576.0,2576.0
2018-10-25,2492.800048828125,2492.800048828125
2018-10-26,2646.39990234375,2646.39990234375
2018-10-29,2649.60009765625,2649.60009765625
2018-10-30,2559.199951171875,2559.199951171875
2018-10-31,2476.0,2476.0
2018-11-01,2396.800048828125,2396.800048828125
2018-11-02,2412.800048828125,2412.800048828125
2018-11-05,2387.199951171875,2387.199951171875
2018-11-06,2309.60009765625,2309.60009765625
2018-11-07,2146.39990234375,2146.39990234375
2018-11-08,2128.0,2128.0
2018-11-09,2193.60009765625,2193.60009765625
2018-11-12,2372.0,2372.0
2018-11-13,2393.60009765625,2393.60009765625
2018-11-14,2452.800048828125,2452.800048828125
2018-11-15,2428.800048828125,2428.800048828125
2018-11-16,2316.0,2316.0
2018-11-19,2453.60009765625,2453.60009765625
2018-11-20,2596.0,2596.0
2018-11-21,2533.60009765625,2533.60009765625
2018-11-23,2550.39990234375,2550.39990234375
2018-11-26,2405.60009765625,2405.60009765625
2018-11-27,2359.199951171875,2359.199951171875
2018-11-28,2291.199951171875,2291.199951171875
2018-11-29,2336.0,2336.0
2018-11-30,2269.60009765625,2269.60009765625
2018-12-03,2145.60009765625,2145.60009765625
2018-12-04,2421.60009765625,2421.60009765625
2018-12-06,2472.0,2472.0
2018-12-07,2658.39990234375,2658.39990234375
2018-12-10,2645.60009765625,2645.60009765625
2018-12-11,2632.800048828125,2632.800048828125
2018-12-12,2611.199951171875,2611.199951171875
2018-12-13,2568.0,2568.0
2018-12-14,2669.60009765625,2669.60009765625
2018-12-17,2806.39990234375,2806.39990234375
2018-12-18,2820.800048828125,2820.800048828125
2018-12-19,2809.60009765625,2809.60009765625
2018-12-20,2952.800048828125,2952.800048828125
2018-12-21,3106.39990234375,3106.39990234375
2018-12-24,3254.39990234375,3254.39990234375
2018-12-26,3083.199951171875,3083.199951171875
2018-12-27,3209.60009765625,3209.60009765625
2018-12-28,3212.0,3212.0
2018-12-31,3088.800048828125,3088.800048828125
2019-01-02,2996.800048828125,2996.800048828125
2019-01-03,3137.60009765625,3137.60009765625
2019-01-04,2885.60009765625,2885.60009765625
2019-01-07,2824.800048828125,2824.800048828125
2019-01-08,2765.60009765625,2765.60009765625
2019-01-09,2701.60009765625,2701.60009765625
2019-01-10,2673.60009765625,2673.60009765625
2019-01-11,2586.39990234375,2586.39990234375
2019-01-14,2596.800048828125,2596.800048828125
2019-01-15,2480.0,2480.0
2019-01-16,2524.800048828125,2524.800048828125
2019-01-17,2499.199951171875,2499.199951171875
2019-01-18,2436.0,2436.0
2019-01-22,2659.199951171875,2659.199951171875
2019-01-23,2633.60009765625,2633.60009765625
2019-01-24,2548.800048828125,2548.800048828125
2019-01-25,2451.199951171875,2451.199951171875
2019-01-28,2556.0,2556.0
2019-01-29,2546.39990234375,2546.39990234375
2019-01-30,2432.800048828125,2432.800048828125
2019-01-31,2332.0,2332.0
2019-02-01,2308.800048828125,2308.800048828125
2019-02-04,2236.0,2236.0
2019-02-05,2220.0,2220.0
2019-02-06,2204.0,2204.0
2019-02-07,2280.800048828125,2280.800048828125
2019-02-08,2253.60009765625,2253.60009765625
2019-02-11,2228.0,2228.0
2019-02-12,2188.0,2188.0
2019-02-13,2180.800048828125,2180.800048828125
2019-02-14,2220.0,2220.0
2019-02-15,2144.800048828125,2144.800048828125
2019-02-19,2149.60009765625,2149.60009765625
2019-02-20,2066.39990234375,2066.39990234375
2019-02-21,2087.199951171875,2087.199951171875
2019-02-22,2010.4000244140625,2010.4000244140625
2019-02-25,2048.0,2048.0
2019-02-26,2066.39990234375,2066.39990234375
2019-02-27,2069.60009765625,2069.60009765625
2019-02-28,2065.60009765625,2065.60009765625
2019-03-01,1973.5999755859375,1973.5999755859375
2019-03-04,2021.5999755859375,2021.5999755859375
2019-03-05,2034.4000244140625,2034.4000244140625
2019-03-06,2086.39990234375,2086.39990234375
2019-03-07,2172.800048828125,2172.800048828125
2019-03-08,2185.60009765625,2185.60009765625
2019-03-11,2027.199951171875,2027.199951171875
2019-03-12,1968.0,1968.0
2019-03-13,1948.0,1948.0
2019-03-14,1917.5999755859375,1917.5999755859375
2019-03-15,1880.0,1880.0
2019-03-18,1884.800048828125,1884.800048828125
2019-03-19,1900.0,1900.0
2019-03-20,1917.5999755859375,1917.5999755859375
2019-03-21,1888.800048828125,1888.800048828125
2019-03-22,2108.0,2108.0
2019-03-25,2112.0,2112.0
2019-03-26,1999.199951171875,1999.199951171875
2019-03-27,2029.5999755859375,2029.5999755859375
2019-03-28,1985.5999755859375,1985.5999755859375
2019-03-29,1921.5999755859375,1921.5999755859375
2019-04-01,1889.5999755859375,1889.5999755859375
2019-04-02,1884.0,1884.0
2019-04-03,1897.5999755859375,1897.5999755859375
2019-04-04,1881.5999755859375,1881.5999755859375
2019-04-05,1840.800048828125,1840.800048828125
2019-04-08,1832.800048828125,1832.800048828125
2019-04-09,1897.5999755859375,1897.5999755859375
2019-04-10,1846.4000244140625,1846.4000244140625
2019-04-11,1807.199951171875,1807.199951171875
2019-04-12,1724.0,1724.0
2019-04-15,1704.0,1704.0
2019-04-16,1692.800048828125,1692.800048828125
2019-04-17,1702.4000244140625,1702.4000244140625
2019-04-18,1674.4000244140625,1674.4000244140625
2019-04-22,1660.800048828125,1660.800048828125
2019-04-23,1646.4000244140625,1646.4000244140625
2019-04-24,1685.5999755859375,1685.5999755859375
2019-04-25,1720.0,1720.0
2019-04-26,1664.0,1664.0
2019-04-29,1687.199951171875,1687.199951171875
2019-04-30,1689.5999755859375,1689.5999755859375
2019-05-01,1752.0,1752.0
2019-05-02,1754.4000244140625,1754.4000244140625
2019-05-03,1671.199951171875,1671.199951171875
2019-05-06,1760.800048828125,1760.800048828125
2019-05-07,2056.0,2056.0
2019-05-08,2016.0,2016.0
2019-05-09,2013.5999755859375,2013.5999755859375
2019-05-10,1857.5999755859375,1857.5999755859375
2019-05-13,2128.800048828125,2128.800048828125
2019-05-14,2014.4000244140625,2014.4000244140625
2019-05-15,1931.199951171875,1931.199951171875
2019-05-16,1849.5999755859375,1849.5999755859375
2019-05-17,1875.199951171875,1875.199951171875
2019-05-20,1903.199951171875,1903.199951171875
2019-05-21,1808.800048828125,1808.800048828125
2019-05-22,1788.800048828125,1788.800048828125
2019-05-23,1907.199951171875,1907.199951171875
2019-05-24,1868.800048828125,1868.800048828125
2019-05-28,1924.0,1924.0
2019-05-29,1962.4000244140625,1962.4000244140625
2019-05-30,1921.5999755859375,1921.5999755859375
2019-05-31,2005.5999755859375,2005.5999755859375
2019-06-03,2018.4000244140625,2018.4000244140625
2019-06-04,1909.5999755859375,1909.5999755859375
2019-06-05,1868.800048828125,1868.800048828125
2019-06-06,1832.0,1832.0
2019-06-07,1847.199951171875,1847.199951171875
2019-06-10,1828.800048828125,1828.800048828125
2019-06-11,1835.199951171875,1835.199951171875
2019-06-12,1824.0,1824.0
2019-06-13,1816.0,1816.0
2019-06-14,1798.4000244140625,1798.4000244140625
2019-06-17,1777.5999755859375,1777.5999755859375
2019-06-18,1764.0,1764.0
2019-06-19,1703.199951171875,1703.199951171875
2019-06-20,1711.199951171875,1711.199951171875
2019-06-21,1752.0,1752.0
2019-06-24,1734.4000244140625,1734.4000244140625
2019-06-25,1781.5999755859375,1781.5999755859375
2019-06-26,1764.800048828125,1764.800048828125
2019-06-27,1735.199951171875,1735.199951171875
2019-06-28,1712.0,1712.0
2019-07-01,1613.5999755859375,1613.5999755859375
2019-07-02,1553.5999755859375,1553.5999755859375
2019-07-03,1545.5999755859375,1545.5999755859375
2019-07-05,1551.199951171875,1551.199951171875
2019-07-08,1592.800048828125,1592.800048828125
2019-07-09,1599.199951171875,1599.199951171875
2019-07-10,1549.5999755859375,1549.5999755859375
2019-07-11,1523.199951171875,1523.199951171875
2019-07-12,1496.0,1496.0
2019-07-15,1495.199951171875,1495.199951171875
2019-07-16,1500.0,1500.0
2019-07-17,1534.4000244140625,1534.4000244140625
2019-07-18,1520.800048828125,1520.800048828125
2019-07-19,1537.5999755859375,1537.5999755859375
2019-07-22,1505.5999755859375,1505.5999755859375
2019-07-23,1454.4000244140625,1454.4000244140625
2019-07-24,1416.0,1416.0
2019-07-25,1460.800048828125,1460.800048828125
2019-07-26,1424.0,1424.0
2019-07-29,1433.5999755859375,1433.5999755859375
2019-07-30,1469.5999755859375,1469.5999755859375
2019-07-31,1552.0,1552.0
2019-08-01,1672.0,1672.0
2019-08-02,1684.0,1684.0
2019-08-05,1932.0,1932.0
2019-08-06,1809.5999755859375,1809.5999755859375
2019-08-07,1817.5999755859375,1817.5999755859375
2019-08-08,1708.0,1708.0
2019-08-09,1772.0,1772.0
2019-08-12,1900.800048828125,1900.800048828125
2019-08-13,1758.4000244140625,1758.4000244140625
2019-08-14,2004.800048828125,2004.800048828125
2019-08-15,1955.199951171875,1955.199951171875
2019-08-16,1846.4000244140625,1846.4000244140625
2019-08-19,1708.0,1708.0
2019-08-20,1748.800048828125,1748.800048828125
2019-08-21,1665.5999755859375,1665.5999755859375
2019-08-22,1692.0,1692.0
2019-08-23,1902.4000244140625,1902.4000244140625
2019-08-26,1852.0,1852.0
2019-08-27,1885.5999755859375,1885.5999755859375
2019-08-28,1842.4000244140625,1842.4000244140625
2019-08-29,1768.0,1768.0
2019-08-30,1769.5999755859375,1769.5999755859375
2019-09-03,1858.4000244140625,1858.4000244140625
2019-09-04,1740.800048828125,1740.800048828125
2019-09-05,1672.800048828125,1672.800048828125
2019-09-06,1627.199951171875,1627.199951171875
2019-09-09,1609.5999755859375,1609.5999755859375
2019-09-10,1608.0,1608.0
2019-09-11,1576.800048828125,1576.800048828125
2019-09-12,1539.199951171875,1539.199951171875
2019-09-13,1516.0,1516.0
2019-09-16,1540.0,1540.0
2019-09-17,1533.5999755859375,1533.5999755859375
2019-09-18,1482.4000244140625,1482.4000244140625
2019-09-19,1456.800048828125,1456.800048828125
2019-09-20,1527.199951171875,1527.199951171875
2019-09-23,1517.5999755859375,1517.5999755859375
2019-09-24,1588.0,1588.0
2019-09-25,1553.5999755859375,1553.5999755859375
2019-09-26,1564.0,1564.0
2019-09-27,1607.199951171875,1607.199951171875
2019-09-30,1561.5999755859375,1561.5999755859375
2019-10-01,1629.5999755859375,1629.5999755859375
2019-10-02,1740.0,1740.0
2019-10-03,1675.199951171875,1675.199951171875
2019-10-04,1583.199951171875,1583.199951171875
2019-10-07,1600.0,1600.0
2019-10-08,1727.199951171875,1727.199951171875
2019-10-09,1663.199951171875,1663.199951171875
2019-10-10,1609.5999755859375,1609.5999755859375
2019-10-11,1517.5999755859375,1517.5999755859375
2019-10-14,1465.5999755859375,1465.5999755859375
2019-10-15,1424.800048828125,1424.800048828125
2019-10-16,1406.4000244140625,1406.4000244140625
2019-10-17,1400.0,1400.0
2019-10-18,1397.5999755859375,1397.5999755859375
2019-10-21,1360.0,1360.0
2019-10-22,1380.800048828125,1380.800048828125
2019-10-23,1364.0,1364.0
2019-10-24,1345.5999755859375,1345.5999755859375
2019-10-25,1300.0,1300.0
2019-10-28,1314.4000244140625,1314.4000244140625
2019-10-29,1313.5999755859375,1313.5999755859375
2019-10-30,1280.0,1280.0
2019-10-31,1300.800048828125,1300.800048828125
2019-11-01,1241.5999755859375,1241.5999755859375
2019-11-04,1244.800048828125,1244.800048828125
2019-11-05,1269.5999755859375,1269.5999755859375
2019-11-06,1264.0,1264.0
2019-11-07,1252.0,1252.0
2019-11-08,1225.5999755859375,1225.5999755859375
2019-11-11,1222.4000244140625,1222.4000244140625
2019-11-12,1208.0,1208.0
2019-11-13,1216.0,1216.0
2019-11-14,1197.5999755859375,1197.5999755859375
2019-11-15,1145.5999755859375,1145.5999755859375
2019-11-18,1144.0,1144.0
2019-11-19,1156.0,1156.0
2019-11-20,1167.199951171875,1167.199951171875
2019-11-21,1169.5999755859375,1169.5999755859375
2019-11-22,1136.0,1136.0
2019-11-25,1085.5999755859375,1085.5999755859375
2019-11-26,1071.199951171875,1071.199951171875
2019-11-27,1066.4000244140625,1066.4000244140625
2019-11-29,1084.0,1084.0
2019-12-02,1144.800048828125,1144.800048828125
2019-12-03,1210.4000244140625,1210.4000244140625
2019-12-04,1154.4000244140625,1154.4000244140625
2019-12-05,1140.0,1140.0
2019-12-06,1101.5999755859375,1101.5999755859375
2019-12-09,1157.5999755859375,1157.5999755859375
2019-12-10,1158.4000244140625,1158.4000244140625
2019-12-11,1135.199951171875,1135.199951171875
2019-12-12,1070.4000244140625,1070.4000244140625
2019-12-13,1022.4000244140625,1022.4000244140625
2019-12-16,999.2000122070312,999.2000122070312
2019-12-17,991.2000122070312,991.2000122070312
2019-12-18,1002.4000244140625,1002.4000244140625
2019-12-19,977.5999755859375,977.5999755859375
2019-12-20,988.0,988.0
2019-12-23,992.7999877929688,992.7999877929688
2019-12-24,982.4000244140625,982.4000244140625
2019-12-26,980.0,980.0
2019-12-27,1001.5999755859375,1001.5999755859375
2019-12-30,1037.5999755859375,1037.5999755859375
2019-12-31,994.4000244140625,994.4000244140625
2020-01-02,956.0,956.0
2020-01-03,1004.0,1004.0
2020-01-06,992.0,992.0
2020-01-07,988.0,988.0
2020-01-08,968.7999877929688,968.7999877929688
2020-01-09,934.4000244140625,934.4000244140625
2020-01-10,928.7999877929688,928.7999877929688
2020-01-13,904.0,904.0
2020-01-14,899.2000122070312,899.2000122070312
2020-01-15,895.2000122070312,895.2000122070312
2020-01-16,874.4000244140625,874.4000244140625
2020-01-17,876.7999877929688,876.7999877929688
2020-01-21,882.4000244140625,882.4000244140625
2020-01-22,888.0,888.0
2020-01-23,885.5999755859375,885.5999755859375
2020-01-24,936.7999877929688,936.7999877929688
2020-01-27,1033.5999755859375,1033.5999755859375
2020-01-28,975.2000122070312,975.2000122070312
2020-01-29,976.0,976.0
2020-01-30,960.7999877929688,960.7999877929688
2020-01-31,1069.5999755859375,1069.5999755859375
2020-02-03,1029.5999755859375,1029.5999755859375
2020-02-04,973.5999755859375,973.5999755859375
2020-02-05,935.2000122070312,935.2000122070312
2020-02-06,926.4000244140625,926.4000244140625
2020-02-07,938.4000244140625,938.4000244140625
2020-02-10,928.0,928.0
2020-02-11,929.5999755859375,929.5999755859375
2020-02-12,884.7999877929688,884.7999877929688
2020-02-13,900.0,900.0
2020-02-14,888.0,888.0
2020-02-18,903.2000122070312,903.2000122070312
2020-02-19,892.0,892.0
2020-02-20,920.7999877929688,920.7999877929688
2020-02-21,980.7999877929688,980.7999877929688
2020-02-24,1160.800048828125,1160.800048828125
2020-02-25,1272.800048828125,1272.800048828125
2020-02-26,1243.199951171875,1243.199951171875
2020-02-27,1444.800048828125,1444.800048828125
2020-02-28,1507.199951171875,1507.199951171875
2020-03-02,1444.800048828125,1444.800048828125
2020-03-03,1608.800048828125,1608.800048828125
2020-03-04,1521.5999755859375,1521.5999755859375
2020-03-05,1763.199951171875,1763.199951171875
2020-03-06,1946.4000244140625,1946.4000244140625
2020-03-09,2480.0,2480.0
2020-03-10,2237.60009765625,2237.60009765625
2020-03-11,2513.60009765625,2513.60009765625
2020-03-12,3116.800048828125,3116.800048828125
2020-03-13,2840.0,2840.0
2020-03-16,3950.39990234375,3950.39990234375
2020-03-17,3854.39990234375,3854.39990234375
2020-03-18,4504.0,4504.0
2020-03-19,4080.0,4080.0
2020-03-20,4001.60009765625,4001.60009765625
2020-03-23,3374.39990234375,3374.39990234375
2020-03-24,3078.39990234375,3078.39990234375
2020-03-25,3328.0,3328.0
2020-03-26,3036.0,3036.0
2020-03-27,3304.800048828125,3304.800048828125
2020-03-30,3199.199951171875,3199.199951171875
2020-03-31,3034.39990234375,3034.39990234375
2020-04-01,3295.199951171875,3295.199951171875
2020-04-02,3116.0,3116.0
2020-04-03,2980.0,2980.0
2020-04-06,2768.0,2768.0
2020-04-07,2848.800048828125,2848.800048828125
2020-04-08,2789.60009765625,2789.60009765625
2020-04-09,2729.60009765625,2729.60009765625
2020-04-13,2672.0,2672.0
2020-04-14,2457.60009765625,2457.60009765625
2020-04-15,2661.60009765625,2661.60009765625
2020-04-16,2676.800048828125,2676.800048828125
2020-04-17,2566.39990234375,2566.39990234375
2020-04-20,2819.199951171875,2819.199951171875
2020-04-21,3048.0,3048.0
2020-04-22,2900.800048828125,2900.800048828125
2020-04-23,2899.199951171875,2899.199951171875
2020-04-24,2740.0,2740.0
2020-04-27,2524.0,2524.0
2020-04-28,2567.199951171875,2567.199951171875
2020-04-29,2406.39990234375,2406.39990234375
2020-04-30,2485.60009765625,2485.60009765625
2020-05-01,2701.60009765625,2701.60009765625
2020-05-04,2646.39990234375,2646.39990234375
2020-05-05,2544.800048828125,2544.800048828125
2020-05-06,2573.60009765625,2573.60009765625
2020-05-07,2469.60009765625,2469.60009765625
2020-05-08,2299.199951171875,2299.199951171875
2020-05-11,2141.60009765625,2141.60009765625
2020-05-12,2357.60009765625,2357.60009765625
2020-05-13,2599.199951171875,2599.199951171875
2020-05-14,2472.0,2472.0
2020-05-15,2404.800048828125,2404.800048828125
2020-05-18,2251.199951171875,2251.199951171875
2020-05-19,2364.800048828125,2364.800048828125
2020-05-20,2221.60009765625,2221.60009765625
2020-05-21,2270.39990234375,2270.39990234375
2020-05-22,2252.800048828125,2252.800048828125
2020-05-26,2224.0,2224.0
2020-05-27,2172.800048828125,2172.800048828125
2020-05-28,2256.800048828125,2256.800048828125
2020-05-29,2184.0,2184.0
2020-06-01,2194.39990234375,2194.39990234375
2020-06-02,2135.199951171875,2135.199951171875
2020-06-03,2041.5999755859375,2041.5999755859375
2020-06-04,2022.4000244140625,2022.4000244140625
2020-06-05,1913.5999755859375,1913.5999755859375
2020-06-08,1956.0,1956.0
2020-06-09,2054.39990234375,2054.39990234375
2020-06-10,2041.5999755859375,2041.5999755859375
2020-06-11,2727.199951171875,2727.199951171875
2020-06-12,2538.39990234375,2538.39990234375
2020-06-15,2476.800048828125,2476.800048828125
2020-06-16,2426.39990234375,2426.39990234375
2020-06-17,2421.60009765625,2421.60009765625
2020-06-18,2380.800048828125,2380.800048828125
2020-06-19,2419.199951171875,2419.199951171875
2020-06-22,2300.0,2300.0
2020-06-23,2255.199951171875,2255.199951171875
2020-06-24,2411.199951171875,2411.199951171875
2020-06-25,2316.800048828125,2316.800048828125
2020-06-26,2461.60009765625,2461.60009765625
2020-06-29,2342.39990234375,2342.39990234375
2020-06-30,2220.800048828125,2220.800048828125
2020-07-01,2158.39990234375,2158.39990234375
2020-07-02,2121.60009765625,2121.60009765625
2020-07-06,2120.0,2120.0
2020-07-07,2182.39990234375,2182.39990234375
2020-07-08,2132.800048828125,2132.800048828125
2020-07-09,2168.0,2168.0
2020-07-10,2112.800048828125,2112.800048828125
2020-07-13,2314.39990234375,2314.39990234375
2020-07-14,2176.800048828125,2176.800048828125
2020-07-15,2119.199951171875,2119.199951171875
2020-07-16,2080.800048828125,2080.800048828125
2020-07-17,2006.4000244140625,2006.4000244140625
2020-07-20,1913.5999755859375,1913.5999755859375
2020-07-21,1930.4000244140625,1930.4000244140625
2020-07-22,1909.5999755859375,1909.5999755859375
2020-07-23,1968.0,1968.0
2020-07-24,1976.0,1976.0
2020-07-27,1920.800048828125,1920.800048828125
2020-07-28,1909.5999755859375,1909.5999755859375
2020-07-29,1870.4000244140625,1870.4000244140625
2020-07-30,1914.4000244140625,1914.4000244140625
2020-07-31,1875.199951171875,1875.199951171875
2020-08-03,1864.0,1864.0
2020-08-04,1808.0,1808.0
2020-08-05,1772.0,1772.0
2020-08-06,1752.0,1752.0
2020-08-07,1740.0,1740.0
2020-08-10,1688.0,1688.0
2020-08-11,1767.199951171875,1767.199951171875
2020-08-12,1671.199951171875,1671.199951171875
2020-08-13,1671.199951171875,1671.199951171875
2020-08-14,1672.800048828125,1672.800048828125
2020-08-17,1608.800048828125,1608.800048828125
2020-08-18,1593.5999755859375,1593.5999755859375
2020-08-19,1624.800048828125,1624.800048828125
2020-08-20,1607.199951171875,1607.199951171875
2020-08-21,1614.4000244140625,1614.4000244140625
2020-08-24,1608.800048828125,1608.800048828125
2020-08-25,1597.5999755859375,1597.5999755859375
2020-08-26,1634.4000244140625,1634.4000244140625
2020-08-27,1686.4000244140625,1686.4000244140625
2020-08-28,1677.5999755859375,1677.5999755859375
2020-08-31,1757.5999755859375,1757.5999755859375
2020-09-01,1789.5999755859375,1789.5999755859375
2020-09-02,1837.5999755859375,1837.5999755859375
2020-09-03,2080.800048828125,2080.800048828125
2020-09-04,1907.199951171875,1907.199951171875
2020-09-08,1852.800048828125,1852.800048828125
2020-09-09,1759.199951171875,1759.199951171875
2020-09-10,1779.199951171875,1779.199951171875
2020-09-11,1670.4000244140625,1670.4000244140625
2020-09-14,1644.0,1644.0
2020-09-15,1643.199951171875,1643.199951171875
2020-09-16,1633.5999755859375,1633.5999755859375
2020-09-17,1597.5999755859375,1597.5999755859375
2020-09-18,1598.4000244140625,1598.4000244140625
2020-09-21,1651.199951171875,1651.199951171875
2020-09-22,1662.4000244140625,1662.4000244140625
2020-09-23,1751.199951171875,1751.199951171875
2020-09-24,1720.0,1720.0
2020-09-25,1673.5999755859375,1673.5999755859375
2020-09-28,1668.0,1668.0
2020-09-29,1635.199951171875,1635.199951171875
2020-09-30,1632.800048828125,1632.800048828125
2020-10-01,1640.800048828125,1640.800048828125
2020-10-02,1687.199951171875,1687.199951171875
2020-10-05,1637.5999755859375,1637.5999755859375
2020-10-06,1658.4000244140625,1658.4000244140625
2020-10-07,1606.4000244140625,1606.4000244140625
2020-10-08,1543.199951171875,1543.199951171875
2020-10-09,1461.5999755859375,1461.5999755859375
2020-10-12,1434.4000244140625,1434.4000244140625
2020-10-13,1449.5999755859375,1449.5999755859375
2020-10-14,1437.5999755859375,1437.5999755859375
2020-10-15,1448.800048828125,1448.800048828125
2020-10-16,1458.4000244140625,1458.4000244140625
2020-10-19,1523.199951171875,1523.199951171875
2020-10-20,1522.4000244140625,1522.4000244140625
2020-10-21,1485.5999755859375,1485.5999755859375
2020-10-22,1452.0,1452.0
2020-10-23,1453.5999755859375,1453.5999755859375
2020-10-26,1580.800048828125,1580.800048828125
2020-10-27,1588.0,1588.0
2020-10-28,1816.800048828125,1816.800048828125
2020-10-29,1664.0,1664.0
2020-10-30,1738.4000244140625,1738.4000244140625
2020-11-02,1700.800048828125,1700.800048828125
2020-11-03,1611.199951171875,1611.199951171875
2020-11-04,1469.5999755859375,1469.5999755859375
2020-11-05,1441.5999755859375,1441.5999755859375
2020-11-06,1348.0,1348.0
2020-11-09,1317.5999755859375,1317.5999755859375
2020-11-10,1275.199951171875,1275.199951171875
2020-11-11,1249.5999755859375,1249.5999755859375
2020-11-12,1333.5999755859375,1333.5999755859375
2020-11-13,1251.199951171875,1251.199951171875
2020-11-16,1219.199951171875,1219.199951171875
2020-11-17,1200.0,1200.0
2020-11-18,1244.800048828125,1244.800048828125
2020-11-19,1221.5999755859375,1221.5999755859375
2020-11-20,1217.5999755859375,1217.5999755859375
2020-11-23,1202.4000244140625,1202.4000244140625
2020-11-24,1184.0,1184.0
2020-11-25,1140.800048828125,1140.800048828125
2020-11-27,1148.0,1148.0
2020-11-30,1125.5999755859375,1125.5999755859375
2020-12-01,1134.4000244140625,1134.4000244140625
2020-12-02,1129.5999755859375,1129.5999755859375
2020-12-03,1138.4000244140625,1138.4000244140625
2020-12-04,1121.5999755859375,1121.5999755859375
2020-12-07,1128.0,1128.0
2020-12-08,1088.800048828125,1088.800048828125
2020-12-09,1128.0,1128.0
2020-12-10,1137.5999755859375,1137.5999755859375
2020-12-11,1180.800048828125,1180.800048828125
2020-12-14,1208.800048828125,1208.800048828125
2020-12-15,1152.0,1152.0
2020-12-16,1112.0,1112.0
2020-12-17,1100.0,1100.0
2020-12-18,1126.4000244140625,1126.4000244140625
2020-12-21,1208.0,1208.0
2020-12-22,1184.800048828125,1184.800048828125
2020-12-23,1139.199951171875,1139.199951171875
2020-12-24,1108.0,1108.0
2020-12-28,1100.0,1100.0
2020-12-29,1143.199951171875,1143.199951171875
2020-12-30,1100.0,1100.0
2020-12-31,1099.199951171875,1099.199951171875
2021-01-04,1204.0,1204.0
2021-01-05,1158.4000244140625,1158.4000244140625
2021-01-06,1151.199951171875,1151.199951171875
2021-01-07,1080.800048828125,1080.800048828125
2021-01-08,1070.4000244140625,1070.4000244140625
2021-01-11,1136.0,1136.0
2021-01-12,1097.5999755859375,1097.5999755859375
2021-01-13,1080.0,1080.0
2021-01-14,1093.5999755859375,1093.5999755859375
2021-01-15,1120.800048828125,1120.800048828125
2021-01-19,1089.5999755859375,1089.5999755859375
2021-01-20,1067.199951171875,1067.199951171875
2021-01-21,1058.4000244140625,1058.4000244140625
2021-01-22,1073.5999755859375,1073.5999755859375
2021-01-25,1116.800048828125,1116.800048828125
2021-01-26,1098.4000244140625,1098.4000244140625
2021-01-27,1326.4000244140625,1326.4000244140625
2021-01-28,1299.199951171875,1299.199951171875
2021-01-29,1384.0,1384.0
2021-02-01,1303.199951171875,1303.199951171875
2021-02-02,1194.4000244140625,1194.4000244140625
2021-02-03,1130.4000244140625,1130.4000244140625
2021-02-04,1080.800048828125,1080.800048828125
2021-02-05,1078.4000244140625,1078.4000244140625
2021-02-08,1069.5999755859375,1069.5999755859375
2021-02-09,1075.199951171875,1075.199951171875
2021-02-10,1090.4000244140625,1090.4000244140625
2021-02-11,1065.5999755859375,1065.5999755859375
2021-02-12,1031.199951171875,1031.199951171875
2021-02-16,1032.800048828125,1032.800048828125
2021-02-17,1018.4000244140625,1018.4000244140625
2021-02-18,1027.199951171875,1027.199951171875
2021-02-19,987.2000122070312,987.2000122070312
2021-02-22,1028.800048828125,1028.800048828125
2021-02-23,986.4000244140625,986.4000244140625
2021-02-24,948.7999877929688,948.7999877929688
2021-02-25,1096.0,1096.0
2021-02-26,1044.0,1044.0
2021-03-01,964.0,964.0
2021-03-02,980.0,980.0
2021-03-03,1023.2000122070312,1023.2000122070312
2021-03-04,1065.5999755859375,1065.5999755859375
2021-03-05,992.0,992.0
2021-03-08,1016.0,1016.0
2021-03-09,967.2000122070312,967.2000122070312
2021-03-10,956.0,956.0
2021-03-11,931.2000122070312,931.2000122070312
2021-03-12,915.2000122070312,915.2000122070312
2021-03-15,863.2000122070312,863.2000122070312
2021-03-16,863.2000122070312,863.2000122070312
2021-03-17,824.0,824.0
2021-03-18,871.2000122070312,871.2000122070312
2021-03-19,843.2000122070312,843.2000122070312
2021-03-22,780.0,780.0
2021-03-23,820.0,820.0
2021-03-24,824.7999877929688,824.7999877929688
2021-03-25,799.2000122070312,799.2000122070312
2021-03-26,768.0,768.0
2021-03-29,789.5999755859375,789.5999755859375
2021-03-30,752.7999877929688,752.7999877929688
2021-03-31,748.0,748.0
2021-04-01,724.7999877929688,724.7999877929688
2021-04-05,703.2000122070312,703.2000122070312
2021-04-06,709.5999755859375,709.5999755859375
2021-04-07,688.0,688.0
2021-04-08,677.5999755859375,677.5999755859375
2021-04-09,676.0,676.0
2021-04-12,665.5999755859375,665.5999755859375
2021-04-13,660.0,660.0
2021-04-14,675.2000122070312,675.2000122070312
2021-04-15,652.7999877929688,652.7999877929688
2021-04-16,642.4000244140625,642.4000244140625
2021-04-19,664.7999877929688,664.7999877929688
2021-04-20,680.0,680.0
2021-04-21,644.7999877929688,644.7999877929688
2021-04-22,689.5999755859375,689.5999755859375
2021-04-23,658.4000244140625,658.4000244140625
2021-04-26,653.5999755859375,653.5999755859375
2021-04-27,639.2000122070312,639.2000122070312
2021-04-28,636.7999877929688,636.7999877929688
2021-04-29,632.7999877929688,632.7999877929688
2021-04-30,658.4000244140625,658.4000244140625
2021-05-03,633.5999755859375,633.5999755859375
2021-05-04,657.5999755859375,657.5999755859375
2021-05-05,642.4000244140625,642.4000244140625
2021-05-06,638.4000244140625,638.4000244140625
2021-05-07,600.0,600.0
2021-05-10,626.4000244140625,626.4000244140625
2021-05-11,675.2000122070312,675.2000122070312
2021-05-12,791.2000122070312,791.2000122070312
2021-05-13,716.7999877929688,716.7999877929688
2021-05-14,632.7999877929688,632.7999877929688
2021-05-17,645.5999755859375,645.5999755859375
2021-05-18,663.2000122070312,663.2000122070312
2021-05-19,692.0,692.0
2021-05-20,655.2000122070312,655.2000122070312
2021-05-21,646.4000244140625,646.4000244140625
2021-05-24,616.7999877929688,616.7999877929688
2021-05-25,616.7999877929688,616.7999877929688
2021-05-26,587.7999877929688,587.7999877929688
2021-05-27,559.2000122070312,559.2000122070312
2021-05-28,567.2000122070312,567.2000122070312
2021-06-01,581.4000244140625,581.4000244140625
2021-06-02,567.2000122070312,567.2000122070312
2021-06-03,577.5999755859375,577.5999755859375
2021-06-04,547.0,547.0
2021-06-07,537.2000122070312,537.2000122070312
2021-06-08,543.7999877929688,543.7999877929688
2021-06-09,552.0,552.0
2021-06-10,518.5999755859375,518.5999755859375
2021-06-11,504.6000061035156,504.6000061035156
2021-06-14,508.3999938964844,508.3999938964844
2021-06-15,520.0,520.0
2021-06-16,525.0,525.0
2021-06-17,521.7999877929688,521.7999877929688
2021-06-18,567.2000122070312,567.2000122070312
2021-06-21,530.0,530.0
2021-06-22,505.3999938964844,505.3999938964844
2021-06-23,495.3999938964844,495.3999938964844
2021-06-24,484.6000061035156,484.6000061035156
2021-06-25,477.3999938964844,477.3999938964844
2021-06-28,478.20001220703125,478.20001220703125
2021-06-29,486.6000061035156,486.6000061035156
2021-06-30,481.6000061035156,481.6000061035156
2021-07-01,475.0,475.0
2021-07-02,472.6000061035156,472.6000061035156
2021-07-06,484.0,484.0
2021-07-07,485.20001220703125,485.20001220703125
2021-07-08,517.5999755859375,517.5999755859375
2021-07-09,481.3999938964844,481.3999938964844
2021-07-12,478.79998779296875,478.79998779296875
2021-07-13,485.0,485.0
2021-07-14,473.6000061035156,473.6000061035156
2021-07-15,480.6000061035156,480.6000061035156
2021-07-16,499.0,499.0
2021-07-19,571.2000122070312,571.2000122070312
2021-07-20,525.5999755859375,525.5999755859375
2021-07-21,489.79998779296875,489.79998779296875
2021-07-22,498.6000061035156,498.6000061035156
2021-07-23,495.3999938964844,495.3999938964844
2021-07-26,488.79998779296875,488.79998779296875
2021-07-27,505.0,505.0
2021-07-28,492.20001220703125,492.20001220703125
2021-07-29,482.20001220703125,482.20001220703125
2021-07-30,495.3999938964844,495.3999938964844
2021-08-02,513.5999755859375,513.5999755859375
2021-08-03,488.0,488.0
2021-08-04,487.6000061035156,487.6000061035156
2021-08-05,474.79998779296875,474.79998779296875
2021-08-06,462.79998779296875,462.79998779296875
2021-08-09,457.3999938964844,457.3999938964844
2021-08-10,451.0,451.0
2021-08-11,438.6000061035156,438.6000061035156
2021-08-12,429.0,429.0
2021-08-13,429.0,429.0
2021-08-16,431.0,431.0
2021-08-17,445.0,445.0
2021-08-18,475.3999938964844,475.3999938964844
2021-08-19,490.79998779296875,490.79998779296875
2021-08-20,454.0,454.0
2021-08-23,438.20001220703125,438.20001220703125
2021-08-24,437.20001220703125,437.20001220703125
2021-08-25,427.20001220703125,427.20001220703125
2021-08-26,445.79998779296875,445.79998779296875
2021-08-27,422.79998779296875,422.79998779296875
2021-08-30,418.3999938964844,418.3999938964844
2021-08-31,417.0,417.0
2021-09-01,406.20001220703125,406.20001220703125
2021-09-02,405.3999938964844,405.3999938964844
2021-09-03,409.20001220703125,409.20001220703125
2021-09-07,418.20001220703125,418.20001220703125
2021-09-08,417.6000061035156,417.6000061035156
2021-09-09,426.79998779296875,426.79998779296875
2021-09-10,441.0,441.0
2021-09-13,426.79998779296875,426.79998779296875
2021-09-14,433.6000061035156,433.6000061035156
2021-09-15,416.0,416.0
2021-09-16,411.79998779296875,411.79998779296875
2021-09-17,438.79998779296875,438.79998779296875
2021-09-20,486.6000061035156,486.6000061035156
2021-09-21,468.3999938964844,468.3999938964844
2021-09-22,442.0,442.0
2021-09-23,414.6000061035156,414.6000061035156
2021-09-24,402.0,402.0
2021-09-27,405.6000061035156,405.6000061035156
2021-09-28,448.79998779296875,448.79998779296875
2021-09-29,454.79998779296875,454.79998779296875
2021-09-30,456.0,456.0
2021-10-01,438.6000061035156,438.6000061035156
2021-10-04,451.20001220703125,451.20001220703125
2021-10-05,434.6000061035156,434.6000061035156
2021-10-06,429.6000061035156,429.6000061035156
2021-10-07,413.3999938964844,413.3999938964844
2021-10-08,405.6000061035156,405.6000061035156
2021-10-11,410.20001220703125,410.20001220703125
2021-10-12,402.3999938964844,402.3999938964844
2021-10-13,394.79998779296875,394.79998779296875
2021-10-14,373.3999938964844,373.3999938964844
2021-10-15,373.20001220703125,373.20001220703125
2021-10-18,365.6000061035156,365.6000061035156
2021-10-19,362.20001220703125,362.20001220703125
2021-10-20,359.20001220703125,359.20001220703125
2021-10-21,347.3999938964844,347.3999938964844
2021-10-22,354.3999938964844,354.3999938964844
2021-10-25,344.0,344.0
2021-10-26,350.6000061035156,350.6000061035156
2021-10-27,358.79998779296875,358.79998779296875
2021-10-28,347.6000061035156,347.6000061035156
2021-10-29,349.79998779296875,349.79998779296875
2021-11-01,345.0,345.0
2021-11-02,336.0,336.0
2021-11-03,323.79998779296875,323.79998779296875
2021-11-04,328.6000061035156,328.6000061035156
2021-11-05,339.79998779296875,339.79998779296875
2021-11-08,340.6000061035156,340.6000061035156
2021-11-09,346.20001220703125,346.20001220703125
2021-11-10,352.20001220703125,352.20001220703125
2021-11-11,345.3999938964844,345.3999938964844
2021-11-12,333.6000061035156,333.6000061035156
2021-11-15,329.0,329.0
2021-11-16,329.79998779296875,329.79998779296875
2021-11-17,335.79998779296875,335.79998779296875
2021-11-18,338.20001220703125,338.20001220703125
2021-11-19,342.79998779296875,342.79998779296875
2021-11-22,348.3999938964844,348.3999938964844
2021-11-23,340.79998779296875,340.79998779296875
2021-11-24,335.79998779296875,335.79998779296875
2021-11-26,419.79998779296875,419.79998779296875
2021-11-29,363.0,363.0
2021-11-30,414.0,414.0
2021-12-01,445.79998779296875,445.79998779296875
2021-12-02,421.0,421.0
2021-12-03,457.79998779296875,457.79998779296875
2021-12-06,420.79998779296875,420.79998779296875
2021-12-07,375.3999938964844,375.3999938964844
2021-12-08,353.3999938964844,353.3999938964844
2021-12-09,363.20001220703125,363.20001220703125
2021-12-10,339.6000061035156,339.6000061035156
2021-12-13,353.20001220703125,353.20001220703125
2021-12-14,359.3999938964844,359.3999938964844
2021-12-15,333.6000061035156,333.6000061035156
2021-12-16,348.0,348.0
2021-12-17,359.20001220703125,359.20001220703125
2021-12-20,371.6000061035156,371.6000061035156
2021-12-21,353.79998779296875,353.79998779296875
2021-12-22,333.79998779296875,333.79998779296875
2021-12-23,329.6000061035156,329.6000061035156
2021-12-27,322.0,322.0
2021-12-28,313.79998779296875,313.79998779296875
2021-12-29,306.0,306.0
2021-12-30,305.79998779296875,305.79998779296875
2021-12-31,303.3999938964844,303.3999938964844
2022-01-03,292.3999938964844,292.3999938964844
2022-01-04,292.20001220703125,292.20001220703125
2022-01-05,314.6000061035156,314.6000061035156
2022-01-06,316.79998779296875,316.79998779296875
2022-01-07,307.6000061035156,307.6000061035156
2022-01-10,301.79998779296875,301.79998779296875
2022-01-11,291.3999938964844,291.3999938964844
2022-01-12,288.3999938964844,288.3999938964844
2022-01-13,306.6000061035156,306.6000061035156
2022-01-14,301.6000061035156,301.6000061035156
2022-01-18,324.79998779296875,324.79998779296875
2022-01-19,332.79998779296875,332.79998779296875
2022-01-20,347.0,347.0
2022-01-21,379.20001220703125,379.20001220703125
2022-01-24,387.3999938964844,387.3999938964844
2022-01-25,390.6000061035156,390.6000061035156
2022-01-26,396.79998779296875,396.79998779296875
2022-01-27,400.20001220703125,400.20001220703125
2022-01-28,374.6000061035156,374.6000061035156
2022-01-31,349.6000061035156,349.6000061035156
2022-02-01,323.79998779296875,323.79998779296875
2022-02-02,317.3999938964844,317.3999938964844
2022-02-03,355.6000061035156,355.6000061035156
2022-02-04,343.20001220703125,343.20001220703125
2022-02-07,334.0,334.0
2022-02-08,318.6000061035156,318.6000061035156
2022-02-09,306.3999938964844,306.3999938964844
2022-02-10,334.79998779296875,334.79998779296875
2022-02-11,379.20001220703125,379.20001220703125
2022-02-14,379.20001220703125,379.20001220703125
2022-02-15,349.0,349.0
2022-02-16,335.3999938964844,335.3999938964844
2022-02-17,374.0,374.0
2022-02-18,383.79998779296875,383.79998779296875
2022-02-22,381.79998779296875,381.79998779296875
2022-02-23,403.0,403.0
2022-02-24,390.3999938964844,390.3999938964844
2022-02-25,374.3999938964844,374.3999938964844
2022-02-28,393.0,393.0
2022-03-01,435.20001220703125,435.20001220703125
2022-03-02,408.0,408.0
2022-03-03,410.0,410.0
2022-03-04,427.0,427.0
2022-03-07,464.79998779296875,464.79998779296875
2022-03-08,460.20001220703125,460.20001220703125
2022-03-09,441.3999938964844,441.3999938964844
2022-03-10,422.20001220703125,422.20001220703125
2022-03-11,430.20001220703125,430.20001220703125
2022-03-14,444.0,444.0
2022-03-15,429.3999938964844,429.3999938964844
2022-03-16,385.20001220703125,385.20001220703125
2022-03-17,379.20001220703125,379.20001220703125
2022-03-18,361.3999938964844,361.3999938964844
2022-03-21,357.6000061035156,357.6000061035156
2022-03-22,351.0,351.0
2022-03-23,350.3999938964844,350.3999938964844
2022-03-24,342.3999938964844,342.3999938964844
2022-03-25,332.6000061035156,332.6000061035156
2022-03-28,327.6000061035156,327.6000061035156
2022-03-29,312.3999938964844,312.3999938964844
2022-03-30,315.79998779296875,315.79998779296875
2022-03-31,331.3999938964844,331.3999938964844
2022-04-01,320.0,320.0
2022-04-04,302.79998779296875,302.79998779296875
2022-04-05,328.3999938964844,328.3999938964844
2022-04-06,336.0,336.0
2022-04-07,326.20001220703125,326.20001220703125
2022-04-08,326.20001220703125,326.20001220703125
2022-04-11,344.79998779296875,344.79998779296875
2022-04-12,348.0,348.0
2022-04-13,324.6000061035156,324.6000061035156
2022-04-14,332.3999938964844,332.3999938964844
2022-04-18,327.79998779296875,327.79998779296875
2022-04-19,311.6000061035156,311.6000061035156
2022-04-20,304.3999938964844,304.3999938964844
2022-04-21,326.3999938964844,326.3999938964844
2022-04-22,367.20001220703125,367.20001220703125
2022-04-25,358.6000061035156,358.6000061035156
2022-04-26,396.20001220703125,396.20001220703125
2022-04-27,404.3999938964844,404.3999938964844
2022-04-28,383.3999938964844,383.3999938964844
2022-04-29,412.6000061035156,412.6000061035156
2022-05-02,407.0,407.0
2022-05-03,382.3999938964844,382.3999938964844
2022-05-04,347.3999938964844,347.3999938964844
2022-05-05,409.0,409.0
2022-05-06,403.6000061035156,403.6000061035156
2022-05-09,435.79998779296875,435.79998779296875
2022-05-10,421.3999938964844,421.3999938964844
2022-05-11,417.6000061035156,417.6000061035156
2022-05-12,410.20001220703125,410.20001220703125
2022-05-13,383.6000061035156,383.6000061035156
2022-05-16,367.79998779296875,367.79998779296875
2022-05-17,358.79998779296875,358.79998779296875
2022-05-18,411.3999938964844,411.3999938964844
2022-05-19,384.79998779296875,384.79998779296875
2022-05-20,386.6000061035156,386.6000061035156
2022-05-23,380.6000061035156,380.6000061035156
2022-05-24,382.3999938964844,382.3999938964844
2022-05-25,373.79998779296875,373.79998779296875
2022-05-26,369.79998779296875,369.79998779296875
2022-05-27,355.79998779296875,355.79998779296875
2022-05-31,349.79998779296875,349.79998779296875
2022-06-01,347.3999938964844,347.3999938964844
2022-06-02,340.20001220703125,340.20001220703125
2022-06-03,343.3999938964844,343.3999938964844
2022-06-06,339.3999938964844,339.3999938964844
2022-06-07,330.0,330.0
2022-06-08,330.0,330.0
2022-06-09,346.0,346.0
2022-06-10,366.79998779296875,366.79998779296875
2022-06-13,416.20001220703125,416.20001220703125
2022-06-14,403.6000061035156,403.6000061035156
2022-06-15,379.6000061035156,379.6000061035156
2022-06-16,403.79998779296875,403.79998779296875
2022-06-17,392.0,392.0
2022-06-21,384.20001220703125,384.20001220703125
2022-06-22,369.20001220703125,369.20001220703125
2022-06-23,369.20001220703125,369.20001220703125
2022-06-24,361.6000061035156,361.6000061035156
2022-06-27,350.3999938964844,350.3999938964844
2022-06-28,360.6000061035156,360.6000061035156
2022-06-29,361.6000061035156,361.6000061035156
2022-06-30,365.0,365.0
2022-07-01,355.6000061035156,355.6000061035156
2022-07-05,355.3999938964844,355.3999938964844
2022-07-06,349.6000061035156,349.6000061035156
2022-07-07,345.79998779296875,345.79998779296875
2022-07-08,338.6000061035156,338.6000061035156
2022-07-11,348.20001220703125,348.20001220703125
2022-07-12,351.6000061035156,351.6000061035156
2022-07-13,346.20001220703125,346.20001220703125
2022-07-14,346.79998779296875,346.79998779296875
2022-07-15,329.20001220703125,329.20001220703125
2022-07-18,338.79998779296875,338.79998779296875
2022-07-19,334.0,334.0
2022-07-20,326.6000061035156,326.6000061035156
2022-07-21,318.20001220703125,318.20001220703125
2022-07-22,316.6000061035156,316.6000061035156
2022-07-25,312.6000061035156,312.6000061035156
2022-07-26,319.79998779296875,319.79998779296875
2022-07-27,310.0,310.0
2022-07-28,294.0,294.0
2022-07-29,291.20001220703125,291.20001220703125
2022-08-01,301.3999938964844,301.3999938964844
2022-08-02,304.3999938964844,304.3999938964844
2022-08-03,289.20001220703125,289.20001220703125
2022-08-04,290.20001220703125,290.20001220703125
2022-08-05,282.79998779296875,282.79998779296875
2022-08-08,284.3999938964844,284.3999938964844
2022-08-09,286.3999938964844,286.3999938964844
2022-08-10,270.0,270.0
2022-08-11,272.20001220703125,272.20001220703125
2022-08-12,268.79998779296875,268.79998779296875
2022-08-15,264.6000061035156,264.6000061035156
2022-08-16,266.6000061035156,266.6000061035156
2022-08-17,265.3999938964844,265.3999938964844
2022-08-18,261.20001220703125,261.20001220703125
2022-08-19,274.20001220703125,274.20001220703125
2022-08-22,292.0,292.0
2022-08-23,287.0,287.0
2022-08-24,277.6000061035156,277.6000061035156
2022-08-25,268.20001220703125,268.20001220703125
2022-08-26,295.3999938964844,295.3999938964844
2022-08-29,292.6000061035156,292.6000061035156
2022-08-30,297.6000061035156,297.6000061035156
2022-08-31,291.79998779296875,291.79998779296875
2022-09-01,289.6000061035156,289.6000061035156
2022-09-02,292.20001220703125,292.20001220703125
2022-09-06,298.3999938964844,298.3999938964844
2022-09-07,282.3999938964844,282.3999938964844
2022-09-08,278.0,278.0
2022-09-09,275.20001220703125,275.20001220703125
2022-09-12,273.79998779296875,273.79998779296875
2022-09-13,297.6000061035156,297.6000061035156
2022-09-14,297.0,297.0
2022-09-15,296.3999938964844,296.3999938964844
2022-09-16,296.3999938964844,296.3999938964844
2022-09-19,287.0,287.0
2022-09-20,296.6000061035156,296.6000061035156
2022-09-21,306.20001220703125,306.20001220703125
2022-09-22,304.3999938964844,304.3999938964844
2022-09-23,323.0,323.0
2022-09-26,334.20001220703125,334.20001220703125
2022-09-27,339.20001220703125,339.20001220703125
2022-09-28,325.20001220703125,325.20001220703125
2022-09-29,334.3999938964844,334.3999938964844
2022-09-30,342.0,342.0
2022-10-03,326.20001220703125,326.20001220703125
2022-10-04,314.3999938964844,314.3999938964844
2022-10-05,316.79998779296875,316.79998779296875
2022-10-06,326.0,326.0
2022-10-07,339.3999938964844,339.3999938964844
2022-10-10,347.6000061035156,347.6000061035156
2022-10-11,353.0,353.0
2022-10-12,349.79998779296875,349.79998779296875
2022-10-13,339.79998779296875,339.79998779296875
2022-10-14,346.79998779296875,346.79998779296875
2022-10-17,338.0,338.0
2022-10-18,331.3999938964844,331.3999938964844
2022-10-19,333.79998779296875,333.79998779296875
2022-10-20,329.6000061035156,329.6000061035156
2022-10-21,328.3999938964844,328.3999938964844
2022-10-24,323.20001220703125,323.20001220703125
2022-10-25,310.3999938964844,310.3999938964844
2022-10-26,303.20001220703125,303.20001220703125
2022-10-27,297.20001220703125,297.20001220703125
2022-10-28,290.20001220703125,290.20001220703125
2022-10-31,285.79998779296875,285.79998779296875
2022-11-01,283.0,283.0
2022-11-02,290.6000061035156,290.6000061035156
2022-11-03,284.20001220703125,284.20001220703125
2022-11-04,280.79998779296875,280.79998779296875
2022-11-07,278.20001220703125,278.20001220703125
2022-11-08,285.6000061035156,285.6000061035156
2022-11-09,294.20001220703125,294.20001220703125
2022-11-10,278.20001220703125,278.20001220703125
2022-11-11,275.0,275.0
2022-11-14,274.79998779296875,274.79998779296875
2022-11-15,278.0,278.0
2022-11-16,270.79998779296875,270.79998779296875
2022-11-17,268.3999938964844,268.3999938964844
2022-11-18,265.6000061035156,265.6000061035156
2022-11-21,258.6000061035156,258.6000061035156
2022-11-22,249.60000610351562,249.60000610351562
2022-11-23,244.1999969482422,244.1999969482422
2022-11-25,245.1999969482422,245.1999969482422
2022-11-28,254.1999969482422,254.1999969482422
2022-11-29,250.8000030517578,250.8000030517578
2022-11-30,241.1999969482422,241.1999969482422
2022-12-01,237.1999969482422,237.1999969482422
2022-12-02,232.39999389648438,232.39999389648438
2022-12-05,237.0,237.0
2022-12-06,243.60000610351562,243.60000610351562
2022-12-07,247.0,247.0
2022-12-08,242.1999969482422,242.1999969482422
2022-12-09,247.8000030517578,247.8000030517578
2022-12-12,246.1999969482422,246.1999969482422
2022-12-13,236.0,236.0
2022-12-14,227.1999969482422,227.1999969482422
2022-12-15,241.8000030517578,241.8000030517578
2022-12-16,243.1999969482422,243.1999969482422
2022-12-19,236.8000030517578,236.8000030517578
2022-12-20,234.8000030517578,234.8000030517578
2022-12-21,226.39999389648438,226.39999389648438
2022-12-22,238.1999969482422,238.1999969482422
2022-12-23,231.60000610351562,231.60000610351562
2022-12-27,231.8000030517578,231.8000030517578
2022-12-28,231.60000610351562,231.60000610351562
2022-12-29,228.60000610351562,228.60000610351562
2022-12-30,227.60000610351562,227.60000610351562
2023-01-03,226.60000610351562,226.60000610351562
2023-01-04,219.8000030517578,219.8000030517578
2023-01-05,221.60000610351562,221.60000610351562
2023-01-06,216.39999389648438,216.39999389648438
2023-01-09,217.60000610351562,217.60000610351562
2023-01-10,208.39999389648438,208.39999389648438
2023-01-11,209.60000610351562,209.60000610351562
2023-01-12,199.1999969482422,199.1999969482422
2023-01-13,194.39999389648438,194.39999389648438
2023-01-17,196.0,196.0
2023-01-18,202.60000610351562,202.60000610351562
2023-01-19,203.60000610351562,203.60000610351562
2023-01-20,196.60000610351562,196.60000610351562
2023-01-23,194.60000610351562,194.60000610351562
2023-01-24,187.8000030517578,187.8000030517578
2023-01-25,187.60000610351562,187.60000610351562
2023-01-26,185.1999969482422,185.1999969482422
2023-01-27,182.0,182.0
2023-01-30,187.1999969482422,187.1999969482422
2023-01-31,183.0,183.0
2023-02-01,176.60000610351562,176.60000610351562
2023-02-02,181.0,181.0
2023-02-03,182.1999969482422,182.1999969482422
2023-02-06,187.0,187.0
2023-02-07,181.1999969482422,181.1999969482422
2023-02-08,188.60000610351562,188.60000610351562
2023-02-09,193.8000030517578,193.8000030517578
2023-02-10,196.39999389648438,196.39999389648438
2023-02-13,189.39999389648438,189.39999389648438
2023-02-14,182.1999969482422,182.1999969482422
2023-02-15,178.60000610351562,178.60000610351562
2023-02-16,188.0,188.0
2023-02-17,189.0,189.0
2023-02-21,203.39999389648438,203.39999389648438
2023-02-22,197.0,197.0
2023-02-23,190.39999389648438,190.39999389648438
2023-02-24,197.60000610351562,197.60000610351562
2023-02-27,190.60000610351562,190.60000610351562
2023-02-28,186.39999389648438,186.39999389648438
2023-03-01,187.60000610351562,187.60000610351562
2023-03-02,181.0,181.0
2023-03-03,175.1999969482422,175.1999969482422
2023-03-06,173.39999389648438,173.39999389648438
2023-03-07,177.0,177.0
2023-03-08,173.39999389648438,173.39999389648438
2023-03-09,192.1999969482422,192.1999969482422
2023-03-10,212.39999389648438,212.39999389648438
2023-03-13,219.0,219.0
2023-03-14,206.8000030517578,206.8000030517578
2023-03-15,222.39999389648438,222.39999389648438
2023-03-16,203.1999969482422,203.1999969482422
2023-03-17,224.60000610351562,224.60000610351562
2023-03-20,215.1999969482422,215.1999969482422
2023-03-21,195.39999389648438,195.39999389648438
2023-03-22,202.8000030517578,202.8000030517578
2023-03-23,209.0,209.0
2023-03-24,200.1999969482422,200.1999969482422
2023-03-27,192.39999389648438,192.39999389648438
2023-03-28,188.0,188.0
2023-03-29,181.8000030517578,181.8000030517578
2023-03-30,181.60000610351562,181.60000610351562
2023-03-31,181.0,181.0
2023-04-03,176.1999969482422,176.1999969482422
2023-04-04,179.39999389648438,179.39999389648438
2023-04-05,178.1999969482422,178.1999969482422
2023-04-06,175.0,175.0
2023-04-10,173.1999969482422,173.1999969482422
2023-04-11,171.8000030517578,171.8000030517578
2023-04-12,172.0,172.0
2023-04-13,166.1999969482422,166.1999969482422
2023-04-14,163.60000610351562,163.60000610351562
2023-04-17,159.0,159.0
2023-04-18,157.60000610351562,157.60000610351562
2023-04-19,157.39999389648438,157.39999389648438
2023-04-20,160.8000030517578,160.8000030517578
2023-04-21,157.8000030517578,157.8000030517578
2023-04-24,157.39999389648438,157.39999389648438
2023-04-25,170.0,170.0
2023-04-26,165.60000610351562,165.60000610351562
2023-04-27,158.39999389648438,158.39999389648438
2023-04-28,151.60000610351562,151.60000610351562
2023-05-01,149.8000030517578,149.8000030517578
2023-05-02,156.60000610351562,156.60000610351562
2023-05-03,161.0,161.0
2023-05-04,169.0,169.0
2023-05-05,156.0,156.0
2023-05-08,153.39999389648438,153.39999389648438
2023-05-09,156.60000610351562,156.60000610351562
2023-05-10,152.0,152.0
2023-05-11,150.60000610351562,150.60000610351562
2023-05-12,150.39999389648438,150.39999389648438
2023-05-15,147.0,147.0
2023-05-16,150.8000030517578,150.8000030517578
2023-05-17,145.8000030517578,145.8000030517578
2023-05-18,140.0,140.0
2023-05-19,143.8000030517578,143.8000030517578
2023-05-22,144.1999969482422,144.1999969482422
2023-05-23,146.39999389648438,146.39999389648438
2023-05-24,152.60000610351562,152.60000610351562
2023-05-25,148.8000030517578,148.8000030517578
2023-05-26,143.0,143.0
2023-05-30,139.1999969482422,139.1999969482422
2023-05-31,138.0,138.0
2023-06-01,130.39999389648438,130.39999389648438
2023-06-02,125.19999694824219,125.19999694824219
2023-06-05,122.5999984741211,122.5999984741211
2023-06-06,115.19999694824219,115.19999694824219
2023-06-07,116.0,116.0
2023-06-08,112.80000305175781,112.80000305175781
2023-06-09,114.0,114.0
2023-06-12,114.4000015258789,114.4000015258789
2023-06-13,113.80000305175781,113.80000305175781
2023-06-14,110.5999984741211,110.5999984741211
2023-06-15,113.80000305175781,113.80000305175781
2023-06-16,109.19999694824219,109.19999694824219
2023-06-20,109.5999984741211,109.5999984741211
2023-06-21,107.19999694824219,107.19999694824219
2023-06-22,105.0,105.0
2023-06-23,106.23999786376953,106.23999786376953
2023-06-26,105.83999633789062,105.83999633789062
2023-06-27,103.23999786376953,103.23999786376953
2023-06-28,99.4000015258789,99.4000015258789
2023-06-29,101.68000030517578,101.68000030517578
2023-06-30,99.83999633789062,99.83999633789062
2023-07-03,99.04000091552734,99.04000091552734
2023-07-05,100.95999908447266,100.95999908447266
2023-07-06,106.27999877929688,106.27999877929688
2023-07-07,103.87999725341797,103.87999725341797
2023-07-10,103.04000091552734,103.04000091552734
2023-07-11,102.19999694824219,102.19999694824219
2023-07-12,96.4800033569336,96.4800033569336
2023-07-13,97.12000274658203,97.12000274658203
2023-07-14,95.95999908447266,95.95999908447266
2023-07-17,95.76000213623047,95.76000213623047
2023-07-18,94.23999786376953,94.23999786376953
2023-07-19,96.31999969482422,96.31999969482422
2023-07-20,96.16000366210938,96.16000366210938
2023-07-21,94.91999816894531,94.91999816894531
2023-07-24,93.36000061035156,93.36000061035156
2023-07-25,93.23999786376953,93.23999786376953
2023-07-26,90.83999633789062,90.83999633789062
2023-07-27,95.5199966430664,95.5199966430664
2023-07-28,91.5999984741211,91.5999984741211
2023-07-31,90.68000030517578,90.68000030517578
2023-08-01,91.87999725341797,91.87999725341797
2023-08-02,100.5199966430664,100.5199966430664
2023-08-03,99.95999908447266,99.95999908447266
2023-08-04,103.44000244140625,103.44000244140625
2023-08-07,98.0,98.0
2023-08-08,100.16000366210938,100.16000366210938
2023-08-09,99.12000274658203,99.12000274658203
2023-08-10,99.4800033569336,99.4800033569336
2023-08-11,95.55999755859375,95.55999755859375
2023-08-14,93.91999816894531,93.91999816894531
2023-08-15,99.31999969482422,99.31999969482422
2023-08-16,100.91999816894531,100.91999816894531
2023-08-17,105.80000305175781,105.80000305175781
2023-08-18,103.12000274658203,103.12000274658203
2023-08-21,100.44000244140625,100.44000244140625
2023-08-22,100.83999633789062,100.83999633789062
2023-08-23,97.4800033569336,97.4800033569336
2023-08-24,101.19999694824219,101.19999694824219
2023-08-25,96.80000305175781,96.80000305175781
2023-08-28,93.12000274658203,93.12000274658203
2023-08-29,90.68000030517578,90.68000030517578
2023-08-30,87.5999984741211,87.5999984741211
2023-08-31,86.08000183105469,86.08000183105469
2023-09-01,84.87999725341797,84.87999725341797
2023-09-05,85.76000213623047,85.76000213623047
2023-09-06,87.12000274658203,87.12000274658203
2023-09-07,86.95999908447266,86.95999908447266
2023-09-08,85.23999786376953,85.23999786376953
2023-09-11,83.04000091552734,83.04000091552734
2023-09-12,83.68000030517578,83.68000030517578
2023-09-13,82.19999694824219,82.19999694824219
2023-09-14,79.68000030517578,79.68000030517578
2023-09-15,82.72000122070312,82.72000122070312
2023-09-18,82.16000366210938,82.16000366210938
2023-09-19,81.5999984741211,81.5999984741211
2023-09-20,84.63999938964844,84.63999938964844
2023-09-21,91.4000015258789,91.4000015258789
2023-09-22,91.5999984741211,91.5999984741211
2023-09-25,91.4000015258789,91.4000015258789
2023-09-26,100.68000030517578,100.68000030517578
2023-09-27,95.83999633789062,95.83999633789062
2023-09-28,91.5999984741211,91.5999984741211
2023-09-29,93.19999694824219,93.19999694824219
2023-10-02,93.5199966430664,93.5199966430664
2023-10-03,102.23999786376953,102.23999786376953
2023-10-04,97.04000091552734,97.04000091552734
2023-10-05,95.87999725341797,95.87999725341797
2023-10-06,94.4800033569336,94.4800033569336
2023-10-09,93.23999786376953,93.23999786376953
2023-10-10,90.12000274658203,90.12000274658203
2023-10-11,88.5199966430664,88.5199966430664
2023-10-12,90.4800033569336,90.4800033569336
2023-10-13,101.4800033569336,101.4800033569336
2023-10-16,91.63999938964844,91.63999938964844
2023-10-17,94.16000366210938,94.16000366210938
2023-10-18,99.91999816894531,99.91999816894531
2023-10-19,104.91999816894531,104.91999816894531
2023-10-20,105.76000213623047,105.76000213623047
2023-10-23,102.04000091552734,102.04000091552734
2023-10-24,97.63999938964844,97.63999938964844
2023-10-25,103.80000305175781,103.80000305175781
2023-10-26,104.76000213623047,104.76000213623047
2023-10-27,108.16000366210938,108.16000366210938
2023-10-30,100.27999877929688,100.27999877929688
2023-10-31,93.68000030517578,93.68000030517578
2023-11-01,89.5999984741211,89.5999984741211
2023-11-02,86.63999938964844,86.63999938964844
2023-11-03,84.5999984741211,84.5999984741211
2023-11-06,81.80000305175781,81.80000305175781
2023-11-07,81.36000061035156,81.36000061035156
2023-11-08,79.91999816894531,79.91999816894531
2023-11-09,83.08000183105469,83.08000183105469
2023-11-10,79.5199966430664,79.5199966430664
2023-11-13,78.91999816894531,78.91999816894531
2023-11-14,78.12000274658203,78.12000274658203
2023-11-15,76.4000015258789,76.4000015258789
2023-11-16,75.23999786376953,75.23999786376953
2023-11-17,74.12000274658203,74.12000274658203
2023-11-20,73.55999755859375,73.55999755859375
2023-11-21,72.0,72.0
2023-11-22,72.68000030517578,72.68000030517578
2023-11-24,69.55999755859375,69.55999755859375
2023-11-27,69.95999908447266,69.95999908447266
2023-11-28,69.12000274658203,69.12000274658203
2023-11-29,70.16000366210938,70.16000366210938
2023-11-30,69.04000091552734,69.04000091552734
2023-12-01,68.5999984741211,68.5999984741211
2023-12-04,69.0,69.0
2023-12-05,68.36000061035156,68.36000061035156
2023-12-06,68.80000305175781,68.80000305175781
2023-12-07,68.80000305175781,68.80000305175781
2023-12-08,66.80000305175781,66.80000305175781
2023-12-11,65.36000061035156,65.36000061035156
2023-12-12,63.52000045776367,63.52000045776367
2023-12-13,62.68000030517578,62.68000030517578
2023-12-14,62.439998626708984,62.439998626708984
2023-12-15,64.4000015258789,64.4000015258789
2023-12-18,64.55999755859375,64.55999755859375
2023-12-19,65.55999755859375,65.55999755859375
2023-12-20,69.5999984741211,69.5999984741211
2023-12-21,67.87999725341797,67.87999725341797
2023-12-22,66.31999969482422,66.31999969482422
2023-12-26,64.5199966430664,64.5199966430664
2023-12-27,61.91999816894531,61.91999816894531
2023-12-28,61.79999923706055,61.79999923706055
2023-12-29,62.040000915527344,62.040000915527344
2024-01-02,62.040000915527344,62.040000915527344
2024-01-03,64.19999694824219,64.19999694824219
2024-01-04,64.12000274658203,64.12000274658203
2024-01-05,62.0,62.0
2024-01-08,60.47999954223633,60.47999954223633
2024-01-09,59.15999984741211,59.15999984741211
2024-01-10,58.560001373291016,58.560001373291016
2024-01-11,58.31999969482422,58.31999969482422
2024-01-12,59.2400016784668,59.2400016784668
2024-01-16,61.20000076293945,61.20000076293945
2024-01-17,63.52000045776367,63.52000045776367
2024-01-18,61.20000076293945,61.20000076293945
2024-01-19,59.7599983215332,59.7599983215332
2024-01-22,57.68000030517578,57.68000030517578
2024-01-23,56.20000076293945,56.20000076293945
2024-01-24,57.68000030517578,57.68000030517578
2024-01-25,58.36000061035156,58.36000061035156
2024-01-26,57.720001220703125,57.720001220703125
2024-01-29,58.439998626708984,58.439998626708984
2024-01-30,57.36000061035156,57.36000061035156
2024-01-31,60.31999969482422,60.31999969482422
2024-02-01,59.7599983215332,59.7599983215332
2024-02-02,59.599998474121094,59.599998474121094
2024-02-05,57.47999954223633,57.47999954223633
2024-02-06,56.040000915527344,56.040000915527344
2024-02-07,55.7599983215332,55.7599983215332
2024-02-08,55.47999954223633,55.47999954223633
2024-02-09,56.0,56.0
2024-02-12,57.0,57.0
2024-02-13,61.20000076293945,61.20000076293945
2024-02-14,57.880001068115234,57.880001068115234
2024-02-15,57.400001525878906,57.400001525878906
2024-02-16,57.31999969482422,57.31999969482422
2024-02-20,59.040000915527344,59.040000915527344
2024-02-21,58.79999923706055,58.79999923706055
2024-02-22,57.599998474121094,57.599998474121094
2024-02-23,55.36000061035156,55.36000061035156
2024-02-26,54.79999923706055,54.79999923706055
2024-02-27,53.880001068115234,53.880001068115234
2024-02-28,54.720001220703125,54.720001220703125
2024-02-29,53.959999084472656,53.959999084472656
2024-03-01,54.08000183105469,54.08000183105469
2024-03-04,54.040000915527344,54.040000915527344
2024-03-05,56.20000076293945,56.20000076293945
2024-03-06,56.47999954223633,56.47999954223633
2024-03-07,56.08000183105469,56.08000183105469
2024-03-08,57.599998474121094,57.599998474121094
2024-03-11,57.040000915527344,57.040000915527344
2024-03-12,54.20000076293945,54.20000076293945
2024-03-13,53.84000015258789,53.84000015258789
2024-03-14,55.31999969482422,55.31999969482422
2024-03-15,56.31999969482422,56.31999969482422
2024-03-18,55.119998931884766,55.119998931884766
2024-03-19,53.68000030517578,53.68000030517578
2024-03-20,52.279998779296875,52.279998779296875
2024-03-21,52.0,52.0
2024-03-22,52.279998779296875,52.279998779296875
2024-03-25,51.91999816894531,51.91999816894531
2024-03-26,51.720001220703125,51.720001220703125
2024-03-27,50.720001220703125,50.720001220703125
2024-03-28,51.84000015258789,51.84000015258789
2024-04-01,52.119998931884766,52.119998931884766
2024-04-02,53.52000045776367,53.52000045776367
2024-04-03,53.279998779296875,53.279998779296875
2024-04-04,55.68000030517578,55.68000030517578
2024-04-05,56.7599983215332,56.7599983215332
2024-04-08,54.47999954223633,54.47999954223633
2024-04-09,54.2400016784668,54.2400016784668
2024-04-10,55.08000183105469,55.08000183105469
2024-04-11,54.040000915527344,54.040000915527344
2024-04-12,58.79999923706055,58.79999923706055
2024-04-15,62.119998931884766,62.119998931884766
2024-04-16,60.040000915527344,60.040000915527344
2024-04-17,59.47999954223633,59.47999954223633
2024-04-18,60.0,60.0
2024-04-19,61.439998626708984,61.439998626708984
2024-04-22,56.79999923706055,56.79999923706055
2024-04-23,54.47999954223633,54.47999954223633
2024-04-24,54.0,54.0
2024-04-25,55.20000076293945,55.20000076293945
2024-04-26,53.400001525878906,53.400001525878906
2024-04-29,52.68000030517578,52.68000030517578
2024-04-30,54.15999984741211,54.15999984741211
2024-05-01,54.279998779296875,54.279998779296875
2024-05-02,52.560001373291016,52.560001373291016
2024-05-03,50.7599983215332,50.7599983215332
2024-05-06,49.47999954223633,49.47999954223633
2024-05-07,49.279998779296875,49.279998779296875
2024-05-08,48.84000015258789,48.84000015258789
2024-05-09,48.560001373291016,48.560001373291016
2024-05-10,47.959999084472656,47.959999084472656
2024-05-13,48.599998474121094,48.599998474121094
2024-05-14,47.68000030517578,47.68000030517578
2024-05-15,45.720001220703125,45.720001220703125
2024-05-16,45.720001220703125,45.720001220703125
2024-05-17,45.31999969482422,45.31999969482422
2024-05-20,45.439998626708984,45.439998626708984
2024-05-21,44.400001525878906,44.400001525878906
2024-05-22,45.52000045776367,45.52000045776367
2024-05-23,46.119998931884766,46.119998931884766
2024-05-24,44.560001373291016,44.560001373291016
2024-05-28,45.68000030517578,45.68000030517578
2024-05-29,47.36000061035156,47.36000061035156
2024-05-30,47.279998779296875,47.279998779296875
2024-05-31,45.7599983215332,45.7599983215332
2024-06-03,45.52000045776367,45.52000045776367
2024-06-04,45.7599983215332,45.7599983215332
2024-06-05,44.84000015258789,44.84000015258789
2024-06-06,44.52000045776367,44.52000045776367
2024-06-07,44.08000183105469,44.08000183105469
2024-06-10,44.20000076293945,44.20000076293945
2024-06-11,44.15999984741211,44.15999984741211
2024-06-12,43.20000076293945,43.20000076293945
2024-06-13,43.20000076293945,43.20000076293945
2024-06-14,44.63999938964844,44.63999938964844
2024-06-17,44.31999969482422,44.31999969482422
2024-06-18,44.0,44.0
2024-06-20,45.560001373291016,45.560001373291016
2024-06-21,44.7599983215332,44.7599983215332
2024-06-24,44.52000045776367,44.52000045776367
2024-06-25,43.52000045776367,43.52000045776367
2024-06-26,43.08000183105469,43.08000183105469
2024-06-27,42.720001220703125,42.720001220703125
2024-06-28,43.400001525878906,43.400001525878906
2024-07-01,41.68000030517578,41.68000030517578
2024-07-02,41.15999984741211,41.15999984741211
2024-07-03,41.36000061035156,41.36000061035156
2024-07-05,41.47999954223633,41.47999954223633
2024-07-08,40.79999923706055,40.79999923706055
2024-07-09,40.79999923706055,40.79999923706055
2024-07-10,40.720001220703125,40.720001220703125
2024-07-11,40.84000015258789,40.84000015258789
2024-07-12,40.15999984741211,40.15999984741211
2024-07-15,40.959999084472656,40.959999084472656
2024-07-16,41.119998931884766,41.119998931884766
2024-07-17,42.52000045776367,42.52000045776367
2024-07-18,43.79999923706055,43.79999923706055
2024-07-19,45.720001220703125,45.720001220703125
2024-07-22,43.2400016784668,43.2400016784668
2024-07-23,42.84000015258789,42.84000015258789
2024-07-24,48.79999923706055,48.79999923706055
2024-07-25,49.20000076293945,49.20000076293945
2024-07-26,46.400001525878906,46.400001525878906
2024-07-29,45.68000030517578,45.68000030517578
2024-07-30,47.08000183105469,47.08000183105469
2024-07-31,45.79999923706055,45.79999923706055
2024-08-01,49.91999816894531,49.91999816894531
2024-08-02,61.880001068115234,61.880001068115234
2024-08-05,88.5199966430664,88.5199966430664
2024-08-06,70.36000061035156,70.36000061035156
2024-08-07,68.23999786376953,68.23999786376953
2024-08-08,62.7599983215332,62.7599983215332
2024-08-09,54.400001525878906,54.400001525878906
2024-08-12,54.20000076293945,54.20000076293945
2024-08-13,49.959999084472656,49.959999084472656
2024-08-14,46.599998474121094,46.599998474121094
2024-08-15,44.880001068115234,44.880001068115234
2024-08-16,44.84000015258789,44.84000015258789
2024-08-19,43.84000015258789,43.84000015258789
2024-08-20,45.7599983215332,45.7599983215332
2024-08-21,46.2400016784668,46.2400016784668
2024-08-22,48.31999969482422,48.31999969482422
2024-08-23,45.400001525878906,45.400001525878906
2024-08-26,45.47999954223633,45.47999954223633
2024-08-27,44.439998626708984,44.439998626708984
2024-08-28,47.0,47.0
2024-08-29,45.31999969482422,45.31999969482422
2024-08-30,44.0,44.0
2024-09-03,52.91999816894531,52.91999816894531
2024-09-04,54.040000915527344,54.040000915527344
2024-09-05,51.720001220703125,51.720001220703125
2024-09-06,55.400001525878906,55.400001525878906
2024-09-09,51.959999084472656,51.959999084472656
2024-09-10,50.959999084472656,50.959999084472656
2024-09-11,48.7599983215332,48.7599983215332
2024-09-12,48.439998626708984,48.439998626708984
2024-09-13,48.2400016784668,48.2400016784668
2024-09-16,48.560001373291016,48.560001373291016
2024-09-17,49.79999923706055,49.79999923706055
2024-09-18,49.20000076293945,49.20000076293945
2024-09-19,47.36000061035156,47.36000061035156
2024-09-20,47.040000915527344,47.040000915527344
2024-09-23,47.20000076293945,47.20000076293945
2024-09-24,47.2400016784668,47.2400016784668
2024-09-25,47.7599983215332,47.7599983215332
2024-09-26,47.79999923706055,47.79999923706055
2024-09-27,50.040000915527344,50.040000915527344
2024-09-30,49.0,49.0
2024-10-01,52.84000015258789,52.84000015258789
2024-10-02,52.0,52.0
2024-10-03,54.279998779296875,54.279998779296875
2024-10-04,52.36000061035156,52.36000061035156
2024-10-07,56.91999816894531,56.91999816894531
2024-10-08,54.63999938964844,54.63999938964844
2024-10-09,53.279998779296875,53.279998779296875
2024-10-10,54.0,54.0
2024-10-11,53.439998626708984,53.439998626708984
2024-10-14,51.560001373291016,51.560001373291016
2024-10-15,53.15999984741211,53.15999984741211
2024-10-16,52.68000030517578,52.68000030517578
2024-10-17,51.79999923706055,51.79999923706055
2024-10-18,50.599998474121094,50.599998474121094
2024-10-21,50.63999938964844,50.63999938964844
2024-10-22,50.52000045776367,50.52000045776367
2024-10-23,53.0,53.0
2024-10-24,52.119998931884766,52.119998931884766
2024-10-25,54.52000045776367,54.52000045776367
2024-10-28,52.040000915527344,52.040000915527344
2024-10-29,51.7599983215332,51.7599983215332
2024-10-30,52.959999084472656,52.959999084472656
2024-10-31,57.20000076293945,57.20000076293945
2024-11-01,56.20000076293945,56.20000076293945
2024-11-04,53.720001220703125,53.720001220703125
2024-11-05,50.880001068115234,50.880001068115234
2024-11-06,45.7599983215332,45.7599983215332
2024-11-07,44.36000061035156,44.36000061035156
2024-11-08,44.16999816894531,44.16999816894531
2024-11-11,44.06999969482422,44.06999969482422
2024-11-12,43.97999954223633,43.97999954223633
2024-11-13,42.91999816894531,42.91999816894531
2024-11-14,42.880001068115234,42.880001068115234
2024-11-15,45.869998931884766,45.869998931884766
2024-11-18,44.20000076293945,44.20000076293945
2024-11-19,45.79999923706055,45.79999923706055
2024-11-20,47.31999969482422,47.31999969482422
2024-11-21,46.970001220703125,46.970001220703125
2024-11-22,45.040000915527344,45.040000915527344
2024-11-25,43.459999084472656,43.459999084472656
2024-11-26,43.0099983215332,43.0099983215332
2024-11-27,42.81999969482422,42.81999969482422
2024-11-29,41.9900016784668,41.9900016784668
2024-12-02,41.95000076293945,41.95000076293945
2024-12-03,41.459999084472656,41.459999084472656
2024-12-04,41.709999084472656,41.709999084472656
2024-12-05,41.790000915527344,41.790000915527344
2024-12-06,41.09000015258789,41.09000015258789
2024-12-09,41.97999954223633,41.97999954223633
2024-12-10,41.91999816894531,41.91999816894531
2024-12-11,41.439998626708984,41.439998626708984
2024-12-12,41.91999816894531,41.91999816894531
2024-12-13,41.7599983215332,41.7599983215332
2024-12-16,42.61000061035156,42.61000061035156
2024-12-17,43.58000183105469,43.58000183105469
2024-12-18,50.959999084472656,50.959999084472656
2024-12-19,55.310001373291016,55.310001373291016
2024-12-20,47.029998779296875,47.029998779296875
2024-12-23,44.060001373291016,44.060001373291016
2024-12-24,41.560001373291016,41.560001373291016
2024-12-26,41.810001373291016,41.810001373291016
2024-12-27,43.810001373291016,43.810001373291016
2024-12-30,44.72999954223633,44.72999954223633
2024-12-31,45.02000045776367,45.02000045776367
2025-01-02,45.959999084472656,45.959999084472656
2025-01-03,43.4900016784668,43.4900016784668
2025-01-06,43.15999984741211,43.15999984741211
2025-01-07,45.81999969482422,45.81999969482422
2025-01-08,45.52000045776367,45.52000045776367
2025-01-10,48.650001525878906,48.650001525878906
2025-01-13,47.66999816894531,47.66999816894531
2025-01-14,46.72999954223633,46.72999954223633
2025-01-15,42.81999969482422,42.81999969482422
2025-01-16,42.900001525878906,42.900001525878906
2025-01-17,43.13999938964844,43.13999938964844
2025-01-21,41.380001068115234,41.380001068115234
2025-01-22,41.959999084472656,41.959999084472656
2025-01-23,41.18000030517578,41.18000030517578
2025-01-24,41.060001373291016,41.060001373291016
2025-01-27,43.689998626708984,43.689998626708984
2025-01-28,42.310001373291016,42.310001373291016
2025-01-29,42.029998779296875,42.029998779296875
2025-01-30,41.869998931884766,41.869998931884766
2025-01-31,43.369998931884766,43.369998931884766
2025-02-03,44.209999084472656,44.209999084472656
2025-02-04,42.9900016784668,42.9900016784668
2025-02-05,42.029998779296875,42.029998779296875
2025-02-06,41.790000915527344,41.790000915527344
2025-02-07,43.209999084472656,43.209999084472656
2025-02-10,42.11000061035156,42.11000061035156
2025-02-11,42.27000045776367,42.27000045776367
2025-02-12,42.029998779296875,42.029998779296875
2025-02-13,41.33000183105469,41.33000183105469
2025-02-14,41.18000030517578,41.18000030517578
2025-02-18,41.0,41.0
2025-02-19,40.5,40.5
2025-02-20,40.72999954223633,40.72999954223633
2025-02-21,43.560001373291016,43.560001373291016
2025-02-24,43.84000015258789,43.84000015258789
2025-02-25,44.15999984741211,44.15999984741211
2025-02-26,43.20000076293945,43.20000076293945
2025-02-27,45.66999816894531,45.66999816894531
2025-02-28,44.77000045776367,44.77000045776367
2025-03-03,48.45000076293945,48.45000076293945
2025-03-04,49.70000076293945,49.70000076293945
2025-03-05,47.41999816894531,47.41999816894531
2025-03-06,52.68000030517578,52.68000030517578
2025-03-07,50.290000915527344,50.290000915527344
2025-03-10,55.77000045776367,55.77000045776367
2025-03-11,55.7599983215332,55.7599983215332
2025-03-12,52.900001525878906,52.900001525878906
2025-03-13,55.209999084472656,55.209999084472656
2025-03-14,50.380001068115234,50.380001068115234
2025-03-17,48.4900016784668,48.4900016784668
2025-03-18,49.83000183105469,49.83000183105469
2025-03-19,48.130001068115234,48.130001068115234
2025-03-20,47.33000183105469,47.33000183105469
2025-03-21,47.36000061035156,47.36000061035156
2025-03-24,44.310001373291016,44.310001373291016
2025-03-25,44.66999816894531,44.66999816894531
2025-03-26,46.029998779296875,46.029998779296875
2025-03-27,46.33000183105469,46.33000183105469
2025-03-28,50.47999954223633,50.47999954223633
2025-03-31,50.2599983215332,50.2599983215332
2025-04-01,50.33000183105469,50.33000183105469
2025-04-02,48.95000076293945,48.95000076293945
2025-04-03,60.95000076293945,60.95000076293945
2025-04-04,73.12000274658203,73.12000274658203
2025-04-07,73.5199966430664,73.5199966430664
2025-04-08,82.83000183105469,82.83000183105469
2025-04-09,65.5,65.5
2025-04-10,77.91000366210938,77.91000366210938
2025-04-11,75.69000244140625,75.69000244140625
2025-04-14,67.0,67.0
2025-04-15,66.5,66.5
2025-04-16,72.05000305175781,72.05000305175781
2025-04-17,69.95999908447266,69.95999908447266
2025-04-21,74.0999984741211,74.0999984741211
2025-04-22,69.58000183105469,69.58000183105469
2025-04-23,67.11000061035156,67.11000061035156
2025-04-24,64.83999633789062,64.83999633789062
2025-04-25,61.90999984741211,61.90999984741211
2025-04-28,62.34000015258789,62.34000015258789
2025-04-29,61.720001220703125,61.720001220703125
2025-04-30,63.13999938964844,63.13999938964844
2025-05-01,62.20000076293945,62.20000076293945
2025-05-02,59.56999969482422,59.56999969482422
2025-05-05,60.790000915527344,60.790000915527344
2025-05-06,63.150001525878906,63.150001525878906
2025-05-07,61.54999923706055,61.54999923706055
2025-05-08,59.150001525878906,59.150001525878906
2025-05-09,58.720001220703125,58.720001220703125
2025-05-12,51.099998474121094,51.099998474121094
2025-05-13,50.5,50.5
2025-05-14,51.72999954223633,51.72999954223633
2025-05-15,50.86000061035156,50.86000061035156
2025-05-16,51.290000915527344,51.290000915527344
2025-05-19,51.290000915527344,51.290000915527344
2025-05-20,50.83000183105469,50.83000183105469
2025-05-21,54.349998474121094,54.349998474121094
2025-05-22,53.93000030517578,53.93000030517578
2025-05-23,57.470001220703125,57.470001220703125
2025-05-27,51.720001220703125,51.720001220703125
2025-05-28,52.2400016784668,52.2400016784668
2025-05-29,52.310001373291016,52.310001373291016
2025-05-30,52.77000045776367,52.77000045776367
2025-06-02,52.0,52.0
2025-06-03,50.90999984741211,50.90999984741211
2025-06-04,51.060001373291016,51.060001373291016
2025-06-05,52.0,52.0
2025-06-06,49.779998779296875,49.779998779296875
2025-06-09,49.11000061035156,49.11000061035156
2025-06-10,48.939998626708984,48.939998626708984
2025-06-11,49.15999984741211,49.15999984741211
2025-06-12,49.959999084472656,49.959999084472656
2025-06-13,53.810001373291016,53.810001373291016
2025-06-16,49.810001373291016,49.810001373291016
2025-06-17,52.83000183105469,52.83000183105469
2025-06-18,51.58000183105469,51.58000183105469
2025-06-20,52.15999984741211,52.15999984741211
2025-06-23,51.40999984741211,51.40999984741211
2025-06-24,47.75,47.75
2025-06-25,47.38999938964844,47.38999938964844
2025-06-26,47.189998626708984,47.189998626708984
2025-06-27,47.130001068115234,47.130001068115234
2025-06-30,46.880001068115234,46.880001068115234
2025-07-01,46.810001373291016,46.810001373291016
2025-07-02,46.66999816894531,46.66999816894531
2025-07-03,46.290000915527344,46.290000915527344
2025-07-07,46.86000061035156,46.86000061035156
2025-07-08,45.79999923706055,45.79999923706055
2025-07-09,44.20000076293945,44.20000076293945
2025-07-10,43.86000061035156,43.86000061035156
2025-07-11,44.06999969482422,44.06999969482422
2025-07-14,44.7400016784668,44.7400016784668
2025-07-15,44.40999984741211,44.40999984741211
2025-07-16,44.81999969482422,44.81999969482422
2025-07-17,44.619998931884766,44.619998931884766
2025-07-18,43.959999084472656,43.959999084472656
2025-07-21,43.70000076293945,43.70000076293945
2025-07-22,43.54999923706055,43.54999923706055
2025-07-23,41.77000045776367,41.77000045776367
2025-07-24,41.61000061035156,41.61000061035156
2025-07-25,41.22999954223633,41.22999954223633
2025-07-28,40.099998474121094,40.099998474121094
2025-07-29,41.040000915527344,41.040000915527344
2025-07-30,41.2400016784668,41.2400016784668
2025-07-31,41.4900016784668,41.4900016784668
2025-08-01,44.7599983215332,44.7599983215332
2025-08-04,41.72999954223633,41.72999954223633
2025-08-05,42.15999984741211,42.15999984741211
2025-08-06,40.86000061035156,40.86000061035156
2025-08-07,41.18000030517578,41.18000030517578
2025-08-08,39.7599983215332,39.7599983215332
2025-08-11,39.95000076293945,39.95000076293945
2025-08-12,38.25,38.25
2025-08-13,38.029998779296875,38.029998779296875
2025-08-14,38.13999938964844,38.13999938964844
2025-08-15,37.970001220703125,37.970001220703125
2025-08-18,37.11000061035156,37.11000061035156
2025-08-19,37.849998474121094,37.849998474121094
2025-08-20,37.61000061035156,37.61000061035156
2025-08-21,38.189998626708984,38.189998626708984
2025-08-22,35.189998626708984,35.189998626708984
2025-08-25,35.130001068115234,35.130001068115234
2025-08-26,34.939998626708984,34.939998626708984
2025-08-27,35.09000015258789,35.09000015258789
2025-08-28,34.54999923706055,34.54999923706055
2025-08-29,35.2599983215332,35.2599983215332
2025-09-02,36.349998474121094,36.349998474121094
2025-09-03,35.5,35.5
2025-09-04,34.459999084472656,34.459999084472656
2025-09-05,34.4900016784668,34.4900016784668
2025-09-08,33.880001068115234,33.880001068115234
2025-09-09,33.709999084472656,33.709999084472656
2025-09-10,33.58000183105469,33.58000183105469
2025-09-11,32.72999954223633,32.72999954223633
2025-09-12,32.68000030517578,32.68000030517578
2025-09-15,33.08000183105469,33.08000183105469
2025-09-16,33.58000183105469,33.58000183105469
2025-09-17,32.369998931884766,32.369998931884766
2025-09-18,32.25,32.25
2025-09-19,32.34000015258789,32.34000015258789
2025-09-22,32.880001068115234,32.880001068115234
2025-09-23,33.25,33.25
2025-09-24,32.83000183105469,32.83000183105469
2025-09-25,33.27000045776367,33.27000045776367
2025-09-26,31.989999771118164,31.989999771118164
2025-09-29,32.400001525878906,32.400001525878906
2025-09-30,32.29999923706055,32.29999923706055
2025-10-01,32.099998474121094,32.099998474121094
2025-10-02,32.470001220703125,32.470001220703125
2025-10-03,32.2400016784668,32.2400016784668
2025-10-06,32.15999984741211,32.15999984741211
2025-10-07,32.790000915527344,32.790000915527344
2025-10-08,32.290000915527344,32.290000915527344
2025-10-09,32.369998931884766,32.369998931884766
2025-10-10,36.380001068115234,36.380001068115234
2025-10-13,33.720001220703125,33.720001220703125
2025-10-14,35.13999938964844,35.13999938964844
2025-10-15,35.52000045776367,35.52000045776367
2025-10-16,38.95000076293945,38.95000076293945
2025-10-17,35.72999954223633,35.72999954223633
2025-10-20,33.0099983215332,33.0099983215332
2025-10-21,32.84000015258789,32.84000015258789
2025-10-22,33.22999954223633,33.22999954223633
2025-10-23,32.599998474121094,32.599998474121094
2025-10-24,32.220001220703125,32.220001220703125
2025-10-27,31.15999984741211,31.15999984741211
2025-10-28,32.040000915527344,32.040000915527344
2025-10-29,32.650001525878906,32.650001525878906
2025-10-30,32.90999984741211,32.90999984741211
2025-10-31,33.029998779296875,33.029998779296875
2025-11-03,32.66999816894531,32.66999816894531
2025-11-04,33.900001525878906,33.900001525878906
2025-11-05,32.599998474121094,32.599998474121094
2025-11-06,34.0099983215332,34.0099983215332
2025-11-07,33.689998626708984,33.689998626708984
2025-11-10,31.93000030517578,31.93000030517578
2025-11-11,31.84000015258789,31.84000015258789
2025-11-12,32.029998779296875,32.029998779296875
2025-11-13,34.15999984741211,34.15999984741211
2025-11-14,33.59000015258789,33.59000015258789
2025-11-17,35.29999923706055,35.29999923706055
2025-11-18,36.75,36.75
2025-11-19,35.81999969482422,35.81999969482422
2025-11-20,38.20000076293945,38.20000076293945
2025-11-21,36.25,36.25
2025-11-24,33.65999984741211,33.65999984741211
2025-11-25,32.7599983215332,32.7599983215332
2025-11-26,31.84000015258789,31.84000015258789
2025-11-28,31.1299991607666,31.1299991607666
2025-12-01,31.149999618530273,31.149999618530273
2025-12-02,30.600000381469727,30.600000381469727
2025-12-03,30.43000030517578,30.43000030517578
2025-12-04,30.15999984741211,30.15999984741211
2025-12-05,29.790000915527344,29.790000915527344
2025-12-08,30.100000381469727,30.100000381469727
2025-12-09,30.280000686645508,30.280000686645508
2025-12-10,29.059999465942383,29.059999465942383
2025-12-11,28.649999618530273,28.649999618530273
2025-12-12,28.719999313354492,28.719999313354492
2025-12-15,28.690000534057617,28.690000534057617
2025-12-16,28.56999969482422,28.56999969482422
2025-12-17,29.059999465942383,29.059999465942383
2025-12-18,28.110000610351562,28.110000610351562
2025-12-19,27.049999237060547,27.049999237060547
2025-12-22,26.1200008392334,26.1200008392334
2025-12-23,26.219999313354492,26.219999313354492
2025-12-24,26.190000534057617,26.190000534057617
2025-12-26,26.139999389648438,26.139999389648438
2025-12-29,25.860000610351562,25.860000610351562
2025-12-30,25.469999313354492,25.469999313354492
2025-12-31,25.639999389648438,25.639999389648438
2026-01-02,25.209999084472656,25.209999084472656
2026-01-05,25.56999969482422,25.56999969482422
2026-01-06,25.260000228881836,25.260000228881836
2026-01-07,25.68000030517578,25.68000030517578
2026-01-08,25.34000015258789,25.34000015258789
2026-01-09,24.979999542236328,24.979999542236328
2026-01-12,25.030000686645508,25.030000686645508
2026-01-13,25.6299991607666,25.6299991607666
2026-01-14,26.260000228881836,26.260000228881836
2026-01-15,25.479999542236328,25.479999542236328
2026-01-16,25.600000381469727,25.600000381469727
2026-01-20,28.459999084472656,28.459999084472656
2026-01-21,25.84000015258789,25.84000015258789
2026-01-22,25.219999313354492,25.219999313354492
2026-01-23,25.68000030517578,25.68000030517578
2026-01-26,25.6299991607666,25.6299991607666
2026-01-27,26.09000015258789,26.09000015258789
2026-01-28,26.09000015258789,26.09000015258789
2026-01-29,26.270000457763672,26.270000457763672
2026-01-30,26.709999084472656,26.709999084472656
2026-02-02,25.280000686645508,25.280000686645508
2026-02-03,26.3700008392334,26.3700008392334
2026-02-04,26.75,26.75
2026-02-05,28.420000076293945,28.420000076293945
2026-02-06,26.709999084472656,26.709999084472656
2026-02-09,25.809999465942383,25.809999465942383
2026-02-10,26.34000015258789,26.34000015258789
2026-02-11,26.239999771118164,26.239999771118164
2026-02-12,27.899999618530273,27.899999618530273
2026-02-13,28.309999465942383,28.309999465942383
2026-02-17,27.299999237060547,27.299999237060547
2026-02-18,27.3700008392334,27.3700008392334
2026-02-19,28.049999237060547,28.049999237060547
2026-02-20,27.399999618530273,27.399999618530273
2026-02-23,28.469999313354492,28.469999313354492
2026-02-24,27.579999923706055,27.579999923706055
2026-02-25,26.540000915527344,26.540000915527344
2026-02-26,26.809999465942383,26.809999465942383
2026-02-27,27.860000610351562,27.860000610351562
2026-03-02,28.219999313354492,28.219999313354492
2026-03-03,29.530000686645508,29.530000686645508
2026-03-04,28.530000686645508,28.530000686645508
2026-03-05,30.350000381469727,30.350000381469727
2026-03-06,34.45000076293945,34.45000076293945
2026-03-09,31.170000076293945,31.170000076293945
2026-03-10,32.68000030517578,32.68000030517578
2026-03-11,31.190000534057617,31.190000534057617
2026-03-12,33.31999969482422,33.31999969482422
2026-03-13,33.880001068115234,33.880001068115234
2026-03-16,31.329999923706055,31.329999923706055
2026-03-17,30.8799991607666,30.8799991607666
2026-03-18,33.59000015258789,33.59000015258789
2026-03-19,32.650001525878906,32.650001525878906
2026-03-20,34.970001220703125,34.970001220703125
2026-03-23,33.13999938964844,33.13999938964844
2026-03-24,33.84000015258789,33.84000015258789
2026-03-25,33.209999084472656,33.209999084472656
2026-03-26,35.4900016784668,35.4900016784668
2026-03-27,38.22999954223633,38.22999954223633
2026-03-30,37.880001068115234,37.880001068115234
2026-03-31,34.349998474121094,34.349998474121094
2026-04-01,33.56999969482422,33.56999969482422
2026-04-02,33.529998779296875,33.529998779296875
2026-04-06,32.709999084472656,32.709999084472656
2026-04-07,33.86000061035156,33.86000061035156
2026-04-08,30.510000228881836,30.510000228881836
2026-04-09,29.399999618530273,29.399999618530273
2026-04-10,29.75,29.75
2026-04-13,28.6200008392334,28.6200008392334
2026-04-14,28.110000610351562,28.110000610351562
2026-04-15,28.329999923706055,28.329999923706055
2026-04-16,28.290000915527344,28.290000915527344
2026-04-17,27.93000030517578,27.93000030517578
2026-04-20,28.389999389648438,28.389999389648438
2026-04-21,28.90999984741211,28.90999984741211
2026-04-22,28.540000915527344,28.540000915527344
2026-04-23,28.510000228881836,28.510000228881836
2026-04-24,28.770000457763672,28.770000457763672
2026-04-27,27.809999465942383,27.809999465942383
2026-04-28,27.389999389648438,27.389999389648438
2026-04-29,28.010000228881836,28.010000228881836
2026-04-30,27.219999313354492,27.219999313354492
2026-05-01,27.43000030517578,27.43000030517578
2026-05-04,27.719999313354492,27.719999313354492
2026-05-05,27.700000762939453,27.700000762939453
2026-05-06,27.09000015258789,27.09000015258789
2026-05-07,26.850000381469727,26.850000381469727
2026-05-08,27.049999237060547,27.049999237060547
2026-05-11,27.40999984741211,27.40999984741211
2026-05-12,26.770000457763672,26.770000457763672
2026-05-13,27.329999923706055,27.329999923706055
2026-05-14,26.68000030517578,26.68000030517578
2026-05-15,26.93000030517578,26.93000030517578
2026-05-18,26.299999237060547,26.299999237060547
2026-05-19,26.6200008392334,26.6200008392334
2026-05-20,26.020000457763672,26.020000457763672
2026-05-21,25.290000915527344,25.290000915527344
2026-05-22,25.43000030517578,25.43000030517578
2026-05-26,24.639999389648438,24.639999389648438
2026-05-27,24.1299991607666,24.1299991607666
2026-05-28,23.700000762939453,23.700000762939453
2026-05-29,23.290000915527344,23.290000915527344
2026-06-01,23.850000381469727,23.850000381469727
2026-06-02,23.459999084472656,23.459999084472656
2026-06-03,23.520000457763672,23.520000457763672
2026-06-04,22.670000076293945,22.670000076293945
2026-06-05,24.309999465942383,24.309999465942383
2026-06-08,23.90999984741211,23.90999984741211
2026-06-09,24.270000457763672,24.270000457763672
2026-06-10,25.68000030517578,25.68000030517578
2026-06-11,24.40999984741211,24.40999984741211
2026-06-12,23.290000915527344,23.290000915527344
2026-06-15,21.700000762939453,21.700000762939453
2026-06-16,21.81999969482422,21.81999969482422
2026-06-17,22.700000762939453,22.700000762939453
2026-06-18,21.899999618530273,21.899999618530273
2026-06-22,21.850000381469727,21.850000381469727
2026-06-23,22.979999542236328,22.979999542236328
2026-06-24,22.90999984741211,22.90999984741211
