horizon_d,t_entry,t_res,price,outcome,yes_token,condition_id,question,n_visible,bulls,bears,entry,ret
7,2026-05-28,2026-06-04,0.0705,0.0,25714007960293389110960044475283546872601238755063051359394740854408462452120,0x3733a1b647e7364095736ab0966465d896a84cf3b6bc1695ca1f26c3239b3868,"MicroStrategy sells any Bitcoin by May 31, 20",25,0,0,0.0905,-1.0
3,2026-06-01,2026-06-04,0.123,0.0,25714007960293389110960044475283546872601238755063051359394740854408462452120,0x3733a1b647e7364095736ab0966465d896a84cf3b6bc1695ca1f26c3239b3868,"MicroStrategy sells any Bitcoin by May 31, 20",26,0,0,0.143,-1.0
7,2026-04-24,2026-05-01,0.0015,0.0,50049642142024617231697970377792489304039200104142714216386619263735691638204,0x1d2787cb8aed975d092b2799ed6f4083e9445f7420cdc09e9d47e7d54356c6cd,"US x Iran ceasefire extended by April 22, 202",17,1,0,0.021500000000000002,-1.0
3,2026-04-28,2026-05-01,0.0025,0.0,50049642142024617231697970377792489304039200104142714216386619263735691638204,0x1d2787cb8aed975d092b2799ed6f4083e9445f7420cdc09e9d47e7d54356c6cd,"US x Iran ceasefire extended by April 22, 202",17,1,0,0.0225,-1.0
7,2026-06-11,2026-06-18,0.039,1.0,5904694069529905826680225678119990013628860098514322777023141327768111791078,0xd86a816093fcd0a0e1ca440bc5ce199bd3c5a8d6139e044b076958164f8c5423,"US x Iran permanent peace deal by June 15, 20",28,0,0,0.059,15.949152542372882
3,2026-06-15,2026-06-18,0.8155,1.0,5904694069529905826680225678119990013628860098514322777023141327768111791078,0xd86a816093fcd0a0e1ca440bc5ce199bd3c5a8d6139e044b076958164f8c5423,"US x Iran permanent peace deal by June 15, 20",28,1,0,0.8355,0.1968880909634949
7,2026-05-01,2026-05-08,0.09,1.0,79574854225464477884287524461980167393583915155475895540399834902850789709576,0xa93b28a6384aefff4e7d5adb2061c444e4a0e95b8ad17755f9cee123c7099b35,"Russia x Ukraine ceasefire by May 31, 2026?",18,0,1,0.11,8.090909090909092
3,2026-05-05,2026-05-08,0.0605,1.0,79574854225464477884287524461980167393583915155475895540399834902850789709576,0xa93b28a6384aefff4e7d5adb2061c444e4a0e95b8ad17755f9cee123c7099b35,"Russia x Ukraine ceasefire by May 31, 2026?",20,0,1,0.0805,11.422360248447205
7,2026-06-23,2026-06-30,0.0035,0.0,58374167250364215964582274356498746399676421878376948523944979542572589542202,0x289568d555ec620ed6fa33c936c5f42649d3a2e30748a1daf7079f42453fbea4,Will Ivory Coast win the 2026 FIFA World Cup?,38,0,0,0.0235,-1.0
3,2026-06-27,2026-06-30,0.0035,0.0,58374167250364215964582274356498746399676421878376948523944979542572589542202,0x289568d555ec620ed6fa33c936c5f42649d3a2e30748a1daf7079f42453fbea4,Will Ivory Coast win the 2026 FIFA World Cup?,38,0,0,0.0235,-1.0
7,2026-06-21,2026-06-28,0.0035,0.0,80724786407275266937534613008558715581084712230616856739273522348302669402554,0x65307f30dce84ac35e41813035d3c04933da830dc4efbbb2fcdc4b282700ef3b,Will South Korea win the 2026 FIFA World Cup?,36,0,0,0.0235,-1.0
3,2026-06-25,2026-06-28,0.0025,0.0,80724786407275266937534613008558715581084712230616856739273522348302669402554,0x65307f30dce84ac35e41813035d3c04933da830dc4efbbb2fcdc4b282700ef3b,Will South Korea win the 2026 FIFA World Cup?,38,0,0,0.0225,-1.0
7,2026-06-24,2026-07-01,0.0015,0.0,39971087496427056640429359043364261029374524049464674733142166279730655826181,0xbaf7780f9059e34b84301fd411f8dc573b4d56adfe6e0cda33daf304b1438da4,Will Ecuador win the 2026 FIFA World Cup?,38,0,0,0.021500000000000002,-1.0
3,2026-06-28,2026-07-01,0.0065,0.0,39971087496427056640429359043364261029374524049464674733142166279730655826181,0xbaf7780f9059e34b84301fd411f8dc573b4d56adfe6e0cda33daf304b1438da4,Will Ecuador win the 2026 FIFA World Cup?,41,0,0,0.0265,-1.0
7,2026-06-24,2026-07-01,0.0015,0.0,87403333427856945144645806003352057704193778078820484282942507058200689996202,0xcd836ec4d94b8a4ddc5713d80fe9db245d2fb4796eaf12337974da1b4e96100d,Will Congo DR win the 2026 FIFA World Cup?,38,0,0,0.021500000000000002,-1.0
3,2026-06-28,2026-07-01,0.0005,0.0,87403333427856945144645806003352057704193778078820484282942507058200689996202,0xcd836ec4d94b8a4ddc5713d80fe9db245d2fb4796eaf12337974da1b4e96100d,Will Congo DR win the 2026 FIFA World Cup?,41,0,0,0.0205,-1.0
7,2026-06-22,2026-06-29,0.0215,0.0,19159976531313550247579355752030367100657092033093647047491459813592996250034,0x0189df05ed7bf84d799213b01a79571e305c03b2ac5359cfbb3a323448ba20fa,Will Japan win the 2026 FIFA World Cup?,37,1,1,0.041499999999999995,-1.0
3,2026-06-26,2026-06-29,0.0155,0.0,19159976531313550247579355752030367100657092033093647047491459813592996250034,0x0189df05ed7bf84d799213b01a79571e305c03b2ac5359cfbb3a323448ba20fa,Will Japan win the 2026 FIFA World Cup?,38,2,0,0.035500000000000004,-1.0
7,2026-05-25,2026-06-01,0.235,0.0,72094069823942324362885404801938332659316240217382754851102758232469673300092,0x0e4a0c937b8934c2475613b6322b3f8edc8dedc24762e01e42b0e6f87424a089,"US x Iran permanent peace deal by May 31, 202",25,0,0,0.255,-1.0
3,2026-05-29,2026-06-01,0.115,0.0,72094069823942324362885404801938332659316240217382754851102758232469673300092,0x0e4a0c937b8934c2475613b6322b3f8edc8dedc24762e01e42b0e6f87424a089,"US x Iran permanent peace deal by May 31, 202",25,1,0,0.135,-1.0
7,2026-06-23,2026-06-30,0.0565,0.0,81739002353269632749850710185641576213562066971072676369728657545679630163887,0x1595b4818eeb1ea1e0bec5de6f057218e557feee9b405a0e930d290384fa1d16,Will Germany win the 2026 FIFA World Cup?,38,2,0,0.0765,-1.0
3,2026-06-27,2026-06-30,0.0455,0.0,81739002353269632749850710185641576213562066971072676369728657545679630163887,0x1595b4818eeb1ea1e0bec5de6f057218e557feee9b405a0e930d290384fa1d16,Will Germany win the 2026 FIFA World Cup?,38,2,0,0.0655,-1.0
7,2026-06-25,2026-07-02,0.0025,0.0,32169302633723235235251659810064817019484855501133685217130365128535248672349,0x6972edb1b3f8cd8192651a665fc424dff846efe1c4a2376f628d4b20c704144c,Will Senegal win the 2026 FIFA World Cup?,38,1,0,0.0225,-1.0
3,2026-06-29,2026-07-02,0.0045,0.0,32169302633723235235251659810064817019484855501133685217130365128535248672349,0x6972edb1b3f8cd8192651a665fc424dff846efe1c4a2376f628d4b20c704144c,Will Senegal win the 2026 FIFA World Cup?,41,0,1,0.0245,-1.0
7,2026-06-20,2026-06-27,0.0055,0.0,97239126062673310243763617236644392945530356142765650402171508075574679292913,0x7876851632c295043c66536150a304cb785abdf712ba8489d298c6e6926be106,Will Uruguay win the 2026 FIFA World Cup?,34,1,0,0.025500000000000002,-1.0
3,2026-06-24,2026-06-27,0.0015,0.0,97239126062673310243763617236644392945530356142765650402171508075574679292913,0x7876851632c295043c66536150a304cb785abdf712ba8489d298c6e6926be106,Will Uruguay win the 2026 FIFA World Cup?,38,0,0,0.021500000000000002,-1.0
7,2026-06-23,2026-06-30,0.0535,0.0,55935183786009449883683540312350046975246300613283087403691731856990327029236,0x9be56371f6a29d12769b2f196847ee825b9585ebb8bfa042136be031b081eba1,Will Netherlands win the 2026 FIFA World Cup?,38,1,0,0.0735,-1.0
3,2026-06-27,2026-06-30,0.0575,0.0,55935183786009449883683540312350046975246300613283087403691731856990327029236,0x9be56371f6a29d12769b2f196847ee825b9585ebb8bfa042136be031b081eba1,Will Netherlands win the 2026 FIFA World Cup?,38,1,0,0.0775,-1.0
7,2026-06-24,2026-07-01,0.0025,0.0,41004484905556820430171783088292854654441952667499527125436634397522798168110,0xd0dbdc94b28c5cffeef64ed6b13e5f0f2324fb177e5ffaa634b48c88fe18d5e7,Will Sweden win the 2026 FIFA World Cup?,38,0,0,0.0225,-1.0
3,2026-06-28,2026-07-01,0.0015,0.0,41004484905556820430171783088292854654441952667499527125436634397522798168110,0xd0dbdc94b28c5cffeef64ed6b13e5f0f2324fb177e5ffaa634b48c88fe18d5e7,Will Sweden win the 2026 FIFA World Cup?,41,0,0,0.021500000000000002,-1.0
7,2026-04-22,2026-04-29,0.9935,1.0,63586620628756015058616403521099137018911742768824051367331188904593189743777,0x36e8ca24d2a13435f519f15580d42b45cdbe3bc425fb39a7c2733260357af0fa,Will there be no change in Fed interest rates,16,0,0,0.99,0.010101010101010166
3,2026-04-26,2026-04-29,0.9965,1.0,63586620628756015058616403521099137018911742768824051367331188904593189743777,0x36e8ca24d2a13435f519f15580d42b45cdbe3bc425fb39a7c2733260357af0fa,Will there be no change in Fed interest rates,17,0,0,0.99,0.010101010101010166
7,2026-04-22,2026-04-29,0.0025,0.0,9556122149160720922715284597610520228366807023831966638741974320131898296289,0xd4d00e5bf8b960cc37c74c1ec19e41e00b0706add203ddcfbb65ad006c5c223a,Will the Fed increase interest rates by 25+ b,16,0,0,0.0225,-1.0
3,2026-04-26,2026-04-29,0.0015,0.0,9556122149160720922715284597610520228366807023831966638741974320131898296289,0xd4d00e5bf8b960cc37c74c1ec19e41e00b0706add203ddcfbb65ad006c5c223a,Will the Fed increase interest rates by 25+ b,17,0,0,0.021500000000000002,-1.0
7,2026-06-21,2026-06-28,0.0015,0.0,105252206997885252352889070218074909957179496257006510170583432513037465278006,0xf950740bc71136155d6525cc0528a582c81f88812bff227803190c32ca25f54d,Will Scotland win the 2026 FIFA World Cup?,36,0,0,0.021500000000000002,-1.0
3,2026-06-25,2026-06-28,0.0005,0.0,105252206997885252352889070218074909957179496257006510170583432513037465278006,0xf950740bc71136155d6525cc0528a582c81f88812bff227803190c32ca25f54d,Will Scotland win the 2026 FIFA World Cup?,38,0,0,0.0205,-1.0
7,2026-04-22,2026-04-29,0.0015,0.0,18690049947242812495755151360212639738977254879109748949267393375856311641700,0xd72622d154dfe65b9c019d6afcfe75a55717e5c502db611f555b101aafbf6ec5,Will the Fed decrease interest rates by 50+ b,16,0,0,0.021500000000000002,-1.0
3,2026-04-26,2026-04-29,0.0005,0.0,18690049947242812495755151360212639738977254879109748949267393375856311641700,0xd72622d154dfe65b9c019d6afcfe75a55717e5c502db611f555b101aafbf6ec5,Will the Fed decrease interest rates by 50+ b,17,0,0,0.0205,-1.0
7,2026-06-24,2026-07-01,0.0025,0.0,38397507750621893057346880033441136112987238933685677349709401910643842844855,0x9352c559e9648ab4cab236087b64ca85c5b7123a4c7d9d7d4efde4a39c18056f,Will the Iranian regime fall by June 30?,38,1,0,0.0225,-1.0
3,2026-06-28,2026-07-01,0.0005,0.0,38397507750621893057346880033441136112987238933685677349709401910643842844855,0x9352c559e9648ab4cab236087b64ca85c5b7123a4c7d9d7d4efde4a39c18056f,Will the Iranian regime fall by June 30?,41,0,0,0.0205,-1.0
7,2026-04-22,2026-04-29,0.0025,0.0,83479140651306794046790588004449066364152228067472874205697111967337978544729,0x0d14f5dc9fb3250ec888b1ac8d9fe9a0ce06f9d3ea60fdf138e8690622fea84c,Will the Fed decrease interest rates by 25 bp,16,0,0,0.0225,-1.0
3,2026-04-26,2026-04-29,0.0015,0.0,83479140651306794046790588004449066364152228067472874205697111967337978544729,0x0d14f5dc9fb3250ec888b1ac8d9fe9a0ce06f9d3ea60fdf138e8690622fea84c,Will the Fed decrease interest rates by 25 bp,17,0,0,0.021500000000000002,-1.0
7,2026-06-25,2026-07-02,0.0015,0.0,89770121993255619705119104591644526712193505786928967250693522950895615785005,0xbce6698c9a61376c0709a2a724a9cf0dd0236d8dea882533073b6bb062efbee0,Will Bosnia-Herzegovina win the 2026 FIFA Wor,38,0,0,0.021500000000000002,-1.0
3,2026-06-29,2026-07-02,0.0015,0.0,89770121993255619705119104591644526712193505786928967250693522950895615785005,0xbce6698c9a61376c0709a2a724a9cf0dd0236d8dea882533073b6bb062efbee0,Will Bosnia-Herzegovina win the 2026 FIFA Wor,41,0,0,0.021500000000000002,-1.0
7,2026-06-21,2026-06-28,0.0005,0.0,33747305042007778221968790541070114008811587676172030120559423448386310500957,0x84edef36bded182da6a395ac6c785dba8f3e09b6c5ad041385b2042536cbef25,Will Iran win the 2026 FIFA World Cup?,36,0,0,0.0205,-1.0
3,2026-06-25,2026-06-28,0.0005,0.0,33747305042007778221968790541070114008811587676172030120559423448386310500957,0x84edef36bded182da6a395ac6c785dba8f3e09b6c5ad041385b2042536cbef25,Will Iran win the 2026 FIFA World Cup?,38,0,0,0.0205,-1.0
7,2026-06-13,2026-06-20,0.0125,0.0,18704778540677036028551740861729937822696511439974613107767625408338509619395,0x106ccc4508432a065a67394837d4c2c529a8d77ed69fa3ba90b81eedf5236598,Will Turkiye win the 2026 FIFA World Cup?,28,0,0,0.0325,-1.0
3,2026-06-17,2026-06-20,0.0045,0.0,18704778540677036028551740861729937822696511439974613107767625408338509619395,0x106ccc4508432a065a67394837d4c2c529a8d77ed69fa3ba90b81eedf5236598,Will Turkiye win the 2026 FIFA World Cup?,30,0,0,0.0245,-1.0
7,2026-06-21,2026-06-28,0.0005,0.0,90538013438399246674125939147272424357773921253199632436930218305581040235987,0x965ebc5d79eb1ec02cad67245a44b9e45b33359018f013fb6cf81d5bbf7bcc8d,Will Uzbekistan win the 2026 FIFA World Cup?,36,0,0,0.0205,-1.0
3,2026-06-25,2026-06-28,0.0005,0.0,90538013438399246674125939147272424357773921253199632436930218305581040235987,0x965ebc5d79eb1ec02cad67245a44b9e45b33359018f013fb6cf81d5bbf7bcc8d,Will Uzbekistan win the 2026 FIFA World Cup?,38,0,0,0.0205,-1.0
7,2026-05-01,2026-05-08,0.135,1.0,92338023949892178944669766466918011858071833335063600591564160751176113496073,0xe546672750517f62c45a5a00067481981e62b9c20fa8220203232c9dc8fd2093,"Russia x Ukraine ceasefire by June 30, 2026?",18,0,0,0.155,5.451612903225807
3,2026-05-05,2026-05-08,0.105,1.0,92338023949892178944669766466918011858071833335063600591564160751176113496073,0xe546672750517f62c45a5a00067481981e62b9c20fa8220203232c9dc8fd2093,"Russia x Ukraine ceasefire by June 30, 2026?",20,0,0,0.125,7.0
7,2026-06-18,2026-06-25,0.0005,0.0,35797818400757287472708740881657961304270157125643131597907636474183210188025,0x5e614739363bbfc399469102c600e4e8260032d41e59e0bc12ebc0e71231642d,Will Czechia win the 2026 FIFA World Cup?,33,0,1,0.0205,-1.0
3,2026-06-22,2026-06-25,0.0005,0.0,35797818400757287472708740881657961304270157125643131597907636474183210188025,0x5e614739363bbfc399469102c600e4e8260032d41e59e0bc12ebc0e71231642d,Will Czechia win the 2026 FIFA World Cup?,37,0,0,0.0205,-1.0
7,2026-06-20,2026-06-27,0.0005,0.0,23542782083949026234898323432000742558288032327930681121040136746492993951914,0x3fb8a8de2ac275882d72b2c4f22d41776fcf033f9e413a77a84dd395c0d5257c,Will Saudi Arabia win the 2026 FIFA World Cup,34,0,1,0.0205,-1.0
3,2026-06-24,2026-06-27,0.0005,0.0,23542782083949026234898323432000742558288032327930681121040136746492993951914,0x3fb8a8de2ac275882d72b2c4f22d41776fcf033f9e413a77a84dd395c0d5257c,Will Saudi Arabia win the 2026 FIFA World Cup,38,0,0,0.0205,-1.0
7,2026-04-24,2026-05-01,0.0075,0.0,48764428286656921488851644351774667118009263342042758531252625616470924946480,0xe443dab97ad8b7f58558cc7a6a3932d156031e962a451e0461e9a4578d78fe84,Will the Iranian regime fall by April 30?,17,0,0,0.0275,-1.0
3,2026-04-28,2026-05-01,0.0025,0.0,48764428286656921488851644351774667118009263342042758531252625616470924946480,0xe443dab97ad8b7f58558cc7a6a3932d156031e962a451e0461e9a4578d78fe84,Will the Iranian regime fall by April 30?,17,1,0,0.0225,-1.0
7,2026-06-11,2026-06-18,0.155,1.0,31867385211987925701696042012772036156561382644688734856312468506547392739862,0x6114a8a3f9ac214f48a7e20d169f1c7a5c84082cb6f7058ed9fe1137b11fd0e7,"US x Iran permanent peace deal by June 30, 20",28,0,0,0.175,4.714285714285714
3,2026-06-15,2026-06-18,0.925,1.0,31867385211987925701696042012772036156561382644688734856312468506547392739862,0x6114a8a3f9ac214f48a7e20d169f1c7a5c84082cb6f7058ed9fe1137b11fd0e7,"US x Iran permanent peace deal by June 30, 20",28,0,0,0.9450000000000001,0.05820105820105814
7,2026-04-18,2026-04-25,0.886,1.0,21743669032210695168079601505378236205866986767926346409604806906483294819314,0x8183a221622f2d5d2b46da86c80d55a61f43d35829589e03c1efae9d072638c5,Iran x Israel/US conflict ends by April 7?,15,1,0,0.906,0.10375275938189832
3,2026-04-22,2026-04-25,0.9965,1.0,21743669032210695168079601505378236205866986767926346409604806906483294819314,0x8183a221622f2d5d2b46da86c80d55a61f43d35829589e03c1efae9d072638c5,Iran x Israel/US conflict ends by April 7?,16,1,0,0.99,0.010101010101010166
7,2026-06-20,2026-06-27,0.0005,0.0,79609298644734030886284029462369514848707878622071495577618126141372199748974,0x9e5f9d8c384f8fe368b195fa9a780be58643dff7360588a4e577012df8af00a7,Will New Zealand win the 2026 FIFA World Cup?,34,0,0,0.0205,-1.0
3,2026-06-24,2026-06-27,0.0005,0.0,79609298644734030886284029462369514848707878622071495577618126141372199748974,0x9e5f9d8c384f8fe368b195fa9a780be58643dff7360588a4e577012df8af00a7,Will New Zealand win the 2026 FIFA World Cup?,38,0,0,0.0205,-1.0
7,2026-06-22,2026-06-29,0.0005,0.0,29544965695734183971376022965555206180154533479443150154863135205600734339980,0x233ce0c3969a5cd5079287f16fcd283be7c1db82263e08697f85dbe1b4d2113c,Will South Africa win the 2026 FIFA World Cup,37,0,0,0.0205,-1.0
3,2026-06-26,2026-06-29,0.0005,0.0,29544965695734183971376022965555206180154533479443150154863135205600734339980,0x233ce0c3969a5cd5079287f16fcd283be7c1db82263e08697f85dbe1b4d2113c,Will South Africa win the 2026 FIFA World Cup,38,0,1,0.0205,-1.0
7,2026-06-18,2026-06-25,0.0005,0.0,18605216520960122093689427575806651607517827372535894526532079999408408169156,0x4fe305a2ae995a52ff278895344895fe587b4fec3d5f04347b4dbf5e99bce99c,Will Qatar win the 2026 FIFA World Cup?,33,0,0,0.0205,-1.0
3,2026-06-22,2026-06-25,0.0005,0.0,18605216520960122093689427575806651607517827372535894526532079999408408169156,0x4fe305a2ae995a52ff278895344895fe587b4fec3d5f04347b4dbf5e99bce99c,Will Qatar win the 2026 FIFA World Cup?,37,0,0,0.0205,-1.0
7,2026-06-19,2026-06-26,0.0005,0.0,69020832226510184384177497367584971770730339593583713190288186699694495509961,0xdb4b2f370c3d0e996fbb32213c87aa5402936e3d4882432b6738e2f5661b79a6,Will Curaçao win the 2026 FIFA World Cup?,34,1,0,0.0205,-1.0
3,2026-06-23,2026-06-26,0.0005,0.0,69020832226510184384177497367584971770730339593583713190288186699694495509961,0xdb4b2f370c3d0e996fbb32213c87aa5402936e3d4882432b6738e2f5661b79a6,Will Curaçao win the 2026 FIFA World Cup?,38,0,0,0.0205,-1.0
7,2026-06-10,2026-06-17,0.9905,1.0,30767812841387255642892182147223249245545002662653079696958384408588201824258,0xde04b189b3f19eaccda02529a3ea67abfc46bff5c0c8fc42d8a2d0ed7b8f0d41,Will there be no change in Fed interest rates,27,0,0,0.99,0.010101010101010166
3,2026-06-14,2026-06-17,0.9955,1.0,30767812841387255642892182147223249245545002662653079696958384408588201824258,0xde04b189b3f19eaccda02529a3ea67abfc46bff5c0c8fc42d8a2d0ed7b8f0d41,Will there be no change in Fed interest rates,28,0,0,0.99,0.010101010101010166
7,2026-06-07,2026-06-14,0.2115,0.0,102227184035967850089766981958743064457339118173548431660886438726896222843254,0xb6b3d7a2037b3faa7e1306d741840d453432902d73cc9a146a035e40271eae73,Will the San Antonio Spurs win the 2026 NBA F,27,2,1,0.23149999999999998,-1.0
3,2026-06-11,2026-06-14,0.3745,0.0,102227184035967850089766981958743064457339118173548431660886438726896222843254,0xb6b3d7a2037b3faa7e1306d741840d453432902d73cc9a146a035e40271eae73,Will the San Antonio Spurs win the 2026 NBA F,28,0,0,0.3945,-1.0
7,2026-05-23,2026-05-30,0.415,0.0,19239676013860700691088049092452970929374202302906885826905266414962485495014,0xfef657b2f9ed83dd3db24c61d115203e836f9967289cd3281b6b91dcd7338104,Will Paris Saint-Germain FC win on 2026-05-30,25,0,0,0.435,-1.0
3,2026-05-27,2026-05-30,0.415,0.0,19239676013860700691088049092452970929374202302906885826905266414962485495014,0xfef657b2f9ed83dd3db24c61d115203e836f9967289cd3281b6b91dcd7338104,Will Paris Saint-Germain FC win on 2026-05-30,25,1,1,0.435,-1.0
7,2026-05-25,2026-06-01,0.0035,0.0,57360053771630303266236723124451177814047338705194149193939656360140487569996,0x789c947a9415600d30d56a4aae88d4111996679b0caed166d0c96242fdce92a2,Will the Iranian regime fall by May 31?,25,1,0,0.0235,-1.0
3,2026-05-29,2026-06-01,0.0015,0.0,57360053771630303266236723124451177814047338705194149193939656360140487569996,0x789c947a9415600d30d56a4aae88d4111996679b0caed166d0c96242fdce92a2,Will the Iranian regime fall by May 31?,25,0,0,0.021500000000000002,-1.0
7,2026-05-05,2026-05-12,0.0015,0.0,77893140510362582253172593084218413010407941075415081594586195705930819989216,0x924a2942747dd75703321a7c8d809c68f6a514c3b0f2a2e64274e02310634669,Strait of Hormuz traffic returns to normal by,20,0,0,0.021500000000000002,-1.0
3,2026-05-09,2026-05-12,0.0015,0.0,77893140510362582253172593084218413010407941075415081594586195705930819989216,0x924a2942747dd75703321a7c8d809c68f6a514c3b0f2a2e64274e02310634669,Strait of Hormuz traffic returns to normal by,22,0,0,0.021500000000000002,-1.0
7,2026-06-10,2026-06-17,0.0015,0.0,110884561568299698460551977852169332756450294345019257864587852438060900499251,0x4e4a7df876b0c04f0b8b29b9073eddfbaf5c787192da825ae7ca1031bc8cfd15,Will the Fed decrease interest rates by 50+ b,27,0,0,0.021500000000000002,-1.0
3,2026-06-14,2026-06-17,0.0015,0.0,110884561568299698460551977852169332756450294345019257864587852438060900499251,0x4e4a7df876b0c04f0b8b29b9073eddfbaf5c787192da825ae7ca1031bc8cfd15,Will the Fed decrease interest rates by 50+ b,28,0,0,0.021500000000000002,-1.0
3,2026-04-14,2026-04-17,0.0035,0.0,56958503032603479474712760211473691965846495282533669255954105717594026846100,0xc58cfb7397c4f3f803f5c20135cafa7f6d2c87cf3bb1e6138042b95d828e1866,Will the Charlotte Hornets win the 2026 NBA F,15,0,0,0.0235,-1.0
7,2026-06-14,2026-06-21,0.0005,0.0,86035858416252385053603758548087253570549129844230230783932738372075949702177,0xff0cfa9506cfa95759e4c7591654195bd26e3011f9882b51439135e04f2b69f1,Will Tunisia win the 2026 FIFA World Cup?,28,0,0,0.0205,-1.0
3,2026-06-18,2026-06-21,0.0005,0.0,86035858416252385053603758548087253570549129844230230783932738372075949702177,0xff0cfa9506cfa95759e4c7591654195bd26e3011f9882b51439135e04f2b69f1,Will Tunisia win the 2026 FIFA World Cup?,33,0,0,0.0205,-1.0
7,2026-06-19,2026-06-26,0.425,0.0,47236739815607347436394828740644657912816815268002585518946427187074399713739,0x32552863fe8014da2613037970661f0d49f415c86a88cb3d65af7a43395bc4ad,Will United States win on 2026-06-25?,34,1,0,0.445,-1.0
3,2026-06-23,2026-06-26,0.495,0.0,47236739815607347436394828740644657912816815268002585518946427187074399713739,0x32552863fe8014da2613037970661f0d49f415c86a88cb3d65af7a43395bc4ad,Will United States win on 2026-06-25?,38,1,0,0.515,-1.0
7,2026-05-26,2026-06-02,0.028,0.0,75845920741796858670183364159540464375486880005358999101126589340494255300090,0x518a5b030b205706b8ffe6bbad9bd3de59548348e5c0471827f5de21e513333c,Strait of Hormuz traffic returns to normal by,25,0,1,0.048,-1.0
3,2026-05-30,2026-06-02,0.0035,0.0,75845920741796858670183364159540464375486880005358999101126589340494255300090,0x518a5b030b205706b8ffe6bbad9bd3de59548348e5c0471827f5de21e513333c,Strait of Hormuz traffic returns to normal by,25,0,1,0.0235,-1.0
7,2026-06-13,2026-06-20,0.0005,0.0,113379015922744700109400673843380371641970914885846970213129353605968934558386,0x506f80bcf76bc75e6b31a250e2d754f347c4c231665326931d58bdb339ba1913,Will Haiti win the 2026 FIFA World Cup?,28,0,0,0.0205,-1.0
3,2026-06-17,2026-06-20,0.0005,0.0,113379015922744700109400673843380371641970914885846970213129353605968934558386,0x506f80bcf76bc75e6b31a250e2d754f347c4c231665326931d58bdb339ba1913,Will Haiti win the 2026 FIFA World Cup?,30,0,0,0.0205,-1.0
7,2026-06-16,2026-06-23,0.0005,0.0,98686749402500678753487703372528277029342097490180026723487433517076969282825,0x33a87d02fa01e958929385c74b8627d32cc4474e9ebd312d268865c5207147fa,Will Jordan win the 2026 FIFA World Cup?,28,0,0,0.0205,-1.0
3,2026-06-20,2026-06-23,0.0005,0.0,98686749402500678753487703372528277029342097490180026723487433517076969282825,0x33a87d02fa01e958929385c74b8627d32cc4474e9ebd312d268865c5207147fa,Will Jordan win the 2026 FIFA World Cup?,34,0,0,0.0205,-1.0
7,2026-05-26,2026-06-02,0.981,1.0,66902292002298886203346771040056530419935679784084512135573484656394546021214,0xd7540d64e03b1894ececcbb54c02b88d9c5c0e854ba66ec4e1ece20477994ac5,Will the Iran ceasefire continue through May ,25,0,0,0.99,0.010101010101010166
3,2026-05-30,2026-06-02,0.9985,1.0,66902292002298886203346771040056530419935679784084512135573484656394546021214,0xd7540d64e03b1894ececcbb54c02b88d9c5c0e854ba66ec4e1ece20477994ac5,Will the Iran ceasefire continue through May ,25,0,0,0.99,0.010101010101010166
7,2026-06-13,2026-06-20,0.635,1.0,110881534500357968934646596900153818247967390745149544995654778360419076918150,0x232342e2a9200b203703a816f9d99d1c6a872333567af16f43d67a255e1a6aa8,Will Germany win on 2026-06-20?,28,1,1,0.655,0.5267175572519083
3,2026-06-17,2026-06-20,0.635,1.0,110881534500357968934646596900153818247967390745149544995654778360419076918150,0x232342e2a9200b203703a816f9d99d1c6a872333567af16f43d67a255e1a6aa8,Will Germany win on 2026-06-20?,30,2,1,0.655,0.5267175572519083
7,2026-06-10,2026-06-17,0.0055,0.0,54688507565884542490190759171719899637342914252863057837926715255559077706253,0xa7cb4135c6d9c36da0e343874dd5b455de739c6d1b9f9f5583dd9320aacf5db2,Will the Fed increase interest rates by 25 bp,27,0,0,0.025500000000000002,-1.0
3,2026-06-14,2026-06-17,0.0025,0.0,54688507565884542490190759171719899637342914252863057837926715255559077706253,0xa7cb4135c6d9c36da0e343874dd5b455de739c6d1b9f9f5583dd9320aacf5db2,Will the Fed increase interest rates by 25 bp,28,0,0,0.0225,-1.0
7,2026-06-10,2026-06-17,0.0035,0.0,65193234666628291664907888364936366210889305490897648116746073820519263548476,0xdde06286a7b9464d344f410ab0b3d2ebc6469904e72c27fd982f65fdbf78768d,Will the Fed decrease interest rates by 25 bp,27,1,0,0.0235,-1.0
3,2026-06-14,2026-06-17,0.003,0.0,65193234666628291664907888364936366210889305490897648116746073820519263548476,0xdde06286a7b9464d344f410ab0b3d2ebc6469904e72c27fd982f65fdbf78768d,Will the Fed decrease interest rates by 25 bp,28,0,0,0.023,-1.0
7,2026-06-20,2026-06-27,0.0005,0.0,53465512181802150755993130711224070738002100921790051090044528012833736167995,0x51e8c8df709aa78f64d2d9324d9d2556270f81e3966ade308099e5338bb4e4c9,Will Iraq win the 2026 FIFA World Cup?,34,0,0,0.0205,-1.0
3,2026-06-24,2026-06-27,0.0005,0.0,53465512181802150755993130711224070738002100921790051090044528012833736167995,0x51e8c8df709aa78f64d2d9324d9d2556270f81e3966ade308099e5338bb4e4c9,Will Iraq win the 2026 FIFA World Cup?,38,0,0,0.0205,-1.0
7,2026-06-07,2026-06-14,0.7855,1.0,20257190540739490630509657713144742134547949967093643458458133445357169845406,0x713641f745d71f6ec61f906237ffca3c8583f251e49384429a63ceb0ccdb2d37,Will the New York Knicks win the 2026 NBA Fin,27,1,0,0.8055,0.24146492861576663
3,2026-06-11,2026-06-14,0.6265,1.0,20257190540739490630509657713144742134547949967093643458458133445357169845406,0x713641f745d71f6ec61f906237ffca3c8583f251e49384429a63ceb0ccdb2d37,Will the New York Knicks win the 2026 NBA Fin,28,1,1,0.6465,0.5467904098994587
7,2026-06-09,2026-06-16,0.585,0.0,5699266164849713169703648234886411053444418385408086203990916861286572010447,0x3ceb5b631318be5000758200590efe2b308a581d6787c3e7bc050bfd8f627627,Will Belgium win on 2026-06-15?,27,0,0,0.605,-1.0
3,2026-06-13,2026-06-16,0.605,0.0,5699266164849713169703648234886411053444418385408086203990916861286572010447,0x3ceb5b631318be5000758200590efe2b308a581d6787c3e7bc050bfd8f627627,Will Belgium win on 2026-06-15?,28,3,0,0.625,-1.0
7,2026-06-19,2026-06-26,0.455,0.0,101491499269793539765890729500440478078979559571972876836355209033272846559170,0xe1bd581c13be7103749ca1a64d21230ed6693a162fc057d81e3d1e9237fc81f8,Will Japan win on 2026-06-25?,34,0,0,0.47500000000000003,-1.0
3,2026-06-23,2026-06-26,0.515,0.0,101491499269793539765890729500440478078979559571972876836355209033272846559170,0xe1bd581c13be7103749ca1a64d21230ed6693a162fc057d81e3d1e9237fc81f8,Will Japan win on 2026-06-25?,38,2,2,0.535,-1.0
3,2026-06-08,2026-06-11,0.445,0.0,38917726255542427535889485465354648715024023213222042338581016592713743648739,0xcc5ffe6f0dd2ebbdae948dff2ebb541c17fb03eecd9e152bd0c91646d4e0049a,Spurs vs. Knicks,27,0,0,0.465,-1.0
7,2026-05-16,2026-05-23,0.029,0.0,3186812161617275136941873065600103851370007880588093249814268822949706568368,0xaa145cf5714455f546afe53037b8712df749ba96c04820c2d41f37f877f29697,"Will Trump say ""Iran"" during events with Xi J",22,0,0,0.049,-1.0
3,2026-05-20,2026-05-23,0.0115,0.0,3186812161617275136941873065600103851370007880588093249814268822949706568368,0xaa145cf5714455f546afe53037b8712df749ba96c04820c2d41f37f877f29697,"Will Trump say ""Iran"" during events with Xi J",24,0,1,0.0315,-1.0
7,2026-06-06,2026-06-13,0.495,1.0,1053697017401072331517873943000159665286188444438499834342450614809920055961,0x26c10c27cde58e2d6214d65ab562d8142d34723b3b6ec3f40836d24f6d22dfc9,Will United States win on 2026-06-12?,26,0,0,0.515,0.941747572815534
3,2026-06-10,2026-06-13,0.495,1.0,1053697017401072331517873943000159665286188444438499834342450614809920055961,0x26c10c27cde58e2d6214d65ab562d8142d34723b3b6ec3f40836d24f6d22dfc9,Will United States win on 2026-06-12?,27,0,0,0.515,0.941747572815534
7,2026-04-17,2026-04-24,0.0015,0.0,2317130722330994677503722994963086323403276367952762140016618274858179343506,0x683b0254bde8d1ef08206953015629f25b9869d9770807baab939f6aaba4ae5c,Will Villarreal win the 2025–26 La Liga?,15,0,0,0.021500000000000002,-1.0
3,2026-04-21,2026-04-24,0.0005,0.0,2317130722330994677503722994963086323403276367952762140016618274858179343506,0x683b0254bde8d1ef08206953015629f25b9869d9770807baab939f6aaba4ae5c,Will Villarreal win the 2025–26 La Liga?,15,0,0,0.0205,-1.0
7,2026-06-09,2026-06-16,0.505,0.0,98258440478094610167729510800284333090952142769785486649204893493792445830714,0xe70fd51f42e61fc309d8e57019a7b76c8dc7bd19b473351d56ff1e125ae0d9d4,Will IR Iran win on 2026-06-15?,27,0,0,0.525,-1.0
3,2026-06-13,2026-06-16,0.525,0.0,98258440478094610167729510800284333090952142769785486649204893493792445830714,0xe70fd51f42e61fc309d8e57019a7b76c8dc7bd19b473351d56ff1e125ae0d9d4,Will IR Iran win on 2026-06-15?,28,2,1,0.545,-1.0
7,2026-04-16,2026-04-23,0.125,0.0,10355316169421062771540371697837923442956106006258739802114788264214901200573,0xbbc6689d0f6d57ea42168836712237c7308b3e0118c8914d31b6126d0f3254c5,"US x Iran permanent peace deal by April 22, 2",15,0,0,0.145,-1.0
3,2026-04-20,2026-04-23,0.125,0.0,10355316169421062771540371697837923442956106006258739802114788264214901200573,0xbbc6689d0f6d57ea42168836712237c7308b3e0118c8914d31b6126d0f3254c5,"US x Iran permanent peace deal by April 22, 2",15,1,0,0.145,-1.0
7,2026-06-18,2026-06-25,0.585,0.0,101279272797775203956659007084828831261331275405585994446661991301016814257223,0xe690620297dfea974d20df84b4cf90460e46a26ec864353482717b90509a3c0b,Will Germany win on 2026-06-25?,33,0,0,0.605,-1.0
3,2026-06-22,2026-06-25,0.505,0.0,101279272797775203956659007084828831261331275405585994446661991301016814257223,0xe690620297dfea974d20df84b4cf90460e46a26ec864353482717b90509a3c0b,Will Germany win on 2026-06-25?,37,1,1,0.525,-1.0
7,2026-04-28,2026-05-05,0.0805,1.0,96351650250139397447438653380483970772060142397849794315678720298272472897874,0xf220061c0e83defd413070f97fb55660485ca8540c43be13d9e71082ca2cad57,QatarEnergy announces/resumes LNG production ,17,0,0,0.1005,8.950248756218905
3,2026-05-02,2026-05-05,0.989,1.0,96351650250139397447438653380483970772060142397849794315678720298272472897874,0xf220061c0e83defd413070f97fb55660485ca8540c43be13d9e71082ca2cad57,QatarEnergy announces/resumes LNG production ,18,0,0,0.99,0.010101010101010166
7,2026-05-02,2026-05-09,0.0025,0.0,16894424691858208925745474726543713759924126381815674402361002638388880101929,0x5ec80dc407457301f282a2b44341947afc700dfaa7923d14c8894e04bc63b03f,Will the next Prime Minister of Hungary be Vi,18,0,0,0.0225,-1.0
3,2026-05-06,2026-05-09,0.0005,0.0,16894424691858208925745474726543713759924126381815674402361002638388880101929,0x5ec80dc407457301f282a2b44341947afc700dfaa7923d14c8894e04bc63b03f,Will the next Prime Minister of Hungary be Vi,21,0,0,0.0205,-1.0
7,2026-06-13,2026-06-20,0.435,0.0,28938745417558857896442238911870725474349404919267969141124175484009211562921,0x7bed81b0bd1cbe7cae0ad49fcf2d9e068d1ea2da49a36e638712daa55712a184,Will Türkiye win on 2026-06-19?,28,0,0,0.455,-1.0
3,2026-06-17,2026-06-20,0.475,0.0,28938745417558857896442238911870725474349404919267969141124175484009211562921,0x7bed81b0bd1cbe7cae0ad49fcf2d9e068d1ea2da49a36e638712daa55712a184,Will Türkiye win on 2026-06-19?,30,1,0,0.495,-1.0
3,2026-06-06,2026-06-09,0.465,1.0,103146822800955228694960469584465618974402104793575818808187047895725122181216,0x0923f4cd56ffdd032deca9984f9779303b58c6ef9317c0c6490acccb477ba150,Spurs vs. Knicks,26,0,0,0.48500000000000004,1.0618556701030926
7,2026-04-22,2026-04-29,0.0015,0.0,82402823484466457361170410951601106261368113664328436062375970009969959380598,0x6331a779482df72d904c3c1e12b6409ff836bc06f8c97945cba9b25ada2c605c,Will the Portland Trail Blazers win the 2026 ,16,0,0,0.021500000000000002,-1.0
3,2026-04-26,2026-04-29,0.0015,0.0,82402823484466457361170410951601106261368113664328436062375970009969959380598,0x6331a779482df72d904c3c1e12b6409ff836bc06f8c97945cba9b25ada2c605c,Will the Portland Trail Blazers win the 2026 ,17,0,0,0.021500000000000002,-1.0
7,2026-04-29,2026-05-06,0.1125,0.0,39199930181061027002976945656289590914091865583643541107948177704448092689848,0xcb06319aa9e029904c93c1df7d10b7ce7d6aab2b25b8f661e0cf57ea048a1567,Will Atletico Madrid win the 2025–26 Champion,17,0,0,0.1325,-1.0
3,2026-05-03,2026-05-06,0.0865,0.0,39199930181061027002976945656289590914091865583643541107948177704448092689848,0xcb06319aa9e029904c93c1df7d10b7ce7d6aab2b25b8f661e0cf57ea048a1567,Will Atletico Madrid win the 2025–26 Champion,20,0,0,0.1065,-1.0
7,2026-05-02,2026-05-09,0.9955,1.0,94192784911459194325909253314484842244405314804074606736702592885535642919725,0x1480b819d03d4b6388d70e848b0384adf38c38d955cb783cdbcf6d4a436dee14,Will the next Prime Minister of Hungary be Pé,18,0,1,0.99,0.010101010101010166
3,2026-05-06,2026-05-09,0.9975,1.0,94192784911459194325909253314484842244405314804074606736702592885535642919725,0x1480b819d03d4b6388d70e848b0384adf38c38d955cb783cdbcf6d4a436dee14,Will the next Prime Minister of Hungary be Pé,21,0,1,0.99,0.010101010101010166
7,2026-04-24,2026-05-01,0.075,0.0,64575112906857627673396031002364315784778510108272214779568803819416675082435,0xceb6dfaa2cf5abc9d47ebc867b984a7715104944249274e8a483a2e17473e5f5,"US x Iran permanent peace deal by April 30, 2",17,0,0,0.095,-1.0
3,2026-04-28,2026-05-01,0.0155,0.0,64575112906857627673396031002364315784778510108272214779568803819416675082435,0xceb6dfaa2cf5abc9d47ebc867b984a7715104944249274e8a483a2e17473e5f5,"US x Iran permanent peace deal by April 30, 2",17,0,0,0.035500000000000004,-1.0
7,2026-05-05,2026-05-12,0.0265,0.0,86297520870744792204751483474339201341298076835836561764334428915355504860913,0x796e791e7058571e460278814fc7a3183752285338f1400087b98bef3c447908,Will the Los Angeles Lakers win the 2026 NBA ,20,0,0,0.0465,-1.0
3,2026-05-09,2026-05-12,0.0075,0.0,86297520870744792204751483474339201341298076835836561764334428915355504860913,0x796e791e7058571e460278814fc7a3183752285338f1400087b98bef3c447908,Will the Los Angeles Lakers win the 2026 NBA ,22,0,0,0.0275,-1.0
7,2026-05-07,2026-05-14,0.0025,0.0,29577345180542753188700941748705224076025927865234220835903826643992439907745,0x14fd8ab261d14215058b77a9541a5013ccc3d3eb677276a9de54445a31acd194,Will Judy Shelton be confirmed as Fed Chair?,22,0,0,0.0225,-1.0
3,2026-05-11,2026-05-14,0.0015,0.0,29577345180542753188700941748705224076025927865234220835903826643992439907745,0x14fd8ab261d14215058b77a9541a5013ccc3d3eb677276a9de54445a31acd194,Will Judy Shelton be confirmed as Fed Chair?,22,0,0,0.021500000000000002,-1.0
7,2026-06-11,2026-06-18,0.495,0.0,37088846718363125743947103938325144949409419304219830474975395227343762118615,0x825bc4151fd9c139c4f0400c1a6f5d60cf67b2d04f12d69fd9fb5de67b13e4bc,Will Czechia win on 2026-06-18?,28,0,0,0.515,-1.0
3,2026-06-15,2026-06-18,0.545,0.0,37088846718363125743947103938325144949409419304219830474975395227343762118615,0x825bc4151fd9c139c4f0400c1a6f5d60cf67b2d04f12d69fd9fb5de67b13e4bc,Will Czechia win on 2026-06-18?,28,2,1,0.5650000000000001,-1.0
7,2026-05-23,2026-05-30,0.425,0.0,76184513907290761912636659055080401703643418316153242056949287928791438454394,0x8df5a4256840dee05851250c0490da7593597faff3a7f9a156ccbbda7fec76f8,Will Arsenal win the 2025–26 Champions League,25,0,1,0.445,-1.0
3,2026-05-27,2026-05-30,0.425,0.0,76184513907290761912636659055080401703643418316153242056949287928791438454394,0x8df5a4256840dee05851250c0490da7593597faff3a7f9a156ccbbda7fec76f8,Will Arsenal win the 2025–26 Champions League,25,0,1,0.445,-1.0
3,2026-05-24,2026-05-27,0.63,0.0,72964978221398605522514751377428383911377976290846845653048953950250638951071,0x421bc1929df1429cf2cb94f80c1ce6a3ed0d1f0b7a2749b9890075f94eb549e9,"US x Iran permanent peace deal by May 26, 202",25,0,0,0.65,-1.0
7,2026-06-16,2026-06-23,0.455,1.0,87342664839192211473271920800753463563092786516324349723605782526214890691197,0x9814196ae917e1c962ce23612be50554586828a996b06c800d502a137001bc25,Will Norway win on 2026-06-22?,28,0,0,0.47500000000000003,1.1052631578947367
3,2026-06-20,2026-06-23,0.425,1.0,87342664839192211473271920800753463563092786516324349723605782526214890691197,0x9814196ae917e1c962ce23612be50554586828a996b06c800d502a137001bc25,Will Norway win on 2026-06-22?,34,3,1,0.445,1.2471910112359552
7,2026-06-24,2026-07-01,0.0015,0.0,13915689317269078219168496739008737517740566192006337297676041270492637394586,0xa0f4c4924ea1a8b410b4ce821c2a9955fad21a1b19bdcfde90816732278b3dd5,"Will Bitcoin hit $150k by June 30, 2026?",38,0,0,0.021500000000000002,-1.0
3,2026-06-28,2026-07-01,0.0015,0.0,13915689317269078219168496739008737517740566192006337297676041270492637394586,0xa0f4c4924ea1a8b410b4ce821c2a9955fad21a1b19bdcfde90816732278b3dd5,"Will Bitcoin hit $150k by June 30, 2026?",41,0,0,0.021500000000000002,-1.0
7,2026-05-02,2026-05-09,0.0005,0.0,112334119315898655379557681849814313140380376299028916203775469724730149194325,0x068d4f079da544e312b1a7b86e2c5dd39d3fc6a0f5a21b0ec866d1ff34767839,Will the next Prime Minister of Hungary be Is,18,0,0,0.0205,-1.0
3,2026-05-06,2026-05-09,0.0005,0.0,112334119315898655379557681849814313140380376299028916203775469724730149194325,0x068d4f079da544e312b1a7b86e2c5dd39d3fc6a0f5a21b0ec866d1ff34767839,Will the next Prime Minister of Hungary be Is,21,0,0,0.0205,-1.0
7,2026-06-10,2026-06-17,0.0005,0.0,11019686559003253359318459636510036787281809199165975947920974072245914352862,0xb01e70a56199a6d5467f47a2b94e75e7c7218c128c8d0b8beb6dafed2f0d15c2,Will the Fed increase interest rates by 50+ b,27,0,0,0.0205,-1.0
3,2026-06-14,2026-06-17,0.0005,0.0,11019686559003253359318459636510036787281809199165975947920974072245914352862,0xb01e70a56199a6d5467f47a2b94e75e7c7218c128c8d0b8beb6dafed2f0d15c2,Will the Fed increase interest rates by 50+ b,28,0,0,0.0205,-1.0
7,2026-06-15,2026-06-22,0.625,1.0,43065377931595109421738195806896155428299627622642742017785976384593510801128,0x5bdcf0fd010eba1a55a0f3de9be6612fc72038279a734e994ce2e34664a3cfe4,Will Argentina win on 2026-06-22?,28,0,0,0.645,0.5503875968992247
3,2026-06-19,2026-06-22,0.615,1.0,43065377931595109421738195806896155428299627622642742017785976384593510801128,0x5bdcf0fd010eba1a55a0f3de9be6612fc72038279a734e994ce2e34664a3cfe4,Will Argentina win on 2026-06-22?,34,1,1,0.635,0.5748031496062991
7,2026-06-08,2026-06-15,0.905,0.0,3612393435281522540359979834655761894598376313180591710384535406994913064931,0xa5501b4dc0c99c382b1c2871ad9141c7f58509a0f962f70a38bb6566ec570049,Will Spain win on 2026-06-15?,27,0,0,0.925,-1.0
3,2026-06-12,2026-06-15,0.905,0.0,3612393435281522540359979834655761894598376313180591710384535406994913064931,0xa5501b4dc0c99c382b1c2871ad9141c7f58509a0f962f70a38bb6566ec570049,Will Spain win on 2026-06-15?,28,1,0,0.925,-1.0
7,2026-06-20,2026-06-27,0.635,1.0,21212784061998732060753310583727616688784929823373352237868078199791664491531,0xe322faca2a534900680db54e3a4349a61427d347b6f906d2eeb01f81ae1b082c,Will Spain win on 2026-06-26?,34,0,0,0.655,0.5267175572519083
3,2026-06-24,2026-06-27,0.645,1.0,21212784061998732060753310583727616688784929823373352237868078199791664491531,0xe322faca2a534900680db54e3a4349a61427d347b6f906d2eeb01f81ae1b082c,Will Spain win on 2026-06-26?,38,2,0,0.665,0.5037593984962405
7,2026-04-24,2026-05-01,0.67,1.0,15145237739766757543920295010173333079386008614623370487057624811543913015599,0x02f8dd15d4c674a75fccbd0e00f0cf1256101c45ef41f6d0c5dfde9c36d4141e,Israel x Hezbollah Ceasefire extended by Apri,17,0,0,0.6900000000000001,0.44927536231884035
3,2026-04-28,2026-05-01,0.997,1.0,15145237739766757543920295010173333079386008614623370487057624811543913015599,0x02f8dd15d4c674a75fccbd0e00f0cf1256101c45ef41f6d0c5dfde9c36d4141e,Israel x Hezbollah Ceasefire extended by Apri,17,0,0,0.99,0.010101010101010166
7,2026-05-25,2026-06-01,0.0135,0.0,99787107393065498256888522570939526464960671564345515510320748534859284179297,0xbcacd5a055f5a9ced6f69f122216c073dd6987d08253fc07bbcc168fa5b81d55,US obtains Iranian enriched uranium by May 31,25,0,1,0.0335,-1.0
3,2026-05-29,2026-06-01,0.0065,0.0,99787107393065498256888522570939526464960671564345515510320748534859284179297,0xbcacd5a055f5a9ced6f69f122216c073dd6987d08253fc07bbcc168fa5b81d55,US obtains Iranian enriched uranium by May 31,25,1,0,0.0265,-1.0
7,2026-04-24,2026-05-01,0.0075,0.0,46018378684967856456278619377189791752501136727354913341087475972513992392267,0xfda648d24cdad32dfe959195bd75ef4c81fbea5130eb6c7a4a0c18607a11ce63,Will the Atlanta Hawks win the 2026 NBA Final,17,0,0,0.0275,-1.0
3,2026-04-28,2026-05-01,0.0045,0.0,46018378684967856456278619377189791752501136727354913341087475972513992392267,0xfda648d24cdad32dfe959195bd75ef4c81fbea5130eb6c7a4a0c18607a11ce63,Will the Atlanta Hawks win the 2026 NBA Final,17,0,0,0.0245,-1.0
3,2026-06-15,2026-06-18,0.135,1.0,62615244151326502594357917056983333482460956596991248871413253808974023938686,0x2de8d7b9d103366e37f3a448db8289c5c571dec5c0b9eeddbc673546d4bd9322,"US and Iran sign an agreement by June 15, 202",28,0,0,0.155,5.451612903225807
7,2026-04-18,2026-04-25,0.0005,0.0,25809383138093824706090718781537708242092412302214045832942141727122297283403,0x2ca58175aa8080357d9706c535bb0be218ce7bb156dc48753e0d8b8ee6b56635,Will Aston Villa win the 2025–26 English Prem,15,0,0,0.0205,-1.0
3,2026-04-22,2026-04-25,0.0005,0.0,25809383138093824706090718781537708242092412302214045832942141727122297283403,0x2ca58175aa8080357d9706c535bb0be218ce7bb156dc48753e0d8b8ee6b56635,Will Aston Villa win the 2025–26 English Prem,16,0,0,0.0205,-1.0
7,2026-06-17,2026-06-24,0.0005,0.0,112181485529919660901332188537214992263355343785744498550605179448744432717486,0x9779c09fd4dd0a1c82dd82618269c2aa5669d91305293b396d1e0b8a166b566e,Will Panama win the 2026 FIFA World Cup?,30,0,0,0.0205,-1.0
3,2026-06-21,2026-06-24,0.0005,0.0,112181485529919660901332188537214992263355343785744498550605179448744432717486,0x9779c09fd4dd0a1c82dd82618269c2aa5669d91305293b396d1e0b8a166b566e,Will Panama win the 2026 FIFA World Cup?,36,0,0,0.0205,-1.0
7,2026-06-09,2026-06-16,0.665,1.0,10541943766977992250149902475024620982770128161688998706490955791758263657916,0x04b6d6630d49e6513355ff045c96439c929335cb0d18da7792dea6c2fc717ead,Will France win on 2026-06-16?,27,0,0,0.685,0.45985401459854014
3,2026-06-13,2026-06-16,0.665,1.0,10541943766977992250149902475024620982770128161688998706490955791758263657916,0x04b6d6630d49e6513355ff045c96439c929335cb0d18da7792dea6c2fc717ead,Will France win on 2026-06-16?,28,3,0,0.685,0.45985401459854014
7,2026-06-08,2026-06-15,0.485,0.0,46118045327286643463479614908512136607324773588723756546332480247027286666715,0x2153377bdb8920a0d3227e9a2a68ddb9a001025918b695fe55f66677836e62c6,Will Netherlands win on 2026-06-14?,27,0,2,0.505,-1.0
3,2026-06-12,2026-06-15,0.485,0.0,46118045327286643463479614908512136607324773588723756546332480247027286666715,0x2153377bdb8920a0d3227e9a2a68ddb9a001025918b695fe55f66677836e62c6,Will Netherlands win on 2026-06-14?,28,2,1,0.505,-1.0
7,2026-05-23,2026-05-30,0.575,1.0,104259436423064082971150541232006260758664018969024622611484550356541952860834,0x6e9f90a6f471b52d03499a81586ca478519474eb152f1327c8c767f020d62529,Will PSG win the 2025–26 Champions League?,25,0,1,0.595,0.680672268907563
3,2026-05-27,2026-05-30,0.575,1.0,104259436423064082971150541232006260758664018969024622611484550356541952860834,0x6e9f90a6f471b52d03499a81586ca478519474eb152f1327c8c767f020d62529,Will PSG win the 2025–26 Champions League?,25,0,1,0.595,0.680672268907563
7,2026-05-13,2026-05-20,0.0005,0.0,43478780997313571844864646081201368302664941062507392308569466005072068318763,0xe06c8e9546be61e4ba8b03ad431dfff590fc6b21a5b746e71f62ae85f1dcad6a,Will Club Brugge win the 2025–26 Champions Le,22,0,0,0.0205,-1.0
3,2026-05-17,2026-05-20,0.0005,0.0,43478780997313571844864646081201368302664941062507392308569466005072068318763,0xe06c8e9546be61e4ba8b03ad431dfff590fc6b21a5b746e71f62ae85f1dcad6a,Will Club Brugge win the 2025–26 Champions Le,23,0,0,0.0205,-1.0
7,2026-06-21,2026-06-28,0.475,0.0,68238163315667435120694805573568977252273759352712823951184501420027891362809,0x597e0e209cef883bb95c6905f07d8066c3ef35652087d3611c43b93f0ed237c2,Will Portugal win on 2026-06-27?,36,1,0,0.495,-1.0
3,2026-06-25,2026-06-28,0.515,0.0,68238163315667435120694805573568977252273759352712823951184501420027891362809,0x597e0e209cef883bb95c6905f07d8066c3ef35652087d3611c43b93f0ed237c2,Will Portugal win on 2026-06-27?,38,2,2,0.535,-1.0
7,2026-05-11,2026-05-18,0.0535,0.0,59742411602053785892348440048778056320272639465974092140970920277782290781360,0xe202539dfbeced92dc4112f134a205c80ca6cf4db32bd82f05b291c297219fd8,Will the Detroit Pistons win the 2026 NBA Fin,22,0,0,0.0735,-1.0
3,2026-05-15,2026-05-18,0.0175,0.0,59742411602053785892348440048778056320272639465974092140970920277782290781360,0xe202539dfbeced92dc4112f134a205c80ca6cf4db32bd82f05b291c297219fd8,Will the Detroit Pistons win the 2026 NBA Fin,22,0,0,0.037500000000000006,-1.0
7,2026-06-01,2026-06-08,0.095,0.0,15995243820336177841554632127584222169952027258346817014909996961549144471612,0x366f89649caea042c96ee741b185461ec7faa408a2664ec44469a0061924b537,"US x Iran permanent peace deal by June 7, 202",26,0,0,0.115,-1.0
3,2026-06-05,2026-06-08,0.0275,0.0,15995243820336177841554632127584222169952027258346817014909996961549144471612,0x366f89649caea042c96ee741b185461ec7faa408a2664ec44469a0061924b537,"US x Iran permanent peace deal by June 7, 202",26,0,0,0.0475,-1.0
7,2026-05-19,2026-05-26,0.0435,0.0,21929863894047830651599085392978377118642353711084157807549430066031384497667,0x6b44bd667fad6cb5b3b68d8bd1055a038c77d9176dbd51f123879797cc3368a7,Will the Cleveland Cavaliers win the 2026 NBA,24,0,0,0.0635,-1.0
3,2026-05-23,2026-05-26,0.0185,0.0,21929863894047830651599085392978377118642353711084157807549430066031384497667,0x6b44bd667fad6cb5b3b68d8bd1055a038c77d9176dbd51f123879797cc3368a7,Will the Cleveland Cavaliers win the 2026 NBA,25,0,0,0.0385,-1.0
7,2026-06-19,2026-06-26,0.545,1.0,24577773509300358817327680170546846259151744300648018180120742538153285610470,0x09620e07d807241bb41e5cf07d42dfd3e08943ee39e5c93ae3890e3b6164822e,Will France win on 2026-06-26?,34,1,0,0.5650000000000001,0.7699115044247786
3,2026-06-23,2026-06-26,0.555,1.0,24577773509300358817327680170546846259151744300648018180120742538153285610470,0x09620e07d807241bb41e5cf07d42dfd3e08943ee39e5c93ae3890e3b6164822e,Will France win on 2026-06-26?,38,2,0,0.5750000000000001,0.7391304347826084
7,2026-06-18,2026-06-25,0.745,1.0,42374815657442465500075937904016131801776204492796944288908751005433960581826,0x649bd3dc845f647aa8c9a739ad8de245b853224961afd01127de0071c13f84b3,Will Morocco win on 2026-06-24?,33,0,0,0.765,0.30718954248366015
3,2026-06-22,2026-06-25,0.825,1.0,42374815657442465500075937904016131801776204492796944288908751005433960581826,0x649bd3dc845f647aa8c9a739ad8de245b853224961afd01127de0071c13f84b3,Will Morocco win on 2026-06-24?,37,1,0,0.845,0.18343195266272194
3,2026-06-11,2026-06-14,0.375,1.0,110136933550893624733134445460153301975615510734202337526927943993346922198810,0xd90bf5f45f24c5de7881707cb5374f3d991388a2d220fa7e0fe2be912cd7642a,Knicks vs. Spurs,28,0,1,0.395,1.531645569620253
7,2026-06-10,2026-06-17,0.695,1.0,7496871387824498705150337097986995704782987980926026827618928384721521953608,0x2a7a6ab8f4984f1ae82eacd7fb408832a50e63162ac6b98fff1fe094b8e9d3b5,Will Argentina win on 2026-06-16?,27,0,0,0.715,0.39860139860139876
3,2026-06-14,2026-06-17,0.705,1.0,7496871387824498705150337097986995704782987980926026827618928384721521953608,0x2a7a6ab8f4984f1ae82eacd7fb408832a50e63162ac6b98fff1fe094b8e9d3b5,Will Argentina win on 2026-06-16?,28,4,1,0.725,0.3793103448275863
7,2026-06-08,2026-06-15,0.505,1.0,77891685052397355147816140430897431230743681776824155461036740561521945442239,0xc6f7e4a015ec643eb49c749da19553a2257add76278a252805a12dfa85103269,Will Sweden win on 2026-06-14?,27,0,0,0.525,0.9047619047619047
3,2026-06-12,2026-06-15,0.505,1.0,77891685052397355147816140430897431230743681776824155461036740561521945442239,0xc6f7e4a015ec643eb49c749da19553a2257add76278a252805a12dfa85103269,Will Sweden win on 2026-06-14?,28,2,0,0.525,0.9047619047619047
7,2026-05-09,2026-05-16,0.1845,0.0,88304163265734087403223321042172792808390195323159743956352682998398711353447,0x1db02ba50e2312a62b4104de691cc7a76065d8d0da40decf93eb1b914a3217b7,"US x Iran permanent peace deal by May 15, 202",22,0,0,0.2045,-1.0
3,2026-05-13,2026-05-16,0.0155,0.0,88304163265734087403223321042172792808390195323159743956352682998398711353447,0x1db02ba50e2312a62b4104de691cc7a76065d8d0da40decf93eb1b914a3217b7,"US x Iran permanent peace deal by May 15, 202",22,0,0,0.035500000000000004,-1.0
7,2026-06-20,2026-06-27,0.595,1.0,23522010053796928314095406008924900761833610419543982088160250459540934114445,0x2cc359648ba6695498c169ceaa44c5444e0479102c453289c47ed9489e7f3e93,Will Croatia win on 2026-06-27?,34,0,0,0.615,0.6260162601626016
3,2026-06-24,2026-06-27,0.565,1.0,23522010053796928314095406008924900761833610419543982088160250459540934114445,0x2cc359648ba6695498c169ceaa44c5444e0479102c453289c47ed9489e7f3e93,Will Croatia win on 2026-06-27?,38,0,0,0.585,0.7094017094017095
7,2026-04-23,2026-04-30,0.375,0.0,105509530658065521929005822649620491538474208103684744366955937109627519057368,0x94a2b2a1b9227e44fc464614e63dfca6d4082310291c35623c3d34b70aa53693,Will Arsenal FC win on 2026-04-29?,16,0,0,0.395,-1.0
3,2026-04-27,2026-04-30,0.365,0.0,105509530658065521929005822649620491538474208103684744366955937109627519057368,0x94a2b2a1b9227e44fc464614e63dfca6d4082310291c35623c3d34b70aa53693,Will Arsenal FC win on 2026-04-29?,17,0,0,0.385,-1.0
7,2026-06-14,2026-06-21,0.695,0.0,73247571006255574285385183553023235681702880602976519365262465179094676130340,0xebb200cb08bbe89c2523a345947d083a992e27cc479cf1b5568407751e026d2c,Will Belgium win on 2026-06-21?,28,0,0,0.715,-1.0
3,2026-06-18,2026-06-21,0.685,0.0,73247571006255574285385183553023235681702880602976519365262465179094676130340,0xebb200cb08bbe89c2523a345947d083a992e27cc479cf1b5568407751e026d2c,Will Belgium win on 2026-06-21?,33,1,0,0.7050000000000001,-1.0
7,2026-05-04,2026-05-11,0.0315,0.0,5644679982684846699855787022092402984369447277920326773883608030240292167917,0x567f1ff714731fafa702d454a105b064a7ec4d10f6fb71ad3221f4918681c709,Will the Philadelphia 76ers win the 2026 NBA ,20,0,0,0.051500000000000004,-1.0
3,2026-05-08,2026-05-11,0.0075,0.0,5644679982684846699855787022092402984369447277920326773883608030240292167917,0x567f1ff714731fafa702d454a105b064a7ec4d10f6fb71ad3221f4918681c709,Will the Philadelphia 76ers win the 2026 NBA ,22,0,0,0.0275,-1.0
7,2026-05-12,2026-05-19,0.0075,0.0,9476445326282666463762072399564010356029268509631635291163637063240758755114,0xffe381a80c1e36f9e0b03a542aa8fe56e74a67d2566a4e29396d4427aa4244c9,Strait of Hormuz traffic returns to normal by,22,0,1,0.0275,-1.0
3,2026-05-16,2026-05-19,0.0005,0.0,9476445326282666463762072399564010356029268509631635291163637063240758755114,0xffe381a80c1e36f9e0b03a542aa8fe56e74a67d2566a4e29396d4427aa4244c9,Strait of Hormuz traffic returns to normal by,22,1,0,0.0205,-1.0
7,2026-05-09,2026-05-16,0.0245,0.0,5771676627182954113677164857547228277089396639521594262964034606220001939923,0x649ad05a2868343271fe82ea692031d567ca1af652e3529788933157e94aa088,Will the Minnesota Timberwolves win the 2026 ,22,0,0,0.0445,-1.0
3,2026-05-13,2026-05-16,0.0185,0.0,5771676627182954113677164857547228277089396639521594262964034606220001939923,0x649ad05a2868343271fe82ea692031d567ca1af652e3529788933157e94aa088,Will the Minnesota Timberwolves win the 2026 ,22,0,0,0.0385,-1.0
7,2026-04-27,2026-05-04,0.0035,0.0,3386970881734107644549907426169651426236762857671752966978225438133599751345,0xd49b9f68568892e828085f84a31e811a24f4481aea5cd08ab62261810ec0d402,Will the Indian National Congress (INC) win t,17,0,0,0.0235,-1.0
3,2026-05-01,2026-05-04,0.0005,0.0,3386970881734107644549907426169651426236762857671752966978225438133599751345,0xd49b9f68568892e828085f84a31e811a24f4481aea5cd08ab62261810ec0d402,Will the Indian National Congress (INC) win t,18,0,0,0.0205,-1.0
3,2026-06-03,2026-06-06,0.375,1.0,4420961220287356291202173783096569514322787009042558321927678396316723122188,0x17e2f3347e34d8a13572baf10c9b4eb3291217868a0fb84b37f36c80f8e2105a,Knicks vs. Spurs,26,0,0,0.395,1.531645569620253
7,2026-06-11,2026-06-18,0.695,1.0,107303881689780116979934419713652545873528717512161697004408881489729317049047,0x2f00e48e914ba6606867a6347e90c48cc1fd4da66cc196a191786637f40848e9,Will Colombia win on 2026-06-17?,28,0,0,0.715,0.39860139860139876
3,2026-06-15,2026-06-18,0.705,1.0,107303881689780116979934419713652545873528717512161697004408881489729317049047,0x2f00e48e914ba6606867a6347e90c48cc1fd4da66cc196a191786637f40848e9,Will Colombia win on 2026-06-17?,28,1,0,0.725,0.3793103448275863
7,2026-04-27,2026-05-04,0.0065,0.0,111039354521750894925304771773687530394455073318948424656845140321925374032772,0x4405c62496c4fdd275d17ec31567a01534013c518c314ce61bb633b5e7cb6426,Will the Toronto Raptors win the 2026 NBA Fin,17,0,0,0.0265,-1.0
3,2026-05-01,2026-05-04,0.0025,0.0,111039354521750894925304771773687530394455073318948424656845140321925374032772,0x4405c62496c4fdd275d17ec31567a01534013c518c314ce61bb633b5e7cb6426,Will the Toronto Raptors win the 2026 NBA Fin,18,0,0,0.0225,-1.0
7,2026-04-21,2026-04-28,0.0025,0.0,106572879185916710503631021854572801471104977091252507745096331167318654083650,0xa49fc89bfb87bb302bfc43567709850565161bdaed5bc506bff4b85fd3c5c2ee,Will the Phoenix Suns win the 2026 NBA Finals,15,0,0,0.0225,-1.0
3,2026-04-25,2026-04-28,0.0005,0.0,106572879185916710503631021854572801471104977091252507745096331167318654083650,0xa49fc89bfb87bb302bfc43567709850565161bdaed5bc506bff4b85fd3c5c2ee,Will the Phoenix Suns win the 2026 NBA Finals,17,0,0,0.0205,-1.0
7,2026-06-07,2026-06-14,0.655,1.0,38620007602877950561785055194486422431765048561026651240000808038396318703092,0x1f2bb0bfc3c7b3c9ab678ce9e89cf68bd6daa83385c4834f669cb00c540276f2,Will Scotland win on 2026-06-13?,27,0,0,0.675,0.4814814814814814
3,2026-06-11,2026-06-14,0.625,1.0,38620007602877950561785055194486422431765048561026651240000808038396318703092,0x1f2bb0bfc3c7b3c9ab678ce9e89cf68bd6daa83385c4834f669cb00c540276f2,Will Scotland win on 2026-06-13?,28,0,0,0.645,0.5503875968992247
7,2026-04-18,2026-04-25,0.5575,1.0,91851388830923641218615793149765322805282194001900444983744404881757241655792,0x5c2e6aef8af5931e9bfa3750364626d754531d2fada2885d45c356b175962a25,Iran x Israel/US conflict ends by April 15?,15,0,0,0.5775,0.7316017316017316
3,2026-04-22,2026-04-25,0.9975,1.0,91851388830923641218615793149765322805282194001900444983744404881757241655792,0x5c2e6aef8af5931e9bfa3750364626d754531d2fada2885d45c356b175962a25,Iran x Israel/US conflict ends by April 15?,16,1,0,0.99,0.010101010101010166
7,2026-04-24,2026-05-01,0.0535,0.0,66760013958706218500063341242954853503885044406421636173986330736153883161818,0xa78ecba9c4273564cce4b810db46bb36cc35db9cd52fc4e067c77f85af1c1048,Kharg Island no longer under Iranian control ,17,0,1,0.0735,-1.0
3,2026-04-28,2026-05-01,0.0075,0.0,66760013958706218500063341242954853503885044406421636173986330736153883161818,0xa78ecba9c4273564cce4b810db46bb36cc35db9cd52fc4e067c77f85af1c1048,Kharg Island no longer under Iranian control ,17,0,1,0.0275,-1.0
7,2026-06-18,2026-06-25,0.525,1.0,69607356357270818627215361066588335481465339992439698739056695862643500497649,0xf0164e968314bae58a0440248e2abd20ee9e4704df2b24c98c50072006b26315,Spread: Morocco (-1.5),33,0,0,0.545,0.8348623853211008
3,2026-06-22,2026-06-25,0.605,1.0,69607356357270818627215361066588335481465339992439698739056695862643500497649,0xf0164e968314bae58a0440248e2abd20ee9e4704df2b24c98c50072006b26315,Spread: Morocco (-1.5),37,1,0,0.625,0.6000000000000001
7,2026-04-25,2026-05-02,0.0005,0.0,104703024930333088676348985791917820961321007256563252112325887594434753360311,0x7cab9da787443beec1eb5e399afd46fffdc27b5f00e0293a1d6a9996c948ac52,Will Manchester United win the 2025–26 Englis,17,0,0,0.0205,-1.0
3,2026-04-29,2026-05-02,0.0005,0.0,104703024930333088676348985791917820961321007256563252112325887594434753360311,0x7cab9da787443beec1eb5e399afd46fffdc27b5f00e0293a1d6a9996c948ac52,Will Manchester United win the 2025–26 Englis,17,0,0,0.0205,-1.0
7,2026-06-15,2026-06-22,0.555,1.0,13689393741027779813840434297856122590360803048059505899834082936957632248186,0x16c981b47490212bbb7d70edcccc419a84ff5771bc85c1b7abae37128975953e,Will Egypt win on 2026-06-21?,28,0,0,0.5750000000000001,0.7391304347826084
3,2026-06-19,2026-06-22,0.605,1.0,13689393741027779813840434297856122590360803048059505899834082936957632248186,0x16c981b47490212bbb7d70edcccc419a84ff5771bc85c1b7abae37128975953e,Will Egypt win on 2026-06-21?,34,0,0,0.625,0.6000000000000001
7,2026-06-13,2026-06-20,0.495,1.0,40791250908933508853723465614961035896557737979546129504169818299128524475478,0xbc28e92d1fa999e842caf926cff56a580fb477f26d8c44c99aa29beb78062241,Will Morocco win on 2026-06-19?,28,0,0,0.515,0.941747572815534
3,2026-06-17,2026-06-20,0.565,1.0,40791250908933508853723465614961035896557737979546129504169818299128524475478,0xbc28e92d1fa999e842caf926cff56a580fb477f26d8c44c99aa29beb78062241,Will Morocco win on 2026-06-19?,30,1,0,0.585,0.7094017094017095
7,2026-06-01,2026-06-08,0.24,1.0,55729187700220621940979114092031096586154133673216433038757883725632922111626,0x42973552f8bcfc9269fba8492766f2c20a22243cbba154cf695acaff88ec96c7,Israel announces Lebanon ceasefire extension ,26,0,0,0.26,2.846153846153846
3,2026-06-05,2026-06-08,0.9985,1.0,55729187700220621940979114092031096586154133673216433038757883725632922111626,0x42973552f8bcfc9269fba8492766f2c20a22243cbba154cf695acaff88ec96c7,Israel announces Lebanon ceasefire extension ,26,0,0,0.99,0.010101010101010166
7,2026-06-18,2026-06-25,0.615,0.0,78041669573197271831143243516603089617333411410934465631182277350983388128942,0x374d4c9c12e766653de985450899cf2181edf47189894bc9c870216b5c6b1d83,Will Korea Republic win on 2026-06-24?,33,0,0,0.635,-1.0
3,2026-06-22,2026-06-25,0.595,0.0,78041669573197271831143243516603089617333411410934465631182277350983388128942,0x374d4c9c12e766653de985450899cf2181edf47189894bc9c870216b5c6b1d83,Will Korea Republic win on 2026-06-24?,37,1,1,0.615,-1.0
7,2026-06-16,2026-06-23,0.755,0.0,63611572432092712507452794046269856873324193737948513078896856667745770559698,0xff1ec56e0e47033727e33deab740896fbf1c6bb8a2b0068efdba3d900c7ba7a2,Will England win on 2026-06-23?,28,0,0,0.775,-1.0
3,2026-06-20,2026-06-23,0.805,0.0,63611572432092712507452794046269856873324193737948513078896856667745770559698,0xff1ec56e0e47033727e33deab740896fbf1c6bb8a2b0068efdba3d900c7ba7a2,Will England win on 2026-06-23?,34,1,0,0.8250000000000001,-1.0
7,2026-04-24,2026-05-01,0.0055,0.0,64692489991058251805493211665308232352904714094444866630395154130535717537678,0x24f38479176af2d71f64161d53bde777aef49ef1c03066510174d43a8d2a43fe,Trump out as President by April 30?,17,0,0,0.025500000000000002,-1.0
3,2026-04-28,2026-05-01,0.0015,0.0,64692489991058251805493211665308232352904714094444866630395154130535717537678,0x24f38479176af2d71f64161d53bde777aef49ef1c03066510174d43a8d2a43fe,Trump out as President by April 30?,17,1,0,0.021500000000000002,-1.0
3,2026-05-28,2026-05-31,0.435,1.0,57881479704847872943544095137157098030396673130860692546874262450849694058049,0x215be7e1cbc744ce1a85fb891db92b53f933712b5a556e556657c3254f63d260,Spurs vs. Thunder,25,0,0,0.455,1.1978021978021975
7,2026-06-07,2026-06-14,0.555,0.0,75303319363351541204962251598715680468515536085970822119844634963431663113508,0x48880e3355f031da13b5ed1142d209396bdec61acf6c0945234ff6e5edab9ebf,Will Türkiye win on 2026-06-14?,27,0,0,0.5750000000000001,-1.0
3,2026-06-11,2026-06-14,0.565,0.0,75303319363351541204962251598715680468515536085970822119844634963431663113508,0x48880e3355f031da13b5ed1142d209396bdec61acf6c0945234ff6e5edab9ebf,Will Türkiye win on 2026-06-14?,28,0,0,0.585,-1.0
7,2026-06-10,2026-06-17,0.565,1.0,45513813860398961340723481590130352932611791552209098368268600222240572304551,0xb361c29b5481164886627cb175ed76792df30902e66ec329c0a3853f807fe8e9,Will England win on 2026-06-17?,27,0,0,0.585,0.7094017094017095
3,2026-06-14,2026-06-17,0.565,1.0,45513813860398961340723481590130352932611791552209098368268600222240572304551,0xb361c29b5481164886627cb175ed76792df30902e66ec329c0a3853f807fe8e9,Will England win on 2026-06-17?,28,3,0,0.585,0.7094017094017095
7,2026-05-20,2026-05-27,0.3965,0.0,101738487887518832481587379955535423775326921556438741919099866785354159699479,0xf8f63bb47b2a7c2e0c1be3cedf4075079b11c07476d76a9469065b0c4791961a,Will the Colorado Avalanche win the 2026 NHL ,24,0,0,0.41650000000000004,-1.0
3,2026-05-24,2026-05-27,0.185,0.0,101738487887518832481587379955535423775326921556438741919099866785354159699479,0xf8f63bb47b2a7c2e0c1be3cedf4075079b11c07476d76a9469065b0c4791961a,Will the Colorado Avalanche win the 2026 NHL ,25,0,0,0.205,-1.0
3,2026-06-27,2026-06-30,0.445,0.0,7274552498925682773418691853971449969741694357120018415935498544583333363785,0x8ec1344d38fb55aa4adf043a3d81899bda2762b89bebec5769a81a50c3b9c25f,Will Netherlands win on 2026-06-29?,38,0,0,0.465,-1.0
7,2026-04-11,2026-04-18,0.0015,0.0,24562451406833903239172268319519891863383297300349256425313284172658771272863,0xfbf7ab9e6b6d324ffe436bab8c7a1e10aeb8200e10c1e1dbb35d2959becebc1e,Will the Golden State Warriors win the 2026 N,15,0,0,0.021500000000000002,-1.0
3,2026-04-15,2026-04-18,0.0015,0.0,24562451406833903239172268319519891863383297300349256425313284172658771272863,0xfbf7ab9e6b6d324ffe436bab8c7a1e10aeb8200e10c1e1dbb35d2959becebc1e,Will the Golden State Warriors win the 2026 N,15,0,0,0.021500000000000002,-1.0
7,2026-05-16,2026-05-23,0.31,1.0,40323545806742244825805736034437368571548913358107596720995770224513902828242,0xcef981d46a1039b6ae02f578d2208302a8a3d63465d24363a1d65a86835a1ae8,Trump kiss by May 31?,22,0,0,0.33,2.0303030303030303
3,2026-05-20,2026-05-23,0.475,1.0,40323545806742244825805736034437368571548913358107596720995770224513902828242,0xcef981d46a1039b6ae02f578d2208302a8a3d63465d24363a1d65a86835a1ae8,Trump kiss by May 31?,24,0,0,0.495,1.0202020202020203
7,2026-05-20,2026-05-27,0.335,0.0,28593215534345447362156321620838626774652503878031452558083665828202001699551,0x4ba348328e4d4ddee9e6734c9a369b2e8138611651f9f6dc8f59dea51df6c734,Iran closes its airspace by May 24?,24,0,0,0.35500000000000004,-1.0
3,2026-05-24,2026-05-27,0.1405,0.0,28593215534345447362156321620838626774652503878031452558083665828202001699551,0x4ba348328e4d4ddee9e6734c9a369b2e8138611651f9f6dc8f59dea51df6c734,Iran closes its airspace by May 24?,25,0,0,0.1605,-1.0
7,2026-04-11,2026-04-18,0.003,0.0,89110596788673536475065853727140488937259064164063660201050220270400840228269,0xb207031da5ef9cbded418e6b5b3c5eee24a3a7b22c6ec10053cbaaa67d793796,Will Luka Doncic win the 2025–2026 NBA MVP?,15,0,0,0.023,-1.0
3,2026-04-15,2026-04-18,0.003,0.0,89110596788673536475065853727140488937259064164063660201050220270400840228269,0xb207031da5ef9cbded418e6b5b3c5eee24a3a7b22c6ec10053cbaaa67d793796,Will Luka Doncic win the 2025–2026 NBA MVP?,15,0,0,0.023,-1.0
7,2026-06-07,2026-06-14,0.605,0.0,105492577477219588134242978490999229511934661984574714868659540712157271273221,0xa75053ffa630e41fdc08a0885fe0614716ecb13061ac460914bfe498038d5364,Will Brazil win on 2026-06-13?,27,0,0,0.625,-1.0
3,2026-06-11,2026-06-14,0.585,0.0,105492577477219588134242978490999229511934661984574714868659540712157271273221,0xa75053ffa630e41fdc08a0885fe0614716ecb13061ac460914bfe498038d5364,Will Brazil win on 2026-06-13?,28,0,1,0.605,-1.0
7,2026-04-27,2026-05-04,0.0065,0.0,95140346952277551620015228752585531762813913098320669805735291271863965388665,0x7338d9dea0de820ed621abdff3de2d4b07a573bc0c1a6f7128941f4d0c5606e3,Will the Orlando Magic win the 2026 NBA Final,17,0,0,0.0265,-1.0
3,2026-05-01,2026-05-04,0.0075,0.0,95140346952277551620015228752585531762813913098320669805735291271863965388665,0x7338d9dea0de820ed621abdff3de2d4b07a573bc0c1a6f7128941f4d0c5606e3,Will the Orlando Magic win the 2026 NBA Final,18,0,0,0.0275,-1.0
7,2026-06-16,2026-06-23,0.655,1.0,115548088586633825662425519500723984422794579404944891967166045543435931523785,0x0d2071920da35396162280a1af346e1f799ed45e019ed43fae0c88dc1ac4b4d6,Will Algeria win on 2026-06-22?,28,0,0,0.675,0.4814814814814814
3,2026-06-20,2026-06-23,0.615,1.0,115548088586633825662425519500723984422794579404944891967166045543435931523785,0x0d2071920da35396162280a1af346e1f799ed45e019ed43fae0c88dc1ac4b4d6,Will Algeria win on 2026-06-22?,34,0,0,0.635,0.5748031496062991
7,2026-05-25,2026-06-01,0.0025,0.0,8441400852834915183759801017793514978104486628517653995211751018945988243154,0xcccb7e7613a087c132b69cbf3a02bece3fdcb824c1da54ae79acc8d4a562d902,GTA VI released before June 2026?,25,0,0,0.0225,-1.0
3,2026-05-29,2026-06-01,0.0005,0.0,8441400852834915183759801017793514978104486628517653995211751018945988243154,0xcccb7e7613a087c132b69cbf3a02bece3fdcb824c1da54ae79acc8d4a562d902,GTA VI released before June 2026?,25,0,0,0.0205,-1.0
3,2026-06-01,2026-06-04,0.355,1.0,46476571633828462836475465912978735855757483955249703286193576900705262818709,0x9bb9f7c70674e2043580bf634753858eded9b360252c06f891688b95a542ac46,Knicks vs. Spurs,26,0,0,0.375,1.6666666666666665
7,2026-05-24,2026-05-31,0.645,0.0,49500299856831034491021962156746701298730459370557900271970866855042624695770,0x22e7b5e35423e76842dd3a5e1a21d13793811080d5e7b2896d0c001bd5e97d54,Will the Oklahoma City Thunder win the 2026 N,25,0,0,0.665,-1.0
3,2026-05-28,2026-05-31,0.575,0.0,49500299856831034491021962156746701298730459370557900271970866855042624695770,0x22e7b5e35423e76842dd3a5e1a21d13793811080d5e7b2896d0c001bd5e97d54,Will the Oklahoma City Thunder win the 2026 N,25,0,0,0.595,-1.0
7,2026-05-06,2026-05-13,0.875,1.0,27413838353174106032543688429086466524477590332994852162615655865819795164419,0x65f204a8ebbaa472d668cc4fdbe4dd45249405a7e0acea43b7930a216e5bfdc7,Will Trump visit China by May 15?,21,0,0,0.895,0.11731843575418988
3,2026-05-10,2026-05-13,0.895,1.0,27413838353174106032543688429086466524477590332994852162615655865819795164419,0x65f204a8ebbaa472d668cc4fdbe4dd45249405a7e0acea43b7930a216e5bfdc7,Will Trump visit China by May 15?,22,0,0,0.915,0.09289617486338786
7,2026-06-08,2026-06-15,0.515,0.0,42106124341898993878219494110169972860555152191755106967043750072528134315088,0xe76d397afa47ea028b914eec69543c69f9bbec8c313bd3a1dba022bd050b4c22,Spread: Spain (-2.5),27,0,0,0.535,-1.0
3,2026-06-12,2026-06-15,0.515,0.0,42106124341898993878219494110169972860555152191755106967043750072528134315088,0xe76d397afa47ea028b914eec69543c69f9bbec8c313bd3a1dba022bd050b4c22,Spread: Spain (-2.5),28,0,0,0.535,-1.0
7,2026-06-13,2026-06-20,0.595,1.0,81043398291360463170235957547610256181022662944963722274721633505163503937838,0xde92d563a6d742a4750c8c83a9c490ee5b02bd5d972a1765ab41c0f9095ef6c0,Will Netherlands win on 2026-06-20?,28,0,0,0.615,0.6260162601626016
3,2026-06-17,2026-06-20,0.575,1.0,81043398291360463170235957547610256181022662944963722274721633505163503937838,0xde92d563a6d742a4750c8c83a9c490ee5b02bd5d972a1765ab41c0f9095ef6c0,Will Netherlands win on 2026-06-20?,30,0,0,0.595,0.680672268907563
3,2026-05-24,2026-05-27,0.37,0.0,53919346162802748120847155404148342783978231188785990665971474884640857460504,0xb8724de28f0dcdb71b55abc89f54a5788f7d7fc364160ec6a45b941d5c332988,Spurs vs. Thunder,25,0,0,0.39,-1.0
3,2026-04-13,2026-04-16,0.0035,0.0,80136419076132148090526858778468252473966514781048966836641001333641477735657,0x543da007c2f149346cf9f9f21021f1b2e10c46c78fcd0c9297c0c21f10c94626,Will the Los Angeles Clippers win the 2026 NB,15,0,0,0.0235,-1.0
7,2026-05-01,2026-05-08,0.315,1.0,104071616575689490708756996503755160411785604144351427331378560378097635400347,0xaeea5f917fc5746387b5f9c0a4263dba035dbb3f0ac6ad72bf92183d21e26739,Russia x Ukraine ceasefire by end of 2026?,18,0,0,0.335,1.9850746268656714
3,2026-05-05,2026-05-08,0.295,1.0,104071616575689490708756996503755160411785604144351427331378560378097635400347,0xaeea5f917fc5746387b5f9c0a4263dba035dbb3f0ac6ad72bf92183d21e26739,Russia x Ukraine ceasefire by end of 2026?,20,0,0,0.315,2.1746031746031744
7,2026-05-07,2026-05-14,0.9965,1.0,66581786403328670900354976753624410175196577607177076834389236263921375429170,0x23dbb60ade08c2664ac29488325afbc0136735bc7beb9180d9c0cb72620b0b13,Will Kevin Warsh be confirmed as Fed Chair?,22,0,0,0.99,0.010101010101010166
3,2026-05-11,2026-05-14,0.9975,1.0,66581786403328670900354976753624410175196577607177076834389236263921375429170,0x23dbb60ade08c2664ac29488325afbc0136735bc7beb9180d9c0cb72620b0b13,Will Kevin Warsh be confirmed as Fed Chair?,22,0,0,0.99,0.010101010101010166
7,2026-06-11,2026-06-18,0.665,1.0,104718292808309433767402444061650910790437726449955521731268760928480423099204,0x9769f78cbc95a5ed11895e6064bac471d8fd8f930b260cf581b68d3f58630d27,US x Iran permanent peace deal by December 31,28,0,0,0.685,0.45985401459854014
3,2026-06-15,2026-06-18,0.9725,1.0,104718292808309433767402444061650910790437726449955521731268760928480423099204,0x9769f78cbc95a5ed11895e6064bac471d8fd8f930b260cf581b68d3f58630d27,US x Iran permanent peace deal by December 31,28,0,0,0.99,0.010101010101010166
7,2026-06-09,2026-06-16,0.675,0.0,67375566273017733280418349633635206252639538869301457434188127341791609355341,0xbc54d73527785bdc7b443cfdf3b0d59558c5ac2bbffca23425ecfbd161b07317,Will Uruguay win on 2026-06-15?,27,0,0,0.6950000000000001,-1.0
3,2026-06-13,2026-06-16,0.665,0.0,67375566273017733280418349633635206252639538869301457434188127341791609355341,0xbc54d73527785bdc7b443cfdf3b0d59558c5ac2bbffca23425ecfbd161b07317,Will Uruguay win on 2026-06-15?,28,2,1,0.685,-1.0
7,2026-06-10,2026-06-17,0.765,0.0,76071109489406808599878692125264766321676001700733380917373465772841855210643,0xcaaa1338d38b5c614196c9a926dd84babc3984442f2ec9b937a16284a199ec3a,Will Portugal win on 2026-06-17?,27,0,0,0.785,-1.0
3,2026-06-14,2026-06-17,0.755,0.0,76071109489406808599878692125264766321676001700733380917373465772841855210643,0xcaaa1338d38b5c614196c9a926dd84babc3984442f2ec9b937a16284a199ec3a,Will Portugal win on 2026-06-17?,28,2,0,0.775,-1.0
7,2026-06-12,2026-06-19,0.745,1.0,72434460309427898004674696764153066565237298072408402131497058701161364650505,0xc90f95af1a5d4e392fe9cc484f1b1a0983687865e7b85910ae89300c2076e4a1,Will Canada win on 2026-06-18?,28,0,0,0.765,0.30718954248366015
3,2026-06-16,2026-06-19,0.765,1.0,72434460309427898004674696764153066565237298072408402131497058701161364650505,0xc90f95af1a5d4e392fe9cc484f1b1a0983687865e7b85910ae89300c2076e4a1,Will Canada win on 2026-06-18?,28,1,0,0.785,0.2738853503184713
7,2026-06-14,2026-06-21,0.585,1.0,91234906493805354217250440222911012200186057450151286874925972448339630680686,0x051e0ea5b3c394114eacf8ce5e944ca63cbb6ccdef1d086cadc5dd129a3804e6,Will Japan win on 2026-06-21?,28,1,0,0.605,0.6528925619834711
3,2026-06-18,2026-06-21,0.645,1.0,91234906493805354217250440222911012200186057450151286874925972448339630680686,0x051e0ea5b3c394114eacf8ce5e944ca63cbb6ccdef1d086cadc5dd129a3804e6,Will Japan win on 2026-06-21?,33,2,0,0.665,0.5037593984962405
7,2026-05-08,2026-05-15,0.0965,0.0,6516247219552728703694288089095505745087341917196574102768180597707063347136,0x5e5482b1e2afa7bed0b9a0c3c8ad33a83dd6cc6d649666cdf1977be64c42c82a,Epstein suicide note released by May 8?,22,0,0,0.1165,-1.0
3,2026-05-12,2026-05-15,0.0015,0.0,6516247219552728703694288089095505745087341917196574102768180597707063347136,0x5e5482b1e2afa7bed0b9a0c3c8ad33a83dd6cc6d649666cdf1977be64c42c82a,Epstein suicide note released by May 8?,22,0,0,0.021500000000000002,-1.0
7,2026-04-24,2026-05-01,0.24,1.0,69346400964404183285488689638264340789910324753548562565735153576318942751353,0x6747bae2269c348786d0c0c0f4286ac006f13f16325d4dcbab954b46de029f19,Clavicular pregnancy in 2026?,17,0,0,0.26,2.846153846153846
3,2026-04-28,2026-05-01,0.84,1.0,69346400964404183285488689638264340789910324753548562565735153576318942751353,0x6747bae2269c348786d0c0c0f4286ac006f13f16325d4dcbab954b46de029f19,Clavicular pregnancy in 2026?,17,0,0,0.86,0.16279069767441867
7,2026-05-02,2026-05-09,0.0005,0.0,62276312834902257904558594246531967377131544314278449037472956208145787396192,0x73e39c98045179951b7c527b749118771c10a15a32eee5ebc98f9e3650a69fe1,Will the next Prime Minister of Hungary be Lá,18,0,0,0.0205,-1.0
3,2026-05-06,2026-05-09,0.0005,0.0,62276312834902257904558594246531967377131544314278449037472956208145787396192,0x73e39c98045179951b7c527b749118771c10a15a32eee5ebc98f9e3650a69fe1,Will the next Prime Minister of Hungary be Lá,21,0,0,0.0205,-1.0
7,2026-05-07,2026-05-14,0.0085,0.0,106893482875330829332347425550558141013488263650384566003078374608472351519383,0x5eb681cc36248c64a48aa01096f2287834ac836d814541cd96da9924752cae06,Will Lens win the 2025–26 French Ligue 1?,22,0,0,0.0285,-1.0
3,2026-05-11,2026-05-14,0.001,0.0,106893482875330829332347425550558141013488263650384566003078374608472351519383,0x5eb681cc36248c64a48aa01096f2287834ac836d814541cd96da9924752cae06,Will Lens win the 2025–26 French Ligue 1?,22,0,0,0.021,-1.0
7,2026-04-18,2026-04-25,0.92,1.0,19426830997860641827867742428794225516264548638293070052741093336218482490309,0xd73f60114a0e7169a55082daef1228cb27fa50c939eea22cb0589f6bac6ce5d3,Iran x Israel/US conflict ends by May 15?,15,1,0,0.9400000000000001,0.06382978723404253
3,2026-04-22,2026-04-25,0.9975,1.0,19426830997860641827867742428794225516264548638293070052741093336218482490309,0xd73f60114a0e7169a55082daef1228cb27fa50c939eea22cb0589f6bac6ce5d3,Iran x Israel/US conflict ends by May 15?,16,0,0,0.99,0.010101010101010166
7,2026-05-03,2026-05-10,0.19,1.0,95946969362614270971845155358440977954164316271424679902550835681765991014456,0xdb80cb224aaad81b579dd475129a43112827b1661fee3feec79122523ae5b933,UFC 328: Sean Strickland vs. Khamzat Chimaev ,20,0,0,0.21,3.761904761904762
3,2026-05-07,2026-05-10,0.175,1.0,95946969362614270971845155358440977954164316271424679902550835681765991014456,0xdb80cb224aaad81b579dd475129a43112827b1661fee3feec79122523ae5b933,UFC 328: Sean Strickland vs. Khamzat Chimaev ,22,1,0,0.19499999999999998,4.128205128205129
7,2026-06-24,2026-07-01,0.0035,0.0,29245464513969532033634287470900755719499302279516205593200700547528308197658,0x6897736d782ce70f47126dfcec6669073f563d6e757e60bc61c0367370d6f73e,Kharg Island no longer under Iranian control ,38,0,0,0.0235,-1.0
3,2026-06-28,2026-07-01,0.0015,0.0,29245464513969532033634287470900755719499302279516205593200700547528308197658,0x6897736d782ce70f47126dfcec6669073f563d6e757e60bc61c0367370d6f73e,Kharg Island no longer under Iranian control ,41,0,0,0.021500000000000002,-1.0
7,2026-06-12,2026-06-19,0.565,1.0,39108014906147153132558864303811863989716119429482110734018531773663181557097,0x7ebb07134794576c154f06fbaa1cc61a5292d58e280ce98207977771c0326c27,Will United States win on 2026-06-19?,28,0,0,0.585,0.7094017094017095
3,2026-06-16,2026-06-19,0.615,1.0,39108014906147153132558864303811863989716119429482110734018531773663181557097,0x7ebb07134794576c154f06fbaa1cc61a5292d58e280ce98207977771c0326c27,Will United States win on 2026-06-19?,28,1,0,0.635,0.5748031496062991
3,2026-05-18,2026-05-21,0.355,0.0,52263517794885987721295730397921579339326307520815595834678501811222224358828,0x9a0da0f25f94fce088c88803b296d48dd19717370dbafa97484f3ddac70ee4dc,Spurs vs. Thunder,23,0,0,0.375,-1.0
7,2026-04-26,2026-05-03,0.1175,0.0,98951343420969493497594761179562691809954416596888138302255086663562042936451,0x13e1cc703a120883a709d3bb29707097952845d61ca6793ea2b4328bae2a7451,Will the Boston Celtics win the 2026 NBA Fina,17,0,0,0.13749999999999998,-1.0
3,2026-04-30,2026-05-03,0.1365,0.0,98951343420969493497594761179562691809954416596888138302255086663562042936451,0x13e1cc703a120883a709d3bb29707097952845d61ca6793ea2b4328bae2a7451,Will the Boston Celtics win the 2026 NBA Fina,18,0,0,0.1565,-1.0
3,2026-04-12,2026-04-15,0.0025,0.0,37553153998693380670857208408425399740373310817860780263908431095180775476801,0xb76183fb9e7e80c5a8f983a87ceefd35c9c177f684dd001d7387dc7b70d596d6,Will the Miami Heat win the 2026 NBA Finals?,15,0,0,0.0225,-1.0
7,2026-05-12,2026-05-19,0.64,0.0,8199493545872276685007649098855627956832512958032108818142031783023965647133,0x053f95738ace6c99e1571e0461feed7392fb646efa0d37ec775237e14152ecc6,Will Manchester City FC win on 2026-05-19?,22,0,0,0.66,-1.0
3,2026-05-16,2026-05-19,0.565,0.0,8199493545872276685007649098855627956832512958032108818142031783023965647133,0x053f95738ace6c99e1571e0461feed7392fb646efa0d37ec775237e14152ecc6,Will Manchester City FC win on 2026-05-19?,22,0,0,0.585,-1.0
7,2026-04-24,2026-05-01,0.065,0.0,112434828665041337854033745240098052999773438249964130665844574663228374653496,0xfa59099fbda1e0f0058ed3cbd57e939fe90ab6d9b57d53bd488bcadf75c191d4,Trump announces end of military operations ag,17,0,0,0.085,-1.0
3,2026-04-28,2026-05-01,0.0255,0.0,112434828665041337854033745240098052999773438249964130665844574663228374653496,0xfa59099fbda1e0f0058ed3cbd57e939fe90ab6d9b57d53bd488bcadf75c191d4,Trump announces end of military operations ag,17,0,0,0.0455,-1.0
7,2026-06-07,2026-06-14,0.02,0.0,84520506461080918199836241264297202134105253634264892405638380867421157597093,0x0fe5bb2f2da60b0bcb4855dc0cc3101dd1028f6639479bdeefecacb0102869a8,Will Curaçao win on 2026-06-14?,27,0,0,0.04,-1.0
3,2026-06-11,2026-06-14,0.0215,0.0,84520506461080918199836241264297202134105253634264892405638380867421157597093,0x0fe5bb2f2da60b0bcb4855dc0cc3101dd1028f6639479bdeefecacb0102869a8,Will Curaçao win on 2026-06-14?,28,0,0,0.041499999999999995,-1.0
7,2026-05-13,2026-05-20,0.145,0.0,78140458432174397862436707256368409182467606418188760097873260862383336868084,0xfb1835b887c33862f5749c619e612d1244ab6e66115f0ef43d373485dc3a1573,Will Manchester City win the 2025–26 English ,22,1,0,0.16499999999999998,-1.0
3,2026-05-17,2026-05-20,0.175,0.0,78140458432174397862436707256368409182467606418188760097873260862383336868084,0xfb1835b887c33862f5749c619e612d1244ab6e66115f0ef43d373485dc3a1573,Will Manchester City win the 2025–26 English ,23,1,0,0.19499999999999998,-1.0
7,2026-04-24,2026-05-01,0.0045,0.0,44446804496889907209027787393532554522900719536131325061789855807185516080089,0x48fbf70c1713e71a405052bc4641e26dbba435fa557672c4040763c901cbf606,Will Trump visit China by April 30?,17,1,0,0.0245,-1.0
3,2026-04-28,2026-05-01,0.0015,0.0,44446804496889907209027787393532554522900719536131325061789855807185516080089,0x48fbf70c1713e71a405052bc4641e26dbba435fa557672c4040763c901cbf606,Will Trump visit China by April 30?,17,1,0,0.021500000000000002,-1.0
7,2026-06-11,2026-06-18,0.295,1.0,99566541619640652317512639709808184120400767516277184685355777020179304540844,0x20af55ab35186377b81219db6cb8615240cba42cea41731091be9484a5f5b122,"US x Iran permanent peace deal by July 31, 20",28,0,0,0.315,2.1746031746031744
3,2026-06-15,2026-06-18,0.945,1.0,99566541619640652317512639709808184120400767516277184685355777020179304540844,0x20af55ab35186377b81219db6cb8615240cba42cea41731091be9484a5f5b122,"US x Iran permanent peace deal by July 31, 20",28,0,0,0.965,0.0362694300518136
7,2026-06-11,2026-06-18,0.465,1.0,4583065636155233526779653080435458405485537158452842777526478181105245518840,0x0256ef63427ed0d9eefa1422eee948165a2a215b0741a339025fb08b2cf6e15d,Will Ghana win on 2026-06-17?,28,0,0,0.48500000000000004,1.0618556701030926
3,2026-06-15,2026-06-18,0.435,1.0,4583065636155233526779653080435458405485537158452842777526478181105245518840,0x0256ef63427ed0d9eefa1422eee948165a2a215b0741a339025fb08b2cf6e15d,Will Ghana win on 2026-06-17?,28,2,1,0.455,1.1978021978021975
7,2026-06-18,2026-06-25,0.535,1.0,67466148034529849001749283892995420841255740280965377423907471965663421834164,0x1f5cd4d1a23c11229b2781303dd39fb60ec6ee369dd173cedef8a7f7a1a27298,Will Mexico win on 2026-06-24?,33,1,0,0.555,0.8018018018018016
3,2026-06-22,2026-06-25,0.505,1.0,67466148034529849001749283892995420841255740280965377423907471965663421834164,0x1f5cd4d1a23c11229b2781303dd39fb60ec6ee369dd173cedef8a7f7a1a27298,Will Mexico win on 2026-06-24?,37,2,0,0.525,0.9047619047619047
7,2026-06-17,2026-06-24,0.625,1.0,109027609951989526893628757693490068717900103024949393927658066962316915180001,0x652a7e27819c8aa682f1013295dd637c000133862850d96143e48a1815b94d38,Will Croatia win on 2026-06-23?,30,0,0,0.645,0.5503875968992247
3,2026-06-21,2026-06-24,0.635,1.0,109027609951989526893628757693490068717900103024949393927658066962316915180001,0x652a7e27819c8aa682f1013295dd637c000133862850d96143e48a1815b94d38,Will Croatia win on 2026-06-23?,36,1,0,0.655,0.5267175572519083
3,2026-05-20,2026-05-23,0.48,1.0,79404518383067636250699207593267125176497465053726445593163048268632472529865,0xb199b50c41036d63dbf69a754810f580daf37cfdcaa0ff16c9f7d9e8c2f6eb24,Thunder vs. Spurs,24,0,0,0.5,1.0
3,2026-05-26,2026-05-29,0.455,0.0,2575019569713867230163687809334189476608940225482792735183279931653015476505,0x3904885b86a86a2e20b76d92e3eb91ba5e9d6cd3ed294ee759c5f638fe8ec9bb,Thunder vs. Spurs,25,0,0,0.47500000000000003,-1.0
7,2026-06-12,2026-06-19,0.525,1.0,84622337225923971667543390025202237459542894380445135038857655043890030217262,0x6f05c7bc5ad978f8f9916f05d30a7f752e02b81508c56d82ed7c9245bca163b0,Will Mexico win on 2026-06-18?,28,2,0,0.545,0.8348623853211008
3,2026-06-16,2026-06-19,0.485,1.0,84622337225923971667543390025202237459542894380445135038857655043890030217262,0x6f05c7bc5ad978f8f9916f05d30a7f752e02b81508c56d82ed7c9245bca163b0,Will Mexico win on 2026-06-18?,28,1,0,0.505,0.9801980198019802
7,2026-06-24,2026-07-01,0.0235,0.0,25525886838936661349801315808447476243176190100445157889430252006398510133975,0x9d3f02264a94bafc676afd7add8b11442e6ec72dabaa69cefef835f0672275c7, Iran agrees to end enrichment of uranium by ,38,1,0,0.0435,-1.0
3,2026-06-28,2026-07-01,0.009,0.0,25525886838936661349801315808447476243176190100445157889430252006398510133975,0x9d3f02264a94bafc676afd7add8b11442e6ec72dabaa69cefef835f0672275c7, Iran agrees to end enrichment of uranium by ,41,0,0,0.028999999999999998,-1.0
7,2026-05-13,2026-05-20,0.855,1.0,71634047218945647363395171891674404459556716906851450020664198669471161667814,0xcba24842ceac7a40d2a8b9adde1f4407999b6505193b9fd68156ae76fbffa706,Will Arsenal win the 2025–26 English Premier ,22,0,1,0.875,0.1428571428571428
3,2026-05-17,2026-05-20,0.825,1.0,71634047218945647363395171891674404459556716906851450020664198669471161667814,0xcba24842ceac7a40d2a8b9adde1f4407999b6505193b9fd68156ae76fbffa706,Will Arsenal win the 2025–26 English Premier ,23,0,1,0.845,0.18343195266272194
7,2026-06-15,2026-06-22,0.685,0.0,115744004241615826068373834065815885045802138463705964527622590795637356148787,0x08d56195e88cedb87eeff396bd35e8b67d031e586169b3bc937b3095b3cdfe43,Will Uruguay win on 2026-06-21?,28,0,0,0.7050000000000001,-1.0
3,2026-06-19,2026-06-22,0.665,0.0,115744004241615826068373834065815885045802138463705964527622590795637356148787,0x08d56195e88cedb87eeff396bd35e8b67d031e586169b3bc937b3095b3cdfe43,Will Uruguay win on 2026-06-21?,34,1,1,0.685,-1.0
7,2026-06-16,2026-06-23,0.0045,0.0,64982649349833799070726872985810077351223251203012444487225704868921642973394,0x46666ceb4c63814f38a8c83784ae10e1c2e1ef52e2db648372bd86dea521cf64,Strait of Hormuz traffic returns to normal by,28,0,0,0.0245,-1.0
3,2026-06-20,2026-06-23,0.001,0.0,64982649349833799070726872985810077351223251203012444487225704868921642973394,0x46666ceb4c63814f38a8c83784ae10e1c2e1ef52e2db648372bd86dea521cf64,Strait of Hormuz traffic returns to normal by,34,0,0,0.021,-1.0
7,2026-05-16,2026-05-23,0.025,0.0,74396432617830205205692647182156674687262039702362245386430594405600411795991,0x7f4378c2e8fb0a4673813e5a5d6f5a773765bab522186932a0465f326a05328d,"Will Trump say ""Nuclear"" during events with X",22,0,0,0.045,-1.0
3,2026-05-20,2026-05-23,0.011,0.0,74396432617830205205692647182156674687262039702362245386430594405600411795991,0x7f4378c2e8fb0a4673813e5a5d6f5a773765bab522186932a0465f326a05328d,"Will Trump say ""Nuclear"" during events with X",24,0,1,0.031,-1.0
7,2026-06-24,2026-07-01,0.0015,0.0,13265448810970451421006542393165618576926964649374055337580146768273870202113,0x83f38b0110a93a4e68d2391dc70868ab1f8a9a074de58b0ef50d5312e3fcfcf7,Will Benjamin Netanyahu enter Iran by June 30,38,0,0,0.021500000000000002,-1.0
3,2026-06-28,2026-07-01,0.0005,0.0,13265448810970451421006542393165618576926964649374055337580146768273870202113,0x83f38b0110a93a4e68d2391dc70868ab1f8a9a074de58b0ef50d5312e3fcfcf7,Will Benjamin Netanyahu enter Iran by June 30,41,0,0,0.0205,-1.0
7,2026-06-24,2026-07-01,0.0025,0.0,19417265162808201523789648874586390360859187511220432732521613022479578431850,0xa0b56d7e621c7cbcfa47fe1a9c24f3409e189180fd6bda55b7a8113129839afc,"Will China invade Taiwan by June 30, 2026?",38,0,0,0.0225,-1.0
3,2026-06-28,2026-07-01,0.0005,0.0,19417265162808201523789648874586390360859187511220432732521613022479578431850,0xa0b56d7e621c7cbcfa47fe1a9c24f3409e189180fd6bda55b7a8113129839afc,"Will China invade Taiwan by June 30, 2026?",41,0,0,0.0205,-1.0
7,2026-06-12,2026-06-19,0.205,0.0,40559900670015709472472801511880289852513956415696043408438494025364180866146,0xa6ae199ce172475dd0e29d7584810a15a1d4608398d2f42d7ca39bfac45ed52b,Will Korea Republic win on 2026-06-18?,28,1,0,0.22499999999999998,-1.0
3,2026-06-16,2026-06-19,0.235,0.0,40559900670015709472472801511880289852513956415696043408438494025364180866146,0xa6ae199ce172475dd0e29d7584810a15a1d4608398d2f42d7ca39bfac45ed52b,Will Korea Republic win on 2026-06-18?,28,1,0,0.255,-1.0
3,2026-04-24,2026-04-27,0.31,0.0,89628879983438666693229836095007901844397172691064613302845941791790913354622,0x8f6e71601903224dc29c69b886a63f248c8051be259e7db299850708f1f86dd6,Lakers vs. Rockets,17,0,0,0.33,-1.0
7,2026-06-05,2026-06-12,0.055,1.0,85757990385932534706988299079078754922989820036885446531805601375736781656061,0xc88e812beb27442554b9231273f6cdda7c96022afc1a5b2a841f03c17dbceaaf,Iran closes its airspace by June 8?,26,0,0,0.075,12.333333333333334
3,2026-06-09,2026-06-12,0.9985,1.0,85757990385932534706988299079078754922989820036885446531805601375736781656061,0xc88e812beb27442554b9231273f6cdda7c96022afc1a5b2a841f03c17dbceaaf,Iran closes its airspace by June 8?,27,0,0,0.99,0.010101010101010166
7,2026-05-23,2026-05-30,0.295,0.0,48266155784016844137166283546442505319002353733298913457784203021568892550163,0x5dc96d5b6d416507a833231f23a08c69cd04592031519e2d225e2d9860e978cf,Will Arsenal FC win on 2026-05-30?,25,0,0,0.315,-1.0
3,2026-05-27,2026-05-30,0.305,0.0,48266155784016844137166283546442505319002353733298913457784203021568892550163,0x5dc96d5b6d416507a833231f23a08c69cd04592031519e2d225e2d9860e978cf,Will Arsenal FC win on 2026-05-30?,25,0,0,0.325,-1.0
7,2026-06-08,2026-06-15,0.235,1.0,68283792174293775430535402015214113701251372409839518501034763677920213819299,0xa70fc3695a65833b91b45df6db6015096f3e1471b70352ca411b4209010e7633,US-Iran nuclear deal by June 30?,27,0,0,0.255,2.9215686274509802
3,2026-06-12,2026-06-15,0.455,1.0,68283792174293775430535402015214113701251372409839518501034763677920213819299,0xa70fc3695a65833b91b45df6db6015096f3e1471b70352ca411b4209010e7633,US-Iran nuclear deal by June 30?,28,0,0,0.47500000000000003,1.1052631578947367
7,2026-06-09,2026-06-16,0.115,0.0,12975641280332913765361083240103757870434481724884622075762050226392680586754,0x876047c0df88886ddbe468fe811bc75a667da45a552d798e626ecfc5c60d52d9,US announces new Iran agreement/ceasefire ext,27,0,0,0.135,-1.0
3,2026-06-13,2026-06-16,0.0165,0.0,12975641280332913765361083240103757870434481724884622075762050226392680586754,0x876047c0df88886ddbe468fe811bc75a667da45a552d798e626ecfc5c60d52d9,US announces new Iran agreement/ceasefire ext,28,1,0,0.036500000000000005,-1.0
3,2026-06-29,2026-07-02,0.715,1.0,4633569295739345295929299496370398790000429459208303788658430774702495448690,0xe9d96f957f3f5e4ffa0e920087edf967c4cc353e9d1ad0c2d7ae928b32b61cb0,Will United States win on 2026-07-01?,41,3,1,0.735,0.3605442176870748
7,2026-06-24,2026-07-01,0.0065,0.0,46812900989504880098357062882629805283165626694938174242352493727380998246351,0xa7962b12241616d83dcb8c70fc33aa0f48b1ec46a3ad6a23db21d3885dedc4cb,Will the US confirm that aliens exist by June,38,0,0,0.0265,-1.0
3,2026-06-28,2026-07-01,0.0015,0.0,46812900989504880098357062882629805283165626694938174242352493727380998246351,0xa7962b12241616d83dcb8c70fc33aa0f48b1ec46a3ad6a23db21d3885dedc4cb,Will the US confirm that aliens exist by June,41,0,1,0.021500000000000002,-1.0
7,2026-05-25,2026-06-01,0.0205,0.0,34141894076461090122188007837560653115836547685839714096383156529096483178653,0xa1d97efb8a19de58d995edf58b882c4f99ef356c8a564af8daf888a7610edea1,Kharg Island no longer under Iranian control ,25,0,0,0.0405,-1.0
3,2026-05-29,2026-06-01,0.014,0.0,34141894076461090122188007837560653115836547685839714096383156529096483178653,0xa1d97efb8a19de58d995edf58b882c4f99ef356c8a564af8daf888a7610edea1,Kharg Island no longer under Iranian control ,25,0,0,0.034,-1.0
7,2026-06-16,2026-06-23,0.485,1.0,21378823041037822360228766766364004400415831766367923313460565598489237257280,0x8ec18580b64a06864f892eb5c597f83deb05e29684c475f118e55d137fb5e000,Spread: France (-2.5),28,0,0,0.505,0.9801980198019802
3,2026-06-20,2026-06-23,0.535,1.0,21378823041037822360228766766364004400415831766367923313460565598489237257280,0x8ec18580b64a06864f892eb5c597f83deb05e29684c475f118e55d137fb5e000,Spread: France (-2.5),34,1,1,0.555,0.8018018018018016
7,2026-06-05,2026-06-12,0.365,1.0,52684921837049562400037353238223049293166344115053393981883920285480538360105,0x7061e7ce4d7744677b6c3a7d1db0f82eb90c342104167386619d75777a6083c1,Will Korea Republic win on 2026-06-11?,26,0,0,0.385,1.5974025974025974
3,2026-06-09,2026-06-12,0.365,1.0,52684921837049562400037353238223049293166344115053393981883920285480538360105,0x7061e7ce4d7744677b6c3a7d1db0f82eb90c342104167386619d75777a6083c1,Will Korea Republic win on 2026-06-11?,27,0,0,0.385,1.5974025974025974
7,2026-04-18,2026-04-25,0.0005,0.0,45490428844116430227464511946812179496772833301930709619155920762438980078343,0x65a2dd0af5f4155915a701e8fdbcdb2f547fb5925d0bcef0b373a8c39a16613e,Will Liverpool win the 2025–26 English Premie,15,0,0,0.0205,-1.0
3,2026-04-22,2026-04-25,0.0005,0.0,45490428844116430227464511946812179496772833301930709619155920762438980078343,0x65a2dd0af5f4155915a701e8fdbcdb2f547fb5925d0bcef0b373a8c39a16613e,Will Liverpool win the 2025–26 English Premie,16,0,0,0.0205,-1.0
7,2026-06-05,2026-06-12,0.535,0.0,94742454704773778167568688948405770414791647129006368131301932311609594298387,0x802adc7238db42d431521f625b2a367954d04ebf8836109257dd4a3b961c6108,Will Canada win on 2026-06-12?,26,0,0,0.555,-1.0
3,2026-06-09,2026-06-12,0.545,0.0,94742454704773778167568688948405770414791647129006368131301932311609594298387,0x802adc7238db42d431521f625b2a367954d04ebf8836109257dd4a3b961c6108,Will Canada win on 2026-06-12?,27,0,0,0.5650000000000001,-1.0
7,2026-06-18,2026-06-25,0.195,1.0,14621976022388339155866443939403907158807725281606484508612016632018100973573,0x44e25f753ae47dbdf2705d35e0a45db24d3a1b2996b82a1350ade2c7e92c4f93,Will Ecuador win on 2026-06-25?,33,0,0,0.215,3.6511627906976747
3,2026-06-22,2026-06-25,0.265,1.0,14621976022388339155866443939403907158807725281606484508612016632018100973573,0x44e25f753ae47dbdf2705d35e0a45db24d3a1b2996b82a1350ade2c7e92c4f93,Will Ecuador win on 2026-06-25?,37,1,2,0.28500000000000003,2.508771929824561
7,2026-05-04,2026-05-11,0.535,1.0,17308554830612181239994496683403599194797416212972952180907211596081025105494,0x4ad8fd3e8ec4efcc378cc15ab8da7eb71cece5cb30ad4495b515ce9bcc2b325f,Will FC Barcelona win on 2026-05-10?,20,0,0,0.555,0.8018018018018016
3,2026-05-08,2026-05-11,0.585,1.0,17308554830612181239994496683403599194797416212972952180907211596081025105494,0x4ad8fd3e8ec4efcc378cc15ab8da7eb71cece5cb30ad4495b515ce9bcc2b325f,Will FC Barcelona win on 2026-05-10?,22,1,0,0.605,0.6528925619834711
7,2026-05-07,2026-05-14,0.0015,0.0,29263958654354796311788973357180442160747806750694580213339330729683579170780,0x2fc1e1bcf0aed6eebd7056480133ebea59d0c8666bd07f2498c14bf958f700ae,Will Michelle Bowman be confirmed as Fed Chai,22,0,0,0.021500000000000002,-1.0
3,2026-05-11,2026-05-14,0.0015,0.0,29263958654354796311788973357180442160747806750694580213339330729683579170780,0x2fc1e1bcf0aed6eebd7056480133ebea59d0c8666bd07f2498c14bf958f700ae,Will Michelle Bowman be confirmed as Fed Chai,22,0,0,0.021500000000000002,-1.0
7,2026-06-04,2026-06-11,0.685,1.0,20779063998268474490699884714808310289659170477959115489741275295270359962039,0x4cd77d456c83e7d8c569a8fb8f6396c3f40154f657e6d970733e2b1b6a7110ff,Will Mexico win on 2026-06-11?,26,0,1,0.7050000000000001,0.41843971631205656
3,2026-06-08,2026-06-11,0.685,1.0,20779063998268474490699884714808310289659170477959115489741275295270359962039,0x4cd77d456c83e7d8c569a8fb8f6396c3f40154f657e6d970733e2b1b6a7110ff,Will Mexico win on 2026-06-11?,27,0,1,0.7050000000000001,0.41843971631205656
3,2026-04-22,2026-04-25,0.25,1.0,80723115786902560093562209850109820656482936758561314212132210830217888670020,0x99e70457e21d76b219505ba2743bc87362a5bba2b478b536720e599418d5a7ae,Lakers vs. Rockets,16,0,0,0.27,2.7037037037037033
7,2026-05-16,2026-05-23,0.0275,0.0,60511065036794107467880141443140278606515298899799427424283391894514211046888,0x5341e90b72330a8eb96cb685dcffe51ad41783cc12e91b6858b9bd996b3d5b63,"Will Trump say ""Strait"" or ""Hormuz"" during ev",22,0,0,0.0475,-1.0
3,2026-05-20,2026-05-23,0.0105,0.0,60511065036794107467880141443140278606515298899799427424283391894514211046888,0x5341e90b72330a8eb96cb685dcffe51ad41783cc12e91b6858b9bd996b3d5b63,"Will Trump say ""Strait"" or ""Hormuz"" during ev",24,0,1,0.0305,-1.0
7,2026-06-21,2026-06-28,0.465,1.0,32203747233944015438487799675613943430837031417969455986362970409671575279826,0x26c84897f375ef75367a1fea2bcf3a1601950962c9424f8635b966cc5d9ff4ba,Will DR Congo win on 2026-06-27?,36,0,0,0.48500000000000004,1.0618556701030926
3,2026-06-25,2026-06-28,0.545,1.0,32203747233944015438487799675613943430837031417969455986362970409671575279826,0x26c84897f375ef75367a1fea2bcf3a1601950962c9424f8635b966cc5d9ff4ba,Will DR Congo win on 2026-06-27?,38,2,0,0.5650000000000001,0.7699115044247786
3,2026-04-30,2026-05-03,0.425,1.0,93870573251948619904479983337927458609171265736702075797511708554185277174932,0x5159f1aeb43719d812fd7bdde72da589fafe0ab0cff7a861d9a20b2511571d96,76ers vs. Celtics,18,0,0,0.445,1.2471910112359552
7,2026-05-07,2026-05-14,0.025,0.0,52393600221905688380980180540161090876971894580569515967716227210336633318551,0x0d082a85f48a5226b1205acdb6e95ead2fe373acabcf6c471f5895f86f42a276,Will the Minnesota Wild win the 2026 NHL Stan,22,0,0,0.045,-1.0
3,2026-05-11,2026-05-14,0.0455,0.0,52393600221905688380980180540161090876971894580569515967716227210336633318551,0x0d082a85f48a5226b1205acdb6e95ead2fe373acabcf6c471f5895f86f42a276,Will the Minnesota Wild win the 2026 NHL Stan,22,0,0,0.0655,-1.0
7,2026-04-24,2026-05-01,0.0065,0.0,94971791649616758046979838862595479708845542618213971624131398549272319500007,0xb37e5f6ece2db9165517b62e3257e0da5d3e79713883cb71c74013fe912e8a4d,Netanyahu out by April 30?,17,0,0,0.0265,-1.0
3,2026-04-28,2026-05-01,0.0015,0.0,94971791649616758046979838862595479708845542618213971624131398549272319500007,0xb37e5f6ece2db9165517b62e3257e0da5d3e79713883cb71c74013fe912e8a4d,Netanyahu out by April 30?,17,0,0,0.021500000000000002,-1.0
7,2026-06-17,2026-06-24,0.655,1.0,34999267410182663441586115553518943962188580583548745660828050477474485422496,0xe120b5ac48c5e2abdfcb3e34be55567e2ae81caaa87a243e964814ca65e6667e,Will Colombia win on 2026-06-23?,30,0,0,0.675,0.4814814814814814
3,2026-06-21,2026-06-24,0.645,1.0,34999267410182663441586115553518943962188580583548745660828050477474485422496,0xe120b5ac48c5e2abdfcb3e34be55567e2ae81caaa87a243e964814ca65e6667e,Will Colombia win on 2026-06-23?,36,1,0,0.665,0.5037593984962405
7,2026-04-24,2026-05-01,0.0075,0.0,49104850284632622899464724213962069238178748191343145680035482303540284145930,0x7434b22007745d99095c102119fdb6b975d34869212e9dda4c6c5c48db0683a7,"Russia x Ukraine ceasefire by April 30, 2026?",17,0,0,0.0275,-1.0
3,2026-04-28,2026-05-01,0.0025,0.0,49104850284632622899464724213962069238178748191343145680035482303540284145930,0x7434b22007745d99095c102119fdb6b975d34869212e9dda4c6c5c48db0683a7,"Russia x Ukraine ceasefire by April 30, 2026?",17,1,0,0.0225,-1.0
7,2026-06-17,2026-06-24,0.455,1.0,47959944460657228985055674449790383802464381124119024576562949363346901336433,0xe1953a0f479de0ff3efabb7dff6116ff6cb9d7fe2d7ee6526c5d68da9cf09767,Will Switzerland win on 2026-06-24?,30,0,0,0.47500000000000003,1.1052631578947367
3,2026-06-21,2026-06-24,0.395,1.0,47959944460657228985055674449790383802464381124119024576562949363346901336433,0xe1953a0f479de0ff3efabb7dff6116ff6cb9d7fe2d7ee6526c5d68da9cf09767,Will Switzerland win on 2026-06-24?,36,1,0,0.41500000000000004,1.4096385542168672
3,2026-04-22,2026-04-25,0.715,1.0,80595383556747191056685517249484911594054805456646685919366567396670689733382,0x7d5cc408c2fe2469b8b4ccc1f3d230165496149a2c9313624cd1cfd7b9e9cdc8,Spurs vs. Trail Blazers,16,0,0,0.735,0.3605442176870748
7,2026-06-16,2026-06-23,0.795,1.0,46788745865873849751895851580006231458025441200398102606849707486161173481896,0x7fb8010a0cdc4ac4f7e93fb7a532731fbb81f951dd451f2402648eaa3cf285e1,Will Portugal win on 2026-06-23?,28,1,0,0.8150000000000001,0.22699386503067487
3,2026-06-20,2026-06-23,0.815,1.0,46788745865873849751895851580006231458025441200398102606849707486161173481896,0x7fb8010a0cdc4ac4f7e93fb7a532731fbb81f951dd451f2402648eaa3cf285e1,Will Portugal win on 2026-06-23?,34,2,1,0.835,0.1976047904191618
7,2026-05-25,2026-06-01,0.315,0.0,926377706175971731068420551849041218012736398250875962020506643091812084572,0x8b369e10358094a99ffe7f85a81a8e8ca68c611eee0fe63a2efa790ad045bcd6,Will Donald Trump announce that the United St,25,0,0,0.335,-1.0
3,2026-05-29,2026-06-01,0.16,0.0,926377706175971731068420551849041218012736398250875962020506643091812084572,0x8b369e10358094a99ffe7f85a81a8e8ca68c611eee0fe63a2efa790ad045bcd6,Will Donald Trump announce that the United St,25,0,0,0.18,-1.0
7,2026-05-02,2026-05-09,0.0005,0.0,51037625779056581606819614184446816710505006861008496087735536016411882582167,0x0e16a806a7d079ad19a18599e800bae595eb99b640c5922e1398e30244a0ea43,Will the next Prime Minister of Hungary be Já,18,0,0,0.0205,-1.0
3,2026-05-06,2026-05-09,0.0005,0.0,51037625779056581606819614184446816710505006861008496087735536016411882582167,0x0e16a806a7d079ad19a18599e800bae595eb99b640c5922e1398e30244a0ea43,Will the next Prime Minister of Hungary be Já,21,0,0,0.0205,-1.0
3,2026-05-21,2026-05-24,0.895,1.0,76544411040338411257599295295012643198330676736043352920758376546775086323514,0x4997c22d314ed5e9f3712e46eb4847441b51fa730d10ad26240afa85f5d902be,Will the Iran ceasefire continue through May ,24,0,0,0.915,0.09289617486338786
3,2026-05-21,2026-05-24,0.53,1.0,113101257407871620178434768855540120619555585444386957666416128096332241586796,0x2133d63b8c6f4aba47b0c4efd92dacce0e2ccdb39b81bfc85039ee706c41c9e3,Knicks vs. Cavaliers,24,0,0,0.55,0.8181818181818181
7,2026-06-24,2026-07-01,0.0035,0.0,21712452774938486579405065503390580825770961329526390262641406320650803998687,0xeeb1b35c595b19f9512c55f85fdf93f3625c3cec1a9b6bac6262921fbd87912e,Trump out as President by June 30?,38,0,0,0.0235,-1.0
3,2026-06-28,2026-07-01,0.0015,0.0,21712452774938486579405065503390580825770961329526390262641406320650803998687,0xeeb1b35c595b19f9512c55f85fdf93f3625c3cec1a9b6bac6262921fbd87912e,Trump out as President by June 30?,41,0,0,0.021500000000000002,-1.0
7,2026-06-21,2026-06-28,0.315,1.0,54474886969816453525385753955468883023194567537518813967701106946658819435076,0xd6a5a44e8105c4808ba09d19bce444b22b883330fd6e23e5661988b3583a9d4c,Will Algeria vs. Austria end in a draw?,36,0,0,0.335,1.9850746268656714
3,2026-06-25,2026-06-28,0.435,1.0,54474886969816453525385753955468883023194567537518813967701106946658819435076,0xd6a5a44e8105c4808ba09d19bce444b22b883330fd6e23e5661988b3583a9d4c,Will Algeria vs. Austria end in a draw?,38,1,1,0.455,1.1978021978021975
7,2026-04-27,2026-05-04,0.0135,0.0,46948910926280539794385431325138940193666253674995635848222141296489362188849,0xd6203f8805d1812e3b189da3f6036989940a415ae3a0fecf83555b455394fdb8,Will the Toronto Raptors win the NBA Eastern ,17,0,0,0.0335,-1.0
3,2026-05-01,2026-05-04,0.0065,0.0,46948910926280539794385431325138940193666253674995635848222141296489362188849,0xd6203f8805d1812e3b189da3f6036989940a415ae3a0fecf83555b455394fdb8,Will the Toronto Raptors win the NBA Eastern ,18,0,0,0.0265,-1.0
7,2026-06-20,2026-06-27,0.465,0.0,75595072506593093609125758283657089382220899252356081539276899905086401333602,0x9623b379f3e25ffa6206f8bc7aedeecd67580944645151350e06cb3efd95c090,Will Egypt win on 2026-06-26?,34,0,0,0.48500000000000004,-1.0
3,2026-06-24,2026-06-27,0.395,0.0,75595072506593093609125758283657089382220899252356081539276899905086401333602,0x9623b379f3e25ffa6206f8bc7aedeecd67580944645151350e06cb3efd95c090,Will Egypt win on 2026-06-26?,38,0,0,0.41500000000000004,-1.0
7,2026-06-23,2026-06-30,0.0015,0.0,46729675022205074215354392362381713390457716670414175383634882172491304208555,0x0571d51f994d898d0eff4f38175924e93038427e697a7dff6d33b0470afe4310,Will Laura Siegemund be the 2026 Women’s Wimb,38,0,0,0.021500000000000002,-1.0
3,2026-06-27,2026-06-30,0.0015,0.0,46729675022205074215354392362381713390457716670414175383634882172491304208555,0x0571d51f994d898d0eff4f38175924e93038427e697a7dff6d33b0470afe4310,Will Laura Siegemund be the 2026 Women’s Wimb,38,0,0,0.021500000000000002,-1.0
7,2026-06-16,2026-06-23,0.885,1.0,33487993003158194673584478096137518804695909934938955095498705571367038286718,0xe2c2cba80ca7e745aef3ff3c3a359db4d862f2b0ea40a9821bb137bb9e31b40f,Will France win on 2026-06-22?,28,0,0,0.905,0.1049723756906078
3,2026-06-20,2026-06-23,0.895,1.0,33487993003158194673584478096137518804695909934938955095498705571367038286718,0xe2c2cba80ca7e745aef3ff3c3a359db4d862f2b0ea40a9821bb137bb9e31b40f,Will France win on 2026-06-22?,34,1,0,0.915,0.09289617486338786
3,2026-05-23,2026-05-26,0.49,1.0,36872217940161491972120830074682109141065398170878601426051147635064624582652,0xc775ae21fba7d1949f6da0c45a880b5ab1a19c39d9c2f4f1b93f37af0bc014d9,Knicks vs. Cavaliers,25,0,0,0.51,0.9607843137254901
7,2026-04-24,2026-05-01,0.295,0.0,57301498276970257025109591078431189727442302532145853906375186182281603517458,0xfc6260666d020a912a87d9000eff5116d2adfb8c30aba543427a4c1f1411f1a0,MegaETH market cap (FDV) >$2B one day after l,17,0,0,0.315,-1.0
3,2026-04-28,2026-05-01,0.33,0.0,57301498276970257025109591078431189727442302532145853906375186182281603517458,0xfc6260666d020a912a87d9000eff5116d2adfb8c30aba543427a4c1f1411f1a0,MegaETH market cap (FDV) >$2B one day after l,17,0,0,0.35000000000000003,-1.0
3,2026-05-06,2026-05-09,0.585,1.0,94114332208393053984697876638000782163415853939567607558460677381632263350064,0x976c4dae5c4e9fedcc755eedd7848a2268b72a6b7033d517f2738d738b1e0c0a,Knicks vs. 76ers,21,0,0,0.605,0.6528925619834711
7,2026-05-25,2026-06-01,0.0055,0.0,12389685960289535793784844547591626184160820043533024006256206890230791648531,0xcddc048c672ee233890b99b18885dbd510e3db3d67c53afb408ddc93f9aadff4,Will the US confirm that aliens exist by May ,25,1,0,0.025500000000000002,-1.0
3,2026-05-29,2026-06-01,0.0015,0.0,12389685960289535793784844547591626184160820043533024006256206890230791648531,0xcddc048c672ee233890b99b18885dbd510e3db3d67c53afb408ddc93f9aadff4,Will the US confirm that aliens exist by May ,25,0,0,0.021500000000000002,-1.0
7,2026-05-04,2026-05-11,0.615,1.0,83723168637461689344171659373209590063356151850233630924810314180898757245166,0x9df495a416820c808be8e808a60ce835e4cdf86dcd370440d3223b0504a5ab62,Will Arsenal FC win on 2026-05-10?,20,0,0,0.635,0.5748031496062991
3,2026-05-08,2026-05-11,0.605,1.0,83723168637461689344171659373209590063356151850233630924810314180898757245166,0x9df495a416820c808be8e808a60ce835e4cdf86dcd370440d3223b0504a5ab62,Will Arsenal FC win on 2026-05-10?,22,0,0,0.625,0.6000000000000001
7,2026-06-21,2026-06-28,0.375,0.0,101870693068643777907933185168096005823100471428921617507976765091257562327892,0xca1f4760e175d71d1c7677dbc56a1856dc2cee6a4d8de8275a16dbca716afd24,Will Austria win on 2026-06-27?,36,0,0,0.395,-1.0
3,2026-06-25,2026-06-28,0.335,0.0,101870693068643777907933185168096005823100471428921617507976765091257562327892,0xca1f4760e175d71d1c7677dbc56a1856dc2cee6a4d8de8275a16dbca716afd24,Will Austria win on 2026-06-27?,38,2,0,0.35500000000000004,-1.0
3,2026-06-15,2026-06-18,0.0475,0.0,18090371995005962964870770014239431407955356239628344359330584802814169400874,0x68fbeb8d823552abf9d35f3ebdb8619a1a1d51b650da9101be62f09308fd18d2,US announces new Iran agreement/ceasefire ext,28,0,0,0.0675,-1.0
7,2026-06-13,2026-06-20,0.54,0.0,54511825390633995374175059606221780469743756932404872461241366577064924822137,0x7b830121eb0c58c5f4161ecd626af187d199ba1ed7a705a696ebf93e84a1423f,Brazil vs. Haiti: O/U 3.5,28,0,0,0.56,-1.0
3,2026-06-17,2026-06-20,0.505,0.0,54511825390633995374175059606221780469743756932404872461241366577064924822137,0x7b830121eb0c58c5f4161ecd626af187d199ba1ed7a705a696ebf93e84a1423f,Brazil vs. Haiti: O/U 3.5,30,0,0,0.525,-1.0
7,2026-04-25,2026-05-02,0.0055,0.0,50705248713323657762767401378286601907820885259053704401453562452183494476631,0x9b56568af78dd036b03c641e0673729d72cd7d63578eb0119cd23eb1f94f1b56,Will the Houston Rockets win the 2026 NBA Fin,17,0,0,0.025500000000000002,-1.0
3,2026-04-29,2026-05-02,0.0015,0.0,50705248713323657762767401378286601907820885259053704401453562452183494476631,0x9b56568af78dd036b03c641e0673729d72cd7d63578eb0119cd23eb1f94f1b56,Will the Houston Rockets win the 2026 NBA Fin,17,0,0,0.021500000000000002,-1.0
7,2026-04-24,2026-05-01,0.615,0.0,22893138393795740138249503228269517733051888602506683062209713465144747482167,0x06a804e8bd1a539829b7db279ad33b2cf0bcf98f315a3b3a8c7623e6230d88fd,"Will Bitcoin reach $80,000 in April?",17,0,0,0.635,-1.0
3,2026-04-28,2026-05-01,0.305,0.0,22893138393795740138249503228269517733051888602506683062209713465144747482167,0x06a804e8bd1a539829b7db279ad33b2cf0bcf98f315a3b3a8c7623e6230d88fd,"Will Bitcoin reach $80,000 in April?",17,0,0,0.325,-1.0
7,2026-04-27,2026-05-04,0.575,0.0,64770641714156976989474964554615476798703886456878824308372674182516857874046,0x0433839be2e0889423ff0a0efae939272899d09c284d309b346d3991d003c4c0,Will Chelsea FC win on 2026-05-04?,17,0,0,0.595,-1.0
3,2026-05-01,2026-05-04,0.565,0.0,64770641714156976989474964554615476798703886456878824308372674182516857874046,0x0433839be2e0889423ff0a0efae939272899d09c284d309b346d3991d003c4c0,Will Chelsea FC win on 2026-05-04?,18,0,0,0.585,-1.0
3,2026-06-27,2026-06-30,0.255,0.0,84597496489313264837847684053401517117472634121930855082913192700166797262773,0xd78567ca1a5759cb839cdd64eb5bb293b4f2f243ccb09e2917946d2f45ceca9c,Will Morocco win on 2026-06-29?,38,0,0,0.275,-1.0
7,2026-05-25,2026-06-01,0.309,0.0,110474507112100782314899291119134194443200805577700445554821199693457132940419,0xb7dd41c16cd5b59e543ffcdab6a0d876f5ccef5329ea42ef1798d80c9a2b8499,Iran closes its airspace by May 31?,25,1,0,0.329,-1.0
3,2026-05-29,2026-06-01,0.065,0.0,110474507112100782314899291119134194443200805577700445554821199693457132940419,0xb7dd41c16cd5b59e543ffcdab6a0d876f5ccef5329ea42ef1798d80c9a2b8499,Iran closes its airspace by May 31?,25,1,0,0.085,-1.0
7,2026-05-27,2026-06-03,0.0105,0.0,46086539644694970479807918237455015045032058557841816156754554096171613449623,0x24e67fb509df7efecc1840008153634d4852c0d2725d0a6c13f2e60beb2f2e2f,Will Joao Fonseca win the 2026 Men's French O,25,1,0,0.0305,-1.0
3,2026-05-31,2026-06-03,0.0865,0.0,46086539644694970479807918237455015045032058557841816156754554096171613449623,0x24e67fb509df7efecc1840008153634d4852c0d2725d0a6c13f2e60beb2f2e2f,Will Joao Fonseca win the 2026 Men's French O,25,1,0,0.1065,-1.0
7,2026-06-24,2026-07-01,0.018,0.0,5052978505742109596729920389479817407677796482555237481771010048052329486595,0x5efa976ebe94080bbda7e45605333ff8f30156cc91604d66c41eb52fd3e25f3e,Israel x Iran permanent peace deal by June 30,38,0,0,0.038,-1.0
3,2026-06-28,2026-07-01,0.0055,0.0,5052978505742109596729920389479817407677796482555237481771010048052329486595,0x5efa976ebe94080bbda7e45605333ff8f30156cc91604d66c41eb52fd3e25f3e,Israel x Iran permanent peace deal by June 30,41,0,0,0.025500000000000002,-1.0
7,2026-06-13,2026-06-20,0.905,1.0,103041090730063233481678246468943921262520375914356653176409396265510672924686,0xc90381f6021b8dc8d07dd3d783d3927f34706f8ce1ed097b21cc92f31b5be076,Will Brazil win on 2026-06-19?,28,1,0,0.925,0.08108108108108092
3,2026-06-17,2026-06-20,0.885,1.0,103041090730063233481678246468943921262520375914356653176409396265510672924686,0xc90381f6021b8dc8d07dd3d783d3927f34706f8ce1ed097b21cc92f31b5be076,Will Brazil win on 2026-06-19?,30,1,0,0.905,0.1049723756906078
7,2026-05-25,2026-06-01,0.4075,1.0,110251828161543119357013227499774714771527179764174739487025581227481937033858,0x8e7a03cb1970e2ad6533b01892403516b6b3f5b5fa90ed7d104c28b27e40ba00,"MicroStrategy sells any Bitcoin by June 30, 2",25,0,0,0.4275,1.3391812865497075
3,2026-05-29,2026-06-01,0.5395,1.0,110251828161543119357013227499774714771527179764174739487025581227481937033858,0x8e7a03cb1970e2ad6533b01892403516b6b3f5b5fa90ed7d104c28b27e40ba00,"MicroStrategy sells any Bitcoin by June 30, 2",25,0,0,0.5595,0.7873100983020553
3,2026-05-09,2026-05-12,0.76,1.0,57412940763264379879744550530590190368873063906839354927556618677151005038270,0x4c7aee76714c3a69885cbf6a09c754529b255d038b9547d5cec1836906a0aecb,Thunder vs. Lakers,22,0,0,0.78,0.28205128205128194
7,2026-05-10,2026-05-17,0.0015,0.0,9652929333231451094365327582987860832746984766425518052831528812023255883092,0xe5c26c71732b00f7e967903079ab24166a4fa2be62012a8ce4393e79b26cdaa7,Will Poland win Eurovision 2026?,22,0,0,0.021500000000000002,-1.0
3,2026-05-14,2026-05-17,0.0025,0.0,9652929333231451094365327582987860832746984766425518052831528812023255883092,0xe5c26c71732b00f7e967903079ab24166a4fa2be62012a8ce4393e79b26cdaa7,Will Poland win Eurovision 2026?,22,0,0,0.0225,-1.0
3,2026-05-19,2026-05-22,0.285,0.0,52361899659273746688310711154377414983286902715574343626305571157053514347311,0x6622b219b4b0796651304f85f279b18797edd2a818be471ecd82dd2d7d8d4ac7,Cavaliers vs. Knicks,24,0,0,0.305,-1.0
3,2026-05-22,2026-05-25,0.475,0.0,69789280653587607149102197631466385160072581786673164860090640493867909844501,0x3d10d4d304861811a9ec2e63ecf5db2b8839f3110332e0e8f89c0556f76b05a4,Thunder vs. Spurs,24,0,0,0.495,-1.0
7,2026-05-17,2026-05-24,0.0005,0.0,17221527894426601950996432589013277000140067344765011503715902729911475041759,0x99783ea5344cd6535f671ed6642006a66157cd8a2398aca295f1ab99aaf50e34,Will Lorenzo Musetti win the 2026 Men's Frenc,23,0,0,0.0205,-1.0
3,2026-05-21,2026-05-24,0.0005,0.0,17221527894426601950996432589013277000140067344765011503715902729911475041759,0x99783ea5344cd6535f671ed6642006a66157cd8a2398aca295f1ab99aaf50e34,Will Lorenzo Musetti win the 2026 Men's Frenc,24,0,0,0.0205,-1.0
7,2026-04-28,2026-05-05,0.15,1.0,108615985167451045197781101977391757333251129632219335729531996334265284371112,0x9ec068d68055cc7e14d82b67da6f8069423ce64d4cd3549aeb50116156a622f0,Will a U.S. anti-cartel operation outside of ,17,0,0,0.16999999999999998,4.882352941176471
3,2026-05-02,2026-05-05,0.9975,1.0,108615985167451045197781101977391757333251129632219335729531996334265284371112,0x9ec068d68055cc7e14d82b67da6f8069423ce64d4cd3549aeb50116156a622f0,Will a U.S. anti-cartel operation outside of ,18,0,0,0.99,0.010101010101010166
3,2026-04-23,2026-04-26,0.56,1.0,59005039819817191572790632185216584675790282938177567233176230080432531995226,0x8ff9faf0ff030925d920a79ab8012493c53dfc817d27e1c0ca75653258ff266d,Spurs vs. Trail Blazers,16,0,0,0.5800000000000001,0.7241379310344827
7,2026-04-24,2026-05-01,0.085,0.0,56814725870179920615881424393027028330166672775619196396436430486653645555698,0x4e65282819c98c6aed529f357fbf5983b1ae9407a3c25bd50fe97b2906df68f9,Will the Denver Nuggets win the 2026 NBA Fina,17,0,0,0.10500000000000001,-1.0
3,2026-04-28,2026-05-01,0.043,0.0,56814725870179920615881424393027028330166672775619196396436430486653645555698,0x4e65282819c98c6aed529f357fbf5983b1ae9407a3c25bd50fe97b2906df68f9,Will the Denver Nuggets win the 2026 NBA Fina,17,0,0,0.063,-1.0
7,2026-05-09,2026-05-16,0.56,1.0,4252871261301863128731369056725053384530270232505191588908294054319555424411,0x30d49ac0a4ce091a98c3950d5bb84063676596a889890300adf24b0e2c410e3a,Will Manchester City FC win on 2026-05-16?,22,0,0,0.5800000000000001,0.7241379310344827
3,2026-05-13,2026-05-16,0.555,1.0,4252871261301863128731369056725053384530270232505191588908294054319555424411,0x30d49ac0a4ce091a98c3950d5bb84063676596a889890300adf24b0e2c410e3a,Will Manchester City FC win on 2026-05-16?,22,1,0,0.5750000000000001,0.7391304347826084
7,2026-04-24,2026-05-01,0.0005,0.0,77276629954845974131206708639482331195080176051253233339450147891178665959820,0xabb6bb4f7eefad8300e404ababe1580791e258aef663b73a8bab792518684759,"Will Bitcoin reach $150,000 in April?",17,0,0,0.0205,-1.0
3,2026-04-28,2026-05-01,0.0005,0.0,77276629954845974131206708639482331195080176051253233339450147891178665959820,0xabb6bb4f7eefad8300e404ababe1580791e258aef663b73a8bab792518684759,"Will Bitcoin reach $150,000 in April?",17,0,0,0.0205,-1.0
7,2026-05-10,2026-05-17,0.0015,0.0,103415634005536188719544775929333330970248034372896702178158893005574962725101,0x3dbf1d213f9048353b073e8b02585b1d378b88cd05599abd23b00709120ad1f7,Will Austria win Eurovision 2026?,22,0,0,0.021500000000000002,-1.0
3,2026-05-14,2026-05-17,0.0015,0.0,103415634005536188719544775929333330970248034372896702178158893005574962725101,0x3dbf1d213f9048353b073e8b02585b1d378b88cd05599abd23b00709120ad1f7,Will Austria win Eurovision 2026?,22,0,0,0.021500000000000002,-1.0
7,2026-05-07,2026-05-14,0.77,1.0,59926179825727217606167341176846116057970189763068493202217393131144123674309,0x6ff0aea2be61472090f3fb1a452ee0a284ce7f47fb63f69e0051317bb29a5ef5,Will Manchester City FC win on 2026-03-21?,22,0,0,0.79,0.26582278481012644
3,2026-05-11,2026-05-14,0.805,1.0,59926179825727217606167341176846116057970189763068493202217393131144123674309,0x6ff0aea2be61472090f3fb1a452ee0a284ce7f47fb63f69e0051317bb29a5ef5,Will Manchester City FC win on 2026-03-21?,22,0,0,0.8250000000000001,0.21212121212121193
3,2026-04-28,2026-05-01,0.6,0.0,41054916495347957510087691174345858426588337259427885853416998968409113903196,0xdaf176c727f45efe8bf877d8311e11f203a8fd6bc7fcfd886bdd31748beaf44f,Nuggets vs. Timberwolves,17,0,0,0.62,-1.0
7,2026-04-23,2026-04-30,0.335,0.0,5402670567066751822273946599754875950735802364303000292656953516212515976521,0x933bac1d1ddc51c14313577e07b7796e258e12ab244f4334dc777a2558c78b58,Will Club Atlético de Madrid win on 2026-04-2,16,0,0,0.35500000000000004,-1.0
3,2026-04-27,2026-04-30,0.345,0.0,5402670567066751822273946599754875950735802364303000292656953516212515976521,0x933bac1d1ddc51c14313577e07b7796e258e12ab244f4334dc777a2558c78b58,Will Club Atlético de Madrid win on 2026-04-2,17,0,0,0.365,-1.0
7,2026-06-07,2026-06-14,0.495,1.0,104388411846002642211950323407423945667181304427085395697715118826089726969395,0x3fbc68160eebf3b359b077b0e5ea8c7052031e84ec159c5002666302f67b508c,Spread: Germany (-3.5),27,0,0,0.515,0.941747572815534
3,2026-06-11,2026-06-14,0.485,1.0,104388411846002642211950323407423945667181304427085395697715118826089726969395,0x3fbc68160eebf3b359b077b0e5ea8c7052031e84ec159c5002666302f67b508c,Spread: Germany (-3.5),28,0,0,0.505,0.9801980198019802
3,2026-05-08,2026-05-11,0.635,0.0,86255069788054401001410235574609972397532509074163607443298886063446696622457,0xd343b2f246e33cfc1acfe4812958e4f19486dcb74e82889ba585408d06470ff1,Spurs vs. Timberwolves,22,0,0,0.655,-1.0
7,2026-05-10,2026-05-17,0.0015,0.0,9889572735510988395379691984548706900301336495811328550461176878290489183472,0x1ba55cf8a3b8ffa3a8646a68c13e345ed1f5e3a33381a823ad132a4920054a82,Will Albania win Eurovision 2026?,22,0,0,0.021500000000000002,-1.0
3,2026-05-14,2026-05-17,0.0035,0.0,9889572735510988395379691984548706900301336495811328550461176878290489183472,0x1ba55cf8a3b8ffa3a8646a68c13e345ed1f5e3a33381a823ad132a4920054a82,Will Albania win Eurovision 2026?,22,0,0,0.0235,-1.0
3,2026-04-23,2026-04-26,0.585,0.0,53697835971855645704437313930693601479955805641531514952659498985321347379532,0xeb4b5d1390278a728cea8024a464c2ed8f69c615e60325f1735ad961b0b6ed51,Nuggets vs. Timberwolves,16,0,0,0.605,-1.0
7,2026-06-24,2026-07-01,0.023,0.0,84348038402659639941836209260221772039942739491890721010819630693075602597129,0x9e0e621f21099a443d0deebbb624c8cf2e40ff0ebb51d67576e4fe7070974f3d,Israel x Syria security agreement by June 30?,38,0,0,0.043,-1.0
3,2026-06-28,2026-07-01,0.0165,0.0,84348038402659639941836209260221772039942739491890721010819630693075602597129,0x9e0e621f21099a443d0deebbb624c8cf2e40ff0ebb51d67576e4fe7070974f3d,Israel x Syria security agreement by June 30?,41,0,0,0.036500000000000005,-1.0
7,2026-06-15,2026-06-22,0.205,1.0,34554555827438551101000555305203609600029621153428996114009350892614396532498,0xbee2cd40473495f713c69b9dfbce9fc2837fa4011568222c83c83bb773e35053,"Starmer out by June 30, 2026?",28,1,0,0.22499999999999998,3.4444444444444446
3,2026-06-19,2026-06-22,0.305,1.0,34554555827438551101000555305203609600029621153428996114009350892614396532498,0xbee2cd40473495f713c69b9dfbce9fc2837fa4011568222c83c83bb773e35053,"Starmer out by June 30, 2026?",34,0,0,0.325,2.0769230769230766
7,2026-06-16,2026-06-23,0.275,0.0,12958252976539629930654162912931008487270492230310027375150666031145896793768,0x7e88fd883e66a95417ac88e33876c14479a06e7aaae4c23494233622e2ee0467,Will Norway vs. Senegal end in a draw?,28,0,0,0.29500000000000004,-1.0
3,2026-06-20,2026-06-23,0.275,0.0,12958252976539629930654162912931008487270492230310027375150666031145896793768,0x7e88fd883e66a95417ac88e33876c14479a06e7aaae4c23494233622e2ee0467,Will Norway vs. Senegal end in a draw?,34,1,0,0.29500000000000004,-1.0
7,2026-06-24,2026-07-01,0.0075,0.0,84204843763363692452087731991840646974465033840290811886282964917432364505726,0x5a965e943de13a4bdef4fb568d94341a751f02a2f652fa4fb8377d8b02f84606,Will Spencer Pratt win the 2026 Los Angeles m,38,0,0,0.0275,-1.0
3,2026-06-28,2026-07-01,0.0065,0.0,84204843763363692452087731991840646974465033840290811886282964917432364505726,0x5a965e943de13a4bdef4fb568d94341a751f02a2f652fa4fb8377d8b02f84606,Will Spencer Pratt win the 2026 Los Angeles m,41,0,0,0.0265,-1.0
7,2026-06-18,2026-06-25,0.695,1.0,52345319584298671384241333674201063268836142597903677481641810116870044724915,0xd14544ac7360f37de17eb6a442694de21a8c5ea01714323be6409b002c4d7d7d,Will Brazil win on 2026-06-24?,33,0,0,0.715,0.39860139860139876
3,2026-06-22,2026-06-25,0.695,1.0,52345319584298671384241333674201063268836142597903677481641810116870044724915,0xd14544ac7360f37de17eb6a442694de21a8c5ea01714323be6409b002c4d7d7d,Will Brazil win on 2026-06-24?,37,1,0,0.715,0.39860139860139876
3,2026-05-20,2026-05-23,0.0275,0.0,107715390014862406485536118714081498606413437514382660058593986098320182104000,0x53098776eb95dbbd2e899c4fcd787a043ba725f55433948da2fbd00abdfcd3ae,"US x Iran permanent peace deal by May 22, 202",24,0,0,0.0475,-1.0
7,2026-05-06,2026-05-13,0.925,1.0,51545532861486385873692934524720384955493736271416969951012544640145812214434,0xcd215b8330a35098a1a3f6c46b6492347edb5e74c1e0a95ac4d3d54aece6c262,Will Trump visit China by May 31?,21,0,0,0.9450000000000001,0.05820105820105814
3,2026-05-10,2026-05-13,0.9525,1.0,51545532861486385873692934524720384955493736271416969951012544640145812214434,0xcd215b8330a35098a1a3f6c46b6492347edb5e74c1e0a95ac4d3d54aece6c262,Will Trump visit China by May 31?,22,0,0,0.9725,0.028277634961439535
7,2026-06-12,2026-06-19,0.495,1.0,233862900569678670114671632450111183743595845606473713868607676664796499148,0x864d4155b62431499f469772de81ea9b7daa1c87b78047e4aa9cc2fbcd222640,Spread: Canada (-1.5),28,0,0,0.515,0.941747572815534
3,2026-06-16,2026-06-19,0.525,1.0,233862900569678670114671632450111183743595845606473713868607676664796499148,0x864d4155b62431499f469772de81ea9b7daa1c87b78047e4aa9cc2fbcd222640,Spread: Canada (-1.5),28,1,0,0.545,0.8348623853211008
3,2026-05-03,2026-05-06,0.115,0.0,8579843949221529444380268425264010705030328068961902478914832269641916448179,0xa1f3c8115c6145f1c2bde3328ce1a21e89d0dd00385667cdf76bfb89a993e00b,Lakers vs. Thunder,20,0,0,0.135,-1.0
7,2026-06-19,2026-06-26,0.345,1.0,23905785647225133250068955131316534532801742215919018709867564550696854194755,0x81cef42df3d25aecf0bf7e96c344202e86f447f2f3ba2e4b8eb59f4680efeb22,Will Türkiye win on 2026-06-25?,34,0,0,0.365,1.7397260273972601
3,2026-06-23,2026-06-26,0.275,1.0,23905785647225133250068955131316534532801742215919018709867564550696854194755,0x81cef42df3d25aecf0bf7e96c344202e86f447f2f3ba2e4b8eb59f4680efeb22,Will Türkiye win on 2026-06-25?,38,2,1,0.29500000000000004,2.3898305084745757
7,2026-06-21,2026-06-28,0.825,1.0,89969054941820905260983372139923320038115693660830083208242956669285748681379,0xb465c0d920be7fa9413909befc3989247de10a1d4feca2621bb36f9a62191a12,Will Argentina win on 2026-06-27?,36,0,0,0.845,0.18343195266272194
3,2026-06-25,2026-06-28,0.825,1.0,89969054941820905260983372139923320038115693660830083208242956669285748681379,0xb465c0d920be7fa9413909befc3989247de10a1d4feca2621bb36f9a62191a12,Will Argentina win on 2026-06-27?,38,1,0,0.845,0.18343195266272194
7,2026-06-14,2026-06-21,0.066,0.0,22922754856620040574706795332414925251832240378503831196222537952159137725220,0x9e030ad2c9ecc0037a1056f1641d913bddd5c7b26c100267fb8b22a4fb64936e,Will Curaçao win on 2026-06-20?,28,0,0,0.08600000000000001,-1.0
3,2026-06-18,2026-06-21,0.0395,0.0,22922754856620040574706795332414925251832240378503831196222537952159137725220,0x9e030ad2c9ecc0037a1056f1641d913bddd5c7b26c100267fb8b22a4fb64936e,Will Curaçao win on 2026-06-20?,33,1,0,0.0595,-1.0
3,2026-04-26,2026-04-29,0.49,1.0,16718041887881762329859205887704087070587186248220606272297433440108449709696,0x2d55f622bc12e23dc1f1bb4db8360c28c92155f9376bf73953c0756ee1387b2f,Will Trump dance today?,17,0,0,0.51,0.9607843137254901
3,2026-05-02,2026-05-05,0.13,1.0,113612877323423658909275002980526144749213135301890940162044238784095239141867,0x434719e5e807306706d17205f2bc15e4901184084c4e8ea472127f47a365bbdf,Timberwolves vs. Spurs,18,0,0,0.15,5.666666666666667
3,2026-04-19,2026-04-22,0.185,1.0,13915055435514613243852168138681461859212910618780770510822006415287098023903,0xbfe5dd0ac5320447e48b1944366025ba23b1f7cd69ff55e6ec3f4c3c57c26dd6,Trail Blazers vs. Spurs,15,0,0,0.205,3.8780487804878048
7,2026-05-02,2026-05-09,0.215,0.0,92837230145827111699047765291253116935174408333713428554327237019578844028510,0x2135ffcb43ba9103bb6acf7116d2d5aa98bef6d9eb3dc9c85ea00cb79513f3ec,Iran closes its airspace by May 8?,18,0,0,0.235,-1.0
3,2026-05-06,2026-05-09,0.095,0.0,92837230145827111699047765291253116935174408333713428554327237019578844028510,0x2135ffcb43ba9103bb6acf7116d2d5aa98bef6d9eb3dc9c85ea00cb79513f3ec,Iran closes its airspace by May 8?,21,0,0,0.115,-1.0
7,2026-04-20,2026-04-27,0.0085,0.0,75497690502531380056390405612014900797768656980504946546336044296003833597355,0x3b6cdd4f72cef7f29ff7e054444095564dc582266b7230be3c2b5f194d89f37d,Will the Los Angeles Kings win the 2026 NHL S,15,0,0,0.0285,-1.0
3,2026-04-24,2026-04-27,0.0055,0.0,75497690502531380056390405612014900797768656980504946546336044296003833597355,0x3b6cdd4f72cef7f29ff7e054444095564dc582266b7230be3c2b5f194d89f37d,Will the Los Angeles Kings win the 2026 NHL S,17,0,0,0.025500000000000002,-1.0
7,2026-06-08,2026-06-15,0.395,0.0,28508563298912772074214719307109307518904085025750423135797235005006783326548,0x3150ba668d15e1c248c71bcff71c67f1adf87063db7047f27f15ebbc9a1a6a0d,Will Ecuador win on 2026-06-14?,27,0,0,0.41500000000000004,-1.0
3,2026-06-12,2026-06-15,0.395,0.0,28508563298912772074214719307109307518904085025750423135797235005006783326548,0x3150ba668d15e1c248c71bcff71c67f1adf87063db7047f27f15ebbc9a1a6a0d,Will Ecuador win on 2026-06-14?,28,2,0,0.41500000000000004,-1.0
3,2026-04-12,2026-04-15,0.415,0.0,9169228021915607833095877513695806059737089528651886236778300941039475279280,0xaea9c4c85893549e194a12851b013c7636f16f70918457094be84ec81e4f5641,Will Liverpool FC win on 2026-04-14?,15,0,0,0.435,-1.0
7,2026-06-17,2026-06-24,0.115,0.0,62374557612691330043510053829591470998236327248924987579815802826988260253261,0x0fb006e0c06caa4db12f7e30ec8c2483d658f83eb57b2ee8eb478e39beca3dfd,Will Ivan Cepeda Castro win the 2026 Colombia,30,0,2,0.135,-1.0
3,2026-06-21,2026-06-24,0.145,0.0,62374557612691330043510053829591470998236327248924987579815802826988260253261,0x0fb006e0c06caa4db12f7e30ec8c2483d658f83eb57b2ee8eb478e39beca3dfd,Will Ivan Cepeda Castro win the 2026 Colombia,36,1,1,0.16499999999999998,-1.0
3,2026-06-16,2026-06-19,0.755,1.0,10178948291759770839324118631157537480179522042327556754895961515718449754838,0xed76e3c271f4e24a3db2436cdf2c314cda43909fbc94c2bc34631a01cd67d3ae,Counter-Strike: Spirit vs G2 (BO3) - IEM Colo,28,0,0,0.775,0.29032258064516125
7,2026-04-13,2026-04-20,0.0005,0.0,21674752237383605176783726837446532993113843275797631471973922465490315447086,0x19bcc01e456986aca8b3997c493970643e151a9d575ed18b809e7a5c67f113ce,Will LeBron James win the 2025–2026 NBA MVP?,15,0,0,0.0205,-1.0
3,2026-04-17,2026-04-20,0.0005,0.0,21674752237383605176783726837446532993113843275797631471973922465490315447086,0x19bcc01e456986aca8b3997c493970643e151a9d575ed18b809e7a5c67f113ce,Will LeBron James win the 2025–2026 NBA MVP?,15,0,0,0.0205,-1.0
7,2026-05-28,2026-06-04,0.165,1.0,22722140325895252008881018982078677032976059664658234256718533386059691162042,0xc587bda904f031a973ad3cb57128ca011bfab0f45e6cb3734ed2227c4d4be419,Will Oh Se-hoon win the 2026 Seoul Mayoral El,25,0,0,0.185,4.405405405405405
3,2026-06-01,2026-06-04,0.175,1.0,22722140325895252008881018982078677032976059664658234256718533386059691162042,0xc587bda904f031a973ad3cb57128ca011bfab0f45e6cb3734ed2227c4d4be419,Will Oh Se-hoon win the 2026 Seoul Mayoral El,26,0,1,0.19499999999999998,4.128205128205129
7,2026-06-19,2026-06-26,0.225,0.0,13720141007204726132976932163658350553917819242912487119786312240512385978016,0x057885f5f49261eb41504e24899a88e53cb364ddf95e3c0df5608200feaddff8,Will Norway win on 2026-06-26?,34,0,0,0.245,-1.0
3,2026-06-23,2026-06-26,0.215,0.0,13720141007204726132976932163658350553917819242912487119786312240512385978016,0x057885f5f49261eb41504e24899a88e53cb364ddf95e3c0df5608200feaddff8,Will Norway win on 2026-06-26?,38,0,1,0.235,-1.0
7,2026-05-17,2026-05-24,0.395,1.0,110545219743094952178343038704536080627981517741386410743843500170806899307054,0xee512df0318ec5405f477a02ac1bd4b2d824aa2338a87e046d90cc4872f64599,Will West Ham United FC win on 2026-05-24?,23,0,0,0.41500000000000004,1.4096385542168672
3,2026-05-21,2026-05-24,0.525,1.0,110545219743094952178343038704536080627981517741386410743843500170806899307054,0xee512df0318ec5405f477a02ac1bd4b2d824aa2338a87e046d90cc4872f64599,Will West Ham United FC win on 2026-05-24?,24,0,0,0.545,0.8348623853211008
7,2026-06-16,2026-06-23,0.285,0.0,41610575626461486529455331665861057346399083513953711754678027926024708412903,0x6a6255f95ea0e78d9e8d016908e386989e3e92ef5127b56c7234bd5eafbb3dc5,Will Senegal win on 2026-06-22?,28,0,0,0.305,-1.0
3,2026-06-20,2026-06-23,0.305,0.0,41610575626461486529455331665861057346399083513953711754678027926024708412903,0x6a6255f95ea0e78d9e8d016908e386989e3e92ef5127b56c7234bd5eafbb3dc5,Will Senegal win on 2026-06-22?,34,1,0,0.325,-1.0
7,2026-06-10,2026-06-17,0.185,0.0,55443738818158231803517291185008080654932985451404315852703585757411667902597,0x90b9d20ece132c342654f98e0826e972134b10f58d4789c2662bdc00eee44b13,Will Croatia win on 2026-06-17?,27,0,0,0.205,-1.0
3,2026-06-14,2026-06-17,0.185,0.0,55443738818158231803517291185008080654932985451404315852703585757411667902597,0x90b9d20ece132c342654f98e0826e972134b10f58d4789c2662bdc00eee44b13,Will Croatia win on 2026-06-17?,28,2,0,0.205,-1.0
7,2026-05-05,2026-05-12,0.625,0.0,86896598091113340523909402671658927695445861946609552648697714247307211319099,0x4b4fbe43a08490c88bcf6843d10014ace45b42109fa68df291aec3c76bbd8aa3,Will SSC Napoli win on 2026-05-11?,20,0,0,0.645,-1.0
3,2026-05-09,2026-05-12,0.635,0.0,86896598091113340523909402671658927695445861946609552648697714247307211319099,0x4b4fbe43a08490c88bcf6843d10014ace45b42109fa68df291aec3c76bbd8aa3,Will SSC Napoli win on 2026-05-11?,22,0,0,0.655,-1.0
7,2026-06-20,2026-06-27,0.345,0.0,102982370594795926465551165513338503688720151395360838811850524398055739613847,0xe949e3949780dfce68fc24136bb3f79e5e1ad94d0001079ee26f6b474d77d355,Will Cabo Verde win on 2026-06-26?,34,0,0,0.365,-1.0
3,2026-06-24,2026-06-27,0.395,0.0,102982370594795926465551165513338503688720151395360838811850524398055739613847,0xe949e3949780dfce68fc24136bb3f79e5e1ad94d0001079ee26f6b474d77d355,Will Cabo Verde win on 2026-06-26?,38,1,1,0.41500000000000004,-1.0
7,2026-06-11,2026-06-18,0.605,1.0,106591280142630626115724651117201657682325101150171422307265130569697670708657,0x870bb248c96c52dcf35390a66542471c5bba2896942d6bc97ade41a418646ba8,Will Switzerland win on 2026-06-18?,28,0,0,0.625,0.6000000000000001
3,2026-06-15,2026-06-18,0.615,1.0,106591280142630626115724651117201657682325101150171422307265130569697670708657,0x870bb248c96c52dcf35390a66542471c5bba2896942d6bc97ade41a418646ba8,Will Switzerland win on 2026-06-18?,28,2,0,0.635,0.5748031496062991
7,2026-06-14,2026-06-21,0.815,0.0,7079595983448256774998692261246256964535880004732387005017898482275441988994,0xa90ce8b69a218dced329076162df3b79f99596d1dc71d93bd30a64a2c8b6ba3e,Will Ecuador win on 2026-06-20?,28,0,0,0.835,-1.0
3,2026-06-18,2026-06-21,0.885,0.0,7079595983448256774998692261246256964535880004732387005017898482275441988994,0xa90ce8b69a218dced329076162df3b79f99596d1dc71d93bd30a64a2c8b6ba3e,Will Ecuador win on 2026-06-20?,33,0,0,0.905,-1.0
7,2026-06-14,2026-06-21,0.44,0.0,85186286275216627280208867641881920086859727277897444708042824542753009970467,0x91bc2d5c57d20851caa4bbf821e9d7d3b488e041f21f00d256bc43caa9e1c4c9,Spread: Belgium (-1.5),28,0,0,0.46,-1.0
3,2026-06-18,2026-06-21,0.415,0.0,85186286275216627280208867641881920086859727277897444708042824542753009970467,0x91bc2d5c57d20851caa4bbf821e9d7d3b488e041f21f00d256bc43caa9e1c4c9,Spread: Belgium (-1.5),33,0,0,0.435,-1.0
7,2026-06-06,2026-06-13,0.0675,0.0,87801481723150143095656392688212600042782229576502495783917440071310994656016,0x415cb64cfa04f2cde4ec39c5a81050cc9fb539b9b6972e72cce16b46e0e33a5b,Will Qatar win on 2026-06-13?,26,0,0,0.08750000000000001,-1.0
3,2026-06-10,2026-06-13,0.0625,0.0,87801481723150143095656392688212600042782229576502495783917440071310994656016,0x415cb64cfa04f2cde4ec39c5a81050cc9fb539b9b6972e72cce16b46e0e33a5b,Will Qatar win on 2026-06-13?,27,0,0,0.0825,-1.0
3,2026-04-21,2026-04-24,0.63,0.0,92430469735954963360049025962310229515467044409334320200786108488083599918032,0xc637ae2f8d5c241d44b93950a422bbd0988a872abb2d6f4f4c4e895681af5f29,Knicks vs. Hawks,15,0,0,0.65,-1.0
7,2026-06-15,2026-06-22,0.345,1.0,67370320315542783178356704532185575476430897864957357380728466280016657884284,0x65c752289ab1e3b4fde40b3909d9c0fc2b35849ad950a38cab30d19a80457a9a,Spread: Argentina (-1.5),28,0,0,0.365,1.7397260273972601
3,2026-06-19,2026-06-22,0.345,1.0,67370320315542783178356704532185575476430897864957357380728466280016657884284,0x65c752289ab1e3b4fde40b3909d9c0fc2b35849ad950a38cab30d19a80457a9a,Spread: Argentina (-1.5),34,1,0,0.365,1.7397260273972601
