token,condition_id,question,domain,end_date,entry_date,n_smart_buyers,buyers,bet_fraction,entry_mid,entry_ask,spread,current_price,status,exit_date,outcome,pnl
25317780265010988489340689133045866068433464491020332222476370977600301022698,0x652a7e27819c8aa682f1013295dd637c000133862850d96143e48a1815b94d38,Will Croatia win on 2026-06-23?,other,,2026-06-23,2,,0.1,0.405,0.41,0.005,0.0,lost,2026-06-24,0.0,-0.1
104691321042393634582885150474615372905285038741741080526497276805584723831939,0xb74483c33ae08dd756abaae761e129fb321f4ac7f3b128043e4948983f6e32db,Boston Red Sox vs. Colorado Rockies,other,,2026-06-24,2,,0.1,0.255,0.28,0.025,0.0,lost,2026-06-24,0.0,-0.1
115556263888245616435851357148058235707004733438163639091106356867234218207169,0x375409bc5eeeff961e82b479caeccc20f33d15738e5bce1186d628aa3d9dfb1f,Will England win the 2026 FIFA World Cup?,sports,,2026-06-24,2,,0.1,0.1085,0.109,0.0005,0.0995,flipped,2026-06-30,,-0.0087
67466148034529849001749283892995420841255740280965377423907471965663421834164,0x1f5cd4d1a23c11229b2781303dd39fb60ec6ee369dd173cedef8a7f7a1a27298,Will Mexico win on 2026-06-24?,other,,2026-06-24,2,,0.1,0.505,0.51,0.005,1.0,won,2026-06-25,1.0,0.0961
78041669573197271831143243516603089617333411410934465631182277350983388128942,0x374d4c9c12e766653de985450899cf2181edf47189894bc9c870216b5c6b1d83,Will Korea Republic win on 2026-06-24?,other,,2026-06-24,2,,0.1,0.615,0.62,0.005,0.0,lost,2026-06-25,0.0,-0.1
69607356357270818627215361066588335481465339992439698739056695862643500497649,0xf0164e968314bae58a0440248e2abd20ee9e4704df2b24c98c50072006b26315,Spread: Morocco (-1.5),other,,2026-06-24,2,,0.1,0.515,0.52,0.005,1.0,won,2026-06-25,1.0,0.0923
19214394437683566921750936876376421489271269944393354497977881791256347396217,0xd2a8caba5559bc21e14f6b2aa504cb14a1782751658b71409e25b82e432c0a97,Will Lionel Messi be the top goalscorer at the 2026 FIFA World Cup?,sports,,2026-06-24,2,,0.1,0.3815,0.382,0.0005,0.3815,flipped,2026-06-27,,-0.0001
47236739815607347436394828740644657912816815268002585518946427187074399713739,0x32552863fe8014da2613037970661f0d49f415c86a88cb3d65af7a43395bc4ad,Will United States win on 2026-06-25?,other,,2026-06-25,2,,0.1,0.515,0.52,0.005,0.0,lost,2026-06-26,0.0,-0.1
108233603819467706476318984012158651931658302669301887462181073562758483842092,0x9b6fef249040fd17e9c107955b37ac2c3e923509b6b0ff01cc463a331ddeb894,Will France win the 2026 FIFA World Cup?,sports,,2026-06-25,2,,0.1,0.1935,0.194,0.0005,0.3765,flipped,2026-07-10,,0.0941
81739002353269632749850710185641576213562066971072676369728657545679630163887,0x1595b4818eeb1ea1e0bec5de6f057218e557feee9b405a0e930d290384fa1d16,Will Germany win the 2026 FIFA World Cup?,sports,,2026-06-25,2,,0.1,0.0525,0.053,0.0005,0.0,lost,2026-06-29,0.0,-0.1
109346928118758112535699085058290058645349086894874742550948182824395861480007,0xfa021d817ad33e0fa28e04051b4fea25b0a090e94bb1b2a38b377bce9778eb8e,Will Kylian Mbappe be the top goalscorer at the 2026 FIFA World Cup?,sports,,2026-06-25,2,,0.1,0.285,0.29,0.005,0.395,flipped,2026-07-02,,0.0362
101279272797775203956659007084828831261331275405585994446661991301016814257223,0xe690620297dfea974d20df84b4cf90460e46a26ec864353482717b90509a3c0b,Will Germany win on 2026-06-25?,other,,2026-06-25,2,,0.1,0.6585,0.659,0.0005,0.0,lost,2026-06-25,0.0,-0.1
96011621726517584870166448716525831020662124871593355814762549708680109101202,0xa1b3158fedfddaf2a0d8b364f6a57ee68146fb6ad458222aa8e02bcf0abbb099,"US-Iran Final Nuclear Deal by August 31, 2026?",geopolitics,,2026-06-25,2,,0.1,0.75,0.76,0.01,0.925,flipped,2026-07-20,,0.0217
14621976022388339155866443939403907158807725281606484508612016632018100973573,0x44e25f753ae47dbdf2705d35e0a45db24d3a1b2996b82a1350ade2c7e92c4f93,Will Ecuador win on 2026-06-25?,other,,2026-06-25,2,,0.1,0.2445,0.245,0.0005,1.0,won,2026-06-25,1.0,0.3082
70566539164522511722828177783160715084896495583002505290034774563092926817611,0x556b2042ebc85221bb402de322a8724f149b8c95b520831bade2316565e3ca84,Spread: Côte d'Ivoire (-2.5),other,,2026-06-25,2,,0.1,0.345,0.35,0.005,0.0,lost,2026-06-25,0.0,-0.1
12895713634933367223676558147527749758143822673340639855731583908529004951892,0xe690620297dfea974d20df84b4cf90460e46a26ec864353482717b90509a3c0b,Will Germany win on 2026-06-25?,other,,2026-06-25,2,,0.1,0.5575,0.558,0.0005,1.0,won,2026-06-25,1.0,0.0792
135792657791879031181866023056748029392055768984822794561479819351684481583,0x44e25f753ae47dbdf2705d35e0a45db24d3a1b2996b82a1350ade2c7e92c4f93,Will Ecuador win on 2026-06-25?,other,,2026-06-25,2,,0.1,0.0885,0.089,0.0005,0.0,lost,2026-06-25,0.0,-0.1
2168300481720050252613475182648236979981975066763338195177303410784457081256,0xbc733b27510a37833afa638c3aeabec2811dffbb996c6bd1c735337f13f85bed,Ecuador vs. Germany: O/U 3.5,other,,2026-06-25,2,,0.1,0.155,0.16,0.005,0.0,lost,2026-06-25,0.0,-0.1
46418017478244829117932747089683624248579292858236918683397159778129811183207,0xbc733b27510a37833afa638c3aeabec2811dffbb996c6bd1c735337f13f85bed,Ecuador vs. Germany: O/U 3.5,other,,2026-06-25,2,,0.1,0.845,0.85,0.005,1.0,won,2026-06-25,1.0,0.0176
91950065488766573708932496548470194753345637125257652496385867227542555589998,0x70de9477cf371879e4f7792efa3ca1b651978051da5b595eaf28c799043fe6c1,Curaçao vs. Côte d'Ivoire: O/U 2.5,other,,2026-06-25,2,,0.1,0.835,0.84,0.005,1.0,won,2026-06-25,1.0,0.019
43989461969701523553938178944013461049088050453506623070772144510770232513573,0x70de9477cf371879e4f7792efa3ca1b651978051da5b595eaf28c799043fe6c1,Curaçao vs. Côte d'Ivoire: O/U 2.5,other,,2026-06-25,2,,0.1,0.165,0.17,0.005,0.0,lost,2026-06-25,0.0,-0.1
35055812281614567167447329986068229013311163972057981024011021716658025278745,0x85959f9f1d190d2ca5545ed29ce442ea6a32895ac74f5bd4a72357a77b6bf4d4,Spread: Ecuador (-1.5),other,,2026-06-25,2,,0.1,0.057,0.059,0.002,0.0,lost,2026-06-25,0.0,-0.1
18812649149814341758733697580460697418474693998558159483117100240528657629879,0x0c4cd2055d6ea89354ffddc55d6dbcef9355748112ea952fc925f3db6a5c457f,Will Argentina win the 2026 FIFA World Cup?,sports,,2026-06-25,2,,0.1,0.1445,0.145,0.0005,0.1935,flipped,2026-06-30,,0.0334
101491499269793539765890729500440478078979559571972876836355209033272846559170,0xe1bd581c13be7103749ca1a64d21230ed6693a162fc057d81e3d1e9237fc81f8,Will Japan win on 2026-06-25?,other,,2026-06-25,2,,0.1,0.412,0.413,0.001,0.0,lost,2026-06-26,0.0,-0.1
106929013576622300718402895513457875547556389240247806666273814836599548721421,0xb8e6d129a06d0ccb21d7b32eb529ea455eddba3cf29bfa097112202cbdf5bf21,Strait of Hormuz traffic returns to normal by July 31?,other,,2026-06-25,2,,0.1,0.475,0.48,0.005,0.0005,flipped,2026-08-02,,-0.0999
23905785647225133250068955131316534532801742215919018709867564550696854194755,0x81cef42df3d25aecf0bf7e96c344202e86f447f2f3ba2e4b8eb59f4680efeb22,Will Türkiye win on 2026-06-25?,other,,2026-06-26,2,,0.1,0.175,0.18,0.005,1.0,won,2026-06-26,1.0,0.4556
17717597373323256775693811449260594817248168951449996960140191940378256217983,0x10312b76609d2993fa69f27b037075b461b2ff7983911ec34c01a8a2f5c4d345,Türkiye vs. United States: O/U 5.5,other,,2026-06-26,2,,0.1,0.655,0.66,0.005,1.0,won,2026-06-26,1.0,0.0515
78446213956623244937436196998053622507166694969601673053021357125863304081065,0x09620e07d807241bb41e5cf07d42dfd3e08943ee39e5c93ae3890e3b6164822e,Will France win on 2026-06-26?,other,,2026-06-26,3,,0.1,0.285,0.29,0.005,0.0,lost,2026-06-26,0.0,-0.1
67725404666433555568518066011245937746455974844800713635030484522525394449095,0x0061b1d4b49c44a05365d60389167968baf42f2b1ab99c3d8b80a8554980d9e8,Will Norway vs. France end in a draw?,other,,2026-06-26,2,,0.1,0.165,0.17,0.005,0.0,lost,2026-06-26,0.0,-0.1
51519876214140449660166550584440656906007152566889523395451234960389805633766,0x6c3c1eb9055cf4ff809b8d4f26a8ef56e11e17c184da687353927de474615746,Will New Zealand win on 2026-06-26?,other,,2026-06-26,2,,0.1,0.065,0.07,0.005,0.0,lost,2026-06-27,0.0,-0.1
21212784061998732060753310583727616688784929823373352237868078199791664491531,0xe322faca2a534900680db54e3a4349a61427d347b6f906d2eeb01f81ae1b082c,Will Spain win on 2026-06-26?,other,,2026-06-27,2,,0.1,0.735,0.74,0.005,1.0,won,2026-06-27,1.0,0.0351
23522010053796928314095406008924900761833610419543982088160250459540934114445,0x2cc359648ba6695498c169ceaa44c5444e0479102c453289c47ed9489e7f3e93,Will Croatia win on 2026-06-27?,other,,2026-06-27,2,,0.1,0.235,0.24,0.005,1.0,won,2026-06-27,1.0,0.3167
68070777304378139430687544062214220484608672764966913524984709588275869751804,0xb1f0a22e71aeeb464554acc78612de743236f45d254e931514b46c4bc60f3c07,Colombia vs. Portugal: O/U 0.5,other,,2026-06-28,2,,0.1,0.095,0.1,0.005,0.0,lost,2026-06-28,0.0,-0.1
68238163315667435120694805573568977252273759352712823951184501420027891362809,0x597e0e209cef883bb95c6905f07d8066c3ef35652087d3611c43b93f0ed237c2,Will Portugal win on 2026-06-27?,other,,2026-06-28,2,,0.1,0.0605,0.061,0.0005,0.0,lost,2026-06-28,0.0,-0.1
83119984683216359120344184710305511577201254872158004101959190182937261979933,0x8765cc2b3c75089a9c5de8d12d52274857a2e573a9726bc023faa2a046340fac,Will Colombia vs. Portugal end in a draw?,other,,2026-06-28,2,,0.1,0.115,0.12,0.005,0.0,lost,2026-06-28,0.0,-0.1
66645018399244327793816970436640892806720466803924622381310200425167561934656,0xfbcdae24669153e811b86329a4adb56689b590845b02fd0c16e7b1826c863034,Will Colombia win on 2026-06-27?,other,,2026-06-28,2,,0.1,0.055,0.06,0.005,0.0,lost,2026-06-28,0.0,-0.1
33557809100296424564300818310978858426585709523340015386246462600918081449864,0x1724602469147f55b70a28dbb596a2d7580eb0082b89aab07da8a36f10910669,Spread: Argentina (-2.5),other,,2026-06-28,2,,0.1,0.655,0.66,0.005,1.0,won,2026-06-28,1.0,0.0515
101870693068643777907933185168096005823100471428921617507976765091257562327892,0xca1f4760e175d71d1c7677dbc56a1856dc2cee6a4d8de8275a16dbca716afd24,Will Austria win on 2026-06-27?,other,,2026-06-28,2,,0.1,0.225,0.23,0.005,0.0,lost,2026-06-28,0.0,-0.1
27098759326802805837035589843502003554948098834593681379386326042943699238252,0x09fbaba76236671313e03c0dd341e24e8b16cb1fca7e04673a5c5d6fddc5c09e,Cincinnati Reds vs. Pittsburgh Pirates,other,,2026-06-28,2,,0.1,0.155,0.16,0.005,0.0,lost,2026-06-28,0.0,-0.1
106633786919613334293196562613681812074428028147959096199553887419565838568682,0x09fbaba76236671313e03c0dd341e24e8b16cb1fca7e04673a5c5d6fddc5c09e,Cincinnati Reds vs. Pittsburgh Pirates,other,,2026-06-28,2,,0.1,0.845,0.85,0.005,1.0,won,2026-06-28,1.0,0.0176
89061390591705493428902121311311284252745020608578311635752281866413002720744,0x688954ad8e279cc5febef6739d4f87acd3e42ca768ac6a8b621386a8578532ed,Will Canada win on 2026-06-28?,other,,2026-06-28,2,,0.1,0.425,0.43,0.005,1.0,won,2026-06-28,1.0,0.1326
93061090028342024181853733154322477305889399353290162610682565878775205726882,0x84466f679694048db91acf068a3c1757aa5c5e44e4409e97b32ee214f2a8940b,Will South Africa vs. Canada end in a draw?,other,,2026-06-28,2,,0.1,0.305,0.31,0.005,1.0,won,2026-06-28,1.0,0.2226
88168782492845289495931894123636898423732610611621478464750983403983457679764,0x84466f679694048db91acf068a3c1757aa5c5e44e4409e97b32ee214f2a8940b,Will South Africa vs. Canada end in a draw?,other,,2026-06-28,2,,0.1,0.695,0.7,0.005,0.0,lost,2026-06-28,0.0,-0.1
89451082379770995013679424679473366009449596250276620316464515660881048428209,0x76bb05cfbf31eb30dcc20b5ee6aef61f472a774d4a11818a82fc89e9ef2a691f,New York Yankees vs. Boston Red Sox,other,,2026-06-29,2,,0.1,0.875,0.88,0.005,1.0,won,2026-06-29,1.0,0.0136
55935183786009449883683540312350046975246300613283087403691731856990327029236,0x9be56371f6a29d12769b2f196847ee825b9585ebb8bfa042136be031b081eba1,Will Netherlands win the 2026 FIFA World Cup?,sports,,2026-06-29,2,,0.1,0.0505,0.051,0.0005,0.0,lost,2026-06-30,0.0,-0.1
10690996089167659853123172780749004202344767544403918562859733585160537173749,0xdc3c530b790e9477a068cb64c8d9a7222b91f164aa055176bd2b19abd299e820,Spread: Germany (-1.5),other,,2026-06-29,2,,0.1,0.465,0.47,0.005,0.0,lost,2026-06-29,0.0,-0.1
115428153746996892211798999366308897078723117634059783423375188043903703749062,0x0c4cd2055d6ea89354ffddc55d6dbcef9355748112ea952fc925f3db6a5c457f,Will Argentina win the 2026 FIFA World Cup?,sports,,2026-06-29,2,,0.1,0.7915,0.792,0.0005,0.8195,flipped,2026-07-02,,0.0035
89075579425844467185868633488322759623361856543369509366205030098390192743019,0xcacd424332319971356c757c025b45a4eb5643b919fb3bd2f84051afea599b13,Strait of Hormuz traffic returns to normal by July 15?,other,,2026-06-29,2,,0.1,0.175,0.18,0.005,0.0,lost,2026-07-21,0.0,-0.1
90502440664239087965498507777184197507061856965337671824102773481560492306629,0x36ba34011aba34897bb03ced4f88402065e9a7d01942da7f25ad2e7fb51842a6,Wimbledon ATP: Camilo Ugo Carabelli vs Daniel Merida Aguilar,sports,,2026-06-29,2,,0.1,0.745,0.75,0.005,1.0,won,2026-06-29,1.0,0.0333
78946768344205088052204236267785154687684569048254283316971313869674859911219,0xab943d038a27a8176fa7cac9ad704462bfb431dc94d2ed0ead3ba2dd3925754e,Wimbledon ATP: Adam Walton vs Dino Prizmic,sports,,2026-06-29,2,,0.1,0.625,0.63,0.005,0.0,lost,2026-06-29,0.0,-0.1
21310440680012269400521687773476016993515660642555933585105076820312920459196,0x56f271ae09f3bbd20aeffb0050cb00dacea9678f741f664b2707b3002ede6c94,Wimbledon ATP: Alejandro Davidovich Fokina vs Juan Manuel Cerundolo,sports,,2026-06-29,3,,0.1,0.085,0.09,0.005,0.0,lost,2026-06-29,0.0,-0.1
33181005293684153859599806430361956667241550213285712397883987165326132958045,0xf10f7673242e128c2ba34d43a62588273085a5374fff9b75b6c8dbd3903b0d55,Wimbledon ATP: Adolfo Vallejo vs Nicolas Mejia,sports,,2026-06-29,4,,0.1,0.33,0.34,0.01,0.0,lost,2026-06-29,0.0,-0.1
4901310754284380771148624164233941735494675023274060997983298608091456744272,0xf9b6b82f2d64af8b1af14ee9e89c1de0345c1c603f637f22032ff9e67792a2af,Brazil vs. Japan: O/U 2.5,other,,2026-06-29,2,,0.1,0.425,0.43,0.005,1.0,won,2026-06-29,1.0,0.1326
65306909568318383557627351421700434818321971308964563868136308322493466049308,0xf10f7673242e128c2ba34d43a62588273085a5374fff9b75b6c8dbd3903b0d55,Wimbledon ATP: Adolfo Vallejo vs Nicolas Mejia,sports,,2026-06-29,2,,0.1,0.67,0.68,0.01,1.0,won,2026-06-29,1.0,0.0471
18839419637263701931095804675130165564551337253517096250589471745306665621456,0x81a9bf420ad3960903ebba6bc8b4cbf5275c96b83063452e233a7ee618f6e948,Wimbledon ATP: Jesper de Jong vs Rinky Hijikata,sports,,2026-06-29,2,,0.1,0.16,0.17,0.01,1.0,won,2026-06-30,1.0,0.4882
53352605296076504514960822305391874274713015232478667809914076170845286274866,0x25d5844720781c259a6d9dc633f57dd80d9f4e91504788ccbda375b4df271569,Quito: Angel Veliz vs Daniel Nunez,other,,2026-06-29,2,,0.1,0.585,0.6,0.015,0.0,lost,2026-06-29,0.0,-0.1
99525805040938466968012647710124138858577938764917821999837499034824322004088,0x8ec1344d38fb55aa4adf043a3d81899bda2762b89bebec5769a81a50c3b9c25f,Will Netherlands win on 2026-06-29?,other,,2026-06-29,2,,0.1,0.595,0.6,0.005,1.0,won,2026-06-30,1.0,0.0667
17104315512786063347114787556698820839160761452536106559594754499941835734700,0xc297782d5fa2793fac4d8c5e9fde15e4afcb53412517e9091bdddb54c29de101,Netherlands vs. Morocco: Both Teams to Score,other,,2026-06-30,2,,0.1,0.535,0.54,0.005,0.0,lost,2026-06-30,0.0,-0.1
12302478637514717727876267413205813648816717319654477047874151542001596742510,0xf109a0e7478f4746ce0c8acaa1455893bc426b1c07028fa136562dac7f5203e4,Miami Marlins vs. Colorado Rockies,other,,2026-06-30,2,,0.1,0.525,0.53,0.005,0.0,lost,2026-06-30,0.0,-0.1
58166197194570785560067036078062058159456453622685641780878529858171039930039,0x1d57ae7d429a50e47843a712d7caf62e76b724310707faa892c1146c8e6a6742,Netherlands vs. Morocco: Team to Advance,politics,,2026-06-30,4,,0.1,0.505,0.51,0.005,1.0,won,2026-06-30,1.0,0.0961
19749751708081460508554694952096222040055914588494694335246357620432629309747,0x1d57ae7d429a50e47843a712d7caf62e76b724310707faa892c1146c8e6a6742,Netherlands vs. Morocco: Team to Advance,politics,,2026-06-30,2,,0.1,0.495,0.5,0.005,0.0,lost,2026-06-30,0.0,-0.1
71075692680635805762338224659931385429425196234977615850107878886623188860820,0xdf9b5fe5a7cac5e2c26cd36a08bb1456d61ba7e00c96868e57d38b5775c78ae9,Côte d'Ivoire vs. Norway: Team to Advance,politics,,2026-06-30,2,,0.1,0.365,0.37,0.005,0.0,lost,2026-06-30,0.0,-0.1
28438758497589694692042484943471612552717049239154358648706955616281793970949,0xc70225afd173c74f7e62671aa5153db6bf849e2330e76ab48c7750c8a67a2c41,Will Côte d'Ivoire win on 2026-06-30?,other,,2026-06-30,2,,0.1,0.895,0.9,0.005,1.0,won,2026-06-30,1.0,0.0111
5708608579873681013039722098843232674627679408633016477164832615663429202364,0x801789fd001f72517a0ae1be88b015b239b2ba5846ce73e5d11426d4e17d0514,Spread: France (-1.5),other,,2026-06-30,2,,0.1,0.525,0.53,0.005,1.0,won,2026-06-30,1.0,0.0887
110245164899602010210277970389621468243084512725901407479300635380209539722384,0x378f7b5c668014d9f6c42c305ec83902f3c8f6c770b336363aed0076ce6ce1c9,Will France win on 2026-06-30?,other,,2026-06-30,2,,0.1,0.145,0.15,0.005,0.0,lost,2026-06-30,0.0,-0.1
73329343053160338034260619902547079157069991349455972832735596288494340833041,0xb6e51a628cf76b0ac95833b8ed9b83294d2cee129ef55b1c5c9012dd931c8fc6,France vs. Sweden: O/U 3.5,other,,2026-06-30,2,,0.1,0.335,0.34,0.005,0.0,lost,2026-06-30,0.0,-0.1
90129201361825042637086474664156848507242457041958641106560334961267845369210,0xb6e51a628cf76b0ac95833b8ed9b83294d2cee129ef55b1c5c9012dd931c8fc6,France vs. Sweden: O/U 3.5,other,,2026-06-30,2,,0.1,0.665,0.67,0.005,1.0,won,2026-06-30,1.0,0.0493
35264357503026723259031234853984671435760886512985486076120117773587704589447,0x56a745b1fe61dd05263b1344951ede37bb9b9107163cda6cb531a9b3fcba6c2a,France vs. Sweden: O/U 4.5,other,,2026-06-30,2,,0.1,0.055,0.06,0.005,0.0,lost,2026-06-30,0.0,-0.1
114468314836265493179349149555121147219378704003010144698095755324094165081893,0x65f5760095b3b903c895b320765ccdd4074b72750458b09fde516f6254bcec67,Will Mexico win on 2026-06-30?,other,,2026-07-01,2,,0.1,0.405,0.41,0.005,1.0,won,2026-07-01,1.0,0.1439
112147185103898640732147327846230339350167167545447289307545904178212595666962,0x2b92ff7921ac9df284c06f414933c5b01e2ae2436367d3cf5d1619db5d977ec6,Los Angeles Angels vs. Seattle Mariners,other,,2026-07-01,2,,0.1,0.055,0.06,0.005,0.0,lost,2026-07-01,0.0,-0.1
99844197477575894549136795464345734188385244816345146892337372536690126937339,0x5c86bfa33b04fb90e1f222cc3e8582cc8332f39a4abf69431cdba8f6ffae24d3,Los Angeles Dodgers vs. Athletics: O/U 11.5,other,,2026-07-01,2,,0.1,0.47,0.51,0.04,0.0,lost,2026-07-01,0.0,-0.1
15620125723830252848006256394082724886044548389381549735577215729413551812444,0x4688cc8b1ad178095e5a7d63c05ce90bf7057037fe0ca36420cfd520355c284b,Games Total: O/U 3.5,other,,2026-07-01,2,,0.1,0.445,0.45,0.005,0.0,lost,2026-07-01,0.0,-0.1
98961695075782763672961244580189577131923759608189192028741964658567525378783,0xd6001841cf04b7eb669e22b552760b9716ed45d283cc69bf81c5d7b9bcf54bf2,Wimbledon ATP: Alex Molcan vs Daniel Altmaier,sports,,2026-07-01,2,,0.1,0.285,0.29,0.005,0.0,lost,2026-07-01,0.0,-0.1
101999935343209366627330724304274829221377481324953839478499656810475779239628,0x6e86fc1b3d5ebabc61316fa5543b7b88338cfafa76e38183aaf654b425fbd648,Spread: England (-1.5),other,,2026-07-01,2,,0.1,0.485,0.49,0.005,0.0,lost,2026-07-01,0.0,-0.1
41494783447233748463654551971764703798015084890312660671164004528463310681022,0x915c8ff5cc774e058416d26d65cee8a04858b0d22548f59b2dcb2766de5a8e50,Will England win on 2026-07-01?,other,,2026-07-01,2,,0.1,0.585,0.59,0.005,0.0,lost,2026-07-01,0.0,-0.1
69720115775052841901641625498034904993405939321208883889567585171348787024367,0xeec0dcea9df0643a868e9b152752473444ab03d9f6db1440ed66db8e76f93a14,Will England vs. DR Congo end in a draw?,other,,2026-07-01,3,,0.1,0.054,0.057,0.003,0.0,lost,2026-07-01,0.0,-0.1
84205756002005440351238360692996248372661832825933526238368316972029706553888,0x17a1210867363fba01633fb6d28a6f2f48d3daaac43d49c0acaa4352a8b9c264,England vs. DR Congo: O/U 3.5,other,,2026-07-01,2,,0.1,0.08,0.09,0.01,0.0,lost,2026-07-01,0.0,-0.1
14532148020727350959986694454265689616763845571437647246737392314294227055883,0x00de24efbe083e61da20587be324b35e842b51f330c4f5c55942bf8681cd0857,Will Aryna Sabalenka be the 2026 Women’s Wimbledon Winner?,sports,,2026-07-01,2,,0.1,0.26,0.27,0.01,0.0,lost,2026-07-05,0.0,-0.1
51550519425443949709378847779649788844021865732808641475643382400046061806350,0x9c183f63913cee589ec7a8d584fb7743a541f724edc047837c053c027bdf9074,Will Belgium win on 2026-07-01?,other,,2026-07-01,2,,0.1,0.515,0.52,0.005,0.0,lost,2026-07-01,0.0,-0.1
101186338300259647808521159297117949746868383615820554531962956488824987030486,0x1525f6e38aad87d60dca762113a3bc8bd48baa8563aca8489b12c79330d77a92,Will Senegal win on 2026-07-01?,other,,2026-07-01,2,,0.1,0.225,0.23,0.005,0.0,lost,2026-07-01,0.0,-0.1
58928083379586687546313037980189051468005007749671917254111043647303299821864,0xab186f403a2260444ccc536fce775670e1a851d8ceff6b7fff3f5f3d240ba412,Spread: United States (-1.5),other,,2026-07-01,3,,0.1,0.485,0.49,0.005,1.0,won,2026-07-02,1.0,0.1041
70824682745233812733106262191749410623586014635022911831484173101649880364164,0x4a0aa5a56b98476ffbab967ba0eb70d35794ad0f154fbce5b976d6053bb47808,Argentina vs. Cabo Verde: Team to Advance,politics,,2026-07-02,2,,0.1,0.095,0.1,0.005,0.0,lost,2026-07-04,0.0,-0.1
9387346820989009089251940551882634963223364393888777997382234078295590564246,0xbf19d17cc89d133123d96662c8fb9c2e08a380a32e806233bb8e0ccaaf7a2fdd,Spain vs. Austria: Team to Advance,politics,2026-07-02,2026-07-02,2,,0.1,0.8787,0.88,0.0013,1.0,won,2026-07-02,1.0,0.0136
61927677229094273385677864843343302720417820655350953465326381066694288675401,0xc7a09c23af3a6c6d1d4237ebf3bba90f599aa5a0c29b77c5ca5a3e6ef833b347,Spain vs. Austria: Both Teams to Score,other,2026-07-02,2026-07-02,2,,0.1,0.455,0.46,0.005,0.0,lost,2026-07-02,0.0,-0.1
60095758108465694459308572168907074257524985610871095592575520263269573454820,0x89f3660355b18cdd0684d129970fbcafbe253427af12a76cd806bc684f240f6a,Will Spain vs. Austria end in a draw?,other,2026-07-02,2026-07-02,2,,0.1,0.8962,0.8975,0.0012,1.0,won,2026-07-02,1.0,0.0114
29170572769756376522622831021117245976920346513210655196366935447139232773051,0xd1b44514a10d1041ecfeff34c4f96400a84a171e3c09944956fa936ec8049a58,Spread: Spain (-1.5),other,2026-07-02,2026-07-02,2,,0.1,0.615,0.6175,0.0025,1.0,won,2026-07-02,1.0,0.0619
110474601866909537724044216141585040787927916157559633438159999666255694855775,0xc5943cca27ce657f519619520b1664829b1209f9a5ef9266be7f2954be1b0260,Will Spain win on 2026-07-02?,other,2026-07-02,2026-07-02,2,,0.1,0.8812,0.8825,0.0012,1.0,won,2026-07-02,1.0,0.0133
76401283960595615390184184900688459220932027979297923774897873075255891504243,0x8ba7dc2b5682330a6064966b011f2a6dc6a95b4c6b8589157064f6331ab3e1cd,Will Novak Djokovic be the 2026 Men’s Wimbledon winner?,sports,2026-07-12,2026-07-02,2,,0.1,0.156,0.157,0.001,0.0,lost,2026-07-10,0.0,-0.1
105300101902444670024314531766229236783176275346588264475245645697082520508325,0x43bde2aa4a2067139451beb84649e5acaff989a3a0817fb1c592046c993d4168,Will Portugal win on 2026-07-02?,other,2026-07-02,2026-07-02,3,,0.1,0.5787,0.58,0.0012,1.0,won,2026-07-03,1.0,0.0724
7216924252254397393172583178610701050362566901628641624989721309958035485866,0x0ea55d012e501a500011f42067b140ee5dcb4c678c94401459962b3a841ac568,Will Portugal vs. Croatia end in a draw?,other,2026-07-02,2026-07-02,2,,0.1,0.7363,0.7375,0.0012,1.0,won,2026-07-03,1.0,0.0356
36533706584300857667029617554986527551244192111758453592898850406162026529582,0xd23b4810d916942c2c7b71d9f0f5e3248adc0e4017d8ffa5dd0b1fe721beb0f2,Will Croatia win on 2026-07-02?,other,2026-07-02,2026-07-02,2,,0.1,0.8613,0.8625,0.0012,1.0,won,2026-07-03,1.0,0.0159
28269103877018509853085648333831879355041636934344754627617129026392017000778,0x917aa2a97c0945edecd7b26b57d31e6d9c87c6e0b7d589c128c9216f345a6051,Portugal vs. Croatia: Team to Advance,politics,2026-07-02,2026-07-02,2,,0.1,0.2562,0.2575,0.0013,0.0,lost,2026-07-03,0.0,-0.1
76655388229834609277888648020345023678428310920722814543049025341480644906759,0xa964eb76543e3916540cc12c55ecb67cda57a46fa64bd5976fce9d3e2ed2c2c2,Portugal vs. Croatia: O/U 2.5,other,2026-07-02,2026-07-02,2,,0.1,0.3163,0.3175,0.0012,1.0,won,2026-07-03,1.0,0.215
92721821502542940780915538281373299918285061797154632260609607024941435476059,0xb559bb0e246dd6d0d5ba641d37499a69e1d51324076485e6aeb82f8b5f87227d,Spread: Portugal (-1.5),other,2026-07-02,2026-07-02,2,,0.1,0.2462,0.25,0.0038,0.0,lost,2026-07-03,0.0,-0.1
51119174525701806371550479635410149688193271356842779075353445408012707878262,0x0ea55d012e501a500011f42067b140ee5dcb4c678c94401459962b3a841ac568,Will Portugal vs. Croatia end in a draw?,other,2026-07-02,2026-07-03,2,,0.1,0.6562,0.675,0.0188,0.0,lost,2026-07-03,0.0,-0.1
45991481016965354157501531539419554108188246047629832483809032161570982442921,0x9d96267f5f0028505640aa54538227c6cbe8bc7a8b519ada32d3a6d5f2a33d27,Portugal vs. Croatia: O/U 3.5,other,2026-07-02,2026-07-03,2,,0.1,0.075,0.11,0.035,1.0,won,2026-07-03,1.0,0.8091
15021001402323300977558629101344261969119415738862630297821812126764240269303,0x917aa2a97c0945edecd7b26b57d31e6d9c87c6e0b7d589c128c9216f345a6051,Portugal vs. Croatia: Team to Advance,politics,2026-07-02,2026-07-03,2,,0.1,0.7788,0.78,0.0012,1.0,won,2026-07-03,1.0,0.0282
36793987766888699593820647443469563387793929831492612627107713011601013977487,0x43bde2aa4a2067139451beb84649e5acaff989a3a0817fb1c592046c993d4168,Will Portugal win on 2026-07-02?,other,2026-07-02,2026-07-03,2,,0.1,0.725,0.75,0.025,0.0,lost,2026-07-03,0.0,-0.1
56547095651364690723637523202901254978281882262069988263172165588505993952880,0x76c1eda0b4e4c7c0164389c74014e83ab29de3234749bfb22db5bc3bff34e593,Switzerland vs. Algeria: Team to Advance,politics,2026-07-03,2026-07-03,2,,0.1,0.6713,0.6725,0.0012,1.0,won,2026-07-03,1.0,0.0487
87420881416753183950847701965163525629817652213917429006273635360524465160861,0x498cd7fcb7d5209192cd31676f27413e0a3bdb8c8d8d228229cac24c0701fc27,Will Switzerland win on 2026-07-02?,other,2026-07-03,2026-07-03,2,,0.1,0.4888,0.49,0.0012,1.0,won,2026-07-03,1.0,0.1041
84037528096247589121932460644816367456733721388752689681145885530943661082375,0x71b9be2e4558d3581e1023a0e0568a7a49fcca8c7f1ba1d1ca73fa1deb05e76f,Will Australia vs. Egypt end in a draw?,other,2026-07-03,2026-07-03,2,,0.1,0.335,0.34,0.005,1.0,won,2026-07-03,1.0,0.1941
113533990988000405408509096131183010613197469076988825638338542686677401969065,0x9ad06dd68a4075ba2ac99fc138f7c1506f236851233b0ec79a130a348af19a82,Australia vs. Egypt: Team to Advance,politics,2026-07-03,2026-07-03,2,,0.1,0.605,0.61,0.005,1.0,won,2026-07-03,1.0,0.0639
86532936246759869909563954733130420453288003695560964566482181231108253829977,0xf3a4ebc0e59aadc6c37a49f7e50c34233925d15868fbdef7a83c4da274e1dfb3,Will Egypt win on 2026-07-03?,other,2026-07-03,2026-07-03,4,,0.1,0.665,0.67,0.005,0.0,lost,2026-07-03,0.0,-0.1
2504938542323302353949929822637848399484018393596177798978648575325444954906,0xdf1de031a4d4b5dbb19c8a1d295836c15dee54b5d01a224a7e28b652866d696c,Australia vs. Egypt: Both Teams to Score,other,2026-07-03,2026-07-03,2,,0.1,0.505,0.51,0.005,1.0,won,2026-07-03,1.0,0.0961
106148171596919935631806889016637733543934425578771785458420429149403991410824,0xad9e90bf3ccd05f9c3d4a25f49109d5f860225c26faec54b52edec93c4ba4e62,Brazil vs. Norway: Team to Advance,politics,2026-07-05,2026-07-03,2,,0.1,0.335,0.34,0.005,1.0,won,2026-07-05,1.0,0.1941
61709098160728983646269125279068112393288524850982696007233212272344822383746,0x136f301c34ff24ddfeb891b547fba64d6a0c8f12b594f2ccde6f81a00dc738ee,Australia vs. Egypt: 1st Half O/U 1.5,other,2026-07-03,2026-07-03,2,,0.1,0.115,0.12,0.005,0.0,lost,2026-07-03,0.0,-0.1
59538054497604757416284415587412173657486297594085684023521518985914622243769,0x83edde07b222f24d64b6afb1009c3982835294a3f349ae8c07c784b9ebfeeb93,Will Lewis Hamilton win the 2026 F1 British Grand Prix?,sports,2026-07-12,2026-07-03,2,,0.1,0.385,0.4,0.015,0.0,lost,2026-07-05,0.0,-0.1
102051736436656560797672629859737891705962543111476656351708851920203673046762,0xa947b7c696453a288460a8e12aae31b854ca02d0b87970ffc259cec8a9fffcd2,Will Morocco win on 2026-07-04?,other,2026-07-04,2026-07-03,2,,0.1,0.535,0.54,0.005,1.0,won,2026-07-04,1.0,0.0852
78286137886366231596890164196412777290635764561160847321498492066686049467212,0x9ad06dd68a4075ba2ac99fc138f7c1506f236851233b0ec79a130a348af19a82,Australia vs. Egypt: Team to Advance,politics,2026-07-03,2026-07-03,2,,0.1,0.485,0.49,0.005,0.0,lost,2026-07-03,0.0,-0.1
67596909630505748192273119086224135081859582478741941473155557882450542807607,0x4a0aa5a56b98476ffbab967ba0eb70d35794ad0f154fbce5b976d6053bb47808,Argentina vs. Cabo Verde: Team to Advance,politics,2026-07-03,2026-07-03,2,,0.1,0.8195,0.82,0.0005,1.0,won,2026-07-04,1.0,0.022
103755648069227849679061552717924845119883245114403050383748932200320499418116,0x08a73b776cb2196ad40d036466a72d22c7bd784014e7d8abdaec337185512d55,Argentina vs. Cabo Verde: O/U 2.5,other,2026-07-03,2026-07-03,2,,0.1,0.565,0.57,0.005,0.0,lost,2026-07-04,0.0,-0.1
43456878767945280970650160648663035360756131789534577706790459269909777535061,0xb81d9a63be774f9c3db1b96af4d0e869128643a29c6eb922c0d8a20137880120,Will Argentina win on 2026-07-03?,other,2026-07-03,2026-07-03,2,,0.1,0.495,0.5,0.005,0.0,lost,2026-07-04,0.0,-0.1
6965085377369893154950113188092980062181789590218347314196090952178756077518,0xc4a26ee77fc5777d5036854f3835bf7ce44b42a61e3c6325c22b444627757eca,Will Colombia win on 2026-07-03?,other,2026-07-04,2026-07-04,2,,0.1,0.145,0.15,0.005,0.0,lost,2026-07-04,0.0,-0.1
14764913015180913947968342613834076520024846083400325072206197450261366113906,0xfffb1f8d13c2180831f8dc8302324b85321bc3d74ad28432de109428759e3c9c,Colombia vs. Ghana: O/U 2.5,other,2026-07-04,2026-07-04,2,,0.1,0.555,0.56,0.005,0.0,lost,2026-07-04,0.0,-0.1
2291750774192576197344440913463596564881206145267152350886975296763990714853,0x94e50623d3cfdc1256e16ff372062d42c282bec8af620bb732a19fb4b0dce580,Mexico vs. England: Team to Advance,politics,2026-07-06,2026-07-04,2,,0.1,0.535,0.54,0.005,1.0,won,2026-07-06,1.0,0.0852
42188668576720861566047242491361406918800785996841855587021061155156808083019,0xac6dd0094fb0f6384507e950ff971e2a80b1bd4cd2b32b37a5a7b5dc888e1e59,LoL: Bilibili Gaming vs T1 (BO5) - Mid-Season Invitational Playoffs,sports,2026-07-04,2026-07-04,2,,0.1,0.435,0.44,0.005,1.0,won,2026-07-04,1.0,0.1273
59414915049288419532359404034432418106906202168568014765080322981196394520154,0x4d4b3d2f17f27b8916050c77e7eb7df61b4f3b5f0b7c7ebb7b4e3dd811d8201e,Wimbledon WTA: Amanda Anisimova vs Madison Keys,sports,2026-07-11,2026-07-04,2,,0.1,0.685,0.69,0.005,1.0,won,2026-07-04,1.0,0.0449
102160917682664539054010256622493974769159216846456075685208964292484286267403,0x962c33d297cb9720835b5e5579a3d9f8bb0e0c97429d59ee01c70bc073c18d7f,Will Canada vs. Morocco end in a draw?,other,2026-07-04,2026-07-04,2,,0.1,0.385,0.39,0.005,0.0,lost,2026-07-04,0.0,-0.1
47523359566599688529868130218766383548069667599339805725973075967987878581565,0x17b566faa4c085b49020ab355d4b81f01037634c6b17b15f455861f3cfb0ab55,Spread: France (-1.5),other,2026-07-04,2026-07-04,2,,0.1,0.5,0.51,0.01,0.0,lost,2026-07-04,0.0,-0.1
105654713241167797590254709131417748215287316658191010694033065067279349239377,0x2a0e8ce7c309ec8015c4c721dec574ff100b0512ef412a54bb733dc5bef740dc,Will Brazil win on 2026-07-05?,other,2026-07-05,2026-07-05,2,,0.1,0.545,0.55,0.005,0.0,lost,2026-07-05,0.0,-0.1
87687491419315518588429836819951381450220002073339102789515596192459398504364,0xf134b5d6d31ea59fe65cb22961ec1120e41a2451ef9311d6b750d6638a1c9322,Brazil vs. Norway: O/U 2.5,other,2026-07-05,2026-07-05,2,,0.1,0.565,0.57,0.005,1.0,won,2026-07-05,1.0,0.0754
97354152213735014139011986013760122167378688695797303173531572045601775113726,0xf134b5d6d31ea59fe65cb22961ec1120e41a2451ef9311d6b750d6638a1c9322,Brazil vs. Norway: O/U 2.5,other,2026-07-05,2026-07-05,2,,0.1,0.675,0.68,0.005,0.0,lost,2026-07-05,0.0,-0.1
53791259745705726030589240827060759250615158391415011769641887216926825684479,0x99f0c39e4235d840bd25d2c229b2cda57cc087b6b8c2780f804fffeed0d0c628,Will England win on 2026-07-05?,other,2026-07-06,2026-07-05,2,,0.1,0.375,0.38,0.005,1.0,won,2026-07-06,1.0,0.1632
47781058181182853060707223197080811416874535862062142361734380655643417389630,0x3c995fa852613961df5b34fc1b2d14eb6850145f5d28d349d1622f4ed8cd84ca,Portugal vs. Spain: Team to Advance,politics,2026-07-06,2026-07-06,2,,0.1,0.385,0.39,0.005,0.0,lost,2026-07-06,0.0,-0.1
11745025487860354192477619864860033897693166596776539464949586482060440785986,0xa2fbf26da58b976e1eb5afbbf1b1b73d4643ec03e7dacb467404d9ff5869b0b5,Wimbledon ATP: Jiri Lehecka vs Alexander Zverev,sports,2026-07-13,2026-07-06,2,,0.1,0.815,0.82,0.005,1.0,won,2026-07-07,1.0,0.022
74628546358621583004890909624889214462098313959409034738825458633235725143845,0x30d3462f2447a70222adcac5c4401135ac5cdc3509c98ef0640138f49f2a9cb7,Exact Score: Portugal 1 - 1 Spain?,other,2026-07-06,2026-07-06,2,,0.1,0.07,0.089,0.019,0.0,lost,2026-07-06,0.0,-0.1
39213684548901066937591254517097057808881530423341112968547596122921810511702,0x83d646ac5646bf847f2dc0ce9c18c4d8909bbb7b050b31075afb9b67d3802b33,United States vs. Belgium: Team to Advance,politics,2026-07-07,2026-07-06,2,,0.1,0.535,0.54,0.005,0.0,lost,2026-07-07,0.0,-0.1
90379632725832148117828959910559970163920103735864050457319074142102846066573,0x83d646ac5646bf847f2dc0ce9c18c4d8909bbb7b050b31075afb9b67d3802b33,United States vs. Belgium: Team to Advance,politics,2026-07-07,2026-07-07,3,,0.1,0.765,0.77,0.005,1.0,won,2026-07-07,1.0,0.0299
87390712702935875353084647255226721799646621048501318482801979643152933271064,0xa7b5b123f9fd38f83fbe19773a5d04e38208b370ca66be27b9688155e7b5c60a,Will Argentina win on 2026-07-07?,other,2026-07-07,2026-07-07,2,,0.1,0.395,0.4,0.005,1.0,won,2026-07-07,1.0,0.15
65153945878003754040337604701661751644439825992768932338975436339166807792069,0x7f481c96a3bf0d8292a2515e3dd0e709e5bdd240189b81fc98f8003480b4eb14,Argentina vs. Egypt: Team to Advance,politics,2026-07-07,2026-07-07,2,,0.1,0.365,0.37,0.005,0.0,lost,2026-07-07,0.0,-0.1
83177786221987399266027702528594386022641819645587568014461911704819388964343,0x4df0608dd27fe2a79cf6ad387b9f0e4ba1df864d8abf275c01273c297ea94942,Argentina vs. Egypt: O/U 2.5,other,2026-07-07,2026-07-07,2,,0.1,0.465,0.47,0.005,0.0,lost,2026-07-07,0.0,-0.1
72273965743195513601095648483797897394949144487270051776341140940023990397513,0x71cf19220d20cbad74d50c08f51995fc8aa7f93455878bffbbec739d1d63cee6,Wimbledon ATP: Felix Auger-Aliassime vs Novak Djokovic,sports,2026-07-14,2026-07-07,2,,0.1,0.535,0.54,0.005,0.0,lost,2026-07-07,0.0,-0.1
64593944346848778245789712692688533311339927421171538909039643128610895892365,0x6d621f9a6690d234786025521c650f3f65738e0f877ff776c8f50275a2b3aee7,Switzerland vs. Colombia: Team to Advance,politics,2026-07-07,2026-07-07,2,,0.1,0.405,0.41,0.005,1.0,won,2026-07-07,1.0,0.1439
49873799164796771869657972052132938365146814465619211100058162508347908684077,0x71cf19220d20cbad74d50c08f51995fc8aa7f93455878bffbbec739d1d63cee6,Wimbledon ATP: Felix Auger-Aliassime vs Novak Djokovic,sports,2026-07-14,2026-07-07,2,,0.1,0.705,0.71,0.005,1.0,won,2026-07-07,1.0,0.0408
43403511484487260199353011955966691622823156163406003831643155601659693308147,0x6d621f9a6690d234786025521c650f3f65738e0f877ff776c8f50275a2b3aee7,Switzerland vs. Colombia: Team to Advance,politics,2026-07-07,2026-07-07,2,,0.1,0.585,0.59,0.005,0.0,lost,2026-07-07,0.0,-0.1
10547381015916960267379463101229159185405356924982461726471550099674011526491,0xb5c0abeecb5502e6e8d83155c27819174d8317af3c425c3afc5a8c45257a3793,Will the Fed increase interest rates by 25 bps after the July 2026 meeting?,macro,2026-07-29,2026-07-08,2,,0.1,0.1955,0.196,0.0005,0.2255,flipped,2026-07-13,,0.0151
36015050921127306245266044699797268780268172446856063291868548314968920497494,0x8bf1c1536ecb1c08fe13c6b71e8ab1f58bf3461c4cb79f5f1679f869a06aef86,Will there be no change in Fed interest rates after the July 2026 meeting?,macro,2026-07-29,2026-07-08,2,,0.1,0.215,0.22,0.005,0.355,flipped,2026-07-14,,0.0614
77182240731271426840458461483661918228246646763805233273034766024334059552030,0x114792a4173044b81a8235bcdf6b8483c5e4c5efbebd98f687f9863340b300ce,LoL: G2 Esports vs T1 (BO5) - Mid-Season Invitational Playoffs,sports,2026-07-08,2026-07-08,2,,0.1,0.685,0.69,0.005,0.0,lost,2026-07-08,0.0,-0.1
96787259027531267795801606254597178859511283382342814044479156985825017103548,0xf7266d7d2dafb8632bb8531f6c47320a81ae547581895b8086fdcdf20e51a153,Wimbledon ATP: Flavio Cobolli vs Arthur Fery,sports,2026-07-15,2026-07-08,2,,0.1,0.795,0.8,0.005,1.0,won,2026-07-08,1.0,0.025
9960730538953424872395269226492042217076986411134502781457275538702381849893,0x2037b257e602784d35e800c8c7880f56331791e03aaacae5864d8a78db303948,France vs. Morocco: O/U 2.5,other,2026-07-09,2026-07-09,2,0x580d9dcca035b1de4155be73c1804aef74ebeb6d|0xa6d188fb70c2e2e9ad411c42c02379ed3020286a,0.1,0.4862,0.4875,0.0013,0.0,lost,2026-07-09,0.0,-0.1
55993382354522247244736755456886840388434039414908811949030153218725954940992,0x1cbfc85edce5c2ac987214953c73d072fca766c05fe1e6cabaf920da5bf040e1,Spread: France (-1.5),other,2026-07-09,2026-07-09,2,0x580d9dcca035b1de4155be73c1804aef74ebeb6d|0x9b89ef1f344d3e17b37ccdff3bccf62d04f04244,0.1,0.6412,0.6425,0.0012,0.0,lost,2026-07-09,0.0,-0.1
59376244379747988336832016917908236721650516433890704080422157946407884434153,0xc09537a0976d0927901432859fbb6dfe5d23d1d69bb4e8355253e7b142a44e83,Will France win on 2026-07-09?,other,2026-07-09,2026-07-09,3,0x9854aeab8b073c34ab7643f3e8aa316f3b616bf2|0x9b89ef1f344d3e17b37ccdff3bccf62d04f04244|0xa6d188fb70c2e2e9ad411c42c02379ed3020286a,0.1,0.5988,0.6,0.0012,1.0,won,2026-07-09,1.0,0.0667
95118920385156058665473896787082372867087635338444324569215689852553013269223,0x8586f76f1f694c182c7e794570d70c1a470b9b9c7a606b3506af53cfc2d59ee8,Seattle Mariners vs. Miami Marlins,other,2026-07-16,2026-07-09,2,0x6d20c35f65d9899b6d6b74f8466e824580f9a165|0xf1528f12e645462c344799b62b1b421a6a4c64aa,0.1,0.315,0.32,0.005,0.0,lost,2026-07-10,0.0,-0.1
75848210276979954337354349909329862141109563590210566057575338891512846216329,0xa38f0aba5b78cfc9894826c431dc6c8b16e1dff8bb1f4ff3b9ab51d35e12cd55,Will NVIDIA be the largest company in the world by market cap on July 31?,other,2026-07-31,2026-07-10,2,0x511f9c771449162349795d17becf8b37031acbe1|0x714a685b5454ea4d52979563bbafa77b8168ab2f,0.1,0.095,0.1,0.005,0.805,flipped,2026-07-28,,0.705
42567970774672115592230412444593722751685965853919864490408069073277991671107,0x744df2cb98d5dd869623f254c6bdfb167c9caf1e5dd16732106cb61b2d4bc577,Spread: Spain (-1.5),other,2026-07-10,2026-07-10,3,0x361b16e3ddfe1d415d41008daac2631d94ab74fe|0x412fe1a101554f0b382181c3af932e4b2d8030fa|0x580d9dcca035b1de4155be73c1804aef74ebeb6d,0.1,0.2475,0.25,0.0025,0.0,lost,2026-07-10,0.0,-0.1
8759155043508070881795226684961536130748810475888407672760886422621137505167,0x21e4b9c78709570a2d0c61c9b12111f73a3c10d10cb682dd8a82dbc2a1ffb230,Spain vs. Belgium: O/U 3.5,other,2026-07-10,2026-07-10,2,0x361b16e3ddfe1d415d41008daac2631d94ab74fe|0x412fe1a101554f0b382181c3af932e4b2d8030fa,0.1,0.5337,0.535,0.0013,0.0,lost,2026-07-10,0.0,-0.1
47936276120903251199126315922259144994505161826215684661340037466794888539391,0x7ab06490356e2c292f36cbca36b71cfbd75b1620a655fb3fc2699a9683894a3f,Spain vs. Belgium: O/U 4.5,other,2026-07-10,2026-07-10,2,0x361b16e3ddfe1d415d41008daac2631d94ab74fe|0x412fe1a101554f0b382181c3af932e4b2d8030fa,0.1,0.2387,0.24,0.0013,0.0,lost,2026-07-10,0.0,-0.1
18102967836083853383923128006784795292689419464442202730310194064041591178640,0x87c9134e18d318a68a48326b8d7492efd08efc2324e5b4414f6bfa512b88b115,Spain vs. Belgium: O/U 2.5,other,2026-07-10,2026-07-10,2,0x361b16e3ddfe1d415d41008daac2631d94ab74fe|0x580d9dcca035b1de4155be73c1804aef74ebeb6d,0.1,0.3875,0.39,0.0025,1.0,won,2026-07-10,1.0,0.1564
73129510219209561015463724165850635265934279194086547018477904376627982623507,0x7e6a99d23ee6beff337091fc92ecac6f2d8810aa899eb70b7488b72d5abbb052,Spain vs. Belgium: Team to Advance,politics,2026-07-10,2026-07-10,2,0x580d9dcca035b1de4155be73c1804aef74ebeb6d|0x6d20c35f65d9899b6d6b74f8466e824580f9a165,0.1,0.6887,0.69,0.0012,1.0,won,2026-07-10,1.0,0.0449
6699357588293973185016868913194879282426435526644827833401917776680733754936,0xbb5243e8e12a186025c0f27597a8c4808a206379f1f9762d4072718644dc9fa3,LoL: Hanwha Life Esports vs LYON (BO5) - Mid-Season Invitational Playoffs,sports,2026-07-11,2026-07-11,2,0x9cb990f1862568a63d8601efeebe0304225c32f2|0xd19029fcd8aa726e6472842e6bb63f641d7738f9,0.1,0.315,0.32,0.005,0.0,lost,2026-07-11,0.0,-0.1
110171872743514394309714418229905836805241442692982497467824414145345861223571,0x019db3b4c51d975ab3ebbffcbeb96df45586ef82832a309b32956a84682710cf,Spread: Norway (-1.5),other,2026-07-11,2026-07-11,2,0x2117ae94a97d69b78cbc81b6680a62deb1955c26|0xfbf3d501e88815464642d0e913f15379c3eeb218,0.1,0.0912,0.0925,0.0013,0.0,lost,2026-07-12,0.0,-0.1
6877591429295187381204977907984243539104174752734709721435561210590152772541,0xb86425238a6bb2abbea65a4730da96a877bb8f1c18e5579271f5bd08fcd7fdff,Wimbledon WTA: Karolina Muchova vs Linda Noskova,sports,2026-07-18,2026-07-11,2,0x5dab5ed9691fab220535891d9c7f5c28eed322e1|0x9cb990f1862568a63d8601efeebe0304225c32f2,0.1,0.715,0.72,0.005,1.0,won,2026-07-11,1.0,0.0389
5248636361245905070296995648418847837867415261685374894522766385951464601031,0xccc07a8317079457585bc88e387b58d2bb94576ee2c9cea63b2f2adb7ed1a836,Norway vs. England: Team to Advance,politics,2026-07-11,2026-07-11,2,0x412fe1a101554f0b382181c3af932e4b2d8030fa|0x6d20c35f65d9899b6d6b74f8466e824580f9a165,0.1,0.3213,0.3225,0.0012,0.0,lost,2026-07-12,0.0,-0.1
866370305411260885620344443432925550941005016614412438009174244566837236043,0x0f5e01cf1cabb6c49e424f230ca77a2ccd3e1ac63b31ae03ef749ac2bde7fa0e,Will England win on 2026-07-11?,other,2026-07-11,2026-07-11,2,0x9b89ef1f344d3e17b37ccdff3bccf62d04f04244|0xc29e1cef4256f423e5a3e713d886bd25f98da2ca,0.1,0.5162,0.5175,0.0012,0.0,lost,2026-07-12,0.0,-0.1
92257806716939740851168826657694343452956250642547792490307491291679457928887,0x0891e4792a016a079765dd25029639cd731f7dc0bde3d65d6002b2b19dae2777,Argentina vs. Switzerland: Team to Advance,politics,2026-07-12,2026-07-12,2,0x6d20c35f65d9899b6d6b74f8466e824580f9a165|0x9cb990f1862568a63d8601efeebe0304225c32f2,0.1,0.2462,0.2475,0.0013,0.0,lost,2026-07-12,0.0,-0.1
26218726019311053184755697987866017884925318332399265731080389538226679668554,0x0891e4792a016a079765dd25029639cd731f7dc0bde3d65d6002b2b19dae2777,Argentina vs. Switzerland: Team to Advance,politics,2026-07-12,2026-07-12,2,0x45c3488fd5f78adb7cc59f3f87988e2bcbb859bf|0x9b89ef1f344d3e17b37ccdff3bccf62d04f04244,0.1,0.8887,0.89,0.0013,1.0,won,2026-07-12,1.0,0.0124
30124787587075819553203859575105579684638506840320297555818470463103104710088,0x65c7a8e083ec611beb70c04fd405532f0822b5b009be4a0a6bb5b156c0c6042d,LoL: Bilibili Gaming vs Hanwha Life Esports - Game 1 Winner,other,2026-07-12,2026-07-12,2,0x9468bb7e53c8a5f13cc283f2aed950ebf9865d4b|0x9cb990f1862568a63d8601efeebe0304225c32f2,0.1,0.145,0.15,0.005,0.0,lost,2026-07-12,0.0,-0.1
11136519494712022976764044225367902156688884544497870522015602622698913523968,0xb96585ac41b808bac0bcfa00f39a92990c64dc413804368c7191ad4e1cd299a5,Wimbledon ATP: Jannik Sinner vs Alexander Zverev,sports,2026-07-19,2026-07-12,2,0x9cb990f1862568a63d8601efeebe0304225c32f2|0xc430e5b17128df7ce78d69fa28bc7de038641ebf,0.1,0.235,0.24,0.005,0.0,lost,2026-07-12,0.0,-0.1
87323996223558728935115089716752259054763868856001752886918983681153785909279,0xe3a20caed4d81a0d90aa0cbd95f438948a39701cf5beb2811b659155f140a90e,Indiana Fever vs. Las Vegas Aces,other,2026-07-13,2026-07-13,3,0x42a1b2b43134d83f6ec639de4c2b40aa2a36a8e9|0x8a80528dce46711a54aa3455c2cc81dea51e11c5|0xff80bb23621f03fc6300808730316c78abe09b4d,0.1,0.715,0.72,0.005,1.0,won,2026-07-13,1.0,0.0389
111604417349377875799825956621596386269673370070912696668140891647145772186047,0x8bf1c1536ecb1c08fe13c6b71e8ab1f58bf3461c4cb79f5f1679f869a06aef86,Will there be no change in Fed interest rates after the July 2026 meeting?,macro,2026-07-29,2026-07-13,2,0x7b02b2bac2a30ed5e40b7094e734f4c3dc2a4991|0xc8ab97a9089a9ff7e6ef0688e6e591a066946418,0.1,0.765,0.77,0.005,0.935,flipped,2026-07-14,,0.0214
19109129512770613740662211061431149022288773924837216776179853093658387679790,0xbd94d5129ec4474c248316f689560f459f95f15cb2dff5cd74a8bd5d8312c440,Indiana Fever vs. Las Vegas Aces: O/U 181.5,other,2026-07-13,2026-07-13,2,0x42a1b2b43134d83f6ec639de4c2b40aa2a36a8e9|0x8a80528dce46711a54aa3455c2cc81dea51e11c5,0.1,0.11,0.15,0.04,0.0,lost,2026-07-13,0.0,-0.1
73646753318335919063316802695308563110118709299559968794937974633863970916300,0xe3a20caed4d81a0d90aa0cbd95f438948a39701cf5beb2811b659155f140a90e,Indiana Fever vs. Las Vegas Aces,other,2026-07-13,2026-07-13,2,0x42a1b2b43134d83f6ec639de4c2b40aa2a36a8e9|0x8a80528dce46711a54aa3455c2cc81dea51e11c5,0.1,0.285,0.29,0.005,0.0,lost,2026-07-13,0.0,-0.1
41486794819363168411411095188751025006237502540470986049790144619839031614348,0x56b3fc74a3edc527ff57670849878268083dd8851f51f09d90c5cc109417d4f7,Spread: Las Vegas Aces (-4.5),other,2026-07-13,2026-07-13,2,0x42a1b2b43134d83f6ec639de4c2b40aa2a36a8e9|0x8a80528dce46711a54aa3455c2cc81dea51e11c5,0.1,0.19,0.23,0.04,0.0,lost,2026-07-13,0.0,-0.1
98981952155261480732735822794192500143670080177404146121207050125304980392701,0xbd94d5129ec4474c248316f689560f459f95f15cb2dff5cd74a8bd5d8312c440,Indiana Fever vs. Las Vegas Aces: O/U 181.5,other,2026-07-13,2026-07-13,2,0x42a1b2b43134d83f6ec639de4c2b40aa2a36a8e9|0x8a80528dce46711a54aa3455c2cc81dea51e11c5,0.1,0.89,0.93,0.04,1.0,won,2026-07-13,1.0,0.0075
64656214496276612622396448400089333509707019484021021256911600553524518177301,0xce91b499a719d5ecf858b030288d21286cd6ee86ee65377a17e07029d3a59bba,NBA Summer League: Utah Jazz vs. LA Clippers,sports,2026-07-13,2026-07-13,2,0x6d20c35f65d9899b6d6b74f8466e824580f9a165|0xff80bb23621f03fc6300808730316c78abe09b4d,0.1,0.07,0.08,0.01,0.0,lost,2026-07-13,0.0,-0.1
10222646434785930729270432914646282814690567121763865370487081241993787794954,0xc9c9790c8f26dd9c8cabae9dd76be37aa86a6ded7de660e1da9d19324cf618d4,"Will Bitcoin reach $65,000 in July?",crypto,2026-08-01,2026-07-13,2,0x027e587a1086809d1a00f22216bef6a808f1c97f|0xd76930596edbb8c784dcc48f52140875bcd4f90c,0.1,0.375,0.38,0.005,0.0,lost,2026-07-14,0.0,-0.1
111980777182041914049532090212067582045951372497433914372279961101755150794640,0xe498447cc887be42044835ac88ece14c34a158a3e6f5e1be07a89629d7100b61,"Will Bitcoin dip to $52,500 in July?",crypto,2026-08-01,2026-07-13,2,0x027e587a1086809d1a00f22216bef6a808f1c97f|0xd76930596edbb8c784dcc48f52140875bcd4f90c,0.1,0.085,0.09,0.005,0.0,lost,2026-08-01,0.0,-0.1
92816915429998265485709440266340158621084369220656661191529847288128743404723,0xe284a52d608552290b056def0a62e1914b3ebe316407504f56f6361fafc68358,"Will Bitcoin reach $70,000 in July?",crypto,2026-08-01,2026-07-13,2,0x027e587a1086809d1a00f22216bef6a808f1c97f|0xd76930596edbb8c784dcc48f52140875bcd4f90c,0.1,0.855,0.86,0.005,1.0,won,2026-08-01,1.0,0.0163
22322458153537436035969256266907664391697007152860300506602809069522585578342,0x12aa595f4883b1a856dcf8155b87e89a8d098b5ad8a7781c75804fd13d166718,Israel closes its airspace by August 31?,geopolitics,2026-07-15,2026-07-13,2,0x93fb8127a1b21a112b11af936361225df0563e4a|0x9592adb70397e9de67ba9abe6971e3f50fb7a7b8,0.1,0.305,0.31,0.005,0.0,lost,2026-09-01,0.0,-0.1
83949391398129766321449386019175318571490128024347049307900487790711865604735,0xb12f5e328a7d9f7a26e0a074625ea775025104e673c776d575dab422a472ef59,Israel closes its airspace by July 31?,geopolitics,2026-07-31,2026-07-13,2,0x93fb8127a1b21a112b11af936361225df0563e4a|0x9592adb70397e9de67ba9abe6971e3f50fb7a7b8,0.1,0.195,0.2,0.005,0.01,flipped,2026-08-01,,-0.095
6077633070230470776652108532581280898684441958087418509077540637819937906663,0x636f780f794635820e8cafe81924ef2dd67622fc01b6b2e5e64e9cc99593a005,Will Iran announce withdrawal from MOU negotiations by July 31?,geopolitics,2026-07-31,2026-07-13,2,0x93fb8127a1b21a112b11af936361225df0563e4a|0x9592adb70397e9de67ba9abe6971e3f50fb7a7b8,0.1,0.315,0.32,0.005,0.0,lost,2026-08-01,0.0,-0.1
75028752776148090296091099469912621384650554615761384992997579209329182670110,0x80b3af88cb991980e8da1ce86b9794a0957f96ec98c29319dd7ba65e9744d82b,Fed rate hike in 2026?,macro,2026-12-09,2026-07-14,2,0x714a685b5454ea4d52979563bbafa77b8168ab2f|0xe033e9d4a0e8b30c417f3f7abcb029bc695940a5,0.1,0.715,0.72,0.005,0.645,flipped,2026-08-04,,-0.0104
112548421964662546558474258688565408276000153279440324883721010878524791926004,0xecba7b1db1c698ab73b3572abfcde327a02b5112676144e049edcc1e1e0f5b0b,France vs. Spain: Team to Advance,politics,2026-07-14,2026-07-14,2,0x9b89ef1f344d3e17b37ccdff3bccf62d04f04244|0xfea31bc088000ff909be1dfd8d0e3f2c7ef2d227,0.1,0.3588,0.36,0.0012,0.0,lost,2026-07-14,0.0,-0.1
4394372887385518214471608448209527405727552777602031099972143344338178308080,0x7976b8dbacf9077eb1453a62bcefd6ab2df199acd28aad276ff0d920d6992892,Will Spain win the 2026 FIFA World Cup?,sports,2026-07-20,2026-07-14,3,0x3f6e93d1e2c2846a357276e29e7e9147e29c18d9|0x60c1f86859f2724effffffd4cae4bb0259190438|0xfea31bc088000ff909be1dfd8d0e3f2c7ef2d227,0.1,0.543,0.545,0.002,0.5905,flipped,2026-07-19,,0.0083
91458181621883013940102695027177858694251312846866974959991144943457909539098,0x776956c5185fb6e9115e4a52fb0a8386172cae91d6812b447795fb171f478a69,England vs. Argentina: Team to Advance,politics,2026-07-15,2026-07-15,2,0x1b47e9b128e6b671edebfb2cac23dd3efc40d814|0xc8ec6d4cef5c5fe8409ef69303c37f05b678e8f1,0.1,0.5388,0.54,0.0012,0.0,lost,2026-07-15,0.0,-0.1
21100333839007645025394718381927656685104808547086827793277009445033323188735,0xf5bc8db22aa41f0d3f8a1064e63d6c990301187dad76e246fa13009a2934ef5a,England vs. Argentina: Both Teams to Score,other,2026-07-15,2026-07-15,2,0x1b47e9b128e6b671edebfb2cac23dd3efc40d814|0x9b89ef1f344d3e17b37ccdff3bccf62d04f04244,0.1,0.695,0.7,0.005,0.0,lost,2026-07-15,0.0,-0.1
85114811880071364109901579684216057234728758303760246661139812198099702976200,0xf9fba5c69db2d6ed43112bc93dda07388e3cca1cd18d576f9de4fc0511acc201,Spread: England (-1.5),other,2026-07-15,2026-07-15,2,0x9b89ef1f344d3e17b37ccdff3bccf62d04f04244|0xfea31bc088000ff909be1dfd8d0e3f2c7ef2d227,0.1,0.8475,0.8525,0.005,1.0,won,2026-07-15,1.0,0.0173
26480993337079434490856133942482101351393348205667335284619584625389515346213,0xdf13369a5e77705a1d62214dde4617929c5875f6c52b62177ccb2ea27488b18f,Will England vs. Argentina end in a draw?,other,2026-07-15,2026-07-15,2,0x9b89ef1f344d3e17b37ccdff3bccf62d04f04244|0xcd30f4698c6f5f3829893e68e183a8e5ea18f316,0.1,0.2837,0.285,0.0013,0.0,lost,2026-07-15,0.0,-0.1
5823805802875099304203116182652199693089526522530469365767529374822548212673,0x5f0f80c1d904c0348409832375a6d36580f9a552295ae3dba2595adfcea84a97,Will Apple be the largest company in the world by market cap on July 31?,other,2026-07-31,2026-07-18,2,0x714a685b5454ea4d52979563bbafa77b8168ab2f|0xf0ca28d5b0141f0a8e7b251dea80fd881cb166ed,0.1,0.441,0.442,0.001,0.191,flipped,2026-07-31,,-0.0568
4069284334894324826761607862987368453046427530618951026436277623465734888722,0xf7ecedc748ce2fb34ece2c65d306e04376d74ed7d6be8b075a64033e1c2b6af1,Will Cook Islands Party win the most seats in the 2026 Cook Islands parliamentary elections?,politics,2026-08-12,2026-07-20,2,0x1f9e15f39bbd5d163b0eacf0fbef647ced9e4f1a|0xc8ab97a9089a9ff7e6ef0688e6e591a066946418,0.1,0.865,0.87,0.005,0.86,flipped,2026-07-20,,-0.0011
25288943624900018153073262910931703826466289111262068975768217145072881791963,0xe1a717cca1d898e96a2216d4b3c4a4820779896928addfdab74dd861648a6382,Will Helen Zille be the next mayor of Johannesburg?,politics,2026-11-05,2026-07-20,2,0x1f9e15f39bbd5d163b0eacf0fbef647ced9e4f1a|0xc8ab97a9089a9ff7e6ef0688e6e591a066946418,0.1,0.43,0.44,0.01,0.61,flipped,2026-09-10,,0.0386
8310650677069487821478025416478130051168635736368290554555541536659374960027,0x31327c6fbdc70a44d97f8e8973f536b6a748e01b4c0ca5549ed0910c703b1d7b,Bab el-Mandeb Strait effectively closed by August 31?,other,2026-08-31,2026-07-20,2,0x96489abcb9f583d6835c8ef95ffc923d05a86825|0xc8ab97a9089a9ff7e6ef0688e6e591a066946418,0.1,0.805,0.81,0.005,0.9595,flipped,2026-08-08,,0.0185
42861789579440942813760393734814713126398732791906092554265826118142061749306,0x12aa595f4883b1a856dcf8155b87e89a8d098b5ad8a7781c75804fd13d166718,Israel closes its airspace by August 31?,geopolitics,2026-07-15,2026-07-20,2,0x2974bd0059e48f215c391882976e0f1b4c8c9c23|0x96489abcb9f583d6835c8ef95ffc923d05a86825,0.1,0.6,0.61,0.01,0.977,flipped,2026-08-24,,0.0602
96809463666459018224433650076500417304194194795471399999163873367467611836213,0x3477b553bbcb1c9f4a30555445ed39df1556535a577ac893403042f4e57b14a1,Will Silver (XAGUSD) hit (LOW) $50 in July?,other,2026-08-01,2026-07-20,2,0xc8ab97a9089a9ff7e6ef0688e6e591a066946418|0xc97b0b2a2547bb3ed57167092ef8a6e816c347e5,0.1,0.88,0.9,0.02,0.9,flipped,2026-07-20,,0.0
1910830010387565971650098373488592514702818137344973088263643820608151819241,0x5db999fad322cea2914535aae5517060c3f80ad6d8c0231cde2124a434d16846,Will the U.S. invade Iran before 2027?,geopolitics,2026-12-31,2026-07-20,3,0x6139c42e48cf190e67a0a85d492413b499336b7a|0x96489abcb9f583d6835c8ef95ffc923d05a86825|0xbaa2bcb5439e985ce4ccf815b4700027d1b92c73,0.1,0.695,0.7,0.005,0.745,flipped,2026-07-21,,0.0064
105426373826369935595603860663411604941599130211176020843036778867927711117332,0x60c2c085ee8c16bc8f2419739a94971d4c9d00f637ead10fc0f540afa1be64e8,Strait of Hormuz traffic returns to normal by August 31?,other,2026-08-31,2026-07-20,2,0x6139c42e48cf190e67a0a85d492413b499336b7a|0x96489abcb9f583d6835c8ef95ffc923d05a86825,0.1,0.135,0.14,0.005,0.185,flipped,2026-08-04,,0.0321
28124160639561291369865852757900361591346814138837883756455228145975719395425,0xb818eb1084fdbc85161dda72c93e1e2da6eb3cc675aa815becb69f45f30683c9,Iran charges Hormuz fees by October 31?,geopolitics,2026-10-31,2026-07-20,2,0x6139c42e48cf190e67a0a85d492413b499336b7a|0xbaa2bcb5439e985ce4ccf815b4700027d1b92c73,0.1,0.545,0.55,0.005,0.57,flipped,2026-07-21,,0.0036
23545193122217391289335133742859160842475987880562465754342378273033942179195,0xa08a5ce99e14ce0b22767af6f16c08a2ab012249444c20887193a9a3e98e11fc,Strait of Hormuz traffic returns to normal by September 30?,other,2026-09-30,2026-07-20,2,0x6139c42e48cf190e67a0a85d492413b499336b7a|0x96489abcb9f583d6835c8ef95ffc923d05a86825,0.1,0.225,0.23,0.005,0.065,flipped,2026-08-19,,-0.0717
107729402733481801715276727183402507127741210361101226673865413196241742960596,0xff68b32e6543ae8b44ccb520604b6ea224a1bac071a186fb65f6f40949a758df, Iran agrees to end enrichment of uranium by December 31?,geopolitics,2026-12-31,2026-07-20,2,0x96489abcb9f583d6835c8ef95ffc923d05a86825|0xbaa2bcb5439e985ce4ccf815b4700027d1b92c73,0.1,0.155,0.16,0.005,0.125,open,,,
33676235249742435565729532483122262800369378774892710387888607855248244773045,0x79b7408f02df2eba4034ca4c06ddf17b8dbeacc5adbe8595969e7573912c4e3b,"US-Iran Final Nuclear Deal by December 31, 2026?",geopolitics,2026-09-30,2026-07-20,2,0xbaa2bcb5439e985ce4ccf815b4700027d1b92c73|0xc8ab97a9089a9ff7e6ef0688e6e591a066946418,0.1,0.685,0.69,0.005,0.715,flipped,2026-08-01,,0.0036
17973586937761078448873484917108971852340583833844287573538816307502825884858,0xb12f5e328a7d9f7a26e0a074625ea775025104e673c776d575dab422a472ef59,Israel closes its airspace by July 31?,geopolitics,2026-07-31,2026-07-21,2,0x96489abcb9f583d6835c8ef95ffc923d05a86825|0xc8ab97a9089a9ff7e6ef0688e6e591a066946418,0.1,0.795,0.8,0.005,1.0,won,2026-08-01,1.0,0.025
79492971912420892776290893910148058147353983898749011679176479416889510526578,0x95fc6a4ed7f6856d26aa7f21b9f902d05c9cf76b616fd3463de4d147f7a9126b,Bab el-Mandeb Strait effectively closed by September 30?,other,2026-04-30,2026-07-21,2,0x96489abcb9f583d6835c8ef95ffc923d05a86825|0xc8ab97a9089a9ff7e6ef0688e6e591a066946418,0.1,0.215,0.22,0.005,0.07,flipped,2026-08-24,,-0.0682
44485368873643784531862401772918820589721230664189835980509638753050855169710,0x5f0f80c1d904c0348409832375a6d36580f9a552295ae3dba2595adfcea84a97,Will Apple be the largest company in the world by market cap on July 31?,other,2026-07-31,2026-07-21,2,0xc8ab97a9089a9ff7e6ef0688e6e591a066946418|0xeb68675c06e0bb9f08ba510550912d77289ce362,0.1,0.7055,0.706,0.0005,1.0,won,2026-07-31,1.0,0.0416
83783489454659420807679723574840032660002326710045123865554753994450797728825,0x5c79dfde05559b79a9cb9f7c4187e4d49632dd042572ae676952f812732591cc,Strait of Hormuz traffic returns to normal by December 31?,other,2026-12-31,2026-07-21,2,0x96489abcb9f583d6835c8ef95ffc923d05a86825|0xbaa2bcb5439e985ce4ccf815b4700027d1b92c73,0.1,0.555,0.56,0.005,0.355,flipped,2026-08-18,,-0.0366
113410960838036610177054042201506207817797370827970598802492258356512540837137,0x58180f4a69651f67c23ac92845721b2320cc0c76effeb5e79db5288d8d8e6b28,US x Iran Effective Ceasefire by July 24?,geopolitics,2026-07-24,2026-07-21,2,0xbaa2bcb5439e985ce4ccf815b4700027d1b92c73|0xdbf16bcffa41bd95faec2640daa2c95ab2bd86b5,0.1,0.095,0.1,0.005,0.0,lost,2026-07-30,0.0,-0.1
95577979648711137561778638101766617213130581085760544385254830392377913395624,0x5a9395dae6c7643ea06e7a555580a5526e81073aea9c9306363529c5b76a8f8b,US x Iran Effective Ceasefire by July 31?,geopolitics,2026-07-31,2026-07-21,2,0xbaa2bcb5439e985ce4ccf815b4700027d1b92c73|0xdbf16bcffa41bd95faec2640daa2c95ab2bd86b5,0.1,0.205,0.21,0.005,0.845,flipped,2026-08-06,,0.3024
5672952468548015184968602470125350481899055121933384423405096851532324921748,0xae0c8a794fe4d0300eca6b39e8bea60ab0f1a2078aa8ca2aac88adc4808a69a6,LoL: Top Esports vs Team WE - Game 1 Winner,other,2026-07-22,2026-07-22,2,0xcd30f4698c6f5f3829893e68e183a8e5ea18f316|0xeac22222ef8d2be457c00101a1a4e4925ec5dddc,0.1,0.295,0.3,0.005,0.0,lost,2026-07-22,0.0,-0.1
69969692650596478580013072927995386072886295289627854932989067227274561722560,0x5abd8122038f8523a9029d62cfac6b4ca7c040abbe4c69119170309a691639f5,LoL: Top Esports vs Team WE (BO3) - LPL Group Ascend,other,2026-07-22,2026-07-22,2,0xcd30f4698c6f5f3829893e68e183a8e5ea18f316|0xeac22222ef8d2be457c00101a1a4e4925ec5dddc,0.1,0.135,0.14,0.005,0.0,lost,2026-07-22,0.0,-0.1
55689044028128278672494108251217443782536678376777545334307559186551480418539,0x7d352ec1d718dd1f2d2fdb93d65fd3908cf34755d1aa45a8697a84d2b5ae1e8e,Will WTI Crude Oil (WTI) hit (HIGH) $95 in July?,other,2026-08-01,2026-07-26,2,0x74471a007ddcc488f6d57b5e86dfb35a8d48a16d|0xe734e7bf7cfb9e464681f71822f6c2f6be514f0c,0.1,0.2245,0.236,0.0115,0.0,lost,2026-07-31,0.0,-0.1
105122145715401868862282894819487928240289369378439043280447797378511530042214,0x21c77725363b6717538157cf5ce5cf9c69571120870d6def4233257566e07db4,Will WTI Crude Oil (WTI) hit (HIGH) $100 in July?,other,2026-08-01,2026-07-26,2,0x74471a007ddcc488f6d57b5e86dfb35a8d48a16d|0xe734e7bf7cfb9e464681f71822f6c2f6be514f0c,0.1,0.09,0.091,0.001,0.0,lost,2026-07-31,0.0,-0.1
101160548233880789393436078768179810884704352948387943201465269532099315241797,0x6b382feeb97121c8bd5fe0fe0ab8272b955e741ac7117ee691a2460896f43ee7,Will WTI Crude Oil (WTI) hit (LOW) $80 in July?,other,2026-08-01,2026-07-26,2,0x74471a007ddcc488f6d57b5e86dfb35a8d48a16d|0xe734e7bf7cfb9e464681f71822f6c2f6be514f0c,0.1,0.415,0.42,0.005,1.0,won,2026-07-28,1.0,0.1381
107961194152792740725727064379230288293910546811577910480987951504293301797282,0xa6480903e54c68f2ee79cacb7861dfcc9b473e8b07d6dcaf2c9923034a5fb56f,Israel x Iran ceasefire continues through July 31?,geopolitics,2026-07-31,2026-07-27,2,0x74471a007ddcc488f6d57b5e86dfb35a8d48a16d|0xa022ba0a68e11a78348382ff168601012d4d77f8,0.1,0.875,0.88,0.005,1.0,won,2026-08-03,1.0,0.0136
62131357779217648903043004312290004169149177020747768355527511163218119967855,0x325e6ab1dd315e6f435183fbf7dff8a7c4be37f9bbf7abcd4459e75110aa9f1d,Will NVIDIA be the largest company in the world by market cap on August 31?,other,2026-08-31,2026-07-29,2,0x0feb1bf966bc7f954c2da0293ae2fdc572c5db5d|0xf0ca28d5b0141f0a8e7b251dea80fd881cb166ed,0.1,0.615,0.62,0.005,0.255,flipped,2026-08-01,,-0.0589
79085628201281122481883578594811594592260824252373059797032000397035131450743,0x95fc6a4ed7f6856d26aa7f21b9f902d05c9cf76b616fd3463de4d147f7a9126b,Bab el-Mandeb Strait effectively closed by September 30?,other,2026-04-30,2026-08-01,2,0x7f9e2d1df78614564a70becc7fa14aa9a6623a0e|0x88c4919de76e526d55a32c1f8afb439dd1f1129a,0.1,0.855,0.86,0.005,0.939,flipped,2026-09-10,,0.0092
71362371729199006098022300209907327715487157091100600861193647274302527146623,0x61c2b9e70f7fdf3441fd1cfa2c8fa93308fefe3f5ecc2db87c393efab3a207a3,US x Iran Effective Ceasefire by August 31?,geopolitics,2026-08-31,2026-08-01,2,0x7f9e2d1df78614564a70becc7fa14aa9a6623a0e|0x88c4919de76e526d55a32c1f8afb439dd1f1129a,0.1,0.5,0.51,0.01,0.725,flipped,2026-08-02,,0.0422
10451124928493844849355057703558222404087423201197729105477623039880661055484,0xc1556ecbe613e403dfb9e38bf1b25a8aee2aa1687f2b343bc896dd2c9763ed74,Israel x Iran ceasefire continues through August 31?,geopolitics,2026-08-31,2026-08-01,2,0x7f9e2d1df78614564a70becc7fa14aa9a6623a0e|0x88c4919de76e526d55a32c1f8afb439dd1f1129a,0.1,0.465,0.47,0.005,0.845,flipped,2026-08-08,,0.0798
52277432132390268926707244723693243882410958469983340945272049391590726504317,0xdbaa19c72378f7eb2fc01c0b40404857a1b1e68e3561ce5bbe792a24ce79377e,Israel closes its airspace by August 15?,geopolitics,2026-08-15,2026-08-01,2,0x7f9e2d1df78614564a70becc7fa14aa9a6623a0e|0x88c4919de76e526d55a32c1f8afb439dd1f1129a,0.1,0.75,0.76,0.01,1.0,won,2026-08-16,1.0,0.0316
60736604095974956194543682313156464544142668961532964567135396949190081432607,0x833f0bac240ad7d5c947d58a8acac0f77a74cf03dccd8f9b72a28811836a920f,US x Iran Effective Ceasefire by August 14?,geopolitics,2026-08-14,2026-08-01,2,0x7f9e2d1df78614564a70becc7fa14aa9a6623a0e|0x88c4919de76e526d55a32c1f8afb439dd1f1129a,0.1,0.36,0.37,0.01,0.685,flipped,2026-08-02,,0.0851
112157595552502425360311365480557346272967836691353340001604809204498706086576,0x93796dea2fe5dfc8da1a942448e6ab767d9bb3464a96ea3a527dfed0ef7bd958,Israel x Iran ceasefire continues through August 2?,geopolitics,2026-08-02,2026-08-01,2,0x7f9e2d1df78614564a70becc7fa14aa9a6623a0e|0x88c4919de76e526d55a32c1f8afb439dd1f1129a,0.1,0.835,0.84,0.005,0.9985,flipped,2026-08-04,,0.0189
33460385394344753109351907923235209397225125746318923726067817676780036931403,0xd8659b58a90d0d69fb1170f25b2b896871a1328115fd11c6f4cfe2b01a2a8ba0,Bab el-Mandeb Strait effectively closed by December 31?,other,2026-12-31,2026-08-01,2,0x7f9e2d1df78614564a70becc7fa14aa9a6623a0e|0x88c4919de76e526d55a32c1f8afb439dd1f1129a,0.1,0.83,0.84,0.01,0.695,flipped,2026-09-11,,-0.0173
31862753749767822704851598310277530750047252193555705349871263892207902040060,0xd78cc89fccf8277bcb7e74edbf72bb913cb1ba7c34bff61b33247d447c142858,Game Handicap: AL (-1.5) vs ThunderTalk Gaming (+1.5),other,2026-08-01,2026-08-01,2,0x3954e1c6b7bc5645d9d3425a6f4490889ef122d9|0xf377b9fb12a4b7507a4f997461a73eb30b564159,0.1,0.585,0.6,0.015,1.0,won,2026-08-01,1.0,0.0667
100994388500647852494922841014846385406527522176491126110248249609979506763359,0x036649e3853c12205e60fbcaffebccd0ab87e2cfc78c0153756d11aad710df0c,Counter-Strike: Liquid vs Atputies (BO3) - Stake Pulse Beat I Group B,geopolitics,2026-08-01,2026-08-01,2,0x216509be5332c6037105b4f871966eb97240f598|0x86e99faea12fccd8925de5d9f052471baf7a4cdf,0.1,0.505,0.51,0.005,0.505,open,,,
10505388899607966634542494869200759808835285051185833428968643946397512252536,0xe8c85a8c6925bfdd0686c10de00a0233b717cdf515288c8196f2c1e58a7b67e3,Counter-Strike: Liquid vs Atputies - Map 1 Winner,geopolitics,2026-08-01,2026-08-01,2,0x216509be5332c6037105b4f871966eb97240f598|0x86e99faea12fccd8925de5d9f052471baf7a4cdf,0.1,0.5,0.51,0.01,0.505,open,,,
19430875453574524363058445388698520003407898492460844655119320545417324023681,0x7bbf8b80264663622b8d5c21f97460686dc1de2593982588f90960f9e7f6ce9c,"Will ""Spider-Man: Brand New Day"" Opening Weekend Box Office be at least 350m?",culture,2026-08-02,2026-08-01,2,0x511f9c771449162349795d17becf8b37031acbe1|0x6ffb4354cbe6e0f9989e3b55564ec5fb8646a834,0.1,0.23,0.24,0.01,0.0,lost,2026-08-04,0.0,-0.1
14434341815437600575840490720478353270466164895408931471501818149761346258016,0xbc8a8998a7cca061ed2e7c870ce603d65fa2d841771f252e1ff55e773336e153,Mubadala Citi DC Open: Jessica Pegula vs Diana Shnaider,other,2026-08-08,2026-08-01,2,0x0954184654a6a3720f5dde4103a42af4dd0e1e1b|0xf377b9fb12a4b7507a4f997461a73eb30b564159,0.1,0.63,0.64,0.01,1.0,won,2026-08-01,1.0,0.0563
63954056987195340408413622507786010883878428653587743424928036634108524802044,0xeaba3d86f3087db79a8714520894aa57481ed893d18ba708b5cb5e314f704e2e,Counter-Strike: Spirit vs MOUZ (BO5) - BLAST Bounty Playoffs,geopolitics,2026-08-02,2026-08-02,2,0x0954184654a6a3720f5dde4103a42af4dd0e1e1b|0x9cb990f1862568a63d8601efeebe0304225c32f2,0.1,0.395,0.4,0.005,0.0,lost,2026-08-02,0.0,-0.1
105018125001683421642188507083357166141411975719572822588636238221967305408092,0x5dc212b712dcf514432221436140eec9717aea8f9fbead457c858d14ee519b90,"US announces end of Iranian blockade by August 7, 2026?",geopolitics,2026-08-07,2026-08-02,2,0xbaa2bcb5439e985ce4ccf815b4700027d1b92c73|0xc84f7e76ec28ef20e7773b7b4926bfb7378be0c5,0.1,0.2125,0.223,0.0105,0.0,lost,2026-08-08,0.0,-0.1
89255206833416118649660253886265447648447959140576690250855500230255281278812,0x42cfa041ee57ab29cc9a8d4cde31b57dd40550e4a2522511f121a2690b4d4ce0,Dota 2: Rune Eaters vs LGD Gaming - Game 2 Winner,other,2026-08-03,2026-08-03,2,0x3954e1c6b7bc5645d9d3425a6f4490889ef122d9|0x79ae097215202b5d01f98e4479fb219102469a4a,0.1,0.57,0.58,0.01,1.0,won,2026-08-03,1.0,0.0724
46733641692303589497067975944983817973005458083506506012270818964693443326225,0x49479ffa88e2897569b1d413e3bc558003e21912edee09d080ca6bac6eb20805,Strait of Hormuz traffic returns to normal by August 15?,other,2026-08-15,2026-08-04,2,0x162f6fff88a52864f2ecc9833e58089d5254798d|0xc84f7e76ec28ef20e7773b7b4926bfb7378be0c5,0.1,0.0505,0.054,0.0035,0.0285,flipped,2026-08-04,,-0.0472
5615282760875985231868508008056959876238536896643315063916840237042205273721,0xa3b36b2d6104d34af4e6c6215fc818e43352e78a748fbfb0b85e3a35f71dec9a,Will there be no change in Fed interest rates after the September 2026 meeting?,macro,2026-09-16,2026-08-04,2,0x162f6fff88a52864f2ecc9833e58089d5254798d|0x9d84ce0306f8551e02efef1680475fc0f1dc1344,0.1,0.485,0.49,0.005,0.535,flipped,2026-08-05,,0.0092
63756825735182554776754623123966859909787453599294277822394355229846778876398,0x95f75978d8e3b735dda39675d113c68c4619a09f392cda4f28612ef5385f4af9,US-Iran Hormuz Agreement by August 15?,geopolitics,2026-08-15,2026-08-04,2,0x162f6fff88a52864f2ecc9833e58089d5254798d|0xc84f7e76ec28ef20e7773b7b4926bfb7378be0c5,0.1,0.425,0.43,0.005,1.0,won,2026-08-16,1.0,0.1326
26254438925251912081598370591454720643937751655789913814108820938080159672958,0x2cfbd8aabc3519021dc16ab0c7e0f42b0fdac191e64bcc3c42c2319c4c0117f3,Will Donavan McKinney be the Democratic Nominee for MI-13?,politics,2026-08-04,2026-08-05,2,0x5a218c7ad04135830a45c41aaed7294df7809318|0x64c8ec47e1f5a367f234a74f8176d805e87173ce,0.1,0.451,0.488,0.037,0.0,lost,2026-08-05,0.0,-0.1
63284803361703132321048739956780460363879925620696486229140595548329650415109,0xa055e1cf533c2fcb1f1c89c20c41c8aa25526dcf27c3ff6be69c230fd8898282,"US announces end of Iranian blockade by August 15, 2026?",geopolitics,2026-08-15,2026-08-05,2,0x162f6fff88a52864f2ecc9833e58089d5254798d|0x96489abcb9f583d6835c8ef95ffc923d05a86825,0.1,0.695,0.7,0.005,0.705,flipped,2026-08-05,,0.0007
93838758485682196196905291300375162467135643283271312557929851459086376825083,0x518df6d694ad4658fe6c284850c029c6f00c9b3609cf05f7757d1fecba1641f8,US-Iran 60 day negotiation period extended?,geopolitics,2026-08-20,2026-08-05,2,0x162f6fff88a52864f2ecc9833e58089d5254798d|0xbaa2bcb5439e985ce4ccf815b4700027d1b92c73,0.1,0.715,0.72,0.005,0.0,lost,2026-08-21,0.0,-0.1
45117272123752214028376460723544361926835506941716663290099518852020253462421,0x7f0d84b155c484b801f2cba68eb0f9ef8b2a0a54b7e6bb0fa53a1778964f53fd,"US x Iran diplomatic meeting by August 15, 2026?",geopolitics,2026-08-15,2026-08-05,2,0x162f6fff88a52864f2ecc9833e58089d5254798d|0xbaa2bcb5439e985ce4ccf815b4700027d1b92c73,0.1,0.275,0.29,0.015,0.0,lost,2026-08-16,0.0,-0.1
90869494087977018607792751230236923002303032923064138180950209430688758061828,0x60c2c085ee8c16bc8f2419739a94971d4c9d00f637ead10fc0f540afa1be64e8,Strait of Hormuz traffic returns to normal by August 31?,other,2026-08-31,2026-08-05,2,0x96489abcb9f583d6835c8ef95ffc923d05a86825|0xbaa2bcb5439e985ce4ccf815b4700027d1b92c73,0.1,0.855,0.86,0.005,0.9985,flipped,2026-08-29,,0.0161
3833250547311424992805456252782158332407335422350263044535636678503072819141,0x1e5204036bd51e6ca0e0da6221319c5839bd9940782adc6d0f6fa703aa8a3bf4,Will Hamas agree to disarm by December 31?,geopolitics,2026-12-31,2026-08-05,2,0x96489abcb9f583d6835c8ef95ffc923d05a86825|0xbaa2bcb5439e985ce4ccf815b4700027d1b92c73,0.1,0.575,0.59,0.015,0.23,open,,,
24958596311036741706772728525634642370283880159881485950450831470303643986611,0x24f18bdec315f767612d94e386bc60589185ab6a84e97b080a661a3fce1b2739,LoL: Team WE vs Anyone's Legend (BO3) - LPL Group Ascend,other,2026-08-06,2026-08-06,2,0x86279a7e9e5c178aae89b7cc13b287f741ed5382|0xe291a588ece487f3323736c55c6144f6a99e748e,0.1,0.645,0.65,0.005,0.0,lost,2026-08-06,0.0,-0.1
40687363534028212960607839835820682333797973293032836051942763018317418953122,0x75925ee36022684960b17d5d8842a0d88ab1f9125f975f9590f34496fbd066d5,Miami Marlins vs. Atlanta Braves,other,2026-08-13,2026-08-06,2,0x23c8a4c266d10ba5846837eac391fea89ed6f293|0xbca08c1bc204a34f2fddbe47b438b9bd42ac9705,0.1,0.365,0.37,0.005,0.0,lost,2026-08-07,0.0,-0.1
10704567890025739523831004974820416039472990403201978447724117376357982733141,0xa5144d487f22937f5bc46c655ab3cf1063edebefef327fa08ffeed421e60688f,Chicago White Sox vs. Boston Red Sox,other,2026-08-13,2026-08-07,2,0x23c8a4c266d10ba5846837eac391fea89ed6f293|0xbca08c1bc204a34f2fddbe47b438b9bd42ac9705,0.1,0.605,0.61,0.005,0.0,lost,2026-08-07,0.0,-0.1
79385236964916644590812336032115685940649772238514387432838598657265701487096,0x1b54546f205ce9a93ccd91b2847c7fbacd871e072f915a66a6cbe91404878788,Minnesota Twins vs. Kansas City Royals,other,2026-08-13,2026-08-07,2,0x23c8a4c266d10ba5846837eac391fea89ed6f293|0xbca08c1bc204a34f2fddbe47b438b9bd42ac9705,0.1,0.895,0.9,0.005,0.0,lost,2026-08-07,0.0,-0.1
25955746415831349035045661941466995876594660724345800941770462889623071212571,0x71fa2b9df79ae3aed7721dfde68b16673f191b93cfcc24909ccd237fbe1a334c,New York Mets vs. Pittsburgh Pirates,other,2026-08-14,2026-08-07,2,0x23c8a4c266d10ba5846837eac391fea89ed6f293|0xbca08c1bc204a34f2fddbe47b438b9bd42ac9705,0.1,0.6,0.61,0.01,1.0,won,2026-08-08,1.0,0.0639
86141088804897222236928959539148501008650371218692800935714557867410378164931,0xbbd623c4191ca76dec466507375d6df85b403b7e14f9cbd3d09f2c450ae0cd96,Will Mike Lindell win the 2026 Minnesota Governor Republican primary election?,politics,2026-08-11,2026-08-08,2,0x5a218c7ad04135830a45c41aaed7294df7809318|0xb1ca909e848cc24ec4e220ce1c453bc290c51705,0.1,0.29,0.3,0.01,1.0,won,2026-08-13,1.0,0.2333
62000346111572597102265747490421944564476171086740885936101329972434114903479,0x377d771fbb92cb291fefa615427826f82e66adbf27dd9b2f9142331ea8a6e087,LoL: T1 vs Hanwha Life Esports (BO3) - LCK Round 3-4 Legend Group,other,2026-08-08,2026-08-08,2,0x6ac5bb06a9eb05641fd5e82640268b92f3ab4b6e|0xbca08c1bc204a34f2fddbe47b438b9bd42ac9705,0.1,0.665,0.67,0.005,0.0,lost,2026-08-08,0.0,-0.1
86336397814497721583122882849945641180244100880137649921220425154113649400958,0x7060bc9903427498241c0abb129ed22d645432d3b2b03d1945aafda68eacb0a3,LoL: T1 vs Hanwha Life Esports - Game 2 Winner,other,2026-08-08,2026-08-08,2,0x23c8a4c266d10ba5846837eac391fea89ed6f293|0x6ac5bb06a9eb05641fd5e82640268b92f3ab4b6e,0.1,0.395,0.4,0.005,0.0,lost,2026-08-08,0.0,-0.1
57218464973258976631745278515509934371056655284182308267049462280935860035816,0x681d2a18f8e8c9c1b840723c8a53694816f4d4f329761d17dc509c6272b8d6a6,Game Handicap: T1 (-1.5) vs Hanwha Life Esports (+1.5),other,2026-08-08,2026-08-08,2,0x23c8a4c266d10ba5846837eac391fea89ed6f293|0x6ac5bb06a9eb05641fd5e82640268b92f3ab4b6e,0.1,0.6,0.64,0.04,1.0,won,2026-08-08,1.0,0.0563
92186278327712354992745670775716070890363711913610478497379869461593400288972,0x377d771fbb92cb291fefa615427826f82e66adbf27dd9b2f9142331ea8a6e087,LoL: T1 vs Hanwha Life Esports (BO3) - LCK Round 3-4 Legend Group,other,2026-08-08,2026-08-08,2,0x6ac5bb06a9eb05641fd5e82640268b92f3ab4b6e|0x86279a7e9e5c178aae89b7cc13b287f741ed5382,0.1,0.335,0.34,0.005,1.0,won,2026-08-08,1.0,0.1941
30221941416500738533120493472031594722601566794405471776339883977732972135653,0x7060bc9903427498241c0abb129ed22d645432d3b2b03d1945aafda68eacb0a3,LoL: T1 vs Hanwha Life Esports - Game 2 Winner,other,2026-08-08,2026-08-08,2,0x6ac5bb06a9eb05641fd5e82640268b92f3ab4b6e|0x86279a7e9e5c178aae89b7cc13b287f741ed5382,0.1,0.605,0.61,0.005,1.0,won,2026-08-08,1.0,0.0639
35090708601937911119237361458554137475941413761490914343793930775736588715574,0x229ce1b94fcab1f52380b84bd0a6ec90cf183bee58f6f9c49c56308124318bea,Will Jarrett Keohokalole be the HI-01 Democratic nominee?,politics,2026-08-08,2026-08-09,2,0x511f9c771449162349795d17becf8b37031acbe1|0xb1ca909e848cc24ec4e220ce1c453bc290c51705,0.1,0.44,0.45,0.01,1.0,won,2026-08-09,1.0,0.1222
45361184347486002884792387151438756924785609968030585696129487864334578884255,0xd25c820d3aee1c735c0fa62c36f4905632ab8c6988653b5b4134593b3209eb7f,Will Lisa Demuth win the 2026 Minnesota Governor Republican primary election?,politics,2026-08-11,2026-08-09,2,0x511f9c771449162349795d17becf8b37031acbe1|0xb1ca909e848cc24ec4e220ce1c453bc290c51705,0.1,0.435,0.44,0.005,0.0,lost,2026-08-13,0.0,-0.1
16701513104131224687230420642963746895002516489442629519518808411458670258741,0x14710adfa9ca2f0450c1710d0080b67d73d6779c0d62df497c6d40f2eba870dd,Will Luke Bronin be the Democratic nominee for CT-01?,politics,2026-08-11,2026-08-09,2,0x511f9c771449162349795d17becf8b37031acbe1|0xb1ca909e848cc24ec4e220ce1c453bc290c51705,0.1,0.175,0.18,0.005,0.0,lost,2026-08-12,0.0,-0.1
81519715318128499722425368900911633216230901389535939948928107033648604420229,0x09035305a3fbd8d2b5ec04eeefc8c7334b90e5a3017a331fb02ce8b823eae4f8,"Will Elon Musk post 40-64 tweets from August 8 to August 10, 2026?",other,2026-08-10,2026-08-09,2,0x511f9c771449162349795d17becf8b37031acbe1|0x5a218c7ad04135830a45c41aaed7294df7809318,0.1,0.425,0.43,0.005,0.0,lost,2026-08-10,0.0,-0.1
115351075585746600277716377744935410125916932950844626289798775482755919708780,0x502a94e5c525766d5ee7f16c6568131ba1b2cbadb69c703af05a6ef00336ed64,Will United Russia (ER) gain the most seats in the next Russian parliamentary election?,politics,2026-09-30,2026-08-09,2,0x511f9c771449162349795d17becf8b37031acbe1|0x5a218c7ad04135830a45c41aaed7294df7809318,0.1,0.33,0.34,0.01,0.31,flipped,2026-08-22,,-0.0088
94909497204791422218953326989433848804063787259853889845128791095089809741999,0xc9615bb82d6535d630ff98e8094060bc767d8b9446516e98f84d2001a35e50e7,Will New People (NL) gain the most seats in the next Russian parliamentary election?,politics,2026-09-30,2026-08-09,2,0x511f9c771449162349795d17becf8b37031acbe1|0x5a218c7ad04135830a45c41aaed7294df7809318,0.1,0.7775,0.778,0.0005,0.7715,flipped,2026-09-01,,-0.0008
47417896388057324320005706748045677702649841806259974139863208546257850958462,0x89569562d73dc1c312c93ecf40ed521f69a353e8ea3598e566313d2b2a9ce5ed,Will Dalia Al-Aqidi be the MN-05 Republican nominee?,politics,2026-08-11,2026-08-09,2,0x511f9c771449162349795d17becf8b37031acbe1|0x5a218c7ad04135830a45c41aaed7294df7809318,0.1,0.25,0.27,0.02,1.0,won,2026-08-12,1.0,0.2704
91454508707524179790793264141505354327168949514022895992064604047725627031547,0xf952ed81a0084add00a28cbaae369d2ae1b35bd5d2f36f874bed0e7d3ce0a354,Will John Nagel be the MN-05 Republican nominee?,politics,2026-08-11,2026-08-09,2,0x511f9c771449162349795d17becf8b37031acbe1|0x5a218c7ad04135830a45c41aaed7294df7809318,0.1,0.76,0.78,0.02,0.0,lost,2026-08-12,0.0,-0.1
113730533868682941586704371356476988931996348115109839591282554229237649892179,0xcdee0148ae16622ec87adf22e6a94b3a2daaa328b4de533b9e6dac94a1f732ca,Will annual inflation be 3.3% in July?,macro,2026-08-12,2026-08-09,2,0x511f9c771449162349795d17becf8b37031acbe1|0x5a218c7ad04135830a45c41aaed7294df7809318,0.1,0.645,0.66,0.015,1.0,won,2026-08-12,1.0,0.0515
78560085212121197479153955775333515694168587452140877232387667394270036907983,0xb3ea4352f8ef6888860892c7834ffcfaea5d55c07b44ebaee931a000b77f09c1,Will annual inflation be 3.5% in July?,macro,2026-08-12,2026-08-09,2,0x511f9c771449162349795d17becf8b37031acbe1|0x5a218c7ad04135830a45c41aaed7294df7809318,0.1,0.835,0.84,0.005,1.0,won,2026-08-12,1.0,0.019
24155043740351117097914596870344040004352370624966278004679914787354238687372,0x17a70e52370a612544ea17005d8ba073fd55cee9648fe2ec9c68fcdc67386bc5,Will annual inflation be 3.4% in July?,macro,2026-08-12,2026-08-09,2,0x511f9c771449162349795d17becf8b37031acbe1|0x5a218c7ad04135830a45c41aaed7294df7809318,0.1,0.59,0.6,0.01,0.0,lost,2026-08-12,0.0,-0.1
63842529068710005716169325380315470359047749786610778647370693404952498013178,0x876506d8b2bd7a0d3fa4fe18c024eee6e1dd81ee24c26795dadd6cfe4a7b5d0d,Will the Fed increase interest rates by 25 bps after the September 2026 meeting?,macro,2026-09-16,2026-08-10,2,0x3a8aa345d5db7ec5138298c8c4f4540259be7699|0x71edffd0d70a1da823ff07a3c6fc81457294d338,0.1,0.435,0.44,0.005,0.435,flipped,2026-08-10,,-0.0011
112572782652712459344467707127844813205706477512183125298958798934459345767188,0x8fb8c5b5e504f8b1bbf18ac9aa85aefc65bba1ffc5075c91910d0dd9767c7486,National Bank Open: Rafael Jodar vs Arthur Fils,other,2026-08-18,2026-08-10,2,0x9cb990f1862568a63d8601efeebe0304225c32f2|0xf377b9fb12a4b7507a4f997461a73eb30b564159,0.1,0.565,0.57,0.005,1.0,won,2026-08-11,1.0,0.0754
26408097413984087516508508165248158044536720425593514919473421470041710576480,0x8fb8c5b5e504f8b1bbf18ac9aa85aefc65bba1ffc5075c91910d0dd9767c7486,National Bank Open: Rafael Jodar vs Arthur Fils,other,2026-08-18,2026-08-11,2,0x9cb990f1862568a63d8601efeebe0304225c32f2|0xf377b9fb12a4b7507a4f997461a73eb30b564159,0.1,0.22,0.24,0.02,0.0,lost,2026-08-11,0.0,-0.1
16299260096200653317901895502208095746927363367294658912797401699960237782921,0x4bd9cb7e0222ed3ecde18eef48f5c5d49f5c139e3df26e557dd20bb9d6412ce8,LoL: EDward Gaming vs Anyone's Legend (BO3) - LPL Group Ascend,other,2026-08-12,2026-08-12,2,0x16602a38e8fb4498ffee0ea81e08d2b421825598|0x9cb990f1862568a63d8601efeebe0304225c32f2,0.1,0.715,0.72,0.005,1.0,won,2026-08-12,1.0,0.0389
18776301082341150343973705764442698355846753604381609172524369297867637043372,0x77601218f89d0166a46923aa9a410fec4b75b40c971cfee68af05956fbf7e10a,LoL: KT Rolster vs Dplus KIA (BO3) - LCK Round 3-4 Legend Group,other,2026-08-12,2026-08-12,2,0x16602a38e8fb4498ffee0ea81e08d2b421825598|0x9cb990f1862568a63d8601efeebe0304225c32f2,0.1,0.155,0.16,0.005,0.0,lost,2026-08-12,0.0,-0.1
99347306366519381964153463146530871619855032205361362717026886770072740705321,0x987f24d77f17d9086dabc50d1d6680121be6279f55522f3c58298fc9e1c14fa5,National Bank Open: Rafael Jodar vs Brandon Nakashima,other,2026-08-19,2026-08-12,2,0x5dab5ed9691fab220535891d9c7f5c28eed322e1|0x9cb990f1862568a63d8601efeebe0304225c32f2,0.1,0.155,0.16,0.005,0.0,lost,2026-08-13,0.0,-0.1
9168830263593755121356114491427313191136065791896340296934147375435355258901,0xf09f5df94bd7499f5f6d92d4dd4ed7caf650a8a91b4572e298246512f19ff7a4,LoL: Weibo Gaming vs Ninjas in Pyjamas (BO3) - LPL Group Nirvana,other,2026-08-13,2026-08-13,2,0x16602a38e8fb4498ffee0ea81e08d2b421825598|0x6ac5bb06a9eb05641fd5e82640268b92f3ab4b6e,0.1,0.785,0.79,0.005,1.0,won,2026-08-13,1.0,0.0266
113908883482535318783973644731161691413694011032511862015137588209443057797164,0xef3a95c29d4750a22ec450b6e37aff1cf1b2bda1e21a752cfcc14d482e5ea651,LoL: Kiwoom DRX vs BNK FEARX (BO3) - LCK Round 3-4 Rise Group,other,2026-08-13,2026-08-13,2,0x16602a38e8fb4498ffee0ea81e08d2b421825598|0x9cb990f1862568a63d8601efeebe0304225c32f2,0.1,0.545,0.55,0.005,1.0,won,2026-08-13,1.0,0.0818
82507766891835938865693884720782599715114656762968890011008898548838849759438,0x7ade9ec460276144a5fa358fb4bd3a251cc939a9e8dec617e60b77397e224c8a,LoL: Top Esports vs LGD Gaming (BO3) - LPL Group Ascend,other,2026-08-13,2026-08-13,2,0x16602a38e8fb4498ffee0ea81e08d2b421825598|0x6ac5bb06a9eb05641fd5e82640268b92f3ab4b6e,0.1,0.355,0.37,0.015,1.0,won,2026-08-13,1.0,0.1703
45589504130732523012734045044984780379334130572134905025733215236082028397300,0x53270a12c133155ab43e99973482b53daa2b2ed8601b3ad6bfb76340a0433514,LoL: Top Esports vs LGD Gaming - Game 1 Winner,other,2026-08-13,2026-08-13,2,0x16602a38e8fb4498ffee0ea81e08d2b421825598|0x6ac5bb06a9eb05641fd5e82640268b92f3ab4b6e,0.1,0.73,0.74,0.01,1.0,won,2026-08-13,1.0,0.0351
100904926597254958196916219776390781144317348416480257902464598192981017018411,0xe633b39b3173ed88e82b391ed7fa09dfb09d2d4339a6c29d4d7868d704d382be,Game Handicap: BLG (-1.5) vs ThunderTalk Gaming (+1.5),other,2026-08-13,2026-08-13,2,0x6ac5bb06a9eb05641fd5e82640268b92f3ab4b6e|0xf377b9fb12a4b7507a4f997461a73eb30b564159,0.1,0.385,0.39,0.005,0.0,lost,2026-08-13,0.0,-0.1
92051054710832726057416727413597266169815856709110819993200490023177394673671,0xf9fd17a93061609187cd07a3ff1c1ae86189056f4f6d7525cc2f9dfde1db3d46,Game Handicap: TES (-1.5) vs LGD Gaming (+1.5),other,2026-08-13,2026-08-13,2,0x6ac5bb06a9eb05641fd5e82640268b92f3ab4b6e|0xf377b9fb12a4b7507a4f997461a73eb30b564159,0.1,0.8,0.83,0.03,1.0,won,2026-08-13,1.0,0.0205
76166142632502863111636033986770521770002601481581842235949590565123761079906,0x3a128e0a8ffd4b487c52237eae1fbafde68edaeec9a38d33c2375f7cd6140f69,LoL: Gen.G vs Hanwha Life Esports (BO3) - LCK Round 3-4 Legend Group,other,2026-08-13,2026-08-13,2,0x9cb990f1862568a63d8601efeebe0304225c32f2|0xf377b9fb12a4b7507a4f997461a73eb30b564159,0.1,0.445,0.45,0.005,0.0,lost,2026-08-13,0.0,-0.1
39765280529957117958512647698074761607957268633378788522656510739213110081074,0x1684969d814c9c84714e1db6e249dabcaf9171b77462c498b8a417839a3589a3,LoL: Gen.G vs Hanwha Life Esports - Game 1 Winner,other,2026-08-13,2026-08-13,2,0x16602a38e8fb4498ffee0ea81e08d2b421825598|0x6ac5bb06a9eb05641fd5e82640268b92f3ab4b6e,0.1,0.315,0.35,0.035,0.0,lost,2026-08-13,0.0,-0.1
86111790473805090895057917442495303883882369018767778374743465323180021370758,0x460bdcf944a67e2d6b7f3c1dae547f09881640ba4cc49f43e32f825600f192ec,Dota 2: TEAM VISION vs Team Falcons (BO3) - The International Group Stage,other,2026-08-13,2026-08-13,2,0x8c0b024c17831a0dde038547b7e791ae6a0d7aa5|0xcbba64cddd05171925ffd05d8f8abd38c83fdbff,0.1,0.485,0.49,0.005,1.0,won,2026-08-13,1.0,0.1041
62060634784623357369508887927739082118611089931743416553772906573972299212419,0x3a2ef65b2988a853b16ca1b00cabaef5d425e6962b657bba49140f9bc94c7c88,National Bank Open: Ben Shelton vs Brandon Nakashima,other,2026-08-21,2026-08-13,2,0x2f44fa076c8d2976ac6bea0ddfd9502bad2b93c2|0x9cb990f1862568a63d8601efeebe0304225c32f2,0.1,0.685,0.69,0.005,1.0,won,2026-08-14,1.0,0.0449
76825796755991694442273755934074739145845306511756823852931226591136346623543,0x55255d9794581a22229319c2dbb8b9bebcdfdaf9a743a971477fc855f60b7e51,Will Count Binface win 20–30% of votes in the Clacton parliamentary by-election?,politics,2027-06-30,2026-08-14,2,0x511f9c771449162349795d17becf8b37031acbe1|0x5a218c7ad04135830a45c41aaed7294df7809318,0.1,0.245,0.27,0.025,0.0,lost,2026-08-14,0.0,-0.1
49828981610999645100292409766394158357532487346664020093471562213524733230548,0x37eb55675e56c5afeb79224da9972c67dc4597fd749bb93db6f4e9f167258d04,Will Count Binface win 10–20% of votes in the Clacton parliamentary by-election?,politics,2027-06-30,2026-08-14,2,0x511f9c771449162349795d17becf8b37031acbe1|0x5a218c7ad04135830a45c41aaed7294df7809318,0.1,0.8795,0.939,0.0595,1.0,won,2026-08-14,1.0,0.0065
76826077917909443736273935037749360385543312903095948502446076816516865764874,0xfb481845055afdf15febad269fcb534be4c5e79d5789b72659a036660b46e11b,Will Eric Barlow win the 2026 Wyoming Governor Republican primary election?,politics,2026-08-18,2026-08-14,2,0x511f9c771449162349795d17becf8b37031acbe1|0x5a218c7ad04135830a45c41aaed7294df7809318,0.1,0.2115,0.212,0.0005,0.0,lost,2026-08-19,0.0,-0.1
100268596602941774686897328445143323252864675868637226260206096004180596377901,0xa875e0b4802818c2ed51fa4a44eeb303d2a11b1df946de66c0444d80468e78b6,Will Megan Degenfelder win the 2026 Wyoming Governor Republican primary election?,politics,2026-08-18,2026-08-14,2,0x511f9c771449162349795d17becf8b37031acbe1|0x5a218c7ad04135830a45c41aaed7294df7809318,0.1,0.788,0.79,0.002,1.0,won,2026-08-19,1.0,0.0266
86723525972370508151261652396913026873832499192886187444890697951782361394318,0xb913e95e56e965ce2b4c86a31a80d91edaf8695e2e70ac05667c1433ccd8ea19,"Will Elon Musk post 160-179 tweets from August 7 to August 14, 2026?",other,2026-08-14,2026-08-14,2,0x511f9c771449162349795d17becf8b37031acbe1|0x5a218c7ad04135830a45c41aaed7294df7809318,0.1,0.535,0.54,0.005,1.0,won,2026-08-14,1.0,0.0852
96738271970978473626692761675665650558731868524608528797496705773854589776782,0x21008fa37dda281470ccf81c2f503da9e35aa5b4a4dfb18ad4ec0e9ea922ccb4,Will Apple be the second-largest company in the world by market cap on August 31?,other,2026-08-31,2026-08-14,2,0x511f9c771449162349795d17becf8b37031acbe1|0x5a218c7ad04135830a45c41aaed7294df7809318,0.1,0.125,0.14,0.015,0.0155,flipped,2026-08-29,,-0.0889
10890947002284237974101029037893423239101003948271760996560394745232721951569,0x156d09518baa9facc4debb6c388251430b5e8832bdf01e1996ddaedaf4f991f9,Will Hakainde Hichilema win the 2026 Zambian presidential elections?,politics,2026-08-14,2026-08-14,2,0x511f9c771449162349795d17becf8b37031acbe1|0x5a218c7ad04135830a45c41aaed7294df7809318,0.1,0.078,0.09,0.012,0.0,lost,2026-08-18,0.0,-0.1
37371597059081736186678081957216133440093773305802320150712973360772734526594,0x7901de05519074904f7a1cf6e3e265af4a3e672321a2e3475277ec6449c41018,"Will Donald Trump post 180-199 Truth Social posts from August 7 to August 14, 2026?",politics,2026-08-14,2026-08-14,2,0x511f9c771449162349795d17becf8b37031acbe1|0x5a218c7ad04135830a45c41aaed7294df7809318,0.1,0.35,0.36,0.01,0.0,lost,2026-08-14,0.0,-0.1
69876441479125163913185415038927309963614863702559833269425382986928734818882,0x1d54121fe274ad6c4809b032f464009fd98ccee5a47bf810d6d54e63387d0c33,Will Nigel Farage win 70–80% of votes in the Clacton parliamentary by-election?,politics,2027-06-30,2026-08-14,2,0x511f9c771449162349795d17becf8b37031acbe1|0x5a218c7ad04135830a45c41aaed7294df7809318,0.1,0.7315,0.774,0.0425,1.0,won,2026-08-14,1.0,0.0292
60521816700202179342317746207548118223260392285250958195635932536737515315087,0xa5ce4e0cf17801d89f245025eeb2e4dda5f39a94bca8d5a4c36436f779a0ea16,Will Nigel Farage win 60–70% of votes in the Clacton parliamentary by-election?,politics,2027-06-30,2026-08-14,2,0x511f9c771449162349795d17becf8b37031acbe1|0x5a218c7ad04135830a45c41aaed7294df7809318,0.1,0.387,0.439,0.052,0.0,lost,2026-08-14,0.0,-0.1
112927512592564005412767089406651834250248452546961790721310062580574241601960,0xb61a9d762515f7544705811811af9153bd07e18e484774ff95d5b8d070eebc56,Washington Mystics vs. Las Vegas Aces,other,2026-08-14,2026-08-14,2,0x448861155279dbf833d041b963e3ac854599e319|0xbca08c1bc204a34f2fddbe47b438b9bd42ac9705,0.1,0.775,0.78,0.005,1.0,won,2026-08-14,1.0,0.0282
76251157298539803049411396107059560433193552768052715119366004060235311951823,0xe71432f36607d8910f28453b778b5e4fdecff943348ebcd7aab8c8f37d3475d4,Spread: Las Vegas Aces (-7.5),other,2026-08-14,2026-08-14,2,0x448861155279dbf833d041b963e3ac854599e319|0xbca08c1bc204a34f2fddbe47b438b9bd42ac9705,0.1,0.435,0.46,0.025,0.0,lost,2026-08-14,0.0,-0.1
49463617584122909171373183858384991465991233002521364308387015455924523314658,0x1a1b97419b915e22c1ab2ed5a526797bac286ad74c422db4a2ad690ae4a1b997,LoL: EDward Gaming vs LGD Gaming (BO3) - LPL Group Ascend,other,2026-08-14,2026-08-14,2,0x16602a38e8fb4498ffee0ea81e08d2b421825598|0x9cb990f1862568a63d8601efeebe0304225c32f2,0.1,0.835,0.84,0.005,1.0,won,2026-08-14,1.0,0.019
5473486890956747118934850401960204549626568368280681261614185678090216057373,0x441bd77451b0f760485a076bd0db977ae3da791c13919ef7fb091abdcba6672a,Dota 2: Aurora vs Team Yandex - Game 2 Winner,other,2026-08-14,2026-08-14,2,0xa7e2bdc8ccda2fdc129f639761069df9ab349e36|0xcbba64cddd05171925ffd05d8f8abd38c83fdbff,0.1,0.195,0.2,0.005,0.0,lost,2026-08-14,0.0,-0.1
104048927254391605559503338438251940033005756348725037395683942528584904565700,0xfa52f5817ea613138cbd376abf4adf5d128dcee82c7b04751409577b70cb15bc,Will the total domestic gross for Spider-Man: Brand New Day be at least 900m by August 31?,other,2026-08-31,2026-08-15,2,0x5a218c7ad04135830a45c41aaed7294df7809318|0x9d84ce0306f8551e02efef1680475fc0f1dc1344,0.1,0.807,0.822,0.015,0.956,flipped,2026-08-28,,0.0163
43024402073159666506797154580142200806492757458463539639478232393814480593750,0x515a97b44d12867f6336d8765418d54803c9c1b00b055a573e69c06ad3e33876,Afghanistan Tour of Ireland ODIs: Ireland vs Afghanistan,other,2026-08-22,2026-08-15,2,0x10ff6cd4b1b5669d4ca87faebae0c869ad315088|0xa4b7b1814b0da33f2b61be4939976898aa476008,0.1,0.295,0.3,0.005,0.0,lost,2026-08-15,0.0,-0.1
84156243350218417257151762039824581646556941472930197807785150294509875063533,0x515a97b44d12867f6336d8765418d54803c9c1b00b055a573e69c06ad3e33876,Afghanistan Tour of Ireland ODIs: Ireland vs Afghanistan,other,2026-08-22,2026-08-15,2,0x10ff6cd4b1b5669d4ca87faebae0c869ad315088|0xa4b7b1814b0da33f2b61be4939976898aa476008,0.1,0.705,0.71,0.005,1.0,won,2026-08-15,1.0,0.0408
12240826639403669777706784453166938076969446116368565069598531811664578073403,0xa73e46d245826d7d83cb597671e5cd205f111d49f29b747f9ac347ac2997e705,Cincinnati Open: Novak Djokovic vs Thiago Agustin Tirante,geopolitics,2026-08-22,2026-08-15,2,0xe30e74595517de48f1fb19f4553dd3d9f1e96b87|0xf377b9fb12a4b7507a4f997461a73eb30b564159,0.1,0.245,0.25,0.005,1.0,won,2026-08-15,1.0,0.3
33253179541399898738190173132825891610482365433748673891389433542625159202248,0xc1fffbd87ff7d3278649b40862e7fdbce532e7d567748cd8ba968e018ec4220d,Dota 2: LGD Gaming vs Team Yandex - Game 1 Winner,other,2026-08-16,2026-08-16,2,0x3413c803c3a6efc8d963afbce2dcee48d3738ff2|0x72f039e9bbf2ccf22ef7683729d9867fa09d6be8,0.1,0.25,0.27,0.02,1.0,won,2026-08-16,1.0,0.2704
4854836769517286081028586125878080949713742733288737229295495657650776513618,0xb1ef36ea9ec59e44867300cf283d14a94787dd981152cfac02fd171d45aaf72d,Dota 2: LGD Gaming vs Team Yandex - Game 2 Winner,other,2026-08-16,2026-08-16,2,0x3413c803c3a6efc8d963afbce2dcee48d3738ff2|0x72f039e9bbf2ccf22ef7683729d9867fa09d6be8,0.1,0.585,0.59,0.005,1.0,won,2026-08-16,1.0,0.0695
106120269262747049995153907012500350572856398027589537147710082506420052185651,0xb1ef36ea9ec59e44867300cf283d14a94787dd981152cfac02fd171d45aaf72d,Dota 2: LGD Gaming vs Team Yandex - Game 2 Winner,other,2026-08-16,2026-08-16,2,0x72f039e9bbf2ccf22ef7683729d9867fa09d6be8|0xc44f432b014f36679e13615f95996eac32bbd49f,0.1,0.415,0.42,0.005,0.0,lost,2026-08-16,0.0,-0.1
15664474800706060430119901310480297719256161648332194868375669203516149121975,0x4309301a91299029ad86c47a79f96580e4082eaae05562829e2939439b49c00b,LoL: T1 vs DN SOOPers (BO5) - KeSPA Cup Playoffs,sports,2026-08-17,2026-08-17,2,0x6b23c73159b753c96d3c1ed94413f113300c04a3|0x8c0b024c17831a0dde038547b7e791ae6a0d7aa5,0.1,0.45,0.46,0.01,0.0,lost,2026-08-17,0.0,-0.1
20203034331943774213249165531281882549735323535422575187018172873110053117710,0xf444cc2fa0c6d7b6ef05d15c07b8f8ba7d2d02e00073845e37b142a4e9bbbe6a,LoL: T1 vs DN SOOPers - Game 1 Winner,other,2026-08-17,2026-08-17,2,0x6b23c73159b753c96d3c1ed94413f113300c04a3|0x8c0b024c17831a0dde038547b7e791ae6a0d7aa5,0.1,0.285,0.29,0.005,0.0,lost,2026-08-17,0.0,-0.1
63395171513803690335552942529718889804240326231848244856645224298204010494242,0xf444cc2fa0c6d7b6ef05d15c07b8f8ba7d2d02e00073845e37b142a4e9bbbe6a,LoL: T1 vs DN SOOPers - Game 1 Winner,other,2026-08-17,2026-08-17,2,0x6b23c73159b753c96d3c1ed94413f113300c04a3|0x8c0b024c17831a0dde038547b7e791ae6a0d7aa5,0.1,0.715,0.72,0.005,1.0,won,2026-08-17,1.0,0.0389
5296749898498808319106045579443457453510253207503003438241535093127799746757,0xcdd8c1c70c32085630497dff3ce53ef7309061c4437ea2bf1aad9543a1c3abc5,LoL: T1 vs DN SOOPers - Game 4 Winner,other,2026-08-17,2026-08-17,2,0x48fe10cd940a030eb18348ad812e0c382a4cb2b6|0x91667e40b80c447050904b042f3b85d22fc6b479,0.1,0.645,0.65,0.005,1.0,won,2026-08-17,1.0,0.0538
96556356067811513831576388768774176708546026207612995582032350128910350040324,0xdb66349b5658e7ce54667294bb61ca2f98d68f8afde5c711284d7e9c5a5e5787,Will Bola Tinubu win the 2027 Nigerian Presidential Election?,politics,2027-01-16,2026-08-17,2,0x21064fd320bfd5a86f8c92a94d3209edf4154dea|0x6139c42e48cf190e67a0a85d492413b499336b7a,0.1,0.285,0.3,0.015,0.29,flipped,2026-08-19,,-0.0033
40248862204095545824507770609491521282553259429991780219438297794719904718932,0x6114306f724135bd1db2f5f3169386decf18f618653c196ef0a6c1afd27f4c73,Will Flávio Bolsonaro finish in second place in the first round of the 2026 Brazilian presidential election?,politics,2026-10-04,2026-08-17,2,0x21064fd320bfd5a86f8c92a94d3209edf4154dea|0x6139c42e48cf190e67a0a85d492413b499336b7a,0.1,0.145,0.15,0.005,0.13,flipped,2026-08-19,,-0.0133
107273775676449200979927456535236791831772322945131072060581391551237363891341,0x9a3ff64dc7b27e7f084e9e87a23bd02d5299fd102108f370a58fcbac51963dc4,Will WTI Crude Oil (WTI) hit (LOW) $75 in August?,other,2026-09-01,2026-08-17,2,0xc8ab97a9089a9ff7e6ef0688e6e591a066946418|0xe734e7bf7cfb9e464681f71822f6c2f6be514f0c,0.1,0.245,0.25,0.005,0.185,flipped,2026-08-18,,-0.026
24800571717763245364224503729129664803908934461486331853636597701161191561035,0x8c773ddca5739e30a49cd8aa214a2f7e99b96784b7155a1997f4fe0d9586c11d,Will WTI Crude Oil (WTI) hit (HIGH) $95 in August?,other,2026-09-01,2026-08-17,2,0xc8ab97a9089a9ff7e6ef0688e6e591a066946418|0xe734e7bf7cfb9e464681f71822f6c2f6be514f0c,0.1,0.8,0.81,0.01,0.9855,flipped,2026-08-28,,0.0217
38961406876947683649557591222689594788085730430140356269598981303564029823783,0x2b9d2441d95f7fd64f7a2154fcd864951805477ae7865ad3dcb516dc2e6c7948,"Will ""Don't Say Good Luck"" be the #2 global Netflix movie this week?",culture,2026-08-18,2026-08-17,2,0x5a218c7ad04135830a45c41aaed7294df7809318|0xc8ab97a9089a9ff7e6ef0688e6e591a066946418,0.1,0.0585,0.072,0.0135,0.0,lost,2026-08-18,0.0,-0.1
79191939610100241429039499950443680906623179487184628479206155805558220344190,0xdf8e2dc5860027decbe6164555c3c1c9645c3bd33e16b9dc57ca87125047d4a8,Will Luiz Inácio Lula da Silva win the 2026 Brazilian presidential election?,politics,2026-10-04,2026-08-18,2,0x21064fd320bfd5a86f8c92a94d3209edf4154dea|0x5a218c7ad04135830a45c41aaed7294df7809318,0.1,0.355,0.36,0.005,0.565,flipped,2026-09-11,,0.0569
77740376296468109233042620775325425521895874827413068707200627224591548200577,0x12dc2b61723b2a54fc1947a307389b5f32038e7a29a0e936ad1fe410b969d06a,Will Harry Kane win the 2026 Ballon d'Or?,sports,2026-10-31,2026-08-18,2,0x21064fd320bfd5a86f8c92a94d3209edf4154dea|0x5a218c7ad04135830a45c41aaed7294df7809318,0.1,0.378,0.379,0.001,0.3885,flipped,2026-08-21,,0.0025
107064985435494333113391038470401719113272800530429703182710416066774068907304,0xe6bcc2f1dd025ce5e1833190f7c60a71171c94f805df55b9ab0ded695ec93565,Will Alexandria Ocasio-Cortez win the 2028 Democratic presidential nomination?,politics,2028-11-07,2026-08-18,2,0x6139c42e48cf190e67a0a85d492413b499336b7a|0xc8ab97a9089a9ff7e6ef0688e6e591a066946418,0.1,0.1815,0.185,0.0035,0.196,flipped,2026-08-19,,0.0059
6867411777743263452405716830364245468528901665501311516978193562668338326175,0x01253576c511d929e5661dcad1d78f7009272fe82788a2c79534942337350b69,Will Alibaba (BABA) beat quarterly earnings?,other,2026-08-20,2026-08-18,2,0x21064fd320bfd5a86f8c92a94d3209edf4154dea|0xc8ab97a9089a9ff7e6ef0688e6e591a066946418,0.1,0.175,0.21,0.035,0.2,flipped,2026-08-19,,-0.0048
73262720942346872663664065117167500642873843610967982455010649784209638670323,0xe9e713e3d02d67100e35716868238b3824a060ae6c716f310cacc8c39c6a30d0,Will James Fishback win less than 10% of votes in the Florida Republican Governor primary?,politics,2026-08-18,2026-08-18,2,0x23d81ba9371e576015c1e562db09c689f56b0288|0xc8ab97a9089a9ff7e6ef0688e6e591a066946418,0.1,0.465,0.47,0.005,0.02,flipped,2026-08-19,,-0.0957
109876868437950584369987384406356259939519193117253465815665152916226511121427,0x1a01bf78f56a507fcb666d564d8c8b91b0750679163ed6e96746102c9b7d285d,Will Flávio Bolsonaro win the 2026 Brazilian presidential election?,politics,2026-10-04,2026-08-18,2,0x23d81ba9371e576015c1e562db09c689f56b0288|0xc8ab97a9089a9ff7e6ef0688e6e591a066946418,0.1,0.3265,0.327,0.0005,0.3265,flipped,2026-08-19,,-0.0002
49869160041323840584812036178393008034046781140245590791017996532351395946894,0x26a6c7e4a905dfc13f23c44a8e41d0b96ad60569ef49869c46c237dfd8f3c003,Will Darline Graham Nordone be the new republican nominee for Senate in South Carolina?,politics,2026-08-11,2026-08-19,2,0x011f2d377e56119fb09196dffb0948ae55711122|0xc8ab97a9089a9ff7e6ef0688e6e591a066946418,0.1,0.833,0.846,0.013,0.7155,flipped,2026-08-22,,-0.0154
77003823152235207360024992572659870715371331416954628896644821575491638935501,0x70831611831c0792bfb971d613ec2db2e06d59a234967b45f8302b3671b515cd,Will Ralph Norman be the new Republican nominee for Senate in South Carolina?,politics,2026-08-11,2026-08-19,2,0x011f2d377e56119fb09196dffb0948ae55711122|0xc8ab97a9089a9ff7e6ef0688e6e591a066946418,0.1,0.835,0.84,0.005,1.0,won,2026-08-26,1.0,0.019
3995405418988860809616760430893135352799035734473152509556306061162112667429,0x47ec761ae98d7c28b20c0222f1507e3af0f198a904f86b4a264b2e987f0b80c7,"US announces end of Iranian blockade by August 31, 2026?",geopolitics,2026-08-31,2026-08-19,2,0x40cfb29411d29f4fa0908f2a121297042cccd21d|0x6139c42e48cf190e67a0a85d492413b499336b7a,0.1,0.065,0.07,0.005,0.0,lost,2026-09-01,0.0,-0.1
88752597571738831347942513760817776151125290177540731190810686943474863159303,0x30174f3f46398e37c96a07b45916e01eab9a8a854ecb624ac73a91a8490fd074,"US announces end of Iranian blockade by September 30, 2026?",geopolitics,2026-09-30,2026-08-19,2,0x40cfb29411d29f4fa0908f2a121297042cccd21d|0x6139c42e48cf190e67a0a85d492413b499336b7a,0.1,0.335,0.34,0.005,0.165,flipped,2026-09-07,,-0.0515
71542982741394376771627006689338880117415417908788827680925028639627563224055,0x1c38a64c494e01c9bd81362cfadeadb3b87023d1d9ffae1df5a428c03152fc74,Iran-Oman Hormuz Agreement by August 31?,geopolitics,2026-08-31,2026-08-19,2,0x40cfb29411d29f4fa0908f2a121297042cccd21d|0x6139c42e48cf190e67a0a85d492413b499336b7a,0.1,0.245,0.26,0.015,0.0,lost,2026-09-01,0.0,-0.1
13962806593526138371105247656795644374832525364392990828405286158600365168847,0x5bd7f96d38645c7dabffa94c6f48e741f86655ba0dbd48cd4e7f9bbdde2774cc,"Will Bitcoin reach $70,000 in August?",crypto,2026-09-01,2026-08-19,2,0x8a16eb406b6ecd9334e6202a159c9dd51288c0d5|0xe734e7bf7cfb9e464681f71822f6c2f6be514f0c,0.1,0.75,0.76,0.01,1.0,won,2026-08-19,1.0,0.0316
63777258880233969161552040740657214803720763923675808082556752399673335048100,0xfd13c67069e83a4a8ba1ba425f259185bcbae282c4f91074646e3c5cf97b7ae3,"Will Bitcoin reach $72,500 in August?",crypto,2026-09-01,2026-08-19,2,0x8a16eb406b6ecd9334e6202a159c9dd51288c0d5|0xab51c55eb5cefec49c52a174acc10b3cd69e2473,0.1,0.3605,0.368,0.0075,0.8795,flipped,2026-08-20,,0.139
67630859659224760080054121446583082801681970585283198673478937279213434161100,0x1eb3854e6016aff4cc1778eb124fd8965211573d954b74e3ec66f5ad2785aedb,"Will the price of Bitcoin be above $68,000 on August 20?",crypto,2026-08-20,2026-08-19,2,0x8a16eb406b6ecd9334e6202a159c9dd51288c0d5|0xab51c55eb5cefec49c52a174acc10b3cd69e2473,0.1,0.7175,0.718,0.0005,1.0,won,2026-08-20,1.0,0.0393
71378443524585182161509165206687359935571329472000076556085474136388673584216,0x6c8bc8cd9b2d64358ad995ccee8e998cf0f81a89c4be0b8e51eadf09c6be60ba,"Will Bitcoin dip to $60,000 by December 31, 2026?",crypto,2027-01-01,2026-08-19,2,0x1465b79bff7992bc703e1aafb3683b1089647072|0xf705fa045201391d9632b7f3cde06a5e24453ca7,0.1,0.435,0.44,0.005,0.705,open,,,
42834879263429374698838995299419983571059010771905973551600008113353674636491,0xc4c41407dd3e1be7fae485778117cd12832edebb652609cd34ba8eb60b817ee2,"Will Ethereum dip to $1,750 by December 31, 2026?",crypto,2027-01-01,2026-08-19,2,0x1465b79bff7992bc703e1aafb3683b1089647072|0xf705fa045201391d9632b7f3cde06a5e24453ca7,0.1,0.645,0.65,0.005,0.835,open,,,
93924969469939330995194645669345334142528685509853517456507765752635309176671,0xc564e47b7a853f3e52ea7b8e28d69ed99fcb284929364fd0f8024c2bca03ea96,"Will Bitcoin reach $80,000 by December 31, 2026?",crypto,2027-01-01,2026-08-19,2,0xe734e7bf7cfb9e464681f71822f6c2f6be514f0c|0xf705fa045201391d9632b7f3cde06a5e24453ca7,0.1,0.515,0.52,0.005,1.0,won,2026-08-24,1.0,0.0923
27201221676173593121678787264361008606480627771007041356248031697735484721466,0x1239389645c8a73b170b78ef3a83d69b6cf1d2711d412829ea8836660b08fc93,"Will Bitcoin reach $85,000 by December 31, 2026?",crypto,2027-01-01,2026-08-19,2,0xe734e7bf7cfb9e464681f71822f6c2f6be514f0c|0xf705fa045201391d9632b7f3cde06a5e24453ca7,0.1,0.375,0.4,0.025,0.675,flipped,2026-08-30,,0.0688
19825309238856053774459620155846397094312049745253767781808796130734310092365,0xc4bde1d397625e1990fec7f787b9eb2e5727c666d0480c4e9c96b0dbd12602c6,"Will Bitcoin reach $75,000 in August?",crypto,2026-09-01,2026-08-19,2,0x8a16eb406b6ecd9334e6202a159c9dd51288c0d5|0xf705fa045201391d9632b7f3cde06a5e24453ca7,0.1,0.2245,0.227,0.0025,0.4915,flipped,2026-08-20,,0.1165
48849252416222520684793262794712201381742900852794310345084361317209768152557,0x752fa61c93f16c4b15e85b0bd438d9c684176b0ea7b319a84c8aca34616e8a8c,"Will Bitcoin dip to $55,000 by December 31, 2026?",crypto,2027-01-01,2026-08-20,2,0x1465b79bff7992bc703e1aafb3683b1089647072|0x6db983ff1cbc85249e64e6ccd101aaa613ba4ab5,0.1,0.605,0.61,0.005,0.805,open,,,
41832664285845832459030640969891483663884721696292020563915305291791682631668,0xce3c54c3e773e8b3bf73e4c12af93205b21195d03b9c386e22f274b9acfc2c56,"Will Bitcoin dip to $50,000 by December 31, 2026?",crypto,2027-01-01,2026-08-20,2,0x1465b79bff7992bc703e1aafb3683b1089647072|0x6db983ff1cbc85249e64e6ccd101aaa613ba4ab5,0.1,0.745,0.75,0.005,0.865,open,,,
110439449768613802110790243898351375650535979513820669361590931221457616396762,0x84fdc3f917e34acca874f93d978e84ed0c08969903ddf40a5d65274b3a5b4fdf,"Will Bitcoin reach $75,000 by December 31, 2026?",crypto,2027-01-01,2026-08-20,2,0x6db983ff1cbc85249e64e6ccd101aaa613ba4ab5|0xf705fa045201391d9632b7f3cde06a5e24453ca7,0.1,0.705,0.71,0.005,1.0,won,2026-08-21,1.0,0.0408
1010399022514445056965246279898538760275841148723924641598936717580005410635,0xa813d824c347c725eeb781fd0ad00d2f0fe5d3dc2438e408698876b2fe00c216,LoL: Dplus KIA vs Hanwha Life Esports (BO3) - LCK Round 3-4 Legend Group,other,2026-08-20,2026-08-20,2,0x8c0b024c17831a0dde038547b7e791ae6a0d7aa5|0xf377b9fb12a4b7507a4f997461a73eb30b564159,0.1,0.285,0.29,0.005,0.74,flipped,2026-08-20,,0.1552
943687264912098431659767041328297708450836082187223611861894294547938480319,0x7e2122d54359f590e9ffdf59092f8e052f5f718181188fef5534e62402f0bab3,"Will Bitcoin reach $77,500 in August?",crypto,2026-09-01,2026-08-20,2,0x6db983ff1cbc85249e64e6ccd101aaa613ba4ab5|0x8a16eb406b6ecd9334e6202a159c9dd51288c0d5,0.1,0.3095,0.315,0.0055,1.0,won,2026-08-21,1.0,0.2175
101196087194368016189458797815389873667514776317865121691440084473605225222305,0xc4ebab9f2830f6df67ab1b98615d5a9be8eebd106fd0f37e9a25e4a4edcc427c,"Will no qualifying diplomatic US-Iran meeting occur by September 30, 2026?",geopolitics,2026-09-30,2026-08-21,2,0x21064fd320bfd5a86f8c92a94d3209edf4154dea|0x9d84ce0306f8551e02efef1680475fc0f1dc1344,0.1,0.2255,0.226,0.0005,0.1975,flipped,2026-08-22,,-0.0126
43898757872820987638297146930820621323643875433360934741436059076419637367671,0xe5463afaa79590b9c48094e031791ccc575b51936ab1a4b260f8ca0e8ed2c48b,"Will Bitcoin dip to $65,000 in August?",crypto,2026-09-01,2026-08-21,2,0x6db983ff1cbc85249e64e6ccd101aaa613ba4ab5|0xe734e7bf7cfb9e464681f71822f6c2f6be514f0c,0.1,0.075,0.08,0.005,0.008,flipped,2026-08-28,,-0.09
20326394798700413571801660749437036272627203479853632032510011746755865615562,0x024b68f77bfc019341ee3db8f57c103334e4b9430bba4746d8c94aafd8b36fee,"Will Bitcoin dip to $45,000 by December 31, 2026?",crypto,2027-01-01,2026-08-21,2,0x1465b79bff7992bc703e1aafb3683b1089647072|0x6db983ff1cbc85249e64e6ccd101aaa613ba4ab5,0.1,0.895,0.9,0.005,0.92,flipped,2026-09-09,,0.0022
102270650225797845195454805763498397874386067232149902550118294787057200324741,0xfd105823dbf627e8a57aa1924703ef23138050d9d8da4a98a5136ea2ad98acd4,"Will Bitcoin reach $80,000 in August?",crypto,2026-09-01,2026-08-22,2,0x6db983ff1cbc85249e64e6ccd101aaa613ba4ab5|0xf705fa045201391d9632b7f3cde06a5e24453ca7,0.1,0.5905,0.594,0.0035,0.591,flipped,2026-08-22,,-0.0005
23087349975908951689849809689657583268158750956541808535385269508170739441669,0xf9b6b5c3c6e07afe4aad6ed9ce4fa7545f9c2baa9f1dc632cd81a085c99acfe4,"Will Bitcoin reach $120,000 by December 31, 2026?",crypto,2027-01-01,2026-08-22,2,0x6db983ff1cbc85249e64e6ccd101aaa613ba4ab5|0xf705fa045201391d9632b7f3cde06a5e24453ca7,0.1,0.885,0.89,0.005,0.915,open,,,
78013562540101275811809066249904724011227027769199332437495788738716521577107,0xdce4dcd5fd95e2636c72a76c4888a081c1bf2164d5eb2955b16aca09122a212a,LoL: Team WE vs LGD Gaming (BO3) - LPL Group Ascend,other,2026-08-22,2026-08-22,2,0xf201a19b43471261a3c1ba9247335d55270e527e|0xf377b9fb12a4b7507a4f997461a73eb30b564159,0.1,0.325,0.33,0.005,1.0,won,2026-08-22,1.0,0.203
105052147545219235703104586478595420038539947037864810636460567924609337232421,0x6ea7f0313c819fc14e8669ab6bc762119fc1e1714db8be44d53d80a5a411d28c,LoL: Team WE vs LGD Gaming - Game 2 Winner,other,2026-08-22,2026-08-22,2,0xf201a19b43471261a3c1ba9247335d55270e527e|0xf377b9fb12a4b7507a4f997461a73eb30b564159,0.1,0.72,0.74,0.02,1.0,won,2026-08-22,1.0,0.0351
34831007622752009482478670017146696652033019710166849651975981799034568366373,0x2bee95a0f2a956958b70967fffefd306f3145d43c8aa59535350ab98cd72c2cb,LoL: Dplus KIA vs Gen.G - Game 2 Winner,other,2026-08-22,2026-08-22,2,0x684299e6ac5595ff7f78f1f1edc97e77fea420d0|0xf377b9fb12a4b7507a4f997461a73eb30b564159,0.1,0.555,0.56,0.005,1.0,won,2026-08-22,1.0,0.0786
86418926490900550628828339666018309500864587839113934884302631373397137097899,0x2e6a7194603782511e35a17b0396a9aede2396459ae6343908e78d7facbbeaef,LoL: Ninjas in Pyjamas vs Invictus Gaming - Game 1 Winner,other,2026-08-22,2026-08-22,2,0x684299e6ac5595ff7f78f1f1edc97e77fea420d0|0xf377b9fb12a4b7507a4f997461a73eb30b564159,0.1,0.345,0.35,0.005,1.0,won,2026-08-22,1.0,0.1857
77557558247868834326881856039890080063196285997075844530459236964356018527963,0xcbc1b26703865a4b317ae00eba7bcdba3fc34be3098c38ed770995c967dec211,Will XRP reach $2.00 in August?,crypto,2026-09-01,2026-08-22,2,0xab51c55eb5cefec49c52a174acc10b3cd69e2473|0xf705fa045201391d9632b7f3cde06a5e24453ca7,0.1,0.115,0.148,0.033,0.0,lost,2026-09-01,0.0,-0.1
60791000819008802717757941128538238710885904898250935733679523954688353799890,0xf6c18899124512a1b0c76a09f440b1e735dbbc6fe0d5ca4584bbde72acdda6d0,Will XRP reach $2.20 in August?,crypto,2026-09-01,2026-08-22,2,0xab51c55eb5cefec49c52a174acc10b3cd69e2473|0xf705fa045201391d9632b7f3cde06a5e24453ca7,0.1,0.057,0.065,0.008,0.0,lost,2026-09-01,0.0,-0.1
45349201673033527447768645359864385869991777646128023206959790874029348120325,0x10c4cebc5321a6aed969e702847cb2585eaddebbcf8e5f50cc7fffa450901252,"Will Bitcoin dip to $67,500 in August?",crypto,2026-09-01,2026-08-22,2,0x6db983ff1cbc85249e64e6ccd101aaa613ba4ab5|0xf705fa045201391d9632b7f3cde06a5e24453ca7,0.1,0.1,0.11,0.01,0.005,flipped,2026-08-30,,-0.0955
58934772812121845536960060739940872473706732919207396740821739825921647791275,0x70584525d6c53d32ede871c59037e5ce914140010ed42aa98fad03e9e46c8dcc,"Will Bitcoin reach $87,500 in August?",crypto,2026-09-01,2026-08-22,2,0x6db983ff1cbc85249e64e6ccd101aaa613ba4ab5|0xf705fa045201391d9632b7f3cde06a5e24453ca7,0.1,0.095,0.1,0.005,0.0,lost,2026-09-01,0.0,-0.1
72739316523858479816906805619832308458888360975886863074336484009500930856438,0xb1e1ae2c6ee3f17b3c79b7ff2c36b2d90766dd6c0f2e6ba467d5232d882522d1,"Will Bitcoin reach $90,000 in August?",crypto,2026-09-01,2026-08-22,2,0x6db983ff1cbc85249e64e6ccd101aaa613ba4ab5|0xf705fa045201391d9632b7f3cde06a5e24453ca7,0.1,0.075,0.08,0.005,0.0415,flipped,2026-08-27,,-0.0481
33845737663413960170985492786440998521551287949819743740394448926263971272381,0x5c661c21175bc9d17e40368caaf5a835daffd47b70a0e0c4504dde970e6b0d3f,"Will Bitcoin dip to $75,000 in August?",crypto,2026-09-01,2026-08-22,2,0x6db983ff1cbc85249e64e6ccd101aaa613ba4ab5|0xf705fa045201391d9632b7f3cde06a5e24453ca7,0.1,0.34,0.35,0.01,0.685,flipped,2026-08-28,,0.0957
12441167212229750268659752951509231773978449399558023877007225411177778794121,0x317323044ed5c5295ac3ac6e984dcd31be99bda30818df47b82b1ce019d05b23,"Will Bitcoin dip to $70,000 in August?",crypto,2026-09-01,2026-08-22,2,0x6db983ff1cbc85249e64e6ccd101aaa613ba4ab5|0xf705fa045201391d9632b7f3cde06a5e24453ca7,0.1,0.18,0.19,0.01,0.0,lost,2026-09-01,0.0,-0.1
87205176363338814709708203899309446917881667334315183367756187844453520430452,0x1f81531d74cd9adc1b1f3d5cb09a749530581483dd18fdc89dfca4036aa6e72d,"Will Ethereum reach $2,600 in August?",crypto,2026-09-01,2026-08-23,2,0x1465b79bff7992bc703e1aafb3683b1089647072|0xf705fa045201391d9632b7f3cde06a5e24453ca7,0.1,0.4225,0.423,0.0005,0.0,lost,2026-09-01,0.0,-0.1
38508858428676968447825900892305750232615791339175195608011299023691549494960,0xcf25ccc8360f3952139fb5e3f14cb9bb0636cb53d0e30e947321ceccab7e9780,"Will Ethereum dip to $1,500 by December 31, 2026?",crypto,2027-01-01,2026-08-23,2,0x1465b79bff7992bc703e1aafb3683b1089647072|0x6db983ff1cbc85249e64e6ccd101aaa613ba4ab5,0.1,0.8545,0.861,0.0065,0.8715,open,,,
45703704411582499464332374069133096759975115041207788028520907227627254299472,0x766996108017c3b6452c23db79ab1c714d8d9d9da846a4c316f5e047754a229d,"Will Ethereum dip to $1,250 by December 31, 2026?",crypto,2027-01-01,2026-08-23,2,0x1465b79bff7992bc703e1aafb3683b1089647072|0x6db983ff1cbc85249e64e6ccd101aaa613ba4ab5,0.1,0.885,0.89,0.005,0.935,flipped,2026-09-08,,0.0051
89384721767526056909881321094852287855436067743554155484781205764118128944311,0xbb379a14cd03f68c35c279ddbd928a6326f4fd2e21827f8cdaaf59715d6df50e,"Will Bitcoin reach $90,000 by December 31, 2026?",crypto,2027-01-01,2026-08-23,2,0x6db983ff1cbc85249e64e6ccd101aaa613ba4ab5|0xf705fa045201391d9632b7f3cde06a5e24453ca7,0.1,0.445,0.45,0.005,0.405,open,,,
62623935470458977417406553104683407265946099505568492392099133945579116812212,0x858d332e90d1e1e2df9722cc8c95d1fd05511f058826a2672c51527dbafc5439,"Will Ethereum dip to $2,100 in August?",crypto,2026-09-01,2026-08-23,2,0x1465b79bff7992bc703e1aafb3683b1089647072|0xf705fa045201391d9632b7f3cde06a5e24453ca7,0.1,0.885,0.9,0.015,0.9965,flipped,2026-08-30,,0.0107
5649717099758674861276159343380402289083378331461490840325685141994171250523,0x8126317d621047fb13d508a2651eecc8d38305904671822a62309c5aabd353aa,Will Marine Le Pen win the 2027 French presidential election?,politics,2027-04-30,2026-08-24,2,0x21064fd320bfd5a86f8c92a94d3209edf4154dea|0x21ffd2b7a212a6f277ed3eca1a9f8efcbca90d71,0.1,0.6835,0.684,0.0005,0.6665,flipped,2026-08-27,,-0.0026
103233456944535770064535084746323132698241141769628138054370458021432484856079,0x14d327328063504ab74b2ab11fe68ad305525fafc70effcd5ba5c5c688971988,Will Avengers: Doomsday have the best domestic opening weekend in 2026?,other,2026-12-31,2026-08-24,2,0x21064fd320bfd5a86f8c92a94d3209edf4154dea|0x21ffd2b7a212a6f277ed3eca1a9f8efcbca90d71,0.1,0.645,0.65,0.005,0.455,open,,,
47351249213522680756506741757494567203807850126452422751640191537649078390088,0x84331a630a2ab7b5e09c0c5120a33fd074b50941b173fcbddbfde025f1b9ac04,Will Eduardo Braga win the most votes in the 2026 Amazonas Senate election?,politics,2026-10-04,2026-08-24,2,0x21064fd320bfd5a86f8c92a94d3209edf4154dea|0x21ffd2b7a212a6f277ed3eca1a9f8efcbca90d71,0.1,0.23,0.24,0.01,0.18,flipped,2026-08-25,,-0.025
47521278881781494184349388626320305507000829699034892867477650591588156258276,0x11e5fb36dabf2b8b5a13dd0ffc13b192f390adc6ea5cf4d0c5a9112c4825a1d8,Will Benfica win the 2026-27 Primeira Liga Championship?,sports,2027-05-30,2026-08-26,2,0x21064fd320bfd5a86f8c92a94d3209edf4154dea|0xe40aaa5ce1dac0b7dc24c9d0284f27e17c3fe4a2,0.1,0.645,0.65,0.005,0.645,open,,,
16689957831236540536260525338465978250104877107737781746947331717125360619277,0x58d20d530b4d42c1e9441f77239ed9b5a4b8f3ba2027a0df8def2cc71bd7280c,"Will Ethereum dip to $2,300 in August?",crypto,2026-09-01,2026-08-27,2,0x1465b79bff7992bc703e1aafb3683b1089647072|0xf705fa045201391d9632b7f3cde06a5e24453ca7,0.1,0.89,0.9,0.01,1.0,won,2026-09-01,1.0,0.0111
16452503807171203765163764339828725057420138646691824475076039506871221023349,0xadbd0a8f379d45f01d42cac8984736493223d6100fa719ab16a110e222c9523f,"Will Ethereum dip to $2,400 in August?",crypto,2026-09-01,2026-08-27,2,0x1465b79bff7992bc703e1aafb3683b1089647072|0xf705fa045201391d9632b7f3cde06a5e24453ca7,0.1,0.6,0.62,0.02,0.0,lost,2026-08-31,0.0,-0.1
7684846071757349710986932648273020068403314093389053808586453257923162490732,0x280093bfc0537118b85c5ed9e63e022dc904e4b3e32c0e3b4aaca5c62e8059bd,Los Angeles Dodgers vs. Atlanta Braves,other,2026-09-03,2026-08-27,2,0x14c7111afa871fb215339f365043d7b2837b9ccf|0x65c18d740c8246af3353741c0b32e4b6da552988,0.1,0.655,0.66,0.005,1.0,won,2026-08-28,1.0,0.0515
94663886901605637140792846889014641988546229259880701829967021200326215419887,0x0f1370c3ced1a55b7cc0491edae1adc0f9709802430780d1145f28b4cf547575,LoL: Shifters vs Team Heretics - Game 1 Winner,other,2026-08-28,2026-08-28,2,0xb35f674af4603c9602dfbf39564087e94897cf4c|0xc9a24fa249cf907c598544a4d46c077c1edf77d3,0.1,0.395,0.4,0.005,0.0,lost,2026-08-28,0.0,-0.1
7034738716527720342003762096409377734242803132449107591883211093371588431102,0xaa9800331562ec17c78273e9b1d7a37ed9742a7261adb2dff2afc3ef4317c93f,Winston-Salem Open: Ignacio Buse vs Benjamin Bonzi,other,2026-09-04,2026-08-28,2,0xa4fd70a8d79c3433ca2eb967ee605a356986748b|0xcd65c3279408a33866a9129bed6943064cb6ee96,0.1,0.775,0.78,0.005,1.0,won,2026-08-29,1.0,0.0282
90832070909492788007408976186085311967006039468748360757098203515133568826569,0x617173074f457db14a09e9b50bbe393ea2b810bebaad4a11ef11270209cd5433,Monterrey Open: Diane Parry vs Ann Li,other,2026-09-04,2026-08-28,2,0xa4fd70a8d79c3433ca2eb967ee605a356986748b|0xcd65c3279408a33866a9129bed6943064cb6ee96,0.1,0.27,0.29,0.02,1.0,won,2026-08-29,1.0,0.2448
26475704023226632139343572345713300815341075544299322896589107785506938863393,0x8e599a0a3ffb506d2fdc10ba2f00a5754a742ff96f6943b7d76bb03bc6ddce2f,LoL: Top Esports vs LGD Gaming - Game 1 Winner,other,2026-08-29,2026-08-29,2,0x16602a38e8fb4498ffee0ea81e08d2b421825598|0xa4fd70a8d79c3433ca2eb967ee605a356986748b,0.1,0.535,0.55,0.015,1.0,won,2026-08-29,1.0,0.0818
79365827555900235124849885187639793749916793265719077485224588144183229021585,0xc6db751f827c061c385ba5ec3afe9d92d6d2bf951e6eda3ee862aed1cc11ea4d,LoL: Top Esports vs LGD Gaming - Game 2 Winner,other,2026-08-29,2026-08-29,2,0x16602a38e8fb4498ffee0ea81e08d2b421825598|0xa4fd70a8d79c3433ca2eb967ee605a356986748b,0.1,0.375,0.39,0.015,0.0,lost,2026-08-29,0.0,-0.1
74686986245374141247552998723675023565970181212132643001130235566876581420189,0x7df1d4ec251ba238a5578afbaf4a83e5650c69d2b92d59a0629fc3d67cbcb05f,LoL: Top Esports vs LGD Gaming (BO5) - LPL Playoffs,sports,2026-08-29,2026-08-29,2,0x16602a38e8fb4498ffee0ea81e08d2b421825598|0xc9a24fa249cf907c598544a4d46c077c1edf77d3,0.1,0.66,0.67,0.01,1.0,won,2026-08-29,1.0,0.0493
29404455220133259400004916772786187817475211291350975532368278463124918268133,0x406b4c278e28fc6fd52dde1e871f9918302c6d9e6f38ec8ff4aef4c527b16c3f,LoL: T1 vs BNK FEARX - Game 4 Winner,other,2026-08-29,2026-08-29,2,0x16602a38e8fb4498ffee0ea81e08d2b421825598|0xa4fd70a8d79c3433ca2eb967ee605a356986748b,0.1,0.8,0.809,0.009,1.0,won,2026-08-29,1.0,0.0236
43795924639979902349979476638657664820583607053816920311773708282023947731634,0xbd6d74cb08970ee0940184580b18ac4ff993369477c50beea36faef3ad64286a,Will Real Betis Balompié win on 2026-08-29?,other,2026-08-29,2026-08-29,2,0x14c7111afa871fb215339f365043d7b2837b9ccf|0x16602a38e8fb4498ffee0ea81e08d2b421825598,0.1,0.415,0.42,0.005,0.0,lost,2026-08-29,0.0,-0.1
90909510732249371754797034106293913770238015144511593313143432510792754462882,0x06c2bbae0fa8ebebb570011310582e74c821631418ad448c0b2622a93441a88a,Dota 2:  Pipsqueak+4 vs Level UP (BO3) - BLAST Slam Europe Closed Qualifier Playoffs,sports,2026-08-30,2026-08-29,2,0x16602a38e8fb4498ffee0ea81e08d2b421825598|0xa4fd70a8d79c3433ca2eb967ee605a356986748b,0.1,0.385,0.4,0.015,0.0,lost,2026-08-29,0.0,-0.1
81189128639069402156888978888227970399538308671842633716285613672568016292780,0x172b6d9d62cc7700efd9abc2d2caca06a45a54c18ad4a379eb7c9ed7e4a4f713,"Will the Ornn B200 Index be between $5.50 and $6.00 on August 31, 2026?",other,2026-08-31,2026-08-30,2,0x5a218c7ad04135830a45c41aaed7294df7809318|0xc8ab97a9089a9ff7e6ef0688e6e591a066946418,0.1,0.77,0.8,0.03,1.0,won,2026-09-01,1.0,0.025
31204839714361112071184786311177509453789630517489808991756942147419467002439,0x25f6d52c505178fff40c986a22f22dcb4e227f0413c11c684cd66809addb6901,Will Julian Alvarez join Arsenal?,other,2026-09-02,2026-08-30,2,0x5a218c7ad04135830a45c41aaed7294df7809318|0xc8ab97a9089a9ff7e6ef0688e6e591a066946418,0.1,0.855,0.861,0.006,0.8545,flipped,2026-08-31,,-0.0008
83299529813558270025710901810698194033465275306241482420648886347833312901638,0x5633b7ff2b7aded06c8313898e1a9442b8d04274621075c30ee7525f09afe907,"Will ""The Dog Stars"" Opening Weekend Box Office be between 8m and 9m?",culture,2026-08-30,2026-08-30,2,0x5a218c7ad04135830a45c41aaed7294df7809318|0xc8ab97a9089a9ff7e6ef0688e6e591a066946418,0.1,0.176,0.21,0.034,0.0,lost,2026-09-01,0.0,-0.1
33901794147291834049542127497389224266004973563807295527659543124287676571272,0xd4cea7608974a3f2df2c6cd4aac691f17d251b874ee4e8eea39af6949c4ad995,Will Arsenal FC win on 2026-08-31?,other,2026-08-31,2026-08-31,2,0x16602a38e8fb4498ffee0ea81e08d2b421825598|0xcd65c3279408a33866a9129bed6943064cb6ee96,0.1,0.845,0.85,0.005,1.0,won,2026-08-31,1.0,0.0176
105641472088868601826832936975417579990762230371793889383400823217553799806393,0x97af68680bbdd486b3509584be2808ec1d802178bd940537e5e85d82a502fe7e,US Open ATP: Martin Damm vs Frances Tiafoe,other,2026-09-06,2026-09-01,2,0x565c09cd32dbbde32d5b4fcd6c49d55dd84f878d|0xe9076a87c5ed90ef16e6fe6529c943baeca0cff6,0.1,0.135,0.14,0.005,0.0,lost,2026-09-01,0.0,-0.1
76809312504238302167124361688241032213221579916763767781188495728688382274196,0xf0386b0b69ffcfe214b7ad36c1340b4f7457ef5ecb036a1d55a91f7676aa41ff,New York Yankees vs. Los Angeles Angels,other,2026-09-08,2026-09-01,2,0xcd65c3279408a33866a9129bed6943064cb6ee96|0xef1bfe068ea3eb4c357d95805baf1050fd528697,0.1,0.425,0.43,0.005,0.0,lost,2026-09-01,0.0,-0.1
104540272455179972761877883420145785378252555827612294686103372422454517022795,0x521f47a92f4b086951ce732496988ce0696a2c85ddc89e5bcd1ec621ab07568e,Baltimore Orioles vs. Colorado Rockies,other,2026-09-08,2026-09-01,2,0x54c23f20d9247ee86417685646bc655959bc23ad|0xef1bfe068ea3eb4c357d95805baf1050fd528697,0.1,0.52,0.53,0.01,1.0,won,2026-09-01,1.0,0.0887
106375876055695859045413141458606643340242853794519126089005356920987236120368,0xd64b917e1f7cdf1ad3f51326cf8985ce80e140291d2eaf2bf62821ef02231550,Strait of Hormuz traffic returns to normal by November 30?,other,2026-11-30,2026-09-01,2,0x7523cafcee7bcf2db9a79d80e0d79b88a9a54c4c|0xc8ab97a9089a9ff7e6ef0688e6e591a066946418,0.1,0.815,0.82,0.005,0.835,flipped,2026-09-07,,0.0018
45616597027927994404486413287361000068169599668527207960164030011513161114219,0xcfdf507e7677114ebd2da6371b167c8e2f19b1a048f1b9f92f139c9553fc9364,"Will the next Google Gemini Pro model be released by September 30, 2026?",other,2026-10-01,2026-09-01,2,0x5a218c7ad04135830a45c41aaed7294df7809318|0xc8ab97a9089a9ff7e6ef0688e6e591a066946418,0.1,0.795,0.8,0.005,0.805,flipped,2026-09-02,,0.0006
11876606915924142133615854761923277060697657209957870741155164849437788272266,0x684e5b72d4e407695397a79ed75ef37273c2655ca2548791a4153233d3744696,Will NVIDIA be the largest company in the world by market cap on December 31?,other,2026-12-31,2026-09-01,2,0x6c8b154ddf173760ac3916af5504d1f1f2ae645c|0xc8ab97a9089a9ff7e6ef0688e6e591a066946418,0.1,0.75,0.76,0.01,0.725,flipped,2026-09-11,,-0.0046
85779851379341776458330036851548114381176093953202542863538086591922931585951,0x73d8a8208d23a74937d114a713d6a56cd4161a1068056c52ac74c8419c99da7c,Fed Rate Hike by September 2026 Meeting?,macro,2026-12-09,2026-09-01,2,0x3a8aa345d5db7ec5138298c8c4f4540259be7699|0xc8ab97a9089a9ff7e6ef0688e6e591a066946418,0.1,0.575,0.58,0.005,0.56,flipped,2026-09-02,,-0.0034
83940088827946131954256031769173292832454905542077707195992889870412637520503,0x842334839038670d06ac7f03430aaf4e91502edbb2cc1d628571d37919b8ce21,"Will OpenAI’s Astra model be released by September 9, 2026?",other,2026-09-09,2026-09-01,2,0x5a218c7ad04135830a45c41aaed7294df7809318|0xc8ab97a9089a9ff7e6ef0688e6e591a066946418,0.1,0.26,0.28,0.02,0.115,flipped,2026-09-04,,-0.0589
28625979142932956763855315278236609234782442826220637831645093919451024845204,0x503a7680496937ce0dfecdd35816fb1506fc87824d4e363d1adaf944b7065616,"Will OpenAI’s Astra model be released by September 4, 2026?",other,2026-09-04,2026-09-01,2,0x5a218c7ad04135830a45c41aaed7294df7809318|0xc8ab97a9089a9ff7e6ef0688e6e591a066946418,0.1,0.36,0.4,0.04,0.14,flipped,2026-09-02,,-0.065
9169195130328767293271933483714996620417588874568486810872843213547789880754,0x59051d0d37a3fdc04f6ba94f67af5ac2f086d01edfb2db98c0512c6f80c3c963,"Will OpenAI’s Astra model be released by September 3, 2026?",other,2026-09-03,2026-09-01,2,0x5a218c7ad04135830a45c41aaed7294df7809318|0xc8ab97a9089a9ff7e6ef0688e6e591a066946418,0.1,0.38,0.44,0.06,0.235,flipped,2026-09-02,,-0.0466
97050921740416192996389806693742575608111328819185493163189880975611314813724,0xa3b36b2d6104d34af4e6c6215fc818e43352e78a748fbfb0b85e3a35f71dec9a,Will there be no change in Fed interest rates after the September 2026 meeting?,macro,2026-09-16,2026-09-02,2,0x3a8aa345d5db7ec5138298c8c4f4540259be7699|0x7b02b2bac2a30ed5e40b7094e734f4c3dc2a4991,0.1,0.595,0.6,0.005,0.525,flipped,2026-09-08,,-0.0125
42819687634672881483617510271698078404051708570906741617482740253212535042722,0x04cfc9a4750296502a38b7dd244e7d7c7e277576f62a56e7fdff8ae9d4e27fd2,LoL: Hanwha Life Esports vs T1 (BO5) - LCK Playoffs,sports,2026-09-02,2026-09-02,3,0x58776759ee5c70a915138706a1308add8bc5d894|0x6e2c0e9474af7d720e5aba2a5b0bb6f723b7787c|0xe015b5a2a299167be835a2fd1e86f09c49e06ffd,0.1,0.655,0.66,0.005,0.0,lost,2026-09-02,0.0,-0.1
2044451707028120711219106283691883764758181178844509011729489017739510417418,0x72c3a9b6612b3898a5b8bf700830d9eea5e24111ad1973520eea7f994bb0b41e,Counter-Strike: 3DMAX vs Heroic (BO3) - IEM Beijing: Global Qualifier Playoffs,geopolitics,2026-09-02,2026-09-02,2,0x58776759ee5c70a915138706a1308add8bc5d894|0x6e2c0e9474af7d720e5aba2a5b0bb6f723b7787c,0.1,0.415,0.42,0.005,0.0,lost,2026-09-02,0.0,-0.1
52423507721894364315489486553366878109531013768510716353495651745257246503078,0x52815904c92def3e2ce1e8f45fb6fbe87f44c53c42f6f5556b371e84079c27ad,US Open ATP: Zachary Svajda vs Daniel Altmaier,other,2026-09-06,2026-09-02,2,0x9cb990f1862568a63d8601efeebe0304225c32f2|0xb4d250f58c26840e09723a83ce9c8149aa32ce99,0.1,0.094,0.098,0.004,0.0,lost,2026-09-02,0.0,-0.1
17261470005725534654298503216879421296488404573353457102496738506808615187917,0x4c96c929f6dc846e84f0b75eb075fa16b50355ddc6aab4cf794b07424a63f2cb,US Open ATP: Marcos Giron vs Ignacio Buse,other,2026-09-06,2026-09-02,2,0x9cb990f1862568a63d8601efeebe0304225c32f2|0xb4d250f58c26840e09723a83ce9c8149aa32ce99,0.1,0.56,0.57,0.01,1.0,won,2026-09-02,1.0,0.0754
84478983857065961422510397787739359630739944262821395736390969130168991982451,0x1caac48b62c0d62cf4b91ccfcf66f2061df667df95438165fc586a7159c12705,US Open ATP: Rafael Jodar vs Yunchaokete Bu,other,2026-09-08,2026-09-02,2,0x9cb990f1862568a63d8601efeebe0304225c32f2|0xb4d250f58c26840e09723a83ce9c8149aa32ce99,0.1,0.295,0.3,0.005,0.0,lost,2026-09-02,0.0,-0.1
114850867143492551593115339368215834782832254280175296630803438252964434409906,0x0941697b2f0105c2d7f6a245cfbe79ba2cc2673aa8b185675598f8c3e3c83619,US Open ATP: Ben Shelton vs Hubert Hurkacz,other,2026-09-09,2026-09-02,2,0x5c50e006298ae03ea9e73533f68b205b750ee0c9|0xb4d250f58c26840e09723a83ce9c8149aa32ce99,0.1,0.145,0.15,0.005,0.0,lost,2026-09-02,0.0,-0.1
43829816221088024019477571876810945207357020645933928220017589048399347273776,0x4c96c929f6dc846e84f0b75eb075fa16b50355ddc6aab4cf794b07424a63f2cb,US Open ATP: Marcos Giron vs Ignacio Buse,other,2026-09-06,2026-09-02,2,0x5c50e006298ae03ea9e73533f68b205b750ee0c9|0xb4d250f58c26840e09723a83ce9c8149aa32ce99,0.1,0.225,0.23,0.005,0.0,lost,2026-09-02,0.0,-0.1
78829539034466989639374913369045054720420668463939913666545126870806157881017,0x1caac48b62c0d62cf4b91ccfcf66f2061df667df95438165fc586a7159c12705,US Open ATP: Rafael Jodar vs Yunchaokete Bu,other,2026-09-08,2026-09-02,2,0x5c50e006298ae03ea9e73533f68b205b750ee0c9|0xb4d250f58c26840e09723a83ce9c8149aa32ce99,0.1,0.885,0.89,0.005,1.0,won,2026-09-02,1.0,0.0124
59136067776529950356648175051814884567570759844369230040493420715085567819282,0x4ee590e580718f0fad084e9242df044da82eb86e5e61810fdbc7d09a9af7611e,1st Half Spread: Lille OSC (-1.5),other,2026-09-03,2026-09-02,2,0xc0f89d4e30b3ab40ab1f1979ebdcf8a02c39ae2e|0xdecffda0ca685646001e7f2f525f39de905f4daf,0.1,0.835,0.85,0.015,1.0,won,2026-09-03,1.0,0.0176
56639206566221944634186673347117569300626815210986564244523986997940935220684,0xdd32a3e02e60ae8a9cfcf41ef33727274d8d435cf0bcee02b9fa60e291ad4ffa,Will Naomi Osaka advance to the Quarterfinals in Women's Singles at the 2026 US Open?,politics,2026-09-09,2026-09-03,2,0x970998da056e60c707d9b1fc55cfdf3d68c252ab|0xc0f89d4e30b3ab40ab1f1979ebdcf8a02c39ae2e,0.1,0.26,0.29,0.03,0.0,lost,2026-09-08,0.0,-0.1
64456876697515437790435426826257329716870625141528473482156725521631315078721,0xe075437767b3f7dabf5b70c2a246c7d515e4dfc7f1ca91d440406334e99de746,Toledo vs. Michigan State: 4Q Moneyline,other,2026-09-05,2026-09-03,2,0x970998da056e60c707d9b1fc55cfdf3d68c252ab|0xc0f89d4e30b3ab40ab1f1979ebdcf8a02c39ae2e,0.1,0.3,0.33,0.03,0.0,lost,2026-09-05,0.0,-0.1
96988335519341767224870997646607198879274561951748572733323429106342578069917,0x3abfd989b2d4c231885a01dd58153e37e0a5cdbbd6e9df592b6ce02de7da3d0a,Colorado vs. Georgia Tech: 1Q Moneyline,other,2026-09-04,2026-09-03,2,0x970998da056e60c707d9b1fc55cfdf3d68c252ab|0xc0f89d4e30b3ab40ab1f1979ebdcf8a02c39ae2e,0.1,0.405,0.48,0.075,0.505,open,,,
55416780440604592511203488156133106808492066967953382305159263249877887319224,0x8dbba3614c5af30927ba8b37c121b910874b5318501ad5ee16a43d5fb0432c49,1st Half Spread: Real Sociedad de Fútbol (-1.5),other,2026-09-03,2026-09-03,2,0x970998da056e60c707d9b1fc55cfdf3d68c252ab|0xc0f89d4e30b3ab40ab1f1979ebdcf8a02c39ae2e,0.1,0.85,0.86,0.01,1.0,won,2026-09-03,1.0,0.0163
90191808209659663073184571439264564756851942222275169951952216516345964759886,0xc7189e6fa0f1d494bff5539d7d57a3e57d4bb4fff9f9c9693c361de09072be7f,US Open ATP: Jan-Lennard Struff vs Francisco Cerundolo,other,2026-09-09,2026-09-03,2,0x1f7105a18d9f36aef7c83e5df210e57cf487b2e4|0x9cb990f1862568a63d8601efeebe0304225c32f2,0.1,0.645,0.65,0.005,1.0,won,2026-09-03,1.0,0.0538
48719691173151677934272530281516415120091181379826863201262316018593423941004,0x3a3ea86e30d9deeec9ecb16f246151359074f55c7f7312d72394dd6627b0d75e,Athletics vs. Seattle Mariners,other,2026-09-11,2026-09-04,2,0xabb89972b21b304c1bed2bf26f35c8741ac9bba3|0xbca08c1bc204a34f2fddbe47b438b9bd42ac9705,0.1,0.785,0.79,0.005,1.0,won,2026-09-04,1.0,0.0266
74447326403544426054708228884477948647584073991822540214323945688419277307557,0x9500e74e6d2f34035c373bc91ad9ea2a232b7c19012c30678b9c2e7041a55b93,St. Louis Cardinals vs. Los Angeles Dodgers,other,2026-09-11,2026-09-04,2,0xbca08c1bc204a34f2fddbe47b438b9bd42ac9705|0xc32359bbc920b365a05cd310b9a998508c980077,0.1,0.505,0.51,0.005,1.0,won,2026-09-04,1.0,0.0961
57678397315943103541960480780474789642001271764532737332908972635804782613945,0x3a3ea86e30d9deeec9ecb16f246151359074f55c7f7312d72394dd6627b0d75e,Athletics vs. Seattle Mariners,other,2026-09-11,2026-09-04,2,0xbca08c1bc204a34f2fddbe47b438b9bd42ac9705|0xc32359bbc920b365a05cd310b9a998508c980077,0.1,0.215,0.22,0.005,0.0,lost,2026-09-04,0.0,-0.1
74898862376329480999637061332477612717768323717905303499786340242679167686795,0x503a7680496937ce0dfecdd35816fb1506fc87824d4e363d1adaf944b7065616,"Will OpenAI’s Astra model be released by September 4, 2026?",other,2026-09-04,2026-09-04,2,0x5a218c7ad04135830a45c41aaed7294df7809318|0xe234959595e01dacd391a9502a6ad0edf4e3304a,0.1,0.2085,0.22,0.0115,1.0,won,2026-09-04,1.0,0.3545
48126893561199088043786694274659675285721443157560924169331694182432468988633,0x537df24dbae425e973a421983b6ee570d582cac06b5fdbebef099d3d07913985,Will Anthropic have the best AI model at the end of September 2026?,other,2026-10-01,2026-09-04,2,0x5a218c7ad04135830a45c41aaed7294df7809318|0xe234959595e01dacd391a9502a6ad0edf4e3304a,0.1,0.195,0.2,0.005,0.115,flipped,2026-09-09,,-0.0425
70658309282610412659849520407370274189888994735485551720460777420587971989044,0x6753180082c3024e0727352387066cabf13fd2ebea317ec4394baa8d8a86c1ea,"Gemini 4.0 released by September 30, 2026?",other,2026-10-01,2026-09-04,2,0x75a27d0cc95b3586297c1e6b5417269332cd6992|0xe234959595e01dacd391a9502a6ad0edf4e3304a,0.1,0.325,0.33,0.005,0.13,open,,,
64579529433342108245015251144774387773826810196788972410098896527975312280028,0xe19ddd7a87ad62801fdd2387d8c1056a7521e11110af4fc009b9189924a01760,Spread: Cleveland Guardians (-1.5),other,2026-09-04,2026-09-04,2,0x5a218c7ad04135830a45c41aaed7294df7809318|0xbca08c1bc204a34f2fddbe47b438b9bd42ac9705,0.1,0.5625,0.878,0.3155,1.0,won,2026-09-04,1.0,0.0139
42628407910264779712763168341755008180829417913730352235953296347468548227970,0x38a2dd2fa92e9fc41141051dc2329ee408d6e0d36a71c4e30511b8234157d21e,LoL: Invictus Gaming vs Top Esports - Game 3 Winner,other,2026-09-05,2026-09-05,2,0x16602a38e8fb4498ffee0ea81e08d2b421825598|0xce29c0049a9abc3ce97ccca91bae0a480d073b0d,0.1,0.31,0.32,0.01,0.0,lost,2026-09-05,0.0,-0.1
91333850106346731415090730931599475990518014847286399491051380651652203791164,0x23b3fc2cebcd295a8f7f9260598dd0340606a72370bfb79176e555050236d61d,LoL: Gen.G vs Hanwha Life Esports - Game 1 Winner,other,2026-09-05,2026-09-05,2,0x16602a38e8fb4498ffee0ea81e08d2b421825598|0xce29c0049a9abc3ce97ccca91bae0a480d073b0d,0.1,0.455,0.46,0.005,1.0,won,2026-09-05,1.0,0.1174
37663839323351417993182198979005065960500417624044684620183192119104618652047,0xe711da7c4c2256ca421407b02e13e5c59c438da4f81a8a12960e0744cf229951,LoL: Gen.G vs Hanwha Life Esports - Game 2 Winner,other,2026-09-05,2026-09-05,3,0x16602a38e8fb4498ffee0ea81e08d2b421825598|0x578453283f84531385b3af49e29e410553692371|0xce29c0049a9abc3ce97ccca91bae0a480d073b0d,0.1,0.305,0.32,0.015,0.0,lost,2026-09-05,0.0,-0.1
40494005936462445051959154126874027015581557801602910299758169365253132467157,0xf5a8bbc960647e681ddf5da36d8b2503442e7440b2635720c747d6547eaeeba0,LoL: Invictus Gaming vs Top Esports - Game 4 Winner,other,2026-09-05,2026-09-05,2,0x16602a38e8fb4498ffee0ea81e08d2b421825598|0x578453283f84531385b3af49e29e410553692371,0.1,0.455,0.46,0.005,1.0,won,2026-09-05,1.0,0.1174
69267822647368697070874251227496905044116842935303240541928080908407395422861,0xe02bca1d967a13fa2d6ddc2aa948d23f0836f7c1ba7f152fc93b154e66d566d4,Will Newcastle United FC vs. AFC Bournemouth end in a draw?,other,2026-09-05,2026-09-05,2,0x0353aaf82abbd3e69c00059df0a825bc198fc2ff|0x5a218c7ad04135830a45c41aaed7294df7809318,0.1,0.255,0.26,0.005,1.0,won,2026-09-05,1.0,0.2846
33652623892535350950518217723830904212266085990607174127402837206679813002412,0x38b5da63a3774de155aa508bd61da454791653eeefd65a48f61fd3b996de92e1,Will Newcastle United FC win on 2026-09-05?,other,2026-09-05,2026-09-05,2,0x0353aaf82abbd3e69c00059df0a825bc198fc2ff|0x5a218c7ad04135830a45c41aaed7294df7809318,0.1,0.155,0.16,0.005,0.0,lost,2026-09-05,0.0,-0.1
77091723141451110052148088406425861538466198458482056516894735425010063231102,0x8e1ae84b627a8bfd5ba87022804086396e572002b88ef5cdad1043d6efe11400,Spread: Manchester City FC (-2.5),other,2026-09-05,2026-09-05,2,0x5a218c7ad04135830a45c41aaed7294df7809318|0x6f0ebea3c2e777699519ee128faaa07a9d0b2ee5,0.1,0.87,0.88,0.01,1.0,won,2026-09-05,1.0,0.0136
79352657125879755949240189889188729104858973701110900315690002810567914032513,0xebc4621044189f62a138eb63323ead87b1f5b8cbc7846dbd3fe1b605df50b45f,US Open ATP: Taylor Fritz vs Francisco Cerundolo,other,2026-09-11,2026-09-05,2,0x0353aaf82abbd3e69c00059df0a825bc198fc2ff|0x42c99f38d2b951b0dc8e8bd5371fa80c9dd19623,0.1,0.895,0.9,0.005,0.0,lost,2026-09-05,0.0,-0.1
501265140809899391871121113260806085408444408360662959824305401680471566308,0xec7f9a8c0f7d5ee3d881a6169d78a9a0a1b8b0f84e3006faf39152b705c0ab50,Counter-Strike: MOUZ vs Vitality (BO3) - BLAST Open Porto Playoffs,geopolitics,2026-09-05,2026-09-05,2,0x52ecea7b3159f09db589e4f4ee64872fd0bba6f3|0x5a218c7ad04135830a45c41aaed7294df7809318,0.1,0.71,0.72,0.01,0.0,lost,2026-09-05,0.0,-0.1
83741605275072529146634821843225529870984088964144968780495140554690504543131,0xddfc6aa277b1bfb1c4d2707b944e1a579b7909600f37d64a3eaead37fc6d5169,Will Spirit Win the BLAST Open Porto 2026?,sports,,2026-09-05,2,0x4f1d5ae26fc31472966e951af3183308736d8de2|0x5a218c7ad04135830a45c41aaed7294df7809318,0.1,0.355,0.36,0.005,0.0,lost,2026-09-06,0.0,-0.1
111992191864125714238669015545612875569248399789848325341196004076304841585937,0xf1c3bbe02b8db7c2c9a019a8119998c9565e48e7ebda321a09ce0690c6d92326,Will Moonshot have the best Chinese AI model at the end of September 2026?,other,2026-10-01,2026-09-05,2,0x4f1d5ae26fc31472966e951af3183308736d8de2|0x5a218c7ad04135830a45c41aaed7294df7809318,0.1,0.6615,0.667,0.0055,0.9305,open,,,
48423405923055764552969061263100267590508264020569095130359492320979578034814,0x2617cadbd861eb62a1c7bedd55c00c7d23efc266e9d9330c5ac76396f4d326bb,Will Alibaba have the best Chinese AI model at the end of September 2026?,other,2026-10-01,2026-09-05,2,0x4f1d5ae26fc31472966e951af3183308736d8de2|0x5a218c7ad04135830a45c41aaed7294df7809318,0.1,0.405,0.42,0.015,0.165,open,,,
49952287244614575734723913757649087902024339238007187585607375183859292977482,0x58d5cc2bf06a3289b127049239aee051f3b941f219efebbca02d3f50f0eb2a64,Will Magdalena Andersson be the next Prime Minister of Sweden?,politics,2026-09-13,2026-09-05,2,0x4f1d5ae26fc31472966e951af3183308736d8de2|0x5a218c7ad04135830a45c41aaed7294df7809318,0.1,0.21,0.22,0.01,0.205,flipped,2026-09-07,,-0.0068
113659866441631437105791624528759014559532652153851765644066485346138026379182,0xc4474aa04e60eb2b10873f512bdf4cc9fee505d5b269f2cb3d0f36dbc8b6fab0,Will the highest temperature in Sao Paulo be 15°C on September 6?,other,2026-09-06,2026-09-05,2,0x4f1d5ae26fc31472966e951af3183308736d8de2|0x5a218c7ad04135830a45c41aaed7294df7809318,0.1,0.63,0.64,0.01,0.0,lost,2026-09-07,0.0,-0.1
40201272061178543943967157406150117073069320238472616650797642007703807002976,0x8c8026b414edae3e7c1b76617d5296d08b8d43f7041b76251cb0845acfc9a771,Will SPD win between 5% and 7% of all valid second votes?,other,2026-09-06,2026-09-05,2,0x4f1d5ae26fc31472966e951af3183308736d8de2|0x5a218c7ad04135830a45c41aaed7294df7809318,0.1,0.605,0.61,0.005,1.0,won,2026-09-07,1.0,0.0639
17560891712113634489003332983988091040737443256046479985922610601098511556619,0x33bc701ccea324b42d48a1562860bd54ed450d0626a237346da0531f6846d1cc,Will the highest temperature in Tel Aviv be 32°C on September 6?,other,2026-09-06,2026-09-05,2,0x4f1d5ae26fc31472966e951af3183308736d8de2|0x5a218c7ad04135830a45c41aaed7294df7809318,0.1,0.725,0.74,0.015,0.0,lost,2026-09-06,0.0,-0.1
59939363397874946185417405536357001330075773982342352905971375551168915670870,0xcf0d0163e56c04b0ebe8aed3d2800553d1ccc04b016dc278f55a6b25978dbb3f,Will the highest temperature in Kuala Lumpur be 33°C on September 7?,other,2026-09-07,2026-09-05,2,0x4f1d5ae26fc31472966e951af3183308736d8de2|0x5a218c7ad04135830a45c41aaed7294df7809318,0.1,0.745,0.75,0.005,1.0,won,2026-09-07,1.0,0.0333
34058603197622667997417384387262541825289706963416462371176718215705129051869,0xfe20317d9b0bcad319d375f93a9d1ddd4106b8e49e6d6948db531b2775d18bbd,Will the highest temperature in Kuala Lumpur be 35°C on September 7?,other,2026-09-07,2026-09-05,2,0x4f1d5ae26fc31472966e951af3183308736d8de2|0x5a218c7ad04135830a45c41aaed7294df7809318,0.1,0.82,0.83,0.01,1.0,won,2026-09-07,1.0,0.0205
29499730829713745812178829523930088070111636493612171238841672895518027253763,0xf39ca6c19f3ec015809529285b12636c6242fa3f15b90a7fdc6c464e50d171e4,Will the highest temperature in Madrid be 38°C on September 6?,other,2026-09-06,2026-09-05,2,0x4f1d5ae26fc31472966e951af3183308736d8de2|0x5a218c7ad04135830a45c41aaed7294df7809318,0.1,0.88,0.9,0.02,1.0,won,2026-09-06,1.0,0.0111
69851993886324132049427771952584441451912662071402333167002322644368144634971,0x1279efb928f23f9d2bd12a896b7d0a5fe8c67c8356a9b6f53419ffb3a0362c38,Will the highest temperature in Madrid be 37°C on September 6?,other,2026-09-06,2026-09-05,2,0x4f1d5ae26fc31472966e951af3183308736d8de2|0x5a218c7ad04135830a45c41aaed7294df7809318,0.1,0.395,0.41,0.015,0.0,lost,2026-09-06,0.0,-0.1
45237052757020766620578934357372612598115445341154125954415231199164478964522,0x8712dbe3a35ee1d99a002ac7922ddfb8d9b3dc7b156ec3939c7de46467097505,Will the highest temperature in Madrid be 36°C on September 6?,other,2026-09-06,2026-09-05,2,0x4f1d5ae26fc31472966e951af3183308736d8de2|0x5a218c7ad04135830a45c41aaed7294df7809318,0.1,0.725,0.73,0.005,1.0,won,2026-09-06,1.0,0.037
23433311950282049177583732338367071387550330448097000941649741117749246574611,0xcd02e77a716f0f03b878cd21397eb57bb53217d9a8769931b5ad6b4d67a77056,US Open ATP: Michael Zheng vs Arthur Gea,other,2026-09-12,2026-09-05,2,0x0353aaf82abbd3e69c00059df0a825bc198fc2ff|0x1f7105a18d9f36aef7c83e5df210e57cf487b2e4,0.1,0.575,0.58,0.005,0.0,lost,2026-09-06,0.0,-0.1
22412287454074725738484379373865088542313994180582436347646453033895043657267,0xcd02e77a716f0f03b878cd21397eb57bb53217d9a8769931b5ad6b4d67a77056,US Open ATP: Michael Zheng vs Arthur Gea,other,2026-09-12,2026-09-05,2,0x0353aaf82abbd3e69c00059df0a825bc198fc2ff|0x979fc186184ae75754d32c4ef68d8ca00f744032,0.1,0.425,0.43,0.005,1.0,won,2026-09-06,1.0,0.1326
78624639040753901773075106689549983265663557069737666639312499535385278804163,0x90dab25da3664b7a341a6114a8c310ea526d578e1286ca97987ffb5207b8c939,US Open ATP: Zizou Bergs vs Botic van de Zandschulp,other,2026-09-12,2026-09-05,2,0x0353aaf82abbd3e69c00059df0a825bc198fc2ff|0x42c99f38d2b951b0dc8e8bd5371fa80c9dd19623,0.1,0.365,0.37,0.005,0.0,lost,2026-09-06,0.0,-0.1
40425443249552523824417030902992244195017314899827028573886733507033085028752,0x09d4cd8adade97f8fe4b3407b162e796206007eab249bf05eed6837911fe321c,US Open WTA: Iva Jovic vs Alexandra Eala,other,2026-09-12,2026-09-06,2,0x0353aaf82abbd3e69c00059df0a825bc198fc2ff|0x42c99f38d2b951b0dc8e8bd5371fa80c9dd19623,0.1,0.445,0.45,0.005,0.0,lost,2026-09-06,0.0,-0.1
101588322708770123363068162390254232211527395953925721897669302203804716156355,0x5116ab795bda6540e4a2873283d25d684e7b4b17e604541b3caa8bb1465713df,Will BSW win less than 3% of all valid second votes?,other,2026-09-06,2026-09-06,2,0x5a218c7ad04135830a45c41aaed7294df7809318|0xb1ca909e848cc24ec4e220ce1c453bc290c51705,0.1,0.765,0.77,0.005,1.0,won,2026-09-07,1.0,0.0299
65963714067785218725485037208283101293152090604809143168808999876145244528141,0xd7b890aede07d9713e4bfe60c3f7dc7b81c63eef06092a11a169794d6d74979a,Will BSW win between 3% and 5% of all valid second votes?,other,2026-09-06,2026-09-06,2,0x5a218c7ad04135830a45c41aaed7294df7809318|0xb1ca909e848cc24ec4e220ce1c453bc290c51705,0.1,0.345,0.35,0.005,1.0,won,2026-09-07,1.0,0.1857
91828300456830320509941862589230233902444409548752024817369835267117121676962,0x09d4cd8adade97f8fe4b3407b162e796206007eab249bf05eed6837911fe321c,US Open WTA: Iva Jovic vs Alexandra Eala,other,2026-09-12,2026-09-06,2,0x42c99f38d2b951b0dc8e8bd5371fa80c9dd19623|0x55b9e6a1dcca2defb01636ba41e9f76a0883a814,0.1,0.435,0.44,0.005,1.0,won,2026-09-06,1.0,0.1273
922496794816779849071776524352931193887191484951234461201347334960569265306,0xc56ddcb3ebd56af0aef7d2b8f4a746eefd479f2c641889dc561a497c89f02aed,US Open WTA: Naomi Osaka vs Elise Mertens,other,2026-09-11,2026-09-06,2,0x42c99f38d2b951b0dc8e8bd5371fa80c9dd19623|0x55b9e6a1dcca2defb01636ba41e9f76a0883a814,0.1,0.07,0.11,0.04,0.0,lost,2026-09-06,0.0,-0.1
10178155749527110230851753191315018962397392358308113249443371369891684489711,0x94fca9ce738cce6139fee983b9365d99304cb6c498061010027fa51ea3004e34,Washington Nationals vs. Los Angeles Dodgers,other,2026-09-13,2026-09-06,2,0x55b9e6a1dcca2defb01636ba41e9f76a0883a814|0xbca08c1bc204a34f2fddbe47b438b9bd42ac9705,0.1,0.085,0.09,0.005,0.0,lost,2026-09-06,0.0,-0.1
72012872479788460687572373976950102061831737062898203177147707624880066184333,0x79302e4d7747370421a420bcb8f7388211f1ba81e9c09cd8b3c4811d137b6fd3,Milwaukee Brewers vs. Cincinnati Reds,other,2026-09-12,2026-09-06,2,0x55b9e6a1dcca2defb01636ba41e9f76a0883a814|0xbca08c1bc204a34f2fddbe47b438b9bd42ac9705,0.1,0.08,0.09,0.01,0.0,lost,2026-09-06,0.0,-0.1
59388961757656430185736272077743421071788662548185311268295774232453549939052,0x4bd0e20e1b8534cc8029e3170a554900676efacc6f59a72ff00ce48c6d83e801,Will the highest temperature in Tokyo be 23°C on September 6?,other,2026-09-06,2026-09-06,2,0x5a218c7ad04135830a45c41aaed7294df7809318|0xe40aaa5ce1dac0b7dc24c9d0284f27e17c3fe4a2,0.1,0.37,0.43,0.06,0.0,lost,2026-09-06,0.0,-0.1
48557999134169488840073582447402738324772279543756199182356329319944667859548,0x10da9e475d4f6d57ba41edf61274390727491c7ccb443a6524fe9ed460d6d0f9,Will the highest temperature in Lucknow be 31°C on September 6?,other,2026-09-06,2026-09-06,2,0x5a218c7ad04135830a45c41aaed7294df7809318|0xe40aaa5ce1dac0b7dc24c9d0284f27e17c3fe4a2,0.1,0.1255,0.147,0.0215,0.0,lost,2026-09-06,0.0,-0.1
26559742343709869832791975402928616380798945393837541872706078311633293896411,0xbde3108c5c4e121c0814f5186d24a88e97ea56fca4390cabd45895f335d59f92,Will the highest temperature in Istanbul be 29°C on September 6?,other,2026-09-06,2026-09-06,2,0x5a218c7ad04135830a45c41aaed7294df7809318|0xe40aaa5ce1dac0b7dc24c9d0284f27e17c3fe4a2,0.1,0.065,0.09,0.025,0.0,lost,2026-09-06,0.0,-0.1
62180612490859632552983195253952912983494508650087904040306319458153102687369,0x74b13ba0f9dd38479f19bee2ee22eb4f3844e1bc764fe40e766b648439f37a5e,Will the highest temperature in Shenzhen be 28°C on September 6?,other,2026-09-06,2026-09-06,2,0x5a218c7ad04135830a45c41aaed7294df7809318|0xe40aaa5ce1dac0b7dc24c9d0284f27e17c3fe4a2,0.1,0.2305,0.339,0.1085,0.0,lost,2026-09-06,0.0,-0.1
17065504913619551299204564459681518544717021816417944647857905866990788257930,0x682527f85b6fa577245ebc4276a404e2d351c51ca4586b912bb717fa5d780f97,Will the highest temperature in Shenzhen be 29°C on September 6?,other,2026-09-06,2026-09-06,2,0x5a218c7ad04135830a45c41aaed7294df7809318|0xe40aaa5ce1dac0b7dc24c9d0284f27e17c3fe4a2,0.1,0.8945,0.899,0.0045,1.0,won,2026-09-06,1.0,0.0112
92443617181441089322759866655421538579165493278240709575763115746491092055889,0xa4e74c4eddb7f6e8cc6d9dde9f91ae30a0bbde25e290495f48e04dde795dac52,Will Russell Yaxley win the next Glenorchy mayoral election?,politics,2026-10-28,2026-09-06,2,0xb1ca909e848cc24ec4e220ce1c453bc290c51705|0xe40aaa5ce1dac0b7dc24c9d0284f27e17c3fe4a2,0.1,0.61,0.64,0.03,0.63,open,,,
74196592723509410813881371200152517902491098166901015366663905899942272255216,0xe32dae9cead59281e526326fe6de005c641bc254dfaca897b930dc5d8c8ded5a,Will Marie-Claude Sarrazin win the next Groulx Quebec National Assembly election?,politics,2026-10-05,2026-09-06,2,0xb1ca909e848cc24ec4e220ce1c453bc290c51705|0xe40aaa5ce1dac0b7dc24c9d0284f27e17c3fe4a2,0.1,0.555,0.56,0.005,0.755,open,,,
29096908928594358312719889619165881755428094247728737838893603978724636821616,0xde11b7d0000f6904cf014e36bf8d307b83d282e21433049d3efb4d1a388bbc39,LoL: Ninjas in Pyjamas vs LGD Gaming - Game 2 Winner,other,2026-09-06,2026-09-06,2,0x684299e6ac5595ff7f78f1f1edc97e77fea420d0|0xf201a19b43471261a3c1ba9247335d55270e527e,0.1,0.685,0.69,0.005,1.0,won,2026-09-06,1.0,0.0449
51502732943884829943658570332909891915085889121289180793612556016718932022664,0xd32e955d1e7691f637c7be35ddd4f102b317e8623825b843c7bfd6d9cabeb2aa,LoL: T1 vs Dplus KIA - Game 4 Winner,other,2026-09-06,2026-09-06,2,0x684299e6ac5595ff7f78f1f1edc97e77fea420d0|0xf201a19b43471261a3c1ba9247335d55270e527e,0.1,0.685,0.69,0.005,0.0,lost,2026-09-06,0.0,-0.1
107181447934942920756386342776112668097300616165962587674963484879839130399574,0x8891b2021bbd8c42b0105d38f52d20e4d0512c46d564d501a5c4cfdcab8680c0,LoL: T1 vs Dplus KIA (BO5) - LCK Playoffs,sports,2026-09-06,2026-09-06,2,0xbca08c1bc204a34f2fddbe47b438b9bd42ac9705|0xf201a19b43471261a3c1ba9247335d55270e527e,0.1,0.345,0.35,0.005,0.0,lost,2026-09-06,0.0,-0.1
50573272149667317221659707580166437585468556994363063758306728555826998220059,0x3787db38b4e9b32e5bd264d16ffe74e5752285fd4acb9d96f05c105d57812e07,Atlanta Braves vs. Philadelphia Phillies,other,2026-09-13,2026-09-06,2,0x5a218c7ad04135830a45c41aaed7294df7809318|0xbca08c1bc204a34f2fddbe47b438b9bd42ac9705,0.1,0.275,0.28,0.005,1.0,won,2026-09-06,1.0,0.2571
29054734834970911411690655238304790257630052490725267794503375241747844760242,0xba1553d561fea958df1534460526e7ef166d9d766c90df2015ba8abbfee799aa,Will SPD win between 7% and 9% of all valid second votes?,other,2026-09-06,2026-09-06,2,0x94c4fe3b18435aa92024c7c1589537fcda3f43ca|0xb1ca909e848cc24ec4e220ce1c453bc290c51705,0.1,0.455,0.47,0.015,0.0,lost,2026-09-07,0.0,-0.1
105958370382052517935521581378689871767882954922688148556793494628443368762009,0xc095fac589c6c2fb6ad6f39d54181c4e6b4debf3d5db916e9f60e5f5e502ae53,Will BSW win between 5% and 7% of all valid second votes?,other,2026-09-06,2026-09-06,2,0x94c4fe3b18435aa92024c7c1589537fcda3f43ca|0xb1ca909e848cc24ec4e220ce1c453bc290c51705,0.1,0.83,0.84,0.01,1.0,won,2026-09-07,1.0,0.019
86828744451771623753987504852440122947569529795665281532883167425686004800403,0x70b6969d42336ea8fac7c682a0f8593183c0cbfe92039009b66d512ec54018be,Will Jaroslav Baška win the 2026 Trenčín Region gubernatorial election?,politics,2026-10-24,2026-09-07,2,0x21064fd320bfd5a86f8c92a94d3209edf4154dea|0xb1ca909e848cc24ec4e220ce1c453bc290c51705,0.1,0.0605,0.061,0.0005,0.0405,open,,,
48155808542867318405175568112582015174771089979792298878264689913665886147489,0x77e1e7a4ea64be7227720e18d814e61a3ceca000e58bfbd66d9d3ae5d7141f4b,Will Henrik Fritzon be the next Regional Board Chair of Region Skåne?,other,2026-09-13,2026-09-07,2,0xb1ca909e848cc24ec4e220ce1c453bc290c51705|0xc8ab97a9089a9ff7e6ef0688e6e591a066946418,0.1,0.475,0.48,0.005,0.38,flipped,2026-09-12,,-0.0208
54214938540662086375817975292056699746005933035328239334788285122093043162841,0x3d28ff1028dd7ebfcde50c0c0208539e148e84011fc3de3a0e1255cc818e5692,Will Marie Morell be the next Regional Board Chair of Region Östergötland?,other,2026-09-13,2026-09-07,2,0xb1ca909e848cc24ec4e220ce1c453bc290c51705|0xc8ab97a9089a9ff7e6ef0688e6e591a066946418,0.1,0.685,0.69,0.005,0.79,flipped,2026-09-08,,0.0145
55764212211467781322980371912612507865974994976253196346176314491480419639168,0x8126317d621047fb13d508a2651eecc8d38305904671822a62309c5aabd353aa,Will Marine Le Pen win the 2027 French presidential election?,politics,2027-04-30,2026-09-07,2,0x94c4fe3b18435aa92024c7c1589537fcda3f43ca|0xc8ab97a9089a9ff7e6ef0688e6e591a066946418,0.1,0.3555,0.356,0.0005,0.3585,flipped,2026-09-08,,0.0007
30978243117475953759932607074058007963414504148093563401481670906879988686138,0x08d996fe0f519df90eee32192ed03d8fb45276ad81cec531179a17a17ba21cd0,US Open WTA: Iga Swiatek vs Qinwen Zheng,other,2026-09-13,2026-09-07,2,0x565c09cd32dbbde32d5b4fcd6c49d55dd84f878d|0x9c68e5a4b3004bf6ac9d6735a33ffb5f983a247a,0.1,0.165,0.17,0.005,0.0,lost,2026-09-07,0.0,-0.1
11052146281974455591329312374271371465989756106035372411939760387565010963843,0x0886c17000a2bf15a759dfef6379dbf907e50ec5dffa462a9bae221578d1a908,Will Julianne Moore win Best Actress at the 99th Academy Awards?,other,2027-03-14,2026-09-07,2,0x21064fd320bfd5a86f8c92a94d3209edf4154dea|0xb1ca909e848cc24ec4e220ce1c453bc290c51705,0.1,0.375,0.38,0.005,0.38,flipped,2026-09-09,,0.0
80588518563982903533253661326533303063716130175725000900301596360678668056982,0xc709830eb5fc304d422ba3d7ab6752c285479043f0f67cb6e14a1ddf5a40e654,Will Linke win between 8% and 11% of all valid second votes?,other,2026-09-20,2026-09-07,2,0x94c4fe3b18435aa92024c7c1589537fcda3f43ca|0xc8ab97a9089a9ff7e6ef0688e6e591a066946418,0.1,0.605,0.61,0.005,0.565,open,,,
20915769520649892253891152116814645067070024223185517956799957803974344024878,0x502a94e5c525766d5ee7f16c6568131ba1b2cbadb69c703af05a6ef00336ed64,Will United Russia (ER) gain the most seats in the next Russian parliamentary election?,politics,2026-09-30,2026-09-08,2,0x614dc8d3542c12103d2c6a3553fd761e391d1546|0xc8ab97a9089a9ff7e6ef0688e6e591a066946418,0.1,0.705,0.71,0.005,0.745,flipped,2026-09-08,,0.0049
86011229287950365043519117852041614651767455889324682112682327985496937935368,0x46ca741da4abd7ffa993f59ac65bfe83de43ae027accac71d263a493e44064e7,"US announces end of Iranian blockade by December 31, 2026?",geopolitics,2027-01-01,2026-09-08,2,0x21064fd320bfd5a86f8c92a94d3209edf4154dea|0xc8ab97a9089a9ff7e6ef0688e6e591a066946418,0.1,0.55,0.556,0.006,0.579,flipped,2026-09-09,,0.0041
82733478185835445896416069789655793934238295854562825803258384569607591545094,0x7da384acfbd230df8409d0abad32ff3f3eaa1dda08ce48fca8ea1d894c09c765,KOSPI all-time high before 2028?,other,2028-01-01,2026-09-08,2,0xb1ca909e848cc24ec4e220ce1c453bc290c51705|0xc8ab97a9089a9ff7e6ef0688e6e591a066946418,0.1,0.33,0.34,0.01,0.305,open,,,
84398328375476251033972782363473460090232405474369579323403988122052606893532,0x490b4abcc5b23958f5515716fbab843574f9cffef4bc52eac3a3939809757b46,Jack Lowden announced as next James Bond?,other,2026-12-31,2026-09-08,2,0xb1ca909e848cc24ec4e220ce1c453bc290c51705|0xc8ab97a9089a9ff7e6ef0688e6e591a066946418,0.1,0.4425,0.469,0.0265,0.798,open,,,
110149187337764868469245608272853710161531578074364344129215774440895984838402,0x2e1e684b3312b9f06072575f01fb77237e0b94bdcfcc477a553e8685cea91b82,US Open ATP: Frances Tiafoe vs Alex Michelsen,other,2026-09-15,2026-09-08,2,0x31e5d54aded22aa7cd80dbe9e33102abe2504879|0x9c68e5a4b3004bf6ac9d6735a33ffb5f983a247a,0.1,0.665,0.67,0.005,0.0,lost,2026-09-09,0.0,-0.1
32464741355844521404541911253372647545973925758252508273767374622869037875682,0x8cad03486f7956a8063f5959d3ddb8a0b7ac12b61cbf5c5b2c584dbc7be6e7f5,"Will ""Earrings – Malcom Todd"" be the #2 song in the US for 2026?",other,2026-12-31,2026-09-08,2,0xb1ca909e848cc24ec4e220ce1c453bc290c51705|0xc8ab97a9089a9ff7e6ef0688e6e591a066946418,0.1,0.625,0.75,0.125,0.72,flipped,2026-09-11,,-0.004
12376763296038817921749479947603331908159617449855786604406408454865021950183,0x576df0755393742f793a7a67016d482cd37ef1ef9d0623cc14fddafcadf1d83f,Will Aaron Guckian win the 2026 Rhode Island Governor Republican primary election?,politics,2026-09-08,2026-09-08,2,0xb1ca909e848cc24ec4e220ce1c453bc290c51705|0xc8ab97a9089a9ff7e6ef0688e6e591a066946418,0.1,0.899,0.901,0.002,0.0255,flipped,2026-09-10,,-0.0972
72207223346781803615573906944580467319917155802062275479163105031895584994132,0x93eae2bc758c1b6410c225108a9debc3a7cfedee4ed3018cd2ed477716b850ad,"Will LAPTOP flip TRUMP by December 31, 2026?",politics,2027-01-01,2026-09-09,2,0xb1ca909e848cc24ec4e220ce1c453bc290c51705|0xc8ab97a9089a9ff7e6ef0688e6e591a066946418,0.1,0.835,0.84,0.005,0.0,lost,2026-09-09,0.0,-0.1
94105172233983819626248401909175933443669776981117517434373679296527360474244,0x0bc8a2c95b78425707a967ca179bf9cb9e95c0db6895921cd6121c0831298dee,LAPTOP listed on Upbit within 30 days of TGE?,other,2026-12-31,2026-09-09,2,0xb1ca909e848cc24ec4e220ce1c453bc290c51705|0xc8ab97a9089a9ff7e6ef0688e6e591a066946418,0.1,0.865,0.88,0.015,0.9795,open,,,
104394661381708978612268844766594886418590511765751313099713881117387560871589,0xc60f4d009772b7eba463a9f42ecbeaefda8ba54623c6bb0b8aafaf621fc13ad6,"Will LAPTOP flip TRUMP by December 31, 2027?",politics,2028-01-01,2026-09-09,2,0xb1ca909e848cc24ec4e220ce1c453bc290c51705|0xc8ab97a9089a9ff7e6ef0688e6e591a066946418,0.1,0.725,0.81,0.085,0.0,lost,2026-09-09,0.0,-0.1
1723613359829746318316102729585830050828103927291548812399942988779389312481,0x0529eabc5e4b55677dd2c0a1b591ca3d918c4a27bf926880dbc65eba25e5b631,Will Eva Lindberg be the next Regional Board Chair of Region Gävleborg?,other,2026-09-13,2026-09-09,2,0xb1ca909e848cc24ec4e220ce1c453bc290c51705|0xc8ab97a9089a9ff7e6ef0688e6e591a066946418,0.1,0.8275,0.832,0.0045,0.43,flipped,2026-09-11,,-0.0483
9758055941399724389541463809927973493416337716861573150285659654000032127182,0x7c6b7076e5b079f60c2a40726d96db9eec52343e1abdb7aa4de530dc29e92141,Will Per Svensson be the next Regional Board Chair of Region Halland?,other,2026-09-13,2026-09-09,2,0xb1ca909e848cc24ec4e220ce1c453bc290c51705|0xc8ab97a9089a9ff7e6ef0688e6e591a066946418,0.1,0.135,0.14,0.005,0.135,open,,,
40701598489431322115436845726685785461290731912530919688634059208285146873575,0x93953a8ae1b4a59023067c35725491ef70ad6de52bba3ff1eecb1f3f6e0a484a,US Open WTA: Mirra Andreeva vs Coco Gauff,other,2026-09-15,2026-09-09,2,0x9c68e5a4b3004bf6ac9d6735a33ffb5f983a247a|0xd3a0b4e941b557d33a8efd5a51c581e7c79cf136,0.1,0.555,0.56,0.005,0.0,lost,2026-09-09,0.0,-0.1
82654489979899899035859320460115143351264288987687576708955089623672994998385,0x789f0872f66cfffd21a33020e5c90e11f95f947e03be77ac2df7e86b0cb71527,Will Sporting CP win on 2026-09-09?,other,2026-09-09,2026-09-09,2,0x23c8a4c266d10ba5846837eac391fea89ed6f293|0xd3a0b4e941b557d33a8efd5a51c581e7c79cf136,0.1,0.395,0.4,0.005,0.0,lost,2026-09-09,0.0,-0.1
45543215465007014347661242774190123758647325610786775804275254127195457575348,0xb4a086dba4dcade1ecf5b30ddea543d8b67ff8b1d20ecd23cd58c4abbeb79b68,Spread: Arsenal FC (-1.5),other,2026-09-09,2026-09-09,2,0x23c8a4c266d10ba5846837eac391fea89ed6f293|0x3f985e3a68f88e6ed8da1a22e1a5eda81c8e0aa1,0.1,0.265,0.29,0.025,0.0,lost,2026-09-09,0.0,-0.1
98676968384787249970921971473106239906679681300403526193982313855641879225586,0x489c9d0b0449d5bc45625ace5cb37c78de8e11fae3b312bee674fc36fa4b23b8,Will Sagal Abdi-Wali win the Holborn and St Pancras by-election?,politics,2027-07-01,2026-09-09,2,0x21ffd2b7a212a6f277ed3eca1a9f8efcbca90d71|0xb1ca909e848cc24ec4e220ce1c453bc290c51705,0.1,0.295,0.31,0.015,0.23,open,,,
12324113151522605673538504071717017726307296345046530742947515546313619990640,0xb2e4f1f05b4f3057baa0f3c69a3c7d7972cc3255e6040b76406bd1e462a3da7f,US Open ATP: Karen Khachanov vs Alexander Blockx,other,2026-09-16,2026-09-09,2,0x3f985e3a68f88e6ed8da1a22e1a5eda81c8e0aa1|0x9c68e5a4b3004bf6ac9d6735a33ffb5f983a247a,0.1,0.0575,0.06,0.0025,0.0,lost,2026-09-09,0.0,-0.1
96840663072724126104848928122020336881002630011332545709332844485153108743425,0x80c585fcd1615d99a34d4d0a07d401cf9356c0ba12d0e6da0076021c12e6b53f,Will Tom Pelphrey – “Task” win Emmys 2026: Outstanding supporting actor in a drama series?,other,2026-09-14,2026-09-10,2,0x21ffd2b7a212a6f277ed3eca1a9f8efcbca90d71|0xb1ca909e848cc24ec4e220ce1c453bc290c51705,0.1,0.555,0.58,0.025,0.595,open,,,
51070457602719753892837958010310320305540247264412647997394160355742935011099,0x1b79d38eaa46ca614c80ad8567b83f515c07427aa097e526f97b8ccb3740ae73,Will Anthony Albanese be Prime Minister of Australia after the next election?,politics,2028-09-23,2026-09-10,2,0x21064fd320bfd5a86f8c92a94d3209edf4154dea|0x21ffd2b7a212a6f277ed3eca1a9f8efcbca90d71,0.1,0.61,0.63,0.02,0.585,open,,,
1541577274091665758992574015184951724046168641349435500573362850094525232984,0xbe08d90ef2580df2e09070828d1b523b1b8e53a212f92c6a0f2a50c5e3c7327d,Will Euphoria be the #1 searched TV show on Google this year?,other,2026-12-31,2026-09-10,2,0x21064fd320bfd5a86f8c92a94d3209edf4154dea|0x21ffd2b7a212a6f277ed3eca1a9f8efcbca90d71,0.1,0.6195,0.678,0.0585,0.6285,open,,,
24325957418515924380246713818489196241550230768607396742545894419698411754934,0xa3d50cf0138c0faad988d80e35036aab97ae6d5627f539ce3ce531b555acc209,Will the Moderate Party (M) win the second most seats in the 2026 Swedish parliamentary election?,politics,2026-09-13,2026-09-10,2,0x21ffd2b7a212a6f277ed3eca1a9f8efcbca90d71|0x5a218c7ad04135830a45c41aaed7294df7809318,0.1,0.805,0.82,0.015,0.825,flipped,2026-09-10,,0.0006
92087786014891560038904741580215447909289829092107758542784092059867887517577,0x34de802ef8e9a74fc9e1ec1b6fa074b9452c4607bcd391d309b006523e339be0,Will the highest temperature in Miami be between 88-89°F on September 10?,other,2026-09-10,2026-09-10,2,0x21ffd2b7a212a6f277ed3eca1a9f8efcbca90d71|0x5a218c7ad04135830a45c41aaed7294df7809318,0.1,0.54,0.55,0.01,0.635,flipped,2026-09-10,,0.0155
21155359821509554020286469865741103857541635248078136356437982848597650977412,0xb3b6e87a541c3dd831378ca4bd80e8744a70775ac3ccc83a075c31fbb8b69f08,Will the highest temperature in Miami be between 90-91°F on September 10?,other,2026-09-10,2026-09-10,2,0x21ffd2b7a212a6f277ed3eca1a9f8efcbca90d71|0x5a218c7ad04135830a45c41aaed7294df7809318,0.1,0.645,0.65,0.005,0.535,flipped,2026-09-10,,-0.0177
88485510578575236699102311842590776474808364313981610550191386281432885018697,0x21a617a9d3a9d4cc806bdb0cd19b648f50873e841f48f2085e8767f534d2fa85,"Will Elon Musk post 160-179 tweets from September 4 to September 11, 2026?",other,2026-09-11,2026-09-10,2,0x21ffd2b7a212a6f277ed3eca1a9f8efcbca90d71|0x5a218c7ad04135830a45c41aaed7294df7809318,0.1,0.485,0.49,0.005,0.505,flipped,2026-09-10,,0.0031
94954166729197676265117295659357558680810111462469733694959321047011389885588,0x4f200a17f6773f9c728fae26d15a92d2ee6e21ec70d082abf2d1dee0602c2ce5,Will the Republican Party candidate win the 2026 NC-13 House election by 5%-10%?,politics,2026-11-03,2026-09-10,2,0x21ffd2b7a212a6f277ed3eca1a9f8efcbca90d71|0x5a218c7ad04135830a45c41aaed7294df7809318,0.1,0.725,0.74,0.015,0.71,open,,,
108846494612201697388765311135464304024937894785932833231625072448203839974003,0x86d694ae708d5adb8ba9dcaab6cb7b90fa6f065a4ab0d476a21136c97dc61c2b,Will the highest temperature in Qingdao be 26°C on September 11?,other,2026-09-11,2026-09-10,2,0x21ffd2b7a212a6f277ed3eca1a9f8efcbca90d71|0x5a218c7ad04135830a45c41aaed7294df7809318,0.1,0.85,0.86,0.01,0.69,flipped,2026-09-10,,-0.0198
83211885381547700366035703387124204539458829909397794133031465288782213779283,0x1f83b6cffe48439c3f8c73412d62f1eed38042fda3b3e7fcd043d9f2511d685f,Will the highest temperature in Guangzhou be 32°C on September 11?,other,2026-09-11,2026-09-10,2,0x21ffd2b7a212a6f277ed3eca1a9f8efcbca90d71|0x5a218c7ad04135830a45c41aaed7294df7809318,0.1,0.525,0.53,0.005,0.585,flipped,2026-09-10,,0.0104
106223300394231783583337855889854360547732707500320050302405614996359962933420,0x88fe9f8ab5238d57b78da43ab15c3a41dcc848f5cf68bb720946d19e2b36a032,Will the highest temperature in Miami be between 84-85°F on September 10?,other,2026-09-10,2026-09-10,2,0x21ffd2b7a212a6f277ed3eca1a9f8efcbca90d71|0x5a218c7ad04135830a45c41aaed7294df7809318,0.1,0.87,0.88,0.01,0.9995,flipped,2026-09-10,,0.0136
52652423301813635025108083952114271111998717370938550235241965645968212960987,0x033b4b4be1b629c4ef75cf70bc98488fe95391c35f840ab28665afd5c58399c9,Will the highest temperature in Qingdao be 27°C on September 11?,other,2026-09-11,2026-09-10,2,0x21ffd2b7a212a6f277ed3eca1a9f8efcbca90d71|0x5a218c7ad04135830a45c41aaed7294df7809318,0.1,0.56,0.57,0.01,0.51,flipped,2026-09-10,,-0.0105
22202522755825902297940097306649585921254039746278269439424848486310833610548,0xb3eb14de9cc4bab7e2fb9a8e689556152320ecf00a52932972519d7ee4ea74db,Will the highest temperature in Toronto be 23°C on September 11?,other,2026-09-11,2026-09-10,2,0x21ffd2b7a212a6f277ed3eca1a9f8efcbca90d71|0x5a218c7ad04135830a45c41aaed7294df7809318,0.1,0.44,0.45,0.01,0.44,flipped,2026-09-11,,-0.0022
21270555274547577312655461244013048252711623584057595358397889182877767513607,0x45bbb5de81d631faff6507f7267e273eb449c3b906f948b44eb235066d9e2099,"Will an AI lab announce another Millennium Prize solution by September 30, 2026?",other,2026-10-01,2026-09-10,2,0xb1ca909e848cc24ec4e220ce1c453bc290c51705|0xc8ab97a9089a9ff7e6ef0688e6e591a066946418,0.1,0.88,0.89,0.01,0.63,flipped,2026-09-10,,-0.0292
2881957189963819690709899387312951271986076905757701114514025622922000576600,0x876506d8b2bd7a0d3fa4fe18c024eee6e1dd81ee24c26795dadd6cfe4a7b5d0d,Will the Fed increase interest rates by 25 bps after the September 2026 meeting?,macro,2026-09-16,2026-09-10,2,0x21064fd320bfd5a86f8c92a94d3209edf4154dea|0x5a218c7ad04135830a45c41aaed7294df7809318,0.1,0.455,0.46,0.005,0.205,open,,,
69417544135807489015313328325643289050336268543893347332663964794312112787250,0x0daa39497ba1954a17991dda682e5d3e582f1d6a19759f2eb6b12f15ebac04c6,US x Iran Effective Ceasefire by September 7?,geopolitics,2026-09-07,2026-09-10,2,0x5a218c7ad04135830a45c41aaed7294df7809318|0xc8ab97a9089a9ff7e6ef0688e6e591a066946418,0.1,0.365,0.37,0.005,0.41,flipped,2026-09-10,,0.0108
104856946007464030074179063301772011760994904904945554980504135027418531983956,0x07b15fbb22706ffcf9e3f1d7a0e428ff35820d840e072a2efad25a3927a5ba83,Will Branko Blanuša win the 2026 Republika Srpska presidential election?,politics,2026-10-04,2026-09-10,2,0x21ffd2b7a212a6f277ed3eca1a9f8efcbca90d71|0xb1ca909e848cc24ec4e220ce1c453bc290c51705,0.1,0.335,0.36,0.025,0.305,open,,,
76148220007438036353408267196642394118502487265002901197932412627150182596335,0xac2028feaab257ec706dd19e7d5e118ff46cc7b2ea2337a31cd08e61b4292ab8,Will Erling Braut Haaland be the #1 searched athlete on Google this year?,other,2026-12-31,2026-09-10,2,0x21064fd320bfd5a86f8c92a94d3209edf4154dea|0x21ffd2b7a212a6f277ed3eca1a9f8efcbca90d71,0.1,0.52,0.53,0.01,0.525,open,,,
72809961394668046625926930718589248398267384274282746140653032946741210924166,0xf4dfdf7553e290a1e8bdb5b01bb68b4c09ca2a26e24cac5dcd9a6d5c6fc6e1af,Will the highest temperature in Seoul (Incheon) be 25°C on September 11?,other,2026-09-11,2026-09-10,2,0x21ffd2b7a212a6f277ed3eca1a9f8efcbca90d71|0x5a218c7ad04135830a45c41aaed7294df7809318,0.1,0.565,0.57,0.005,0.525,flipped,2026-09-10,,-0.0079
24819049500751174675164168891569302312692826987157175969058093111818855895523,0x65d253ecb0f57e64ec97208427c0f071608c701c3528a5088369cbb75d134341,Will AfD win the second-most seats in the 2026 Mecklenburg-Vorpommern parliamentary elections?,politics,2026-09-20,2026-09-10,2,0x21ffd2b7a212a6f277ed3eca1a9f8efcbca90d71|0xc8ab97a9089a9ff7e6ef0688e6e591a066946418,0.1,0.769,0.777,0.008,0.7905,flipped,2026-09-10,,0.0017
51496550317919906494663785057882019452283917022936653587350531854639087183288,0x2e309c33736d18618ff47c70f882f767c91914de74d3ab48d9096e132e6da6a3,Will the highest temperature in Wellington be 15°C on September 11?,other,2026-09-11,2026-09-10,2,0x21ffd2b7a212a6f277ed3eca1a9f8efcbca90d71|0x5a218c7ad04135830a45c41aaed7294df7809318,0.1,0.325,0.33,0.005,0.355,flipped,2026-09-10,,0.0076
65300726182859907915992616107098496968365865022323192964111970804373562597669,0x80197b9f4cc2881cf8400f52c02274501dc1d54078f80c1d46334515efcdb2a8,Will the highest temperature in Beijing be 32°C on September 11?,other,2026-09-11,2026-09-10,2,0x21ffd2b7a212a6f277ed3eca1a9f8efcbca90d71|0x5a218c7ad04135830a45c41aaed7294df7809318,0.1,0.72,0.73,0.01,0.0,lost,2026-09-11,0.0,-0.1
60838632033598318229886439368621297607157740079492092353010939050623883886786,0xea0876be5fd5c264f32babc2953dab54c7b125613710cfb90e0765499b0bdf2c,Will the highest temperature in Beijing be 33°C on September 11?,other,2026-09-11,2026-09-10,2,0x21ffd2b7a212a6f277ed3eca1a9f8efcbca90d71|0x5a218c7ad04135830a45c41aaed7294df7809318,0.1,0.87,0.88,0.01,0.925,flipped,2026-09-10,,0.0051
7460514232105965733151736292899772814249638245050384982553918474922471397844,0x23073b5a980ff84e41157f0fb5af5f1b2739dcf5b3cc24954eb477c48c8593f2,Will the highest temperature in Denver be between 86-87°F on September 10?,other,2026-09-10,2026-09-10,2,0x21ffd2b7a212a6f277ed3eca1a9f8efcbca90d71|0x5a218c7ad04135830a45c41aaed7294df7809318,0.1,0.755,0.76,0.005,0.745,flipped,2026-09-10,,-0.002
48506248388207634957842467277909891007386508256505478834205799324088616305361,0x918fb0abb506dd05c2d96eb01f713cd2aa4cbba3e38f945473c697740234cc85,Will the Bank of Russia decrease the key rate after the September Meeting?,geopolitics,2026-09-11,2026-09-10,2,0x21ffd2b7a212a6f277ed3eca1a9f8efcbca90d71|0x5a218c7ad04135830a45c41aaed7294df7809318,0.1,0.765,0.79,0.025,0.79,flipped,2026-09-10,,0.0
42775685515119104943330189030343526139960165979703967394467550873504218306448,0xda1afb7f50f02ff9e52293f07c816a51421f13ba3e4974e18ee3c280c9532842,Will the highest temperature in Guangzhou be 34°C on September 11?,other,2026-09-11,2026-09-10,2,0x21ffd2b7a212a6f277ed3eca1a9f8efcbca90d71|0x5a218c7ad04135830a45c41aaed7294df7809318,0.1,0.87,0.88,0.01,0.9,flipped,2026-09-10,,0.0023
4703047946397553256352738043765454981941918518733272077155273640569794379767,0x9970e2e7f8109ac10219af16311143192fb03ea6da0877c60f15a3c9cbdd1f39,Will SPD win at least 31% of all valid second votes?,other,2026-09-20,2026-09-10,2,0x21ffd2b7a212a6f277ed3eca1a9f8efcbca90d71|0x5a218c7ad04135830a45c41aaed7294df7809318,0.1,0.3,0.31,0.01,0.165,open,,,
71715291542941675150100153701770858848263215127802343400526336992027075340308,0x8bc22e1e8b7d4775645263f3fc0d3bdf37f1ae230ac3efdcf472ec04a9bc3a73,Will CDU win less than 8% of all valid second votes?,other,2026-09-20,2026-09-10,2,0x21ffd2b7a212a6f277ed3eca1a9f8efcbca90d71|0x5a218c7ad04135830a45c41aaed7294df7809318,0.1,0.48,0.51,0.03,0.225,open,,,
43641384750196456044234584058030945576027050474567519885759981698348116511271,0x8bf6bc60e5b8aaa1995be28aa2f5816f61a23c1aa5f31f45a2fbb0494f5e522f,Will AfD win the most seats in 1 German state election in September 2026?,politics,2026-12-31,2026-09-10,2,0x21ffd2b7a212a6f277ed3eca1a9f8efcbca90d71|0x5a218c7ad04135830a45c41aaed7294df7809318,0.1,0.8115,0.869,0.0575,0.8365,open,,,
114313891829042518252407724556914199633191884764959865672956171694072172645818,0xf90ba02f07e6acf08679c543e6853ef0aa13ae219b704d9034c57da680cb24cd,Will the highest temperature in Austin be between 92-93°F on September 10?,other,2026-09-10,2026-09-10,2,0x21ffd2b7a212a6f277ed3eca1a9f8efcbca90d71|0x5a218c7ad04135830a45c41aaed7294df7809318,0.1,0.825,0.847,0.022,0.994,flipped,2026-09-10,,0.0174
30293689793348713333488850672179322183442429605446364118988034876462971123374,0x80a25985a630f2c67513387ac268371adeaf5b486667ac3e124da1a22b67ac65,"Will Elon Musk post 140-159 tweets from September 4 to September 11, 2026?",other,2026-09-11,2026-09-10,2,0x21ffd2b7a212a6f277ed3eca1a9f8efcbca90d71|0x5a218c7ad04135830a45c41aaed7294df7809318,0.1,0.755,0.759,0.004,1.0,won,2026-09-11,1.0,0.0318
68304536777122380998277576197548846744056370427208431170031334539477130236209,0xf0fea3e65bc38234d0c195f09028d871be4e73d21874154cabbcf4b0e9d82414,Will Carlos Torres Piña win the 2027 Michoacán Governor Election?,politics,2027-06-06,2026-09-10,2,0x5a218c7ad04135830a45c41aaed7294df7809318|0xb1ca909e848cc24ec4e220ce1c453bc290c51705,0.1,0.5755,0.622,0.0465,0.693,open,,,
35432749271502476103390517967173629962097216095848738077278105821979945907939,0xa677b6e7bec508717177c5d86a60f502269912f0d2d823ce5770efc7a2c91f0f,Will the highest temperature in Toronto be 24°C on September 11?,other,2026-09-11,2026-09-10,2,0x21ffd2b7a212a6f277ed3eca1a9f8efcbca90d71|0x5a218c7ad04135830a45c41aaed7294df7809318,0.1,0.735,0.75,0.015,0.75,flipped,2026-09-11,,0.0
60139692331470983073528377436541406561182577422114913333962244219622945192165,0x5ee38949a4ba69f716052e5139b03953e2ecf79e8130d583f92acd87e3c1ca68,Will United Russia win between 340 and 354 seats in the next Russian State Duma election?,politics,2026-09-20,2026-09-10,2,0x21ffd2b7a212a6f277ed3eca1a9f8efcbca90d71|0x5a218c7ad04135830a45c41aaed7294df7809318,0.1,0.765,0.77,0.005,0.755,open,,,
102076439722791772222456496239043284316303357165861153712951847999481557129586,0x2421eb7f6db120f7fa8a4bac72805d412a397b3d99bcb1202a05cf9b35f63176,Will United Russia win 355 or more seats in the next Russian State Duma election?,politics,2026-09-20,2026-09-10,2,0x21ffd2b7a212a6f277ed3eca1a9f8efcbca90d71|0x5a218c7ad04135830a45c41aaed7294df7809318,0.1,0.9,0.91,0.01,0.895,flipped,2026-09-11,,-0.0016
14692063697015982167413735546534434053781374313773740022760168477238745796369,0x5377b42541a85982ae2fc76682cfea8b2ad275a6f68e4269d3b0ec357d02bfde,Will Raúl Morón Orozco win the 2027 Michoacán Governor Election?,politics,2027-06-06,2026-09-10,2,0x21ffd2b7a212a6f277ed3eca1a9f8efcbca90d71|0x5a218c7ad04135830a45c41aaed7294df7809318,0.1,0.5995,0.746,0.1465,0.566,open,,,
2074416724754030826464435889537547255214114577768513464868030471272192328433,0xb87098b69f4b522a5349185ff4f3036ad4ae919f6a68726fda1e930a9e2f1051,Will the highest temperature in Houston be between 92-93°F on September 11?,other,2026-09-11,2026-09-10,2,0x21ffd2b7a212a6f277ed3eca1a9f8efcbca90d71|0x5a218c7ad04135830a45c41aaed7294df7809318,0.1,0.72,0.73,0.01,0.72,flipped,2026-09-10,,-0.0014
50977574255842847802346706275609363157168432367810465139439012436089675756401,0xf977348655e4f012efb11a60aea84a0beb43888f21ff3b86f7f8f3868948493f,Will SPD win the second-most seats in the 2026 Mecklenburg-Vorpommern parliamentary elections?,politics,2026-09-20,2026-09-10,2,0x21ffd2b7a212a6f277ed3eca1a9f8efcbca90d71|0x5a218c7ad04135830a45c41aaed7294df7809318,0.1,0.225,0.23,0.005,0.245,flipped,2026-09-10,,0.0065
17868111529653264947652137479265992564228296084218938076699966449251574953122,0x70226ae2afea9b8a48c45d769a8d33ba776b1a9f4025440d7272986ea0957a36,Will the highest temperature in Shanghai be 29°C on September 11?,other,2026-09-11,2026-09-10,2,0x21ffd2b7a212a6f277ed3eca1a9f8efcbca90d71|0x5a218c7ad04135830a45c41aaed7294df7809318,0.1,0.675,0.68,0.005,0.63,flipped,2026-09-10,,-0.0074
41683505547437200423276465252941770277611134535568810020228061576045894667905,0x74ad0cf402c6a6acbc84a56abfd26875ba71a6c1aa6e469cd9f37591dbe18392,"Will Elon Musk post 180-199 tweets from September 4 to September 11, 2026?",other,2026-09-11,2026-09-10,2,0x21ffd2b7a212a6f277ed3eca1a9f8efcbca90d71|0x5a218c7ad04135830a45c41aaed7294df7809318,0.1,0.675,0.68,0.005,0.825,flipped,2026-09-10,,0.0213
114488164898153125034253593827795233183198438849565904873822613841150407101037,0x30b18b82c5926664419ba1efe1d9f9b2f46d9c5570e87d7ea8d5ce88ce4cc622,Will Palantir Technologies Inc. (PLTR) hit (HIGH) $174 in September?,other,2026-10-01,2026-09-10,2,0x21ffd2b7a212a6f277ed3eca1a9f8efcbca90d71|0xc8ab97a9089a9ff7e6ef0688e6e591a066946418,0.1,0.71,0.76,0.05,0.68,open,,,
82878016116525793891651176820437682108169497314050392985866657471799788760781,0xdded1086ea6aca11f88b997328ff3b0f5bb9374e5ecb450422c862f67c9f3cbe,Will Anthropic's market cap be between $1.75T and $2.0T at market close on IPO day?,other,2026-12-31,2026-09-10,2,0x21ffd2b7a212a6f277ed3eca1a9f8efcbca90d71|0xc8ab97a9089a9ff7e6ef0688e6e591a066946418,0.1,0.755,0.77,0.015,0.79,flipped,2026-09-10,,0.0026
58838271673442942930994176154161427544885549058162072292968389861347162593682,0x454005ba2b2a2f3bfeb354e18d8c0cb82136009c8f39589645f9cf2af25f0d25,OpenAI announces it has achieved AGI before 2027?,other,2026-12-31,2026-09-10,2,0x21ffd2b7a212a6f277ed3eca1a9f8efcbca90d71|0xc8ab97a9089a9ff7e6ef0688e6e591a066946418,0.1,0.73,0.74,0.01,0.725,flipped,2026-09-11,,-0.002
37684588602077754230470865761269683820347449295018145399817087355521689138291,0x91d4d18bd94b90f6de7145fb2e846855a1ecfb95ca75a853e0be0a7a17fb61f9,Will the PLQ win fewer than 28 seats in the National Assembly of Quebec in this election?,politics,2026-10-05,2026-09-10,2,0x21ffd2b7a212a6f277ed3eca1a9f8efcbca90d71|0xc8ab97a9089a9ff7e6ef0688e6e591a066946418,0.1,0.285,0.31,0.025,0.265,flipped,2026-09-10,,-0.0145
22750166353305381956205730381528939687504260658411876378513456698242359405670,0x9970e2e7f8109ac10219af16311143192fb03ea6da0877c60f15a3c9cbdd1f39,Will SPD win at least 31% of all valid second votes?,other,2026-09-20,2026-09-10,2,0x21ffd2b7a212a6f277ed3eca1a9f8efcbca90d71|0xc8ab97a9089a9ff7e6ef0688e6e591a066946418,0.1,0.735,0.75,0.015,0.72,flipped,2026-09-10,,-0.004
10364179379516139875811336434920805118490600353471266889887949654647087581148,0x7d7a5a1824571b55728a73ffb1666c07eee786ecc811bd084367e05a1bd38806,Will Elif Eralp be the next Governing Mayor of Berlin?,politics,2026-09-20,2026-09-10,2,0x21ffd2b7a212a6f277ed3eca1a9f8efcbca90d71|0xc8ab97a9089a9ff7e6ef0688e6e591a066946418,0.1,0.535,0.55,0.015,0.545,flipped,2026-09-11,,-0.0009
57699605582327069201289997075489226955421966542409989686989879918758277066325,0x515c0a3e06987a18a77300082b0c893d19a58af8ae81192923dd59f8ed891323,Will Mattias Ottosson be the next Regional Board Chair of Region Östergötland?,other,2026-09-13,2026-09-10,2,0x21ffd2b7a212a6f277ed3eca1a9f8efcbca90d71|0xc8ab97a9089a9ff7e6ef0688e6e591a066946418,0.1,0.66,0.67,0.01,0.665,flipped,2026-09-12,,-0.0007
107532561088804368464100592022830012381607866767144372154951389888972408903757,0x15d4c3fc5ca7b8983a9fc114fda4c70a42db278d7f5b810efcd6eaa33042805d,Will the highest temperature in Shanghai be 28°C on September 11?,other,2026-09-11,2026-09-10,2,0x21ffd2b7a212a6f277ed3eca1a9f8efcbca90d71|0x5a218c7ad04135830a45c41aaed7294df7809318,0.1,0.48,0.49,0.01,1.0,won,2026-09-11,1.0,0.1041
35822333134032191975022672535219362705637593082315022545398810381128098331002,0xda4fbe6eec3d6cc6f6d14785f25f86823514b0b4b37c63227af5b2670f2627f4,Will Linke win the most seats in the 2026 Berlin state elections?,politics,2026-09-20,2026-09-10,2,0x21ffd2b7a212a6f277ed3eca1a9f8efcbca90d71|0x5a218c7ad04135830a45c41aaed7294df7809318,0.1,0.455,0.46,0.005,0.315,open,,,
22428946627653133982291287004460487582911115960107826719390250432569725092339,0x7742a04b33fb5a5b15474a7c70f3c073922c1f471bddc66ceb01c1ffd1841829,Will SPD win the most seats in the 2026 Mecklenburg-Vorpommern parliamentary elections?,politics,2026-09-20,2026-09-10,2,0x5a218c7ad04135830a45c41aaed7294df7809318|0xc8ab97a9089a9ff7e6ef0688e6e591a066946418,0.1,0.84,0.85,0.01,0.83,flipped,2026-09-11,,-0.0024
56231361318729609047657776916607067027265303031581727015326514725055404863922,0x3a7661a4b181d38f3067775c136988b8b16b1df4ca36a7e52b62572495ba6f15,Will the Hodge Conjecture be the next Millennium Prize Problem solved by AI?,other,2028-01-01,2026-09-10,2,0x5a218c7ad04135830a45c41aaed7294df7809318|0xc8ab97a9089a9ff7e6ef0688e6e591a066946418,0.1,0.515,0.53,0.015,0.575,flipped,2026-09-11,,0.0085
6080733749407724706645949737754917461629599359430548377518175808346161349533,0xa2861b6b3efdbf69bd2f08ab8bce4ecbeaea2faecad6c747836ba930a03b5e89,Will AI solve 1 more Millennium Prize Problem in 2026?,other,2027-01-01,2026-09-10,2,0x5a218c7ad04135830a45c41aaed7294df7809318|0xc8ab97a9089a9ff7e6ef0688e6e591a066946418,0.1,0.515,0.52,0.005,0.675,open,,,
104012351919518798563860778105035473965742341381327258036244711477321822695590,0x271712a538494ac29d86aa17da5e873d8ec493fc309abc0594c83976351e601c,Mecklenburg-Vorpommern Parliamentary Election: CDU Over/Under 5%?,politics,2026-09-20,2026-09-10,2,0x21ffd2b7a212a6f277ed3eca1a9f8efcbca90d71|0xc8ab97a9089a9ff7e6ef0688e6e591a066946418,0.1,0.675,0.8,0.125,0.825,open,,,
60499458684380641857666641513383149627633695110197406276308452075860198022694,0x377e7fe65cf198a7fc4fdae3f2136b74729279267858daaf96718b23bc2a5607,Iran leadership change by December 31?,geopolitics,2027-01-01,2026-09-10,2,0x21ffd2b7a212a6f277ed3eca1a9f8efcbca90d71|0xc8ab97a9089a9ff7e6ef0688e6e591a066946418,0.1,0.855,0.86,0.005,0.855,open,,,
24709373851384338098565662984736048066490858057871798978461449336168803891924,0xffe9a90797e603089ecdc2442f417a529da143a2720e2b1fa173a0ec8a6a03a7,Will Carol de Toni win the most votes in the 2026 Santa Catarina Senate election?,politics,2026-10-04,2026-09-10,2,0x21ffd2b7a212a6f277ed3eca1a9f8efcbca90d71|0xc8ab97a9089a9ff7e6ef0688e6e591a066946418,0.1,0.72,0.75,0.03,0.69,flipped,2026-09-12,,-0.008
25114473723241724024366601962759882854404501186814819297691389024756879650626,0x42b633e7acfedf301c4eb85acefc7430f2e76825c1f3324a39a5582d7a26599b,US x Iran Effective Ceasefire by September 4?,geopolitics,2026-09-04,2026-09-10,2,0x5a218c7ad04135830a45c41aaed7294df7809318|0xc8ab97a9089a9ff7e6ef0688e6e591a066946418,0.1,0.41,0.42,0.01,0.145,flipped,2026-09-12,,-0.0655
30600390484341714198535525409207828531769244018833410163051873968207803782349,0x4f122ec18ccb039ae7b77b11385a31cc57dac8cd086790c3588b4b634d9e713d,Will Palantir Technologies Inc. (PLTR) hit (LOW) $165 Week of September 7 2026?,other,2026-09-11,2026-09-11,2,0x21ffd2b7a212a6f277ed3eca1a9f8efcbca90d71|0xc8ab97a9089a9ff7e6ef0688e6e591a066946418,0.1,0.275,0.32,0.045,1.0,won,2026-09-11,1.0,0.2125
79009848869433557696993168179458289308906328029023769142847962809397515523379,0xbbb881b0ecfbfbd6bdc5fab54fc82871a2daf99417e51106f58ad1abacdbb65b,Will the Moderate Party (M) win the third most seats in the 2026 Swedish parliamentary election?,politics,2026-09-13,2026-09-11,2,0x21ffd2b7a212a6f277ed3eca1a9f8efcbca90d71|0xc8ab97a9089a9ff7e6ef0688e6e591a066946418,0.1,0.78,0.79,0.01,0.765,open,,,
99862408480091690818712580390739372269388074326995957034508591909408581976106,0x71dd44fa5059fbed28a279172185d3623aa34ce86be1936281df26b5d1b87200,"US announces end of Iranian blockade by September 21, 2026?",geopolitics,2026-09-22,2026-09-11,2,0x21ffd2b7a212a6f277ed3eca1a9f8efcbca90d71|0xc8ab97a9089a9ff7e6ef0688e6e591a066946418,0.1,0.895,0.9,0.005,0.895,flipped,2026-09-11,,-0.0006
56465933220082022835700817063946174635909725507734416248556389304448520396318,0x30174f3f46398e37c96a07b45916e01eab9a8a854ecb624ac73a91a8490fd074,"US announces end of Iranian blockade by September 30, 2026?",geopolitics,2026-10-01,2026-09-11,2,0x21ffd2b7a212a6f277ed3eca1a9f8efcbca90d71|0xc8ab97a9089a9ff7e6ef0688e6e591a066946418,0.1,0.825,0.83,0.005,0.765,flipped,2026-09-12,,-0.0078
35400894036516826527145789557316818777227041606191403315249208294802569114217,0xf6beb39de7421e0a114ecc1360ca8eabb0af54dc0178a3f4896da9be176a54f8,"Houthis enter Aden by December 31, 2026?",other,2027-01-01,2026-09-11,2,0x21064fd320bfd5a86f8c92a94d3209edf4154dea|0x21ffd2b7a212a6f277ed3eca1a9f8efcbca90d71,0.1,0.435,0.44,0.005,0.325,open,,,
13289219128021782145520688032992494226150928065216041458658097032141632174656,0x7a833b2745bc6911db3ef244e37287c9ab1be1e63ee71266d2c79326cafbe285,"US x Iran diplomatic meeting by December 31, 2026?",geopolitics,2026-12-31,2026-09-11,2,0x21ffd2b7a212a6f277ed3eca1a9f8efcbca90d71|0xc8ab97a9089a9ff7e6ef0688e6e591a066946418,0.1,0.61,0.62,0.01,0.63,flipped,2026-09-11,,0.0016
20660317718090185509835071695935163660536445158842942630459849758924000444090,0xb97248e0ed9c96c5c9a91baad817225c0ef376961e8f110315b7fad46255d6b6,Will CDU win 30-34 seats in the 2026 Berlin state elections?,politics,2026-09-20,2026-09-11,2,0x21ffd2b7a212a6f277ed3eca1a9f8efcbca90d71|0xc8ab97a9089a9ff7e6ef0688e6e591a066946418,0.1,0.225,0.27,0.045,0.29,flipped,2026-09-11,,0.0074
668692761339837295258930693213384684387072375246138357027381867824780545247,0x07b04d2d1dc5eb6c7a204c2413dc8f3434a9b3df590ad2b8226b8caabca666c0,Will the highest temperature in Amsterdam be 20°C on September 11?,other,2026-09-11,2026-09-11,2,0x21ffd2b7a212a6f277ed3eca1a9f8efcbca90d71|0x5a218c7ad04135830a45c41aaed7294df7809318,0.1,0.695,0.72,0.025,0.72,flipped,2026-09-11,,0.0
35202785175624473743133325350336939697145393245733500300951742752216521350176,0x8a42bb4cb9b9f157b539611f6a8c122388f652570cfc3c07d538e7df2bb78894,Will Ulf Kristersson be the next Prime Minister of Sweden?,politics,2026-09-13,2026-09-11,2,0x21ffd2b7a212a6f277ed3eca1a9f8efcbca90d71|0x5a218c7ad04135830a45c41aaed7294df7809318,0.1,0.82,0.83,0.01,0.655,open,,,
55705810290633413022709900197304743717041290510939477754382280016586634222135,0x96455bbda50267b664ccb9440979970e23fb7ef16c4b72665a19d3a40a006f9d,Will Big Walk win Best Independent Game at the 2026 Game Awards?,other,2026-12-10,2026-09-11,2,0x21064fd320bfd5a86f8c92a94d3209edf4154dea|0x21ffd2b7a212a6f277ed3eca1a9f8efcbca90d71,0.1,0.6035,0.66,0.0565,0.799,open,,,
34600882835037083976843651344577922134918543175188435591128501173029124646456,0x7a42946a97c556ecf8570fffe2bdfbc78ca212f5e15d82880438acf921d9c073,Will Silver (XAGUSD) hit (HIGH) $67 Week of September 7 2026?,other,2026-09-11,2026-09-11,2,0x21ffd2b7a212a6f277ed3eca1a9f8efcbca90d71|0xc8ab97a9089a9ff7e6ef0688e6e591a066946418,0.1,0.44,0.87,0.43,1.0,won,2026-09-11,1.0,0.0149
94431931008622270560589847529437295818100094262859630708916721531357670110629,0x97c06c0d7a3a4b93de1f99abdddaf46f67d89a4ad1e02119d7ffc8022f82e172,Will Christian Democrats (KD) win between 5% and 7% of all valid votes?,politics,2026-09-13,2026-09-11,2,0x21ffd2b7a212a6f277ed3eca1a9f8efcbca90d71|0xc8ab97a9089a9ff7e6ef0688e6e591a066946418,0.1,0.55,0.56,0.01,0.58,open,,,
1027309705615626422176424139990067370635119507345649866942638392983735890382,0xab843fa3c4fc152299459ad2751238a7ab3d4adaf4340c5cebe0894299ba63af,Will Linda Annis win the 2026 Surrey mayoral election?,politics,2026-10-17,2026-09-11,2,0x21ffd2b7a212a6f277ed3eca1a9f8efcbca90d71|0xc8ab97a9089a9ff7e6ef0688e6e591a066946418,0.1,0.313,0.338,0.025,0.27,open,,,
30971237656949845428887701684975108826453416400115622294938418424537243639855,0xdf55222217299506bd9b7b348ac3be51137ac480da920567722824f0c40c5fc0,Callum Turner announced as next James Bond?,other,2026-12-31,2026-09-11,2,0x21ffd2b7a212a6f277ed3eca1a9f8efcbca90d71|0xc8ab97a9089a9ff7e6ef0688e6e591a066946418,0.1,0.876,0.892,0.016,0.9165,flipped,2026-09-12,,0.0027
28643172604765648409842660828151816912730876728954321617573779459515739907957,0xe117f8ebeec25ab7b5de011ce90b8f5b2d559428ab4531a31f1c9d6f39520f77,Will Alphabet Inc. (GOOGL) hit (LOW) $330 in September?,other,2026-10-01,2026-09-11,2,0x21ffd2b7a212a6f277ed3eca1a9f8efcbca90d71|0xc8ab97a9089a9ff7e6ef0688e6e591a066946418,0.1,0.55,0.85,0.3,0.565,open,,,
89412363520320292775393527123928064360465929570689477273645914506192139825240,0x87335e877a46e289636d66bda62f4e950dd2e3b63ade63ed8481b34c06349b1a,Will Ulrich Siegmund be the next Minister-President of Sachsen-Anhalt?,politics,2026-09-06,2026-09-12,2,0xb1ca909e848cc24ec4e220ce1c453bc290c51705|0xc8ab97a9089a9ff7e6ef0688e6e591a066946418,0.1,0.395,0.4,0.005,0.365,open,,,
89917353225541124459184069746684238990913347201674307317518613799730175230489,0x5af9c4babd202943313ce3d450cde80070b44ba20f7465eec72abd8d4551f535,Will Sara Nylund be the next Regional Board Chair of Region Västernorrland?,other,2026-09-13,2026-09-12,2,0xb1ca909e848cc24ec4e220ce1c453bc290c51705|0xc8ab97a9089a9ff7e6ef0688e6e591a066946418,0.1,0.72,0.73,0.01,0.715,open,,,
17522893223790878890321077015588257711336124392810000596523345659998317668035,0x22ed68fd10f6087c025d09d77ddcbedb77071deb62ee1b1474c1354c6b078352,Will Cheryl Fuller win the next Central Coast mayoral election?,politics,2026-10-28,2026-09-12,2,0xb1ca909e848cc24ec4e220ce1c453bc290c51705|0xc8ab97a9089a9ff7e6ef0688e6e591a066946418,0.1,0.725,0.78,0.055,0.69,open,,,
14415801740142235029471094199246668204594862702716740947927563277532113280200,0x607f376c8a27f05f8f93d61204683540db6e7d6817b5acebeb0bc3d72b48ab1c,Will “The Late Show With Stephen Colbert” win Emmys 2026: Outstanding variety series?,other,2026-09-14,2026-09-12,2,0xb1ca909e848cc24ec4e220ce1c453bc290c51705|0xc8ab97a9089a9ff7e6ef0688e6e591a066946418,0.1,0.72,0.73,0.01,0.755,open,,,
105964405201093262772405016621866393230668268590147803590929677280620246045766,0x36fd215387f80bb2ff1c059436f52394a5accababc77dea98d4ba3b6770c884e,US x Iran Effective Ceasefire by September 11?,geopolitics,2026-09-11,2026-09-12,2,0x5a218c7ad04135830a45c41aaed7294df7809318|0xc8ab97a9089a9ff7e6ef0688e6e591a066946418,0.1,0.87,0.88,0.01,0.88,open,,,
10671338148082662811527743487124050546668723826481569460259079745715223286255,0x234af66b98d97fa23a8f9e572ebd20b62139b45c66ad72d1bc1d6278b287a6fc,Will MrBeast Gaming's next video get between 12.5 and 15 million views on day 1?,other,2026-09-14,2026-09-12,2,0x5a218c7ad04135830a45c41aaed7294df7809318|0xc8ab97a9089a9ff7e6ef0688e6e591a066946418,0.1,0.625,0.77,0.145,0.987,open,,,
17538918577045757318444194668211148943610591693537184656815548450079156080092,0x358fac828edf5c64c2c274b859f45f9c7637e7932e601fed7067860db90d5ab5,US Open WTA: Aryna Sabalenka vs Elena Rybakina,other,2026-09-19,2026-09-12,2,0x397062018dfb77e855608fe23223592bc82c44ce|0x3f985e3a68f88e6ed8da1a22e1a5eda81c8e0aa1,0.1,0.155,0.16,0.005,0.0,lost,2026-09-12,0.0,-0.1
3881442929451099740386036292528267182413372296404397140969352139068560077123,0x0a9e4eb4accd73a406f08d7a5174e629b2fc0e0aa240f73c2ae3f2d0c16fc9f6,Will Apple TV win the most Emmys?,sports,2026-09-14,2026-09-12,2,0xb1ca909e848cc24ec4e220ce1c453bc290c51705|0xc8ab97a9089a9ff7e6ef0688e6e591a066946418,0.1,0.8485,0.856,0.0075,0.877,open,,,
63915287271940688064870172991436489775587541335457370355314489349033951709373,0x1c4c6a698f0591ddf0c96e1beb56f8c75112ef849331bf3b0388f14830a7421d,Israel x Iran ceasefire continues through December 31?,geopolitics,2026-12-31,2026-09-13,2,0x21064fd320bfd5a86f8c92a94d3209edf4154dea|0xc8ab97a9089a9ff7e6ef0688e6e591a066946418,0.1,0.365,0.37,0.005,0.365,open,,,
